id,facility_id,year,type,material,value_tonnes
1,COM00003.00,2001,Clean coal,F.sbc,5356109
2,COM00003.00,2001,Coal mined,F.sbc,5356109
3,COM00003.00,2002,Clean coal,F.sbc,4681152
4,COM00003.00,2002,Coal mined,F.sbc,4681152
5,COM00003.00,2003,Clean coal,F.sbc,5457715
6,COM00003.00,2003,Coal mined,F.sbc,5457715
7,COM00003.00,2004,Clean coal,F.sbc,5885914
8,COM00003.00,2004,Coal mined,F.sbc,5885914
9,COM00003.00,2005,Clean coal,F.sbc,5863234
10,COM00003.00,2005,Coal mined,F.sbc,5863234
11,COM00003.00,2006,Clean coal,F.sbc,6149002
12,COM00003.00,2006,Coal mined,F.sbc,6149002
13,COM00003.00,2007,Clean coal,F.sbc,6667920
14,COM00003.00,2007,Coal mined,F.sbc,6667920
15,COM00003.00,2008,Clean coal,F.sbc,5797915
16,COM00003.00,2008,Coal mined,F.sbc,5797915
17,COM00003.00,2009,Clean coal,F.sbc,5315285
18,COM00003.00,2009,Coal mined,F.sbc,5315285
19,COM00003.00,2010,Clean coal,F.sbc,4958755
20,COM00003.00,2010,Coal mined,F.sbc,4958755
21,COM00003.00,2011,Clean coal,F.sbc,5023166
22,COM00003.00,2011,Coal mined,F.sbc,5023166
23,COM00003.00,2012,Clean coal,F.sbc,2483914
24,COM00003.00,2012,Coal mined,F.sbc,2483914
25,COM00003.00,2013,Clean coal,F.sbc,3755808
26,COM00003.00,2013,Coal mined,F.sbc,3755808
27,COM00003.00,2014,Clean coal,F.sbc,5998406
28,COM00003.00,2014,Coal mined,F.sbc,5998406
29,COM00003.00,2015,Clean coal,F.sbc,5336150
30,COM00003.00,2015,Coal mined,F.sbc,5336150
31,COM00003.00,2016,Clean coal,F.sbc,3751272
32,COM00003.00,2016,Coal mined,F.sbc,3751272
33,COM00003.00,2017,Clean coal,F.sbc,3235075
34,COM00003.00,2017,Coal mined,F.sbc,3235075
35,COM00011.00,2000,Clean coal,F.stc,1632960
36,COM00011.00,2000,Coal mined,F.stc,1632960
37,COM00011.00,2001,Clean coal,F.stc,1542240
38,COM00011.00,2001,Coal mined,F.stc,1542240
39,COM00011.00,2002,Clean coal,F.stc,1632960
40,COM00011.00,2002,Coal mined,F.stc,1632960
41,COM00011.00,2003,Clean coal,F.stc,1723680
42,COM00011.00,2003,Coal mined,F.stc,1723680
43,COM00011.00,2004,Clean coal,F.stc,1632960
44,COM00011.00,2004,Coal mined,F.stc,1632960
45,COM00011.00,2005,Clean coal,F.stc,1905120
46,COM00011.00,2005,Coal mined,F.stc,1905120
47,COM00011.00,2006,Clean coal,F.stc,1995840
48,COM00011.00,2006,Coal mined,F.stc,1995840
49,COM00011.00,2007,Clean coal,F.stc,1905120
50,COM00011.00,2007,Coal mined,F.stc,1905120
51,COM00011.00,2008,Clean coal,F.stc,1723680
52,COM00011.00,2008,Coal mined,F.stc,1723680
53,COM00011.00,2009,Clean coal,F.stc,1451520
54,COM00011.00,2009,Coal mined,F.stc,1451520
55,COM00011.00,2010,Clean coal,F.stc,997920
56,COM00011.00,2010,Coal mined,F.stc,997920
57,COM00011.00,2011,Clean coal,F.stc,1088640
58,COM00011.00,2011,Coal mined,F.stc,1088640
59,COM00012.00,2016,Clean coal,F.coal,800000
60,COM00012.00,2016,Coal mined,F.coal,800000
61,COM00012.00,2017,Clean coal,F.coal,800000
62,COM00012.00,2017,Coal mined,F.coal,800000
63,COM00012.00,2018,Clean coal,F.coal,700000
64,COM00012.00,2018,Coal mined,F.coal,700000
65,COM00012.00,2019,Clean coal,F.coal,1200000
66,COM00012.00,2019,Coal mined,F.coal,1200000
67,COM00012.00,2020,Clean coal,F.coal,1500000
68,COM00012.00,2020,Coal mined,F.coal,1500000
69,COM00020.00,2012,Clean coal,F.stc,2205000
70,COM00020.00,2012,Coal mined,F.stc,2205000
71,COM00020.00,2013,Clean coal,F.stc,1353000
72,COM00020.00,2013,Coal mined,F.stc,1353000
73,COM00020.00,2014,Clean coal,F.stc,515000
74,COM00020.00,2014,Coal mined,F.stc,515000
75,COM00020.00,2015,Clean coal,F.stc,2501000
76,COM00020.00,2015,Coal mined,F.stc,2501000
77,COM00037.00,2001,Clean coal,F.coal,453600
78,COM00037.00,2001,Coal mined,F.coal,453600
79,COM00037.00,2002,Clean coal,F.coal,453600
80,COM00037.00,2002,Coal mined,F.coal,453600
81,COM00037.00,2003,Clean coal,F.coal,635040
82,COM00037.00,2003,Coal mined,F.coal,635040
83,COM00037.00,2004,Clean coal,F.coal,635040
84,COM00037.00,2004,Coal mined,F.coal,635040
85,COM00037.00,2005,Clean coal,F.coal,544320
86,COM00037.00,2005,Coal mined,F.coal,544320
87,COM00037.00,2006,Clean coal,F.coal,453600
88,COM00037.00,2006,Coal mined,F.coal,453600
89,COM00037.00,2007,Clean coal,F.coal,544320
90,COM00037.00,2007,Coal mined,F.coal,544320
91,COM00037.00,2008,Clean coal,F.coal,362880
92,COM00037.00,2008,Coal mined,F.coal,362880
93,COM00037.00,2012,Clean coal,F.coal,90720
94,COM00037.00,2012,Coal mined,F.coal,90720
95,COM00038.00,2011,Clean coal,F.stc,3164000
96,COM00038.00,2011,Coal mined,F.stc,3164000
97,COM00038.00,2012,Clean coal,F.stc,3171000
98,COM00038.00,2012,Coal mined,F.stc,3171000
99,COM00038.00,2013,Clean coal,F.stc,3033000
100,COM00038.00,2013,Coal mined,F.stc,3033000
101,COM00038.00,2014,Clean coal,F.stc,3164000
102,COM00038.00,2014,Coal mined,F.stc,3164000
103,COM00038.00,2015,Clean coal,F.stc,3293000
104,COM00038.00,2015,Coal mined,F.stc,3293000
105,COM00039.00,2008,Clean coal,F.coal,3538080
106,COM00039.00,2008,Coal mined,F.coal,3538080
107,COM00039.00,2009,Clean coal,F.coal,2721600
108,COM00039.00,2009,Coal mined,F.coal,2721600
109,COM00039.00,2010,Clean coal,F.coal,1723680
110,COM00039.00,2010,Coal mined,F.coal,1723680
111,COM00039.00,2011,Clean coal,F.coal,1905120
112,COM00039.00,2011,Coal mined,F.coal,1905120
113,COM00039.00,2012,Clean coal,F.coal,997920
114,COM00039.00,2012,Coal mined,F.coal,997920
115,COM00040.00,2008,Clean coal,F.coal,362880
116,COM00040.00,2008,Coal mined,F.coal,362880
117,COM00040.00,2011,Clean coal,F.coc,90720
118,COM00040.00,2011,Coal mined,F.coc,90720
119,COM00045.00,2018,Clean coal,F.stc,1680700
120,COM00045.00,2018,Coal mined,F.stc,1680700
121,COM00045.00,2019,Clean coal,F.stc,4001700
122,COM00045.00,2019,Coal mined,F.stc,4001700
123,COM00045.00,2020,Clean coal,F.stc,6707100
124,COM00045.00,2020,Coal mined,F.stc,6707100
125,COM00047.00,2013,Clean coal,F.coal,2000000
126,COM00047.00,2013,Coal mined,F.coal,2000000
127,COM00052.00,2001,Clean coal,F.stc,22344000
128,COM00052.00,2001,Coal mined,F.stc,22344000
129,COM00052.00,2002,Clean coal,F.stc,24319000
130,COM00052.00,2002,Coal mined,F.stc,24319000
131,COM00052.00,2003,Clean coal,F.stc,26806000
132,COM00052.00,2003,Coal mined,F.stc,26806000
133,COM00052.00,2004,Clean coal,F.stc,26928000
134,COM00052.00,2004,Coal mined,F.stc,26928000
135,COM00052.00,2005,Clean coal,F.stc,27174000
136,COM00052.00,2005,Coal mined,F.stc,27174000
137,COM00052.00,2006,Clean coal,F.stc,30749000
138,COM00052.00,2006,Coal mined,F.stc,30749000
139,COM00052.00,2007,Clean coal,F.stc,31267000
140,COM00052.00,2007,Coal mined,F.stc,31267000
141,COM00052.00,2008,Clean coal,F.stc,32474000
142,COM00052.00,2008,Coal mined,F.stc,32474000
143,COM00052.00,2009,Clean coal,F.stc,30865000
144,COM00052.00,2009,Coal mined,F.stc,30865000
145,COM00052.00,2010,Clean coal,F.stc,32568480
146,COM00052.00,2010,Coal mined,F.stc,32568480
147,COM00052.00,2011,Clean coal,F.stc,33657120
148,COM00052.00,2011,Coal mined,F.stc,33657120
149,COM00052.00,2012,Clean coal,F.stc,31116960
150,COM00052.00,2012,Coal mined,F.stc,31116960
151,COM00052.00,2013,Clean coal,F.stc,28486080
152,COM00052.00,2013,Coal mined,F.stc,28486080
153,COM00052.00,2014,Clean coal,F.stc,30481920
154,COM00052.00,2014,Coal mined,F.stc,30481920
155,COM00052.00,2015,Clean coal,F.stc,31933440
156,COM00052.00,2015,Coal mined,F.stc,31933440
157,COM00052.00,2016,Clean coal,F.stc,27034560
158,COM00052.00,2016,Coal mined,F.stc,27034560
159,COM00052.00,2017,Clean coal,F.stc,25764480
160,COM00052.00,2017,Coal mined,F.stc,25764480
161,COM00052.00,2018,Clean coal,F.stc,21047040
162,COM00052.00,2018,Coal mined,F.stc,21047040
163,COM00053.00,2007,Clean coal,F.coc,1532000
164,COM00053.00,2007,Coal mined,F.coc,1532000
165,COM00053.00,2008,Clean coal,F.coc,1454000
166,COM00053.00,2008,Coal mined,F.coc,1454000
167,COM00053.00,2009,Clean coal,F.coc,1024100
168,COM00053.00,2009,Coal mined,F.coc,1024100
169,COM00053.00,2010,Clean coal,F.coc,776000
170,COM00053.00,2010,Coal mined,F.coc,776000
171,COM00053.00,2011,Clean coal,F.coc,726000
172,COM00053.00,2011,Coal mined,F.coc,726000
173,COM00053.00,2012,Clean coal,F.coc,525000
174,COM00053.00,2012,Coal mined,F.coc,525000
175,COM00053.00,2013,Clean coal,F.coc,656000
176,COM00053.00,2013,Coal mined,F.coc,656000
177,COM00053.00,2014,Clean coal,F.coc,761000
178,COM00053.00,2014,Coal mined,F.coc,761000
179,COM00053.00,2015,Clean coal,F.coc,750000
180,COM00053.00,2015,Coal mined,F.coc,750000
181,COM00053.00,2016,Clean coal,F.coc,852000
182,COM00053.00,2016,Coal mined,F.coc,852000
183,COM00053.00,2017,Clean coal,F.coc,681000
184,COM00053.00,2017,Coal mined,F.coc,681000
185,COM00053.00,2018,Clean coal,F.coc,890000
186,COM00053.00,2018,Coal mined,F.coc,890000
187,COM00053.00,2019,Clean coal,F.coc,765000
188,COM00053.00,2019,Coal mined,F.coc,765000
189,COM00055.00,2011,Clean coal,F.stc,2300000
190,COM00055.00,2011,Coal mined,F.stc,2300000
191,COM00055.00,2012,Clean coal,F.stc,2300000
192,COM00055.00,2012,Coal mined,F.stc,2300000
193,COM00055.00,2013,Clean coal,F.stc,2200000
194,COM00055.00,2013,Coal mined,F.stc,2200000
195,COM00055.00,2014,Clean coal,F.stc,1800000
196,COM00055.00,2014,Coal mined,F.stc,1800000
197,COM00055.00,2015,Clean coal,F.stc,1600000
198,COM00055.00,2015,Coal mined,F.stc,1600000
199,COM00055.00,2016,Clean coal,F.coc,3233000
200,COM00055.00,2016,Coal mined,F.coc,4830000
201,COM00055.00,2017,Clean coal,F.coc,12118000
202,COM00055.00,2017,Coal mined,F.coc,12137000
203,COM00055.00,2018,Clean coal,F.coc,14851000
204,COM00055.00,2018,Coal mined,F.coc,14874000
205,COM00055.00,2019,Clean coal,F.coc,13784000
206,COM00055.00,2019,Coal mined,F.coc,13784000
207,COM00055.00,2020,Clean coal,F.coc,15821000
208,COM00055.00,2020,Coal mined,F.coc,15821000
209,COM00065.00,2000,Clean coal,F.coal,3265920
210,COM00065.00,2000,Coal mined,F.coal,3265920
211,COM00065.00,2001,Clean coal,F.coal,3265920
212,COM00065.00,2001,Coal mined,F.coal,3265920
213,COM00065.00,2002,Clean coal,F.coal,3265920
214,COM00065.00,2002,Coal mined,F.coal,3265920
215,COM00065.00,2003,Clean coal,F.coal,2540160
216,COM00065.00,2003,Coal mined,F.coal,2540160
217,COM00065.00,2004,Clean coal,F.coal,2812320
218,COM00065.00,2004,Coal mined,F.coal,2812320
219,COM00065.00,2005,Clean coal,F.coal,2721600
220,COM00065.00,2005,Coal mined,F.coal,2721600
221,COM00066.00,2000,Clean coal,F.coal,725760
222,COM00066.00,2000,Coal mined,F.coal,725760
223,COM00066.00,2001,Clean coal,F.coal,635040
224,COM00066.00,2001,Coal mined,F.coal,635040
225,COM00066.00,2002,Clean coal,F.coal,544320
226,COM00066.00,2002,Coal mined,F.coal,544320
227,COM00066.00,2003,Clean coal,F.coal,453600
228,COM00066.00,2003,Coal mined,F.coal,453600
229,COM00066.00,2004,Clean coal,F.coal,181440
230,COM00066.00,2004,Coal mined,F.coal,181440
231,COM00066.00,2005,Clean coal,F.coal,0
232,COM00066.00,2005,Coal mined,F.coal,0
233,COM00066.00,2006,Clean coal,F.coal,0
234,COM00066.00,2006,Coal mined,F.coal,0
235,COM00066.00,2007,Clean coal,F.coal,0
236,COM00066.00,2007,Coal mined,F.coal,0
237,COM00066.00,2008,Clean coal,F.coal,181440
238,COM00066.00,2008,Coal mined,F.coal,181440
239,COM00066.00,2009,Clean coal,F.coal,90720
240,COM00066.00,2009,Coal mined,F.coal,90720
241,COM00066.00,2010,Clean coal,F.coal,90720
242,COM00066.00,2010,Coal mined,F.coal,90720
243,COM00066.00,2011,Clean coal,F.coal,90720
244,COM00066.00,2011,Coal mined,F.coal,90720
245,COM00068.00,2006,Clean coal,F.stc,3985000
246,COM00068.00,2006,Coal mined,F.stc,3985000
247,COM00068.00,2007,Clean coal,F.stc,3702000
248,COM00068.00,2007,Coal mined,F.stc,3702000
249,COM00068.00,2008,Clean coal,F.stc,4865000
250,COM00068.00,2008,Coal mined,F.stc,4865000
251,COM00068.00,2009,Clean coal,F.stc,4173000
252,COM00068.00,2009,Coal mined,F.stc,4173000
253,COM00068.00,2010,Clean coal,F.stc,4173000
254,COM00068.00,2010,Coal mined,F.stc,4173000
255,COM00068.00,2011,Clean coal,F.stc,2291000
256,COM00068.00,2011,Coal mined,F.stc,2291000
257,COM00068.00,2012,Clean coal,F.stc,2081000
258,COM00068.00,2012,Coal mined,F.stc,2081000
259,COM00068.00,2013,Clean coal,F.stc,1633000
260,COM00068.00,2013,Coal mined,F.stc,1633000
261,COM00068.00,2014,Clean coal,F.stc,1440000
262,COM00068.00,2014,Coal mined,F.stc,1440000
263,COM00068.00,2015,Clean coal,F.stc,1401000
264,COM00068.00,2015,Coal mined,F.stc,1401000
265,COM00071.00,2007,Clean coal,F.obc,1700000
266,COM00071.00,2007,Coal mined,F.obc,1700000
267,COM00071.00,2008,Clean coal,F.obc,2100000
268,COM00071.00,2008,Coal mined,F.obc,2100000
269,COM00071.00,2009,Clean coal,F.obc,3600000
270,COM00071.00,2009,Coal mined,F.obc,3600000
271,COM00071.00,2010,Clean coal,F.obc,5200000
272,COM00071.00,2010,Coal mined,F.obc,5200000
273,COM00071.00,2011,Clean coal,F.obc,6800000
274,COM00071.00,2011,Coal mined,F.obc,6700000
275,COM00071.00,2012,Clean coal,F.obc,8800000
276,COM00071.00,2012,Coal mined,F.obc,8800000
277,COM00071.00,2013,Clean coal,F.obc,8500000
278,COM00071.00,2013,Coal mined,F.obc,8500000
279,COM00071.00,2014,Clean coal,F.obc,7700000
280,COM00071.00,2014,Coal mined,F.obc,7700000
281,COM00071.00,2015,Clean coal,F.obc,9200000
282,COM00071.00,2015,Coal mined,F.obc,9200000
283,COM00071.00,2016,Clean coal,F.obc,9200000
284,COM00071.00,2016,Coal mined,F.obc,9200000
285,COM00071.00,2017,Clean coal,F.obc,8500000
286,COM00071.00,2017,Coal mined,F.obc,8500000
287,COM00071.00,2018,Clean coal,F.obc,7700000
288,COM00071.00,2018,Coal mined,F.obc,7700000
289,COM00071.00,2019,Clean coal,F.obc,8300000
290,COM00071.00,2019,Coal mined,F.obc,8300000
291,COM00083.00,2006,Clean coal,F.coal,1981000
292,COM00083.00,2006,Coal mined,F.coal,1981000
293,COM00083.00,2007,Clean coal,F.coal,1481000
294,COM00083.00,2007,Coal mined,F.coal,1481000
295,COM00083.00,2008,Clean coal,F.coal,1220000
296,COM00083.00,2008,Coal mined,F.coal,1220000
297,COM00083.00,2009,Clean coal,F.coal,1517000
298,COM00083.00,2009,Coal mined,F.coal,1517000
299,COM00083.00,2010,Clean coal,F.coal,1321000
300,COM00083.00,2010,Coal mined,F.coal,1321000
301,COM00083.00,2011,Clean coal,F.coal,1184000
302,COM00083.00,2011,Coal mined,F.coal,1184000
303,COM00087.00,2014,Clean coal,F.stc,890000
304,COM00087.00,2014,Coal mined,F.stc,890000
305,COM00087.00,2015,Clean coal,F.stc,1110000
306,COM00087.00,2015,Coal mined,F.stc,1110000
307,COM00087.00,2016,Clean coal,F.stc,1650000
308,COM00087.00,2016,Coal mined,F.stc,1650000
309,COM00087.00,2017,Clean coal,F.stc,3210000
310,COM00087.00,2017,Coal mined,F.stc,3210000
311,COM00087.00,2018,Clean coal,F.stc,4700000
312,COM00087.00,2018,Coal mined,F.stc,4700000
313,COM00087.00,2019,Clean coal,F.stc,5000000
314,COM00087.00,2019,Coal mined,F.stc,5000000
315,COM00087.00,2020,Clean coal,F.stc,4580000
316,COM00087.00,2020,Coal mined,F.stc,4580000
317,COM00090.00,2017,Clean coal,F.coc,193694
318,COM00090.00,2017,Coal mined,F.coc,193694
319,COM00090.00,2018,Clean coal,F.coc,216318
320,COM00090.00,2018,Coal mined,F.coc,216318
321,COM00090.00,2019,Clean coal,F.coc,376007
322,COM00090.00,2019,Coal mined,F.coc,376007
323,COM00091.00,2003,Clean coal,F.stc,3225000
324,COM00091.00,2003,Coal mined,F.stc,3225000
325,COM00091.00,2004,Clean coal,F.stc,2733100
326,COM00091.00,2004,Coal mined,F.stc,2733100
327,COM00091.00,2005,Clean coal,F.stc,3202200
328,COM00091.00,2005,Coal mined,F.stc,3202200
329,COM00091.00,2006,Clean coal,F.stc,477600
330,COM00091.00,2006,Coal mined,F.stc,477600
331,COM00091.00,2007,Clean coal,F.stc,51900
332,COM00091.00,2007,Coal mined,F.stc,51900
333,COM00093.00,2010,Clean coal,F.lig,17400000
334,COM00093.00,2010,Coal mined,F.lig,17400000
335,COM00093.00,2011,Clean coal,F.lig,26200000
336,COM00093.00,2011,Coal mined,F.lig,26200000
337,COM00093.00,2012,Clean coal,F.lig,30300000
338,COM00093.00,2012,Coal mined,F.lig,30300000
339,COM00093.00,2013,Clean coal,F.lig,31400000
340,COM00093.00,2013,Coal mined,F.lig,31400000
341,COM00093.00,2014,Clean coal,F.lig,28700000
342,COM00093.00,2014,Coal mined,F.lig,28700000
343,COM00093.00,2015,Clean coal,F.lig,25100000
344,COM00093.00,2015,Coal mined,F.lig,25100000
345,COM00093.00,2016,Clean coal,F.lig,25000000
346,COM00093.00,2016,Coal mined,F.lig,25000000
347,COM00093.00,2017,Clean coal,F.lig,25300000
348,COM00093.00,2017,Coal mined,F.lig,25300000
349,COM00093.00,2018,Clean coal,F.lig,29200000
350,COM00093.00,2018,Coal mined,F.lig,29200000
351,COM00093.00,2019,Clean coal,F.lig,28100000
352,COM00093.00,2019,Coal mined,F.lig,28100000
353,COM00095.00,2010,Clean coal,F.stc,2300000
354,COM00095.00,2010,Coal mined,F.stc,2300000
355,COM00095.00,2011,Clean coal,F.stc,3000000
356,COM00095.00,2011,Coal mined,F.stc,3000000
357,COM00095.00,2012,Clean coal,F.stc,4000000
358,COM00095.00,2012,Coal mined,F.stc,4000000
359,COM00095.00,2013,Clean coal,F.stc,8300000
360,COM00095.00,2013,Coal mined,F.stc,8300000
361,COM00095.00,2014,Clean coal,F.stc,7600000
362,COM00095.00,2014,Coal mined,F.stc,7600000
363,COM00095.00,2015,Clean coal,F.stc,6800000
364,COM00095.00,2015,Coal mined,F.stc,6800000
365,COM00095.00,2016,Clean coal,F.stc,1100000
366,COM00095.00,2016,Coal mined,F.stc,1100000
367,COM00095.00,2017,Clean coal,F.stc,400000
368,COM00095.00,2017,Coal mined,F.stc,400000
369,COM00095.00,2018,Clean coal,F.stc,600000
370,COM00095.00,2018,Coal mined,F.stc,600000
371,COM00095.00,2019,Clean coal,F.stc,2000000
372,COM00095.00,2019,Coal mined,F.stc,2000000
373,COM00096.00,2007,Clean coal,F.stc,362880
374,COM00096.00,2007,Coal mined,F.stc,362880
375,COM00101.00,2008,Clean coal,F.coal,40000
376,COM00101.00,2008,Coal mined,F.coal,40000
377,COM00101.00,2009,Clean coal,F.coal,102000
378,COM00101.00,2009,Coal mined,F.coal,102000
379,COM00101.00,2010,Clean coal,F.coal,25000
380,COM00101.00,2010,Coal mined,F.coal,25000
381,COM00101.00,2011,Clean coal,F.coal,409000
382,COM00101.00,2011,Coal mined,F.coal,409000
383,COM00101.00,2012,Clean coal,F.coal,883000
384,COM00101.00,2012,Coal mined,F.coal,883000
385,COM00101.00,2013,Clean coal,F.coal,1379000
386,COM00101.00,2013,Coal mined,F.coal,1379000
387,COM00101.00,2014,Clean coal,F.coal,1553000
388,COM00101.00,2014,Coal mined,F.coal,1553000
389,COM00101.00,2015,Clean coal,F.coal,1352000
390,COM00101.00,2015,Coal mined,F.coal,1352000
391,COM00101.00,2016,Clean coal,F.coal,1224000
392,COM00101.00,2016,Coal mined,F.coal,1224000
393,COM00101.00,2017,Clean coal,F.coal,1413000
394,COM00101.00,2017,Coal mined,F.coal,1413000
395,COM00101.00,2018,Clean coal,F.coal,1584000
396,COM00101.00,2018,Coal mined,F.coal,1584000
397,COM00101.00,2019,Clean coal,F.coal,1208000
398,COM00101.00,2019,Coal mined,F.coal,1208000
399,COM00101.00,2020,Clean coal,F.coal,1348000
400,COM00101.00,2020,Coal mined,F.coal,1348000
401,COM00101.00,2021,Clean coal,F.coal,1237000
402,COM00101.00,2021,Coal mined,F.coal,1237000
403,COM00102.00,2016,Clean coal,F.stc,368773
404,COM00102.00,2016,Coal mined,F.stc,368773
405,COM00102.00,2017,Clean coal,F.stc,344278
406,COM00102.00,2017,Coal mined,F.stc,344278
407,COM00102.00,2018,Clean coal,F.stc,924073
408,COM00102.00,2018,Coal mined,F.stc,924073
409,COM00103.00,2011,Clean coal,F.coc,1218000
410,COM00103.00,2011,Coal mined,F.coc,1218000
411,COM00103.00,2012,Clean coal,F.coc,1124000
412,COM00103.00,2012,Coal mined,F.coc,1124000
413,COM00103.00,2013,Clean coal,F.coc,724000
414,COM00103.00,2013,Coal mined,F.coc,724000
415,COM00103.00,2014,Clean coal,F.coc,808000
416,COM00103.00,2014,Coal mined,F.coc,808000
417,COM00103.00,2015,Clean coal,F.coc,862000
418,COM00103.00,2015,Coal mined,F.coc,862000
419,COM00105.00,2007,Clean coal,F.obc,2100000
420,COM00105.00,2007,Coal mined,F.obc,2100000
421,COM00105.00,2008,Clean coal,F.obc,1900000
422,COM00105.00,2008,Coal mined,F.obc,1900000
423,COM00105.00,2009,Clean coal,F.obc,2500000
424,COM00105.00,2009,Coal mined,F.obc,2500000
425,COM00105.00,2010,Clean coal,F.obc,2200000
426,COM00105.00,2010,Coal mined,F.obc,2200000
427,COM00105.00,2011,Clean coal,F.obc,3300000
428,COM00105.00,2011,Coal mined,F.obc,3900000
429,COM00105.00,2012,Clean coal,F.obc,3800000
430,COM00105.00,2012,Coal mined,F.obc,5900000
431,COM00105.00,2013,Clean coal,F.obc,5900000
432,COM00105.00,2013,Coal mined,F.obc,5800000
433,COM00109.00,2010,Clean coal,F.stc,2540160
434,COM00109.00,2010,Coal mined,F.stc,2540160
435,COM00109.00,2011,Clean coal,F.stc,5896800
436,COM00109.00,2011,Coal mined,F.stc,5896800
437,COM00109.00,2012,Clean coal,F.stc,7166880
438,COM00109.00,2012,Coal mined,F.stc,7166880
439,COM00109.00,2013,Clean coal,F.stc,7439040
440,COM00109.00,2013,Coal mined,F.stc,7439040
441,COM00109.00,2014,Clean coal,F.stc,7620480
442,COM00109.00,2014,Coal mined,F.stc,7620480
443,COM00109.00,2015,Clean coal,F.stc,7166880
444,COM00109.00,2015,Coal mined,F.stc,7166880
445,COM00109.00,2016,Clean coal,F.stc,6622560
446,COM00109.00,2016,Coal mined,F.stc,6622560
447,COM00109.00,2017,Clean coal,F.stc,6622560
448,COM00109.00,2017,Coal mined,F.stc,6622560
449,COM00109.00,2018,Clean coal,F.stc,6259680
450,COM00109.00,2018,Coal mined,F.stc,6259680
451,COM00109.00,2019,Clean coal,F.stc,6168960
452,COM00109.00,2019,Coal mined,F.stc,6168960
453,COM00113.00,2007,Clean coal,F.coc,36059
454,COM00113.00,2007,Coal mined,F.coc,36059
455,COM00113.00,2008,Clean coal,F.coc,482487
456,COM00113.00,2008,Coal mined,F.coc,482487
457,COM00113.00,2009,Clean coal,F.coc,680834
458,COM00113.00,2009,Coal mined,F.coc,680834
459,COM00113.00,2010,Clean coal,F.coc,890322
460,COM00113.00,2010,Coal mined,F.coc,890322
461,COM00113.00,2011,Clean coal,F.coc,1004898
462,COM00113.00,2011,Coal mined,F.coc,1004898
463,COM00113.00,2012,Clean coal,F.coc,997920
464,COM00113.00,2012,Coal mined,F.coc,997920
465,COM00113.00,2013,Clean coal,F.coc,997920
466,COM00113.00,2013,Coal mined,F.coc,997920
467,COM00113.00,2014,Clean coal,F.coc,907200
468,COM00113.00,2014,Coal mined,F.coc,907200
469,COM00113.00,2015,Clean coal,F.coc,816480
470,COM00113.00,2015,Coal mined,F.coc,816480
471,COM00113.00,2016,Clean coal,F.coc,907200
472,COM00113.00,2016,Coal mined,F.coc,907200
473,COM00113.00,2017,Clean coal,F.coc,907200
474,COM00113.00,2017,Coal mined,F.coc,907200
475,COM00113.00,2018,Clean coal,F.coc,907200
476,COM00113.00,2018,Coal mined,F.coc,907200
477,COM00113.00,2019,Clean coal,F.coc,907200
478,COM00113.00,2019,Coal mined,F.coc,907200
479,COM00115.00,2013,Clean coal,F.stc,1000000
480,COM00115.00,2013,Coal mined,F.stc,1000000
481,COM00115.00,2014,Clean coal,F.stc,800000
482,COM00115.00,2014,Coal mined,F.stc,800000
483,COM00115.00,2015,Clean coal,F.stc,700000
484,COM00115.00,2015,Coal mined,F.stc,700000
485,COM00116.00,2019,Clean coal,F.stc,1029000
486,COM00116.00,2019,Coal mined,F.stc,1029000
487,COM00116.00,2020,Clean coal,F.stc,2850000
488,COM00116.00,2020,Coal mined,F.stc,2850000
489,COM00118.00,2010,Clean coal,F.obc,997920
490,COM00118.00,2010,Coal mined,F.obc,997920
491,COM00118.00,2011,Clean coal,F.obc,907200
492,COM00118.00,2011,Coal mined,F.obc,907200
493,COM00118.00,2012,Clean coal,F.obc,937138
494,COM00118.00,2012,Coal mined,F.obc,937138
495,COM00118.00,2013,Clean coal,F.obc,902664
496,COM00118.00,2013,Coal mined,F.obc,902664
497,COM00118.00,2014,Clean coal,F.obc,365602
498,COM00118.00,2014,Coal mined,F.obc,365602
499,COM00118.00,2015,Clean coal,F.obc,584237
500,COM00118.00,2015,Coal mined,F.obc,584237
501,COM00118.00,2016,Clean coal,F.obc,303005
502,COM00118.00,2016,Coal mined,F.obc,303005
503,COM00118.00,2017,Clean coal,F.obc,362880
504,COM00118.00,2017,Coal mined,F.obc,362880
505,COM00118.00,2018,Clean coal,F.obc,325685
506,COM00118.00,2018,Coal mined,F.obc,325685
507,COM00120.00,2006,Clean coal,F.coal,4877000
508,COM00120.00,2006,Coal mined,F.coal,4877000
509,COM00120.00,2007,Clean coal,F.coal,5418000
510,COM00120.00,2007,Coal mined,F.coal,5418000
511,COM00120.00,2008,Clean coal,F.coal,4507000
512,COM00120.00,2008,Coal mined,F.coal,4507000
513,COM00120.00,2009,Clean coal,F.coal,2711000
514,COM00120.00,2009,Coal mined,F.coal,2711000
515,COM00123.00,2012,Clean coal,F.coc,289000
516,COM00123.00,2012,Clean coal,F.stc,419000
517,COM00123.00,2012,Coal mined,F.coc,289000
518,COM00123.00,2012,Coal mined,F.stc,419000
519,COM00123.00,2013,Clean coal,F.coc,867000
520,COM00123.00,2013,Clean coal,F.stc,754000
521,COM00123.00,2013,Coal mined,F.coc,867000
522,COM00123.00,2013,Coal mined,F.stc,754000
523,COM00123.00,2014,Clean coal,F.coc,1068333
524,COM00123.00,2014,Clean coal,F.stc,988333
525,COM00123.00,2014,Coal mined,F.coc,1068333
526,COM00123.00,2014,Coal mined,F.stc,988333
527,COM00124.00,2001,Clean coal,F.stc,5338909
528,COM00124.00,2001,Coal mined,F.stc,5338909
529,COM00124.00,2002,Clean coal,F.stc,5385000
530,COM00124.00,2002,Coal mined,F.stc,5385000
531,COM00124.00,2003,Clean coal,F.stc,6203000
532,COM00124.00,2003,Coal mined,F.stc,6203000
533,COM00124.00,2004,Clean coal,F.stc,5312000
534,COM00124.00,2004,Coal mined,F.stc,5312000
535,COM00124.00,2005,Clean coal,F.stc,5965000
536,COM00124.00,2005,Coal mined,F.stc,5965000
537,COM00124.00,2006,Clean coal,F.stc,5544000
538,COM00124.00,2006,Coal mined,F.stc,5544000
539,COM00124.00,2007,Clean coal,F.stc,5155000
540,COM00124.00,2007,Coal mined,F.stc,5155000
541,COM00124.00,2008,Clean coal,F.stc,5357000
542,COM00124.00,2008,Coal mined,F.stc,5357000
543,COM00124.00,2009,Clean coal,F.stc,5466000
544,COM00124.00,2009,Coal mined,F.stc,5466000
545,COM00124.00,2010,Clean coal,F.stc,5477000
546,COM00124.00,2010,Coal mined,F.stc,5477000
547,COM00124.00,2011,Clean coal,F.stc,5368000
548,COM00124.00,2011,Coal mined,F.stc,5368000
549,COM00124.00,2012,Clean coal,F.stc,7026000
550,COM00124.00,2012,Coal mined,F.stc,7026000
551,COM00124.00,2013,Clean coal,F.stc,8232000
552,COM00124.00,2013,Coal mined,F.stc,8232000
553,COM00124.00,2014,Clean coal,F.stc,8558000
554,COM00124.00,2014,Coal mined,F.stc,8558000
555,COM00124.00,2015,Clean coal,F.stc,8319000
556,COM00124.00,2015,Coal mined,F.stc,8319000
557,COM00124.00,2016,Clean coal,F.stc,8500000
558,COM00124.00,2016,Coal mined,F.stc,10670000
559,COM00124.00,2017,Clean coal,F.stc,9000000
560,COM00124.00,2017,Coal mined,F.stc,10900000
561,COM00124.00,2018,Clean coal,F.stc,9000000
562,COM00124.00,2018,Coal mined,F.stc,11300000
563,COM00125.00,2011,Clean coal,F.coc,1300000
564,COM00125.00,2011,Coal mined,F.coc,1300000
565,COM00125.00,2012,Clean coal,F.coc,1230000
566,COM00125.00,2012,Coal mined,F.coc,1230000
567,COM00125.00,2013,Clean coal,F.coc,700000
568,COM00125.00,2013,Coal mined,F.coc,700000
569,COM00126.00,2011,Clean coal,F.coc,1485000
570,COM00126.00,2011,Coal mined,F.coc,1485000
571,COM00126.00,2012,Clean coal,F.coc,1563000
572,COM00126.00,2012,Coal mined,F.coc,1563000
573,COM00126.00,2013,Clean coal,F.coc,1720000
574,COM00126.00,2013,Coal mined,F.coc,1720000
575,COM00126.00,2014,Clean coal,F.coc,1980000
576,COM00126.00,2014,Coal mined,F.coc,1980000
577,COM00126.00,2015,Clean coal,F.coc,2342000
578,COM00126.00,2015,Coal mined,F.coc,2342000
579,COM00128.00,2001,Clean coal,F.lig,2800526
580,COM00128.00,2001,Coal mined,F.lig,2800526
581,COM00128.00,2002,Clean coal,F.lig,2727043
582,COM00128.00,2002,Coal mined,F.lig,2727043
583,COM00128.00,2003,Clean coal,F.lig,2554675
584,COM00128.00,2003,Coal mined,F.lig,2554675
585,COM00128.00,2004,Clean coal,F.lig,2769682
586,COM00128.00,2004,Coal mined,F.lig,2769682
587,COM00128.00,2005,Clean coal,F.lig,2609107
588,COM00128.00,2005,Coal mined,F.lig,2609107
589,COM00128.00,2006,Clean coal,F.lig,2430389
590,COM00128.00,2006,Coal mined,F.lig,2430389
591,COM00128.00,2007,Clean coal,F.lig,2678962
592,COM00128.00,2007,Coal mined,F.lig,2678962
593,COM00128.00,2008,Clean coal,F.lig,2763331
594,COM00128.00,2008,Coal mined,F.lig,2763331
595,COM00128.00,2009,Clean coal,F.lig,2346926
596,COM00128.00,2009,Coal mined,F.lig,2346926
597,COM00128.00,2010,Clean coal,F.lig,2626344
598,COM00128.00,2010,Coal mined,F.lig,2626344
599,COM00128.00,2011,Clean coal,F.lig,2652653
600,COM00128.00,2011,Coal mined,F.lig,2652653
601,COM00128.00,2012,Clean coal,F.lig,2099261
602,COM00128.00,2012,Coal mined,F.lig,2099261
603,COM00128.00,2013,Clean coal,F.lig,2248042
604,COM00128.00,2013,Coal mined,F.lig,2248042
605,COM00128.00,2014,Clean coal,F.lig,2507501
606,COM00128.00,2014,Coal mined,F.lig,2507501
607,COM00128.00,2015,Clean coal,F.lig,1935058
608,COM00128.00,2015,Coal mined,F.lig,1935058
609,COM00128.00,2016,Clean coal,F.lig,801965
610,COM00128.00,2016,Coal mined,F.lig,801965
611,COM00128.00,2017,Clean coal,F.lig,391910
612,COM00128.00,2017,Coal mined,F.lig,391910
613,COM00129.00,2004,Clean coal,F.coal,22682000
614,COM00129.00,2004,Coal mined,F.coal,22682000
615,COM00129.00,2005,Clean coal,F.coal,22314000
616,COM00129.00,2005,Coal mined,F.coal,22314000
617,COM00129.00,2006,Clean coal,F.coal,23311000
618,COM00129.00,2006,Coal mined,F.coal,23311000
619,COM00129.00,2007,Clean coal,F.coal,24205000
620,COM00129.00,2007,Coal mined,F.coal,24205000
621,COM00129.00,2008,Clean coal,F.coal,25215000
622,COM00129.00,2008,Coal mined,F.coal,25215000
623,COM00129.00,2009,Clean coal,F.coal,25514000
624,COM00129.00,2009,Coal mined,F.coal,25514000
625,COM00129.00,2010,Clean coal,F.coc,19161000
626,COM00129.00,2010,Clean coal,F.stc,8351000
627,COM00129.00,2010,Coal mined,F.coc,19161000
628,COM00129.00,2010,Coal mined,F.stc,8351000
629,COM00129.00,2011,Clean coal,F.coc,25283000
630,COM00129.00,2011,Clean coal,F.stc,3721000
631,COM00129.00,2011,Coal mined,F.coc,25283000
632,COM00129.00,2011,Coal mined,F.stc,3721000
633,COM00129.00,2012,Clean coal,F.coc,27249000
634,COM00129.00,2012,Clean coal,F.stc,2954000
635,COM00129.00,2012,Coal mined,F.coc,27249000
636,COM00129.00,2012,Coal mined,F.stc,2954000
637,COM00129.00,2013,Clean coal,F.coc,26970000
638,COM00129.00,2013,Clean coal,F.stc,4240000
639,COM00129.00,2013,Coal mined,F.coc,26970000
640,COM00129.00,2013,Coal mined,F.stc,4240000
641,COM00129.00,2014,Clean coal,F.coc,30130000
642,COM00129.00,2014,Clean coal,F.stc,2480000
643,COM00129.00,2014,Coal mined,F.coc,30130000
644,COM00129.00,2014,Coal mined,F.stc,2480000
645,COM00129.00,2015,Clean coal,F.coc,30770000
646,COM00129.00,2015,Clean coal,F.stc,3744000
647,COM00129.00,2015,Coal mined,F.coc,30770000
648,COM00129.00,2015,Coal mined,F.stc,3744000
649,COM00129.00,2016,Clean coal,F.coc,32775000
650,COM00129.00,2016,Clean coal,F.stc,3086000
651,COM00129.00,2016,Coal mined,F.coc,32775000
652,COM00129.00,2016,Coal mined,F.stc,3086000
653,COM00129.00,2017,Clean coal,F.coc,32393000
654,COM00129.00,2017,Clean coal,F.stc,4644000
655,COM00129.00,2017,Coal mined,F.coc,32393000
656,COM00129.00,2017,Coal mined,F.stc,4644000
657,COM00129.00,2018,Clean coal,F.coc,23303000
658,COM00129.00,2018,Clean coal,F.stc,9300000
659,COM00129.00,2018,Coal mined,F.coc,23303000
660,COM00129.00,2018,Coal mined,F.stc,9300000
661,COM00129.00,2019,Clean coal,F.coc,24339000
662,COM00129.00,2019,Clean coal,F.stc,6700000
663,COM00129.00,2019,Coal mined,F.coc,24339000
664,COM00129.00,2019,Coal mined,F.stc,6700000
665,COM00129.00,2020,Clean coal,F.coc,25954000
666,COM00129.00,2020,Clean coal,F.stc,1783000
667,COM00129.00,2020,Coal mined,F.coc,25954000
668,COM00129.00,2020,Coal mined,F.stc,1783000
669,COM00131.00,2000,Clean coal,F.stc,1905120
670,COM00131.00,2000,Coal mined,F.stc,1905120
671,COM00131.00,2001,Clean coal,F.stc,1814400
672,COM00131.00,2001,Coal mined,F.stc,1814400
673,COM00131.00,2002,Clean coal,F.stc,907200
674,COM00131.00,2002,Coal mined,F.stc,907200
675,COM00131.00,2003,Clean coal,F.stc,1360800
676,COM00131.00,2003,Coal mined,F.stc,1360800
677,COM00131.00,2004,Clean coal,F.stc,1723680
678,COM00131.00,2004,Coal mined,F.stc,1723680
679,COM00131.00,2005,Clean coal,F.stc,1723680
680,COM00131.00,2005,Coal mined,F.stc,1723680
681,COM00131.00,2006,Clean coal,F.stc,1814400
682,COM00131.00,2006,Coal mined,F.stc,1814400
683,COM00131.00,2007,Clean coal,F.stc,1451520
684,COM00131.00,2007,Coal mined,F.stc,1451520
685,COM00131.00,2008,Clean coal,F.stc,1723680
686,COM00131.00,2008,Coal mined,F.stc,1723680
687,COM00131.00,2009,Clean coal,F.stc,1814400
688,COM00131.00,2009,Coal mined,F.stc,1814400
689,COM00131.00,2010,Clean coal,F.stc,1814400
690,COM00131.00,2010,Coal mined,F.stc,1814400
691,COM00131.00,2011,Clean coal,F.stc,1632960
692,COM00131.00,2011,Coal mined,F.stc,1632960
693,COM00131.00,2012,Clean coal,F.stc,90720
694,COM00131.00,2012,Coal mined,F.stc,90720
695,COM00132.00,2000,Clean coal,F.stc,2177280
696,COM00132.00,2000,Coal mined,F.stc,2177280
697,COM00132.00,2001,Clean coal,F.stc,1542240
698,COM00132.00,2001,Coal mined,F.stc,1542240
699,COM00132.00,2002,Clean coal,F.stc,2540160
700,COM00132.00,2002,Coal mined,F.stc,2540160
701,COM00132.00,2003,Clean coal,F.stc,2358720
702,COM00132.00,2003,Coal mined,F.stc,2358720
703,COM00134.00,2009,Clean coal,F.coal,4300000
704,COM00134.00,2009,Coal mined,F.coal,4300000
705,COM00134.00,2010,Clean coal,F.coal,4200000
706,COM00134.00,2010,Coal mined,F.coal,4200000
707,COM00134.00,2011,Clean coal,F.coal,4600000
708,COM00134.00,2011,Coal mined,F.coal,4600000
709,COM00134.00,2012,Clean coal,F.coal,5400000
710,COM00134.00,2012,Coal mined,F.coal,5400000
711,COM00134.00,2013,Clean coal,F.coal,8000000
712,COM00134.00,2013,Coal mined,F.coal,8000000
713,COM00134.00,2014,Clean coal,F.coal,9300000
714,COM00134.00,2014,Coal mined,F.coal,9300000
715,COM00134.00,2015,Clean coal,F.coal,12200000
716,COM00134.00,2015,Coal mined,F.coal,12200000
717,COM00134.00,2016,Clean coal,F.coal,12800000
718,COM00134.00,2016,Coal mined,F.coal,12800000
719,COM00134.00,2017,Clean coal,F.coal,12500000
720,COM00134.00,2017,Coal mined,F.coal,12500000
721,COM00134.00,2018,Clean coal,F.coal,13100000
722,COM00134.00,2018,Coal mined,F.coal,13100000
723,COM00134.00,2019,Clean coal,F.coal,15400000
724,COM00134.00,2019,Coal mined,F.coal,15400000
725,COM00135.00,2003,Clean coal,F.coal,2410918
726,COM00135.00,2003,Coal mined,F.coal,2410918
727,COM00135.00,2004,Clean coal,F.coal,2460387
728,COM00135.00,2004,Coal mined,F.coal,2460387
729,COM00135.00,2005,Clean coal,F.coal,2509646
730,COM00135.00,2005,Coal mined,F.coal,2509646
731,COM00135.00,2006,Clean coal,F.coal,2765871
732,COM00135.00,2006,Coal mined,F.coal,2765871
733,COM00135.00,2007,Clean coal,F.coal,2964730
734,COM00135.00,2007,Coal mined,F.coal,2964730
735,COM00135.00,2008,Clean coal,F.coal,2934354
736,COM00135.00,2008,Coal mined,F.coal,2934354
737,COM00135.00,2009,Clean coal,F.coal,2268641
738,COM00135.00,2009,Coal mined,F.coal,2268641
739,COM00135.00,2010,Clean coal,F.coal,1533173
740,COM00135.00,2010,Coal mined,F.coal,1533173
741,COM00137.00,2000,Clean coal,F.stc,1270080
742,COM00137.00,2000,Coal mined,F.stc,1270080
743,COM00137.00,2001,Clean coal,F.stc,816480
744,COM00137.00,2001,Coal mined,F.stc,816480
745,COM00137.00,2002,Clean coal,F.stc,725760
746,COM00137.00,2002,Coal mined,F.stc,725760
747,COM00137.00,2003,Clean coal,F.stc,725760
748,COM00137.00,2003,Coal mined,F.stc,725760
749,COM00137.00,2004,Clean coal,F.stc,816480
750,COM00137.00,2004,Coal mined,F.stc,816480
751,COM00137.00,2005,Clean coal,F.stc,907200
752,COM00137.00,2005,Coal mined,F.stc,907200
753,COM00137.00,2006,Clean coal,F.stc,1451520
754,COM00137.00,2006,Coal mined,F.stc,1451520
755,COM00137.00,2007,Clean coal,F.stc,1451520
756,COM00137.00,2007,Coal mined,F.stc,1451520
757,COM00138.00,2000,Clean coal,F.stc,4082400
758,COM00138.00,2000,Coal mined,F.stc,4082400
759,COM00138.00,2001,Clean coal,F.stc,4445280
760,COM00138.00,2001,Coal mined,F.stc,4445280
761,COM00138.00,2002,Clean coal,F.stc,4173120
762,COM00138.00,2002,Coal mined,F.stc,4173120
763,COM00138.00,2003,Clean coal,F.stc,3991680
764,COM00138.00,2003,Coal mined,F.stc,3991680
765,COM00138.00,2004,Clean coal,F.stc,4354560
766,COM00138.00,2004,Coal mined,F.stc,4354560
767,COM00138.00,2005,Clean coal,F.stc,3538080
768,COM00138.00,2005,Coal mined,F.stc,3538080
769,COM00141.00,2000,Clean coal,F.stc,54522720
770,COM00141.00,2000,Coal mined,F.stc,54522720
771,COM00141.00,2001,Clean coal,F.stc,26612000
772,COM00141.00,2001,Coal mined,F.stc,26612000
773,COM00141.00,2002,Clean coal,F.stc,28784000
774,COM00141.00,2002,Coal mined,F.stc,28784000
775,COM00141.00,2003,Clean coal,F.stc,32418000
776,COM00141.00,2003,Coal mined,F.stc,32418000
777,COM00141.00,2004,Clean coal,F.stc,34979000
778,COM00141.00,2004,Coal mined,F.stc,34979000
779,COM00141.00,2005,Clean coal,F.stc,33823000
780,COM00141.00,2005,Coal mined,F.stc,33823000
781,COM00141.00,2006,Clean coal,F.stc,36258000
782,COM00141.00,2006,Coal mined,F.stc,36258000
783,COM00141.00,2007,Clean coal,F.stc,34565000
784,COM00141.00,2007,Coal mined,F.stc,34565000
785,COM00141.00,2008,Clean coal,F.stc,80287200
786,COM00141.00,2008,Coal mined,F.stc,80287200
787,COM00141.00,2009,Clean coal,F.stc,26537000
788,COM00141.00,2009,Coal mined,F.stc,26537000
789,COM00141.00,2010,Clean coal,F.stc,105416640
790,COM00141.00,2010,Coal mined,F.stc,105416640
791,COM00141.00,2011,Clean coal,F.stc,95165280
792,COM00141.00,2011,Coal mined,F.stc,95165280
793,COM00141.00,2012,Clean coal,F.stc,84278880
794,COM00141.00,2012,Coal mined,F.stc,84278880
795,COM00141.00,2013,Clean coal,F.stc,91355040
796,COM00141.00,2013,Coal mined,F.stc,91355040
797,COM00141.00,2014,Clean coal,F.stc,91808640
798,COM00141.00,2014,Coal mined,F.stc,91808640
799,COM00141.00,2015,Clean coal,F.stc,90266400
800,COM00141.00,2015,Coal mined,F.stc,90266400
801,COM00141.00,2016,Clean coal,F.stc,61598880
802,COM00141.00,2016,Coal mined,F.stc,61598880
803,COM00141.00,2017,Clean coal,F.stc,63957600
804,COM00141.00,2017,Coal mined,F.stc,63957600
805,COM00141.00,2018,Clean coal,F.stc,64501920
806,COM00141.00,2018,Coal mined,F.stc,64501920
807,COM00141.00,2019,Clean coal,F.stc,65318400
808,COM00141.00,2019,Coal mined,F.stc,65318400
809,COM00142.00,2000,Clean coal,F.coal,4263840
810,COM00142.00,2000,Coal mined,F.coal,4263840
811,COM00142.00,2001,Clean coal,F.coal,4536000
812,COM00142.00,2001,Coal mined,F.coal,4536000
813,COM00142.00,2002,Clean coal,F.coal,4354560
814,COM00142.00,2002,Coal mined,F.coal,4354560
815,COM00142.00,2003,Clean coal,F.coal,4898880
816,COM00142.00,2003,Coal mined,F.coal,4898880
817,COM00142.00,2004,Clean coal,F.coal,5171040
818,COM00142.00,2004,Coal mined,F.coal,5171040
819,COM00142.00,2005,Clean coal,F.coal,4808160
820,COM00142.00,2005,Coal mined,F.coal,4808160
821,COM00142.00,2006,Clean coal,F.coal,4536000
822,COM00142.00,2006,Coal mined,F.coal,4536000
823,COM00142.00,2007,Clean coal,F.coal,4626720
824,COM00142.00,2007,Coal mined,F.coal,4626720
825,COM00142.00,2008,Clean coal,F.coal,5080320
826,COM00142.00,2008,Coal mined,F.coal,5080320
827,COM00142.00,2009,Clean coal,F.coal,3447360
828,COM00142.00,2009,Coal mined,F.coal,3447360
829,COM00142.00,2010,Clean coal,F.coal,4082400
830,COM00142.00,2010,Coal mined,F.coal,4082400
831,COM00142.00,2011,Clean coal,F.coc,90720
832,COM00142.00,2011,Clean coal,F.stc,3810240
833,COM00142.00,2011,Coal mined,F.coc,90720
834,COM00142.00,2011,Coal mined,F.stc,3810240
835,COM00142.00,2012,Clean coal,F.coc,181440
836,COM00142.00,2012,Clean coal,F.stc,2721600
837,COM00142.00,2012,Coal mined,F.coc,181440
838,COM00142.00,2012,Coal mined,F.stc,2721600
839,COM00143.00,2000,Clean coal,F.coal,7094000
840,COM00143.00,2000,Coal mined,F.coal,7094000
841,COM00143.00,2001,Clean coal,F.coal,8656000
842,COM00143.00,2001,Coal mined,F.coal,8656000
843,COM00143.00,2002,Clean coal,F.coal,14074000
844,COM00143.00,2002,Coal mined,F.coal,14074000
845,COM00143.00,2003,Clean coal,F.coal,13682000
846,COM00143.00,2003,Coal mined,F.coal,13682000
847,COM00143.00,2004,Clean coal,F.coal,13062000
848,COM00143.00,2004,Coal mined,F.coal,13062000
849,COM00143.00,2005,Clean coal,F.coc,13130000
850,COM00143.00,2005,Coal mined,F.coc,13130000
851,COM00143.00,2006,Clean coal,F.coc,12036000
852,COM00143.00,2006,Coal mined,F.coc,12036000
853,COM00143.00,2007,Clean coal,F.coc,12276000
854,COM00143.00,2007,Coal mined,F.coc,12276000
855,COM00143.00,2008,Clean coal,F.coc,11264000
856,COM00143.00,2008,Coal mined,F.coc,11264000
857,COM00143.00,2009,Clean coal,F.coc,10764000
858,COM00143.00,2009,Coal mined,F.coc,10764000
859,COM00143.00,2010,Clean coal,F.coc,11466000
860,COM00143.00,2010,Coal mined,F.coc,11466000
861,COM00143.00,2011,Clean coal,F.coc,9178000
862,COM00143.00,2011,Coal mined,F.coc,9178000
863,COM00143.00,2012,Clean coal,F.coc,8870000
864,COM00143.00,2012,Coal mined,F.coc,8870000
865,COM00143.00,2013,Clean coal,F.coc,10864000
866,COM00143.00,2013,Coal mined,F.coc,10864000
867,COM00143.00,2014,Clean coal,F.coc,13460000
868,COM00143.00,2014,Coal mined,F.coc,13460000
869,COM00143.00,2015,Clean coal,F.coc,13988000
870,COM00143.00,2015,Coal mined,F.coc,13988000
871,COM00143.00,2016,Clean coal,F.coc,15252000
872,COM00143.00,2016,Coal mined,F.coc,15252000
873,COM00143.00,2017,Clean coal,F.coc,14592000
874,COM00143.00,2017,Coal mined,F.coc,14592000
875,COM00143.00,2018,Clean coal,F.coc,13376000
876,COM00143.00,2018,Coal mined,F.coc,13376000
877,COM00143.00,2019,Clean coal,F.coc,13206000
878,COM00143.00,2019,Coal mined,F.coc,13206000
879,COM00144.00,2001,Clean coal,F.stc,10592000
880,COM00144.00,2001,Coal mined,F.stc,10592000
881,COM00144.00,2002,Clean coal,F.stc,11809000
882,COM00144.00,2002,Coal mined,F.stc,11809000
883,COM00144.00,2003,Clean coal,F.stc,12480000
884,COM00144.00,2003,Coal mined,F.stc,12480000
885,COM00144.00,2004,Clean coal,F.coal,12229000
886,COM00144.00,2004,Coal mined,F.coal,12229000
887,COM00144.00,2005,Clean coal,F.coal,10600000
888,COM00144.00,2005,Coal mined,F.coal,10600000
889,COM00144.00,2006,Clean coal,F.coal,10190000
890,COM00144.00,2006,Coal mined,F.coal,10190000
891,COM00144.00,2007,Clean coal,F.coal,7924000
892,COM00144.00,2007,Coal mined,F.coal,7924000
893,COM00144.00,2008,Clean coal,F.coal,10194000
894,COM00144.00,2008,Coal mined,F.coal,10194000
895,COM00144.00,2009,Clean coal,F.coal,11325000
896,COM00144.00,2009,Coal mined,F.coal,11325000
897,COM00144.00,2010,Clean coal,F.stc,6803000
898,COM00144.00,2010,Coal mined,F.stc,6803000
899,COM00144.00,2011,Clean coal,F.stc,2885000
900,COM00144.00,2011,Coal mined,F.stc,2885000
901,COM00144.00,2012,Clean coal,F.stc,2587000
902,COM00144.00,2012,Coal mined,F.stc,2587000
903,COM00144.00,2018,Clean coal,F.stc,1306761
904,COM00144.00,2018,Coal mined,F.stc,1574920
905,COM00144.00,2019,Clean coal,F.stc,2288000
906,COM00144.00,2019,Coal mined,F.stc,2647000
907,COM00144.00,2020,Clean coal,F.stc,2499000
908,COM00144.00,2020,Coal mined,F.stc,3052000
909,COM00148.00,2000,Clean coal,F.stc,1723680
910,COM00148.00,2000,Coal mined,F.stc,1723680
911,COM00148.00,2001,Clean coal,F.stc,1814400
912,COM00148.00,2001,Coal mined,F.stc,1814400
913,COM00148.00,2002,Clean coal,F.stc,2449440
914,COM00148.00,2002,Coal mined,F.stc,2449440
915,COM00148.00,2003,Clean coal,F.stc,3810240
916,COM00148.00,2003,Coal mined,F.stc,3810240
917,COM00148.00,2004,Clean coal,F.stc,3719520
918,COM00148.00,2004,Coal mined,F.stc,3719520
919,COM00148.00,2005,Clean coal,F.stc,3810240
920,COM00148.00,2005,Coal mined,F.stc,3810240
921,COM00148.00,2006,Clean coal,F.stc,3538080
922,COM00148.00,2006,Coal mined,F.stc,3538080
923,COM00148.00,2007,Clean coal,F.stc,2268000
924,COM00148.00,2007,Coal mined,F.stc,2268000
925,COM00148.00,2008,Clean coal,F.stc,2540160
926,COM00148.00,2008,Coal mined,F.stc,2540160
927,COM00148.00,2009,Clean coal,F.stc,2268000
928,COM00148.00,2009,Coal mined,F.stc,2268000
929,COM00148.00,2010,Clean coal,F.stc,2086560
930,COM00148.00,2010,Coal mined,F.stc,2086560
931,COM00148.00,2011,Clean coal,F.stc,2177280
932,COM00148.00,2011,Coal mined,F.stc,2177280
933,COM00148.00,2012,Clean coal,F.stc,1360800
934,COM00148.00,2012,Coal mined,F.stc,1360800
935,COM00153.00,2010,Clean coal,F.coal,38890000
936,COM00153.00,2010,Coal mined,F.coal,38890000
937,COM00153.00,2011,Clean coal,F.coal,40640000
938,COM00153.00,2011,Coal mined,F.coal,40640000
939,COM00153.00,2012,Clean coal,F.coal,44024000
940,COM00153.00,2012,Coal mined,F.coal,44024000
941,COM00153.00,2013,Clean coal,F.coal,41704000
942,COM00153.00,2013,Coal mined,F.coal,41704000
943,COM00153.00,2014,Clean coal,F.coal,38002000
944,COM00153.00,2014,Coal mined,F.coal,38002000
945,COM00153.00,2015,Clean coal,F.coal,34500000
946,COM00153.00,2015,Coal mined,F.coal,34500000
947,COM00153.00,2016,Clean coal,F.coal,35050000
948,COM00153.00,2016,Coal mined,F.coal,35050000
949,COM00153.00,2017,Clean coal,F.coal,40408000
950,COM00153.00,2017,Coal mined,F.coal,40408000
951,COM00153.00,2018,Clean coal,F.coal,44866000
952,COM00153.00,2018,Coal mined,F.coal,44866000
953,COM00153.00,2019,Clean coal,F.coal,44848000
954,COM00153.00,2019,Coal mined,F.coal,44848000
955,COM00154.00,2014,Clean coal,F.coal,5400000
956,COM00154.00,2014,Coal mined,F.coal,5600000
957,COM00154.00,2015,Clean coal,F.coal,6600000
958,COM00154.00,2015,Coal mined,F.coal,7700000
959,COM00154.00,2016,Clean coal,F.coal,6900000
960,COM00154.00,2016,Coal mined,F.coal,7800000
961,COM00154.00,2017,Clean coal,F.coal,6900000
962,COM00154.00,2017,Coal mined,F.coal,8000000
963,COM00154.00,2018,Clean coal,F.coal,6600000
964,COM00154.00,2018,Coal mined,F.coal,7900000
965,COM00154.00,2019,Clean coal,F.coal,6100000
966,COM00154.00,2019,Coal mined,F.coal,7400000
967,COM00158.00,2007,Clean coal,F.coc,1203000
968,COM00158.00,2007,Coal mined,F.coc,1203000
969,COM00158.00,2008,Clean coal,F.coc,932000
970,COM00158.00,2008,Coal mined,F.coc,932000
971,COM00158.00,2009,Clean coal,F.coc,988300
972,COM00158.00,2009,Coal mined,F.coc,988300
973,COM00158.00,2010,Clean coal,F.coc,1303000
974,COM00158.00,2010,Coal mined,F.coc,1303000
975,COM00158.00,2011,Clean coal,F.coc,422000
976,COM00158.00,2011,Coal mined,F.coc,422000
977,COM00158.00,2012,Clean coal,F.coc,1223000
978,COM00158.00,2012,Coal mined,F.coc,1223000
979,COM00158.00,2013,Clean coal,F.coc,638000
980,COM00158.00,2013,Coal mined,F.coc,638000
981,COM00158.00,2014,Clean coal,F.coc,1224000
982,COM00158.00,2014,Coal mined,F.coc,1224000
983,COM00158.00,2015,Clean coal,F.coc,1066000
984,COM00158.00,2015,Coal mined,F.coc,1066000
985,COM00158.00,2016,Clean coal,F.coc,1561000
986,COM00158.00,2016,Coal mined,F.coc,1561000
987,COM00158.00,2017,Clean coal,F.coc,1224000
988,COM00158.00,2017,Coal mined,F.coc,1224000
989,COM00158.00,2018,Clean coal,F.coc,1619000
990,COM00158.00,2018,Coal mined,F.coc,1619000
991,COM00158.00,2019,Clean coal,F.coc,1440000
992,COM00158.00,2019,Coal mined,F.coc,1440000
993,COM00160.00,2003,Clean coal,F.coal,7800000
994,COM00160.00,2003,Coal mined,F.coal,7800000
995,COM00160.00,2004,Clean coal,F.coal,8180000
996,COM00160.00,2004,Coal mined,F.coal,8180000
997,COM00160.00,2005,Clean coal,F.coal,7700000
998,COM00160.00,2005,Coal mined,F.coal,7700000
999,COM00160.00,2006,Clean coal,F.coal,7800000
1000,COM00160.00,2006,Coal mined,F.coal,7800000
1001,COM00160.00,2007,Clean coal,F.coal,7600000
1002,COM00160.00,2007,Coal mined,F.coal,7600000
1003,COM00160.00,2008,Clean coal,F.coal,7300000
1004,COM00160.00,2008,Coal mined,F.coal,7300000
1005,COM00160.00,2009,Clean coal,F.coal,6400000
1006,COM00160.00,2009,Coal mined,F.coal,6400000
1007,COM00160.00,2010,Clean coal,F.coal,7600000
1008,COM00160.00,2010,Coal mined,F.coal,7600000
1009,COM00160.00,2011,Clean coal,F.coal,6800000
1010,COM00160.00,2011,Coal mined,F.coal,6800000
1011,COM00160.00,2012,Clean coal,F.coal,7300000
1012,COM00160.00,2012,Coal mined,F.coal,7300000
1013,COM00160.00,2013,Clean coal,F.coal,8000000
1014,COM00160.00,2013,Coal mined,F.coal,8000000
1015,COM00160.00,2014,Clean coal,F.coal,7900000
1016,COM00160.00,2014,Coal mined,F.coal,7900000
1017,COM00160.00,2015,Clean coal,F.coal,7300000
1018,COM00160.00,2015,Coal mined,F.coal,7300000
1019,COM00160.00,2016,Clean coal,F.coal,6600000
1020,COM00160.00,2016,Coal mined,F.coal,6600000
1021,COM00160.00,2017,Clean coal,F.coal,6100000
1022,COM00160.00,2017,Coal mined,F.coal,6100000
1023,COM00160.00,2018,Clean coal,F.coal,5700000
1024,COM00160.00,2018,Coal mined,F.coal,5700000
1025,COM00160.00,2019,Clean coal,F.coal,4900000
1026,COM00160.00,2019,Coal mined,F.coal,4900000
1027,COM00160.00,2020,Clean coal,F.coal,5300000
1028,COM00160.00,2020,Coal mined,F.coal,5300000
1029,COM00166.00,2003,Clean coal,F.coal,8400000
1030,COM00166.00,2003,Coal mined,F.coal,8400000
1031,COM00166.00,2004,Clean coal,F.coal,8370000
1032,COM00166.00,2004,Coal mined,F.coal,8370000
1033,COM00166.00,2005,Clean coal,F.coal,8300000
1034,COM00166.00,2005,Coal mined,F.coal,8300000
1035,COM00166.00,2006,Clean coal,F.coal,8200000
1036,COM00166.00,2006,Coal mined,F.coal,8200000
1037,COM00166.00,2007,Clean coal,F.coal,7700000
1038,COM00166.00,2007,Coal mined,F.coal,7700000
1039,COM00166.00,2008,Clean coal,F.coal,7700000
1040,COM00166.00,2008,Coal mined,F.coal,7700000
1041,COM00166.00,2009,Clean coal,F.coal,8000000
1042,COM00166.00,2009,Coal mined,F.coal,8000000
1043,COM00166.00,2010,Clean coal,F.coal,8000000
1044,COM00166.00,2010,Coal mined,F.coal,8000000
1045,COM00166.00,2011,Clean coal,F.coal,6500000
1046,COM00166.00,2011,Coal mined,F.coal,6500000
1047,COM00166.00,2012,Clean coal,F.coal,7100000
1048,COM00166.00,2012,Coal mined,F.coal,7100000
1049,COM00166.00,2013,Clean coal,F.coal,7300000
1050,COM00166.00,2013,Coal mined,F.coal,7300000
1051,COM00166.00,2014,Clean coal,F.coal,7700000
1052,COM00166.00,2014,Coal mined,F.coal,7700000
1053,COM00166.00,2015,Clean coal,F.coal,7000000
1054,COM00166.00,2015,Coal mined,F.coal,7000000
1055,COM00166.00,2016,Clean coal,F.coal,5300000
1056,COM00166.00,2016,Coal mined,F.coal,5300000
1057,COM00166.00,2017,Clean coal,F.coal,2800000
1058,COM00166.00,2017,Coal mined,F.coal,2800000
1059,COM00166.00,2018,Clean coal,F.coal,2300000
1060,COM00166.00,2018,Coal mined,F.coal,2300000
1061,COM00166.00,2019,Clean coal,F.coal,500000
1062,COM00166.00,2019,Coal mined,F.coal,500000
1063,COM00166.00,2020,Clean coal,F.coal,0
1064,COM00166.00,2020,Coal mined,F.coal,0
1065,COM00169.00,2008,Clean coal,F.coc,249000
1066,COM00169.00,2008,Clean coal,F.stc,582000
1067,COM00169.00,2008,Coal mined,F.coc,249000
1068,COM00169.00,2008,Coal mined,F.stc,582000
1069,COM00169.00,2009,Clean coal,F.coc,252000
1070,COM00169.00,2009,Clean coal,F.stc,497000
1071,COM00169.00,2009,Coal mined,F.coc,252000
1072,COM00169.00,2009,Coal mined,F.stc,497000
1073,COM00169.00,2010,Clean coal,F.coc,101000
1074,COM00169.00,2010,Clean coal,F.stc,165000
1075,COM00169.00,2010,Coal mined,F.coc,101000
1076,COM00169.00,2010,Coal mined,F.stc,165000
1077,COM00175.00,2016,Clean coal,F.coal,1300000
1078,COM00175.00,2016,Coal mined,F.coal,1300000
1079,COM00175.00,2017,Clean coal,F.coal,1700000
1080,COM00175.00,2017,Coal mined,F.coal,1700000
1081,COM00176.00,2000,Clean coal,F.obc,4173120
1082,COM00176.00,2000,Coal mined,F.obc,4173120
1083,COM00176.00,2001,Clean coal,F.obc,4082400
1084,COM00176.00,2001,Coal mined,F.obc,4082400
1085,COM00176.00,2002,Clean coal,F.obc,3719520
1086,COM00176.00,2002,Coal mined,F.obc,3719520
1087,COM00176.00,2003,Clean coal,F.obc,4263840
1088,COM00176.00,2003,Coal mined,F.obc,4263840
1089,COM00176.00,2004,Clean coal,F.obc,3991680
1090,COM00176.00,2004,Coal mined,F.obc,3991680
1091,COM00176.00,2005,Clean coal,F.obc,1542240
1092,COM00176.00,2005,Coal mined,F.obc,1542240
1093,COM00176.00,2006,Clean coal,F.obc,4536000
1094,COM00176.00,2006,Coal mined,F.obc,4536000
1095,COM00176.00,2007,Clean coal,F.obc,2540160
1096,COM00176.00,2007,Coal mined,F.obc,2540160
1097,COM00176.00,2008,Clean coal,F.obc,3175200
1098,COM00176.00,2008,Coal mined,F.obc,3175200
1099,COM00176.00,2009,Clean coal,F.coc,1905120
1100,COM00176.00,2009,Clean coal,F.stc,635040
1101,COM00176.00,2009,Coal mined,F.coc,1905120
1102,COM00176.00,2009,Coal mined,F.stc,635040
1103,COM00176.00,2010,Clean coal,F.obc,4082400
1104,COM00176.00,2010,Clean coal,F.stc,181440
1105,COM00176.00,2010,Coal mined,F.obc,4082400
1106,COM00176.00,2010,Coal mined,F.stc,181440
1107,COM00176.00,2011,Clean coal,F.obc,5171040
1108,COM00176.00,2011,Coal mined,F.obc,5171040
1109,COM00176.00,2012,Clean coal,F.obc,3175200
1110,COM00176.00,2012,Coal mined,F.obc,3175200
1111,COM00176.00,2013,Clean coal,F.obc,4354560
1112,COM00176.00,2013,Coal mined,F.obc,4354560
1113,COM00176.00,2014,Clean coal,F.obc,3628800
1114,COM00176.00,2014,Coal mined,F.obc,3628800
1115,COM00176.00,2015,Clean coal,F.obc,3991680
1116,COM00176.00,2015,Coal mined,F.obc,3991680
1117,COM00176.00,2017,Clean coal,F.obc,4900000
1118,COM00176.00,2017,Coal mined,F.obc,4900000
1119,COM00176.00,2018,Clean coal,F.obc,4700000
1120,COM00176.00,2018,Coal mined,F.obc,4700000
1121,COM00176.00,2019,Clean coal,F.obc,4500000
1122,COM00176.00,2019,Coal mined,F.obc,4500000
1123,COM00177.00,2015,Clean coal,F.obc,682214
1124,COM00177.00,2015,Coal mined,F.obc,682214
1125,COM00177.00,2016,Clean coal,F.obc,645019
1126,COM00177.00,2016,Coal mined,F.obc,645019
1127,COM00177.00,2017,Clean coal,F.obc,552485
1128,COM00177.00,2017,Coal mined,F.obc,552485
1129,COM00179.00,2006,Clean coal,F.coal,5579000
1130,COM00179.00,2006,Coal mined,F.coal,5579000
1131,COM00179.00,2007,Clean coal,F.coal,5267000
1132,COM00179.00,2007,Coal mined,F.coal,5267000
1133,COM00179.00,2008,Clean coal,F.coal,4819000
1134,COM00179.00,2008,Coal mined,F.coal,4819000
1135,COM00179.00,2009,Clean coal,F.coal,5598000
1136,COM00179.00,2009,Coal mined,F.coal,5598000
1137,COM00179.00,2010,Clean coal,F.coal,6944000
1138,COM00179.00,2010,Coal mined,F.coal,6944000
1139,COM00179.00,2011,Clean coal,F.coal,9635000
1140,COM00179.00,2011,Coal mined,F.coal,9635000
1141,COM00179.00,2012,Clean coal,F.coal,9250966
1142,COM00179.00,2012,Coal mined,F.coal,14617775
1143,COM00179.00,2013,Clean coal,F.coal,11377393
1144,COM00179.00,2013,Coal mined,F.coal,16688607
1145,COM00179.00,2014,Clean coal,F.coal,11652543
1146,COM00179.00,2014,Coal mined,F.coal,17994848
1147,COM00179.00,2015,Clean coal,F.coal,9837828
1148,COM00179.00,2015,Coal mined,F.coal,14084823
1149,COM00179.00,2016,Clean coal,F.coal,8870250
1150,COM00179.00,2016,Coal mined,F.coal,13688364
1151,COM00179.00,2017,Clean coal,F.coal,10073900
1152,COM00179.00,2017,Coal mined,F.coal,14952750
1153,COM00179.00,2018,Clean coal,F.coal,9038407
1154,COM00179.00,2018,Coal mined,F.coal,13373707
1155,COM00179.00,2019,Clean coal,F.coal,8461000
1156,COM00179.00,2019,Coal mined,F.coal,12200000
1157,COM00179.00,2020,Clean coal,F.coal,6850008
1158,COM00179.00,2020,Coal mined,F.coal,10064175
1159,COM00184.00,2005,Clean coal,F.coal,3991680
1160,COM00184.00,2005,Coal mined,F.coal,3991680
1161,COM00184.00,2006,Clean coal,F.coal,3900960
1162,COM00184.00,2006,Coal mined,F.coal,3900960
1163,COM00184.00,2007,Clean coal,F.coal,2812320
1164,COM00184.00,2007,Coal mined,F.coal,2812320
1165,COM00184.00,2008,Clean coal,F.coal,2358720
1166,COM00184.00,2008,Coal mined,F.coal,2358720
1167,COM00184.00,2009,Clean coal,F.coal,1814400
1168,COM00184.00,2009,Coal mined,F.coal,1814400
1169,COM00184.00,2010,Clean coal,F.coal,2268000
1170,COM00184.00,2010,Coal mined,F.coal,2268000
1171,COM00184.00,2011,Clean coal,F.coal,1905120
1172,COM00184.00,2011,Coal mined,F.coal,1905120
1173,COM00184.00,2012,Clean coal,F.coal,1088640
1174,COM00184.00,2012,Coal mined,F.coal,1088640
1175,COM00184.00,2013,Clean coal,F.coal,1814400
1176,COM00184.00,2013,Coal mined,F.coal,1814400
1177,COM00184.00,2014,Clean coal,F.coal,1723680
1178,COM00184.00,2014,Coal mined,F.coal,1723680
1179,COM00184.00,2015,Clean coal,F.coal,1179360
1180,COM00184.00,2015,Coal mined,F.coal,1179360
1181,COM00184.00,2016,Clean coal,F.coal,1360800
1182,COM00184.00,2016,Coal mined,F.coal,1360800
1183,COM00189.00,2000,Clean coal,F.stc,23677920
1184,COM00189.00,2000,Coal mined,F.stc,23677920
1185,COM00189.00,2001,Clean coal,F.stc,23224320
1186,COM00189.00,2001,Coal mined,F.stc,23224320
1187,COM00189.00,2002,Clean coal,F.stc,23587200
1188,COM00189.00,2002,Coal mined,F.stc,23587200
1189,COM00189.00,2003,Clean coal,F.stc,20684160
1190,COM00189.00,2003,Coal mined,F.stc,20684160
1191,COM00189.00,2004,Clean coal,F.stc,24040800
1192,COM00189.00,2004,Coal mined,F.stc,24040800
1193,COM00189.00,2005,Clean coal,F.stc,27669600
1194,COM00189.00,2005,Coal mined,F.stc,27669600
1195,COM00189.00,2006,Clean coal,F.stc,29756160
1196,COM00189.00,2006,Coal mined,F.stc,29756160
1197,COM00189.00,2007,Clean coal,F.stc,28304640
1198,COM00189.00,2007,Coal mined,F.stc,28304640
1199,COM00189.00,2008,Clean coal,F.stc,28304640
1200,COM00189.00,2008,Coal mined,F.stc,28304640
1201,COM00189.00,2009,Clean coal,F.stc,21137760
1202,COM00189.00,2009,Coal mined,F.stc,21137760
1203,COM00189.00,2010,Clean coal,F.stc,21319200
1204,COM00189.00,2010,Coal mined,F.stc,21319200
1205,COM00189.00,2011,Clean coal,F.stc,21863520
1206,COM00189.00,2011,Coal mined,F.stc,21863520
1207,COM00189.00,2012,Clean coal,F.stc,15331680
1208,COM00189.00,2012,Coal mined,F.stc,15331680
1209,COM00189.00,2013,Clean coal,F.stc,8164800
1210,COM00189.00,2013,Coal mined,F.stc,8164800
1211,COM00189.00,2014,Clean coal,F.stc,7257600
1212,COM00189.00,2014,Coal mined,F.stc,7257600
1213,COM00189.00,2015,Clean coal,F.stc,10342080
1214,COM00189.00,2015,Coal mined,F.stc,10342080
1215,COM00189.00,2016,Clean coal,F.stc,10160640
1216,COM00189.00,2016,Coal mined,F.stc,10160640
1217,COM00189.00,2017,Clean coal,F.stc,10069920
1218,COM00189.00,2017,Coal mined,F.stc,10069920
1219,COM00189.00,2018,Clean coal,F.stc,10251360
1220,COM00189.00,2018,Coal mined,F.stc,10251360
1221,COM00189.00,2019,Clean coal,F.stc,11430720
1222,COM00189.00,2019,Coal mined,F.stc,11430720
1223,COM00191.00,2007,Clean coal,F.coal,185143
1224,COM00191.00,2007,Coal mined,F.coal,185143
1225,COM00191.00,2008,Clean coal,F.coal,370286
1226,COM00191.00,2008,Coal mined,F.coal,370286
1227,COM00191.00,2009,Clean coal,F.coal,740571
1228,COM00191.00,2009,Coal mined,F.coal,740571
1229,COM00191.00,2010,Clean coal,F.coal,907200
1230,COM00191.00,2010,Clean coal,F.obc,1270080
1231,COM00191.00,2010,Coal mined,F.coal,907200
1232,COM00191.00,2010,Coal mined,F.obc,1270080
1233,COM00191.00,2011,Clean coal,F.coal,725760
1234,COM00191.00,2011,Clean coal,F.obc,1542240
1235,COM00191.00,2011,Coal mined,F.coal,725760
1236,COM00191.00,2011,Coal mined,F.obc,1542240
1237,COM00191.00,2012,Clean coal,F.coal,649555
1238,COM00191.00,2012,Clean coal,F.obc,1726402
1239,COM00191.00,2012,Coal mined,F.coal,649555
1240,COM00191.00,2012,Coal mined,F.obc,1726402
1241,COM00191.00,2013,Clean coal,F.coal,673142
1242,COM00191.00,2013,Clean coal,F.obc,1741824
1243,COM00191.00,2013,Coal mined,F.coal,673142
1244,COM00191.00,2013,Coal mined,F.obc,1741824
1245,COM00191.00,2014,Clean coal,F.obc,2788733
1246,COM00191.00,2014,Coal mined,F.obc,2788733
1247,COM00191.00,2015,Clean coal,F.obc,1927800
1248,COM00191.00,2015,Coal mined,F.obc,1927800
1249,COM00191.00,2016,Clean coal,F.obc,1650197
1250,COM00191.00,2016,Coal mined,F.obc,1650197
1251,COM00191.00,2017,Clean coal,F.obc,1427026
1252,COM00191.00,2017,Coal mined,F.obc,1427026
1253,COM00191.00,2018,Clean coal,F.obc,1141258
1254,COM00191.00,2018,Coal mined,F.obc,1141258
1255,COM00195.00,2003,Clean coal,F.stc,8520600
1256,COM00195.00,2003,Coal mined,F.stc,8520600
1257,COM00195.00,2004,Clean coal,F.stc,9355300
1258,COM00195.00,2004,Coal mined,F.stc,9355300
1259,COM00195.00,2005,Clean coal,F.stc,9500000
1260,COM00195.00,2005,Coal mined,F.stc,9500000
1261,COM00195.00,2006,Clean coal,F.stc,9816100
1262,COM00195.00,2006,Coal mined,F.stc,9816100
1263,COM00195.00,2007,Clean coal,F.stc,10031100
1264,COM00195.00,2007,Coal mined,F.stc,10031100
1265,COM00195.00,2008,Clean coal,F.stc,9582700
1266,COM00195.00,2008,Coal mined,F.stc,9582700
1267,COM00195.00,2009,Clean coal,F.stc,8766400
1268,COM00195.00,2009,Coal mined,F.stc,8766400
1269,COM00195.00,2010,Clean coal,F.stc,8515600
1270,COM00195.00,2010,Coal mined,F.stc,8515600
1271,COM00195.00,2011,Clean coal,F.stc,8038700
1272,COM00195.00,2011,Coal mined,F.stc,8038700
1273,COM00195.00,2012,Clean coal,F.stc,7464000
1274,COM00195.00,2012,Coal mined,F.stc,7464000
1275,COM00195.00,2013,Clean coal,F.stc,6317800
1276,COM00195.00,2013,Coal mined,F.stc,6317800
1277,COM00195.00,2014,Clean coal,F.stc,7557000
1278,COM00195.00,2014,Coal mined,F.stc,7557000
1279,COM00195.00,2015,Clean coal,F.stc,7930400
1280,COM00195.00,2015,Coal mined,F.stc,7930400
1281,COM00195.00,2016,Clean coal,F.stc,6230800
1282,COM00195.00,2016,Coal mined,F.stc,6230800
1283,COM00201.00,2003,Clean coal,F.coal,3802000
1284,COM00201.00,2003,Coal mined,F.coal,3802000
1285,COM00201.00,2004,Clean coal,F.coal,4047600
1286,COM00201.00,2004,Coal mined,F.coal,4047600
1287,COM00201.00,2005,Clean coal,F.coal,3560000
1288,COM00201.00,2005,Coal mined,F.coal,3560000
1289,COM00201.00,2006,Clean coal,F.coal,3165400
1290,COM00201.00,2006,Coal mined,F.coal,3165400
1291,COM00201.00,2007,Clean coal,F.coal,4115700
1292,COM00201.00,2007,Coal mined,F.coal,4115700
1293,COM00201.00,2008,Clean coal,F.coal,5621900
1294,COM00201.00,2008,Coal mined,F.coal,5621900
1295,COM00201.00,2009,Clean coal,F.coal,4598900
1296,COM00201.00,2009,Coal mined,F.coal,4598900
1297,COM00201.00,2010,Clean coal,F.coal,5460300
1298,COM00201.00,2010,Coal mined,F.coal,5460300
1299,COM00201.00,2011,Clean coal,F.coal,5047900
1300,COM00201.00,2011,Coal mined,F.coal,5047900
1301,COM00201.00,2012,Clean coal,F.coal,6022400
1302,COM00201.00,2012,Coal mined,F.coal,6022400
1303,COM00201.00,2013,Clean coal,F.coal,6061400
1304,COM00201.00,2013,Coal mined,F.coal,6061400
1305,COM00201.00,2014,Clean coal,F.coal,7642800
1306,COM00201.00,2014,Coal mined,F.coal,7642800
1307,COM00201.00,2015,Clean coal,F.coal,8689700
1308,COM00201.00,2015,Coal mined,F.coal,8689700
1309,COM00201.00,2016,Clean coal,F.coal,6832900
1310,COM00201.00,2016,Coal mined,F.coal,6832900
1311,COM00201.00,2017,Clean coal,F.coal,6768700
1312,COM00201.00,2017,Coal mined,F.coal,6768700
1313,COM00201.00,2018,Clean coal,F.coal,5926800
1314,COM00201.00,2018,Coal mined,F.coal,5926800
1315,COM00201.00,2019,Clean coal,F.coal,5932000
1316,COM00201.00,2019,Coal mined,F.coal,5932000
1317,COM00201.00,2020,Clean coal,F.coal,5614900
1318,COM00201.00,2020,Coal mined,F.coal,5614900
1319,COM00202.00,2003,Clean coal,F.coal,1380900
1320,COM00202.00,2003,Coal mined,F.coal,1380900
1321,COM00202.00,2004,Clean coal,F.coal,1677600
1322,COM00202.00,2004,Coal mined,F.coal,1677600
1323,COM00202.00,2005,Clean coal,F.coal,1409700
1324,COM00202.00,2005,Coal mined,F.coal,1409700
1325,COM00202.00,2006,Clean coal,F.coal,1531700
1326,COM00202.00,2006,Coal mined,F.coal,1531700
1327,COM00202.00,2007,Clean coal,F.coal,1384400
1328,COM00202.00,2007,Coal mined,F.coal,1384400
1329,COM00202.00,2008,Clean coal,F.coal,1074200
1330,COM00202.00,2008,Coal mined,F.coal,1074200
1331,COM00202.00,2009,Clean coal,F.coal,750700
1332,COM00202.00,2009,Coal mined,F.coal,750700
1333,COM00202.00,2010,Clean coal,F.coal,441400
1334,COM00202.00,2010,Coal mined,F.coal,441400
1335,COM00203.00,2008,Clean coal,F.coc,536250
1336,COM00203.00,2008,Coal mined,F.coc,536250
1337,COM00203.00,2009,Clean coal,F.coc,755000
1338,COM00203.00,2009,Coal mined,F.coc,755000
1339,COM00203.00,2010,Clean coal,F.coc,1520000
1340,COM00203.00,2010,Coal mined,F.coc,1520000
1341,COM00203.00,2011,Clean coal,F.coc,1635294
1342,COM00203.00,2011,Coal mined,F.coc,1635294
1343,COM00203.00,2012,Clean coal,F.coc,1071765
1344,COM00203.00,2012,Coal mined,F.coc,1071765
1345,COM00203.00,2013,Clean coal,F.coc,2878824
1346,COM00203.00,2013,Coal mined,F.coc,2878824
1347,COM00204.00,2001,Clean coal,F.coal,1542240
1348,COM00204.00,2001,Coal mined,F.coal,1542240
1349,COM00204.00,2002,Clean coal,F.coal,1088640
1350,COM00204.00,2002,Coal mined,F.coal,1088640
1351,COM00215.00,2014,Clean coal,F.coc,1126000
1352,COM00215.00,2014,Coal mined,F.coc,1126000
1353,COM00215.00,2015,Clean coal,F.coc,6128000
1354,COM00215.00,2015,Coal mined,F.coc,6128000
1355,COM00215.00,2016,Clean coal,F.coc,7202000
1356,COM00215.00,2016,Coal mined,F.coc,7202000
1357,COM00215.00,2017,Clean coal,F.coc,6916000
1358,COM00215.00,2017,Coal mined,F.coc,6916000
1359,COM00215.00,2018,Clean coal,F.coc,8570000
1360,COM00215.00,2018,Coal mined,F.coc,8570000
1361,COM00215.00,2019,Clean coal,F.coc,7934000
1362,COM00215.00,2019,Coal mined,F.coc,7934000
1363,COM00221.00,2000,Clean coal,F.coal,32400000
1364,COM00221.00,2000,Coal mined,F.coal,32400000
1365,COM00221.00,2001,Clean coal,F.coal,31750000
1366,COM00221.00,2001,Coal mined,F.coal,31750000
1367,COM00221.00,2002,Clean coal,F.coal,33810000
1368,COM00221.00,2002,Coal mined,F.coal,33810000
1369,COM00221.00,2003,Clean coal,F.coal,36980000
1370,COM00221.00,2003,Coal mined,F.coal,36980000
1371,COM00221.00,2004,Clean coal,F.coal,37330000
1372,COM00221.00,2004,Coal mined,F.coal,37330000
1373,COM00221.00,2005,Clean coal,F.coal,37390000
1374,COM00221.00,2005,Coal mined,F.coal,37390000
1375,COM00221.00,2006,Clean coal,F.coal,40510000
1376,COM00221.00,2006,Coal mined,F.coal,40510000
1377,COM00221.00,2007,Clean coal,F.coal,41320000
1378,COM00221.00,2007,Coal mined,F.coal,41320000
1379,COM00221.00,2008,Clean coal,F.coal,44150000
1380,COM00221.00,2008,Coal mined,F.coal,44150000
1381,COM00221.00,2009,Clean coal,F.coal,43240000
1382,COM00221.00,2009,Coal mined,F.coal,43240000
1383,COM00221.00,2010,Clean coal,F.coal,47080000
1384,COM00221.00,2010,Coal mined,F.coal,47080000
1385,COM00221.00,2011,Clean coal,F.coal,47520000
1386,COM00221.00,2011,Coal mined,F.coal,47520000
1387,COM00221.00,2012,Clean coal,F.coal,48000000
1388,COM00221.00,2012,Coal mined,F.coal,48000000
1389,COM00221.00,2013,Clean coal,F.coal,48060000
1390,COM00221.00,2013,Coal mined,F.coal,48060000
1391,COM00221.00,2014,Clean coal,F.coal,50020000
1392,COM00221.00,2014,Coal mined,F.coal,50020000
1393,COM00221.00,2015,Clean coal,F.coc,19326000
1394,COM00221.00,2015,Clean coal,F.stc,36326000
1395,COM00221.00,2015,Coal mined,F.coc,19326000
1396,COM00221.00,2015,Coal mined,F.stc,36326000
1397,COM00221.00,2016,Clean coal,F.coc,20697000
1398,COM00221.00,2016,Clean coal,F.stc,40627000
1399,COM00221.00,2016,Coal mined,F.coc,20697000
1400,COM00221.00,2016,Coal mined,F.stc,40627000
1401,COM00221.00,2017,Clean coal,F.coc,21988000
1402,COM00221.00,2017,Clean coal,F.stc,45059000
1403,COM00221.00,2017,Coal mined,F.coc,21988000
1404,COM00221.00,2017,Coal mined,F.stc,45059000
1405,COM00221.00,2018,Clean coal,F.coc,9577000
1406,COM00221.00,2018,Clean coal,F.stc,53828000
1407,COM00221.00,2018,Coal mined,F.coc,9577000
1408,COM00221.00,2018,Coal mined,F.stc,53828000
1409,COM00221.00,2019,Clean coal,F.coc,9340000
1410,COM00221.00,2019,Clean coal,F.stc,59382000
1411,COM00221.00,2019,Coal mined,F.coc,9340000
1412,COM00221.00,2019,Coal mined,F.stc,59382000
1413,COM00221.00,2020,Clean coal,F.coc,20027000
1414,COM00221.00,2020,Clean coal,F.stc,46862000
1415,COM00221.00,2020,Coal mined,F.coc,20027000
1416,COM00221.00,2020,Coal mined,F.stc,46862000
1417,COM00225.00,2003,Clean coal,F.stc,22064565
1418,COM00225.00,2003,Coal mined,F.stc,22064565
1419,COM00225.00,2004,Clean coal,F.stc,23759760
1420,COM00225.00,2004,Coal mined,F.stc,23759760
1421,COM00225.00,2005,Clean coal,F.stc,23945946
1422,COM00225.00,2005,Coal mined,F.stc,23945946
1423,COM00225.00,2006,Clean coal,F.stc,27975976
1424,COM00225.00,2006,Coal mined,F.stc,27975976
1425,COM00225.00,2007,Clean coal,F.stc,28246246
1426,COM00225.00,2007,Coal mined,F.stc,28246246
1427,COM00225.00,2008,Clean coal,F.stc,31135135
1428,COM00225.00,2008,Coal mined,F.stc,31135135
1429,COM00225.00,2009,Clean coal,F.stc,31813814
1430,COM00225.00,2009,Coal mined,F.stc,31813814
1431,COM00225.00,2010,Clean coal,F.stc,30495495
1432,COM00225.00,2010,Coal mined,F.stc,30495495
1433,COM00225.00,2011,Clean coal,F.stc,29696697
1434,COM00225.00,2011,Coal mined,F.stc,29696697
1435,COM00225.00,2012,Clean coal,F.stc,35024024
1436,COM00225.00,2012,Coal mined,F.stc,35024024
1437,COM00225.00,2013,Clean coal,F.stc,30081081
1438,COM00225.00,2013,Coal mined,F.stc,30081081
1439,COM00225.00,2014,Clean coal,F.stc,37033033
1440,COM00225.00,2014,Coal mined,F.stc,37033033
1441,COM00225.00,2015,Clean coal,F.stc,33906907
1442,COM00225.00,2015,Coal mined,F.stc,33906907
1443,COM00225.00,2016,Clean coal,F.stc,30312312
1444,COM00225.00,2016,Coal mined,F.stc,30312312
1445,COM00225.00,2017,Clean coal,F.stc,32909910
1446,COM00225.00,2017,Coal mined,F.stc,32909910
1447,COM00225.00,2018,Clean coal,F.stc,31882883
1448,COM00225.00,2018,Coal mined,F.stc,31882883
1449,COM00225.00,2019,Clean coal,F.stc,27717718
1450,COM00225.00,2019,Coal mined,F.stc,27717718
1451,COM00235.00,2010,Clean coal,F.coal,1100000
1452,COM00235.00,2010,Coal mined,F.coal,1100000
1453,COM00235.00,2011,Clean coal,F.coal,1000000
1454,COM00235.00,2011,Coal mined,F.coal,1000000
1455,COM00235.00,2012,Clean coal,F.coal,1000000
1456,COM00235.00,2012,Coal mined,F.coal,1000000
1457,COM00235.00,2013,Clean coal,F.coal,1100000
1458,COM00235.00,2013,Coal mined,F.coal,1100000
1459,COM00236.00,2007,Clean coal,F.stc,544320
1460,COM00236.00,2007,Coal mined,F.stc,544320
1461,COM00246.00,2013,Clean coal,F.coal,1400000
1462,COM00246.00,2013,Coal mined,F.coal,1400000
1463,COM00247.00,2008,Clean coal,F.coal,980000
1464,COM00247.00,2008,Coal mined,F.coal,980000
1465,COM00247.00,2009,Clean coal,F.coal,2060000
1466,COM00247.00,2009,Coal mined,F.coal,2060000
1467,COM00247.00,2010,Clean coal,F.coal,2550000
1468,COM00247.00,2010,Coal mined,F.coal,2550000
1469,COM00247.00,2011,Clean coal,F.coal,3760000
1470,COM00247.00,2011,Coal mined,F.coal,3760000
1471,COM00247.00,2012,Clean coal,F.coal,3760000
1472,COM00247.00,2012,Coal mined,F.coal,3760000
1473,COM00247.00,2013,Clean coal,F.coal,3500000
1474,COM00247.00,2013,Coal mined,F.coal,3500000
1475,COM00247.00,2014,Clean coal,F.coal,3000000
1476,COM00247.00,2014,Coal mined,F.coal,3000000
1477,COM00247.00,2015,Clean coal,F.coal,2600000
1478,COM00247.00,2015,Coal mined,F.coal,2600000
1479,COM00247.00,2016,Clean coal,F.coal,2400000
1480,COM00247.00,2016,Coal mined,F.coal,2400000
1481,COM00247.00,2017,Clean coal,F.coal,2800000
1482,COM00247.00,2017,Coal mined,F.coal,2800000
1483,COM00249.00,2007,Clean coal,F.stc,5144000
1484,COM00249.00,2007,Coal mined,F.stc,5144000
1485,COM00249.00,2008,Clean coal,F.stc,4680000
1486,COM00249.00,2008,Coal mined,F.stc,4680000
1487,COM00249.00,2009,Clean coal,F.stc,4446800
1488,COM00249.00,2009,Coal mined,F.stc,4446800
1489,COM00249.00,2010,Clean coal,F.stc,5306200
1490,COM00249.00,2010,Coal mined,F.stc,5306200
1491,COM00249.00,2011,Clean coal,F.stc,5905000
1492,COM00249.00,2011,Coal mined,F.stc,5905000
1493,COM00249.00,2012,Clean coal,F.stc,5457000
1494,COM00249.00,2012,Coal mined,F.stc,5457000
1495,COM00249.00,2013,Clean coal,F.stc,4843000
1496,COM00249.00,2013,Coal mined,F.stc,4843000
1497,COM00249.00,2014,Clean coal,F.stc,6181000
1498,COM00249.00,2014,Coal mined,F.stc,6181000
1499,COM00249.00,2015,Clean coal,F.stc,6353000
1500,COM00249.00,2015,Coal mined,F.stc,6353000
1501,COM00252.00,2016,Clean coal,F.coc,9720000
1502,COM00252.00,2016,Clean coal,F.stc,70540000
1503,COM00252.00,2016,Coal mined,F.coc,9720000
1504,COM00252.00,2016,Coal mined,F.stc,70540000
1505,COM00252.00,2017,Clean coal,F.coc,8600000
1506,COM00252.00,2017,Clean coal,F.stc,64600000
1507,COM00252.00,2017,Coal mined,F.coc,8600000
1508,COM00252.00,2017,Coal mined,F.stc,64600000
1509,COM00252.00,2018,Clean coal,F.coc,8750000
1510,COM00252.00,2018,Clean coal,F.stc,65040000
1511,COM00252.00,2018,Coal mined,F.coc,8750000
1512,COM00252.00,2018,Coal mined,F.stc,65040000
1513,COM00252.00,2019,Clean coal,F.coc,10330000
1514,COM00252.00,2019,Clean coal,F.stc,91620000
1515,COM00252.00,2019,Coal mined,F.coc,10330000
1516,COM00252.00,2019,Coal mined,F.stc,91620000
1517,COM00252.00,2020,Clean coal,F.coc,11190000
1518,COM00252.00,2020,Clean coal,F.stc,99860000
1519,COM00252.00,2020,Coal mined,F.coc,11190000
1520,COM00252.00,2020,Coal mined,F.stc,99860000
1521,COM00256.00,2017,Clean coal,F.stc,180000
1522,COM00256.00,2017,Coal mined,F.stc,180000
1523,COM00256.00,2018,Clean coal,F.stc,0
1524,COM00256.00,2018,Coal mined,F.stc,0
1525,COM00256.00,2019,Clean coal,F.stc,670000
1526,COM00256.00,2019,Coal mined,F.stc,670000
1527,COM00260.00,2013,Clean coal,F.coal,2000000
1528,COM00260.00,2013,Coal mined,F.coal,2000000
1529,COM00260.00,2016,Clean coal,F.coal,2300000
1530,COM00260.00,2016,Coal mined,F.coal,2300000
1531,COM00260.00,2017,Clean coal,F.coal,2600000
1532,COM00260.00,2017,Coal mined,F.coal,2600000
1533,COM00260.00,2018,Clean coal,F.coal,1700000
1534,COM00260.00,2018,Coal mined,F.coal,1700000
1535,COM00260.00,2019,Clean coal,F.coal,1900000
1536,COM00260.00,2019,Coal mined,F.coal,1900000
1537,COM00260.00,2020,Clean coal,F.coal,2100000
1538,COM00260.00,2020,Coal mined,F.coal,2100000
1539,COM00261.00,2010,Clean coal,F.stc,3770000
1540,COM00261.00,2010,Coal mined,F.stc,3770000
1541,COM00261.00,2011,Clean coal,F.stc,5790000
1542,COM00261.00,2011,Coal mined,F.stc,5790000
1543,COM00261.00,2012,Clean coal,F.stc,8189000
1544,COM00261.00,2012,Coal mined,F.stc,8189000
1545,COM00261.00,2013,Clean coal,F.stc,11782000
1546,COM00261.00,2013,Coal mined,F.stc,11782000
1547,COM00261.00,2014,Clean coal,F.stc,12148000
1548,COM00261.00,2014,Coal mined,F.stc,12148000
1549,COM00261.00,2015,Clean coal,F.stc,13110000
1550,COM00261.00,2015,Coal mined,F.stc,13110000
1551,COM00261.00,2016,Clean coal,F.stc,12591456
1552,COM00261.00,2016,Coal mined,F.stc,12591456
1553,COM00261.00,2017,Clean coal,F.stc,11780000
1554,COM00261.00,2017,Coal mined,F.stc,11780000
1555,COM00261.00,2018,Clean coal,F.stc,11719000
1556,COM00261.00,2018,Coal mined,F.stc,11719000
1557,COM00261.00,2019,Clean coal,F.stc,12029000
1558,COM00261.00,2019,Coal mined,F.stc,12029000
1559,COM00263.00,2013,Clean coal,F.coc,1360800
1560,COM00263.00,2013,Clean coal,F.stc,544320
1561,COM00263.00,2013,Coal mined,F.coc,1360800
1562,COM00263.00,2013,Coal mined,F.stc,544320
1563,COM00263.00,2017,Clean coal,F.coal,2600000
1564,COM00263.00,2017,Coal mined,F.coal,2600000
1565,COM00263.00,2018,Clean coal,F.coal,2600000
1566,COM00263.00,2018,Coal mined,F.coal,2600000
1567,COM00263.00,2019,Clean coal,F.coal,2700000
1568,COM00263.00,2019,Coal mined,F.coal,2700000
1569,COM00265.00,2000,Clean coal,F.stc,3810240
1570,COM00265.00,2000,Coal mined,F.stc,3810240
1571,COM00265.00,2001,Clean coal,F.stc,0
1572,COM00265.00,2001,Coal mined,F.stc,0
1573,COM00265.00,2002,Clean coal,F.stc,0
1574,COM00265.00,2002,Coal mined,F.stc,0
1575,COM00265.00,2003,Clean coal,F.stc,0
1576,COM00265.00,2003,Coal mined,F.stc,0
1577,COM00265.00,2004,Clean coal,F.stc,0
1578,COM00265.00,2004,Coal mined,F.stc,0
1579,COM00265.00,2005,Clean coal,F.stc,0
1580,COM00265.00,2005,Coal mined,F.stc,0
1581,COM00265.00,2006,Clean coal,F.stc,2812320
1582,COM00265.00,2006,Coal mined,F.stc,2812320
1583,COM00265.00,2007,Clean coal,F.stc,9253440
1584,COM00265.00,2007,Coal mined,F.stc,9253440
1585,COM00265.00,2008,Clean coal,F.stc,10432800
1586,COM00265.00,2008,Coal mined,F.stc,10432800
1587,COM00265.00,2009,Clean coal,F.stc,8890560
1588,COM00265.00,2009,Coal mined,F.stc,8890560
1589,COM00265.00,2010,Clean coal,F.stc,10342080
1590,COM00265.00,2010,Coal mined,F.stc,10342080
1591,COM00265.00,2011,Clean coal,F.stc,9072000
1592,COM00265.00,2011,Coal mined,F.stc,9072000
1593,COM00265.00,2012,Clean coal,F.stc,6804000
1594,COM00265.00,2012,Coal mined,F.stc,6804000
1595,COM00265.00,2013,Clean coal,F.stc,7711200
1596,COM00265.00,2013,Coal mined,F.stc,7711200
1597,COM00265.00,2014,Clean coal,F.stc,8527680
1598,COM00265.00,2014,Coal mined,F.stc,8527680
1599,COM00265.00,2015,Clean coal,F.stc,7076160
1600,COM00265.00,2015,Coal mined,F.stc,7076160
1601,COM00265.00,2016,Clean coal,F.stc,7439040
1602,COM00265.00,2016,Coal mined,F.stc,7439040
1603,COM00265.00,2017,Clean coal,F.stc,8164800
1604,COM00265.00,2017,Coal mined,F.stc,8164800
1605,COM00265.00,2018,Clean coal,F.stc,7257600
1606,COM00265.00,2018,Coal mined,F.stc,7257600
1607,COM00265.00,2019,Clean coal,F.stc,2358720
1608,COM00265.00,2019,Coal mined,F.stc,2358720
1609,COM00266.00,2001,Clean coal,F.obc,1500000
1610,COM00266.00,2001,Coal mined,F.obc,1500000
1611,COM00266.00,2002,Clean coal,F.obc,1800000
1612,COM00266.00,2002,Coal mined,F.obc,1800000
1613,COM00266.00,2003,Clean coal,F.obc,1200000
1614,COM00266.00,2003,Coal mined,F.obc,1200000
1615,COM00266.00,2004,Clean coal,F.obc,1700000
1616,COM00266.00,2004,Coal mined,F.obc,1700000
1617,COM00266.00,2005,Clean coal,F.obc,1400000
1618,COM00266.00,2005,Coal mined,F.obc,1400000
1619,COM00266.00,2006,Clean coal,F.obc,1700000
1620,COM00266.00,2006,Coal mined,F.obc,1700000
1621,COM00266.00,2007,Clean coal,F.obc,3400000
1622,COM00266.00,2007,Coal mined,F.obc,3400000
1623,COM00266.00,2008,Clean coal,F.obc,3700000
1624,COM00266.00,2008,Coal mined,F.obc,3700000
1625,COM00266.00,2009,Clean coal,F.obc,3700000
1626,COM00266.00,2009,Coal mined,F.obc,3700000
1627,COM00266.00,2010,Clean coal,F.obc,3400000
1628,COM00266.00,2010,Coal mined,F.obc,3400000
1629,COM00266.00,2011,Clean coal,F.obc,3400000
1630,COM00266.00,2011,Coal mined,F.obc,3400000
1631,COM00266.00,2012,Clean coal,F.obc,3500000
1632,COM00266.00,2012,Coal mined,F.obc,3500000
1633,COM00266.00,2013,Clean coal,F.obc,3200000
1634,COM00266.00,2013,Coal mined,F.obc,3200000
1635,COM00266.00,2014,Clean coal,F.obc,1861574
1636,COM00266.00,2014,Coal mined,F.obc,1861574
1637,COM00266.00,2015,Clean coal,F.obc,1935058
1638,COM00266.00,2015,Coal mined,F.obc,1935058
1639,COM00266.00,2016,Clean coal,F.obc,2170022
1640,COM00266.00,2016,Coal mined,F.obc,2170022
1641,COM00266.00,2017,Clean coal,F.obc,1966810
1642,COM00266.00,2017,Coal mined,F.obc,1966810
1643,COM00267.00,2000,Clean coal,F.stc,816480
1644,COM00267.00,2000,Coal mined,F.stc,816480
1645,COM00267.00,2001,Clean coal,F.stc,2449440
1646,COM00267.00,2001,Coal mined,F.stc,2449440
1647,COM00267.00,2002,Clean coal,F.stc,1905120
1648,COM00267.00,2002,Coal mined,F.stc,1905120
1649,COM00267.00,2003,Clean coal,F.stc,1905120
1650,COM00267.00,2003,Coal mined,F.stc,1905120
1651,COM00267.00,2004,Clean coal,F.stc,2358720
1652,COM00267.00,2004,Coal mined,F.stc,2358720
1653,COM00267.00,2005,Clean coal,F.stc,2903040
1654,COM00267.00,2005,Coal mined,F.stc,2903040
1655,COM00267.00,2006,Clean coal,F.stc,3356640
1656,COM00267.00,2006,Coal mined,F.stc,3356640
1657,COM00267.00,2007,Clean coal,F.stc,3538080
1658,COM00267.00,2007,Coal mined,F.stc,3538080
1659,COM00267.00,2008,Clean coal,F.stc,3356640
1660,COM00267.00,2008,Coal mined,F.stc,3356640
1661,COM00267.00,2009,Clean coal,F.stc,2630880
1662,COM00267.00,2009,Coal mined,F.stc,2630880
1663,COM00267.00,2010,Clean coal,F.stc,2903040
1664,COM00267.00,2010,Coal mined,F.stc,2903040
1665,COM00267.00,2011,Clean coal,F.stc,2993760
1666,COM00267.00,2011,Coal mined,F.stc,2993760
1667,COM00267.00,2012,Clean coal,F.stc,2993760
1668,COM00267.00,2012,Coal mined,F.stc,2993760
1669,COM00267.00,2013,Clean coal,F.stc,2812320
1670,COM00267.00,2013,Coal mined,F.stc,2812320
1671,COM00267.00,2014,Clean coal,F.stc,2540160
1672,COM00267.00,2014,Coal mined,F.stc,2540160
1673,COM00267.00,2015,Clean coal,F.stc,2177280
1674,COM00267.00,2015,Coal mined,F.stc,2177280
1675,COM00267.00,2016,Clean coal,F.stc,1814400
1676,COM00267.00,2016,Coal mined,F.stc,1814400
1677,COM00267.00,2017,Clean coal,F.stc,2177280
1678,COM00267.00,2017,Coal mined,F.stc,2177280
1679,COM00267.00,2018,Clean coal,F.stc,2268000
1680,COM00267.00,2018,Coal mined,F.stc,2268000
1681,COM00278.00,2006,Clean coal,F.coc,1666000
1682,COM00278.00,2006,Clean coal,F.stc,2976000
1683,COM00278.00,2006,Coal mined,F.coc,1666000
1684,COM00278.00,2006,Coal mined,F.stc,2976000
1685,COM00278.00,2007,Clean coal,F.coc,1441000
1686,COM00278.00,2007,Clean coal,F.stc,2551000
1687,COM00278.00,2007,Coal mined,F.coc,1441000
1688,COM00278.00,2007,Coal mined,F.stc,2551000
1689,COM00278.00,2008,Clean coal,F.coc,1126000
1690,COM00278.00,2008,Clean coal,F.stc,2657000
1691,COM00278.00,2008,Coal mined,F.coc,1126000
1692,COM00278.00,2008,Coal mined,F.stc,2657000
1693,COM00278.00,2009,Clean coal,F.coc,1119000
1694,COM00278.00,2009,Clean coal,F.stc,3151000
1695,COM00278.00,2009,Coal mined,F.coc,1119000
1696,COM00278.00,2009,Coal mined,F.stc,3151000
1697,COM00278.00,2010,Clean coal,F.coc,936000
1698,COM00278.00,2010,Clean coal,F.stc,2095000
1699,COM00278.00,2010,Coal mined,F.coc,936000
1700,COM00278.00,2010,Coal mined,F.stc,2095000
1701,COM00278.00,2011,Clean coal,F.coc,1210000
1702,COM00278.00,2011,Clean coal,F.stc,2747000
1703,COM00278.00,2011,Coal mined,F.coc,1210000
1704,COM00278.00,2011,Coal mined,F.stc,2747000
1705,COM00278.00,2012,Clean coal,F.coc,750000
1706,COM00278.00,2012,Clean coal,F.stc,2657000
1707,COM00278.00,2012,Coal mined,F.coc,750000
1708,COM00278.00,2012,Coal mined,F.stc,2657000
1709,COM00278.00,2014,Clean coal,F.coal,2243000
1710,COM00278.00,2014,Coal mined,F.coal,2243000
1711,COM00278.00,2015,Clean coal,F.coal,2572000
1712,COM00278.00,2015,Coal mined,F.coal,2572000
1713,COM00278.00,2016,Clean coal,F.coal,943976
1714,COM00278.00,2016,Coal mined,F.coal,943976
1715,COM00278.00,2017,Clean coal,F.coal,2150000
1716,COM00278.00,2017,Coal mined,F.coal,2150000
1717,COM00278.00,2018,Clean coal,F.stc,3224000
1718,COM00278.00,2018,Coal mined,F.stc,3224000
1719,COM00278.00,2019,Clean coal,F.stc,3773000
1720,COM00278.00,2019,Coal mined,F.stc,3773000
1721,COM00279.00,2001,Clean coal,F.stc,5231000
1722,COM00279.00,2001,Coal mined,F.stc,5231000
1723,COM00279.00,2002,Clean coal,F.stc,4889000
1724,COM00279.00,2002,Coal mined,F.stc,4889000
1725,COM00279.00,2003,Clean coal,F.stc,4535000
1726,COM00279.00,2003,Coal mined,F.stc,4535000
1727,COM00279.00,2004,Clean coal,F.coal,5788000
1728,COM00279.00,2004,Coal mined,F.coal,5788000
1729,COM00279.00,2005,Clean coal,F.coal,5325000
1730,COM00279.00,2005,Coal mined,F.coal,5325000
1731,COM00279.00,2006,Clean coal,F.coal,5754000
1732,COM00279.00,2006,Coal mined,F.coal,5754000
1733,COM00279.00,2007,Clean coal,F.coal,5077000
1734,COM00279.00,2007,Coal mined,F.coal,5077000
1735,COM00279.00,2008,Clean coal,F.coal,4446000
1736,COM00279.00,2008,Coal mined,F.coal,4446000
1737,COM00279.00,2009,Clean coal,F.coal,3214000
1738,COM00279.00,2009,Coal mined,F.coal,3214000
1739,COM00279.00,2010,Clean coal,F.coal,2371000
1740,COM00279.00,2010,Coal mined,F.coal,2371000
1741,COM00280.00,2001,Clean coal,F.sbc,10236845
1742,COM00280.00,2001,Coal mined,F.sbc,10236845
1743,COM00280.00,2002,Clean coal,F.sbc,9127339
1744,COM00280.00,2002,Coal mined,F.sbc,9127339
1745,COM00280.00,2003,Clean coal,F.sbc,9981922
1746,COM00280.00,2003,Coal mined,F.sbc,9981922
1747,COM00280.00,2004,Clean coal,F.sbc,11480616
1748,COM00280.00,2004,Coal mined,F.sbc,11480616
1749,COM00280.00,2005,Clean coal,F.sbc,12162830
1750,COM00280.00,2005,Coal mined,F.sbc,12162830
1751,COM00280.00,2006,Clean coal,F.sbc,11550470
1752,COM00280.00,2006,Coal mined,F.sbc,11550470
1753,COM00280.00,2007,Clean coal,F.sbc,11232043
1754,COM00280.00,2007,Coal mined,F.sbc,11232043
1755,COM00280.00,2008,Clean coal,F.sbc,11636654
1756,COM00280.00,2008,Coal mined,F.sbc,11636654
1757,COM00280.00,2009,Clean coal,F.sbc,9167256
1758,COM00280.00,2009,Coal mined,F.sbc,9167256
1759,COM00280.00,2010,Clean coal,F.sbc,11116829
1760,COM00280.00,2010,Coal mined,F.sbc,11116829
1761,COM00280.00,2011,Clean coal,F.sbc,7951608
1762,COM00280.00,2011,Coal mined,F.sbc,7951608
1763,COM00280.00,2012,Clean coal,F.sbc,7253064
1764,COM00280.00,2012,Coal mined,F.sbc,7253064
1765,COM00280.00,2013,Clean coal,F.sbc,7481678
1766,COM00280.00,2013,Coal mined,F.sbc,7481678
1767,COM00280.00,2014,Clean coal,F.sbc,7941629
1768,COM00280.00,2014,Coal mined,F.sbc,7941629
1769,COM00280.00,2015,Clean coal,F.sbc,8540381
1770,COM00280.00,2015,Coal mined,F.sbc,8540381
1771,COM00280.00,2016,Clean coal,F.sbc,7981546
1772,COM00280.00,2016,Coal mined,F.sbc,7981546
1773,COM00280.00,2017,Clean coal,F.sbc,7834579
1774,COM00280.00,2017,Coal mined,F.sbc,7834579
1775,COM00287.00,2011,Clean coal,F.coc,362880
1776,COM00287.00,2011,Coal mined,F.coc,362880
1777,COM00287.00,2012,Clean coal,F.coc,2540160
1778,COM00287.00,2012,Coal mined,F.coc,2540160
1779,COM00287.00,2013,Clean coal,F.coc,2903040
1780,COM00287.00,2013,Coal mined,F.coc,2903040
1781,COM00287.00,2014,Clean coal,F.coc,2903040
1782,COM00287.00,2014,Coal mined,F.coc,2903040
1783,COM00287.00,2015,Clean coal,F.coc,2540160
1784,COM00287.00,2015,Coal mined,F.coc,2540160
1785,COM00287.00,2016,Clean coal,F.coc,2177280
1786,COM00287.00,2016,Coal mined,F.coc,2177280
1787,COM00287.00,2017,Clean coal,F.coc,2540160
1788,COM00287.00,2017,Coal mined,F.coc,2540160
1789,COM00287.00,2018,Clean coal,F.coc,2449440
1790,COM00287.00,2018,Coal mined,F.coc,2449440
1791,COM00287.00,2019,Clean coal,F.coc,2177280
1792,COM00287.00,2019,Coal mined,F.coc,2177280
1793,COM00292.00,2001,Clean coal,F.stc,39452000
1794,COM00292.00,2001,Coal mined,F.stc,39452000
1795,COM00292.00,2002,Clean coal,F.stc,34724000
1796,COM00292.00,2002,Coal mined,F.stc,34724000
1797,COM00292.00,2003,Clean coal,F.stc,32671000
1798,COM00292.00,2003,Coal mined,F.stc,32671000
1799,COM00292.00,2004,Clean coal,F.stc,35233000
1800,COM00292.00,2004,Coal mined,F.stc,35233000
1801,COM00292.00,2005,Clean coal,F.stc,34234000
1802,COM00292.00,2005,Coal mined,F.stc,34234000
1803,COM00292.00,2006,Clean coal,F.stc,36094000
1804,COM00292.00,2006,Coal mined,F.stc,36094000
1805,COM00292.00,2007,Clean coal,F.stc,36712000
1806,COM00292.00,2007,Coal mined,F.stc,36712000
1807,COM00292.00,2008,Clean coal,F.stc,36318000
1808,COM00292.00,2008,Coal mined,F.stc,36318000
1809,COM00292.00,2009,Clean coal,F.stc,35687000
1810,COM00292.00,2009,Coal mined,F.stc,35687000
1811,COM00292.00,2010,Clean coal,F.stc,34927200
1812,COM00292.00,2010,Coal mined,F.stc,34927200
1813,COM00292.00,2011,Clean coal,F.stc,35834400
1814,COM00292.00,2011,Coal mined,F.stc,35834400
1815,COM00292.00,2012,Clean coal,F.stc,35562240
1816,COM00292.00,2012,Coal mined,F.stc,35562240
1817,COM00292.00,2013,Clean coal,F.stc,33294240
1818,COM00292.00,2013,Coal mined,F.stc,33294240
1819,COM00292.00,2014,Clean coal,F.stc,31570560
1820,COM00292.00,2014,Coal mined,F.stc,31570560
1821,COM00292.00,2015,Clean coal,F.stc,20774880
1822,COM00292.00,2015,Coal mined,F.stc,20774880
1823,COM00292.00,2016,Clean coal,F.stc,16601760
1824,COM00292.00,2016,Coal mined,F.stc,16601760
1825,COM00292.00,2017,Clean coal,F.stc,14878080
1826,COM00292.00,2017,Coal mined,F.stc,14878080
1827,COM00292.00,2018,Clean coal,F.stc,11430720
1828,COM00292.00,2018,Coal mined,F.stc,11430720
1829,COM00293.00,2000,Clean coal,F.coal,5080320
1830,COM00293.00,2000,Coal mined,F.coal,5080320
1831,COM00293.00,2001,Clean coal,F.coal,5261760
1832,COM00293.00,2001,Coal mined,F.coal,5261760
1833,COM00293.00,2002,Clean coal,F.coal,4808160
1834,COM00293.00,2002,Coal mined,F.coal,4808160
1835,COM00293.00,2003,Clean coal,F.coal,4717440
1836,COM00293.00,2003,Coal mined,F.coal,4717440
1837,COM00293.00,2004,Clean coal,F.coal,4173120
1838,COM00293.00,2004,Coal mined,F.coal,4173120
1839,COM00293.00,2005,Clean coal,F.coal,3810240
1840,COM00293.00,2005,Coal mined,F.coal,3810240
1841,COM00293.00,2009,Clean coal,F.stc,3265920
1842,COM00293.00,2009,Coal mined,F.stc,3265920
1843,COM00293.00,2010,Clean coal,F.stc,3628800
1844,COM00293.00,2010,Coal mined,F.stc,3628800
1845,COM00293.00,2011,Clean coal,F.stc,3265920
1846,COM00293.00,2011,Coal mined,F.stc,3265920
1847,COM00293.00,2012,Clean coal,F.stc,2540160
1848,COM00293.00,2012,Coal mined,F.stc,2540160
1849,COM00298.00,2016,Clean coal,F.lig,1360800
1850,COM00298.00,2016,Coal mined,F.lig,1360800
1851,COM00298.00,2017,Clean coal,F.lig,1995840
1852,COM00298.00,2017,Coal mined,F.lig,1995840
1853,COM00298.00,2018,Clean coal,F.lig,2268000
1854,COM00298.00,2018,Coal mined,F.lig,2268000
1855,COM00298.00,2019,Clean coal,F.lig,1542240
1856,COM00298.00,2019,Coal mined,F.lig,1542240
1857,COM00307.00,2002,Clean coal,F.coal,1451520
1858,COM00307.00,2002,Coal mined,F.coal,1451520
1859,COM00307.00,2003,Clean coal,F.coal,1360800
1860,COM00307.00,2003,Coal mined,F.coal,1360800
1861,COM00307.00,2004,Clean coal,F.coal,1451520
1862,COM00307.00,2004,Coal mined,F.coal,1451520
1863,COM00307.00,2005,Clean coal,F.coal,2086560
1864,COM00307.00,2005,Coal mined,F.coal,2086560
1865,COM00307.00,2006,Clean coal,F.coal,2358720
1866,COM00307.00,2006,Coal mined,F.coal,2358720
1867,COM00307.00,2007,Clean coal,F.coal,2177280
1868,COM00307.00,2007,Coal mined,F.coal,2177280
1869,COM00307.00,2008,Clean coal,F.coal,2177280
1870,COM00307.00,2008,Coal mined,F.coal,2177280
1871,COM00307.00,2009,Clean coal,F.coal,1451520
1872,COM00307.00,2009,Coal mined,F.coal,1451520
1873,COM00307.00,2010,Clean coal,F.coal,1360800
1874,COM00307.00,2010,Coal mined,F.coal,1360800
1875,COM00307.00,2011,Clean coal,F.coal,1995840
1876,COM00307.00,2011,Coal mined,F.coal,1995840
1877,COM00307.00,2012,Clean coal,F.coal,1360800
1878,COM00307.00,2012,Coal mined,F.coal,1360800
1879,COM00307.00,2013,Clean coal,F.coal,907200
1880,COM00307.00,2013,Coal mined,F.coal,907200
1881,COM00308.00,2006,Clean coal,F.stc,1038000
1882,COM00308.00,2006,Coal mined,F.stc,1038000
1883,COM00308.00,2007,Clean coal,F.stc,944000
1884,COM00308.00,2007,Coal mined,F.stc,944000
1885,COM00308.00,2008,Clean coal,F.stc,824000
1886,COM00308.00,2008,Coal mined,F.stc,824000
1887,COM00308.00,2009,Clean coal,F.stc,0
1888,COM00308.00,2009,Coal mined,F.stc,0
1889,COM00308.00,2010,Clean coal,F.stc,466000
1890,COM00308.00,2010,Coal mined,F.stc,466000
1891,COM00309.00,2017,Clean coal,F.coal,12200000
1892,COM00309.00,2017,Coal mined,F.coal,12200000
1893,COM00309.00,2018,Clean coal,F.coal,12100000
1894,COM00309.00,2018,Coal mined,F.coal,12100000
1895,COM00309.00,2019,Clean coal,F.coal,12500000
1896,COM00309.00,2019,Coal mined,F.coal,12500000
1897,COM00312.00,2009,Clean coal,F.coal,184261
1898,COM00312.00,2009,Coal mined,F.coal,184261
1899,COM00312.00,2010,Clean coal,F.coal,212302
1900,COM00312.00,2010,Coal mined,F.coal,212302
1901,COM00316.00,2003,Clean coal,F.stc,2432500
1902,COM00316.00,2003,Coal mined,F.stc,2432500
1903,COM00316.00,2004,Clean coal,F.stc,2268100
1904,COM00316.00,2004,Coal mined,F.stc,2268100
1905,COM00316.00,2005,Clean coal,F.stc,1495500
1906,COM00316.00,2005,Coal mined,F.stc,1495500
1907,COM00316.00,2006,Clean coal,F.stc,792000
1908,COM00316.00,2006,Coal mined,F.stc,792000
1909,COM00317.00,2006,Clean coal,F.coal,9962771
1910,COM00317.00,2006,Coal mined,F.coal,9962771
1911,COM00317.00,2007,Clean coal,F.coal,9654200
1912,COM00317.00,2007,Coal mined,F.coal,9654200
1913,COM00317.00,2008,Clean coal,F.coal,9758456
1914,COM00317.00,2008,Coal mined,F.coal,10005558
1915,COM00317.00,2009,Clean coal,F.coal,10127707
1916,COM00317.00,2009,Coal mined,F.coal,9940534
1917,COM00317.00,2010,Clean coal,F.coal,8390000
1918,COM00317.00,2010,Coal mined,F.coal,8490000
1919,COM00317.00,2011,Clean coal,F.coal,7660000
1920,COM00317.00,2011,Coal mined,F.coal,7940000
1921,COM00317.00,2013,Clean coal,F.coal,9156400
1922,COM00317.00,2013,Coal mined,F.coal,10651100
1923,COM00317.00,2014,Clean coal,F.coal,7579200
1924,COM00317.00,2014,Coal mined,F.coal,9178200
1925,COM00317.00,2015,Clean coal,F.coal,8125200
1926,COM00317.00,2015,Coal mined,F.coal,9396000
1927,COM00317.00,2016,Clean coal,F.coal,2131900
1928,COM00317.00,2016,Coal mined,F.coal,2066000
1929,COM00317.00,2017,Clean coal,F.coal,1551200
1930,COM00317.00,2017,Coal mined,F.coal,1552200
1931,COM00317.00,2018,Clean coal,F.coal,962000
1932,COM00317.00,2018,Coal mined,F.coal,1001600
1933,COM00317.00,2019,Clean coal,F.coal,638100
1934,COM00317.00,2019,Coal mined,F.coal,675500
1935,COM00317.00,2020,Clean coal,F.coal,685500
1936,COM00317.00,2020,Coal mined,F.coal,691000
1937,COM00318.00,2006,Clean coal,F.coal,7720000
1938,COM00318.00,2006,Coal mined,F.coal,7720000
1939,COM00318.00,2007,Clean coal,F.coal,7800000
1940,COM00318.00,2007,Coal mined,F.coal,7800000
1941,COM00318.00,2008,Clean coal,F.coal,7800000
1942,COM00318.00,2008,Coal mined,F.coal,7800000
1943,COM00318.00,2009,Clean coal,F.coal,8610000
1944,COM00318.00,2009,Coal mined,F.coal,8610000
1945,COM00318.00,2010,Clean coal,F.coal,9090000
1946,COM00318.00,2010,Coal mined,F.coal,9090000
1947,COM00318.00,2011,Clean coal,F.coal,7260000
1948,COM00318.00,2011,Coal mined,F.coal,7260000
1949,COM00318.00,2012,Clean coal,F.coal,7660000
1950,COM00318.00,2012,Coal mined,F.coal,7660000
1951,COM00318.00,2013,Clean coal,F.coal,7830000
1952,COM00318.00,2013,Coal mined,F.coal,7830000
1953,COM00318.00,2014,Clean coal,F.coal,8080000
1954,COM00318.00,2014,Coal mined,F.coal,8080000
1955,COM00318.00,2015,Clean coal,F.coal,8130000
1956,COM00318.00,2015,Coal mined,F.coal,8130000
1957,COM00319.00,2013,Clean coal,F.coc,950000
1958,COM00319.00,2013,Coal mined,F.coc,950000
1959,COM00319.00,2014,Clean coal,F.coc,4402000
1960,COM00319.00,2014,Coal mined,F.coc,4402000
1961,COM00319.00,2015,Clean coal,F.coc,4766000
1962,COM00319.00,2015,Coal mined,F.coc,4766000
1963,COM00319.00,2016,Clean coal,F.coc,5248000
1964,COM00319.00,2016,Coal mined,F.coc,5248000
1965,COM00319.00,2017,Clean coal,F.coc,5120000
1966,COM00319.00,2017,Coal mined,F.coc,5120000
1967,COM00319.00,2018,Clean coal,F.coc,5112000
1968,COM00319.00,2018,Coal mined,F.coc,5112000
1969,COM00319.00,2019,Clean coal,F.coc,4356000
1970,COM00319.00,2019,Coal mined,F.coc,4356000
1971,COM00320.00,2003,Clean coal,F.coal,3041700
1972,COM00320.00,2003,Coal mined,F.coal,3041700
1973,COM00320.00,2004,Clean coal,F.coal,3158900
1974,COM00320.00,2004,Coal mined,F.coal,3158900
1975,COM00320.00,2005,Clean coal,F.coal,3162200
1976,COM00320.00,2005,Coal mined,F.coal,3162200
1977,COM00320.00,2006,Clean coal,F.coal,3520300
1978,COM00320.00,2006,Coal mined,F.coal,3520300
1979,COM00320.00,2007,Clean coal,F.coal,3051800
1980,COM00320.00,2007,Coal mined,F.coal,3051800
1981,COM00320.00,2008,Clean coal,F.coal,3537200
1982,COM00320.00,2008,Coal mined,F.coal,3537200
1983,COM00320.00,2009,Clean coal,F.coal,3756200
1984,COM00320.00,2009,Coal mined,F.coal,3756200
1985,COM00320.00,2010,Clean coal,F.coal,3584400
1986,COM00320.00,2010,Coal mined,F.coal,3584400
1987,COM00320.00,2011,Clean coal,F.coal,3904600
1988,COM00320.00,2011,Coal mined,F.coal,3904600
1989,COM00320.00,2012,Clean coal,F.coal,4593500
1990,COM00320.00,2012,Coal mined,F.coal,4593500
1991,COM00320.00,2013,Clean coal,F.coal,3985700
1992,COM00320.00,2013,Coal mined,F.coal,3985700
1993,COM00320.00,2014,Clean coal,F.coal,4240200
1994,COM00320.00,2014,Coal mined,F.coal,4240200
1995,COM00320.00,2015,Clean coal,F.coal,4314500
1996,COM00320.00,2015,Coal mined,F.coal,4314500
1997,COM00320.00,2016,Clean coal,F.coal,4608700
1998,COM00320.00,2016,Coal mined,F.coal,4608700
1999,COM00320.00,2017,Clean coal,F.coal,3782200
2000,COM00320.00,2017,Coal mined,F.coal,3782200
2001,COM00320.00,2018,Clean coal,F.coal,3379500
2002,COM00320.00,2018,Coal mined,F.coal,3379500
2003,COM00320.00,2019,Clean coal,F.coal,2953000
2004,COM00320.00,2019,Coal mined,F.coal,2953000
2005,COM00320.00,2020,Clean coal,F.coal,2429100
2006,COM00320.00,2020,Coal mined,F.coal,2429100
2007,COM00324.00,2001,Clean coal,F.stc,8510000
2008,COM00324.00,2001,Coal mined,F.stc,8510000
2009,COM00324.00,2002,Clean coal,F.stc,9021000
2010,COM00324.00,2002,Coal mined,F.stc,9021000
2011,COM00324.00,2003,Clean coal,F.stc,7358000
2012,COM00324.00,2003,Coal mined,F.stc,7358000
2013,COM00324.00,2004,Clean coal,F.stc,7831000
2014,COM00324.00,2004,Coal mined,F.stc,7831000
2015,COM00324.00,2005,Clean coal,F.stc,6288000
2016,COM00324.00,2005,Coal mined,F.stc,6288000
2017,COM00324.00,2006,Clean coal,F.stc,6449000
2018,COM00324.00,2006,Coal mined,F.stc,6449000
2019,COM00324.00,2007,Clean coal,F.stc,6340000
2020,COM00324.00,2007,Coal mined,F.stc,6340000
2021,COM00324.00,2008,Clean coal,F.stc,5939000
2022,COM00324.00,2008,Coal mined,F.stc,5939000
2023,COM00324.00,2009,Clean coal,F.stc,4161000
2024,COM00324.00,2009,Coal mined,F.stc,4161000
2025,COM00324.00,2010,Clean coal,F.stc,2721600
2026,COM00324.00,2010,Coal mined,F.stc,2721600
2027,COM00324.00,2011,Clean coal,F.stc,2721600
2028,COM00324.00,2011,Coal mined,F.stc,2721600
2029,COM00324.00,2012,Clean coal,F.stc,2540160
2030,COM00324.00,2012,Coal mined,F.stc,2540160
2031,COM00324.00,2013,Clean coal,F.stc,2721600
2032,COM00324.00,2013,Coal mined,F.stc,2721600
2033,COM00328.00,2002,Clean coal,F.stc,3280000
2034,COM00328.00,2002,Coal mined,F.stc,3280000
2035,COM00329.00,2019,Clean coal,F.coc,4665000
2036,COM00329.00,2019,Coal mined,F.coc,4665000
2037,COM00329.00,2020,Clean coal,F.coc,4677000
2038,COM00329.00,2020,Coal mined,F.coc,4677000
2039,COM00334.00,2000,Clean coal,F.coal,4263840
2040,COM00334.00,2000,Coal mined,F.coal,4263840
2041,COM00334.00,2001,Clean coal,F.coal,4263840
2042,COM00334.00,2001,Coal mined,F.coal,4263840
2043,COM00334.00,2002,Clean coal,F.coal,3265920
2044,COM00334.00,2002,Coal mined,F.coal,3265920
2045,COM00335.00,2004,Clean coal,F.stc,1088640
2046,COM00335.00,2004,Coal mined,F.stc,1088640
2047,COM00335.00,2005,Clean coal,F.stc,1088640
2048,COM00335.00,2005,Coal mined,F.stc,1088640
2049,COM00335.00,2006,Clean coal,F.stc,997920
2050,COM00335.00,2006,Coal mined,F.stc,997920
2051,COM00335.00,2007,Clean coal,F.stc,997920
2052,COM00335.00,2007,Coal mined,F.stc,997920
2053,COM00335.00,2008,Clean coal,F.stc,907200
2054,COM00335.00,2008,Coal mined,F.stc,907200
2055,COM00335.00,2009,Clean coal,F.stc,816480
2056,COM00335.00,2009,Coal mined,F.stc,816480
2057,COM00335.00,2010,Clean coal,F.stc,816480
2058,COM00335.00,2010,Coal mined,F.stc,816480
2059,COM00335.00,2011,Clean coal,F.stc,816480
2060,COM00335.00,2011,Coal mined,F.stc,816480
2061,COM00335.00,2012,Clean coal,F.stc,816480
2062,COM00335.00,2012,Coal mined,F.stc,816480
2063,COM00339.00,2008,Clean coal,F.coal,1500000
2064,COM00339.00,2008,Coal mined,F.coal,1500000
2065,COM00339.00,2009,Clean coal,F.coal,1860000
2066,COM00339.00,2009,Coal mined,F.coal,1860000
2067,COM00339.00,2010,Clean coal,F.coal,5100000
2068,COM00339.00,2010,Coal mined,F.coal,5100000
2069,COM00339.00,2011,Clean coal,F.coal,7200000
2070,COM00339.00,2011,Coal mined,F.coal,7200000
2071,COM00339.00,2012,Clean coal,F.coal,7920000
2072,COM00339.00,2012,Coal mined,F.coal,7920000
2073,COM00339.00,2013,Clean coal,F.coal,6530000
2074,COM00339.00,2013,Coal mined,F.coal,6530000
2075,COM00339.00,2014,Clean coal,F.coal,6140000
2076,COM00339.00,2014,Coal mined,F.coal,6140000
2077,COM00341.00,2000,Clean coal,F.coal,3538080
2078,COM00341.00,2000,Coal mined,F.coal,3538080
2079,COM00341.00,2001,Clean coal,F.coal,4173120
2080,COM00341.00,2001,Coal mined,F.coal,4173120
2081,COM00341.00,2002,Clean coal,F.coal,4082400
2082,COM00341.00,2002,Coal mined,F.coal,4082400
2083,COM00341.00,2003,Clean coal,F.coal,4445280
2084,COM00341.00,2003,Coal mined,F.coal,4445280
2085,COM00341.00,2004,Clean coal,F.coal,4354560
2086,COM00341.00,2004,Coal mined,F.coal,4354560
2087,COM00341.00,2005,Clean coal,F.coal,4263840
2088,COM00341.00,2005,Coal mined,F.coal,4263840
2089,COM00341.00,2006,Clean coal,F.coal,4263840
2090,COM00341.00,2006,Coal mined,F.coal,4263840
2091,COM00341.00,2007,Clean coal,F.coal,4173120
2092,COM00341.00,2007,Coal mined,F.coal,4173120
2093,COM00341.00,2008,Clean coal,F.coal,4263840
2094,COM00341.00,2008,Coal mined,F.coal,4263840
2095,COM00341.00,2009,Clean coal,F.coal,3810240
2096,COM00341.00,2009,Coal mined,F.coal,3810240
2097,COM00341.00,2010,Clean coal,F.coal,3538080
2098,COM00341.00,2010,Coal mined,F.coal,3538080
2099,COM00341.00,2011,Clean coal,F.coal,3265920
2100,COM00341.00,2011,Coal mined,F.coal,3265920
2101,COM00341.00,2012,Clean coal,F.coal,3084480
2102,COM00341.00,2012,Coal mined,F.coal,3084480
2103,COM00341.00,2013,Clean coal,F.coal,3175200
2104,COM00341.00,2013,Coal mined,F.coal,3175200
2105,COM00341.00,2014,Clean coal,F.coal,3538080
2106,COM00341.00,2014,Coal mined,F.coal,3538080
2107,COM00341.00,2015,Clean coal,F.coal,3628800
2108,COM00341.00,2015,Coal mined,F.coal,3628800
2109,COM00341.00,2016,Clean coal,F.coal,3356640
2110,COM00341.00,2016,Coal mined,F.coal,3356640
2111,COM00341.00,2017,Clean coal,F.coal,2358720
2112,COM00341.00,2017,Coal mined,F.coal,2358720
2113,COM00341.00,2018,Clean coal,F.coal,2268000
2114,COM00341.00,2018,Coal mined,F.coal,2268000
2115,COM00341.00,2019,Clean coal,F.coal,1179360
2116,COM00341.00,2019,Coal mined,F.coal,1179360
2117,COM00342.00,2003,Clean coal,F.stc,4286100
2118,COM00342.00,2003,Coal mined,F.stc,4286100
2119,COM00342.00,2004,Clean coal,F.stc,4278800
2120,COM00342.00,2004,Coal mined,F.stc,4278800
2121,COM00342.00,2005,Clean coal,F.stc,4099000
2122,COM00342.00,2005,Coal mined,F.stc,4099000
2123,COM00342.00,2006,Clean coal,F.stc,4136300
2124,COM00342.00,2006,Coal mined,F.stc,4136300
2125,COM00342.00,2007,Clean coal,F.stc,3902700
2126,COM00342.00,2007,Coal mined,F.stc,3902700
2127,COM00342.00,2008,Clean coal,F.stc,3711500
2128,COM00342.00,2008,Coal mined,F.stc,3711500
2129,COM00342.00,2009,Clean coal,F.stc,3630200
2130,COM00342.00,2009,Coal mined,F.stc,3630200
2131,COM00342.00,2010,Clean coal,F.stc,4206000
2132,COM00342.00,2010,Coal mined,F.stc,4206000
2133,COM00342.00,2011,Clean coal,F.stc,3991900
2134,COM00342.00,2011,Coal mined,F.stc,3991900
2135,COM00342.00,2012,Clean coal,F.stc,3663300
2136,COM00342.00,2012,Coal mined,F.stc,3663300
2137,COM00342.00,2013,Clean coal,F.stc,3710700
2138,COM00342.00,2013,Coal mined,F.stc,3710700
2139,COM00342.00,2014,Clean coal,F.stc,3104800
2140,COM00342.00,2014,Coal mined,F.stc,3104800
2141,COM00342.00,2015,Clean coal,F.stc,2122000
2142,COM00342.00,2015,Coal mined,F.stc,2122000
2143,COM00342.00,2016,Clean coal,F.stc,1167500
2144,COM00342.00,2016,Coal mined,F.stc,1167500
2145,COM00345.00,2000,Clean coal,F.coal,8700000
2146,COM00345.00,2000,Coal mined,F.coal,8700000
2147,COM00345.00,2001,Clean coal,F.coal,12300000
2148,COM00345.00,2001,Coal mined,F.coal,12300000
2149,COM00345.00,2002,Clean coal,F.coal,12800000
2150,COM00345.00,2002,Coal mined,F.coal,12800000
2151,COM00345.00,2003,Clean coal,F.coal,16500000
2152,COM00345.00,2003,Coal mined,F.coal,16500000
2153,COM00345.00,2004,Clean coal,F.coal,20800000
2154,COM00345.00,2004,Coal mined,F.coal,20800000
2155,COM00345.00,2005,Clean coal,F.coal,22000000
2156,COM00345.00,2005,Coal mined,F.coal,22000000
2157,COM00345.00,2006,Clean coal,F.coal,20800000
2158,COM00345.00,2006,Coal mined,F.coal,20800000
2159,COM00345.00,2007,Clean coal,F.coal,22900000
2160,COM00345.00,2007,Coal mined,F.coal,22900000
2161,COM00345.00,2008,Clean coal,F.coal,22100000
2162,COM00345.00,2008,Coal mined,F.coal,22100000
2163,COM00345.00,2009,Clean coal,F.coal,19600000
2164,COM00345.00,2009,Coal mined,F.coal,19600000
2165,COM00345.00,2010,Clean coal,F.coal,22000000
2166,COM00345.00,2010,Coal mined,F.coal,22000000
2167,COM00345.00,2011,Clean coal,F.coal,22300000
2168,COM00345.00,2011,Coal mined,F.coal,22300000
2169,COM00345.00,2014,Clean coal,F.coal,26800000
2170,COM00345.00,2014,Coal mined,F.coal,26800000
2171,COM00345.00,2015,Clean coal,F.coal,25900000
2172,COM00345.00,2015,Coal mined,F.coal,25900000
2173,COM00345.00,2016,Clean coal,F.coal,28400000
2174,COM00345.00,2016,Coal mined,F.coal,28400000
2175,COM00345.00,2017,Clean coal,F.coal,32500000
2176,COM00345.00,2017,Coal mined,F.coal,32500000
2177,COM00345.00,2018,Clean coal,F.coal,30800000
2178,COM00345.00,2018,Coal mined,F.coal,30800000
2179,COM00345.00,2019,Clean coal,F.coal,32700000
2180,COM00345.00,2019,Coal mined,F.coal,32700000
2181,COM00345.00,2020,Clean coal,F.coal,7843786
2182,COM00345.00,2020,Coal mined,F.coal,7843786
2183,COM00346.00,2009,Clean coal,F.coal,2832000
2184,COM00346.00,2009,Clean coal,F.coc,4100000
2185,COM00346.00,2009,Coal mined,F.coal,2832000
2186,COM00346.00,2009,Coal mined,F.coc,4100000
2187,COM00346.00,2010,Clean coal,F.coal,4000000
2188,COM00346.00,2010,Coal mined,F.coal,4000000
2189,COM00346.00,2011,Clean coal,F.coal,3300000
2190,COM00346.00,2011,Coal mined,F.coal,3300000
2191,COM00346.00,2012,Clean coal,F.coal,3300000
2192,COM00346.00,2012,Coal mined,F.coal,3300000
2193,COM00346.00,2013,Clean coal,F.coal,2800000
2194,COM00346.00,2013,Coal mined,F.coal,2800000
2195,COM00346.00,2014,Clean coal,F.coal,2700000
2196,COM00346.00,2014,Coal mined,F.coal,2700000
2197,COM00346.00,2015,Clean coal,F.coal,3300000
2198,COM00346.00,2015,Coal mined,F.coal,3300000
2199,COM00346.00,2016,Clean coal,F.coal,2764900
2200,COM00346.00,2016,Coal mined,F.coal,2764900
2201,COM00346.00,2017,Clean coal,F.coal,2772700
2202,COM00346.00,2017,Coal mined,F.coal,2772700
2203,COM00346.00,2018,Clean coal,F.coal,4119800
2204,COM00346.00,2018,Coal mined,F.coal,4119800
2205,COM00346.00,2019,Clean coal,F.coal,4217300
2206,COM00346.00,2019,Coal mined,F.coal,4217300
2207,COM00346.00,2020,Clean coal,F.coal,2902500
2208,COM00346.00,2020,Coal mined,F.coal,2902500
2209,COM00347.00,2015,Clean coal,F.ant,1900000
2210,COM00347.00,2015,Coal mined,F.ant,1900000
2211,COM00347.00,2016,Clean coal,F.ant,1530800
2212,COM00347.00,2016,Coal mined,F.ant,1530800
2213,COM00348.00,2003,Clean coal,F.coal,10884000
2214,COM00348.00,2003,Coal mined,F.coal,10884000
2215,COM00348.00,2004,Clean coal,F.coal,11339000
2216,COM00348.00,2004,Coal mined,F.coal,11339000
2217,COM00348.00,2005,Clean coal,F.coc,2866800
2218,COM00348.00,2005,Clean coal,F.stc,9189600
2219,COM00348.00,2005,Coal mined,F.coc,2866800
2220,COM00348.00,2005,Coal mined,F.stc,9189600
2221,COM00348.00,2006,Clean coal,F.coc,2556900
2222,COM00348.00,2006,Clean coal,F.stc,9671600
2223,COM00348.00,2006,Coal mined,F.coc,2556900
2224,COM00348.00,2006,Coal mined,F.stc,9671600
2225,COM00348.00,2007,Clean coal,F.coc,2571500
2226,COM00348.00,2007,Clean coal,F.stc,9789900
2227,COM00348.00,2007,Coal mined,F.coc,2571500
2228,COM00348.00,2007,Coal mined,F.stc,9789900
2229,COM00348.00,2008,Clean coal,F.coc,3055600
2230,COM00348.00,2008,Clean coal,F.stc,11107200
2231,COM00348.00,2008,Coal mined,F.coc,3055600
2232,COM00348.00,2008,Coal mined,F.stc,11107200
2233,COM00348.00,2009,Clean coal,F.coc,3017700
2234,COM00348.00,2009,Clean coal,F.stc,10714300
2235,COM00348.00,2009,Coal mined,F.coc,3017700
2236,COM00348.00,2009,Coal mined,F.stc,10714300
2237,COM00348.00,2010,Clean coal,F.coc,2030400
2238,COM00348.00,2010,Clean coal,F.stc,13012600
2239,COM00348.00,2010,Coal mined,F.coc,2030400
2240,COM00348.00,2010,Coal mined,F.stc,13012600
2241,COM00348.00,2011,Clean coal,F.coal,15400000
2242,COM00348.00,2011,Coal mined,F.coal,15400000
2243,COM00348.00,2012,Clean coal,F.coal,17000000
2244,COM00348.00,2012,Coal mined,F.coal,17000000
2245,COM00348.00,2013,Clean coal,F.coal,18200000
2246,COM00348.00,2013,Coal mined,F.coal,18200000
2247,COM00348.00,2014,Clean coal,F.coal,18900000
2248,COM00348.00,2014,Coal mined,F.coal,18900000
2249,COM00348.00,2015,Clean coal,F.coal,18800000
2250,COM00348.00,2015,Coal mined,F.coal,18800000
2251,COM00348.00,2016,Clean coal,F.coal,18409400
2252,COM00348.00,2016,Coal mined,F.coal,18409400
2253,COM00348.00,2017,Clean coal,F.coal,20142100
2254,COM00348.00,2017,Coal mined,F.coal,20142100
2255,COM00348.00,2018,Clean coal,F.coal,20011800
2256,COM00348.00,2018,Coal mined,F.coal,20011800
2257,COM00348.00,2019,Clean coal,F.coal,18207700
2258,COM00348.00,2019,Coal mined,F.coal,18207700
2259,COM00348.00,2020,Clean coal,F.coal,16000900
2260,COM00348.00,2020,Coal mined,F.coal,16000900
2261,COM00349.00,2008,Clean coal,F.ant,6000000
2262,COM00349.00,2008,Coal mined,F.ant,6000000
2263,COM00349.00,2009,Clean coal,F.ant,4946000
2264,COM00349.00,2009,Coal mined,F.ant,4946000
2265,COM00349.00,2010,Clean coal,F.ant,8000000
2266,COM00349.00,2010,Coal mined,F.ant,8000000
2267,COM00349.00,2011,Clean coal,F.ant,7300000
2268,COM00349.00,2011,Coal mined,F.ant,7300000
2269,COM00349.00,2012,Clean coal,F.ant,7300000
2270,COM00349.00,2012,Coal mined,F.ant,7300000
2271,COM00349.00,2013,Clean coal,F.ant,6700000
2272,COM00349.00,2013,Coal mined,F.ant,6700000
2273,COM00349.00,2014,Clean coal,F.ant,5200000
2274,COM00349.00,2014,Coal mined,F.ant,5200000
2275,COM00349.00,2015,Clean coal,F.ant,1600000
2276,COM00349.00,2015,Coal mined,F.ant,1600000
2277,COM00349.00,2016,Clean coal,F.ant,2224600
2278,COM00349.00,2016,Coal mined,F.ant,2224600
2279,COM00349.00,2017,Clean coal,F.ant,678200
2280,COM00349.00,2017,Coal mined,F.ant,678200
2281,COM00350.00,2008,Clean coal,F.ant,6100000
2282,COM00350.00,2008,Coal mined,F.ant,6100000
2283,COM00350.00,2009,Clean coal,F.ant,5818000
2284,COM00350.00,2009,Coal mined,F.ant,5818000
2285,COM00350.00,2010,Clean coal,F.ant,8500000
2286,COM00350.00,2010,Coal mined,F.ant,8500000
2287,COM00350.00,2011,Clean coal,F.ant,6600000
2288,COM00350.00,2011,Coal mined,F.ant,6600000
2289,COM00350.00,2012,Clean coal,F.ant,6900000
2290,COM00350.00,2012,Coal mined,F.ant,6900000
2291,COM00350.00,2013,Clean coal,F.ant,7000000
2292,COM00350.00,2013,Coal mined,F.ant,7000000
2293,COM00350.00,2014,Clean coal,F.ant,4900000
2294,COM00350.00,2014,Coal mined,F.ant,4900000
2295,COM00350.00,2015,Clean coal,F.ant,1800000
2296,COM00350.00,2015,Coal mined,F.ant,1800000
2297,COM00350.00,2016,Clean coal,F.ant,2305600
2298,COM00350.00,2016,Coal mined,F.ant,2305600
2299,COM00350.00,2017,Clean coal,F.ant,591000
2300,COM00350.00,2017,Coal mined,F.ant,591000
2301,COM00353.00,2000,Clean coal,F.coal,453600
2302,COM00353.00,2000,Coal mined,F.coal,453600
2303,COM00353.00,2001,Clean coal,F.coal,1632960
2304,COM00353.00,2001,Coal mined,F.coal,1632960
2305,COM00353.00,2002,Clean coal,F.coal,1814400
2306,COM00353.00,2002,Coal mined,F.coal,1814400
2307,COM00353.00,2003,Clean coal,F.coal,2268000
2308,COM00353.00,2003,Coal mined,F.coal,2268000
2309,COM00353.00,2004,Clean coal,F.coal,3447360
2310,COM00353.00,2004,Coal mined,F.coal,3447360
2311,COM00353.00,2005,Clean coal,F.coal,4445280
2312,COM00353.00,2005,Coal mined,F.coal,4445280
2313,COM00353.00,2006,Clean coal,F.coal,3810240
2314,COM00353.00,2006,Coal mined,F.coal,3810240
2315,COM00353.00,2007,Clean coal,F.coal,3628800
2316,COM00353.00,2007,Coal mined,F.coal,3628800
2317,COM00353.00,2008,Clean coal,F.coal,3900960
2318,COM00353.00,2008,Coal mined,F.coal,3900960
2319,COM00353.00,2009,Clean coal,F.coal,2903040
2320,COM00353.00,2009,Coal mined,F.coal,2903040
2321,COM00353.00,2010,Clean coal,F.coal,2086560
2322,COM00353.00,2010,Coal mined,F.coal,2086560
2323,COM00353.00,2011,Clean coal,F.coal,1995840
2324,COM00353.00,2011,Coal mined,F.coal,1995840
2325,COM00353.00,2012,Clean coal,F.coal,1542240
2326,COM00353.00,2012,Coal mined,F.coal,1542240
2327,COM00358.00,2000,Clean coal,F.stc,386000
2328,COM00358.00,2000,Coal mined,F.stc,386000
2329,COM00358.00,2001,Clean coal,F.stc,182000
2330,COM00358.00,2001,Coal mined,F.stc,182000
2331,COM00361.00,2009,Clean coal,F.coc,600000
2332,COM00361.00,2009,Clean coal,F.stc,100000
2333,COM00361.00,2009,Coal mined,F.coc,600000
2334,COM00361.00,2009,Coal mined,F.stc,100000
2335,COM00361.00,2010,Clean coal,F.coc,1000000
2336,COM00361.00,2010,Clean coal,F.stc,300000
2337,COM00361.00,2010,Coal mined,F.coc,1000000
2338,COM00361.00,2010,Coal mined,F.stc,300000
2339,COM00361.00,2011,Clean coal,F.coc,1600000
2340,COM00361.00,2011,Clean coal,F.stc,200000
2341,COM00361.00,2011,Coal mined,F.coc,1600000
2342,COM00361.00,2011,Coal mined,F.stc,200000
2343,COM00361.00,2012,Clean coal,F.coc,1000000
2344,COM00361.00,2012,Clean coal,F.stc,200000
2345,COM00361.00,2012,Coal mined,F.coc,1000000
2346,COM00361.00,2012,Coal mined,F.stc,200000
2347,COM00361.00,2013,Clean coal,F.coc,800000
2348,COM00361.00,2013,Clean coal,F.stc,400000
2349,COM00361.00,2013,Coal mined,F.coc,800000
2350,COM00361.00,2013,Coal mined,F.stc,400000
2351,COM00362.00,2009,Clean coal,F.stc,400000
2352,COM00362.00,2009,Coal mined,F.stc,400000
2353,COM00362.00,2010,Clean coal,F.stc,500000
2354,COM00362.00,2010,Coal mined,F.stc,500000
2355,COM00362.00,2011,Clean coal,F.stc,400000
2356,COM00362.00,2011,Coal mined,F.stc,400000
2357,COM00362.00,2012,Clean coal,F.stc,400000
2358,COM00362.00,2012,Coal mined,F.stc,400000
2359,COM00362.00,2013,Clean coal,F.stc,600000
2360,COM00362.00,2013,Coal mined,F.stc,600000
2361,COM00362.00,2014,Clean coal,F.stc,300000
2362,COM00362.00,2014,Coal mined,F.stc,300000
2363,COM00362.00,2015,Clean coal,F.stc,500000
2364,COM00362.00,2015,Coal mined,F.stc,500000
2365,COM00362.00,2016,Clean coal,F.stc,400000
2366,COM00362.00,2016,Coal mined,F.stc,400000
2367,COM00362.00,2017,Clean coal,F.stc,200000
2368,COM00362.00,2017,Coal mined,F.stc,200000
2369,COM00362.00,2018,Clean coal,F.stc,400000
2370,COM00362.00,2018,Coal mined,F.stc,400000
2371,COM00362.00,2019,Clean coal,F.stc,300000
2372,COM00362.00,2019,Coal mined,F.stc,300000
2373,COM00362.00,2020,Clean coal,F.stc,300000
2374,COM00362.00,2020,Coal mined,F.stc,300000
2375,COM00364.00,2015,Clean coal,F.sbc,453600
2376,COM00364.00,2015,Coal mined,F.sbc,453600
2377,COM00364.00,2016,Clean coal,F.sbc,1632960
2378,COM00364.00,2016,Coal mined,F.sbc,1632960
2379,COM00364.00,2017,Clean coal,F.sbc,2177280
2380,COM00364.00,2017,Coal mined,F.sbc,2177280
2381,COM00364.00,2018,Clean coal,F.obc,1905120
2382,COM00364.00,2018,Coal mined,F.obc,1905120
2383,COM00364.00,2019,Clean coal,F.obc,1360800
2384,COM00364.00,2019,Coal mined,F.obc,1360800
2385,COM00366.00,2000,Clean coal,F.coal,25120000
2386,COM00366.00,2000,Coal mined,F.coal,25120000
2387,COM00366.00,2001,Clean coal,F.coal,28030000
2388,COM00366.00,2001,Coal mined,F.coal,28030000
2389,COM00366.00,2002,Clean coal,F.coal,28550000
2390,COM00366.00,2002,Coal mined,F.coal,28550000
2391,COM00366.00,2003,Clean coal,F.coal,27180000
2392,COM00366.00,2003,Coal mined,F.coal,27180000
2393,COM00366.00,2004,Clean coal,F.coal,28000000
2394,COM00366.00,2004,Coal mined,F.coal,28000000
2395,COM00366.00,2005,Clean coal,F.coal,27250000
2396,COM00366.00,2005,Coal mined,F.coal,27250000
2397,COM00366.00,2006,Clean coal,F.coal,31110000
2398,COM00366.00,2006,Coal mined,F.coal,31110000
2399,COM00366.00,2007,Clean coal,F.coal,30470000
2400,COM00366.00,2007,Coal mined,F.coal,30470000
2401,COM00366.00,2008,Clean coal,F.coc,37000
2402,COM00366.00,2008,Clean coal,F.stc,24022000
2403,COM00366.00,2008,Coal mined,F.coc,37000
2404,COM00366.00,2008,Coal mined,F.stc,24022000
2405,COM00366.00,2009,Clean coal,F.coc,48000
2406,COM00366.00,2009,Clean coal,F.stc,28087000
2407,COM00366.00,2009,Coal mined,F.coc,48000
2408,COM00366.00,2009,Coal mined,F.stc,28087000
2409,COM00366.00,2010,Clean coal,F.coc,62000
2410,COM00366.00,2010,Clean coal,F.stc,29996000
2411,COM00366.00,2010,Coal mined,F.coc,62000
2412,COM00366.00,2010,Coal mined,F.stc,29996000
2413,COM00366.00,2011,Clean coal,F.coc,46000
2414,COM00366.00,2011,Clean coal,F.stc,30757000
2415,COM00366.00,2011,Coal mined,F.coc,46000
2416,COM00366.00,2011,Coal mined,F.stc,30757000
2417,COM00366.00,2012,Clean coal,F.coc,51000
2418,COM00366.00,2012,Clean coal,F.stc,30508000
2419,COM00366.00,2012,Coal mined,F.coc,51000
2420,COM00366.00,2012,Coal mined,F.stc,30508000
2421,COM00366.00,2013,Clean coal,F.coc,130000
2422,COM00366.00,2013,Clean coal,F.stc,33860000
2423,COM00366.00,2013,Coal mined,F.coc,130000
2424,COM00366.00,2013,Coal mined,F.stc,33860000
2425,COM00366.00,2014,Clean coal,F.coc,480000
2426,COM00366.00,2014,Clean coal,F.stc,35990000
2427,COM00366.00,2014,Coal mined,F.coc,480000
2428,COM00366.00,2014,Coal mined,F.stc,35990000
2429,COM00366.00,2015,Clean coal,F.coc,34000
2430,COM00366.00,2015,Clean coal,F.stc,39974000
2431,COM00366.00,2015,Coal mined,F.coc,34000
2432,COM00366.00,2015,Coal mined,F.stc,39974000
2433,COM00366.00,2016,Clean coal,F.coc,12000
2434,COM00366.00,2016,Clean coal,F.stc,40197000
2435,COM00366.00,2016,Coal mined,F.coc,12000
2436,COM00366.00,2016,Coal mined,F.stc,40197000
2437,COM00366.00,2017,Clean coal,F.coc,31000
2438,COM00366.00,2017,Clean coal,F.stc,40486000
2439,COM00366.00,2017,Coal mined,F.coc,31000
2440,COM00366.00,2017,Coal mined,F.stc,40486000
2441,COM00366.00,2018,Clean coal,F.coc,34000
2442,COM00366.00,2018,Clean coal,F.stc,43534000
2443,COM00366.00,2018,Coal mined,F.coc,34000
2444,COM00366.00,2018,Coal mined,F.stc,43534000
2445,COM00366.00,2019,Clean coal,F.coc,29000
2446,COM00366.00,2019,Clean coal,F.stc,50131000
2447,COM00366.00,2019,Coal mined,F.coc,29000
2448,COM00366.00,2019,Coal mined,F.stc,50131000
2449,COM00366.00,2020,Clean coal,F.coc,26000
2450,COM00366.00,2020,Clean coal,F.stc,50376000
2451,COM00366.00,2020,Coal mined,F.coc,26000
2452,COM00366.00,2020,Coal mined,F.stc,50376000
2453,COM00375.00,2010,Clean coal,F.stc,2991000
2454,COM00375.00,2010,Coal mined,F.stc,2991000
2455,COM00375.00,2011,Clean coal,F.stc,3565000
2456,COM00375.00,2011,Coal mined,F.stc,3565000
2457,COM00380.00,2000,Clean coal,F.stc,4445280
2458,COM00380.00,2000,Coal mined,F.stc,4445280
2459,COM00380.00,2001,Clean coal,F.stc,4717440
2460,COM00380.00,2001,Coal mined,F.stc,4717440
2461,COM00380.00,2002,Clean coal,F.stc,5806080
2462,COM00380.00,2002,Coal mined,F.stc,5806080
2463,COM00380.00,2003,Clean coal,F.stc,6259680
2464,COM00380.00,2003,Coal mined,F.stc,6259680
2465,COM00380.00,2004,Clean coal,F.stc,5261760
2466,COM00380.00,2004,Coal mined,F.stc,5261760
2467,COM00380.00,2005,Clean coal,F.stc,4808160
2468,COM00380.00,2005,Coal mined,F.stc,4808160
2469,COM00380.00,2006,Clean coal,F.stc,4989600
2470,COM00380.00,2006,Coal mined,F.stc,4989600
2471,COM00380.00,2007,Clean coal,F.stc,4808160
2472,COM00380.00,2007,Coal mined,F.stc,4808160
2473,COM00380.00,2008,Clean coal,F.stc,5987520
2474,COM00380.00,2008,Coal mined,F.stc,5987520
2475,COM00380.00,2009,Clean coal,F.stc,6259680
2476,COM00380.00,2009,Coal mined,F.stc,6259680
2477,COM00380.00,2010,Clean coal,F.stc,7439040
2478,COM00380.00,2010,Coal mined,F.stc,7439040
2479,COM00380.00,2011,Clean coal,F.stc,9162720
2480,COM00380.00,2011,Coal mined,F.stc,9162720
2481,COM00380.00,2012,Clean coal,F.stc,8981280
2482,COM00380.00,2012,Coal mined,F.stc,8981280
2483,COM00380.00,2013,Clean coal,F.stc,7892640
2484,COM00380.00,2013,Coal mined,F.stc,7892640
2485,COM00380.00,2014,Clean coal,F.stc,7620480
2486,COM00380.00,2014,Coal mined,F.stc,7620480
2487,COM00380.00,2015,Clean coal,F.stc,6804000
2488,COM00380.00,2015,Coal mined,F.stc,6804000
2489,COM00380.00,2016,Clean coal,F.stc,4445280
2490,COM00380.00,2016,Coal mined,F.stc,4445280
2491,COM00380.00,2017,Clean coal,F.stc,4445280
2492,COM00380.00,2017,Coal mined,F.stc,4445280
2493,COM00380.00,2018,Clean coal,F.stc,4989600
2494,COM00380.00,2018,Coal mined,F.stc,4989600
2495,COM00380.00,2019,Clean coal,F.stc,4989600
2496,COM00380.00,2019,Coal mined,F.stc,4989600
2497,COM00387.00,2012,Clean coal,F.coc,200000
2498,COM00387.00,2012,Clean coal,F.stc,100000
2499,COM00387.00,2012,Coal mined,F.coc,200000
2500,COM00387.00,2012,Coal mined,F.stc,100000
2501,COM00387.00,2013,Clean coal,F.coc,40000
2502,COM00387.00,2013,Clean coal,F.stc,110000
2503,COM00387.00,2013,Coal mined,F.coc,40000
2504,COM00387.00,2013,Coal mined,F.stc,110000
2505,COM00387.00,2014,Clean coal,F.coc,700000
2506,COM00387.00,2014,Clean coal,F.stc,500000
2507,COM00387.00,2014,Coal mined,F.coc,700000
2508,COM00387.00,2014,Coal mined,F.stc,500000
2509,COM00387.00,2015,Clean coal,F.coc,2600000
2510,COM00387.00,2015,Clean coal,F.stc,1300000
2511,COM00387.00,2015,Coal mined,F.coc,2600000
2512,COM00387.00,2015,Coal mined,F.stc,1300000
2513,COM00387.00,2016,Clean coal,F.coc,2800000
2514,COM00387.00,2016,Clean coal,F.stc,900000
2515,COM00387.00,2016,Coal mined,F.coc,2800000
2516,COM00387.00,2016,Coal mined,F.stc,900000
2517,COM00387.00,2017,Clean coal,F.coc,3500000
2518,COM00387.00,2017,Clean coal,F.stc,700000
2519,COM00387.00,2017,Coal mined,F.coc,3500000
2520,COM00387.00,2017,Coal mined,F.stc,700000
2521,COM00387.00,2018,Clean coal,F.coc,3400000
2522,COM00387.00,2018,Clean coal,F.stc,1500000
2523,COM00387.00,2018,Coal mined,F.coc,3400000
2524,COM00387.00,2018,Coal mined,F.stc,1500000
2525,COM00387.00,2019,Clean coal,F.coc,2800000
2526,COM00387.00,2019,Clean coal,F.stc,1500000
2527,COM00387.00,2019,Coal mined,F.coc,2800000
2528,COM00387.00,2019,Coal mined,F.stc,1500000
2529,COM00389.00,2003,Clean coal,F.coal,181440
2530,COM00389.00,2003,Coal mined,F.coal,181440
2531,COM00389.00,2004,Clean coal,F.coal,272160
2532,COM00389.00,2004,Coal mined,F.coal,272160
2533,COM00389.00,2005,Clean coal,F.coal,1088640
2534,COM00389.00,2005,Coal mined,F.coal,1088640
2535,COM00389.00,2006,Clean coal,F.coal,997920
2536,COM00389.00,2006,Coal mined,F.coal,997920
2537,COM00389.00,2007,Clean coal,F.coal,907200
2538,COM00389.00,2007,Coal mined,F.coal,907200
2539,COM00389.00,2008,Clean coal,F.coal,997920
2540,COM00389.00,2008,Coal mined,F.coal,997920
2541,COM00389.00,2009,Clean coal,F.coal,1088640
2542,COM00389.00,2009,Coal mined,F.coal,1088640
2543,COM00389.00,2010,Clean coal,F.coal,907200
2544,COM00389.00,2010,Coal mined,F.coal,907200
2545,COM00393.00,2000,Clean coal,F.coal,4404000
2546,COM00393.00,2000,Coal mined,F.coal,4404000
2547,COM00393.00,2001,Clean coal,F.coal,5546000
2548,COM00393.00,2001,Coal mined,F.coal,5546000
2549,COM00393.00,2002,Clean coal,F.coal,5308000
2550,COM00393.00,2002,Coal mined,F.coal,5308000
2551,COM00393.00,2003,Clean coal,F.coal,6485000
2552,COM00393.00,2003,Coal mined,F.coal,6485000
2553,COM00393.00,2004,Clean coal,F.coal,8088000
2554,COM00393.00,2004,Coal mined,F.coal,8088000
2555,COM00393.00,2005,Clean coal,F.coal,8870000
2556,COM00393.00,2005,Coal mined,F.coal,8870000
2557,COM00393.00,2006,Clean coal,F.coal,7701000
2558,COM00393.00,2006,Coal mined,F.coal,7701000
2559,COM00393.00,2007,Clean coal,F.coal,8011000
2560,COM00393.00,2007,Coal mined,F.coal,8011000
2561,COM00393.00,2008,Clean coal,F.coal,4928000
2562,COM00393.00,2008,Coal mined,F.coal,4928000
2563,COM00393.00,2009,Clean coal,F.coal,7584000
2564,COM00393.00,2009,Coal mined,F.coal,7584000
2565,COM00399.00,2001,Clean coal,F.lig,8400000
2566,COM00399.00,2001,Coal mined,F.lig,8400000
2567,COM00399.00,2002,Clean coal,F.lig,8000000
2568,COM00399.00,2002,Coal mined,F.lig,8000000
2569,COM00399.00,2003,Clean coal,F.lig,7900000
2570,COM00399.00,2003,Coal mined,F.lig,7900000
2571,COM00399.00,2004,Clean coal,F.lig,7800000
2572,COM00399.00,2004,Coal mined,F.lig,7800000
2573,COM00399.00,2005,Clean coal,F.lig,7800000
2574,COM00399.00,2005,Coal mined,F.lig,7800000
2575,COM00399.00,2006,Clean coal,F.lig,7600000
2576,COM00399.00,2006,Coal mined,F.lig,7600000
2577,COM00399.00,2007,Clean coal,F.lig,6900000
2578,COM00399.00,2007,Coal mined,F.lig,6900000
2579,COM00399.00,2008,Clean coal,F.lig,6900000
2580,COM00399.00,2008,Coal mined,F.lig,6900000
2581,COM00399.00,2009,Clean coal,F.lig,7000000
2582,COM00399.00,2009,Coal mined,F.lig,7000000
2583,COM00399.00,2010,Clean coal,F.lig,6600000
2584,COM00399.00,2010,Coal mined,F.lig,6600000
2585,COM00399.00,2011,Clean coal,F.lig,6300000
2586,COM00399.00,2011,Coal mined,F.lig,6300000
2587,COM00399.00,2012,Clean coal,F.lig,6100000
2588,COM00399.00,2012,Coal mined,F.lig,6100000
2589,COM00399.00,2013,Clean coal,F.lig,5600000
2590,COM00399.00,2013,Coal mined,F.lig,5600000
2591,COM00399.00,2014,Clean coal,F.lig,5195534
2592,COM00399.00,2014,Coal mined,F.lig,5195534
2593,COM00399.00,2015,Clean coal,F.lig,5955768
2594,COM00399.00,2015,Coal mined,F.lig,5955768
2595,COM00399.00,2016,Clean coal,F.lig,5475859
2596,COM00399.00,2016,Coal mined,F.lig,5475859
2597,COM00399.00,2017,Clean coal,F.lig,5713546
2598,COM00399.00,2017,Coal mined,F.lig,5713546
2599,COM00404.00,2015,Clean coal,F.stc,1365000
2600,COM00404.00,2015,Coal mined,F.stc,1365000
2601,COM00404.00,2016,Clean coal,F.stc,3904000
2602,COM00404.00,2016,Coal mined,F.stc,3904000
2603,COM00404.00,2017,Clean coal,F.stc,4060000
2604,COM00404.00,2017,Coal mined,F.stc,4060000
2605,COM00404.00,2018,Clean coal,F.stc,4195000
2606,COM00404.00,2018,Coal mined,F.stc,4195000
2607,COM00404.00,2019,Clean coal,F.stc,4511000
2608,COM00404.00,2019,Coal mined,F.stc,4511000
2609,COM00404.00,2020,Clean coal,F.stc,3834000
2610,COM00404.00,2020,Coal mined,F.stc,3834000
2611,COM00408.00,2000,Clean coal,F.lig,6985440
2612,COM00408.00,2000,Coal mined,F.lig,6985440
2613,COM00408.00,2001,Clean coal,F.lig,6985440
2614,COM00408.00,2001,Coal mined,F.lig,6985440
2615,COM00408.00,2002,Clean coal,F.lig,6894720
2616,COM00408.00,2002,Coal mined,F.lig,6894720
2617,COM00408.00,2003,Clean coal,F.lig,7257600
2618,COM00408.00,2003,Coal mined,F.lig,7257600
2619,COM00408.00,2004,Clean coal,F.lig,6894720
2620,COM00408.00,2004,Coal mined,F.lig,6894720
2621,COM00408.00,2005,Clean coal,F.lig,6985440
2622,COM00408.00,2005,Coal mined,F.lig,6985440
2623,COM00408.00,2006,Clean coal,F.lig,7439040
2624,COM00408.00,2006,Coal mined,F.lig,7439040
2625,COM00408.00,2007,Clean coal,F.lig,7166880
2626,COM00408.00,2007,Coal mined,F.lig,7166880
2627,COM00408.00,2008,Clean coal,F.lig,6804000
2628,COM00408.00,2008,Coal mined,F.lig,6804000
2629,COM00408.00,2009,Clean coal,F.lig,7348320
2630,COM00408.00,2009,Coal mined,F.lig,7348320
2631,COM00408.00,2010,Clean coal,F.lig,6894720
2632,COM00408.00,2010,Coal mined,F.lig,6894720
2633,COM00408.00,2011,Clean coal,F.lig,6804000
2634,COM00408.00,2011,Coal mined,F.lig,6804000
2635,COM00408.00,2012,Clean coal,F.lig,7257600
2636,COM00408.00,2012,Coal mined,F.lig,7257600
2637,COM00408.00,2013,Clean coal,F.lig,6985440
2638,COM00408.00,2013,Coal mined,F.lig,6985440
2639,COM00408.00,2014,Clean coal,F.lig,7076160
2640,COM00408.00,2014,Coal mined,F.lig,7076160
2641,COM00408.00,2015,Clean coal,F.lig,7257600
2642,COM00408.00,2015,Coal mined,F.lig,7257600
2643,COM00408.00,2016,Clean coal,F.lig,6531840
2644,COM00408.00,2016,Coal mined,F.lig,6531840
2645,COM00408.00,2017,Clean coal,F.lig,6531840
2646,COM00408.00,2017,Coal mined,F.lig,6531840
2647,COM00408.00,2018,Clean coal,F.lig,7620480
2648,COM00408.00,2018,Coal mined,F.lig,7620480
2649,COM00408.00,2019,Clean coal,F.lig,6713280
2650,COM00408.00,2019,Coal mined,F.lig,6713280
2651,COM00409.00,2000,Clean coal,F.stc,3175200
2652,COM00409.00,2000,Coal mined,F.stc,3175200
2653,COM00409.00,2001,Clean coal,F.stc,3719520
2654,COM00409.00,2001,Coal mined,F.stc,3719520
2655,COM00409.00,2002,Clean coal,F.stc,3719520
2656,COM00409.00,2002,Coal mined,F.stc,3719520
2657,COM00409.00,2003,Clean coal,F.stc,3900960
2658,COM00409.00,2003,Coal mined,F.stc,3900960
2659,COM00409.00,2004,Clean coal,F.stc,3810240
2660,COM00409.00,2004,Coal mined,F.stc,3810240
2661,COM00409.00,2005,Clean coal,F.stc,3447360
2662,COM00409.00,2005,Coal mined,F.stc,3447360
2663,COM00409.00,2006,Clean coal,F.stc,3447360
2664,COM00409.00,2006,Coal mined,F.stc,3447360
2665,COM00409.00,2007,Clean coal,F.stc,3175200
2666,COM00409.00,2007,Coal mined,F.stc,3175200
2667,COM00409.00,2008,Clean coal,F.stc,3084480
2668,COM00409.00,2008,Coal mined,F.stc,3084480
2669,COM00409.00,2009,Clean coal,F.stc,3175200
2670,COM00409.00,2009,Coal mined,F.stc,3175200
2671,COM00409.00,2010,Clean coal,F.stc,1360800
2672,COM00409.00,2010,Coal mined,F.stc,1360800
2673,COM00411.00,2000,Clean coal,F.stc,3810240
2674,COM00411.00,2000,Coal mined,F.stc,3810240
2675,COM00411.00,2001,Clean coal,F.stc,4263840
2676,COM00411.00,2001,Coal mined,F.stc,4263840
2677,COM00411.00,2002,Clean coal,F.stc,4536000
2678,COM00411.00,2002,Coal mined,F.stc,4536000
2679,COM00411.00,2003,Clean coal,F.stc,3719520
2680,COM00411.00,2003,Coal mined,F.stc,3719520
2681,COM00411.00,2004,Clean coal,F.stc,4445280
2682,COM00411.00,2004,Coal mined,F.stc,4445280
2683,COM00411.00,2005,Clean coal,F.stc,3719520
2684,COM00411.00,2005,Coal mined,F.stc,3719520
2685,COM00411.00,2006,Clean coal,F.stc,4173120
2686,COM00411.00,2006,Coal mined,F.stc,4173120
2687,COM00411.00,2007,Clean coal,F.stc,3628800
2688,COM00411.00,2007,Coal mined,F.stc,3628800
2689,COM00411.00,2008,Clean coal,F.stc,2812320
2690,COM00411.00,2008,Coal mined,F.stc,2812320
2691,COM00411.00,2009,Clean coal,F.stc,3447360
2692,COM00411.00,2009,Coal mined,F.stc,3447360
2693,COM00411.00,2010,Clean coal,F.stc,3356640
2694,COM00411.00,2010,Coal mined,F.stc,3356640
2695,COM00411.00,2011,Clean coal,F.stc,3356640
2696,COM00411.00,2011,Coal mined,F.stc,3356640
2697,COM00411.00,2012,Clean coal,F.stc,3628800
2698,COM00411.00,2012,Coal mined,F.stc,3628800
2699,COM00414.00,2012,Clean coal,F.lig,90720
2700,COM00414.00,2012,Coal mined,F.lig,90720
2701,COM00414.00,2013,Clean coal,F.lig,90720
2702,COM00414.00,2013,Coal mined,F.lig,90720
2703,COM00414.00,2014,Clean coal,F.lig,90720
2704,COM00414.00,2014,Coal mined,F.lig,90720
2705,COM00414.00,2015,Clean coal,F.lig,181440
2706,COM00414.00,2015,Coal mined,F.lig,181440
2707,COM00414.00,2016,Clean coal,F.lig,181440
2708,COM00414.00,2016,Coal mined,F.lig,181440
2709,COM00414.00,2017,Clean coal,F.lig,362880
2710,COM00414.00,2017,Coal mined,F.lig,362880
2711,COM00414.00,2018,Clean coal,F.lig,181440
2712,COM00414.00,2018,Coal mined,F.lig,181440
2713,COM00414.00,2019,Clean coal,F.lig,90720
2714,COM00414.00,2019,Coal mined,F.lig,90720
2715,COM00416.00,2005,Clean coal,F.coal,822111
2716,COM00416.00,2005,Coal mined,F.coal,822111
2717,COM00416.00,2006,Clean coal,F.coal,1558842
2718,COM00416.00,2006,Coal mined,F.coal,1558842
2719,COM00416.00,2007,Clean coal,F.coal,1185191
2720,COM00416.00,2007,Coal mined,F.coal,1185191
2721,COM00416.00,2008,Clean coal,F.coal,958000
2722,COM00416.00,2008,Coal mined,F.coal,958000
2723,COM00416.00,2009,Clean coal,F.coal,726479
2724,COM00416.00,2009,Coal mined,F.coal,726479
2725,COM00416.00,2010,Clean coal,F.coal,772534
2726,COM00416.00,2010,Coal mined,F.coal,772534
2727,COM00424.00,2008,Clean coal,F.coc,1172500
2728,COM00424.00,2008,Coal mined,F.coc,1172500
2729,COM00424.00,2009,Clean coal,F.coc,1595900
2730,COM00424.00,2009,Coal mined,F.coc,1595900
2731,COM00424.00,2010,Clean coal,F.coc,1665700
2732,COM00424.00,2010,Coal mined,F.coc,1665700
2733,COM00424.00,2011,Clean coal,F.coc,1417100
2734,COM00424.00,2011,Coal mined,F.coc,1417100
2735,COM00424.00,2012,Clean coal,F.coc,1896000
2736,COM00424.00,2012,Coal mined,F.coc,1896000
2737,COM00424.00,2013,Clean coal,F.coc,1966600
2738,COM00424.00,2013,Coal mined,F.coc,1966600
2739,COM00424.00,2014,Clean coal,F.coc,2034500
2740,COM00424.00,2014,Coal mined,F.coc,2034500
2741,COM00424.00,2015,Clean coal,F.coc,1860600
2742,COM00424.00,2015,Coal mined,F.coc,1860600
2743,COM00424.00,2016,Clean coal,F.coc,1439400
2744,COM00424.00,2016,Coal mined,F.coc,1439400
2745,COM00425.00,2000,Clean coal,F.stc,2540160
2746,COM00425.00,2000,Coal mined,F.stc,2540160
2747,COM00425.00,2001,Clean coal,F.stc,1995840
2748,COM00425.00,2001,Coal mined,F.stc,1995840
2749,COM00425.00,2002,Clean coal,F.stc,2177280
2750,COM00425.00,2002,Coal mined,F.stc,2177280
2751,COM00425.00,2003,Clean coal,F.stc,2268000
2752,COM00425.00,2003,Coal mined,F.stc,2268000
2753,COM00425.00,2004,Clean coal,F.stc,2721600
2754,COM00425.00,2004,Coal mined,F.stc,2721600
2755,COM00425.00,2005,Clean coal,F.stc,2721600
2756,COM00425.00,2005,Coal mined,F.stc,2721600
2757,COM00425.00,2006,Clean coal,F.stc,2812320
2758,COM00425.00,2006,Coal mined,F.stc,2812320
2759,COM00425.00,2007,Clean coal,F.stc,2812320
2760,COM00425.00,2007,Coal mined,F.stc,2812320
2761,COM00425.00,2008,Clean coal,F.stc,3084480
2762,COM00425.00,2008,Coal mined,F.stc,3084480
2763,COM00425.00,2009,Clean coal,F.stc,3084480
2764,COM00425.00,2009,Coal mined,F.stc,3084480
2765,COM00425.00,2010,Clean coal,F.stc,2449440
2766,COM00425.00,2010,Coal mined,F.stc,2449440
2767,COM00425.00,2011,Clean coal,F.stc,2721600
2768,COM00425.00,2011,Coal mined,F.stc,2721600
2769,COM00425.00,2012,Clean coal,F.stc,2540160
2770,COM00425.00,2012,Coal mined,F.stc,2540160
2771,COM00425.00,2013,Clean coal,F.stc,2630880
2772,COM00425.00,2013,Coal mined,F.stc,2630880
2773,COM00425.00,2014,Clean coal,F.stc,2812320
2774,COM00425.00,2014,Coal mined,F.stc,2812320
2775,COM00425.00,2015,Clean coal,F.stc,2630880
2776,COM00425.00,2015,Coal mined,F.stc,2630880
2777,COM00425.00,2016,Clean coal,F.stc,1905120
2778,COM00425.00,2016,Coal mined,F.stc,1905120
2779,COM00425.00,2017,Clean coal,F.stc,1995840
2780,COM00425.00,2017,Coal mined,F.stc,1995840
2781,COM00425.00,2018,Clean coal,F.stc,1995840
2782,COM00425.00,2018,Coal mined,F.stc,1995840
2783,COM00425.00,2019,Clean coal,F.stc,1814400
2784,COM00425.00,2019,Coal mined,F.stc,1814400
2785,COM00428.00,2000,Clean coal,F.lig,14696640
2786,COM00428.00,2000,Coal mined,F.lig,14696640
2787,COM00428.00,2001,Clean coal,F.lig,14243040
2788,COM00428.00,2001,Coal mined,F.lig,14243040
2789,COM00428.00,2002,Clean coal,F.lig,14333760
2790,COM00428.00,2002,Coal mined,F.lig,14333760
2791,COM00428.00,2003,Clean coal,F.lig,14515200
2792,COM00428.00,2003,Coal mined,F.lig,14515200
2793,COM00428.00,2004,Clean coal,F.lig,13698720
2794,COM00428.00,2004,Coal mined,F.lig,13698720
2795,COM00428.00,2005,Clean coal,F.lig,13608000
2796,COM00428.00,2005,Coal mined,F.lig,13608000
2797,COM00428.00,2006,Clean coal,F.lig,13880160
2798,COM00428.00,2006,Coal mined,F.lig,13880160
2799,COM00428.00,2007,Clean coal,F.lig,13426560
2800,COM00428.00,2007,Coal mined,F.lig,13426560
2801,COM00428.00,2008,Clean coal,F.lig,13335840
2802,COM00428.00,2008,Coal mined,F.lig,13335840
2803,COM00428.00,2009,Clean coal,F.lig,13698720
2804,COM00428.00,2009,Coal mined,F.lig,13698720
2805,COM00428.00,2010,Clean coal,F.lig,13245120
2806,COM00428.00,2010,Coal mined,F.lig,13245120
2807,COM00428.00,2011,Clean coal,F.lig,12247200
2808,COM00428.00,2011,Coal mined,F.lig,12247200
2809,COM00428.00,2012,Clean coal,F.lig,11884320
2810,COM00428.00,2012,Coal mined,F.lig,11884320
2811,COM00428.00,2013,Clean coal,F.lig,12519360
2812,COM00428.00,2013,Coal mined,F.lig,12519360
2813,COM00428.00,2014,Clean coal,F.lig,12972960
2814,COM00428.00,2014,Coal mined,F.lig,12972960
2815,COM00428.00,2015,Clean coal,F.lig,13063680
2816,COM00428.00,2015,Coal mined,F.lig,13063680
2817,COM00428.00,2016,Clean coal,F.lig,12791520
2818,COM00428.00,2016,Coal mined,F.lig,12791520
2819,COM00428.00,2017,Clean coal,F.lig,13335840
2820,COM00428.00,2017,Coal mined,F.lig,13335840
2821,COM00428.00,2018,Clean coal,F.lig,12882240
2822,COM00428.00,2018,Coal mined,F.lig,12882240
2823,COM00428.00,2019,Clean coal,F.lig,12247200
2824,COM00428.00,2019,Coal mined,F.lig,12247200
2825,COM00441.00,2011,Clean coal,F.coal,1900000
2826,COM00441.00,2011,Coal mined,F.coal,1900000
2827,COM00441.00,2012,Clean coal,F.coal,4100000
2828,COM00441.00,2012,Coal mined,F.coal,4100000
2829,COM00441.00,2013,Clean coal,F.coal,6000000
2830,COM00441.00,2013,Coal mined,F.coal,6000000
2831,COM00441.00,2014,Clean coal,F.coal,8600000
2832,COM00441.00,2014,Coal mined,F.coal,8600000
2833,COM00441.00,2015,Clean coal,F.coal,10000000
2834,COM00441.00,2015,Coal mined,F.coal,10000000
2835,COM00441.00,2016,Clean coal,F.coal,10500000
2836,COM00441.00,2016,Coal mined,F.coal,10500000
2837,COM00441.00,2017,Clean coal,F.coal,9000000
2838,COM00441.00,2017,Coal mined,F.coal,9000000
2839,COM00441.00,2018,Clean coal,F.coal,9700000
2840,COM00441.00,2018,Coal mined,F.coal,9700000
2841,COM00441.00,2019,Clean coal,F.coal,10000000
2842,COM00441.00,2019,Coal mined,F.coal,10000000
2843,COM00441.00,2020,Clean coal,F.coal,9000000
2844,COM00441.00,2020,Coal mined,F.coal,9000000
2845,COM00445.00,2005,Clean coal,F.stc,453600
2846,COM00445.00,2005,Coal mined,F.stc,453600
2847,COM00445.00,2006,Clean coal,F.stc,2358720
2848,COM00445.00,2006,Coal mined,F.stc,2358720
2849,COM00445.00,2007,Clean coal,F.stc,2449440
2850,COM00445.00,2007,Coal mined,F.stc,2449440
2851,COM00445.00,2008,Clean coal,F.stc,2903040
2852,COM00445.00,2008,Coal mined,F.stc,2903040
2853,COM00445.00,2009,Clean coal,F.stc,2993760
2854,COM00445.00,2009,Coal mined,F.stc,2993760
2855,COM00445.00,2010,Clean coal,F.stc,2903040
2856,COM00445.00,2010,Coal mined,F.stc,2903040
2857,COM00445.00,2011,Clean coal,F.stc,2993760
2858,COM00445.00,2011,Coal mined,F.stc,2993760
2859,COM00445.00,2012,Clean coal,F.stc,2540160
2860,COM00445.00,2012,Coal mined,F.stc,2540160
2861,COM00445.00,2013,Clean coal,F.stc,2540160
2862,COM00445.00,2013,Coal mined,F.stc,2540160
2863,COM00445.00,2014,Clean coal,F.stc,2268000
2864,COM00445.00,2014,Coal mined,F.stc,2268000
2865,COM00445.00,2015,Clean coal,F.stc,1632960
2866,COM00445.00,2015,Coal mined,F.stc,1632960
2867,COM00445.00,2016,Clean coal,F.stc,1632960
2868,COM00445.00,2016,Coal mined,F.stc,1632960
2869,COM00445.00,2017,Clean coal,F.stc,2268000
2870,COM00445.00,2017,Coal mined,F.stc,2268000
2871,COM00445.00,2018,Clean coal,F.stc,2812320
2872,COM00445.00,2018,Coal mined,F.stc,2812320
2873,COM00445.00,2019,Clean coal,F.stc,2721600
2874,COM00445.00,2019,Coal mined,F.stc,2721600
2875,COM00448.00,2003,Clean coal,F.sbc,1800000
2876,COM00448.00,2003,Coal mined,F.sbc,1800000
2877,COM00448.00,2004,Clean coal,F.sbc,2100000
2878,COM00448.00,2004,Coal mined,F.sbc,2100000
2879,COM00448.00,2005,Clean coal,F.sbc,2600000
2880,COM00448.00,2005,Coal mined,F.sbc,2600000
2881,COM00448.00,2006,Clean coal,F.sbc,2600000
2882,COM00448.00,2006,Coal mined,F.sbc,2600000
2883,COM00448.00,2007,Clean coal,F.sbc,2400000
2884,COM00448.00,2007,Coal mined,F.sbc,2400000
2885,COM00448.00,2008,Clean coal,F.sbc,1800000
2886,COM00448.00,2008,Coal mined,F.sbc,1800000
2887,COM00448.00,2009,Clean coal,F.sbc,3100000
2888,COM00448.00,2009,Coal mined,F.sbc,3100000
2889,COM00448.00,2010,Clean coal,F.sbc,3200000
2890,COM00448.00,2010,Coal mined,F.sbc,3200000
2891,COM00448.00,2011,Clean coal,F.sbc,3500000
2892,COM00448.00,2011,Coal mined,F.sbc,3500000
2893,COM00448.00,2012,Clean coal,F.sbc,3300000
2894,COM00448.00,2012,Coal mined,F.sbc,3300000
2895,COM00448.00,2013,Clean coal,F.sbc,5200000
2896,COM00448.00,2013,Coal mined,F.sbc,5200000
2897,COM00448.00,2014,Clean coal,F.sbc,5047207
2898,COM00448.00,2014,Coal mined,F.sbc,5047207
2899,COM00448.00,2015,Clean coal,F.sbc,5211864
2900,COM00448.00,2015,Coal mined,F.sbc,5211864
2901,COM00448.00,2016,Clean coal,F.sbc,5104814
2902,COM00448.00,2016,Coal mined,F.sbc,5104814
2903,COM00448.00,2017,Clean coal,F.sbc,5044032
2904,COM00448.00,2017,Coal mined,F.sbc,5044032
2905,COM00480.00,2000,Clean coal,F.coal,90720
2906,COM00480.00,2000,Coal mined,F.coal,90720
2907,COM00480.00,2001,Clean coal,F.coal,1542240
2908,COM00480.00,2001,Coal mined,F.coal,1542240
2909,COM00480.00,2002,Clean coal,F.coal,1723680
2910,COM00480.00,2002,Coal mined,F.coal,1723680
2911,COM00480.00,2003,Clean coal,F.coal,2177280
2912,COM00480.00,2003,Coal mined,F.coal,2177280
2913,COM00480.00,2004,Clean coal,F.coal,2721600
2914,COM00480.00,2004,Coal mined,F.coal,2721600
2915,COM00480.00,2005,Clean coal,F.coal,3084480
2916,COM00480.00,2005,Coal mined,F.coal,3084480
2917,COM00480.00,2006,Clean coal,F.coal,3265920
2918,COM00480.00,2006,Coal mined,F.coal,3265920
2919,COM00480.00,2007,Clean coal,F.coal,2903040
2920,COM00480.00,2007,Coal mined,F.coal,2903040
2921,COM00480.00,2008,Clean coal,F.coal,3447360
2922,COM00480.00,2008,Coal mined,F.coal,3447360
2923,COM00480.00,2009,Clean coal,F.coal,2993760
2924,COM00480.00,2009,Coal mined,F.coal,2993760
2925,COM00480.00,2010,Clean coal,F.coal,2812320
2926,COM00480.00,2010,Coal mined,F.coal,2812320
2927,COM00480.00,2011,Clean coal,F.coal,3084480
2928,COM00480.00,2011,Coal mined,F.coal,3084480
2929,COM00480.00,2012,Clean coal,F.coal,3084480
2930,COM00480.00,2012,Coal mined,F.coal,3084480
2931,COM00480.00,2013,Clean coal,F.coal,3538080
2932,COM00480.00,2013,Coal mined,F.coal,3538080
2933,COM00480.00,2014,Clean coal,F.coal,4173120
2934,COM00480.00,2014,Coal mined,F.coal,4173120
2935,COM00480.00,2015,Clean coal,F.coal,4626720
2936,COM00480.00,2015,Coal mined,F.coal,4626720
2937,COM00480.00,2016,Clean coal,F.coal,3628800
2938,COM00480.00,2016,Coal mined,F.coal,3628800
2939,COM00480.00,2017,Clean coal,F.coal,5443200
2940,COM00480.00,2017,Coal mined,F.coal,5443200
2941,COM00480.00,2018,Clean coal,F.coal,7076160
2942,COM00480.00,2018,Coal mined,F.coal,7076160
2943,COM00480.00,2019,Clean coal,F.coal,6622560
2944,COM00480.00,2019,Coal mined,F.coal,6622560
2945,COM00482.00,2003,Clean coal,F.stc,5961500
2946,COM00482.00,2003,Coal mined,F.stc,5961500
2947,COM00482.00,2004,Clean coal,F.stc,6462100
2948,COM00482.00,2004,Coal mined,F.stc,6462100
2949,COM00482.00,2005,Clean coal,F.stc,6298600
2950,COM00482.00,2005,Coal mined,F.stc,6298600
2951,COM00482.00,2006,Clean coal,F.stc,8534500
2952,COM00482.00,2006,Coal mined,F.stc,8534500
2953,COM00482.00,2007,Clean coal,F.stc,8456200
2954,COM00482.00,2007,Coal mined,F.stc,8456200
2955,COM00482.00,2008,Clean coal,F.stc,7449400
2956,COM00482.00,2008,Coal mined,F.stc,7449400
2957,COM00482.00,2009,Clean coal,F.stc,6905000
2958,COM00482.00,2009,Coal mined,F.stc,6905000
2959,COM00482.00,2010,Clean coal,F.stc,6026200
2960,COM00482.00,2010,Coal mined,F.stc,6026200
2961,COM00482.00,2011,Clean coal,F.stc,5200800
2962,COM00482.00,2011,Coal mined,F.stc,5200800
2963,COM00482.00,2012,Clean coal,F.stc,4859900
2964,COM00482.00,2012,Coal mined,F.stc,4859900
2965,COM00482.00,2013,Clean coal,F.stc,4680800
2966,COM00482.00,2013,Coal mined,F.stc,4680800
2967,COM00482.00,2014,Clean coal,F.stc,4771600
2968,COM00482.00,2014,Coal mined,F.stc,4771600
2969,COM00482.00,2015,Clean coal,F.stc,4287200
2970,COM00482.00,2015,Coal mined,F.stc,4287200
2971,COM00482.00,2016,Clean coal,F.stc,4688600
2972,COM00482.00,2016,Coal mined,F.stc,4688600
2973,COM00482.00,2017,Clean coal,F.stc,4652600
2974,COM00482.00,2017,Coal mined,F.stc,4652600
2975,COM00482.00,2018,Clean coal,F.stc,5441600
2976,COM00482.00,2018,Coal mined,F.stc,5441600
2977,COM00482.00,2019,Clean coal,F.stc,6066300
2978,COM00482.00,2019,Coal mined,F.stc,6066300
2979,COM00482.00,2020,Clean coal,F.stc,6124000
2980,COM00482.00,2020,Coal mined,F.stc,6124000
2981,COM00483.00,2007,Clean coal,F.stc,1600000
2982,COM00483.00,2007,Coal mined,F.stc,1600000
2983,COM00483.00,2008,Clean coal,F.stc,1600000
2984,COM00483.00,2008,Coal mined,F.stc,1600000
2985,COM00483.00,2009,Clean coal,F.stc,2500000
2986,COM00483.00,2009,Coal mined,F.stc,2500000
2987,COM00483.00,2010,Clean coal,F.stc,2730000
2988,COM00483.00,2010,Coal mined,F.stc,2730000
2989,COM00483.00,2011,Clean coal,F.stc,5870000
2990,COM00483.00,2011,Coal mined,F.stc,5870000
2991,COM00483.00,2012,Clean coal,F.stc,6370000
2992,COM00483.00,2012,Coal mined,F.stc,6370000
2993,COM00483.00,2013,Clean coal,F.stc,8160000
2994,COM00483.00,2013,Coal mined,F.stc,8160000
2995,COM00483.00,2014,Clean coal,F.stc,7300000
2996,COM00483.00,2014,Coal mined,F.stc,7300000
2997,COM00483.00,2015,Clean coal,F.stc,8340000
2998,COM00483.00,2015,Coal mined,F.stc,8340000
2999,COM00483.00,2016,Clean coal,F.stc,6530000
3000,COM00483.00,2016,Coal mined,F.stc,6530000
3001,COM00483.00,2017,Clean coal,F.stc,6470000
3002,COM00483.00,2017,Coal mined,F.stc,6470000
3003,COM00483.00,2018,Clean coal,F.stc,6050000
3004,COM00483.00,2018,Coal mined,F.stc,6050000
3005,COM00483.00,2019,Clean coal,F.stc,6990000
3006,COM00483.00,2019,Coal mined,F.stc,6990000
3007,COM00489.00,2000,Clean coal,F.coc,9927000
3008,COM00489.00,2000,Coal mined,F.coc,9927000
3009,COM00489.00,2001,Clean coal,F.coc,11226000
3010,COM00489.00,2001,Coal mined,F.coc,11226000
3011,COM00489.00,2002,Clean coal,F.coc,10954000
3012,COM00489.00,2002,Coal mined,F.coc,10954000
3013,COM00489.00,2003,Clean coal,F.coc,10265000
3014,COM00489.00,2003,Coal mined,F.coc,10265000
3015,COM00489.00,2004,Clean coal,F.coc,10877000
3016,COM00489.00,2004,Coal mined,F.coc,10877000
3017,COM00489.00,2005,Clean coal,F.coc,13306000
3018,COM00489.00,2005,Coal mined,F.coc,13306000
3019,COM00489.00,2006,Clean coal,F.coc,14534000
3020,COM00489.00,2006,Coal mined,F.coc,14534000
3021,COM00489.00,2007,Clean coal,F.coc,14704000
3022,COM00489.00,2007,Coal mined,F.coc,14704000
3023,COM00489.00,2008,Clean coal,F.coc,12074000
3024,COM00489.00,2008,Coal mined,F.coc,12074000
3025,COM00489.00,2009,Clean coal,F.coc,13370000
3026,COM00489.00,2009,Coal mined,F.coc,13370000
3027,COM00489.00,2010,Clean coal,F.coc,13336000
3028,COM00489.00,2010,Coal mined,F.coc,13336000
3029,COM00489.00,2011,Clean coal,F.coc,10718000
3030,COM00489.00,2011,Coal mined,F.coc,10718000
3031,COM00489.00,2012,Clean coal,F.coc,10006000
3032,COM00489.00,2012,Coal mined,F.coc,10006000
3033,COM00489.00,2013,Clean coal,F.coc,12442000
3034,COM00489.00,2013,Coal mined,F.coc,12442000
3035,COM00489.00,2014,Clean coal,F.coc,14660000
3036,COM00489.00,2014,Coal mined,F.coc,14660000
3037,COM00489.00,2015,Clean coal,F.coc,17020000
3038,COM00489.00,2015,Coal mined,F.coc,17020000
3039,COM00489.00,2016,Clean coal,F.coc,17992000
3040,COM00489.00,2016,Coal mined,F.coc,17992000
3041,COM00489.00,2017,Clean coal,F.coc,14710000
3042,COM00489.00,2017,Coal mined,F.coc,14710000
3043,COM00489.00,2018,Clean coal,F.coc,15922000
3044,COM00489.00,2018,Coal mined,F.coc,15922000
3045,COM00489.00,2019,Clean coal,F.coc,17126000
3046,COM00489.00,2019,Coal mined,F.coc,17126000
3047,COM00499.00,2017,Clean coal,F.coal,500000
3048,COM00499.00,2017,Coal mined,F.coal,500000
3049,COM00499.00,2018,Clean coal,F.coal,700000
3050,COM00499.00,2018,Coal mined,F.coal,700000
3051,COM00499.00,2019,Clean coal,F.coal,600000
3052,COM00499.00,2019,Coal mined,F.coal,600000
3053,COM00501.00,2003,Clean coal,F.stc,2712400
3054,COM00501.00,2003,Coal mined,F.stc,2712400
3055,COM00501.00,2004,Clean coal,F.stc,2754800
3056,COM00501.00,2004,Coal mined,F.stc,2754800
3057,COM00501.00,2005,Clean coal,F.stc,2730000
3058,COM00501.00,2005,Coal mined,F.stc,2730000
3059,COM00501.00,2006,Clean coal,F.stc,2778100
3060,COM00501.00,2006,Coal mined,F.stc,2778100
3061,COM00501.00,2007,Clean coal,F.stc,3314900
3062,COM00501.00,2007,Coal mined,F.stc,3314900
3063,COM00501.00,2008,Clean coal,F.stc,3401100
3064,COM00501.00,2008,Coal mined,F.stc,3401100
3065,COM00501.00,2009,Clean coal,F.stc,3294600
3066,COM00501.00,2009,Coal mined,F.stc,3294600
3067,COM00501.00,2010,Clean coal,F.stc,3425000
3068,COM00501.00,2010,Coal mined,F.stc,3425000
3069,COM00501.00,2011,Clean coal,F.stc,2853100
3070,COM00501.00,2011,Coal mined,F.stc,2853100
3071,COM00501.00,2012,Clean coal,F.stc,2883200
3072,COM00501.00,2012,Coal mined,F.stc,2883200
3073,COM00501.00,2013,Clean coal,F.stc,3269500
3074,COM00501.00,2013,Coal mined,F.stc,3269500
3075,COM00501.00,2014,Clean coal,F.stc,3624100
3076,COM00501.00,2014,Coal mined,F.stc,3624100
3077,COM00501.00,2015,Clean coal,F.stc,3876600
3078,COM00501.00,2015,Coal mined,F.stc,3876600
3079,COM00501.00,2016,Clean coal,F.stc,3945300
3080,COM00501.00,2016,Coal mined,F.stc,3945300
3081,COM00501.00,2017,Clean coal,F.stc,3830400
3082,COM00501.00,2017,Coal mined,F.stc,3830400
3083,COM00501.00,2018,Clean coal,F.stc,4451700
3084,COM00501.00,2018,Coal mined,F.stc,4451700
3085,COM00501.00,2019,Clean coal,F.stc,4845900
3086,COM00501.00,2019,Coal mined,F.stc,4845900
3087,COM00501.00,2020,Clean coal,F.stc,4494000
3088,COM00501.00,2020,Coal mined,F.stc,4494000
3089,COM00502.00,2000,Clean coal,F.coc,1620000
3090,COM00502.00,2000,Clean coal,F.coc,4878000
3091,COM00502.00,2000,Coal mined,F.coc,1620000
3092,COM00502.00,2000,Coal mined,F.coc,4878000
3093,COM00502.00,2001,Clean coal,F.coc,2162000
3094,COM00502.00,2001,Clean coal,F.coc,5090000
3095,COM00502.00,2001,Coal mined,F.coc,2162000
3096,COM00502.00,2001,Coal mined,F.coc,5090000
3097,COM00502.00,2002,Clean coal,F.coc,4880000
3098,COM00502.00,2002,Coal mined,F.coc,4880000
3099,COM00502.00,2003,Clean coal,F.coc,5050000
3100,COM00502.00,2003,Coal mined,F.coc,5050000
3101,COM00502.00,2004,Clean coal,F.coc,5718000
3102,COM00502.00,2004,Coal mined,F.coc,5718000
3103,COM00502.00,2005,Clean coal,F.coc,5424000
3104,COM00502.00,2005,Coal mined,F.coc,5424000
3105,COM00502.00,2006,Clean coal,F.coc,5220000
3106,COM00502.00,2006,Coal mined,F.coc,5220000
3107,COM00502.00,2007,Clean coal,F.coc,4924000
3108,COM00502.00,2007,Coal mined,F.coc,4924000
3109,COM00502.00,2008,Clean coal,F.coc,4220000
3110,COM00502.00,2008,Coal mined,F.coc,4220000
3111,COM00502.00,2009,Clean coal,F.coc,5524000
3112,COM00502.00,2009,Coal mined,F.coc,5524000
3113,COM00502.00,2010,Clean coal,F.coc,4796000
3114,COM00502.00,2010,Coal mined,F.coc,4796000
3115,COM00502.00,2011,Clean coal,F.coc,5434000
3116,COM00502.00,2011,Coal mined,F.coc,5434000
3117,COM00502.00,2012,Clean coal,F.coc,2822000
3118,COM00502.00,2012,Coal mined,F.coc,2822000
3119,COM00502.00,2013,Clean coal,F.coc,5046000
3120,COM00502.00,2013,Coal mined,F.coc,5046000
3121,COM00502.00,2014,Clean coal,F.coc,5930000
3122,COM00502.00,2014,Coal mined,F.coc,5930000
3123,COM00502.00,2015,Clean coal,F.coc,6588000
3124,COM00502.00,2015,Coal mined,F.coc,6588000
3125,COM00502.00,2016,Clean coal,F.coc,2658000
3126,COM00502.00,2016,Coal mined,F.coc,2658000
3127,COM00503.00,2012,Clean coal,F.coal,3160000
3128,COM00503.00,2012,Coal mined,F.coal,3160000
3129,COM00503.00,2013,Clean coal,F.coal,3110000
3130,COM00503.00,2013,Coal mined,F.coal,3110000
3131,COM00503.00,2014,Clean coal,F.coal,2830000
3132,COM00503.00,2014,Coal mined,F.coal,2830000
3133,COM00503.00,2015,Clean coal,F.coal,2390000
3134,COM00503.00,2015,Coal mined,F.coal,2390000
3135,COM00503.00,2016,Clean coal,F.coal,2450000
3136,COM00503.00,2016,Coal mined,F.coal,2450000
3137,COM00503.00,2017,Clean coal,F.coal,2500000
3138,COM00503.00,2017,Coal mined,F.coal,2500000
3139,COM00504.00,2000,Clean coal,F.coc,1312000
3140,COM00504.00,2000,Clean coal,F.stc,13413000
3141,COM00504.00,2000,Coal mined,F.coc,1312000
3142,COM00504.00,2000,Coal mined,F.stc,13413000
3143,COM00504.00,2001,Clean coal,F.coc,1536000
3144,COM00504.00,2001,Clean coal,F.stc,13295000
3145,COM00504.00,2001,Coal mined,F.coc,1536000
3146,COM00504.00,2001,Coal mined,F.stc,13295000
3147,COM00504.00,2002,Clean coal,F.coc,1670000
3148,COM00504.00,2002,Clean coal,F.stc,14545000
3149,COM00504.00,2002,Coal mined,F.coc,1670000
3150,COM00504.00,2002,Coal mined,F.stc,14545000
3151,COM00504.00,2003,Clean coal,F.coc,1781000
3152,COM00504.00,2003,Clean coal,F.stc,15192000
3153,COM00504.00,2003,Coal mined,F.coc,1781000
3154,COM00504.00,2003,Coal mined,F.stc,15192000
3155,COM00504.00,2004,Clean coal,F.coc,1972000
3156,COM00504.00,2004,Clean coal,F.stc,15786000
3157,COM00504.00,2004,Coal mined,F.coc,1972000
3158,COM00504.00,2004,Coal mined,F.stc,15786000
3159,COM00504.00,2005,Clean coal,F.coc,1859000
3160,COM00504.00,2005,Clean coal,F.stc,16124000
3161,COM00504.00,2005,Coal mined,F.coc,1859000
3162,COM00504.00,2005,Coal mined,F.stc,16124000
3163,COM00504.00,2006,Clean coal,F.coc,1716000
3164,COM00504.00,2006,Clean coal,F.stc,16590000
3165,COM00504.00,2006,Coal mined,F.coc,1716000
3166,COM00504.00,2006,Coal mined,F.stc,16590000
3167,COM00504.00,2007,Clean coal,F.coc,2233000
3168,COM00504.00,2007,Clean coal,F.stc,15995000
3169,COM00504.00,2007,Coal mined,F.coc,2233000
3170,COM00504.00,2007,Coal mined,F.stc,15995000
3171,COM00504.00,2008,Clean coal,F.coc,2233000
3172,COM00504.00,2008,Clean coal,F.stc,15968000
3173,COM00504.00,2008,Coal mined,F.coc,2233000
3174,COM00504.00,2008,Coal mined,F.stc,15968000
3175,COM00504.00,2009,Clean coal,F.coc,1752000
3176,COM00504.00,2009,Clean coal,F.stc,16131000
3177,COM00504.00,2009,Coal mined,F.coc,1752000
3178,COM00504.00,2009,Coal mined,F.stc,16131000
3179,COM00504.00,2010,Clean coal,F.coc,1207000
3180,COM00504.00,2010,Clean coal,F.stc,16365000
3181,COM00504.00,2010,Coal mined,F.coc,1207000
3182,COM00504.00,2010,Coal mined,F.stc,16365000
3183,COM00504.00,2011,Clean coal,F.coc,1207000
3184,COM00504.00,2011,Clean coal,F.stc,16369000
3185,COM00504.00,2011,Coal mined,F.coc,1207000
3186,COM00504.00,2011,Coal mined,F.stc,16369000
3187,COM00504.00,2012,Clean coal,F.coc,2027000
3188,COM00504.00,2012,Clean coal,F.stc,15489000
3189,COM00504.00,2012,Coal mined,F.coc,2027000
3190,COM00504.00,2012,Coal mined,F.stc,15489000
3191,COM00504.00,2013,Clean coal,F.coc,1908000
3192,COM00504.00,2013,Clean coal,F.stc,15904000
3193,COM00504.00,2013,Coal mined,F.coc,1908000
3194,COM00504.00,2013,Coal mined,F.stc,15904000
3195,COM00504.00,2014,Clean coal,F.coc,2120000
3196,COM00504.00,2014,Clean coal,F.stc,16719000
3197,COM00504.00,2014,Coal mined,F.coc,2120000
3198,COM00504.00,2014,Coal mined,F.stc,16719000
3199,COM00504.00,2015,Clean coal,F.coc,1856000
3200,COM00504.00,2015,Clean coal,F.stc,21637000
3201,COM00504.00,2015,Coal mined,F.coc,1856000
3202,COM00504.00,2015,Coal mined,F.stc,21637000
3203,COM00504.00,2016,Clean coal,F.coc,1985000
3204,COM00504.00,2016,Clean coal,F.stc,20616000
3205,COM00504.00,2016,Coal mined,F.coc,1985000
3206,COM00504.00,2016,Coal mined,F.stc,20616000
3207,COM00504.00,2017,Clean coal,F.coc,2132000
3208,COM00504.00,2017,Clean coal,F.stc,23405000
3209,COM00504.00,2017,Coal mined,F.coc,2132000
3210,COM00504.00,2017,Coal mined,F.stc,23405000
3211,COM00504.00,2018,Clean coal,F.coc,2074000
3212,COM00504.00,2018,Clean coal,F.stc,26554000
3213,COM00504.00,2018,Coal mined,F.coc,2074000
3214,COM00504.00,2018,Coal mined,F.stc,26554000
3215,COM00504.00,2019,Clean coal,F.coc,2074000
3216,COM00504.00,2019,Clean coal,F.stc,26554000
3217,COM00504.00,2019,Coal mined,F.coc,2074000
3218,COM00504.00,2019,Coal mined,F.stc,26554000
3219,COM00504.00,2020,Clean coal,F.coc,2222000
3220,COM00504.00,2020,Clean coal,F.stc,26554000
3221,COM00504.00,2020,Coal mined,F.coc,2222000
3222,COM00504.00,2020,Coal mined,F.stc,26554000
3223,COM00505.00,2015,Clean coal,F.coc,499800
3224,COM00505.00,2015,Coal mined,F.coc,499800
3225,COM00505.00,2016,Clean coal,F.coc,1759000
3226,COM00505.00,2016,Coal mined,F.coc,1759000
3227,COM00505.00,2017,Clean coal,F.coc,2067200
3228,COM00505.00,2017,Coal mined,F.coc,2067200
3229,COM00505.00,2018,Clean coal,F.coc,3763500
3230,COM00505.00,2018,Coal mined,F.coc,3763500
3231,COM00505.00,2019,Clean coal,F.coc,4721900
3232,COM00505.00,2019,Coal mined,F.coc,4721900
3233,COM00505.00,2020,Clean coal,F.coc,1106300
3234,COM00505.00,2020,Coal mined,F.coc,1106300
3235,COM00512.00,2006,Clean coal,F.coal,563000
3236,COM00512.00,2006,Coal mined,F.coal,708000
3237,COM00512.00,2007,Clean coal,F.coal,997000
3238,COM00512.00,2007,Coal mined,F.coal,1388000
3239,COM00512.00,2008,Clean coal,F.coal,1266000
3240,COM00512.00,2008,Coal mined,F.coal,1501000
3241,COM00512.00,2009,Clean coal,F.coal,1690000
3242,COM00512.00,2009,Coal mined,F.coal,1902000
3243,COM00512.00,2010,Clean coal,F.coal,2200000
3244,COM00512.00,2010,Coal mined,F.coal,2441000
3245,COM00512.00,2011,Clean coal,F.coal,2303000
3246,COM00512.00,2011,Coal mined,F.coal,2620000
3247,COM00512.00,2012,Clean coal,F.coal,2662000
3248,COM00512.00,2012,Coal mined,F.coal,3129000
3249,COM00512.00,2013,Clean coal,F.coal,3530000
3250,COM00512.00,2013,Coal mined,F.coal,3716000
3251,COM00512.00,2014,Clean coal,F.coal,2750000
3252,COM00512.00,2014,Coal mined,F.coal,3518000
3253,COM00512.00,2015,Clean coal,F.coal,2821000
3254,COM00512.00,2015,Coal mined,F.coal,3076000
3255,COM00512.00,2016,Clean coal,F.coal,2888000
3256,COM00512.00,2016,Coal mined,F.coal,3681000
3257,COM00512.00,2017,Clean coal,F.coal,3055000
3258,COM00512.00,2017,Coal mined,F.coal,3762000
3259,COM00512.00,2018,Clean coal,F.coal,3286000
3260,COM00512.00,2018,Coal mined,F.coal,3722000
3261,COM00512.00,2019,Clean coal,F.coal,3330000
3262,COM00512.00,2019,Coal mined,F.coal,3372000
3263,COM00512.00,2020,Clean coal,F.coal,2210000
3264,COM00512.00,2020,Coal mined,F.coal,2450000
3265,COM00514.00,2003,Clean coal,F.coal,386139
3266,COM00514.00,2003,Coal mined,F.coal,386139
3267,COM00514.00,2004,Clean coal,F.coal,384152
3268,COM00514.00,2004,Coal mined,F.coal,384152
3269,COM00514.00,2005,Clean coal,F.coal,635731
3270,COM00514.00,2005,Coal mined,F.coal,635731
3271,COM00514.00,2006,Clean coal,F.coal,805834
3272,COM00514.00,2006,Coal mined,F.coal,805834
3273,COM00514.00,2007,Clean coal,F.coal,802970
3274,COM00514.00,2007,Coal mined,F.coal,802970
3275,COM00514.00,2008,Clean coal,F.coal,843374
3276,COM00514.00,2008,Coal mined,F.coal,843374
3277,COM00514.00,2009,Clean coal,F.coal,675781
3278,COM00514.00,2009,Coal mined,F.coal,675781
3279,COM00514.00,2010,Clean coal,F.coal,630909
3280,COM00514.00,2010,Coal mined,F.coal,630909
3281,COM00515.00,2003,Clean coal,F.coc,883000
3282,COM00515.00,2003,Coal mined,F.coc,883000
3283,COM00515.00,2004,Clean coal,F.coc,5104000
3284,COM00515.00,2004,Coal mined,F.coc,5104000
3285,COM00515.00,2005,Clean coal,F.coc,5900000
3286,COM00515.00,2005,Coal mined,F.coc,5900000
3287,COM00515.00,2006,Clean coal,F.coc,4544000
3288,COM00515.00,2006,Coal mined,F.coc,4544000
3289,COM00515.00,2007,Clean coal,F.coc,5012000
3290,COM00515.00,2007,Coal mined,F.coc,5012000
3291,COM00515.00,2008,Clean coal,F.coc,6049000
3292,COM00515.00,2008,Coal mined,F.coc,6049000
3293,COM00515.00,2009,Clean coal,F.coc,6308000
3294,COM00515.00,2009,Coal mined,F.coc,6308000
3295,COM00515.00,2010,Clean coal,F.coc,7183000
3296,COM00515.00,2010,Coal mined,F.coc,7183000
3297,COM00515.00,2011,Clean coal,F.coc,7291000
3298,COM00515.00,2011,Coal mined,F.coc,7291000
3299,COM00515.00,2012,Clean coal,F.coc,7174000
3300,COM00515.00,2012,Coal mined,F.coc,7174000
3301,COM00515.00,2013,Clean coal,F.coc,6839000
3302,COM00515.00,2013,Clean coal,F.stc,191000
3303,COM00515.00,2013,Coal mined,F.coc,6839000
3304,COM00515.00,2013,Coal mined,F.stc,191000
3305,COM00515.00,2014,Clean coal,F.coc,6492000
3306,COM00515.00,2014,Clean coal,F.stc,2304000
3307,COM00515.00,2014,Coal mined,F.coc,6492000
3308,COM00515.00,2014,Coal mined,F.stc,2304000
3309,COM00515.00,2015,Clean coal,F.coc,6218000
3310,COM00515.00,2015,Clean coal,F.stc,3245000
3311,COM00515.00,2015,Coal mined,F.coc,6218000
3312,COM00515.00,2015,Coal mined,F.stc,3245000
3313,COM00515.00,2016,Clean coal,F.coc,5950000
3314,COM00515.00,2016,Clean coal,F.stc,3767000
3315,COM00515.00,2016,Coal mined,F.coc,5950000
3316,COM00515.00,2016,Coal mined,F.stc,3767000
3317,COM00515.00,2017,Clean coal,F.coc,5247000
3318,COM00515.00,2017,Clean coal,F.stc,4134000
3319,COM00515.00,2017,Coal mined,F.coc,5247000
3320,COM00515.00,2017,Coal mined,F.stc,4134000
3321,COM00515.00,2018,Clean coal,F.coal,6546857
3322,COM00515.00,2018,Coal mined,F.coal,6546857
3323,COM00515.00,2019,Clean coal,F.coal,8774000
3324,COM00515.00,2019,Coal mined,F.coal,8774000
3325,COM00521.00,2015,Clean coal,F.coal,2449440
3326,COM00521.00,2015,Coal mined,F.coal,2449440
3327,COM00521.00,2016,Clean coal,F.coal,2721600
3328,COM00521.00,2016,Coal mined,F.coal,2721600
3329,COM00521.00,2017,Clean coal,F.coal,5533920
3330,COM00521.00,2017,Coal mined,F.coal,5533920
3331,COM00521.00,2018,Clean coal,F.coal,5715360
3332,COM00521.00,2018,Coal mined,F.coal,5715360
3333,COM00521.00,2019,Clean coal,F.coal,5352480
3334,COM00521.00,2019,Coal mined,F.coal,5352480
3335,COM00527.00,2003,Clean coal,F.stc,3734140
3336,COM00527.00,2003,Coal mined,F.stc,3734140
3337,COM00527.00,2004,Clean coal,F.stc,3608876
3338,COM00527.00,2004,Coal mined,F.stc,3608876
3339,COM00527.00,2005,Clean coal,F.stc,3113649
3340,COM00527.00,2005,Coal mined,F.stc,3113649
3341,COM00527.00,2006,Clean coal,F.stc,3365643
3342,COM00527.00,2006,Coal mined,F.stc,3365643
3343,COM00527.00,2007,Clean coal,F.stc,3509920
3344,COM00527.00,2007,Coal mined,F.stc,3509920
3345,COM00527.00,2008,Clean coal,F.stc,3679489
3346,COM00527.00,2008,Coal mined,F.stc,3679489
3347,COM00527.00,2009,Clean coal,F.stc,3329044
3348,COM00527.00,2009,Coal mined,F.stc,3329044
3349,COM00527.00,2010,Clean coal,F.stc,3118054
3350,COM00527.00,2010,Coal mined,F.stc,3118054
3351,COM00527.00,2011,Clean coal,F.stc,2679729
3352,COM00527.00,2011,Coal mined,F.stc,2679729
3353,COM00527.00,2012,Clean coal,F.stc,1905120
3354,COM00527.00,2012,Coal mined,F.stc,1905120
3355,COM00527.00,2013,Clean coal,F.stc,1542240
3356,COM00527.00,2013,Coal mined,F.stc,1542240
3357,COM00528.00,2009,Clean coal,F.coal,1500000
3358,COM00528.00,2009,Coal mined,F.coal,1500000
3359,COM00528.00,2010,Clean coal,F.coal,1500000
3360,COM00528.00,2010,Coal mined,F.coal,1500000
3361,COM00528.00,2011,Clean coal,F.coal,1500000
3362,COM00528.00,2011,Coal mined,F.coal,1500000
3363,COM00528.00,2012,Clean coal,F.coal,1500000
3364,COM00528.00,2012,Coal mined,F.coal,1500000
3365,COM00528.00,2013,Clean coal,F.coal,1200000
3366,COM00528.00,2013,Coal mined,F.coal,1200000
3367,COM00528.00,2014,Clean coal,F.coal,1200000
3368,COM00528.00,2014,Coal mined,F.coal,1200000
3369,COM00528.00,2015,Clean coal,F.coal,1500000
3370,COM00528.00,2015,Coal mined,F.coal,1500000
3371,COM00528.00,2016,Clean coal,F.coal,1100000
3372,COM00528.00,2016,Coal mined,F.coal,1100000
3373,COM00528.00,2017,Clean coal,F.coal,1300000
3374,COM00528.00,2017,Coal mined,F.coal,1300000
3375,COM00528.00,2018,Clean coal,F.coal,1400000
3376,COM00528.00,2018,Coal mined,F.coal,1400000
3377,COM00528.00,2019,Clean coal,F.coal,1500000
3378,COM00528.00,2019,Coal mined,F.coal,1500000
3379,COM00528.00,2020,Clean coal,F.coal,1200000
3380,COM00528.00,2020,Coal mined,F.coal,1200000
3381,COM00537.00,2000,Clean coal,F.stc,5806080
3382,COM00537.00,2000,Coal mined,F.stc,5806080
3383,COM00537.00,2001,Clean coal,F.stc,4898880
3384,COM00537.00,2001,Coal mined,F.stc,4898880
3385,COM00537.00,2002,Clean coal,F.stc,2721600
3386,COM00537.00,2002,Coal mined,F.stc,2721600
3387,COM00537.00,2003,Clean coal,F.stc,1542240
3388,COM00537.00,2003,Coal mined,F.stc,1542240
3389,COM00537.00,2004,Clean coal,F.stc,2903040
3390,COM00537.00,2004,Coal mined,F.stc,2903040
3391,COM00537.00,2005,Clean coal,F.stc,3447360
3392,COM00537.00,2005,Coal mined,F.stc,3447360
3393,COM00537.00,2006,Clean coal,F.stc,3356640
3394,COM00537.00,2006,Coal mined,F.stc,3356640
3395,COM00537.00,2007,Clean coal,F.stc,3538080
3396,COM00537.00,2007,Coal mined,F.stc,3538080
3397,COM00537.00,2008,Clean coal,F.stc,3538080
3398,COM00537.00,2008,Coal mined,F.stc,3538080
3399,COM00537.00,2009,Clean coal,F.stc,3356640
3400,COM00537.00,2009,Coal mined,F.stc,3356640
3401,COM00537.00,2010,Clean coal,F.stc,3175200
3402,COM00537.00,2010,Coal mined,F.stc,3175200
3403,COM00537.00,2011,Clean coal,F.stc,3538080
3404,COM00537.00,2011,Coal mined,F.stc,3538080
3405,COM00537.00,2012,Clean coal,F.stc,3628800
3406,COM00537.00,2012,Coal mined,F.stc,3628800
3407,COM00539.00,2004,Clean coal,F.stc,2500000
3408,COM00539.00,2004,Coal mined,F.stc,2500000
3409,COM00539.00,2005,Clean coal,F.stc,2300000
3410,COM00539.00,2005,Coal mined,F.stc,2300000
3411,COM00539.00,2006,Clean coal,F.stc,1700000
3412,COM00539.00,2006,Coal mined,F.stc,1700000
3413,COM00539.00,2007,Clean coal,F.stc,2200000
3414,COM00539.00,2007,Coal mined,F.stc,2200000
3415,COM00539.00,2008,Clean coal,F.stc,3100000
3416,COM00539.00,2008,Coal mined,F.stc,3100000
3417,COM00539.00,2009,Clean coal,F.stc,2400000
3418,COM00539.00,2009,Coal mined,F.stc,2400000
3419,COM00539.00,2010,Clean coal,F.stc,1000000
3420,COM00539.00,2010,Coal mined,F.stc,1000000
3421,COM00539.00,2011,Clean coal,F.stc,200000
3422,COM00539.00,2011,Coal mined,F.stc,200000
3423,COM00539.00,2012,Clean coal,F.stc,20000
3424,COM00539.00,2012,Coal mined,F.stc,20000
3425,COM00545.00,2000,Clean coal,F.coal,1905120
3426,COM00545.00,2000,Coal mined,F.coal,1905120
3427,COM00545.00,2001,Clean coal,F.coal,1814400
3428,COM00545.00,2001,Coal mined,F.coal,1814400
3429,COM00545.00,2002,Clean coal,F.coal,1995840
3430,COM00545.00,2002,Coal mined,F.coal,1995840
3431,COM00545.00,2003,Clean coal,F.coal,725760
3432,COM00545.00,2003,Coal mined,F.coal,725760
3433,COM00545.00,2004,Clean coal,F.coal,181440
3434,COM00545.00,2004,Coal mined,F.coal,181440
3435,COM00545.00,2005,Clean coal,F.coal,816480
3436,COM00545.00,2005,Coal mined,F.coal,816480
3437,COM00545.00,2006,Clean coal,F.coal,1451520
3438,COM00545.00,2006,Coal mined,F.coal,1451520
3439,COM00545.00,2007,Clean coal,F.coal,2358720
3440,COM00545.00,2007,Coal mined,F.coal,2358720
3441,COM00545.00,2008,Clean coal,F.coal,3628800
3442,COM00545.00,2008,Coal mined,F.coal,3628800
3443,COM00545.00,2009,Clean coal,F.coal,3628800
3444,COM00545.00,2009,Coal mined,F.coal,3628800
3445,COM00545.00,2010,Clean coal,F.coal,2993760
3446,COM00545.00,2010,Coal mined,F.coal,2993760
3447,COM00545.00,2011,Clean coal,F.coal,2993760
3448,COM00545.00,2011,Coal mined,F.coal,2993760
3449,COM00545.00,2012,Clean coal,F.coal,2812320
3450,COM00545.00,2012,Coal mined,F.coal,2812320
3451,COM00545.00,2013,Clean coal,F.coal,2812320
3452,COM00545.00,2013,Coal mined,F.coal,2812320
3453,COM00545.00,2014,Clean coal,F.coal,2721600
3454,COM00545.00,2014,Coal mined,F.coal,2721600
3455,COM00545.00,2015,Clean coal,F.coal,2630880
3456,COM00545.00,2015,Coal mined,F.coal,2630880
3457,COM00545.00,2016,Clean coal,F.coal,362880
3458,COM00545.00,2016,Coal mined,F.coal,362880
3459,COM00549.00,2001,Clean coal,F.coal,635040
3460,COM00549.00,2001,Coal mined,F.coal,635040
3461,COM00549.00,2002,Clean coal,F.coal,453600
3462,COM00549.00,2002,Coal mined,F.coal,453600
3463,COM00551.00,2001,Clean coal,F.coc,4034000
3464,COM00551.00,2001,Clean coal,F.stc,8209000
3465,COM00551.00,2001,Coal mined,F.coc,4034000
3466,COM00551.00,2001,Coal mined,F.stc,8209000
3467,COM00551.00,2002,Clean coal,F.coc,3442000
3468,COM00551.00,2002,Clean coal,F.stc,9183000
3469,COM00551.00,2002,Coal mined,F.coc,3442000
3470,COM00551.00,2002,Coal mined,F.stc,9183000
3471,COM00551.00,2003,Clean coal,F.coc,2862000
3472,COM00551.00,2003,Clean coal,F.stc,9146000
3473,COM00551.00,2003,Coal mined,F.coc,2862000
3474,COM00551.00,2003,Coal mined,F.stc,9146000
3475,COM00551.00,2004,Clean coal,F.coal,13269000
3476,COM00551.00,2004,Coal mined,F.coal,13269000
3477,COM00551.00,2005,Clean coal,F.coal,12374000
3478,COM00551.00,2005,Coal mined,F.coal,12374000
3479,COM00551.00,2006,Clean coal,F.coal,12024000
3480,COM00551.00,2006,Coal mined,F.coal,12024000
3481,COM00551.00,2007,Clean coal,F.coal,10094000
3482,COM00551.00,2007,Coal mined,F.coal,10094000
3483,COM00551.00,2008,Clean coal,F.coal,10751000
3484,COM00551.00,2008,Coal mined,F.coal,10751000
3485,COM00551.00,2009,Clean coal,F.coal,11232000
3486,COM00551.00,2009,Coal mined,F.coal,11232000
3487,COM00551.00,2010,Clean coal,F.coc,2469000
3488,COM00551.00,2010,Clean coal,F.stc,8442000
3489,COM00551.00,2010,Coal mined,F.coc,2469000
3490,COM00551.00,2010,Coal mined,F.stc,8442000
3491,COM00551.00,2011,Clean coal,F.coc,1906000
3492,COM00551.00,2011,Clean coal,F.stc,10332000
3493,COM00551.00,2011,Coal mined,F.coc,1906000
3494,COM00551.00,2011,Coal mined,F.stc,10332000
3495,COM00551.00,2012,Clean coal,F.coc,2119000
3496,COM00551.00,2012,Clean coal,F.stc,9836000
3497,COM00551.00,2012,Coal mined,F.coc,2119000
3498,COM00551.00,2012,Coal mined,F.stc,9836000
3499,COM00551.00,2013,Clean coal,F.coc,2634000
3500,COM00551.00,2013,Clean coal,F.stc,11002000
3501,COM00551.00,2013,Coal mined,F.coc,2634000
3502,COM00551.00,2013,Coal mined,F.stc,11002000
3503,COM00551.00,2014,Clean coal,F.coc,1935000
3504,COM00551.00,2014,Clean coal,F.stc,11924000
3505,COM00551.00,2014,Coal mined,F.coc,1935000
3506,COM00551.00,2014,Coal mined,F.stc,11924000
3507,COM00551.00,2015,Clean coal,F.coc,2966000
3508,COM00551.00,2015,Clean coal,F.stc,10048000
3509,COM00551.00,2015,Coal mined,F.coc,2966000
3510,COM00551.00,2015,Coal mined,F.stc,10048000
3511,COM00551.00,2016,Clean coal,F.coc,3720000
3512,COM00551.00,2016,Clean coal,F.stc,9925000
3513,COM00551.00,2016,Coal mined,F.coc,3720000
3514,COM00551.00,2016,Coal mined,F.stc,9925000
3515,COM00551.00,2017,Clean coal,F.coal,4800000
3516,COM00551.00,2017,Coal mined,F.coal,6200000
3517,COM00551.00,2018,Clean coal,F.coal,13300000
3518,COM00551.00,2018,Coal mined,F.coal,19000000
3519,COM00551.00,2019,Clean coal,F.coal,13700000
3520,COM00551.00,2019,Coal mined,F.coal,19200000
3521,COM00551.00,2020,Clean coal,F.coal,12000000
3522,COM00551.00,2020,Coal mined,F.coal,16900000
3523,COM00552.00,2007,Clean coal,F.coal,27170000
3524,COM00552.00,2007,Coal mined,F.coal,27170000
3525,COM00552.00,2008,Clean coal,F.coal,36820000
3526,COM00552.00,2008,Coal mined,F.coal,36820000
3527,COM00552.00,2009,Clean coal,F.coal,42340000
3528,COM00552.00,2009,Coal mined,F.coal,42340000
3529,COM00552.00,2010,Clean coal,F.coal,42430000
3530,COM00552.00,2010,Coal mined,F.coal,42430000
3531,COM00552.00,2011,Clean coal,F.coal,44000000
3532,COM00552.00,2011,Coal mined,F.coal,44000000
3533,COM00552.00,2012,Clean coal,F.coal,45000000
3534,COM00552.00,2012,Coal mined,F.coal,45000000
3535,COM00552.00,2013,Clean coal,F.coal,46500000
3536,COM00552.00,2013,Coal mined,F.coal,46500000
3537,COM00552.00,2014,Clean coal,F.coal,46020000
3538,COM00552.00,2014,Coal mined,F.coal,46020000
3539,COM00552.00,2015,Clean coal,F.coal,46660000
3540,COM00552.00,2015,Coal mined,F.coal,46660000
3541,COM00552.00,2016,Clean coal,F.coal,42810000
3542,COM00552.00,2016,Coal mined,F.coal,42810000
3543,COM00552.00,2017,Clean coal,F.coal,45940000
3544,COM00552.00,2017,Coal mined,F.coal,45940000
3545,COM00552.00,2018,Clean coal,F.coal,47130000
3546,COM00552.00,2018,Coal mined,F.coal,47130000
3547,COM00552.00,2019,Clean coal,F.coal,46000000
3548,COM00552.00,2019,Coal mined,F.coal,46000000
3549,COM00552.00,2020,Clean coal,F.coal,45990000
3550,COM00552.00,2020,Coal mined,F.coal,45990000
3551,COM00554.00,2000,Clean coal,F.coal,6276000
3552,COM00554.00,2000,Coal mined,F.coal,6276000
3553,COM00554.00,2001,Clean coal,F.coal,6573000
3554,COM00554.00,2001,Coal mined,F.coal,6573000
3555,COM00554.00,2002,Clean coal,F.coal,7088000
3556,COM00554.00,2002,Coal mined,F.coal,7088000
3557,COM00554.00,2003,Clean coal,F.coal,6763000
3558,COM00554.00,2003,Coal mined,F.coal,6763000
3559,COM00554.00,2004,Clean coal,F.coal,5845000
3560,COM00554.00,2004,Coal mined,F.coal,5845000
3561,COM00554.00,2005,Clean coal,F.coc,6251000
3562,COM00554.00,2005,Coal mined,F.coc,6251000
3563,COM00554.00,2006,Clean coal,F.coc,7014000
3564,COM00554.00,2006,Coal mined,F.coc,7014000
3565,COM00554.00,2007,Clean coal,F.coc,6886000
3566,COM00554.00,2007,Coal mined,F.coc,6886000
3567,COM00554.00,2008,Clean coal,F.coc,7265000
3568,COM00554.00,2008,Coal mined,F.coc,7265000
3569,COM00554.00,2009,Clean coal,F.coc,6273000
3570,COM00554.00,2009,Coal mined,F.coc,6273000
3571,COM00554.00,2010,Clean coal,F.coc,6535000
3572,COM00554.00,2010,Coal mined,F.coc,6535000
3573,COM00554.00,2011,Clean coal,F.coc,6884000
3574,COM00554.00,2011,Coal mined,F.coc,6884000
3575,COM00554.00,2012,Clean coal,F.coc,7926000
3576,COM00554.00,2012,Coal mined,F.coc,7926000
3577,COM00554.00,2013,Clean coal,F.coc,7942000
3578,COM00554.00,2013,Coal mined,F.coc,7942000
3579,COM00554.00,2014,Clean coal,F.coc,7513000
3580,COM00554.00,2014,Coal mined,F.coc,7513000
3581,COM00554.00,2015,Clean coal,F.coc,7216000
3582,COM00554.00,2015,Coal mined,F.coc,7216000
3583,COM00554.00,2016,Clean coal,F.coc,7059000
3584,COM00554.00,2016,Clean coal,F.stc,1307000
3585,COM00554.00,2016,Coal mined,F.coc,7059000
3586,COM00554.00,2016,Coal mined,F.stc,1307000
3587,COM00554.00,2017,Clean coal,F.coc,5697000
3588,COM00554.00,2017,Clean coal,F.stc,1376000
3589,COM00554.00,2017,Coal mined,F.coc,5697000
3590,COM00554.00,2017,Coal mined,F.stc,1376000
3591,COM00554.00,2018,Clean coal,F.coc,3165000
3592,COM00554.00,2018,Clean coal,F.stc,1079000
3593,COM00554.00,2018,Coal mined,F.coc,3165000
3594,COM00554.00,2018,Coal mined,F.stc,1079000
3595,COM00554.00,2019,Clean coal,F.coc,5350000
3596,COM00554.00,2019,Clean coal,F.stc,1297000
3597,COM00554.00,2019,Coal mined,F.coc,5350000
3598,COM00554.00,2019,Coal mined,F.stc,1297000
3599,COM00565.00,2015,Clean coal,F.coal,0
3600,COM00565.00,2015,Coal mined,F.coal,0
3601,COM00565.00,2016,Clean coal,F.coal,1700000
3602,COM00565.00,2016,Coal mined,F.coal,1700000
3603,COM00565.00,2017,Clean coal,F.coal,2200000
3604,COM00565.00,2017,Coal mined,F.coal,2200000
3605,COM00565.00,2018,Clean coal,F.coal,3200000
3606,COM00565.00,2018,Coal mined,F.coal,3200000
3607,COM00565.00,2019,Clean coal,F.coal,4800000
3608,COM00565.00,2019,Coal mined,F.coal,4800000
3609,COM00565.00,2020,Clean coal,F.coal,6200000
3610,COM00565.00,2020,Coal mined,F.coal,6200000
3611,COM00566.00,2007,Clean coal,F.stc,5300000
3612,COM00566.00,2007,Coal mined,F.stc,5300000
3613,COM00566.00,2008,Clean coal,F.stc,6200000
3614,COM00566.00,2008,Coal mined,F.stc,6200000
3615,COM00566.00,2009,Clean coal,F.stc,5000000
3616,COM00566.00,2009,Coal mined,F.stc,5000000
3617,COM00566.00,2010,Clean coal,F.stc,6900000
3618,COM00566.00,2010,Coal mined,F.stc,6900000
3619,COM00566.00,2011,Clean coal,F.stc,4300000
3620,COM00566.00,2011,Coal mined,F.stc,4300000
3621,COM00566.00,2012,Clean coal,F.stc,5500000
3622,COM00566.00,2012,Coal mined,F.stc,5500000
3623,COM00566.00,2013,Clean coal,F.stc,5700000
3624,COM00566.00,2013,Coal mined,F.stc,5700000
3625,COM00566.00,2014,Clean coal,F.stc,5300000
3626,COM00566.00,2014,Coal mined,F.stc,5300000
3627,COM00566.00,2015,Clean coal,F.stc,6310000
3628,COM00566.00,2015,Coal mined,F.stc,6310000
3629,COM00566.00,2016,Clean coal,F.stc,6530000
3630,COM00566.00,2016,Coal mined,F.stc,6530000
3631,COM00566.00,2017,Clean coal,F.stc,7200000
3632,COM00566.00,2017,Coal mined,F.stc,7200000
3633,COM00566.00,2018,Clean coal,F.stc,6770000
3634,COM00566.00,2018,Coal mined,F.stc,6770000
3635,COM00566.00,2019,Clean coal,F.stc,6700000
3636,COM00566.00,2019,Coal mined,F.stc,6700000
3637,COM00567.00,2019,Clean coal,F.coc,2484000
3638,COM00567.00,2019,Coal mined,F.coc,2484000
3639,COM00567.00,2020,Clean coal,F.coc,1573000
3640,COM00567.00,2020,Coal mined,F.coc,1573000
3641,COM00571.00,2004,Clean coal,F.coal,1088640
3642,COM00571.00,2004,Coal mined,F.coal,1088640
3643,COM00571.00,2008,Clean coal,F.coc,910131
3644,COM00571.00,2008,Clean coal,F.stc,2854575
3645,COM00571.00,2008,Coal mined,F.coc,910131
3646,COM00571.00,2008,Coal mined,F.stc,2854575
3647,COM00571.00,2009,Clean coal,F.coc,1147059
3648,COM00571.00,2009,Clean coal,F.stc,1934641
3649,COM00571.00,2009,Coal mined,F.coc,1147059
3650,COM00571.00,2009,Coal mined,F.stc,1934641
3651,COM00571.00,2010,Clean coal,F.coc,498366
3652,COM00571.00,2010,Clean coal,F.stc,1880719
3653,COM00571.00,2010,Coal mined,F.coc,498366
3654,COM00571.00,2010,Coal mined,F.stc,1880719
3655,COM00571.00,2011,Clean coal,F.coc,763072
3656,COM00571.00,2011,Clean coal,F.stc,531046
3657,COM00571.00,2011,Coal mined,F.coc,763072
3658,COM00571.00,2011,Coal mined,F.stc,531046
3659,COM00571.00,2012,Clean coal,F.coc,1571895
3660,COM00571.00,2012,Clean coal,F.stc,573529
3661,COM00571.00,2012,Coal mined,F.coc,1571895
3662,COM00571.00,2012,Coal mined,F.stc,573529
3663,COM00571.00,2013,Clean coal,F.coc,2303922
3664,COM00571.00,2013,Clean coal,F.stc,142157
3665,COM00571.00,2013,Coal mined,F.coc,2303922
3666,COM00571.00,2013,Coal mined,F.stc,142157
3667,COM00571.00,2018,Clean coal,F.coc,1440000
3668,COM00571.00,2018,Coal mined,F.coc,1440000
3669,COM00571.00,2019,Clean coal,F.coc,1754000
3670,COM00571.00,2019,Coal mined,F.coc,1754000
3671,COM00572.00,2008,Clean coal,F.stc,841000
3672,COM00572.00,2008,Coal mined,F.stc,841000
3673,COM00572.00,2009,Clean coal,F.stc,1843000
3674,COM00572.00,2009,Coal mined,F.stc,1843000
3675,COM00572.00,2010,Clean coal,F.stc,1779000
3676,COM00572.00,2010,Coal mined,F.stc,1779000
3677,COM00572.00,2011,Clean coal,F.stc,1918000
3678,COM00572.00,2011,Coal mined,F.stc,1918000
3679,COM00572.00,2012,Clean coal,F.stc,1845000
3680,COM00572.00,2012,Coal mined,F.stc,1845000
3681,COM00572.00,2013,Clean coal,F.stc,1992000
3682,COM00572.00,2013,Coal mined,F.stc,1992000
3683,COM00572.00,2014,Clean coal,F.stc,1633000
3684,COM00572.00,2014,Coal mined,F.stc,1633000
3685,COM00572.00,2015,Clean coal,F.stc,1035000
3686,COM00572.00,2015,Coal mined,F.stc,1035000
3687,COM00574.00,2011,Clean coal,F.stc,2233000
3688,COM00574.00,2011,Coal mined,F.stc,2233000
3689,COM00574.00,2012,Clean coal,F.stc,2668000
3690,COM00574.00,2012,Coal mined,F.stc,2668000
3691,COM00574.00,2013,Clean coal,F.stc,2382000
3692,COM00574.00,2013,Coal mined,F.stc,2382000
3693,COM00574.00,2014,Clean coal,F.stc,1873000
3694,COM00574.00,2014,Coal mined,F.stc,1873000
3695,COM00574.00,2015,Clean coal,F.stc,1843000
3696,COM00574.00,2015,Coal mined,F.stc,1843000
3697,COM00579.00,2008,Clean coal,F.coc,294000
3698,COM00579.00,2008,Clean coal,F.stc,764000
3699,COM00579.00,2008,Coal mined,F.coc,294000
3700,COM00579.00,2008,Coal mined,F.stc,764000
3701,COM00579.00,2009,Clean coal,F.coc,1102000
3702,COM00579.00,2009,Clean coal,F.stc,974000
3703,COM00579.00,2009,Coal mined,F.coc,1102000
3704,COM00579.00,2009,Coal mined,F.stc,974000
3705,COM00579.00,2010,Clean coal,F.coc,742000
3706,COM00579.00,2010,Clean coal,F.stc,1180000
3707,COM00579.00,2010,Coal mined,F.coc,742000
3708,COM00579.00,2010,Coal mined,F.stc,1180000
3709,COM00579.00,2011,Clean coal,F.coc,934000
3710,COM00579.00,2011,Clean coal,F.stc,548000
3711,COM00579.00,2011,Coal mined,F.coc,934000
3712,COM00579.00,2011,Coal mined,F.stc,548000
3713,COM00579.00,2012,Clean coal,F.coc,1924000
3714,COM00579.00,2012,Clean coal,F.stc,762000
3715,COM00579.00,2012,Coal mined,F.coc,1924000
3716,COM00579.00,2012,Coal mined,F.stc,762000
3717,COM00579.00,2013,Clean coal,F.coc,1312000
3718,COM00579.00,2013,Clean coal,F.stc,694000
3719,COM00579.00,2013,Coal mined,F.coc,1312000
3720,COM00579.00,2013,Coal mined,F.stc,694000
3721,COM00579.00,2016,Clean coal,F.coal,231000
3722,COM00579.00,2016,Coal mined,F.coal,344700
3723,COM00579.00,2017,Clean coal,F.coal,1204000
3724,COM00579.00,2017,Coal mined,F.coal,1738000
3725,COM00579.00,2018,Clean coal,F.coal,1128000
3726,COM00579.00,2018,Coal mined,F.coal,1643000
3727,COM00579.00,2019,Clean coal,F.coal,2390000
3728,COM00579.00,2019,Coal mined,F.coal,2929000
3729,COM00579.00,2020,Clean coal,F.coal,2390000
3730,COM00579.00,2020,Coal mined,F.coal,3020000
3731,COM00582.00,2005,Clean coal,F.stc,1358300
3732,COM00582.00,2005,Coal mined,F.stc,1358300
3733,COM00582.00,2006,Clean coal,F.stc,4020100
3734,COM00582.00,2006,Coal mined,F.stc,4020100
3735,COM00582.00,2007,Clean coal,F.stc,5001000
3736,COM00582.00,2007,Coal mined,F.stc,5001000
3737,COM00582.00,2008,Clean coal,F.stc,5152100
3738,COM00582.00,2008,Coal mined,F.stc,5152100
3739,COM00582.00,2009,Clean coal,F.stc,5061900
3740,COM00582.00,2009,Coal mined,F.stc,5061900
3741,COM00582.00,2010,Clean coal,F.stc,4569100
3742,COM00582.00,2010,Coal mined,F.stc,4569100
3743,COM00582.00,2011,Clean coal,F.stc,4338200
3744,COM00582.00,2011,Coal mined,F.stc,4338200
3745,COM00582.00,2012,Clean coal,F.stc,5399200
3746,COM00582.00,2012,Coal mined,F.stc,5399200
3747,COM00582.00,2013,Clean coal,F.stc,5066800
3748,COM00582.00,2013,Coal mined,F.stc,5066800
3749,COM00582.00,2014,Clean coal,F.stc,5262600
3750,COM00582.00,2014,Coal mined,F.stc,5262600
3751,COM00582.00,2015,Clean coal,F.stc,4531800
3752,COM00582.00,2015,Coal mined,F.stc,4531800
3753,COM00582.00,2016,Clean coal,F.stc,4395000
3754,COM00582.00,2016,Coal mined,F.stc,4395000
3755,COM00582.00,2017,Clean coal,F.stc,4059500
3756,COM00582.00,2017,Coal mined,F.stc,4059500
3757,COM00582.00,2018,Clean coal,F.stc,4597800
3758,COM00582.00,2018,Coal mined,F.stc,4597800
3759,COM00591.00,2003,Clean coal,F.coal,883600
3760,COM00591.00,2003,Coal mined,F.coal,883600
3761,COM00591.00,2004,Clean coal,F.coal,925200
3762,COM00591.00,2004,Coal mined,F.coal,925200
3763,COM00591.00,2005,Clean coal,F.coal,851100
3764,COM00591.00,2005,Coal mined,F.coal,851100
3765,COM00591.00,2006,Clean coal,F.coal,887400
3766,COM00591.00,2006,Coal mined,F.coal,887400
3767,COM00591.00,2007,Clean coal,F.coal,891800
3768,COM00591.00,2007,Coal mined,F.coal,891800
3769,COM00591.00,2008,Clean coal,F.coal,1033900
3770,COM00591.00,2008,Coal mined,F.coal,1033900
3771,COM00591.00,2009,Clean coal,F.coal,1745800
3772,COM00591.00,2009,Coal mined,F.coal,1745800
3773,COM00591.00,2010,Clean coal,F.coal,1792500
3774,COM00591.00,2010,Coal mined,F.coal,1792500
3775,COM00591.00,2011,Clean coal,F.coal,1829600
3776,COM00591.00,2011,Coal mined,F.coal,1829600
3777,COM00591.00,2012,Clean coal,F.coal,2073200
3778,COM00591.00,2012,Coal mined,F.coal,2073200
3779,COM00591.00,2013,Clean coal,F.coal,2516500
3780,COM00591.00,2013,Coal mined,F.coal,2516500
3781,COM00591.00,2014,Clean coal,F.coal,2923700
3782,COM00591.00,2014,Coal mined,F.coal,2923700
3783,COM00591.00,2015,Clean coal,F.coal,3201500
3784,COM00591.00,2015,Coal mined,F.coal,3201500
3785,COM00591.00,2016,Clean coal,F.coal,3282300
3786,COM00591.00,2016,Coal mined,F.coal,3282300
3787,COM00591.00,2017,Clean coal,F.coal,3255600
3788,COM00591.00,2017,Coal mined,F.coal,3255600
3789,COM00591.00,2018,Clean coal,F.coal,3379900
3790,COM00591.00,2018,Coal mined,F.coal,3379900
3791,COM00591.00,2019,Clean coal,F.coal,3096900
3792,COM00591.00,2019,Coal mined,F.coal,3096900
3793,COM00591.00,2020,Clean coal,F.coal,3241300
3794,COM00591.00,2020,Coal mined,F.coal,3241300
3795,COM00593.00,2001,Clean coal,F.lig,6475594
3796,COM00593.00,2001,Coal mined,F.lig,6475594
3797,COM00593.00,2002,Clean coal,F.lig,6445656
3798,COM00593.00,2002,Coal mined,F.lig,6445656
3799,COM00593.00,2003,Clean coal,F.lig,6769526
3800,COM00593.00,2003,Coal mined,F.lig,6769526
3801,COM00593.00,2004,Clean coal,F.lig,5854162
3802,COM00593.00,2004,Coal mined,F.lig,5854162
3803,COM00593.00,2005,Clean coal,F.lig,6325906
3804,COM00593.00,2005,Coal mined,F.lig,6325906
3805,COM00593.00,2006,Clean coal,F.lig,6168053
3806,COM00593.00,2006,Coal mined,F.lig,6168053
3807,COM00593.00,2007,Clean coal,F.lig,6149002
3808,COM00593.00,2007,Coal mined,F.lig,6149002
3809,COM00593.00,2008,Clean coal,F.lig,5891357
3810,COM00593.00,2008,Coal mined,F.lig,5891357
3811,COM00593.00,2009,Clean coal,F.lig,4619462
3812,COM00593.00,2009,Coal mined,F.lig,4619462
3813,COM00593.00,2010,Clean coal,F.lig,3783931
3814,COM00593.00,2010,Coal mined,F.lig,3783931
3815,COM00593.00,2011,Clean coal,F.lig,3830198
3816,COM00593.00,2011,Coal mined,F.lig,3830198
3817,COM00593.00,2012,Clean coal,F.lig,3835642
3818,COM00593.00,2012,Coal mined,F.lig,3835642
3819,COM00593.00,2013,Clean coal,F.lig,4516042
3820,COM00593.00,2013,Coal mined,F.lig,4516042
3821,COM00593.00,2014,Clean coal,F.lig,4767336
3822,COM00593.00,2014,Coal mined,F.lig,4767336
3823,COM00593.00,2015,Clean coal,F.lig,3045470
3824,COM00593.00,2015,Coal mined,F.lig,3045470
3825,COM00593.00,2016,Clean coal,F.lig,3324888
3826,COM00593.00,2016,Coal mined,F.lig,3324888
3827,COM00601.00,2001,Clean coal,F.coal,4445280
3828,COM00601.00,2001,Coal mined,F.coal,4445280
3829,COM00601.00,2002,Clean coal,F.coal,3628800
3830,COM00601.00,2002,Coal mined,F.coal,3628800
3831,COM00601.00,2003,Clean coal,F.coal,2721600
3832,COM00601.00,2003,Coal mined,F.coal,2721600
3833,COM00601.00,2004,Clean coal,F.coal,2721600
3834,COM00601.00,2004,Coal mined,F.coal,2721600
3835,COM00601.00,2005,Clean coal,F.coal,2630880
3836,COM00601.00,2005,Coal mined,F.coal,2630880
3837,COM00601.00,2006,Clean coal,F.coal,2812320
3838,COM00601.00,2006,Coal mined,F.coal,2812320
3839,COM00601.00,2007,Clean coal,F.coal,2812320
3840,COM00601.00,2007,Coal mined,F.coal,2812320
3841,COM00601.00,2008,Clean coal,F.coal,2268000
3842,COM00601.00,2008,Coal mined,F.coal,2268000
3843,COM00601.00,2009,Clean coal,F.coal,997920
3844,COM00601.00,2009,Coal mined,F.coal,997920
3845,COM00608.00,2009,Clean coal,F.coc,600000
3846,COM00608.00,2009,Coal mined,F.coc,600000
3847,COM00608.00,2010,Clean coal,F.coc,1000000
3848,COM00608.00,2010,Clean coal,F.stc,100000
3849,COM00608.00,2010,Coal mined,F.coc,1000000
3850,COM00608.00,2010,Coal mined,F.stc,100000
3851,COM00608.00,2011,Clean coal,F.coc,1000000
3852,COM00608.00,2011,Clean coal,F.stc,200000
3853,COM00608.00,2011,Coal mined,F.coc,1000000
3854,COM00608.00,2011,Coal mined,F.stc,200000
3855,COM00608.00,2012,Clean coal,F.coc,400000
3856,COM00608.00,2012,Clean coal,F.stc,200000
3857,COM00608.00,2012,Coal mined,F.coc,400000
3858,COM00608.00,2012,Coal mined,F.stc,200000
3859,COM00608.00,2013,Clean coal,F.coc,300000
3860,COM00608.00,2013,Clean coal,F.stc,100000
3861,COM00608.00,2013,Coal mined,F.coc,300000
3862,COM00608.00,2013,Coal mined,F.stc,100000
3863,COM00613.00,2007,Clean coal,F.coal,1723680
3864,COM00613.00,2007,Coal mined,F.coal,1723680
3865,COM00613.00,2008,Clean coal,F.coal,1905120
3866,COM00613.00,2008,Coal mined,F.coal,1905120
3867,COM00613.00,2009,Clean coal,F.coal,1723680
3868,COM00613.00,2009,Coal mined,F.coal,1723680
3869,COM00613.00,2010,Clean coal,F.coal,1360800
3870,COM00613.00,2010,Coal mined,F.coal,1360800
3871,COM00613.00,2011,Clean coal,F.coal,1270080
3872,COM00613.00,2011,Coal mined,F.coal,1270080
3873,COM00613.00,2012,Clean coal,F.coal,725760
3874,COM00613.00,2012,Coal mined,F.coal,725760
3875,COM00615.00,2014,Clean coal,F.stc,375333
3876,COM00615.00,2014,Coal mined,F.stc,633384
3877,COM00615.00,2015,Clean coal,F.stc,1680243
3878,COM00615.00,2015,Coal mined,F.stc,2472232
3879,COM00615.00,2016,Clean coal,F.stc,2037390
3880,COM00615.00,2016,Coal mined,F.stc,3269212
3881,COM00615.00,2017,Clean coal,F.stc,3672853
3882,COM00615.00,2017,Coal mined,F.stc,3660697
3883,COM00615.00,2018,Clean coal,F.stc,2609920
3884,COM00615.00,2018,Coal mined,F.stc,4025496
3885,COM00615.00,2019,Clean coal,F.stc,2392000
3886,COM00615.00,2019,Coal mined,F.stc,3865000
3887,COM00615.00,2020,Clean coal,F.stc,1973000
3888,COM00615.00,2020,Coal mined,F.stc,3109000
3889,COM00616.00,2009,Clean coal,F.stc,200000
3890,COM00616.00,2009,Coal mined,F.stc,200000
3891,COM00616.00,2010,Clean coal,F.stc,100000
3892,COM00616.00,2010,Coal mined,F.stc,100000
3893,COM00616.00,2011,Clean coal,F.stc,100000
3894,COM00616.00,2011,Coal mined,F.stc,100000
3895,COM00616.00,2012,Clean coal,F.stc,100000
3896,COM00616.00,2012,Coal mined,F.stc,100000
3897,COM00616.00,2013,Clean coal,F.stc,100000
3898,COM00616.00,2013,Coal mined,F.stc,100000
3899,COM00616.00,2014,Clean coal,F.stc,100000
3900,COM00616.00,2014,Coal mined,F.stc,100000
3901,COM00616.00,2015,Clean coal,F.stc,200000
3902,COM00616.00,2015,Coal mined,F.stc,200000
3903,COM00616.00,2016,Clean coal,F.stc,200000
3904,COM00616.00,2016,Coal mined,F.stc,200000
3905,COM00616.00,2017,Clean coal,F.stc,100000
3906,COM00616.00,2017,Coal mined,F.stc,100000
3907,COM00616.00,2018,Clean coal,F.stc,200000
3908,COM00616.00,2018,Coal mined,F.stc,200000
3909,COM00616.00,2019,Clean coal,F.stc,200000
3910,COM00616.00,2019,Coal mined,F.stc,200000
3911,COM00616.00,2020,Clean coal,F.stc,200000
3912,COM00616.00,2020,Coal mined,F.stc,200000
3913,COM00619.00,2009,Clean coal,F.coc,3900000
3914,COM00619.00,2009,Coal mined,F.coc,3900000
3915,COM00619.00,2010,Clean coal,F.coc,3700000
3916,COM00619.00,2010,Coal mined,F.coc,3700000
3917,COM00619.00,2011,Clean coal,F.coc,4600000
3918,COM00619.00,2011,Clean coal,F.stc,1400000
3919,COM00619.00,2011,Coal mined,F.coc,4600000
3920,COM00619.00,2011,Coal mined,F.stc,1400000
3921,COM00619.00,2012,Clean coal,F.coc,4540000
3922,COM00619.00,2012,Clean coal,F.stc,1740000
3923,COM00619.00,2012,Coal mined,F.coc,4540000
3924,COM00619.00,2012,Coal mined,F.stc,1740000
3925,COM00619.00,2013,Clean coal,F.coc,4800000
3926,COM00619.00,2013,Clean coal,F.stc,1600000
3927,COM00619.00,2013,Coal mined,F.coc,4800000
3928,COM00619.00,2013,Coal mined,F.stc,1600000
3929,COM00619.00,2014,Clean coal,F.coc,4800000
3930,COM00619.00,2014,Clean coal,F.stc,1800000
3931,COM00619.00,2014,Coal mined,F.coc,4800000
3932,COM00619.00,2014,Coal mined,F.stc,1800000
3933,COM00619.00,2015,Clean coal,F.coc,4600000
3934,COM00619.00,2015,Clean coal,F.stc,1300000
3935,COM00619.00,2015,Coal mined,F.coc,4600000
3936,COM00619.00,2015,Coal mined,F.stc,1300000
3937,COM00619.00,2016,Clean coal,F.coc,4500000
3938,COM00619.00,2016,Coal mined,F.coc,4500000
3939,COM00619.00,2017,Clean coal,F.coc,4300000
3940,COM00619.00,2017,Coal mined,F.coc,4300000
3941,COM00619.00,2018,Clean coal,F.coc,3800000
3942,COM00619.00,2018,Coal mined,F.coc,3800000
3943,COM00619.00,2019,Clean coal,F.coc,3500000
3944,COM00619.00,2019,Coal mined,F.coc,3500000
3945,COM00620.00,2012,Clean coal,F.stc,238000
3946,COM00620.00,2012,Coal mined,F.stc,238000
3947,COM00620.00,2013,Clean coal,F.stc,203000
3948,COM00620.00,2013,Coal mined,F.stc,203000
3949,COM00620.00,2014,Clean coal,F.stc,534000
3950,COM00620.00,2014,Coal mined,F.stc,534000
3951,COM00620.00,2015,Clean coal,F.stc,1007000
3952,COM00620.00,2015,Coal mined,F.stc,1007000
3953,COM00621.00,2000,Clean coal,F.coal,370000
3954,COM00621.00,2000,Coal mined,F.coal,370000
3955,COM00621.00,2001,Clean coal,F.coal,1300000
3956,COM00621.00,2001,Coal mined,F.coal,1300000
3957,COM00621.00,2002,Clean coal,F.coal,2290000
3958,COM00621.00,2002,Coal mined,F.coal,2290000
3959,COM00621.00,2003,Clean coal,F.coal,2380000
3960,COM00621.00,2003,Coal mined,F.coal,2380000
3961,COM00621.00,2004,Clean coal,F.coal,2730000
3962,COM00621.00,2004,Coal mined,F.coal,2730000
3963,COM00621.00,2005,Clean coal,F.coal,2560000
3964,COM00621.00,2005,Coal mined,F.coal,2560000
3965,COM00621.00,2006,Clean coal,F.coal,2640000
3966,COM00621.00,2006,Coal mined,F.coal,2640000
3967,COM00621.00,2007,Clean coal,F.coal,2740000
3968,COM00621.00,2007,Coal mined,F.coal,2740000
3969,COM00621.00,2008,Clean coal,F.coal,2590000
3970,COM00621.00,2008,Coal mined,F.coal,2590000
3971,COM00621.00,2009,Clean coal,F.coal,2650000
3972,COM00621.00,2009,Coal mined,F.coal,2650000
3973,COM00621.00,2010,Clean coal,F.coal,2780000
3974,COM00621.00,2010,Coal mined,F.coal,2780000
3975,COM00621.00,2011,Clean coal,F.coal,3230000
3976,COM00621.00,2011,Coal mined,F.coal,3230000
3977,COM00621.00,2012,Clean coal,F.coal,3080000
3978,COM00621.00,2012,Coal mined,F.coal,3080000
3979,COM00621.00,2013,Clean coal,F.coal,3100000
3980,COM00621.00,2013,Coal mined,F.coal,3100000
3981,COM00621.00,2014,Clean coal,F.coal,3400000
3982,COM00621.00,2014,Coal mined,F.coal,3400000
3983,COM00621.00,2015,Clean coal,F.coal,4000000
3984,COM00621.00,2015,Coal mined,F.coal,4000000
3985,COM00621.00,2016,Clean coal,F.coal,3400000
3986,COM00621.00,2016,Coal mined,F.coal,3400000
3987,COM00621.00,2017,Clean coal,F.coal,3800000
3988,COM00621.00,2017,Coal mined,F.coal,3800000
3989,COM00626.00,2000,Clean coal,F.stc,6894720
3990,COM00626.00,2000,Coal mined,F.stc,6894720
3991,COM00626.00,2001,Clean coal,F.stc,7711200
3992,COM00626.00,2001,Coal mined,F.stc,7711200
3993,COM00626.00,2002,Clean coal,F.stc,7439040
3994,COM00626.00,2002,Coal mined,F.stc,7439040
3995,COM00626.00,2003,Clean coal,F.stc,7076160
3996,COM00626.00,2003,Coal mined,F.stc,7076160
3997,COM00626.00,2004,Clean coal,F.stc,7439040
3998,COM00626.00,2004,Coal mined,F.stc,7439040
3999,COM00626.00,2005,Clean coal,F.stc,7439040
4000,COM00626.00,2005,Coal mined,F.stc,7439040
4001,COM00626.00,2006,Clean coal,F.stc,7439040
4002,COM00626.00,2006,Coal mined,F.stc,7439040
4003,COM00626.00,2007,Clean coal,F.stc,7257600
4004,COM00626.00,2007,Coal mined,F.stc,7257600
4005,COM00626.00,2008,Clean coal,F.stc,7257600
4006,COM00626.00,2008,Coal mined,F.stc,7257600
4007,COM00626.00,2009,Clean coal,F.stc,6804000
4008,COM00626.00,2009,Coal mined,F.stc,6804000
4009,COM00626.00,2010,Clean coal,F.stc,7076160
4010,COM00626.00,2010,Coal mined,F.stc,7076160
4011,COM00626.00,2011,Clean coal,F.stc,7348320
4012,COM00626.00,2011,Coal mined,F.stc,7348320
4013,COM00626.00,2012,Clean coal,F.stc,6804000
4014,COM00626.00,2012,Coal mined,F.stc,6804000
4015,COM00626.00,2013,Clean coal,F.stc,6531840
4016,COM00626.00,2013,Coal mined,F.stc,6531840
4017,COM00626.00,2014,Clean coal,F.stc,7348320
4018,COM00626.00,2014,Coal mined,F.stc,7348320
4019,COM00626.00,2015,Clean coal,F.stc,6168960
4020,COM00626.00,2015,Coal mined,F.stc,6168960
4021,COM00626.00,2016,Clean coal,F.stc,4898880
4022,COM00626.00,2016,Coal mined,F.stc,4898880
4023,COM00626.00,2017,Clean coal,F.stc,5624640
4024,COM00626.00,2017,Coal mined,F.stc,5624640
4025,COM00626.00,2018,Clean coal,F.stc,5896800
4026,COM00626.00,2018,Coal mined,F.stc,5896800
4027,COM00626.00,2019,Clean coal,F.stc,3447360
4028,COM00626.00,2019,Coal mined,F.stc,3447360
4029,COM00630.00,2012,Clean coal,F.sbc,3851064
4030,COM00630.00,2012,Coal mined,F.sbc,3851064
4031,COM00630.00,2013,Clean coal,F.sbc,4204872
4032,COM00630.00,2013,Coal mined,F.sbc,4204872
4033,COM00630.00,2014,Clean coal,F.sbc,3990773
4034,COM00630.00,2014,Coal mined,F.sbc,3990773
4035,COM00630.00,2015,Clean coal,F.sbc,4056091
4036,COM00630.00,2015,Coal mined,F.sbc,4056091
4037,COM00630.00,2016,Clean coal,F.sbc,3723149
4038,COM00630.00,2016,Coal mined,F.sbc,3723149
4039,COM00630.00,2017,Clean coal,F.sbc,3832013
4040,COM00630.00,2017,Coal mined,F.sbc,3832013
4041,COM00630.00,2018,Clean coal,F.sbc,3644222
4042,COM00630.00,2018,Coal mined,F.sbc,3644222
4043,COM00633.00,2001,Clean coal,F.coc,2068000
4044,COM00633.00,2001,Clean coal,F.stc,1202000
4045,COM00633.00,2001,Coal mined,F.coc,2068000
4046,COM00633.00,2001,Coal mined,F.stc,1202000
4047,COM00633.00,2002,Clean coal,F.coc,2406000
4048,COM00633.00,2002,Clean coal,F.stc,1685000
4049,COM00633.00,2002,Coal mined,F.coc,2406000
4050,COM00633.00,2002,Coal mined,F.stc,1685000
4051,COM00633.00,2003,Clean coal,F.coc,1873000
4052,COM00633.00,2003,Clean coal,F.stc,1449000
4053,COM00633.00,2003,Coal mined,F.coc,1873000
4054,COM00633.00,2003,Coal mined,F.stc,1449000
4055,COM00633.00,2004,Clean coal,F.coal,623000
4056,COM00633.00,2004,Clean coal,F.coc,2659000
4057,COM00633.00,2004,Coal mined,F.coal,623000
4058,COM00633.00,2004,Coal mined,F.coc,2659000
4059,COM00633.00,2005,Clean coal,F.coal,774000
4060,COM00633.00,2005,Clean coal,F.coc,2946000
4061,COM00633.00,2005,Coal mined,F.coal,774000
4062,COM00633.00,2005,Coal mined,F.coc,2946000
4063,COM00633.00,2006,Clean coal,F.coal,863000
4064,COM00633.00,2006,Clean coal,F.coc,2729000
4065,COM00633.00,2006,Coal mined,F.coal,863000
4066,COM00633.00,2006,Coal mined,F.coc,2729000
4067,COM00633.00,2007,Clean coal,F.coal,1035000
4068,COM00633.00,2007,Clean coal,F.coc,2586000
4069,COM00633.00,2007,Coal mined,F.coal,1035000
4070,COM00633.00,2007,Coal mined,F.coc,2586000
4071,COM00633.00,2008,Clean coal,F.coal,929000
4072,COM00633.00,2008,Clean coal,F.coc,3089000
4073,COM00633.00,2008,Coal mined,F.coal,929000
4074,COM00633.00,2008,Coal mined,F.coc,3089000
4075,COM00633.00,2009,Clean coal,F.coal,849000
4076,COM00633.00,2009,Clean coal,F.coc,2868000
4077,COM00633.00,2009,Coal mined,F.coal,849000
4078,COM00633.00,2009,Coal mined,F.coc,2868000
4079,COM00633.00,2010,Clean coal,F.coc,3846000
4080,COM00633.00,2010,Clean coal,F.stc,713000
4081,COM00633.00,2010,Coal mined,F.coc,3846000
4082,COM00633.00,2010,Coal mined,F.stc,713000
4083,COM00633.00,2011,Clean coal,F.coc,3545000
4084,COM00633.00,2011,Clean coal,F.stc,326000
4085,COM00633.00,2011,Coal mined,F.coc,3545000
4086,COM00633.00,2011,Coal mined,F.stc,326000
4087,COM00633.00,2012,Clean coal,F.coc,2468000
4088,COM00633.00,2012,Clean coal,F.stc,350000
4089,COM00633.00,2012,Coal mined,F.coc,2468000
4090,COM00633.00,2012,Coal mined,F.stc,350000
4091,COM00633.00,2013,Clean coal,F.coc,2553000
4092,COM00633.00,2013,Clean coal,F.stc,463000
4093,COM00633.00,2013,Coal mined,F.coc,2553000
4094,COM00633.00,2013,Coal mined,F.stc,463000
4095,COM00633.00,2014,Clean coal,F.coc,2163000
4096,COM00633.00,2014,Clean coal,F.stc,564000
4097,COM00633.00,2014,Coal mined,F.coc,2163000
4098,COM00633.00,2014,Coal mined,F.stc,564000
4099,COM00633.00,2015,Clean coal,F.coc,3450000
4100,COM00633.00,2015,Clean coal,F.stc,637000
4101,COM00633.00,2015,Coal mined,F.coc,3450000
4102,COM00633.00,2015,Coal mined,F.stc,637000
4103,COM00633.00,2016,Clean coal,F.coc,4077000
4104,COM00633.00,2016,Clean coal,F.stc,846000
4105,COM00633.00,2016,Coal mined,F.coc,4077000
4106,COM00633.00,2016,Coal mined,F.stc,846000
4107,COM00633.00,2017,Clean coal,F.coc,4252000
4108,COM00633.00,2017,Clean coal,F.stc,843000
4109,COM00633.00,2017,Coal mined,F.coc,4252000
4110,COM00633.00,2017,Coal mined,F.stc,843000
4111,COM00633.00,2018,Clean coal,F.coal,4760000
4112,COM00633.00,2018,Coal mined,F.coal,4760000
4113,COM00633.00,2019,Clean coal,F.coal,6760000
4114,COM00633.00,2019,Coal mined,F.coal,6760000
4115,COM00633.00,2020,Clean coal,F.coal,5660000
4116,COM00633.00,2020,Coal mined,F.coal,5660000
4117,COM00636.00,2009,Clean coal,F.coc,1100000
4118,COM00636.00,2009,Coal mined,F.coc,1100000
4119,COM00636.00,2010,Clean coal,F.coc,2000000
4120,COM00636.00,2010,Clean coal,F.stc,200000
4121,COM00636.00,2010,Coal mined,F.coc,2000000
4122,COM00636.00,2010,Coal mined,F.stc,200000
4123,COM00636.00,2011,Clean coal,F.coc,2300000
4124,COM00636.00,2011,Clean coal,F.stc,100000
4125,COM00636.00,2011,Coal mined,F.coc,2300000
4126,COM00636.00,2011,Coal mined,F.stc,100000
4127,COM00636.00,2012,Clean coal,F.coc,1800000
4128,COM00636.00,2012,Coal mined,F.coc,1800000
4129,COM00636.00,2013,Clean coal,F.coc,700000
4130,COM00636.00,2013,Clean coal,F.stc,100000
4131,COM00636.00,2013,Coal mined,F.coc,700000
4132,COM00636.00,2013,Coal mined,F.stc,100000
4133,COM00639.00,2002,Clean coal,F.stc,12310000
4134,COM00639.00,2002,Coal mined,F.stc,12310000
4135,COM00639.00,2003,Clean coal,F.stc,12830000
4136,COM00639.00,2003,Coal mined,F.stc,12830000
4137,COM00639.00,2004,Clean coal,F.stc,14740000
4138,COM00639.00,2004,Coal mined,F.stc,14740000
4139,COM00639.00,2005,Clean coal,F.stc,15070000
4140,COM00639.00,2005,Coal mined,F.stc,15070000
4141,COM00639.00,2006,Clean coal,F.stc,13625000
4142,COM00639.00,2006,Coal mined,F.stc,13625000
4143,COM00639.00,2007,Clean coal,F.stc,13526000
4144,COM00639.00,2007,Coal mined,F.stc,13526000
4145,COM00639.00,2008,Clean coal,F.stc,13327000
4146,COM00639.00,2008,Coal mined,F.stc,13327000
4147,COM00639.00,2009,Clean coal,F.stc,11125000
4148,COM00639.00,2009,Coal mined,F.stc,11125000
4149,COM00639.00,2010,Clean coal,F.stc,10868000
4150,COM00639.00,2010,Coal mined,F.stc,10868000
4151,COM00639.00,2011,Clean coal,F.stc,12928000
4152,COM00639.00,2011,Coal mined,F.stc,12928000
4153,COM00639.00,2012,Clean coal,F.stc,10863000
4154,COM00639.00,2012,Coal mined,F.stc,10863000
4155,COM00639.00,2013,Clean coal,F.stc,9554000
4156,COM00639.00,2013,Coal mined,F.stc,9554000
4157,COM00640.00,2003,Clean coal,F.stc,7889100
4158,COM00640.00,2003,Coal mined,F.stc,7889100
4159,COM00640.00,2004,Clean coal,F.stc,8165700
4160,COM00640.00,2004,Coal mined,F.stc,8165700
4161,COM00640.00,2005,Clean coal,F.stc,8166400
4162,COM00640.00,2005,Coal mined,F.stc,8166400
4163,COM00640.00,2006,Clean coal,F.stc,8000800
4164,COM00640.00,2006,Coal mined,F.stc,8000800
4165,COM00640.00,2007,Clean coal,F.stc,7548900
4166,COM00640.00,2007,Coal mined,F.stc,7548900
4167,COM00640.00,2008,Clean coal,F.stc,8634900
4168,COM00640.00,2008,Coal mined,F.stc,8634900
4169,COM00640.00,2009,Clean coal,F.stc,8645500
4170,COM00640.00,2009,Coal mined,F.stc,8645500
4171,COM00640.00,2010,Clean coal,F.stc,8509400
4172,COM00640.00,2010,Coal mined,F.stc,8509400
4173,COM00640.00,2011,Clean coal,F.stc,8571800
4174,COM00640.00,2011,Coal mined,F.stc,8571800
4175,COM00640.00,2012,Clean coal,F.stc,8037800
4176,COM00640.00,2012,Coal mined,F.stc,8037800
4177,COM00640.00,2013,Clean coal,F.stc,8081200
4178,COM00640.00,2013,Coal mined,F.stc,8081200
4179,COM00640.00,2014,Clean coal,F.stc,8090200
4180,COM00640.00,2014,Coal mined,F.stc,8090200
4181,COM00640.00,2015,Clean coal,F.stc,7421000
4182,COM00640.00,2015,Coal mined,F.stc,7421000
4183,COM00640.00,2016,Clean coal,F.stc,8185700
4184,COM00640.00,2016,Coal mined,F.stc,8185700
4185,COM00640.00,2017,Clean coal,F.stc,5707700
4186,COM00640.00,2017,Coal mined,F.stc,5707700
4187,COM00640.00,2018,Clean coal,F.stc,5532100
4188,COM00640.00,2018,Coal mined,F.stc,5532100
4189,COM00640.00,2019,Clean coal,F.stc,5760800
4190,COM00640.00,2019,Coal mined,F.stc,5760800
4191,COM00640.00,2020,Clean coal,F.stc,6182400
4192,COM00640.00,2020,Coal mined,F.stc,6182400
4193,COM00644.00,2000,Clean coal,F.coal,8500000
4194,COM00644.00,2000,Coal mined,F.coal,8500000
4195,COM00644.00,2001,Clean coal,F.coal,10500000
4196,COM00644.00,2001,Coal mined,F.coal,10500000
4197,COM00644.00,2002,Clean coal,F.coal,11500000
4198,COM00644.00,2002,Coal mined,F.coal,11500000
4199,COM00644.00,2003,Clean coal,F.coal,14000000
4200,COM00644.00,2003,Coal mined,F.coal,14000000
4201,COM00644.00,2004,Clean coal,F.coal,16000000
4202,COM00644.00,2004,Coal mined,F.coal,16000000
4203,COM00644.00,2005,Clean coal,F.coal,18200000
4204,COM00644.00,2005,Coal mined,F.coal,18200000
4205,COM00644.00,2006,Clean coal,F.coal,18500000
4206,COM00644.00,2006,Coal mined,F.coal,18500000
4207,COM00644.00,2007,Clean coal,F.coal,20000000
4208,COM00644.00,2007,Coal mined,F.coal,20000000
4209,COM00644.00,2008,Clean coal,F.coal,22000000
4210,COM00644.00,2008,Coal mined,F.coal,22000000
4211,COM00644.00,2009,Clean coal,F.coal,24000000
4212,COM00644.00,2009,Coal mined,F.coal,24000000
4213,COM00644.00,2010,Clean coal,F.coal,29000000
4214,COM00644.00,2010,Coal mined,F.coal,29000000
4215,COM00644.00,2011,Clean coal,F.coal,31500000
4216,COM00644.00,2011,Coal mined,F.coal,31500000
4217,COM00644.00,2012,Clean coal,F.coal,34200000
4218,COM00644.00,2012,Coal mined,F.coal,34200000
4219,COM00644.00,2013,Clean coal,F.coal,37300000
4220,COM00644.00,2013,Coal mined,F.coal,37300000
4221,COM00644.00,2014,Clean coal,F.coal,40300000
4222,COM00644.00,2014,Coal mined,F.coal,40300000
4223,COM00644.00,2015,Clean coal,F.coal,39000000
4224,COM00644.00,2015,Coal mined,F.coal,39000000
4225,COM00644.00,2016,Clean coal,F.coal,31100000
4226,COM00644.00,2016,Coal mined,F.coal,31100000
4227,COM00644.00,2017,Clean coal,F.coal,31000000
4228,COM00644.00,2017,Coal mined,F.coal,31000000
4229,COM00644.00,2018,Clean coal,F.coal,34000000
4230,COM00644.00,2018,Coal mined,F.coal,34000000
4231,COM00644.00,2019,Clean coal,F.coal,34300000
4232,COM00644.00,2019,Coal mined,F.coal,34300000
4233,COM00644.00,2020,Clean coal,F.coal,33000000
4234,COM00644.00,2020,Coal mined,F.coal,33000000
4235,COM00646.00,2013,Clean coal,F.stc,1300000
4236,COM00646.00,2013,Coal mined,F.stc,1300000
4237,COM00646.00,2014,Clean coal,F.stc,2000000
4238,COM00646.00,2014,Coal mined,F.stc,2000000
4239,COM00646.00,2015,Clean coal,F.stc,2400000
4240,COM00646.00,2015,Coal mined,F.stc,2400000
4241,COM00646.00,2016,Clean coal,F.stc,2000000
4242,COM00646.00,2016,Coal mined,F.stc,2000000
4243,COM00646.00,2017,Clean coal,F.stc,2300000
4244,COM00646.00,2017,Coal mined,F.stc,2300000
4245,COM00646.00,2018,Clean coal,F.stc,2170000
4246,COM00646.00,2018,Coal mined,F.stc,2170000
4247,COM00646.00,2019,Clean coal,F.stc,1200000
4248,COM00646.00,2019,Coal mined,F.stc,1200000
4249,COM00646.00,2020,Clean coal,F.stc,2050000
4250,COM00646.00,2020,Coal mined,F.stc,2050000
4251,COM00650.00,2012,Clean coal,F.obc,3000000
4252,COM00650.00,2012,Coal mined,F.obc,3000000
4253,COM00650.00,2013,Clean coal,F.obc,8100000
4254,COM00650.00,2013,Coal mined,F.obc,8200000
4255,COM00650.00,2014,Clean coal,F.obc,8500000
4256,COM00650.00,2014,Coal mined,F.obc,8400000
4257,COM00650.00,2015,Clean coal,F.obc,7800000
4258,COM00650.00,2015,Coal mined,F.obc,7800000
4259,COM00650.00,2016,Clean coal,F.obc,8100000
4260,COM00650.00,2016,Coal mined,F.obc,8200000
4261,COM00650.00,2017,Clean coal,F.obc,8600000
4262,COM00650.00,2017,Coal mined,F.obc,8500000
4263,COM00650.00,2018,Clean coal,F.obc,6600000
4264,COM00650.00,2018,Coal mined,F.obc,6700000
4265,COM00650.00,2019,Clean coal,F.obc,5700000
4266,COM00650.00,2019,Coal mined,F.obc,5700000
4267,COM00653.00,2009,Clean coal,F.stc,2752400
4268,COM00653.00,2009,Coal mined,F.stc,2752400
4269,COM00653.00,2010,Clean coal,F.stc,2422100
4270,COM00653.00,2010,Coal mined,F.stc,2422100
4271,COM00653.00,2011,Clean coal,F.stc,2307000
4272,COM00653.00,2011,Coal mined,F.stc,2307000
4273,COM00653.00,2012,Clean coal,F.stc,2458000
4274,COM00653.00,2012,Coal mined,F.stc,2458000
4275,COM00653.00,2013,Clean coal,F.stc,2273000
4276,COM00653.00,2013,Coal mined,F.stc,2273000
4277,COM00653.00,2014,Clean coal,F.stc,2458000
4278,COM00653.00,2014,Coal mined,F.stc,2458000
4279,COM00653.00,2015,Clean coal,F.stc,2555000
4280,COM00653.00,2015,Coal mined,F.stc,2555000
4281,COM00656.00,2004,Clean coal,F.stc,560000
4282,COM00656.00,2004,Coal mined,F.stc,560000
4283,COM00656.00,2005,Clean coal,F.stc,1470000
4284,COM00656.00,2005,Coal mined,F.stc,1470000
4285,COM00656.00,2006,Clean coal,F.stc,2632000
4286,COM00656.00,2006,Coal mined,F.stc,2632000
4287,COM00656.00,2007,Clean coal,F.stc,3223000
4288,COM00656.00,2007,Coal mined,F.stc,3223000
4289,COM00656.00,2008,Clean coal,F.stc,3440000
4290,COM00656.00,2008,Coal mined,F.stc,3440000
4291,COM00656.00,2009,Clean coal,F.stc,3964000
4292,COM00656.00,2009,Coal mined,F.stc,3964000
4293,COM00656.00,2010,Clean coal,F.stc,4887000
4294,COM00656.00,2010,Coal mined,F.stc,4887000
4295,COM00656.00,2011,Clean coal,F.stc,7072000
4296,COM00656.00,2011,Coal mined,F.stc,7072000
4297,COM00656.00,2012,Clean coal,F.stc,7568000
4298,COM00656.00,2012,Coal mined,F.stc,7568000
4299,COM00656.00,2013,Clean coal,F.stc,7404000
4300,COM00656.00,2013,Coal mined,F.stc,7404000
4301,COM00659.00,2003,Clean coal,F.coal,1209845
4302,COM00659.00,2003,Coal mined,F.coal,1209845
4303,COM00659.00,2004,Clean coal,F.coal,1257882
4304,COM00659.00,2004,Coal mined,F.coal,1257882
4305,COM00659.00,2005,Clean coal,F.coal,1158892
4306,COM00659.00,2005,Coal mined,F.coal,1158892
4307,COM00659.00,2006,Clean coal,F.coal,1150889
4308,COM00659.00,2006,Coal mined,F.coal,1150889
4309,COM00659.00,2007,Clean coal,F.coal,943229
4310,COM00659.00,2007,Coal mined,F.coal,943229
4311,COM00659.00,2008,Clean coal,F.coal,860429
4312,COM00659.00,2008,Coal mined,F.coal,860429
4313,COM00659.00,2009,Clean coal,F.coal,470016
4314,COM00659.00,2009,Coal mined,F.coal,470016
4315,COM00659.00,2010,Clean coal,F.coal,377682
4316,COM00659.00,2010,Coal mined,F.coal,377682
4317,COM00663.00,2003,Clean coal,F.stc,2618000
4318,COM00663.00,2003,Coal mined,F.stc,2618000
4319,COM00663.00,2004,Clean coal,F.stc,2770000
4320,COM00663.00,2004,Coal mined,F.stc,2770000
4321,COM00663.00,2005,Clean coal,F.stc,2976600
4322,COM00663.00,2005,Coal mined,F.stc,2976600
4323,COM00663.00,2006,Clean coal,F.stc,3094400
4324,COM00663.00,2006,Coal mined,F.stc,3094400
4325,COM00663.00,2007,Clean coal,F.stc,3428300
4326,COM00663.00,2007,Coal mined,F.stc,3428300
4327,COM00663.00,2008,Clean coal,F.stc,3431800
4328,COM00663.00,2008,Coal mined,F.stc,3431800
4329,COM00663.00,2009,Clean coal,F.stc,3903800
4330,COM00663.00,2009,Coal mined,F.stc,3903800
4331,COM00663.00,2010,Clean coal,F.stc,4121500
4332,COM00663.00,2010,Coal mined,F.stc,4121500
4333,COM00663.00,2011,Clean coal,F.stc,4300000
4334,COM00663.00,2011,Coal mined,F.stc,4300000
4335,COM00663.00,2012,Clean coal,F.stc,4500000
4336,COM00663.00,2012,Coal mined,F.stc,4500000
4337,COM00663.00,2013,Clean coal,F.stc,4000000
4338,COM00663.00,2013,Coal mined,F.stc,4000000
4339,COM00663.00,2014,Clean coal,F.stc,2500000
4340,COM00663.00,2014,Coal mined,F.stc,2500000
4341,COM00663.00,2015,Clean coal,F.stc,1300000
4342,COM00663.00,2015,Coal mined,F.stc,1300000
4343,COM00663.00,2016,Clean coal,F.stc,3502100
4344,COM00663.00,2016,Coal mined,F.stc,3502100
4345,COM00663.00,2017,Clean coal,F.stc,610000
4346,COM00663.00,2017,Coal mined,F.stc,610000
4347,COM00667.00,2002,Clean coal,F.stc,6080000
4348,COM00667.00,2002,Coal mined,F.stc,6080000
4349,COM00667.00,2003,Clean coal,F.stc,6110000
4350,COM00667.00,2003,Coal mined,F.stc,6110000
4351,COM00667.00,2004,Clean coal,F.stc,5490000
4352,COM00667.00,2004,Coal mined,F.stc,5490000
4353,COM00667.00,2005,Clean coal,F.stc,5470000
4354,COM00667.00,2005,Coal mined,F.stc,5470000
4355,COM00667.00,2006,Clean coal,F.stc,4809000
4356,COM00667.00,2006,Coal mined,F.stc,4809000
4357,COM00667.00,2007,Clean coal,F.stc,4858000
4358,COM00667.00,2007,Coal mined,F.stc,4858000
4359,COM00672.00,2008,Clean coal,F.coc,5500000
4360,COM00672.00,2008,Coal mined,F.coc,5500000
4361,COM00672.00,2009,Clean coal,F.coc,5700000
4362,COM00672.00,2009,Coal mined,F.coc,5700000
4363,COM00672.00,2010,Clean coal,F.coc,4200000
4364,COM00672.00,2010,Coal mined,F.coc,4200000
4365,COM00672.00,2011,Clean coal,F.coc,4036000
4366,COM00672.00,2011,Coal mined,F.coc,4036000
4367,COM00672.00,2012,Clean coal,F.coc,3900000
4368,COM00672.00,2012,Coal mined,F.coc,3900000
4369,COM00672.00,2013,Clean coal,F.coc,3500000
4370,COM00672.00,2013,Coal mined,F.coc,3500000
4371,COM00672.00,2014,Clean coal,F.coc,3700000
4372,COM00672.00,2014,Coal mined,F.coc,3700000
4373,COM00672.00,2015,Clean coal,F.coc,2529000
4374,COM00672.00,2015,Coal mined,F.coc,2529000
4375,COM00672.00,2016,Clean coal,F.coc,2260000
4376,COM00672.00,2016,Coal mined,F.coc,2260000
4377,COM00672.00,2017,Clean coal,F.coc,2227000
4378,COM00672.00,2017,Coal mined,F.coc,2227000
4379,COM00672.00,2018,Clean coal,F.coc,4927000
4380,COM00672.00,2018,Coal mined,F.coc,4927000
4381,COM00672.00,2019,Clean coal,F.coc,4811000
4382,COM00672.00,2019,Coal mined,F.coc,4811000
4383,COM00672.00,2020,Clean coal,F.coc,4354000
4384,COM00672.00,2020,Coal mined,F.coc,4354000
4385,COM00675.00,2008,Clean coal,F.coc,6200000
4386,COM00675.00,2008,Coal mined,F.coc,6200000
4387,COM00675.00,2009,Clean coal,F.coc,5400000
4388,COM00675.00,2009,Coal mined,F.coc,5400000
4389,COM00675.00,2010,Clean coal,F.coc,5755860
4390,COM00675.00,2010,Coal mined,F.coc,5755860
4391,COM00675.00,2011,Clean coal,F.coc,5669500
4392,COM00675.00,2011,Coal mined,F.coc,5669500
4393,COM00675.00,2012,Clean coal,F.coc,5346580
4394,COM00675.00,2012,Coal mined,F.coc,5346580
4395,COM00675.00,2013,Clean coal,F.coc,2788000
4396,COM00675.00,2013,Coal mined,F.coc,2788000
4397,COM00675.00,2014,Clean coal,F.coc,1522000
4398,COM00675.00,2014,Coal mined,F.coc,1522000
4399,COM00675.00,2015,Clean coal,F.coc,346000
4400,COM00675.00,2015,Coal mined,F.coc,346000
4401,COM00676.00,2001,Clean coal,F.stc,4200000
4402,COM00676.00,2001,Coal mined,F.stc,4200000
4403,COM00676.00,2002,Clean coal,F.stc,3714000
4404,COM00676.00,2002,Coal mined,F.stc,3714000
4405,COM00676.00,2003,Clean coal,F.stc,3773000
4406,COM00676.00,2003,Coal mined,F.stc,3773000
4407,COM00676.00,2004,Clean coal,F.stc,4726000
4408,COM00676.00,2004,Coal mined,F.stc,4726000
4409,COM00676.00,2005,Clean coal,F.stc,5278000
4410,COM00676.00,2005,Coal mined,F.stc,5278000
4411,COM00676.00,2006,Clean coal,F.stc,5587000
4412,COM00676.00,2006,Coal mined,F.stc,5587000
4413,COM00676.00,2007,Clean coal,F.stc,5630000
4414,COM00676.00,2007,Coal mined,F.stc,5630000
4415,COM00676.00,2008,Clean coal,F.stc,5525000
4416,COM00676.00,2008,Coal mined,F.stc,5525000
4417,COM00676.00,2009,Clean coal,F.ant,1100000
4418,COM00676.00,2009,Clean coal,F.stc,1800000
4419,COM00676.00,2009,Coal mined,F.ant,1100000
4420,COM00676.00,2009,Coal mined,F.stc,1800000
4421,COM00676.00,2010,Clean coal,F.ant,2000000
4422,COM00676.00,2010,Clean coal,F.stc,3300000
4423,COM00676.00,2010,Coal mined,F.ant,2000000
4424,COM00676.00,2010,Coal mined,F.stc,3300000
4425,COM00676.00,2011,Clean coal,F.ant,2300000
4426,COM00676.00,2011,Clean coal,F.stc,3200000
4427,COM00676.00,2011,Coal mined,F.ant,2300000
4428,COM00676.00,2011,Coal mined,F.stc,3200000
4429,COM00676.00,2012,Clean coal,F.ant,2000000
4430,COM00676.00,2012,Clean coal,F.stc,3700000
4431,COM00676.00,2012,Coal mined,F.ant,2000000
4432,COM00676.00,2012,Coal mined,F.stc,3700000
4433,COM00676.00,2013,Clean coal,F.ant,2500000
4434,COM00676.00,2013,Clean coal,F.stc,3100000
4435,COM00676.00,2013,Coal mined,F.ant,2500000
4436,COM00676.00,2013,Coal mined,F.stc,3100000
4437,COM00676.00,2014,Clean coal,F.ant,2300000
4438,COM00676.00,2014,Clean coal,F.stc,2800000
4439,COM00676.00,2014,Coal mined,F.ant,2300000
4440,COM00676.00,2014,Coal mined,F.stc,2800000
4441,COM00676.00,2015,Clean coal,F.ant,2500000
4442,COM00676.00,2015,Clean coal,F.stc,2700000
4443,COM00676.00,2015,Coal mined,F.ant,2500000
4444,COM00676.00,2015,Coal mined,F.stc,2700000
4445,COM00676.00,2016,Clean coal,F.ant,2400000
4446,COM00676.00,2016,Clean coal,F.stc,1800000
4447,COM00676.00,2016,Coal mined,F.ant,2400000
4448,COM00676.00,2016,Coal mined,F.stc,1800000
4449,COM00676.00,2017,Clean coal,F.ant,2200000
4450,COM00676.00,2017,Clean coal,F.stc,1700000
4451,COM00676.00,2017,Coal mined,F.ant,2200000
4452,COM00676.00,2017,Coal mined,F.stc,1700000
4453,COM00676.00,2018,Clean coal,F.ant,1500000
4454,COM00676.00,2018,Clean coal,F.stc,1600000
4455,COM00676.00,2018,Coal mined,F.ant,1500000
4456,COM00676.00,2018,Coal mined,F.stc,1600000
4457,COM00676.00,2019,Clean coal,F.ant,1200000
4458,COM00676.00,2019,Clean coal,F.stc,1800000
4459,COM00676.00,2019,Coal mined,F.ant,1200000
4460,COM00676.00,2019,Coal mined,F.stc,1800000
4461,COM00676.00,2020,Clean coal,F.ant,2000000
4462,COM00676.00,2020,Clean coal,F.stc,2600000
4463,COM00676.00,2020,Coal mined,F.ant,2000000
4464,COM00676.00,2020,Coal mined,F.stc,2600000
4465,COM00678.00,2012,Clean coal,F.stc,5508000
4466,COM00678.00,2012,Coal mined,F.stc,5508000
4467,COM00678.00,2013,Clean coal,F.stc,5254000
4468,COM00678.00,2013,Coal mined,F.stc,5254000
4469,COM00678.00,2015,Clean coal,F.stc,5944000
4470,COM00678.00,2015,Coal mined,F.stc,5944000
4471,COM00679.00,2003,Clean coal,F.stc,10984300
4472,COM00679.00,2003,Coal mined,F.stc,10984300
4473,COM00679.00,2004,Clean coal,F.stc,11059500
4474,COM00679.00,2004,Coal mined,F.stc,11059500
4475,COM00679.00,2005,Clean coal,F.stc,12030900
4476,COM00679.00,2005,Coal mined,F.stc,12030900
4477,COM00679.00,2006,Clean coal,F.stc,12318400
4478,COM00679.00,2006,Coal mined,F.stc,12318400
4479,COM00679.00,2007,Clean coal,F.stc,11210100
4480,COM00679.00,2007,Coal mined,F.stc,11210100
4481,COM00679.00,2008,Clean coal,F.stc,10344400
4482,COM00679.00,2008,Coal mined,F.stc,10344400
4483,COM00679.00,2009,Clean coal,F.stc,11161700
4484,COM00679.00,2009,Coal mined,F.stc,11161700
4485,COM00679.00,2010,Clean coal,F.stc,9526100
4486,COM00679.00,2010,Coal mined,F.stc,9526100
4487,COM00679.00,2011,Clean coal,F.stc,8151700
4488,COM00679.00,2011,Coal mined,F.stc,8151700
4489,COM00679.00,2012,Clean coal,F.stc,8096900
4490,COM00679.00,2012,Coal mined,F.stc,8096900
4491,COM00679.00,2013,Clean coal,F.stc,8102700
4492,COM00679.00,2013,Coal mined,F.stc,8102700
4493,COM00679.00,2014,Clean coal,F.stc,6878100
4494,COM00679.00,2014,Coal mined,F.stc,6878100
4495,COM00679.00,2015,Clean coal,F.stc,6158200
4496,COM00679.00,2015,Coal mined,F.stc,6158200
4497,COM00679.00,2016,Clean coal,F.stc,6336500
4498,COM00679.00,2016,Coal mined,F.stc,6336500
4499,COM00679.00,2017,Clean coal,F.stc,5388900
4500,COM00679.00,2017,Coal mined,F.stc,5388900
4501,COM00679.00,2018,Clean coal,F.stc,704900
4502,COM00679.00,2018,Coal mined,F.stc,704900
4503,COM00685.00,2013,Clean coal,F.stc,1355000
4504,COM00685.00,2013,Coal mined,F.stc,1355000
4505,COM00686.00,2007,Clean coal,F.coal,850000
4506,COM00686.00,2007,Coal mined,F.coal,850000
4507,COM00686.00,2008,Clean coal,F.coal,801000
4508,COM00686.00,2008,Coal mined,F.coal,801000
4509,COM00686.00,2009,Clean coal,F.coal,803000
4510,COM00686.00,2009,Coal mined,F.coal,803000
4511,COM00686.00,2010,Clean coal,F.coal,647000
4512,COM00686.00,2010,Coal mined,F.coal,647000
4513,COM00686.00,2011,Clean coal,F.coal,658000
4514,COM00686.00,2011,Coal mined,F.coal,658000
4515,COM00686.00,2012,Clean coal,F.coal,676000
4516,COM00686.00,2012,Coal mined,F.coal,676000
4517,COM00686.00,2013,Clean coal,F.coal,802000
4518,COM00686.00,2013,Coal mined,F.coal,802000
4519,COM00686.00,2014,Clean coal,F.coal,404000
4520,COM00686.00,2014,Coal mined,F.coal,404000
4521,COM00687.00,2004,Clean coal,F.coc,5300000
4522,COM00687.00,2004,Clean coal,F.stc,35900000
4523,COM00687.00,2004,Coal mined,F.coc,5300000
4524,COM00687.00,2004,Coal mined,F.stc,35900000
4525,COM00687.00,2005,Clean coal,F.coc,3787000
4526,COM00687.00,2005,Clean coal,F.stc,36512000
4527,COM00687.00,2005,Coal mined,F.coc,3787000
4528,COM00687.00,2005,Coal mined,F.stc,36512000
4529,COM00687.00,2006,Clean coal,F.coc,4112000
4530,COM00687.00,2006,Clean coal,F.stc,37247500
4531,COM00687.00,2006,Coal mined,F.coc,4112000
4532,COM00687.00,2006,Coal mined,F.stc,37247500
4533,COM00687.00,2007,Clean coal,F.coc,5020000
4534,COM00687.00,2007,Clean coal,F.stc,38115000
4535,COM00687.00,2007,Coal mined,F.coc,5020000
4536,COM00687.00,2007,Coal mined,F.stc,38115000
4537,COM00687.00,2008,Clean coal,F.coc,4619000
4538,COM00687.00,2008,Clean coal,F.stc,44667000
4539,COM00687.00,2008,Coal mined,F.coc,4619000
4540,COM00687.00,2008,Coal mined,F.stc,44667000
4541,COM00687.00,2009,Clean coal,F.coc,2688900
4542,COM00687.00,2009,Clean coal,F.stc,43408100
4543,COM00687.00,2009,Coal mined,F.coc,2688900
4544,COM00687.00,2009,Coal mined,F.stc,43408100
4545,COM00687.00,2010,Clean coal,F.coc,4686000
4546,COM00687.00,2010,Clean coal,F.stc,45021600
4547,COM00687.00,2010,Coal mined,F.coc,4686000
4548,COM00687.00,2010,Coal mined,F.stc,45021600
4549,COM00687.00,2011,Clean coal,F.coc,5038000
4550,COM00687.00,2011,Clean coal,F.stc,41948000
4551,COM00687.00,2011,Coal mined,F.coc,5038000
4552,COM00687.00,2011,Coal mined,F.stc,41948000
4553,COM00687.00,2012,Clean coal,F.coc,5717000
4554,COM00687.00,2012,Clean coal,F.stc,39699000
4555,COM00687.00,2012,Coal mined,F.coc,5717000
4556,COM00687.00,2012,Coal mined,F.stc,39699000
4557,COM00687.00,2013,Clean coal,F.coc,5815000
4558,COM00687.00,2013,Clean coal,F.stc,38037000
4559,COM00687.00,2013,Coal mined,F.coc,5815000
4560,COM00687.00,2013,Coal mined,F.stc,38037000
4561,COM00687.00,2014,Clean coal,F.coc,5317000
4562,COM00687.00,2014,Clean coal,F.stc,38666000
4563,COM00687.00,2014,Coal mined,F.coc,5317000
4564,COM00687.00,2014,Coal mined,F.stc,38666000
4565,COM00687.00,2015,Clean coal,F.coc,5763000
4566,COM00687.00,2015,Clean coal,F.stc,38630000
4567,COM00687.00,2015,Coal mined,F.coc,5763000
4568,COM00687.00,2015,Coal mined,F.stc,38630000
4569,COM00687.00,2017,Clean coal,F.coc,6155000
4570,COM00687.00,2017,Coal mined,F.coc,6155000
4571,COM00687.00,2020,Clean coal,F.coc,7082000
4572,COM00687.00,2020,Coal mined,F.coc,7082000
4573,COM00711.00,2009,Clean coal,F.coal,8100000
4574,COM00711.00,2009,Coal mined,F.coal,8100000
4575,COM00711.00,2010,Clean coal,F.coal,10400000
4576,COM00711.00,2010,Coal mined,F.coal,10400000
4577,COM00711.00,2011,Clean coal,F.coal,10800000
4578,COM00711.00,2011,Coal mined,F.coal,10800000
4579,COM00711.00,2012,Clean coal,F.coal,10700000
4580,COM00711.00,2012,Coal mined,F.coal,10700000
4581,COM00711.00,2013,Clean coal,F.coal,10400000
4582,COM00711.00,2013,Coal mined,F.coal,10400000
4583,COM00711.00,2014,Clean coal,F.coal,9900000
4584,COM00711.00,2014,Coal mined,F.coal,9900000
4585,COM00711.00,2015,Clean coal,F.coal,9700000
4586,COM00711.00,2015,Coal mined,F.coal,9700000
4587,COM00711.00,2016,Clean coal,F.coal,10100000
4588,COM00711.00,2016,Coal mined,F.coal,10100000
4589,COM00711.00,2017,Clean coal,F.coal,12400000
4590,COM00711.00,2017,Coal mined,F.coal,12400000
4591,COM00711.00,2018,Clean coal,F.coal,12200000
4592,COM00711.00,2018,Coal mined,F.coal,12200000
4593,COM00711.00,2019,Clean coal,F.coal,12500000
4594,COM00711.00,2019,Coal mined,F.coal,12500000
4595,COM00715.00,2014,Clean coal,F.coc,2449440
4596,COM00715.00,2014,Coal mined,F.coc,2449440
4597,COM00715.00,2015,Clean coal,F.coc,2630880
4598,COM00715.00,2015,Coal mined,F.coc,2630880
4599,COM00715.00,2016,Clean coal,F.coc,3719520
4600,COM00715.00,2016,Coal mined,F.coc,3719520
4601,COM00715.00,2017,Clean coal,F.coc,2903040
4602,COM00715.00,2017,Coal mined,F.coc,2903040
4603,COM00715.00,2018,Clean coal,F.coc,3175200
4604,COM00715.00,2018,Coal mined,F.coc,3175200
4605,COM00715.00,2019,Clean coal,F.coc,3719520
4606,COM00715.00,2019,Coal mined,F.coc,3719520
4607,COM00716.00,2000,Clean coal,F.coc,413683
4608,COM00716.00,2000,Coal mined,F.coc,413683
4609,COM00716.00,2003,Clean coal,F.coc,271404
4610,COM00716.00,2003,Coal mined,F.coc,271404
4611,COM00716.00,2004,Clean coal,F.coc,231734
4612,COM00716.00,2004,Coal mined,F.coc,231734
4613,COM00716.00,2005,Clean coal,F.coc,110990
4614,COM00716.00,2005,Coal mined,F.coc,110990
4615,COM00716.00,2006,Clean coal,F.coc,52983
4616,COM00716.00,2006,Coal mined,F.coc,52983
4617,COM00716.00,2007,Clean coal,F.coc,618542
4618,COM00716.00,2007,Coal mined,F.coc,618542
4619,COM00716.00,2008,Clean coal,F.coc,913936
4620,COM00716.00,2008,Coal mined,F.coc,913936
4621,COM00716.00,2009,Clean coal,F.coc,1240684
4622,COM00716.00,2009,Coal mined,F.coc,1240684
4623,COM00716.00,2010,Clean coal,F.coc,1173907
4624,COM00716.00,2010,Coal mined,F.coc,1173907
4625,COM00716.00,2011,Clean coal,F.coc,1004898
4626,COM00716.00,2011,Coal mined,F.coc,1004898
4627,COM00716.00,2012,Clean coal,F.coc,1088640
4628,COM00716.00,2012,Coal mined,F.coc,1088640
4629,COM00716.00,2013,Clean coal,F.coc,907200
4630,COM00716.00,2013,Coal mined,F.coc,907200
4631,COM00716.00,2014,Clean coal,F.coc,997920
4632,COM00716.00,2014,Coal mined,F.coc,997920
4633,COM00716.00,2015,Clean coal,F.coc,816480
4634,COM00716.00,2015,Coal mined,F.coc,816480
4635,COM00716.00,2016,Clean coal,F.coc,997920
4636,COM00716.00,2016,Coal mined,F.coc,997920
4637,COM00716.00,2017,Clean coal,F.coc,1360800
4638,COM00716.00,2017,Coal mined,F.coc,1360800
4639,COM00716.00,2018,Clean coal,F.coc,1088640
4640,COM00716.00,2018,Coal mined,F.coc,1088640
4641,COM00716.00,2019,Clean coal,F.coc,997920
4642,COM00716.00,2019,Coal mined,F.coc,997920
4643,COM00717.00,2000,Clean coal,F.coal,934000
4644,COM00717.00,2000,Coal mined,F.coal,934000
4645,COM00717.00,2001,Clean coal,F.coal,1575000
4646,COM00717.00,2001,Coal mined,F.coal,1575000
4647,COM00717.00,2002,Clean coal,F.coal,1631000
4648,COM00717.00,2002,Coal mined,F.coal,1631000
4649,COM00717.00,2003,Clean coal,F.coal,1610000
4650,COM00717.00,2003,Coal mined,F.coal,1610000
4651,COM00717.00,2004,Clean coal,F.coal,1249000
4652,COM00717.00,2004,Coal mined,F.coal,1249000
4653,COM00717.00,2005,Clean coal,F.coal,1442000
4654,COM00717.00,2005,Coal mined,F.coal,1442000
4655,COM00717.00,2006,Clean coal,F.coc,1509000
4656,COM00717.00,2006,Clean coal,F.stc,915000
4657,COM00717.00,2006,Coal mined,F.coc,1509000
4658,COM00717.00,2006,Coal mined,F.stc,915000
4659,COM00717.00,2007,Clean coal,F.stc,2377000
4660,COM00717.00,2007,Coal mined,F.stc,2377000
4661,COM00717.00,2008,Clean coal,F.stc,2989000
4662,COM00717.00,2008,Coal mined,F.stc,2989000
4663,COM00717.00,2009,Clean coal,F.stc,2506000
4664,COM00717.00,2009,Coal mined,F.stc,2506000
4665,COM00717.00,2010,Clean coal,F.stc,3096000
4666,COM00717.00,2010,Coal mined,F.stc,3096000
4667,COM00717.00,2011,Clean coal,F.stc,4030000
4668,COM00717.00,2011,Coal mined,F.stc,4030000
4669,COM00717.00,2012,Clean coal,F.stc,3844000
4670,COM00717.00,2012,Coal mined,F.stc,3844000
4671,COM00717.00,2013,Clean coal,F.stc,3804000
4672,COM00717.00,2013,Coal mined,F.stc,3804000
4673,COM00717.00,2014,Clean coal,F.stc,4107000
4674,COM00717.00,2014,Coal mined,F.stc,4107000
4675,COM00717.00,2015,Clean coal,F.stc,3774000
4676,COM00717.00,2015,Coal mined,F.stc,3774000
4677,COM00717.00,2016,Clean coal,F.stc,3774000
4678,COM00717.00,2016,Coal mined,F.stc,3774000
4679,COM00717.00,2017,Clean coal,F.stc,3355000
4680,COM00717.00,2017,Coal mined,F.stc,3355000
4681,COM00717.00,2018,Clean coal,F.stc,4220000
4682,COM00717.00,2018,Coal mined,F.stc,4220000
4683,COM00717.00,2019,Clean coal,F.stc,4396000
4684,COM00717.00,2019,Coal mined,F.stc,4396000
4685,COM00717.00,2020,Clean coal,F.stc,3720000
4686,COM00717.00,2020,Coal mined,F.stc,3720000
4687,COM00723.00,2016,Clean coal,F.lig,272160
4688,COM00723.00,2016,Coal mined,F.lig,272160
4689,COM00723.00,2017,Clean coal,F.lig,362880
4690,COM00723.00,2017,Coal mined,F.lig,362880
4691,COM00724.00,2006,Clean coal,F.coal,2980000
4692,COM00724.00,2006,Coal mined,F.coal,2980000
4693,COM00724.00,2007,Clean coal,F.coal,3182000
4694,COM00724.00,2007,Coal mined,F.coal,3182000
4695,COM00724.00,2008,Clean coal,F.coal,3032000
4696,COM00724.00,2008,Coal mined,F.coal,3032000
4697,COM00724.00,2009,Clean coal,F.coal,3578000
4698,COM00724.00,2009,Coal mined,F.coal,3578000
4699,COM00724.00,2010,Clean coal,F.coal,3922000
4700,COM00724.00,2010,Coal mined,F.coal,3922000
4701,COM00724.00,2011,Clean coal,F.coal,4603000
4702,COM00724.00,2011,Coal mined,F.coal,4603000
4703,COM00724.00,2012,Clean coal,F.coal,4578000
4704,COM00724.00,2012,Coal mined,F.coal,4578000
4705,COM00724.00,2014,Clean coal,F.coal,4272000
4706,COM00724.00,2014,Coal mined,F.coal,4272000
4707,COM00724.00,2015,Clean coal,F.coal,4098000
4708,COM00724.00,2015,Coal mined,F.coal,4098000
4709,COM00724.00,2016,Clean coal,F.coal,3864289
4710,COM00724.00,2016,Coal mined,F.coal,3864289
4711,COM00724.00,2017,Clean coal,F.coal,2878000
4712,COM00724.00,2017,Coal mined,F.coal,2878000
4713,COM00724.00,2018,Clean coal,F.coal,4065000
4714,COM00724.00,2018,Coal mined,F.coal,4065000
4715,COM00724.00,2019,Clean coal,F.coal,3629000
4716,COM00724.00,2019,Coal mined,F.coal,3629000
4717,COM00726.00,2006,Clean coal,F.coal,2270000
4718,COM00726.00,2006,Coal mined,F.coal,2270000
4719,COM00726.00,2007,Clean coal,F.coal,2660000
4720,COM00726.00,2007,Coal mined,F.coal,2660000
4721,COM00726.00,2008,Clean coal,F.coal,2450000
4722,COM00726.00,2008,Coal mined,F.coal,2450000
4723,COM00726.00,2009,Clean coal,F.coal,1650000
4724,COM00726.00,2009,Coal mined,F.coal,1650000
4725,COM00726.00,2010,Clean coal,F.coal,2610000
4726,COM00726.00,2010,Coal mined,F.coal,2610000
4727,COM00726.00,2011,Clean coal,F.coal,1490000
4728,COM00726.00,2011,Coal mined,F.coal,1490000
4729,COM00727.00,2001,Clean coal,F.coal,1360800
4730,COM00727.00,2001,Coal mined,F.coal,1360800
4731,COM00727.00,2002,Clean coal,F.coal,1542240
4732,COM00727.00,2002,Coal mined,F.coal,1542240
4733,COM00731.00,2011,Clean coal,F.stc,3653000
4734,COM00731.00,2011,Coal mined,F.stc,3653000
4735,COM00731.00,2012,Clean coal,F.stc,3414000
4736,COM00731.00,2012,Coal mined,F.stc,3414000
4737,COM00731.00,2013,Clean coal,F.stc,4271000
4738,COM00731.00,2013,Coal mined,F.stc,4271000
4739,COM00731.00,2014,Clean coal,F.stc,6002000
4740,COM00731.00,2014,Coal mined,F.stc,6002000
4741,COM00731.00,2015,Clean coal,F.stc,4769000
4742,COM00731.00,2015,Coal mined,F.stc,4769000
4743,COM00735.00,2009,Clean coal,F.coal,2358720
4744,COM00735.00,2009,Coal mined,F.coal,2358720
4745,COM00735.00,2010,Clean coal,F.coal,2449440
4746,COM00735.00,2010,Coal mined,F.coal,2449440
4747,COM00735.00,2011,Clean coal,F.coal,2358720
4748,COM00735.00,2011,Coal mined,F.coal,2358720
4749,COM00735.00,2012,Clean coal,F.coal,2086560
4750,COM00735.00,2012,Coal mined,F.coal,2086560
4751,COM00738.00,2000,Clean coal,F.coal,2086560
4752,COM00738.00,2000,Coal mined,F.coal,2086560
4753,COM00738.00,2001,Clean coal,F.coal,2540160
4754,COM00738.00,2001,Coal mined,F.coal,2540160
4755,COM00738.00,2002,Clean coal,F.coal,2358720
4756,COM00738.00,2002,Coal mined,F.coal,2358720
4757,COM00738.00,2003,Clean coal,F.coal,2449440
4758,COM00738.00,2003,Coal mined,F.coal,2449440
4759,COM00738.00,2004,Clean coal,F.coal,2630880
4760,COM00738.00,2004,Coal mined,F.coal,2630880
4761,COM00738.00,2005,Clean coal,F.coal,2358720
4762,COM00738.00,2005,Coal mined,F.coal,2358720
4763,COM00738.00,2006,Clean coal,F.coal,2268000
4764,COM00738.00,2006,Coal mined,F.coal,2268000
4765,COM00738.00,2007,Clean coal,F.coal,2177280
4766,COM00738.00,2007,Coal mined,F.coal,2177280
4767,COM00738.00,2008,Clean coal,F.coal,2449440
4768,COM00738.00,2008,Coal mined,F.coal,2449440
4769,COM00738.00,2009,Clean coal,F.coal,1995840
4770,COM00738.00,2009,Coal mined,F.coal,1995840
4771,COM00738.00,2010,Clean coal,F.coal,1905120
4772,COM00738.00,2010,Coal mined,F.coal,1905120
4773,COM00738.00,2011,Clean coal,F.coal,2177280
4774,COM00738.00,2011,Coal mined,F.coal,2177280
4775,COM00738.00,2012,Clean coal,F.coal,1814400
4776,COM00738.00,2012,Coal mined,F.coal,1814400
4777,COM00738.00,2013,Clean coal,F.coal,1814400
4778,COM00738.00,2013,Coal mined,F.coal,1814400
4779,COM00738.00,2014,Clean coal,F.coal,1723680
4780,COM00738.00,2014,Coal mined,F.coal,1723680
4781,COM00738.00,2015,Clean coal,F.coal,1451520
4782,COM00738.00,2015,Coal mined,F.coal,1451520
4783,COM00738.00,2016,Clean coal,F.coal,1179360
4784,COM00738.00,2016,Coal mined,F.coal,1179360
4785,COM00750.00,2000,Clean coal,F.coal,0
4786,COM00750.00,2000,Coal mined,F.coal,0
4787,COM00750.00,2001,Clean coal,F.coal,997920
4788,COM00750.00,2001,Coal mined,F.coal,997920
4789,COM00750.00,2002,Clean coal,F.coal,0
4790,COM00750.00,2002,Coal mined,F.coal,0
4791,COM00750.00,2003,Clean coal,F.coal,0
4792,COM00750.00,2003,Coal mined,F.coal,0
4793,COM00750.00,2004,Clean coal,F.coal,4354560
4794,COM00750.00,2004,Coal mined,F.coal,4354560
4795,COM00750.00,2005,Clean coal,F.coal,5806080
4796,COM00750.00,2005,Coal mined,F.coal,5806080
4797,COM00750.00,2006,Clean coal,F.coal,5806080
4798,COM00750.00,2006,Coal mined,F.coal,5806080
4799,COM00750.00,2007,Clean coal,F.coal,5987520
4800,COM00750.00,2007,Coal mined,F.coal,5987520
4801,COM00750.00,2008,Clean coal,F.coal,4717440
4802,COM00750.00,2008,Coal mined,F.coal,4717440
4803,COM00750.00,2009,Clean coal,F.coal,5443200
4804,COM00750.00,2009,Coal mined,F.coal,5443200
4805,COM00750.00,2010,Clean coal,F.coal,5352480
4806,COM00750.00,2010,Coal mined,F.coal,5352480
4807,COM00750.00,2011,Clean coal,F.coc,90720
4808,COM00750.00,2011,Clean coal,F.stc,4989600
4809,COM00750.00,2011,Coal mined,F.coc,90720
4810,COM00750.00,2011,Coal mined,F.stc,4989600
4811,COM00750.00,2012,Clean coal,F.coal,5261760
4812,COM00750.00,2012,Coal mined,F.coal,5261760
4813,COM00753.00,2007,Clean coal,F.stc,4905000
4814,COM00753.00,2007,Coal mined,F.stc,4905000
4815,COM00753.00,2008,Clean coal,F.stc,5322000
4816,COM00753.00,2008,Coal mined,F.stc,5322000
4817,COM00753.00,2009,Clean coal,F.stc,4566900
4818,COM00753.00,2009,Coal mined,F.stc,4566900
4819,COM00753.00,2010,Clean coal,F.stc,4300900
4820,COM00753.00,2010,Coal mined,F.stc,4300900
4821,COM00753.00,2012,Clean coal,F.stc,4201000
4822,COM00753.00,2012,Coal mined,F.stc,4201000
4823,COM00759.00,2004,Clean coal,F.stc,642000
4824,COM00759.00,2004,Coal mined,F.stc,642000
4825,COM00759.00,2005,Clean coal,F.stc,2115200
4826,COM00759.00,2005,Coal mined,F.stc,2115200
4827,COM00759.00,2006,Clean coal,F.stc,1438800
4828,COM00759.00,2006,Coal mined,F.stc,1438800
4829,COM00759.00,2007,Clean coal,F.stc,1514400
4830,COM00759.00,2007,Coal mined,F.stc,1514400
4831,COM00759.00,2008,Clean coal,F.stc,3346800
4832,COM00759.00,2008,Coal mined,F.stc,3346800
4833,COM00759.00,2009,Clean coal,F.stc,4425600
4834,COM00759.00,2009,Coal mined,F.stc,4425600
4835,COM00759.00,2010,Clean coal,F.stc,4895400
4836,COM00759.00,2010,Coal mined,F.stc,4895400
4837,COM00759.00,2011,Clean coal,F.stc,4626200
4838,COM00759.00,2011,Coal mined,F.stc,4626200
4839,COM00759.00,2012,Clean coal,F.stc,3608200
4840,COM00759.00,2012,Coal mined,F.stc,3608200
4841,COM00759.00,2013,Clean coal,F.stc,3650800
4842,COM00759.00,2013,Coal mined,F.stc,3650800
4843,COM00759.00,2014,Clean coal,F.stc,3350800
4844,COM00759.00,2014,Coal mined,F.stc,3350800
4845,COM00759.00,2015,Clean coal,F.stc,2885000
4846,COM00759.00,2015,Coal mined,F.stc,2885000
4847,COM00759.00,2016,Clean coal,F.stc,3518000
4848,COM00759.00,2016,Coal mined,F.stc,3518000
4849,COM00759.00,2017,Clean coal,F.stc,3122200
4850,COM00759.00,2017,Coal mined,F.stc,3122200
4851,COM00759.00,2018,Clean coal,F.stc,2289200
4852,COM00759.00,2018,Coal mined,F.stc,2289200
4853,COM00759.00,2019,Clean coal,F.stc,3615000
4854,COM00759.00,2019,Coal mined,F.stc,3615000
4855,COM00759.00,2020,Clean coal,F.stc,3636400
4856,COM00759.00,2020,Coal mined,F.stc,3636400
4857,COM00760.00,2000,Clean coal,F.coal,44803000
4858,COM00760.00,2000,Coal mined,F.coal,44803000
4859,COM00760.00,2001,Clean coal,F.coal,44803000
4860,COM00760.00,2001,Coal mined,F.coal,44803000
4861,COM00760.00,2002,Clean coal,F.coal,47805000
4862,COM00760.00,2002,Coal mined,F.coal,47805000
4863,COM00760.00,2003,Clean coal,F.coal,52229000
4864,COM00760.00,2003,Coal mined,F.coal,52229000
4865,COM00760.00,2004,Clean coal,F.coal,60048000
4866,COM00760.00,2004,Coal mined,F.coal,60048000
4867,COM00760.00,2005,Clean coal,F.coal,66080000
4868,COM00760.00,2005,Coal mined,F.coal,66080000
4869,COM00760.00,2006,Clean coal,F.coal,69610000
4870,COM00760.00,2006,Coal mined,F.coal,69610000
4871,COM00760.00,2007,Clean coal,F.coal,80000000
4872,COM00760.00,2007,Coal mined,F.coal,80000000
4873,COM00760.00,2008,Clean coal,F.coal,88000000
4874,COM00760.00,2008,Coal mined,F.coal,88000000
4875,COM00760.00,2009,Clean coal,F.coal,96340000
4876,COM00760.00,2009,Coal mined,F.coal,96340000
4877,COM00760.00,2010,Clean coal,F.coal,104080000
4878,COM00760.00,2010,Coal mined,F.coal,104080000
4879,COM00760.00,2011,Clean coal,F.coal,100280000
4880,COM00760.00,2011,Coal mined,F.coal,100280000
4881,COM00760.00,2012,Clean coal,F.coal,103120000
4882,COM00760.00,2012,Coal mined,F.coal,103120000
4883,COM00760.00,2013,Clean coal,F.coal,107900000
4884,COM00760.00,2013,Coal mined,F.coal,107900000
4885,COM00760.00,2014,Clean coal,F.coal,110440000
4886,COM00760.00,2014,Coal mined,F.coal,110440000
4887,COM00760.00,2015,Clean coal,F.stc,121397000
4888,COM00760.00,2015,Coal mined,F.stc,121397000
4889,COM00760.00,2016,Clean coal,F.stc,137901000
4890,COM00760.00,2016,Coal mined,F.stc,137901000
4891,COM00760.00,2017,Clean coal,F.stc,139208000
4892,COM00760.00,2017,Coal mined,F.stc,139208000
4893,COM00760.00,2018,Clean coal,F.stc,143058000
4894,COM00760.00,2018,Coal mined,F.stc,143058000
4895,COM00760.00,2019,Clean coal,F.stc,144151000
4896,COM00760.00,2019,Coal mined,F.stc,144151000
4897,COM00760.00,2020,Clean coal,F.stc,140358000
4898,COM00760.00,2020,Coal mined,F.stc,140358000
4899,COM00761.00,2001,Clean coal,F.coal,453600
4900,COM00761.00,2001,Coal mined,F.coal,453600
4901,COM00761.00,2002,Clean coal,F.coal,272160
4902,COM00761.00,2002,Coal mined,F.coal,272160
4903,COM00761.00,2003,Clean coal,F.coal,635040
4904,COM00761.00,2003,Coal mined,F.coal,635040
4905,COM00761.00,2004,Clean coal,F.coal,635040
4906,COM00761.00,2004,Coal mined,F.coal,635040
4907,COM00761.00,2005,Clean coal,F.coal,544320
4908,COM00761.00,2005,Coal mined,F.coal,544320
4909,COM00761.00,2006,Clean coal,F.coal,181440
4910,COM00761.00,2006,Coal mined,F.coal,181440
4911,COM00765.00,2012,Clean coal,F.coal,200000
4912,COM00765.00,2012,Coal mined,F.coal,200000
4913,COM00767.00,2010,Clean coal,F.coal,1600000
4914,COM00767.00,2010,Coal mined,F.coal,1600000
4915,COM00767.00,2012,Clean coal,F.coal,5444444
4916,COM00767.00,2012,Coal mined,F.coal,5444444
4917,COM00767.00,2013,Clean coal,F.coal,4900000
4918,COM00767.00,2013,Coal mined,F.coal,4900000
4919,COM00767.00,2016,Clean coal,F.coal,5700000
4920,COM00767.00,2016,Coal mined,F.coal,5700000
4921,COM00767.00,2017,Clean coal,F.coal,5500000
4922,COM00767.00,2017,Coal mined,F.coal,5500000
4923,COM00767.00,2018,Clean coal,F.coal,5300000
4924,COM00767.00,2018,Coal mined,F.coal,5300000
4925,COM00767.00,2019,Clean coal,F.coal,3900000
4926,COM00767.00,2019,Coal mined,F.coal,3900000
4927,COM00767.00,2020,Clean coal,F.coal,5200000
4928,COM00767.00,2020,Coal mined,F.coal,5200000
4929,COM00768.00,2011,Clean coal,F.stc,7791000
4930,COM00768.00,2011,Coal mined,F.stc,7791000
4931,COM00768.00,2012,Clean coal,F.stc,8169000
4932,COM00768.00,2012,Coal mined,F.stc,8169000
4933,COM00768.00,2014,Clean coal,F.stc,9215000
4934,COM00768.00,2014,Coal mined,F.stc,9215000
4935,COM00768.00,2015,Clean coal,F.stc,9330000
4936,COM00768.00,2015,Coal mined,F.stc,9330000
4937,COM00768.00,2016,Clean coal,F.stc,10983053
4938,COM00768.00,2016,Coal mined,F.stc,10983053
4939,COM00768.00,2017,Clean coal,F.stc,9002000
4940,COM00768.00,2017,Coal mined,F.stc,9002000
4941,COM00768.00,2018,Clean coal,F.stc,10562000
4942,COM00768.00,2018,Coal mined,F.stc,10562000
4943,COM00768.00,2019,Clean coal,F.stc,10159000
4944,COM00768.00,2019,Coal mined,F.stc,10159000
4945,COM00778.00,2015,Clean coal,F.lig,181440
4946,COM00778.00,2015,Coal mined,F.lig,181440
4947,COM00778.00,2016,Clean coal,F.lig,181440
4948,COM00778.00,2016,Coal mined,F.lig,181440
4949,COM00778.00,2017,Clean coal,F.lig,181440
4950,COM00778.00,2017,Coal mined,F.lig,181440
4951,COM00778.00,2018,Clean coal,F.lig,181440
4952,COM00778.00,2018,Coal mined,F.lig,181440
4953,COM00778.00,2019,Clean coal,F.lig,181440
4954,COM00778.00,2019,Coal mined,F.lig,181440
4955,COM00782.00,2006,Clean coal,F.stc,13613000
4956,COM00782.00,2006,Coal mined,F.stc,13613000
4957,COM00782.00,2007,Clean coal,F.stc,13030000
4958,COM00782.00,2007,Coal mined,F.stc,13030000
4959,COM00782.00,2008,Clean coal,F.stc,13230000
4960,COM00782.00,2008,Coal mined,F.stc,13230000
4961,COM00782.00,2009,Clean coal,F.stc,11273000
4962,COM00782.00,2009,Coal mined,F.stc,11273000
4963,COM00782.00,2010,Clean coal,F.stc,12288000
4964,COM00782.00,2010,Coal mined,F.stc,12288000
4965,COM00782.00,2011,Clean coal,F.stc,10150000
4966,COM00782.00,2011,Coal mined,F.stc,10150000
4967,COM00782.00,2012,Clean coal,F.stc,10948000
4968,COM00782.00,2012,Coal mined,F.stc,10948000
4969,COM00782.00,2013,Clean coal,F.stc,10133000
4970,COM00782.00,2013,Coal mined,F.stc,10133000
4971,COM00782.00,2014,Clean coal,F.stc,10374000
4972,COM00782.00,2014,Coal mined,F.stc,10374000
4973,COM00782.00,2015,Clean coal,F.stc,7859000
4974,COM00782.00,2015,Coal mined,F.stc,7859000
4975,COM00782.00,2016,Clean coal,F.stc,7900000
4976,COM00782.00,2016,Coal mined,F.stc,7900000
4977,COM00782.00,2017,Clean coal,F.stc,7400000
4978,COM00782.00,2017,Coal mined,F.stc,7400000
4979,COM00782.00,2018,Clean coal,F.stc,6609000
4980,COM00782.00,2018,Coal mined,F.stc,6609000
4981,COM00782.00,2019,Clean coal,F.stc,5991000
4982,COM00782.00,2019,Coal mined,F.stc,5991000
4983,COM00782.00,2020,Clean coal,F.stc,6153000
4984,COM00782.00,2020,Coal mined,F.stc,6153000
4985,COM00783.00,2015,Clean coal,F.coal,2231000
4986,COM00783.00,2015,Coal mined,F.coal,2614000
4987,COM00783.00,2016,Clean coal,F.coal,7384000
4988,COM00783.00,2016,Coal mined,F.coal,7826000
4989,COM00783.00,2017,Clean coal,F.coal,8986000
4990,COM00783.00,2017,Coal mined,F.coal,9729000
4991,COM00783.00,2018,Clean coal,F.coal,9664000
4992,COM00783.00,2018,Coal mined,F.coal,10953000
4993,COM00783.00,2019,Clean coal,F.coal,9200000
4994,COM00783.00,2019,Coal mined,F.coal,11720000
4995,COM00783.00,2020,Clean coal,F.coal,8190000
4996,COM00783.00,2020,Coal mined,F.coal,10726000
4997,COM00784.00,2000,Clean coal,F.coal,725760
4998,COM00784.00,2000,Coal mined,F.coal,725760
4999,COM00784.00,2001,Clean coal,F.coal,997920
5000,COM00784.00,2001,Coal mined,F.coal,997920
5001,COM00784.00,2002,Clean coal,F.coal,1179360
5002,COM00784.00,2002,Coal mined,F.coal,1179360
5003,COM00784.00,2003,Clean coal,F.coal,1451520
5004,COM00784.00,2003,Coal mined,F.coal,1451520
5005,COM00784.00,2004,Clean coal,F.coal,1723680
5006,COM00784.00,2004,Coal mined,F.coal,1723680
5007,COM00784.00,2005,Clean coal,F.coal,1451520
5008,COM00784.00,2005,Coal mined,F.coal,1451520
5009,COM00784.00,2006,Clean coal,F.coal,1723680
5010,COM00784.00,2006,Coal mined,F.coal,1723680
5011,COM00784.00,2007,Clean coal,F.coal,1632960
5012,COM00784.00,2007,Coal mined,F.coal,1632960
5013,COM00784.00,2008,Clean coal,F.coal,1542240
5014,COM00784.00,2008,Coal mined,F.coal,1542240
5015,COM00784.00,2009,Clean coal,F.coal,1360800
5016,COM00784.00,2009,Coal mined,F.coal,1360800
5017,COM00784.00,2010,Clean coal,F.coal,1270080
5018,COM00784.00,2010,Coal mined,F.coal,1270080
5019,COM00784.00,2011,Clean coal,F.coal,1360800
5020,COM00784.00,2011,Coal mined,F.coal,1360800
5021,COM00784.00,2012,Clean coal,F.coal,1179360
5022,COM00784.00,2012,Coal mined,F.coal,1179360
5023,COM00784.00,2013,Clean coal,F.coal,1179360
5024,COM00784.00,2013,Coal mined,F.coal,1179360
5025,COM00784.00,2014,Clean coal,F.coal,1451520
5026,COM00784.00,2014,Coal mined,F.coal,1451520
5027,COM00784.00,2015,Clean coal,F.coal,1360800
5028,COM00784.00,2015,Coal mined,F.coal,1360800
5029,COM00784.00,2016,Clean coal,F.coal,1088640
5030,COM00784.00,2016,Coal mined,F.coal,1088640
5031,COM00784.00,2017,Clean coal,F.coal,1270080
5032,COM00784.00,2017,Coal mined,F.coal,1270080
5033,COM00784.00,2018,Clean coal,F.coal,1179360
5034,COM00784.00,2018,Coal mined,F.coal,1179360
5035,COM00784.00,2019,Clean coal,F.coal,907200
5036,COM00784.00,2019,Coal mined,F.coal,907200
5037,COM00788.00,2001,Clean coal,F.coal,1723680
5038,COM00788.00,2001,Coal mined,F.coal,1723680
5039,COM00788.00,2002,Clean coal,F.coal,362880
5040,COM00788.00,2002,Coal mined,F.coal,362880
5041,COM00793.00,2016,Clean coal,F.coc,529000
5042,COM00793.00,2016,Coal mined,F.coc,529000
5043,COM00793.00,2017,Clean coal,F.coc,230000
5044,COM00793.00,2017,Coal mined,F.coc,230000
5045,COM00793.00,2018,Clean coal,F.coc,1010000
5046,COM00793.00,2018,Coal mined,F.coc,1010000
5047,COM00793.00,2019,Clean coal,F.coc,1090000
5048,COM00793.00,2019,Coal mined,F.coc,1090000
5049,COM00793.00,2020,Clean coal,F.coc,1880000
5050,COM00793.00,2020,Coal mined,F.coc,1880000
5051,COM00794.00,2006,Clean coal,F.coc,362880
5052,COM00794.00,2006,Coal mined,F.coc,362880
5053,COM00794.00,2007,Clean coal,F.coc,1360800
5054,COM00794.00,2007,Coal mined,F.coc,1360800
5055,COM00794.00,2008,Clean coal,F.coc,1360800
5056,COM00794.00,2008,Coal mined,F.coc,1360800
5057,COM00794.00,2009,Clean coal,F.coc,1360800
5058,COM00794.00,2009,Coal mined,F.coc,1360800
5059,COM00794.00,2010,Clean coal,F.coc,1451520
5060,COM00794.00,2010,Coal mined,F.coc,1451520
5061,COM00794.00,2011,Clean coal,F.coc,1632960
5062,COM00794.00,2011,Coal mined,F.coc,1632960
5063,COM00794.00,2012,Clean coal,F.coc,1632960
5064,COM00794.00,2012,Coal mined,F.coc,1632960
5065,COM00794.00,2013,Clean coal,F.coc,1360800
5066,COM00794.00,2013,Coal mined,F.coc,1360800
5067,COM00794.00,2014,Clean coal,F.coc,2268000
5068,COM00794.00,2014,Coal mined,F.coc,2268000
5069,COM00794.00,2015,Clean coal,F.coc,1905120
5070,COM00794.00,2015,Coal mined,F.coc,1905120
5071,COM00794.00,2016,Clean coal,F.coc,1723680
5072,COM00794.00,2016,Coal mined,F.coc,1723680
5073,COM00794.00,2017,Clean coal,F.coal,907200
5074,COM00794.00,2017,Coal mined,F.coal,907200
5075,COM00794.00,2018,Clean coal,F.coal,1542240
5076,COM00794.00,2018,Coal mined,F.coal,1542240
5077,COM00794.00,2019,Clean coal,F.coal,1360800
5078,COM00794.00,2019,Coal mined,F.coal,1360800
5079,COM00795.00,2000,Clean coal,F.coal,2358720
5080,COM00795.00,2000,Coal mined,F.coal,2358720
5081,COM00795.00,2001,Clean coal,F.coal,2449440
5082,COM00795.00,2001,Coal mined,F.coal,2449440
5083,COM00795.00,2002,Clean coal,F.coal,2630880
5084,COM00795.00,2002,Coal mined,F.coal,2630880
5085,COM00795.00,2003,Clean coal,F.coal,2993760
5086,COM00795.00,2003,Coal mined,F.coal,2993760
5087,COM00795.00,2004,Clean coal,F.coal,2903040
5088,COM00795.00,2004,Coal mined,F.coal,2903040
5089,COM00795.00,2005,Clean coal,F.coal,2993760
5090,COM00795.00,2005,Coal mined,F.coal,2993760
5091,COM00795.00,2006,Clean coal,F.coal,2993760
5092,COM00795.00,2006,Coal mined,F.coal,2993760
5093,COM00795.00,2007,Clean coal,F.coal,2903040
5094,COM00795.00,2007,Coal mined,F.coal,2903040
5095,COM00795.00,2008,Clean coal,F.coal,2630880
5096,COM00795.00,2008,Coal mined,F.coal,2630880
5097,COM00795.00,2009,Clean coal,F.coal,2268000
5098,COM00795.00,2009,Coal mined,F.coal,2268000
5099,COM00795.00,2010,Clean coal,F.coal,2540160
5100,COM00795.00,2010,Coal mined,F.coal,2540160
5101,COM00795.00,2011,Clean coal,F.coal,2268000
5102,COM00795.00,2011,Coal mined,F.coal,2268000
5103,COM00795.00,2012,Clean coal,F.coal,2268000
5104,COM00795.00,2012,Coal mined,F.coal,2268000
5105,COM00795.00,2013,Clean coal,F.coal,2177280
5106,COM00795.00,2013,Coal mined,F.coal,2177280
5107,COM00795.00,2014,Clean coal,F.coal,1723680
5108,COM00795.00,2014,Coal mined,F.coal,1723680
5109,COM00795.00,2015,Clean coal,F.coal,1905120
5110,COM00795.00,2015,Coal mined,F.coal,1905120
5111,COM00795.00,2016,Clean coal,F.coal,1814400
5112,COM00795.00,2016,Coal mined,F.coal,1814400
5113,COM00795.00,2017,Clean coal,F.coal,1905120
5114,COM00795.00,2017,Coal mined,F.coal,1905120
5115,COM00795.00,2018,Clean coal,F.coal,2086560
5116,COM00795.00,2018,Coal mined,F.coal,2086560
5117,COM00795.00,2019,Clean coal,F.coal,1905120
5118,COM00795.00,2019,Coal mined,F.coal,1905120
5119,COM00798.00,2004,Clean coal,F.coc,6200000
5120,COM00798.00,2004,Coal mined,F.coc,6200000
5121,COM00798.00,2005,Clean coal,F.coc,2771000
5122,COM00798.00,2005,Coal mined,F.coc,2771000
5123,COM00798.00,2006,Clean coal,F.coc,2665800
5124,COM00798.00,2006,Coal mined,F.coc,2665800
5125,COM00798.00,2007,Clean coal,F.coc,2801000
5126,COM00798.00,2007,Coal mined,F.coc,2801000
5127,COM00798.00,2008,Clean coal,F.coc,3250000
5128,COM00798.00,2008,Coal mined,F.coc,3250000
5129,COM00798.00,2009,Clean coal,F.coc,3333100
5130,COM00798.00,2009,Coal mined,F.coc,3333100
5131,COM00798.00,2010,Clean coal,F.coc,3113000
5132,COM00798.00,2010,Coal mined,F.coc,3113000
5133,COM00798.00,2011,Clean coal,F.coc,3433000
5134,COM00798.00,2011,Clean coal,F.stc,2232000
5135,COM00798.00,2011,Coal mined,F.coc,3433000
5136,COM00798.00,2011,Coal mined,F.stc,2232000
5137,COM00798.00,2012,Clean coal,F.coc,3618000
5138,COM00798.00,2012,Clean coal,F.stc,2721000
5139,COM00798.00,2012,Coal mined,F.coc,3618000
5140,COM00798.00,2012,Coal mined,F.stc,2721000
5141,COM00798.00,2013,Clean coal,F.coc,3688000
5142,COM00798.00,2013,Coal mined,F.coc,3688000
5143,COM00798.00,2014,Clean coal,F.coc,4301000
5144,COM00798.00,2014,Coal mined,F.coc,4301000
5145,COM00798.00,2015,Clean coal,F.coc,4056000
5146,COM00798.00,2015,Clean coal,F.stc,2705000
5147,COM00798.00,2015,Coal mined,F.coc,4056000
5148,COM00798.00,2015,Coal mined,F.stc,2705000
5149,COM00798.00,2016,Clean coal,F.coc,4289000
5150,COM00798.00,2016,Coal mined,F.coc,4289000
5151,COM00798.00,2017,Clean coal,F.coc,4251000
5152,COM00798.00,2017,Coal mined,F.coc,4251000
5153,COM00798.00,2018,Clean coal,F.coc,4392000
5154,COM00798.00,2018,Coal mined,F.coc,4392000
5155,COM00798.00,2019,Clean coal,F.coc,4757000
5156,COM00798.00,2019,Coal mined,F.coc,4757000
5157,COM00799.00,2014,Clean coal,F.coc,51000
5158,COM00799.00,2014,Coal mined,F.coc,51000
5159,COM00799.00,2015,Clean coal,F.coc,242000
5160,COM00799.00,2015,Coal mined,F.coc,242000
5161,COM00803.00,2015,Clean coal,F.stc,5700000
5162,COM00803.00,2015,Coal mined,F.stc,5700000
5163,COM00803.00,2016,Clean coal,F.stc,3800000
5164,COM00803.00,2016,Coal mined,F.stc,3800000
5165,COM00803.00,2017,Clean coal,F.stc,3900000
5166,COM00803.00,2017,Coal mined,F.stc,3900000
5167,COM00803.00,2018,Clean coal,F.stc,4000000
5168,COM00803.00,2018,Coal mined,F.stc,4000000
5169,COM00806.00,2002,Clean coal,F.stc,25261905
5170,COM00806.00,2002,Coal mined,F.stc,25261905
5171,COM00806.00,2003,Clean coal,F.stc,24964286
5172,COM00806.00,2003,Coal mined,F.stc,24964286
5173,COM00806.00,2004,Clean coal,F.stc,23285714
5174,COM00806.00,2004,Coal mined,F.stc,23285714
5175,COM00806.00,2005,Clean coal,F.stc,23154762
5176,COM00806.00,2005,Coal mined,F.stc,23154762
5177,COM00806.00,2006,Clean coal,F.stc,22414286
5178,COM00806.00,2006,Coal mined,F.stc,22414286
5179,COM00806.00,2007,Clean coal,F.stc,22298810
5180,COM00806.00,2007,Coal mined,F.stc,22298810
5181,COM00806.00,2008,Clean coal,F.stc,17003000
5182,COM00806.00,2008,Coal mined,F.stc,17003000
5183,COM00806.00,2009,Clean coal,F.stc,14807000
5184,COM00806.00,2009,Coal mined,F.stc,14807000
5185,COM00806.00,2010,Clean coal,F.stc,14703000
5186,COM00806.00,2010,Coal mined,F.stc,14703000
5187,COM00806.00,2011,Clean coal,F.stc,14328000
5188,COM00806.00,2011,Coal mined,F.stc,14328000
5189,COM00806.00,2012,Clean coal,F.stc,14848000
5190,COM00806.00,2012,Coal mined,F.stc,14848000
5191,COM00806.00,2013,Clean coal,F.stc,14669000
5192,COM00806.00,2013,Coal mined,F.stc,14669000
5193,COM00808.00,2012,Clean coal,F.coal,1166000
5194,COM00808.00,2012,Coal mined,F.coal,986000
5195,COM00808.00,2013,Clean coal,F.coal,2866000
5196,COM00808.00,2013,Coal mined,F.coal,2866000
5197,COM00808.00,2014,Clean coal,F.coal,3641000
5198,COM00808.00,2014,Coal mined,F.coal,3641000
5199,COM00808.00,2015,Clean coal,F.coal,4013000
5200,COM00808.00,2015,Coal mined,F.coal,4013000
5201,COM00808.00,2016,Clean coal,F.coc,4082400
5202,COM00808.00,2016,Coal mined,F.coc,4082400
5203,COM00808.00,2017,Clean coal,F.coc,3900960
5204,COM00808.00,2017,Coal mined,F.coc,3900960
5205,COM00808.00,2018,Clean coal,F.coc,3810240
5206,COM00808.00,2018,Coal mined,F.coc,3810240
5207,COM00808.00,2019,Clean coal,F.coc,2630880
5208,COM00808.00,2019,Coal mined,F.coc,2630880
5209,COM00808.00,2020,Clean coal,F.coal,2900000
5210,COM00808.00,2020,Coal mined,F.coal,4000000
5211,COM00809.00,2009,Clean coal,F.stc,90720
5212,COM00809.00,2009,Coal mined,F.stc,90720
5213,COM00809.00,2010,Clean coal,F.stc,1360800
5214,COM00809.00,2010,Coal mined,F.stc,1360800
5215,COM00809.00,2011,Clean coal,F.stc,1360800
5216,COM00809.00,2011,Coal mined,F.stc,1360800
5217,COM00809.00,2012,Clean coal,F.stc,1451520
5218,COM00809.00,2012,Coal mined,F.stc,1451520
5219,COM00812.00,2004,Clean coal,F.coal,272160
5220,COM00812.00,2004,Coal mined,F.coal,272160
5221,COM00813.00,2001,Clean coal,F.coal,3265920
5222,COM00813.00,2001,Coal mined,F.coal,3265920
5223,COM00813.00,2002,Clean coal,F.coal,3175200
5224,COM00813.00,2002,Coal mined,F.coal,3175200
5225,COM00813.00,2003,Clean coal,F.coal,3356640
5226,COM00813.00,2003,Coal mined,F.coal,3356640
5227,COM00813.00,2004,Clean coal,F.coal,3447360
5228,COM00813.00,2004,Coal mined,F.coal,3447360
5229,COM00813.00,2005,Clean coal,F.coal,2540160
5230,COM00813.00,2005,Coal mined,F.coal,2540160
5231,COM00813.00,2006,Clean coal,F.coal,1905120
5232,COM00813.00,2006,Coal mined,F.coal,1905120
5233,COM00813.00,2007,Clean coal,F.coal,997920
5234,COM00813.00,2007,Coal mined,F.coal,997920
5235,COM00814.00,2007,Clean coal,F.coc,1179360
5236,COM00814.00,2007,Coal mined,F.coc,1179360
5237,COM00814.00,2008,Clean coal,F.coc,1088640
5238,COM00814.00,2008,Coal mined,F.coc,1088640
5239,COM00814.00,2009,Clean coal,F.coc,816480
5240,COM00814.00,2009,Coal mined,F.coc,816480
5241,COM00814.00,2010,Clean coal,F.coc,1451520
5242,COM00814.00,2010,Coal mined,F.coc,1451520
5243,COM00814.00,2011,Clean coal,F.coc,1723680
5244,COM00814.00,2011,Coal mined,F.coc,1723680
5245,COM00814.00,2012,Clean coal,F.coc,2903040
5246,COM00814.00,2012,Coal mined,F.coc,2903040
5247,COM00814.00,2013,Clean coal,F.coc,3175200
5248,COM00814.00,2013,Coal mined,F.coc,3175200
5249,COM00814.00,2014,Clean coal,F.coc,3538080
5250,COM00814.00,2014,Coal mined,F.coc,3538080
5251,COM00814.00,2015,Clean coal,F.coc,3991680
5252,COM00814.00,2015,Coal mined,F.coc,3991680
5253,COM00814.00,2016,Clean coal,F.coc,3175200
5254,COM00814.00,2016,Coal mined,F.coc,3175200
5255,COM00814.00,2017,Clean coal,F.coc,2993760
5256,COM00814.00,2017,Coal mined,F.coc,2993760
5257,COM00814.00,2018,Clean coal,F.coc,1723680
5258,COM00814.00,2018,Coal mined,F.coc,1723680
5259,COM00814.00,2019,Clean coal,F.coc,544320
5260,COM00814.00,2019,Coal mined,F.coc,544320
5261,COM00815.00,2004,Clean coal,F.coal,272160
5262,COM00815.00,2004,Coal mined,F.coal,272160
5263,COM00815.00,2005,Clean coal,F.coal,1088640
5264,COM00815.00,2005,Coal mined,F.coal,1088640
5265,COM00815.00,2006,Clean coal,F.coal,816480
5266,COM00815.00,2006,Coal mined,F.coal,816480
5267,COM00815.00,2007,Clean coal,F.coal,544320
5268,COM00815.00,2007,Coal mined,F.coal,544320
5269,COM00815.00,2008,Clean coal,F.coal,1723680
5270,COM00815.00,2008,Coal mined,F.coal,1723680
5271,COM00815.00,2009,Clean coal,F.coal,2903040
5272,COM00815.00,2009,Coal mined,F.coal,2903040
5273,COM00815.00,2010,Clean coal,F.coal,2721600
5274,COM00815.00,2010,Coal mined,F.coal,2721600
5275,COM00815.00,2011,Clean coal,F.coal,2540160
5276,COM00815.00,2011,Coal mined,F.coal,2540160
5277,COM00815.00,2012,Clean coal,F.coal,2630880
5278,COM00815.00,2012,Coal mined,F.coal,2630880
5279,COM00815.00,2013,Clean coal,F.coal,1995840
5280,COM00815.00,2013,Coal mined,F.coal,1995840
5281,COM00815.00,2014,Clean coal,F.coal,1905120
5282,COM00815.00,2014,Coal mined,F.coal,1905120
5283,COM00815.00,2015,Clean coal,F.coal,1905120
5284,COM00815.00,2015,Coal mined,F.coal,1905120
5285,COM00817.00,2015,Clean coal,F.coc,1560000
5286,COM00817.00,2015,Coal mined,F.stc,1350000
5287,COM00817.00,2016,Clean coal,F.coc,1310000
5288,COM00817.00,2016,Coal mined,F.stc,1090000
5289,COM00817.00,2017,Clean coal,F.coc,1370000
5290,COM00817.00,2017,Coal mined,F.stc,1710000
5291,COM00817.00,2018,Clean coal,F.coc,1390000
5292,COM00817.00,2018,Coal mined,F.stc,1760000
5293,COM00821.00,2000,Clean coal,F.coal,5171040
5294,COM00821.00,2000,Coal mined,F.coal,5171040
5295,COM00821.00,2001,Clean coal,F.coal,1270080
5296,COM00821.00,2001,Coal mined,F.coal,1270080
5297,COM00821.00,2002,Clean coal,F.coal,3628800
5298,COM00821.00,2002,Coal mined,F.coal,3628800
5299,COM00821.00,2003,Clean coal,F.coal,3628800
5300,COM00821.00,2003,Coal mined,F.coal,3628800
5301,COM00821.00,2004,Clean coal,F.coal,3628800
5302,COM00821.00,2004,Coal mined,F.coal,3628800
5303,COM00821.00,2005,Clean coal,F.coal,3447360
5304,COM00821.00,2005,Coal mined,F.coal,3447360
5305,COM00821.00,2006,Clean coal,F.coal,3175200
5306,COM00821.00,2006,Coal mined,F.coal,3175200
5307,COM00821.00,2007,Clean coal,F.coal,3265920
5308,COM00821.00,2007,Coal mined,F.coal,3265920
5309,COM00821.00,2008,Clean coal,F.coal,1632960
5310,COM00821.00,2008,Coal mined,F.coal,1632960
5311,COM00821.00,2009,Clean coal,F.coal,453600
5312,COM00821.00,2009,Coal mined,F.coal,453600
5313,COM00823.00,2000,Clean coal,F.coal,8890560
5314,COM00823.00,2000,Coal mined,F.coal,8890560
5315,COM00823.00,2001,Clean coal,F.coal,5896800
5316,COM00823.00,2001,Coal mined,F.coal,5896800
5317,COM00823.00,2002,Clean coal,F.coal,5261760
5318,COM00823.00,2002,Coal mined,F.coal,5261760
5319,COM00823.00,2003,Clean coal,F.coal,4989600
5320,COM00823.00,2003,Coal mined,F.coal,4989600
5321,COM00823.00,2004,Clean coal,F.coal,4626720
5322,COM00823.00,2004,Coal mined,F.coal,4626720
5323,COM00823.00,2005,Clean coal,F.coal,4263840
5324,COM00823.00,2005,Coal mined,F.coal,4263840
5325,COM00823.00,2006,Clean coal,F.coal,3628800
5326,COM00823.00,2006,Coal mined,F.coal,3628800
5327,COM00830.00,2011,Clean coal,F.coc,275000
5328,COM00830.00,2011,Clean coal,F.stc,342000
5329,COM00830.00,2011,Coal mined,F.coc,275000
5330,COM00830.00,2011,Coal mined,F.stc,342000
5331,COM00830.00,2012,Clean coal,F.coc,2501000
5332,COM00830.00,2012,Clean coal,F.stc,1267000
5333,COM00830.00,2012,Coal mined,F.coc,2501000
5334,COM00830.00,2012,Coal mined,F.stc,1267000
5335,COM00830.00,2013,Clean coal,F.coc,2373000
5336,COM00830.00,2013,Clean coal,F.stc,1444000
5337,COM00830.00,2013,Coal mined,F.coc,2373000
5338,COM00830.00,2013,Coal mined,F.stc,1444000
5339,COM00830.00,2014,Clean coal,F.coc,3124000
5340,COM00830.00,2014,Clean coal,F.stc,1784000
5341,COM00830.00,2014,Coal mined,F.coc,3124000
5342,COM00830.00,2014,Coal mined,F.stc,1784000
5343,COM00830.00,2015,Clean coal,F.coc,3401000
5344,COM00830.00,2015,Clean coal,F.stc,1559000
5345,COM00830.00,2015,Coal mined,F.coc,3401000
5346,COM00830.00,2015,Coal mined,F.stc,1559000
5347,COM00830.00,2016,Clean coal,F.coc,3480000
5348,COM00830.00,2016,Clean coal,F.stc,2012000
5349,COM00830.00,2016,Coal mined,F.coc,3480000
5350,COM00830.00,2016,Coal mined,F.stc,2012000
5351,COM00830.00,2017,Clean coal,F.coc,6953000
5352,COM00830.00,2017,Clean coal,F.stc,4307000
5353,COM00830.00,2017,Coal mined,F.coc,6953000
5354,COM00830.00,2017,Coal mined,F.stc,4307000
5355,COM00830.00,2018,Clean coal,F.coc,6161000
5356,COM00830.00,2018,Clean coal,F.stc,5444000
5357,COM00830.00,2018,Coal mined,F.coc,6161000
5358,COM00830.00,2018,Coal mined,F.stc,5444000
5359,COM00830.00,2019,Clean coal,F.coc,4032000
5360,COM00830.00,2019,Clean coal,F.stc,4738000
5361,COM00830.00,2019,Coal mined,F.coc,4032000
5362,COM00830.00,2019,Coal mined,F.stc,4738000
5363,COM00833.00,2007,Clean coal,F.coal,6650000
5364,COM00833.00,2007,Coal mined,F.coal,6650000
5365,COM00833.00,2008,Clean coal,F.coal,6704000
5366,COM00833.00,2008,Coal mined,F.coal,6704000
5367,COM00833.00,2009,Clean coal,F.coal,6714000
5368,COM00833.00,2009,Coal mined,F.coal,6714000
5369,COM00833.00,2010,Clean coal,F.coal,7455000
5370,COM00833.00,2010,Coal mined,F.coal,7455000
5371,COM00833.00,2011,Clean coal,F.coal,6967000
5372,COM00833.00,2011,Coal mined,F.coal,6967000
5373,COM00833.00,2012,Clean coal,F.coal,6672000
5374,COM00833.00,2012,Coal mined,F.coal,6672000
5375,COM00833.00,2013,Clean coal,F.coal,6842000
5376,COM00833.00,2013,Coal mined,F.coal,6842000
5377,COM00833.00,2014,Clean coal,F.coal,5534000
5378,COM00833.00,2014,Coal mined,F.coal,5534000
5379,COM00836.00,2011,Clean coal,F.stc,5011000
5380,COM00836.00,2011,Coal mined,F.stc,7007000
5381,COM00836.00,2012,Clean coal,F.stc,5178000
5382,COM00836.00,2012,Coal mined,F.stc,7168000
5383,COM00836.00,2013,Clean coal,F.stc,6291000
5384,COM00836.00,2013,Coal mined,F.stc,6291000
5385,COM00836.00,2014,Clean coal,F.stc,6361000
5386,COM00836.00,2014,Coal mined,F.stc,6361000
5387,COM00836.00,2015,Clean coal,F.stc,6899000
5388,COM00836.00,2015,Coal mined,F.stc,6899000
5389,COM00836.00,2016,Clean coal,F.stc,9349000
5390,COM00836.00,2016,Coal mined,F.stc,9349000
5391,COM00836.00,2017,Clean coal,F.stc,12400000
5392,COM00836.00,2017,Coal mined,F.stc,14700000
5393,COM00836.00,2018,Clean coal,F.stc,16500000
5394,COM00836.00,2018,Coal mined,F.stc,18600000
5395,COM00836.00,2019,Clean coal,F.stc,17800000
5396,COM00836.00,2019,Coal mined,F.stc,20500000
5397,COM00836.00,2020,Clean coal,F.stc,19700000
5398,COM00836.00,2020,Coal mined,F.stc,21700000
5399,COM00837.00,2011,Clean coal,F.coc,272160
5400,COM00837.00,2011,Coal mined,F.coc,272160
5401,COM00837.00,2012,Clean coal,F.coc,1723680
5402,COM00837.00,2012,Coal mined,F.coc,1723680
5403,COM00837.00,2013,Clean coal,F.coc,1905120
5404,COM00837.00,2013,Coal mined,F.coc,1905120
5405,COM00837.00,2014,Clean coal,F.coc,2177280
5406,COM00837.00,2014,Coal mined,F.coc,2177280
5407,COM00837.00,2015,Clean coal,F.coc,1995840
5408,COM00837.00,2015,Coal mined,F.coc,1995840
5409,COM00837.00,2016,Clean coal,F.coc,1723680
5410,COM00837.00,2016,Coal mined,F.coc,1723680
5411,COM00837.00,2017,Clean coal,F.coal,1632960
5412,COM00837.00,2017,Coal mined,F.coal,1632960
5413,COM00837.00,2018,Clean coal,F.coal,1905120
5414,COM00837.00,2018,Coal mined,F.coal,1905120
5415,COM00837.00,2019,Clean coal,F.coal,1542240
5416,COM00837.00,2019,Coal mined,F.coal,1542240
5417,COM00839.00,2003,Clean coal,F.coc,3589659
5418,COM00839.00,2003,Coal mined,F.coc,3589659
5419,COM00839.00,2004,Clean coal,F.coc,1279432
5420,COM00839.00,2004,Coal mined,F.coc,1279432
5421,COM00839.00,2005,Clean coal,F.coc,3900909
5422,COM00839.00,2005,Coal mined,F.coc,3900909
5423,COM00839.00,2006,Clean coal,F.coc,3327841
5424,COM00839.00,2006,Coal mined,F.coc,3327841
5425,COM00839.00,2007,Clean coal,F.coc,3649545
5426,COM00839.00,2007,Coal mined,F.coc,3649545
5427,COM00839.00,2008,Clean coal,F.coc,3615341
5428,COM00839.00,2008,Coal mined,F.coc,3615341
5429,COM00839.00,2009,Clean coal,F.coc,2932955
5430,COM00839.00,2009,Coal mined,F.coc,2932955
5431,COM00839.00,2010,Clean coal,F.coc,4474773
5432,COM00839.00,2010,Coal mined,F.coc,4474773
5433,COM00839.00,2011,Clean coal,F.coc,2784205
5434,COM00839.00,2011,Coal mined,F.coc,2784205
5435,COM00839.00,2012,Clean coal,F.coc,4028977
5436,COM00839.00,2012,Coal mined,F.coc,4028977
5437,COM00839.00,2013,Clean coal,F.coc,5586932
5438,COM00839.00,2013,Coal mined,F.coc,5586932
5439,COM00839.00,2014,Clean coal,F.coc,4793864
5440,COM00839.00,2014,Coal mined,F.coc,4793864
5441,COM00839.00,2015,Clean coal,F.coc,5592955
5442,COM00839.00,2015,Coal mined,F.coc,5592955
5443,COM00839.00,2016,Clean coal,F.coc,5756932
5444,COM00839.00,2016,Coal mined,F.coc,5756932
5445,COM00839.00,2017,Clean coal,F.coc,6137841
5446,COM00839.00,2017,Coal mined,F.coc,6137841
5447,COM00839.00,2018,Clean coal,F.coc,7684091
5448,COM00839.00,2018,Coal mined,F.coc,7684091
5449,COM00839.00,2019,Clean coal,F.coc,6986818
5450,COM00839.00,2019,Coal mined,F.coc,6986818
5451,COM00839.00,2020,Clean coal,F.coc,5034432
5452,COM00839.00,2020,Coal mined,F.coc,5034432
5453,COM00850.00,2002,Clean coal,F.stc,4560000
5454,COM00850.00,2002,Coal mined,F.stc,4560000
5455,COM00850.00,2003,Clean coal,F.stc,6440000
5456,COM00850.00,2003,Coal mined,F.stc,6440000
5457,COM00850.00,2004,Clean coal,F.stc,8720000
5458,COM00850.00,2004,Coal mined,F.stc,8720000
5459,COM00850.00,2005,Clean coal,F.stc,9865000
5460,COM00850.00,2005,Coal mined,F.stc,9865000
5461,COM00850.00,2006,Clean coal,F.stc,9146000
5462,COM00850.00,2006,Coal mined,F.stc,9146000
5463,COM00850.00,2007,Clean coal,F.stc,10897000
5464,COM00850.00,2007,Coal mined,F.stc,10897000
5465,COM00850.00,2008,Clean coal,F.stc,11776000
5466,COM00850.00,2008,Coal mined,F.stc,11776000
5467,COM00850.00,2009,Clean coal,F.stc,11775000
5468,COM00850.00,2009,Coal mined,F.stc,11775000
5469,COM00850.00,2010,Clean coal,F.stc,12039000
5470,COM00850.00,2010,Coal mined,F.stc,12039000
5471,COM00850.00,2011,Clean coal,F.stc,13671000
5472,COM00850.00,2011,Coal mined,F.stc,13671000
5473,COM00850.00,2012,Clean coal,F.stc,16757000
5474,COM00850.00,2012,Coal mined,F.stc,16757000
5475,COM00850.00,2013,Clean coal,F.stc,18010000
5476,COM00850.00,2013,Coal mined,F.stc,18010000
5477,COM00850.00,2014,Clean coal,F.stc,19964000
5478,COM00850.00,2014,Coal mined,F.stc,19964000
5479,COM00850.00,2015,Clean coal,F.stc,19698000
5480,COM00850.00,2015,Coal mined,F.stc,19698000
5481,COM00850.00,2016,Clean coal,F.stc,17101000
5482,COM00850.00,2016,Coal mined,F.stc,17101000
5483,COM00850.00,2017,Clean coal,F.stc,18176000
5484,COM00850.00,2017,Coal mined,F.stc,18176000
5485,COM00850.00,2018,Clean coal,F.stc,18541000
5486,COM00850.00,2018,Coal mined,F.stc,18541000
5487,COM00850.00,2019,Clean coal,F.stc,18257000
5488,COM00850.00,2019,Coal mined,F.stc,18257000
5489,COM00857.00,2001,Clean coal,F.coc,2721000
5490,COM00857.00,2001,Clean coal,F.stc,7517000
5491,COM00857.00,2001,Coal mined,F.coc,2721000
5492,COM00857.00,2001,Coal mined,F.stc,7517000
5493,COM00857.00,2002,Clean coal,F.coc,2395000
5494,COM00857.00,2002,Clean coal,F.stc,8779000
5495,COM00857.00,2002,Coal mined,F.coc,2395000
5496,COM00857.00,2002,Coal mined,F.stc,8779000
5497,COM00857.00,2003,Clean coal,F.coc,1932000
5498,COM00857.00,2003,Clean coal,F.stc,7089000
5499,COM00857.00,2003,Coal mined,F.coc,1932000
5500,COM00857.00,2003,Coal mined,F.stc,7089000
5501,COM00857.00,2004,Clean coal,F.coal,10502000
5502,COM00857.00,2004,Coal mined,F.coal,10502000
5503,COM00857.00,2005,Clean coal,F.coal,10255000
5504,COM00857.00,2005,Coal mined,F.coal,10255000
5505,COM00857.00,2006,Clean coal,F.coal,11237000
5506,COM00857.00,2006,Coal mined,F.coal,11237000
5507,COM00857.00,2007,Clean coal,F.coal,8699000
5508,COM00857.00,2007,Coal mined,F.coal,8699000
5509,COM00857.00,2008,Clean coal,F.coal,8988000
5510,COM00857.00,2008,Coal mined,F.coal,8988000
5511,COM00857.00,2009,Clean coal,F.coal,8504000
5512,COM00857.00,2009,Coal mined,F.coal,8504000
5513,COM00857.00,2010,Clean coal,F.coc,2224000
5514,COM00857.00,2010,Clean coal,F.stc,6638000
5515,COM00857.00,2010,Coal mined,F.coc,2224000
5516,COM00857.00,2010,Coal mined,F.stc,6638000
5517,COM00857.00,2011,Clean coal,F.coc,2516000
5518,COM00857.00,2011,Clean coal,F.stc,6773000
5519,COM00857.00,2011,Coal mined,F.coc,2516000
5520,COM00857.00,2011,Coal mined,F.stc,6773000
5521,COM00857.00,2012,Clean coal,F.coc,2880000
5522,COM00857.00,2012,Clean coal,F.stc,7974000
5523,COM00857.00,2012,Coal mined,F.coc,2880000
5524,COM00857.00,2012,Coal mined,F.stc,7974000
5525,COM00857.00,2013,Clean coal,F.coc,3127000
5526,COM00857.00,2013,Clean coal,F.stc,9352000
5527,COM00857.00,2013,Coal mined,F.coc,3127000
5528,COM00857.00,2013,Coal mined,F.stc,9352000
5529,COM00857.00,2014,Clean coal,F.coc,2885000
5530,COM00857.00,2014,Clean coal,F.stc,9044000
5531,COM00857.00,2014,Coal mined,F.coc,2885000
5532,COM00857.00,2014,Coal mined,F.stc,9044000
5533,COM00857.00,2015,Clean coal,F.coc,2251000
5534,COM00857.00,2015,Clean coal,F.stc,9478000
5535,COM00857.00,2015,Coal mined,F.coc,2251000
5536,COM00857.00,2015,Coal mined,F.stc,9478000
5537,COM00857.00,2016,Clean coal,F.coc,2229000
5538,COM00857.00,2016,Clean coal,F.stc,10075000
5539,COM00857.00,2016,Coal mined,F.coc,2229000
5540,COM00857.00,2016,Coal mined,F.stc,10075000
5541,COM00857.00,2017,Clean coal,F.coal,3900000
5542,COM00857.00,2017,Coal mined,F.coal,5800000
5543,COM00857.00,2018,Clean coal,F.coal,12100000
5544,COM00857.00,2018,Coal mined,F.coal,17600000
5545,COM00857.00,2019,Clean coal,F.coal,12100000
5546,COM00857.00,2019,Coal mined,F.coal,17600000
5547,COM00857.00,2020,Clean coal,F.coal,11900000
5548,COM00857.00,2020,Coal mined,F.coal,17600000
5549,COM00858.00,2007,Clean coal,F.coc,907200
5550,COM00858.00,2007,Coal mined,F.coc,907200
5551,COM00858.00,2008,Clean coal,F.coc,3900960
5552,COM00858.00,2008,Coal mined,F.coc,3900960
5553,COM00858.00,2009,Clean coal,F.coc,3991680
5554,COM00858.00,2009,Coal mined,F.coc,3991680
5555,COM00858.00,2010,Clean coal,F.coc,4626720
5556,COM00858.00,2010,Coal mined,F.coc,4626720
5557,COM00858.00,2011,Clean coal,F.coc,3719520
5558,COM00858.00,2011,Coal mined,F.coc,3719520
5559,COM00858.00,2012,Clean coal,F.coc,3356640
5560,COM00858.00,2012,Coal mined,F.coc,3356640
5561,COM00858.00,2013,Clean coal,F.coc,2630880
5562,COM00858.00,2013,Coal mined,F.coc,2630880
5563,COM00858.00,2014,Clean coal,F.coc,1542240
5564,COM00858.00,2014,Coal mined,F.coc,1542240
5565,COM00858.00,2015,Clean coal,F.coc,1814400
5566,COM00858.00,2015,Coal mined,F.coc,1814400
5567,COM00858.00,2016,Clean coal,F.coc,1451520
5568,COM00858.00,2016,Coal mined,F.coc,1451520
5569,COM00858.00,2017,Clean coal,F.coc,1360800
5570,COM00858.00,2017,Coal mined,F.coc,1360800
5571,COM00858.00,2018,Clean coal,F.coc,1723680
5572,COM00858.00,2018,Coal mined,F.coc,1723680
5573,COM00858.00,2019,Clean coal,F.coc,1270080
5574,COM00858.00,2019,Coal mined,F.coc,1270080
5575,COM00866.00,2006,Clean coal,F.coal,5574000
5576,COM00866.00,2006,Coal mined,F.coal,5574000
5577,COM00866.00,2007,Clean coal,F.coal,5062000
5578,COM00866.00,2007,Coal mined,F.coal,5062000
5579,COM00866.00,2008,Clean coal,F.coal,7188000
5580,COM00866.00,2008,Coal mined,F.coal,7188000
5581,COM00866.00,2009,Clean coal,F.coal,8247000
5582,COM00866.00,2009,Coal mined,F.coal,8247000
5583,COM00866.00,2010,Clean coal,F.coal,8284000
5584,COM00866.00,2010,Coal mined,F.coal,8284000
5585,COM00866.00,2011,Clean coal,F.coal,9227000
5586,COM00866.00,2011,Coal mined,F.coal,9227000
5587,COM00866.00,2012,Clean coal,F.coal,9085000
5588,COM00866.00,2012,Coal mined,F.coal,9085000
5589,COM00866.00,2014,Clean coal,F.coal,8701000
5590,COM00866.00,2014,Coal mined,F.coal,8701000
5591,COM00866.00,2015,Clean coal,F.coal,8069000
5592,COM00866.00,2015,Coal mined,F.coal,8069000
5593,COM00866.00,2016,Clean coal,F.coal,8186284
5594,COM00866.00,2016,Coal mined,F.coal,8186284
5595,COM00866.00,2017,Clean coal,F.coal,7805000
5596,COM00866.00,2017,Coal mined,F.coal,7805000
5597,COM00866.00,2018,Clean coal,F.coal,7640000
5598,COM00866.00,2018,Coal mined,F.coal,7640000
5599,COM00866.00,2019,Clean coal,F.coal,8486000
5600,COM00866.00,2019,Coal mined,F.coal,8486000
5601,COM00867.00,2003,Clean coal,F.coal,1632724
5602,COM00867.00,2003,Coal mined,F.coal,1632724
5603,COM00867.00,2004,Clean coal,F.coal,1430060
5604,COM00867.00,2004,Coal mined,F.coal,1430060
5605,COM00867.00,2005,Clean coal,F.coal,1307489
5606,COM00867.00,2005,Coal mined,F.coal,1307489
5607,COM00867.00,2006,Clean coal,F.coal,1139010
5608,COM00867.00,2006,Coal mined,F.coal,1139010
5609,COM00867.00,2007,Clean coal,F.coal,908934
5610,COM00867.00,2007,Coal mined,F.coal,908934
5611,COM00867.00,2008,Clean coal,F.coal,959901
5612,COM00867.00,2008,Coal mined,F.coal,959901
5613,COM00867.00,2009,Clean coal,F.coal,846445
5614,COM00867.00,2009,Coal mined,F.coal,846445
5615,COM00867.00,2010,Clean coal,F.coal,607657
5616,COM00867.00,2010,Coal mined,F.coal,607657
5617,COM00868.00,2010,Clean coal,F.obc,1542240
5618,COM00868.00,2010,Coal mined,F.obc,1542240
5619,COM00868.00,2011,Clean coal,F.obc,1995840
5620,COM00868.00,2011,Coal mined,F.obc,1995840
5621,COM00868.00,2012,Clean coal,F.obc,926251
5622,COM00868.00,2012,Coal mined,F.obc,926251
5623,COM00868.00,2013,Clean coal,F.obc,220450
5624,COM00868.00,2013,Coal mined,F.obc,220450
5625,COM00868.00,2014,Clean coal,F.obc,0
5626,COM00868.00,2014,Coal mined,F.obc,0
5627,COM00868.00,2015,Clean coal,F.obc,0
5628,COM00868.00,2015,Coal mined,F.obc,0
5629,COM00868.00,2016,Clean coal,F.obc,0
5630,COM00868.00,2016,Coal mined,F.obc,0
5631,COM00868.00,2017,Clean coal,F.obc,5443
5632,COM00868.00,2017,Coal mined,F.obc,5443
5633,COM00868.00,2018,Clean coal,F.obc,48989
5634,COM00868.00,2018,Coal mined,F.obc,48989
5635,COM00869.00,2007,Clean coal,F.obc,2500000
5636,COM00869.00,2007,Coal mined,F.obc,2500000
5637,COM00869.00,2008,Clean coal,F.obc,3800000
5638,COM00869.00,2008,Coal mined,F.obc,3800000
5639,COM00869.00,2009,Clean coal,F.obc,3800000
5640,COM00869.00,2009,Coal mined,F.obc,3800000
5641,COM00869.00,2010,Clean coal,F.obc,4100000
5642,COM00869.00,2010,Coal mined,F.obc,4100000
5643,COM00869.00,2011,Clean coal,F.obc,5000000
5644,COM00869.00,2011,Coal mined,F.obc,5000000
5645,COM00869.00,2012,Clean coal,F.obc,2500000
5646,COM00869.00,2012,Coal mined,F.obc,2500000
5647,COM00869.00,2013,Clean coal,F.obc,3700000
5648,COM00869.00,2013,Coal mined,F.obc,3800000
5649,COM00869.00,2014,Clean coal,F.obc,8100000
5650,COM00869.00,2014,Coal mined,F.obc,8100000
5651,COM00869.00,2015,Clean coal,F.obc,5900000
5652,COM00869.00,2015,Coal mined,F.obc,5900000
5653,COM00869.00,2016,Clean coal,F.obc,3900000
5654,COM00869.00,2016,Coal mined,F.obc,3800000
5655,COM00869.00,2017,Clean coal,F.obc,500000
5656,COM00869.00,2017,Coal mined,F.obc,600000
5657,COM00869.00,2018,Clean coal,F.obc,2100000
5658,COM00869.00,2018,Coal mined,F.obc,2100000
5659,COM00869.00,2019,Clean coal,F.obc,3200000
5660,COM00869.00,2019,Coal mined,F.obc,3100000
5661,COM00873.00,2001,Clean coal,F.coal,453600
5662,COM00873.00,2001,Coal mined,F.coal,453600
5663,COM00875.00,2014,Clean coal,F.coal,2008916
5664,COM00875.00,2014,Coal mined,F.coal,2285169
5665,COM00875.00,2015,Clean coal,F.coal,1428170
5666,COM00875.00,2015,Coal mined,F.coal,1705930
5667,COM00875.00,2016,Clean coal,F.coal,1424073
5668,COM00875.00,2016,Coal mined,F.coal,1652181
5669,COM00875.00,2017,Clean coal,F.coal,1528134
5670,COM00875.00,2017,Coal mined,F.coal,1784386
5671,COM00875.00,2018,Clean coal,F.coal,1515648
5672,COM00875.00,2018,Coal mined,F.coal,1711271
5673,COM00875.00,2019,Clean coal,F.coal,1176755
5674,COM00875.00,2019,Coal mined,F.coal,1358987
5675,COM00875.00,2020,Clean coal,F.coal,985008
5676,COM00875.00,2020,Coal mined,F.coal,1148962
5677,COM00877.00,2013,Clean coal,F.coal,1600000
5678,COM00877.00,2013,Coal mined,F.coal,1600000
5679,COM00877.00,2016,Clean coal,F.coal,1400000
5680,COM00877.00,2016,Coal mined,F.coal,1400000
5681,COM00877.00,2017,Clean coal,F.coal,1800000
5682,COM00877.00,2017,Coal mined,F.coal,1800000
5683,COM00877.00,2018,Clean coal,F.coal,1700000
5684,COM00877.00,2018,Coal mined,F.coal,1700000
5685,COM00877.00,2019,Clean coal,F.coal,1600000
5686,COM00877.00,2019,Coal mined,F.coal,1600000
5687,COM00877.00,2020,Clean coal,F.coal,1000000
5688,COM00877.00,2020,Coal mined,F.coal,1000000
5689,COM00883.00,2006,Clean coal,F.coal,1100000
5690,COM00883.00,2006,Coal mined,F.coal,1100000
5691,COM00883.00,2007,Clean coal,F.coal,1200000
5692,COM00883.00,2007,Coal mined,F.coal,1200000
5693,COM00883.00,2008,Clean coal,F.coal,1200000
5694,COM00883.00,2008,Coal mined,F.coal,1200000
5695,COM00883.00,2009,Clean coal,F.coal,1660000
5696,COM00883.00,2009,Coal mined,F.coal,1660000
5697,COM00883.00,2010,Clean coal,F.coal,1850000
5698,COM00883.00,2010,Coal mined,F.coal,1850000
5699,COM00883.00,2011,Clean coal,F.coal,1890000
5700,COM00883.00,2011,Coal mined,F.coal,1890000
5701,COM00883.00,2012,Clean coal,F.coal,2100000
5702,COM00883.00,2012,Coal mined,F.coal,2100000
5703,COM00883.00,2013,Clean coal,F.coal,2040000
5704,COM00883.00,2013,Coal mined,F.coal,2040000
5705,COM00883.00,2014,Clean coal,F.coal,2610000
5706,COM00883.00,2014,Coal mined,F.coal,2610000
5707,COM00884.00,2001,Clean coal,F.coal,1203074
5708,COM00884.00,2001,Coal mined,F.coal,1203074
5709,COM00884.00,2002,Clean coal,F.coal,1012490
5710,COM00884.00,2002,Coal mined,F.coal,1012490
5711,COM00884.00,2003,Clean coal,F.coal,1036775
5712,COM00884.00,2003,Coal mined,F.coal,1036775
5713,COM00884.00,2004,Clean coal,F.coal,1046144
5714,COM00884.00,2004,Coal mined,F.coal,1046144
5715,COM00884.00,2005,Clean coal,F.coal,1232446
5716,COM00884.00,2005,Coal mined,F.coal,1232446
5717,COM00884.00,2006,Clean coal,F.coal,1245035
5718,COM00884.00,2006,Coal mined,F.coal,1245035
5719,COM00884.00,2007,Clean coal,F.coal,1252951
5720,COM00884.00,2007,Coal mined,F.coal,1252951
5721,COM00885.00,2012,Clean coal,F.coal,385714
5722,COM00885.00,2012,Coal mined,F.coal,362857
5723,COM00885.00,2013,Clean coal,F.coal,3465714
5724,COM00885.00,2013,Coal mined,F.coal,3678571
5725,COM00885.00,2014,Clean coal,F.coal,5249000
5726,COM00885.00,2014,Coal mined,F.coal,5659000
5727,COM00885.00,2015,Clean coal,F.coal,7193000
5728,COM00885.00,2015,Coal mined,F.coal,7703000
5729,COM00885.00,2016,Clean coal,F.coal,7269000
5730,COM00885.00,2016,Coal mined,F.coal,6823000
5731,COM00885.00,2017,Clean coal,F.coal,6987000
5732,COM00885.00,2017,Coal mined,F.coal,7267000
5733,COM00885.00,2018,Clean coal,F.coal,5840000
5734,COM00885.00,2018,Coal mined,F.coal,6289000
5735,COM00885.00,2019,Clean coal,F.coal,5630000
5736,COM00885.00,2019,Coal mined,F.coal,6447000
5737,COM00885.00,2020,Clean coal,F.coal,6547000
5738,COM00885.00,2020,Coal mined,F.coal,6111000
5739,COM00887.00,2000,Clean coal,F.stc,8365000
5740,COM00887.00,2000,Coal mined,F.stc,8365000
5741,COM00887.00,2001,Clean coal,F.stc,7671000
5742,COM00887.00,2001,Coal mined,F.stc,7671000
5743,COM00887.00,2002,Clean coal,F.stc,7207000
5744,COM00887.00,2002,Coal mined,F.stc,7207000
5745,COM00887.00,2003,Clean coal,F.stc,8050000
5746,COM00887.00,2003,Coal mined,F.stc,8050000
5747,COM00887.00,2004,Clean coal,F.stc,7216000
5748,COM00887.00,2004,Coal mined,F.stc,7216000
5749,COM00887.00,2005,Clean coal,F.stc,8245000
5750,COM00887.00,2005,Coal mined,F.stc,8245000
5751,COM00887.00,2006,Clean coal,F.stc,8266000
5752,COM00887.00,2006,Coal mined,F.stc,8266000
5753,COM00887.00,2007,Clean coal,F.stc,8174000
5754,COM00887.00,2007,Coal mined,F.stc,8174000
5755,COM00887.00,2008,Clean coal,F.stc,7533000
5756,COM00887.00,2008,Coal mined,F.stc,7533000
5757,COM00887.00,2009,Clean coal,F.stc,8363000
5758,COM00887.00,2009,Coal mined,F.stc,8363000
5759,COM00887.00,2010,Clean coal,F.stc,7465000
5760,COM00887.00,2010,Coal mined,F.stc,7465000
5761,COM00887.00,2011,Clean coal,F.stc,7472000
5762,COM00887.00,2011,Coal mined,F.stc,7472000
5763,COM00887.00,2012,Clean coal,F.stc,7004000
5764,COM00887.00,2012,Coal mined,F.stc,7004000
5765,COM00887.00,2013,Clean coal,F.stc,6544000
5766,COM00887.00,2013,Coal mined,F.stc,6544000
5767,COM00887.00,2014,Clean coal,F.stc,5127000
5768,COM00887.00,2014,Coal mined,F.stc,5127000
5769,COM00887.00,2015,Clean coal,F.stc,4858000
5770,COM00887.00,2015,Coal mined,F.stc,4858000
5771,COM00887.00,2016,Clean coal,F.stc,3999000
5772,COM00887.00,2016,Coal mined,F.stc,3999000
5773,COM00887.00,2017,Clean coal,F.sbc,3356640
5774,COM00887.00,2017,Coal mined,F.sbc,3356640
5775,COM00887.00,2018,Clean coal,F.sbc,3719520
5776,COM00887.00,2018,Coal mined,F.sbc,3719520
5777,COM00887.00,2019,Clean coal,F.sbc,4536000
5778,COM00887.00,2019,Coal mined,F.sbc,4536000
5779,COM00888.00,2008,Clean coal,F.coc,8053000
5780,COM00888.00,2008,Clean coal,F.stc,2874000
5781,COM00888.00,2008,Coal mined,F.coc,8053000
5782,COM00888.00,2008,Coal mined,F.stc,2874000
5783,COM00888.00,2009,Clean coal,F.coc,3000000
5784,COM00888.00,2009,Clean coal,F.stc,2200000
5785,COM00888.00,2009,Coal mined,F.coc,3000000
5786,COM00888.00,2009,Coal mined,F.stc,2200000
5787,COM00888.00,2010,Clean coal,F.coc,7400000
5788,COM00888.00,2010,Clean coal,F.stc,1200000
5789,COM00888.00,2010,Coal mined,F.coc,7400000
5790,COM00888.00,2010,Coal mined,F.stc,1200000
5791,COM00888.00,2011,Clean coal,F.coc,6300000
5792,COM00888.00,2011,Clean coal,F.stc,1100000
5793,COM00888.00,2011,Coal mined,F.coc,6300000
5794,COM00888.00,2011,Coal mined,F.stc,1100000
5795,COM00888.00,2012,Clean coal,F.coc,8800000
5796,COM00888.00,2012,Clean coal,F.stc,400000
5797,COM00888.00,2012,Coal mined,F.coc,8800000
5798,COM00888.00,2012,Coal mined,F.stc,400000
5799,COM00888.00,2013,Clean coal,F.coc,9000000
5800,COM00888.00,2013,Clean coal,F.stc,200000
5801,COM00888.00,2013,Coal mined,F.coc,9000000
5802,COM00888.00,2013,Coal mined,F.stc,200000
5803,COM00888.00,2014,Clean coal,F.coc,8900000
5804,COM00888.00,2014,Clean coal,F.stc,100000
5805,COM00888.00,2014,Coal mined,F.coc,8900000
5806,COM00888.00,2014,Coal mined,F.stc,100000
5807,COM00888.00,2015,Clean coal,F.coc,7800000
5808,COM00888.00,2015,Clean coal,F.stc,700000
5809,COM00888.00,2015,Coal mined,F.coc,7800000
5810,COM00888.00,2015,Coal mined,F.stc,700000
5811,COM00888.00,2016,Clean coal,F.coc,8900000
5812,COM00888.00,2016,Clean coal,F.stc,400000
5813,COM00888.00,2016,Coal mined,F.coc,8900000
5814,COM00888.00,2016,Coal mined,F.stc,400000
5815,COM00888.00,2017,Clean coal,F.coc,7300000
5816,COM00888.00,2017,Clean coal,F.stc,700000
5817,COM00888.00,2017,Coal mined,F.coc,7300000
5818,COM00888.00,2017,Coal mined,F.stc,700000
5819,COM00888.00,2018,Clean coal,F.coc,6400000
5820,COM00888.00,2018,Coal mined,F.coc,6400000
5821,COM00888.00,2019,Clean coal,F.coc,4800000
5822,COM00888.00,2019,Clean coal,F.stc,500000
5823,COM00888.00,2019,Coal mined,F.coc,4800000
5824,COM00888.00,2019,Coal mined,F.stc,500000
5825,COM00888.00,2020,Clean coal,F.coc,5100000
5826,COM00888.00,2020,Coal mined,F.coc,5100000
5827,COM00890.00,2006,Clean coal,F.stc,1370000
5828,COM00890.00,2006,Coal mined,F.stc,1370000
5829,COM00890.00,2007,Clean coal,F.stc,970000
5830,COM00890.00,2007,Coal mined,F.stc,970000
5831,COM00890.00,2008,Clean coal,F.stc,1099000
5832,COM00890.00,2008,Coal mined,F.stc,1099000
5833,COM00890.00,2009,Clean coal,F.stc,822000
5834,COM00890.00,2009,Coal mined,F.stc,822000
5835,COM00890.00,2010,Clean coal,F.stc,946000
5836,COM00890.00,2010,Coal mined,F.stc,946000
5837,COM00890.00,2011,Clean coal,F.stc,678000
5838,COM00890.00,2011,Coal mined,F.stc,678000
5839,COM00890.00,2012,Clean coal,F.stc,717000
5840,COM00890.00,2012,Coal mined,F.stc,717000
5841,COM00890.00,2013,Clean coal,F.stc,419000
5842,COM00890.00,2013,Coal mined,F.stc,419000
5843,COM00890.00,2017,Clean coal,F.stc,539695
5844,COM00890.00,2017,Coal mined,F.stc,763892
5845,COM00890.00,2018,Clean coal,F.stc,2139661
5846,COM00890.00,2018,Coal mined,F.stc,3673712
5847,COM00890.00,2019,Clean coal,F.stc,2741000
5848,COM00890.00,2019,Coal mined,F.stc,2993000
5849,COM00890.00,2020,Clean coal,F.stc,2908000
5850,COM00890.00,2020,Coal mined,F.stc,3955000
5851,COM00891.00,2003,Clean coal,F.stc,4316800
5852,COM00891.00,2003,Coal mined,F.stc,4316800
5853,COM00891.00,2004,Clean coal,F.stc,4975800
5854,COM00891.00,2004,Coal mined,F.stc,4975800
5855,COM00891.00,2005,Clean coal,F.stc,4139400
5856,COM00891.00,2005,Coal mined,F.stc,4139400
5857,COM00891.00,2006,Clean coal,F.stc,5508500
5858,COM00891.00,2006,Coal mined,F.stc,5508500
5859,COM00891.00,2007,Clean coal,F.stc,5134700
5860,COM00891.00,2007,Coal mined,F.stc,5134700
5861,COM00891.00,2008,Clean coal,F.stc,5272500
5862,COM00891.00,2008,Coal mined,F.stc,5272500
5863,COM00891.00,2009,Clean coal,F.stc,3728900
5864,COM00891.00,2009,Coal mined,F.stc,3728900
5865,COM00891.00,2010,Clean coal,F.stc,5051600
5866,COM00891.00,2010,Coal mined,F.stc,5051600
5867,COM00891.00,2011,Clean coal,F.stc,4812600
5868,COM00891.00,2011,Coal mined,F.stc,4812600
5869,COM00891.00,2012,Clean coal,F.stc,3401200
5870,COM00891.00,2012,Coal mined,F.stc,3401200
5871,COM00891.00,2013,Clean coal,F.stc,3586900
5872,COM00891.00,2013,Coal mined,F.stc,3586900
5873,COM00891.00,2014,Clean coal,F.stc,3767900
5874,COM00891.00,2014,Coal mined,F.stc,3767900
5875,COM00891.00,2015,Clean coal,F.stc,2838300
5876,COM00891.00,2015,Coal mined,F.stc,2838300
5877,COM00891.00,2016,Clean coal,F.stc,2547400
5878,COM00891.00,2016,Coal mined,F.stc,2547400
5879,COM00891.00,2017,Clean coal,F.stc,3361000
5880,COM00891.00,2017,Coal mined,F.stc,3361000
5881,COM00891.00,2018,Clean coal,F.stc,560200
5882,COM00891.00,2018,Coal mined,F.stc,560200
5883,COM00892.00,2010,Clean coal,F.obc,544320
5884,COM00892.00,2010,Coal mined,F.obc,544320
5885,COM00892.00,2011,Clean coal,F.obc,725760
5886,COM00892.00,2011,Coal mined,F.obc,725760
5887,COM00892.00,2012,Clean coal,F.obc,761141
5888,COM00892.00,2012,Coal mined,F.obc,761141
5889,COM00892.00,2013,Clean coal,F.obc,752069
5890,COM00892.00,2013,Coal mined,F.obc,752069
5891,COM00892.00,2014,Clean coal,F.obc,621432
5892,COM00892.00,2014,Coal mined,F.obc,621432
5893,COM00892.00,2015,Clean coal,F.obc,499867
5894,COM00892.00,2015,Coal mined,F.obc,499867
5895,COM00892.00,2016,Clean coal,F.obc,345643
5896,COM00892.00,2016,Coal mined,F.obc,345643
5897,COM00892.00,2017,Clean coal,F.obc,206842
5898,COM00892.00,2017,Coal mined,F.obc,206842
5899,COM00892.00,2018,Clean coal,F.obc,154224
5900,COM00892.00,2018,Coal mined,F.obc,154224
5901,COM00893.00,2003,Clean coal,F.stc,16000000
5902,COM00893.00,2003,Coal mined,F.stc,16000000
5903,COM00893.00,2004,Clean coal,F.stc,17312000
5904,COM00893.00,2004,Coal mined,F.stc,17312000
5905,COM00893.00,2005,Clean coal,F.stc,17100000
5906,COM00893.00,2005,Coal mined,F.stc,17100000
5907,COM00893.00,2006,Clean coal,F.stc,16275000
5908,COM00893.00,2006,Coal mined,F.stc,16275000
5909,COM00893.00,2007,Clean coal,F.stc,17119500
5910,COM00893.00,2007,Coal mined,F.stc,17119500
5911,COM00893.00,2008,Clean coal,F.stc,17034400
5912,COM00893.00,2008,Coal mined,F.stc,17034400
5913,COM00893.00,2009,Clean coal,F.stc,17553700
5914,COM00893.00,2009,Coal mined,F.stc,17553700
5915,COM00893.00,2010,Clean coal,F.stc,17235300
5916,COM00893.00,2010,Coal mined,F.stc,17235300
5917,COM00893.00,2011,Clean coal,F.stc,17399700
5918,COM00893.00,2011,Coal mined,F.stc,17399700
5919,COM00893.00,2012,Clean coal,F.stc,17623300
5920,COM00893.00,2012,Coal mined,F.stc,17623300
5921,COM00893.00,2013,Clean coal,F.stc,17105700
5922,COM00893.00,2013,Coal mined,F.stc,17105700
5923,COM00893.00,2014,Clean coal,F.stc,16672800
5924,COM00893.00,2014,Coal mined,F.stc,16672800
5925,COM00893.00,2015,Clean coal,F.stc,14148100
5926,COM00893.00,2015,Coal mined,F.stc,14148100
5927,COM00893.00,2016,Clean coal,F.stc,15894800
5928,COM00893.00,2016,Coal mined,F.stc,15894800
5929,COM00893.00,2017,Clean coal,F.stc,15109000
5930,COM00893.00,2017,Coal mined,F.stc,15109000
5931,COM00893.00,2018,Clean coal,F.stc,1560500
5932,COM00893.00,2018,Coal mined,F.stc,1560500
5933,COM00894.00,2006,Clean coal,F.coc,1097000
5934,COM00894.00,2006,Clean coal,F.stc,6374000
5935,COM00894.00,2006,Coal mined,F.coc,1097000
5936,COM00894.00,2006,Coal mined,F.stc,6374000
5937,COM00894.00,2007,Clean coal,F.coc,2430000
5938,COM00894.00,2007,Clean coal,F.stc,4741000
5939,COM00894.00,2007,Coal mined,F.coc,2430000
5940,COM00894.00,2007,Coal mined,F.stc,4741000
5941,COM00894.00,2008,Clean coal,F.coc,1913000
5942,COM00894.00,2008,Clean coal,F.stc,1176000
5943,COM00894.00,2008,Coal mined,F.coc,1913000
5944,COM00894.00,2008,Coal mined,F.stc,1176000
5945,COM00894.00,2009,Clean coal,F.coc,1176000
5946,COM00894.00,2009,Clean coal,F.stc,9945000
5947,COM00894.00,2009,Coal mined,F.coc,1176000
5948,COM00894.00,2009,Coal mined,F.stc,9945000
5949,COM00894.00,2010,Clean coal,F.coc,1273000
5950,COM00894.00,2010,Clean coal,F.stc,8122000
5951,COM00894.00,2010,Coal mined,F.coc,1273000
5952,COM00894.00,2010,Coal mined,F.stc,8122000
5953,COM00894.00,2011,Clean coal,F.coc,1418000
5954,COM00894.00,2011,Clean coal,F.stc,5068000
5955,COM00894.00,2011,Coal mined,F.coc,1418000
5956,COM00894.00,2011,Coal mined,F.stc,5068000
5957,COM00894.00,2012,Clean coal,F.coc,1649000
5958,COM00894.00,2012,Clean coal,F.stc,4338000
5959,COM00894.00,2012,Coal mined,F.coc,1649000
5960,COM00894.00,2012,Coal mined,F.stc,4338000
5961,COM00894.00,2014,Clean coal,F.coal,6979000
5962,COM00894.00,2014,Coal mined,F.coal,6979000
5963,COM00894.00,2015,Clean coal,F.coal,5840000
5964,COM00894.00,2015,Coal mined,F.coal,5840000
5965,COM00894.00,2016,Clean coal,F.coal,5652053
5966,COM00894.00,2016,Coal mined,F.coal,5652053
5967,COM00894.00,2017,Clean coal,F.coal,5645000
5968,COM00894.00,2017,Coal mined,F.coal,5645000
5969,COM00894.00,2018,Clean coal,F.coal,5523000
5970,COM00894.00,2018,Coal mined,F.coal,5523000
5971,COM00894.00,2019,Clean coal,F.coal,5547000
5972,COM00894.00,2019,Coal mined,F.coal,5547000
5973,COM00895.00,2001,Clean coal,F.coal,7201000
5974,COM00895.00,2001,Coal mined,F.coal,7201000
5975,COM00895.00,2002,Clean coal,F.coal,7659000
5976,COM00895.00,2002,Coal mined,F.coal,7659000
5977,COM00895.00,2003,Clean coal,F.coal,8020000
5978,COM00895.00,2003,Coal mined,F.coal,8020000
5979,COM00895.00,2004,Clean coal,F.coal,10391000
5980,COM00895.00,2004,Coal mined,F.coal,10391000
5981,COM00895.00,2005,Clean coal,F.coal,10528000
5982,COM00895.00,2005,Coal mined,F.coal,10528000
5983,COM00895.00,2006,Clean coal,F.coal,10272000
5984,COM00895.00,2006,Coal mined,F.coal,10272000
5985,COM00895.00,2007,Clean coal,F.coal,10548000
5986,COM00895.00,2007,Coal mined,F.coal,10548000
5987,COM00895.00,2008,Clean coal,F.coal,8782000
5988,COM00895.00,2008,Coal mined,F.coal,8782000
5989,COM00895.00,2009,Clean coal,F.coal,9040000
5990,COM00895.00,2009,Coal mined,F.coal,9040000
5991,COM00895.00,2010,Clean coal,F.coal,9159000
5992,COM00895.00,2010,Coal mined,F.coal,9159000
5993,COM00895.00,2011,Clean coal,F.coal,8305000
5994,COM00895.00,2011,Coal mined,F.coal,8305000
5995,COM00895.00,2012,Clean coal,F.coal,7734000
5996,COM00895.00,2012,Coal mined,F.coal,7734000
5997,COM00895.00,2013,Clean coal,F.coal,7960000
5998,COM00895.00,2013,Coal mined,F.coal,7960000
5999,COM00895.00,2014,Clean coal,F.coal,9003000
6000,COM00895.00,2014,Coal mined,F.coal,9003000
6001,COM00895.00,2015,Clean coal,F.coal,9055000
6002,COM00895.00,2015,Coal mined,F.coal,9055000
6003,COM00895.00,2016,Clean coal,F.coal,9101000
6004,COM00895.00,2016,Coal mined,F.coal,9101000
6005,COM00895.00,2017,Clean coal,F.coal,9401000
6006,COM00895.00,2017,Coal mined,F.coal,9401000
6007,COM00895.00,2018,Clean coal,F.coal,8153000
6008,COM00895.00,2018,Coal mined,F.coal,8153000
6009,COM00895.00,2019,Clean coal,F.coal,7402000
6010,COM00895.00,2019,Coal mined,F.coal,7402000
6011,COM00895.00,2020,Clean coal,F.coal,7976000
6012,COM00895.00,2020,Coal mined,F.coal,7976000
6013,COM00895.00,2021,Clean coal,F.coal,6289000
6014,COM00895.00,2021,Coal mined,F.coal,6289000
6015,COM00896.00,2003,Clean coal,F.coal,3000
6016,COM00896.00,2003,Coal mined,F.coal,3000
6017,COM00896.00,2004,Clean coal,F.coal,1461000
6018,COM00896.00,2004,Coal mined,F.coal,1461000
6019,COM00896.00,2005,Clean coal,F.coal,3211000
6020,COM00896.00,2005,Coal mined,F.coal,3211000
6021,COM00896.00,2006,Clean coal,F.coal,3735000
6022,COM00896.00,2006,Coal mined,F.coal,3735000
6023,COM00896.00,2007,Clean coal,F.coal,3804000
6024,COM00896.00,2007,Coal mined,F.coal,3804000
6025,COM00896.00,2008,Clean coal,F.coal,3327000
6026,COM00896.00,2008,Coal mined,F.coal,3327000
6027,COM00896.00,2009,Clean coal,F.coal,3056000
6028,COM00896.00,2009,Coal mined,F.coal,3056000
6029,COM00896.00,2010,Clean coal,F.coal,2711000
6030,COM00896.00,2010,Coal mined,F.coal,2711000
6031,COM00896.00,2011,Clean coal,F.coal,2719000
6032,COM00896.00,2011,Coal mined,F.coal,2719000
6033,COM00896.00,2012,Clean coal,F.coal,2877000
6034,COM00896.00,2012,Coal mined,F.coal,2877000
6035,COM00896.00,2013,Clean coal,F.coal,2940000
6036,COM00896.00,2013,Coal mined,F.coal,2940000
6037,COM00896.00,2014,Clean coal,F.coal,3001000
6038,COM00896.00,2014,Coal mined,F.coal,3001000
6039,COM00896.00,2015,Clean coal,F.coal,2915000
6040,COM00896.00,2015,Coal mined,F.coal,2915000
6041,COM00896.00,2016,Clean coal,F.coal,2817000
6042,COM00896.00,2016,Coal mined,F.coal,2817000
6043,COM00896.00,2017,Clean coal,F.coal,2780000
6044,COM00896.00,2017,Coal mined,F.coal,2780000
6045,COM00896.00,2018,Clean coal,F.coal,2746000
6046,COM00896.00,2018,Coal mined,F.coal,2746000
6047,COM00896.00,2019,Clean coal,F.coal,2997000
6048,COM00896.00,2019,Coal mined,F.coal,2997000
6049,COM00896.00,2020,Clean coal,F.coal,2970000
6050,COM00896.00,2020,Coal mined,F.coal,2970000
6051,COM00896.00,2021,Clean coal,F.coal,2574000
6052,COM00896.00,2021,Coal mined,F.coal,2574000
6053,COM00897.00,2001,Clean coal,F.coal,10971000
6054,COM00897.00,2001,Coal mined,F.coal,10971000
6055,COM00897.00,2002,Clean coal,F.coal,10710000
6056,COM00897.00,2002,Coal mined,F.coal,10710000
6057,COM00897.00,2003,Clean coal,F.coal,10601000
6058,COM00897.00,2003,Coal mined,F.coal,10601000
6059,COM00897.00,2004,Clean coal,F.coal,8705000
6060,COM00897.00,2004,Coal mined,F.coal,8705000
6061,COM00897.00,2005,Clean coal,F.coal,7828000
6062,COM00897.00,2005,Coal mined,F.coal,7828000
6063,COM00897.00,2006,Clean coal,F.coal,6428000
6064,COM00897.00,2006,Coal mined,F.coal,6428000
6065,COM00897.00,2007,Clean coal,F.coal,6662000
6066,COM00897.00,2007,Coal mined,F.coal,6662000
6067,COM00897.00,2008,Clean coal,F.coal,9437000
6068,COM00897.00,2008,Coal mined,F.coal,9437000
6069,COM00897.00,2009,Clean coal,F.coal,9109000
6070,COM00897.00,2009,Coal mined,F.coal,9109000
6071,COM00897.00,2010,Clean coal,F.coal,10443000
6072,COM00897.00,2010,Coal mined,F.coal,10443000
6073,COM00897.00,2011,Clean coal,F.coal,11711000
6074,COM00897.00,2011,Coal mined,F.coal,11711000
6075,COM00897.00,2012,Clean coal,F.coal,13096000
6076,COM00897.00,2012,Coal mined,F.coal,13096000
6077,COM00897.00,2013,Clean coal,F.coal,13944000
6078,COM00897.00,2013,Coal mined,F.coal,13944000
6079,COM00897.00,2014,Clean coal,F.coal,13052000
6080,COM00897.00,2014,Coal mined,F.coal,13052000
6081,COM00897.00,2015,Clean coal,F.coal,13221000
6082,COM00897.00,2015,Coal mined,F.coal,13221000
6083,COM00897.00,2016,Clean coal,F.coal,12309000
6084,COM00897.00,2016,Coal mined,F.coal,12309000
6085,COM00897.00,2017,Clean coal,F.coal,14023000
6086,COM00897.00,2017,Coal mined,F.coal,14023000
6087,COM00897.00,2018,Clean coal,F.coal,12670000
6088,COM00897.00,2018,Coal mined,F.coal,12670000
6089,COM00897.00,2019,Clean coal,F.coal,12642000
6090,COM00897.00,2019,Coal mined,F.coal,12642000
6091,COM00897.00,2020,Clean coal,F.coal,12570000
6092,COM00897.00,2020,Coal mined,F.coal,12570000
6093,COM00897.00,2021,Clean coal,F.coal,9162000
6094,COM00897.00,2021,Coal mined,F.coal,9162000
6095,COM00905.00,2010,Clean coal,F.obc,453600
6096,COM00905.00,2010,Coal mined,F.obc,453600
6097,COM00905.00,2011,Clean coal,F.obc,362880
6098,COM00905.00,2011,Coal mined,F.obc,362880
6099,COM00905.00,2012,Clean coal,F.obc,209563
6100,COM00905.00,2012,Coal mined,F.obc,209563
6101,COM00905.00,2013,Clean coal,F.obc,171461
6102,COM00905.00,2013,Coal mined,F.obc,171461
6103,COM00905.00,2014,Clean coal,F.obc,227707
6104,COM00905.00,2014,Coal mined,F.obc,227707
6105,COM00905.00,2015,Clean coal,F.obc,15422
6106,COM00905.00,2015,Coal mined,F.obc,15422
6107,COM00907.00,2003,Clean coal,F.stc,647600
6108,COM00907.00,2003,Coal mined,F.stc,647600
6109,COM00907.00,2004,Clean coal,F.stc,676600
6110,COM00907.00,2004,Coal mined,F.stc,676600
6111,COM00907.00,2005,Clean coal,F.stc,794400
6112,COM00907.00,2005,Coal mined,F.stc,794400
6113,COM00907.00,2006,Clean coal,F.stc,711000
6114,COM00907.00,2006,Coal mined,F.stc,711000
6115,COM00907.00,2007,Clean coal,F.stc,565700
6116,COM00907.00,2007,Coal mined,F.stc,565700
6117,COM00907.00,2008,Clean coal,F.stc,454600
6118,COM00907.00,2008,Coal mined,F.stc,454600
6119,COM00907.00,2009,Clean coal,F.stc,475000
6120,COM00907.00,2009,Coal mined,F.stc,475000
6121,COM00912.00,2000,Clean coal,F.stc,61961760
6122,COM00912.00,2000,Coal mined,F.stc,61961760
6123,COM00912.00,2001,Clean coal,F.stc,65590560
6124,COM00912.00,2001,Coal mined,F.stc,65590560
6125,COM00912.00,2002,Clean coal,F.stc,67858560
6126,COM00912.00,2002,Coal mined,F.stc,67858560
6127,COM00912.00,2003,Clean coal,F.stc,72666720
6128,COM00912.00,2003,Coal mined,F.stc,72666720
6129,COM00912.00,2004,Clean coal,F.stc,74844000
6130,COM00912.00,2004,Coal mined,F.stc,74844000
6131,COM00912.00,2005,Clean coal,F.stc,75025440
6132,COM00912.00,2005,Coal mined,F.stc,75025440
6133,COM00912.00,2006,Clean coal,F.stc,80377920
6134,COM00912.00,2006,Coal mined,F.stc,80377920
6135,COM00912.00,2007,Clean coal,F.stc,83008800
6136,COM00912.00,2007,Coal mined,F.stc,83008800
6137,COM00912.00,2008,Clean coal,F.stc,88542720
6138,COM00912.00,2008,Coal mined,F.stc,88542720
6139,COM00912.00,2009,Clean coal,F.stc,89177760
6140,COM00912.00,2009,Coal mined,F.stc,89177760
6141,COM00912.00,2010,Clean coal,F.stc,95981760
6142,COM00912.00,2010,Coal mined,F.stc,95981760
6143,COM00912.00,2011,Clean coal,F.stc,98975520
6144,COM00912.00,2011,Coal mined,F.stc,98975520
6145,COM00912.00,2012,Clean coal,F.stc,97614720
6146,COM00912.00,2012,Coal mined,F.stc,97614720
6147,COM00912.00,2013,Clean coal,F.stc,100699200
6148,COM00912.00,2013,Coal mined,F.stc,100699200
6149,COM00912.00,2014,Clean coal,F.stc,107049600
6150,COM00912.00,2014,Coal mined,F.stc,107049600
6151,COM00912.00,2015,Clean coal,F.stc,99156960
6152,COM00912.00,2015,Coal mined,F.stc,99156960
6153,COM00912.00,2016,Clean coal,F.stc,84278880
6154,COM00912.00,2016,Coal mined,F.stc,84278880
6155,COM00912.00,2017,Clean coal,F.stc,92171520
6156,COM00912.00,2017,Coal mined,F.stc,92171520
6157,COM00912.00,2018,Clean coal,F.stc,89177760
6158,COM00912.00,2018,Coal mined,F.stc,89177760
6159,COM00912.00,2019,Clean coal,F.stc,77384160
6160,COM00912.00,2019,Coal mined,F.stc,77384160
6161,COM00913.00,2006,Clean coal,F.stc,1913000
6162,COM00913.00,2006,Coal mined,F.stc,1913000
6163,COM00913.00,2007,Clean coal,F.stc,2283000
6164,COM00913.00,2007,Coal mined,F.stc,2283000
6165,COM00913.00,2008,Clean coal,F.stc,3282000
6166,COM00913.00,2008,Coal mined,F.stc,3282000
6167,COM00913.00,2009,Clean coal,F.stc,3513000
6168,COM00913.00,2009,Coal mined,F.stc,3513000
6169,COM00913.00,2010,Clean coal,F.stc,3371000
6170,COM00913.00,2010,Coal mined,F.stc,3371000
6171,COM00913.00,2011,Clean coal,F.stc,2346000
6172,COM00913.00,2011,Coal mined,F.stc,2346000
6173,COM00913.00,2012,Clean coal,F.stc,2717000
6174,COM00913.00,2012,Coal mined,F.stc,2717000
6175,COM00913.00,2013,Clean coal,F.stc,2668000
6176,COM00913.00,2013,Coal mined,F.stc,2668000
6177,COM00913.00,2014,Clean coal,F.stc,2602000
6178,COM00913.00,2014,Coal mined,F.stc,2602000
6179,COM00913.00,2015,Clean coal,F.stc,2870000
6180,COM00913.00,2015,Coal mined,F.stc,2870000
6181,COM00913.00,2016,Clean coal,F.stc,2963000
6182,COM00913.00,2016,Coal mined,F.stc,2963000
6183,COM00913.00,2017,Clean coal,F.stc,2963000
6184,COM00913.00,2017,Coal mined,F.stc,2963000
6185,COM00913.00,2018,Clean coal,F.stc,1425000
6186,COM00913.00,2018,Coal mined,F.stc,1425000
6187,COM00913.00,2019,Clean coal,F.stc,1589000
6188,COM00913.00,2019,Coal mined,F.stc,2049000
6189,COM00913.00,2020,Clean coal,F.stc,2719000
6190,COM00913.00,2020,Coal mined,F.stc,3929000
6191,COM00914.00,2008,Clean coal,F.stc,1100720
6192,COM00914.00,2008,Coal mined,F.stc,1100720
6193,COM00914.00,2009,Clean coal,F.stc,1009448
6194,COM00914.00,2009,Coal mined,F.stc,1009448
6195,COM00914.00,2010,Clean coal,F.stc,1112566
6196,COM00914.00,2010,Coal mined,F.stc,1112566
6197,COM00914.00,2011,Clean coal,F.stc,1100499
6198,COM00914.00,2011,Coal mined,F.stc,1100499
6199,COM00914.00,2012,Clean coal,F.stc,602325
6200,COM00914.00,2012,Coal mined,F.stc,602325
6201,COM00914.00,2013,Clean coal,F.stc,604768
6202,COM00914.00,2013,Coal mined,F.stc,604768
6203,COM00914.00,2014,Clean coal,F.stc,663660
6204,COM00914.00,2014,Coal mined,F.stc,663660
6205,COM00914.00,2015,Clean coal,F.stc,779000
6206,COM00914.00,2015,Coal mined,F.stc,779000
6207,COM00914.00,2016,Clean coal,F.stc,486000
6208,COM00914.00,2016,Coal mined,F.stc,486000
6209,COM00914.00,2017,Clean coal,F.stc,600000
6210,COM00914.00,2017,Coal mined,F.stc,600000
6211,COM00914.00,2018,Clean coal,F.stc,781000
6212,COM00914.00,2018,Coal mined,F.stc,781000
6213,COM00914.00,2019,Clean coal,F.stc,784000
6214,COM00914.00,2019,Coal mined,F.stc,784000
6215,COM00914.00,2020,Clean coal,F.stc,517000
6216,COM00914.00,2020,Coal mined,F.stc,517000
6217,COM00915.00,2005,Clean coal,F.coc,1905120
6218,COM00915.00,2005,Coal mined,F.coc,1905120
6219,COM00915.00,2006,Clean coal,F.coc,1995840
6220,COM00915.00,2006,Coal mined,F.coc,1995840
6221,COM00915.00,2007,Clean coal,F.coc,2540160
6222,COM00915.00,2007,Coal mined,F.coc,2540160
6223,COM00915.00,2008,Clean coal,F.coc,2540160
6224,COM00915.00,2008,Coal mined,F.coc,2540160
6225,COM00915.00,2009,Clean coal,F.coc,2268000
6226,COM00915.00,2009,Coal mined,F.coc,2268000
6227,COM00915.00,2010,Clean coal,F.coc,2903040
6228,COM00915.00,2010,Coal mined,F.coc,2903040
6229,COM00915.00,2011,Clean coal,F.coc,1995840
6230,COM00915.00,2011,Coal mined,F.coc,1995840
6231,COM00915.00,2012,Clean coal,F.coc,3719520
6232,COM00915.00,2012,Coal mined,F.coc,3719520
6233,COM00915.00,2013,Clean coal,F.coc,2086560
6234,COM00915.00,2013,Coal mined,F.coc,2086560
6235,COM00915.00,2014,Clean coal,F.coc,2630880
6236,COM00915.00,2014,Coal mined,F.coc,2630880
6237,COM00915.00,2015,Clean coal,F.coc,2358720
6238,COM00915.00,2015,Coal mined,F.coc,2358720
6239,COM00915.00,2016,Clean coal,F.coc,1179360
6240,COM00915.00,2016,Coal mined,F.coc,1179360
6241,COM00915.00,2017,Clean coal,F.coc,3084480
6242,COM00915.00,2017,Coal mined,F.coc,3084480
6243,COM00915.00,2018,Clean coal,F.coc,1270080
6244,COM00915.00,2018,Coal mined,F.coc,1270080
6245,COM00918.00,2004,Clean coal,F.stc,47033000
6246,COM00918.00,2004,Coal mined,F.stc,47033000
6247,COM00918.00,2005,Clean coal,F.stc,51518000
6248,COM00918.00,2005,Coal mined,F.stc,51518000
6249,COM00918.00,2006,Clean coal,F.stc,51518000
6250,COM00918.00,2006,Coal mined,F.stc,51518000
6251,COM00918.00,2007,Clean coal,F.stc,52158000
6252,COM00918.00,2007,Coal mined,F.stc,52158000
6253,COM00918.00,2008,Clean coal,F.stc,59566000
6254,COM00918.00,2008,Coal mined,F.stc,59566000
6255,COM00918.00,2009,Clean coal,F.stc,63650000
6256,COM00918.00,2009,Coal mined,F.stc,63650000
6257,COM00918.00,2010,Clean coal,F.stc,67670000
6258,COM00918.00,2010,Coal mined,F.stc,67670000
6259,COM00918.00,2011,Clean coal,F.stc,66253000
6260,COM00918.00,2011,Coal mined,F.stc,66253000
6261,COM00918.00,2012,Clean coal,F.stc,66401000
6262,COM00918.00,2012,Coal mined,F.stc,66401000
6263,COM00918.00,2013,Clean coal,F.stc,70021000
6264,COM00918.00,2013,Coal mined,F.stc,70021000
6265,COM00918.00,2014,Clean coal,F.stc,68639000
6266,COM00918.00,2014,Coal mined,F.stc,68639000
6267,COM00918.00,2015,Clean coal,F.stc,72484000
6268,COM00918.00,2015,Coal mined,F.stc,72484000
6269,COM00918.00,2016,Clean coal,F.stc,80224000
6270,COM00918.00,2016,Coal mined,F.stc,80224000
6271,COM00918.00,2017,Clean coal,F.stc,84096000
6272,COM00918.00,2017,Coal mined,F.stc,84096000
6273,COM00918.00,2018,Clean coal,F.stc,93018000
6274,COM00918.00,2018,Coal mined,F.stc,93018000
6275,COM00918.00,2019,Clean coal,F.stc,101503000
6276,COM00918.00,2019,Coal mined,F.stc,101503000
6277,COM00918.00,2020,Clean coal,F.stc,108053000
6278,COM00918.00,2020,Coal mined,F.stc,108053000
6279,COM00924.00,2000,Clean coal,F.coc,4138000
6280,COM00924.00,2000,Coal mined,F.coc,4138000
6281,COM00924.00,2001,Clean coal,F.coc,3656000
6282,COM00924.00,2001,Coal mined,F.coc,3656000
6283,COM00924.00,2002,Clean coal,F.coc,4146000
6284,COM00924.00,2002,Coal mined,F.coc,4146000
6285,COM00924.00,2003,Clean coal,F.coc,4322000
6286,COM00924.00,2003,Coal mined,F.coc,4322000
6287,COM00924.00,2004,Clean coal,F.coc,4688000
6288,COM00924.00,2004,Coal mined,F.coc,4688000
6289,COM00924.00,2005,Clean coal,F.coc,5760000
6290,COM00924.00,2005,Coal mined,F.coc,5760000
6291,COM00924.00,2006,Clean coal,F.coc,5324000
6292,COM00924.00,2006,Coal mined,F.coc,5324000
6293,COM00924.00,2007,Clean coal,F.coc,5700000
6294,COM00924.00,2007,Coal mined,F.coc,5700000
6295,COM00924.00,2008,Clean coal,F.coc,4052000
6296,COM00924.00,2008,Coal mined,F.coc,4052000
6297,COM00924.00,2009,Clean coal,F.coc,3968000
6298,COM00924.00,2009,Coal mined,F.coc,3968000
6299,COM00924.00,2010,Clean coal,F.coc,3740000
6300,COM00924.00,2010,Coal mined,F.coc,3740000
6301,COM00924.00,2011,Clean coal,F.coc,2110000
6302,COM00924.00,2011,Coal mined,F.coc,2110000
6303,COM00924.00,2012,Clean coal,F.coc,2350000
6304,COM00924.00,2012,Coal mined,F.coc,2350000
6305,COM00926.00,2005,Clean coal,F.coal,181000
6306,COM00926.00,2005,Coal mined,F.coal,664100
6307,COM00926.00,2006,Clean coal,F.coal,52800
6308,COM00926.00,2006,Coal mined,F.coal,215300
6309,COM00926.00,2007,Clean coal,F.coal,55800
6310,COM00926.00,2007,Coal mined,F.coal,97400
6311,COM00926.00,2008,Clean coal,F.coal,91500
6312,COM00926.00,2008,Coal mined,F.coal,296800
6313,COM00926.00,2009,Clean coal,F.coal,106200
6314,COM00926.00,2009,Coal mined,F.coal,238200
6315,COM00926.00,2010,Clean coal,F.coal,125600
6316,COM00926.00,2010,Coal mined,F.coal,240500
6317,COM00926.00,2011,Clean coal,F.coal,103900
6318,COM00926.00,2011,Coal mined,F.coal,238500
6319,COM00926.00,2012,Clean coal,F.coal,148200
6320,COM00926.00,2012,Coal mined,F.coal,325300
6321,COM00926.00,2013,Clean coal,F.coal,141300
6322,COM00926.00,2013,Coal mined,F.coal,291500
6323,COM00926.00,2014,Clean coal,F.coal,149800
6324,COM00926.00,2014,Coal mined,F.coal,276100
6325,COM00926.00,2015,Clean coal,F.coal,114300
6326,COM00926.00,2015,Coal mined,F.coal,248500
6327,COM00926.00,2016,Clean coal,F.coal,86200
6328,COM00926.00,2016,Coal mined,F.coal,194300
6329,COM00926.00,2017,Clean coal,F.coal,66400
6330,COM00926.00,2017,Coal mined,F.coal,132700
6331,COM00926.00,2018,Clean coal,F.coal,42800
6332,COM00926.00,2018,Coal mined,F.coal,108600
6333,COM00926.00,2019,Clean coal,F.coal,25200
6334,COM00926.00,2019,Coal mined,F.coal,52700
6335,COM00929.00,2008,Clean coal,F.coc,888149
6336,COM00929.00,2008,Coal mined,F.coc,888149
6337,COM00929.00,2013,Clean coal,F.coc,2086560
6338,COM00929.00,2013,Coal mined,F.coc,2086560
6339,COM00929.00,2014,Clean coal,F.coc,2086560
6340,COM00929.00,2014,Coal mined,F.coc,2086560
6341,COM00930.00,2006,Clean coal,F.coc,7325000
6342,COM00930.00,2006,Coal mined,F.coc,7325000
6343,COM00930.00,2007,Clean coal,F.coc,7998000
6344,COM00930.00,2007,Coal mined,F.coc,7998000
6345,COM00930.00,2008,Clean coal,F.coc,6743000
6346,COM00930.00,2008,Coal mined,F.coc,6743000
6347,COM00930.00,2009,Clean coal,F.coc,7118000
6348,COM00930.00,2009,Coal mined,F.coc,7118000
6349,COM00930.00,2010,Clean coal,F.coc,10121000
6350,COM00930.00,2010,Coal mined,F.coc,10121000
6351,COM00930.00,2011,Clean coal,F.coc,8020000
6352,COM00930.00,2011,Coal mined,F.coc,8020000
6353,COM00930.00,2012,Clean coal,F.coc,7270000
6354,COM00930.00,2012,Coal mined,F.coc,7270000
6355,COM00930.00,2014,Clean coal,F.coc,7178000
6356,COM00930.00,2014,Coal mined,F.coc,7178000
6357,COM00930.00,2015,Clean coal,F.coc,6565000
6358,COM00930.00,2015,Coal mined,F.coc,6565000
6359,COM00930.00,2016,Clean coal,F.coc,5872523
6360,COM00930.00,2016,Coal mined,F.coc,5872523
6361,COM00930.00,2017,Clean coal,F.coc,4817000
6362,COM00930.00,2017,Coal mined,F.coc,4817000
6363,COM00930.00,2018,Clean coal,F.coc,4564000
6364,COM00930.00,2018,Coal mined,F.coc,4564000
6365,COM00930.00,2019,Clean coal,F.coc,5446000
6366,COM00930.00,2019,Coal mined,F.coc,5446000
6367,COM00931.00,2001,Clean coal,F.obc,1400000
6368,COM00931.00,2001,Coal mined,F.obc,1400000
6369,COM00931.00,2002,Clean coal,F.obc,1400000
6370,COM00931.00,2002,Coal mined,F.obc,1400000
6371,COM00931.00,2003,Clean coal,F.obc,400000
6372,COM00931.00,2003,Coal mined,F.obc,400000
6373,COM00931.00,2004,Clean coal,F.obc,0
6374,COM00931.00,2004,Coal mined,F.obc,0
6375,COM00931.00,2005,Clean coal,F.obc,0
6376,COM00931.00,2005,Coal mined,F.obc,0
6377,COM00931.00,2006,Clean coal,F.obc,0
6378,COM00931.00,2006,Coal mined,F.obc,0
6379,COM00931.00,2007,Clean coal,F.obc,0
6380,COM00931.00,2007,Coal mined,F.obc,0
6381,COM00931.00,2008,Clean coal,F.obc,0
6382,COM00931.00,2008,Coal mined,F.obc,0
6383,COM00931.00,2009,Clean coal,F.obc,300000
6384,COM00931.00,2009,Coal mined,F.obc,300000
6385,COM00931.00,2010,Clean coal,F.obc,900000
6386,COM00931.00,2010,Coal mined,F.obc,900000
6387,COM00931.00,2011,Clean coal,F.obc,1000000
6388,COM00931.00,2011,Coal mined,F.obc,1000000
6389,COM00931.00,2012,Clean coal,F.obc,200000
6390,COM00931.00,2012,Coal mined,F.obc,200000
6391,COM00931.00,2013,Clean coal,F.obc,100000
6392,COM00931.00,2013,Coal mined,F.obc,100000
6393,COM00935.00,2012,Clean coal,F.stc,2677000
6394,COM00935.00,2012,Coal mined,F.stc,2677000
6395,COM00935.00,2013,Clean coal,F.stc,2011000
6396,COM00935.00,2013,Coal mined,F.stc,2011000
6397,COM00935.00,2014,Clean coal,F.stc,2728000
6398,COM00935.00,2014,Coal mined,F.stc,2728000
6399,COM00938.00,2001,Clean coal,F.coc,988000
6400,COM00938.00,2001,Clean coal,F.stc,326000
6401,COM00938.00,2001,Coal mined,F.coc,988000
6402,COM00938.00,2001,Coal mined,F.stc,326000
6403,COM00938.00,2002,Clean coal,F.coc,1092000
6404,COM00938.00,2002,Clean coal,F.stc,266000
6405,COM00938.00,2002,Coal mined,F.coc,1092000
6406,COM00938.00,2002,Coal mined,F.stc,266000
6407,COM00938.00,2003,Clean coal,F.coc,1210000
6408,COM00938.00,2003,Clean coal,F.stc,270000
6409,COM00938.00,2003,Coal mined,F.coc,1210000
6410,COM00938.00,2003,Coal mined,F.stc,270000
6411,COM00938.00,2004,Clean coal,F.coc,1413000
6412,COM00938.00,2004,Clean coal,F.stc,136000
6413,COM00938.00,2004,Coal mined,F.coc,1413000
6414,COM00938.00,2004,Coal mined,F.stc,136000
6415,COM00938.00,2005,Clean coal,F.coc,1581000
6416,COM00938.00,2005,Clean coal,F.stc,135000
6417,COM00938.00,2005,Coal mined,F.coc,1581000
6418,COM00938.00,2005,Coal mined,F.stc,135000
6419,COM00938.00,2006,Clean coal,F.coc,1613000
6420,COM00938.00,2006,Clean coal,F.stc,26000
6421,COM00938.00,2006,Coal mined,F.coc,1613000
6422,COM00938.00,2006,Coal mined,F.stc,26000
6423,COM00938.00,2007,Clean coal,F.coc,880000
6424,COM00938.00,2007,Clean coal,F.stc,2651000
6425,COM00938.00,2007,Coal mined,F.coc,880000
6426,COM00938.00,2007,Coal mined,F.stc,2651000
6427,COM00938.00,2008,Clean coal,F.coc,614000
6428,COM00938.00,2008,Clean coal,F.stc,1361000
6429,COM00938.00,2008,Coal mined,F.coc,614000
6430,COM00938.00,2008,Coal mined,F.stc,1361000
6431,COM00938.00,2009,Clean coal,F.coc,500000
6432,COM00938.00,2009,Clean coal,F.stc,1000000
6433,COM00938.00,2009,Coal mined,F.coc,500000
6434,COM00938.00,2009,Coal mined,F.stc,1000000
6435,COM00938.00,2010,Clean coal,F.coc,600000
6436,COM00938.00,2010,Clean coal,F.stc,900000
6437,COM00938.00,2010,Coal mined,F.coc,600000
6438,COM00938.00,2010,Coal mined,F.stc,900000
6439,COM00938.00,2011,Clean coal,F.coc,600000
6440,COM00938.00,2011,Clean coal,F.stc,700000
6441,COM00938.00,2011,Coal mined,F.coc,600000
6442,COM00938.00,2011,Coal mined,F.stc,700000
6443,COM00938.00,2012,Clean coal,F.coc,600000
6444,COM00938.00,2012,Clean coal,F.stc,1000000
6445,COM00938.00,2012,Coal mined,F.coc,600000
6446,COM00938.00,2012,Coal mined,F.stc,1000000
6447,COM00938.00,2013,Clean coal,F.coc,600000
6448,COM00938.00,2013,Clean coal,F.stc,1100000
6449,COM00938.00,2013,Coal mined,F.coc,600000
6450,COM00938.00,2013,Coal mined,F.stc,1100000
6451,COM00938.00,2014,Clean coal,F.coc,500000
6452,COM00938.00,2014,Clean coal,F.stc,900000
6453,COM00938.00,2014,Coal mined,F.coc,500000
6454,COM00938.00,2014,Coal mined,F.stc,900000
6455,COM00938.00,2015,Clean coal,F.coc,600000
6456,COM00938.00,2015,Clean coal,F.stc,300000
6457,COM00938.00,2015,Coal mined,F.coc,600000
6458,COM00938.00,2015,Coal mined,F.stc,300000
6459,COM00938.00,2016,Clean coal,F.coc,500000
6460,COM00938.00,2016,Clean coal,F.stc,1500000
6461,COM00938.00,2016,Coal mined,F.coc,500000
6462,COM00938.00,2016,Coal mined,F.stc,1500000
6463,COM00938.00,2017,Clean coal,F.coc,400000
6464,COM00938.00,2017,Clean coal,F.stc,1500000
6465,COM00938.00,2017,Coal mined,F.coc,400000
6466,COM00938.00,2017,Coal mined,F.stc,1500000
6467,COM00938.00,2018,Clean coal,F.coc,700000
6468,COM00938.00,2018,Clean coal,F.stc,800000
6469,COM00938.00,2018,Coal mined,F.coc,700000
6470,COM00938.00,2018,Coal mined,F.stc,800000
6471,COM00938.00,2019,Clean coal,F.coc,1300000
6472,COM00938.00,2019,Clean coal,F.stc,700000
6473,COM00938.00,2019,Coal mined,F.coc,1300000
6474,COM00938.00,2019,Coal mined,F.stc,700000
6475,COM00938.00,2020,Clean coal,F.coc,1200000
6476,COM00938.00,2020,Coal mined,F.coc,1200000
6477,COM00939.00,2007,Clean coal,F.coal,1251
6478,COM00939.00,2007,Coal mined,F.coal,1251
6479,COM00939.00,2008,Clean coal,F.coal,5109
6480,COM00939.00,2008,Coal mined,F.coal,5109
6481,COM00939.00,2009,Clean coal,F.coal,1770
6482,COM00939.00,2009,Coal mined,F.coal,1770
6483,COM00939.00,2010,Clean coal,F.coal,5620
6484,COM00939.00,2010,Coal mined,F.coal,5620
6485,COM00939.00,2011,Clean coal,F.coal,1883
6486,COM00939.00,2011,Coal mined,F.coal,1883
6487,COM00939.00,2012,Clean coal,F.coal,0
6488,COM00939.00,2012,Coal mined,F.coal,0
6489,COM00939.00,2013,Clean coal,F.coal,14337
6490,COM00939.00,2013,Coal mined,F.coal,14337
6491,COM00939.00,2014,Clean coal,F.coal,9077
6492,COM00939.00,2014,Coal mined,F.coal,9077
6493,COM00939.00,2015,Clean coal,F.coal,21119
6494,COM00939.00,2015,Coal mined,F.coal,21119
6495,COM00939.00,2016,Clean coal,F.coal,997
6496,COM00939.00,2016,Coal mined,F.coal,997
6497,COM00941.00,2002,Clean coal,F.stc,12490000
6498,COM00941.00,2002,Coal mined,F.stc,12490000
6499,COM00941.00,2003,Clean coal,F.stc,13790000
6500,COM00941.00,2003,Coal mined,F.stc,13790000
6501,COM00941.00,2004,Clean coal,F.stc,13340000
6502,COM00941.00,2004,Coal mined,F.stc,13340000
6503,COM00941.00,2005,Clean coal,F.stc,12600000
6504,COM00941.00,2005,Coal mined,F.stc,12600000
6505,COM00941.00,2006,Clean coal,F.stc,11805000
6506,COM00941.00,2006,Coal mined,F.stc,11805000
6507,COM00941.00,2007,Clean coal,F.stc,11304000
6508,COM00941.00,2007,Coal mined,F.stc,11304000
6509,COM00941.00,2008,Clean coal,F.stc,11302000
6510,COM00941.00,2008,Coal mined,F.stc,11302000
6511,COM00951.00,2000,Clean coal,F.coal,5896800
6512,COM00951.00,2000,Coal mined,F.coal,5896800
6513,COM00951.00,2001,Clean coal,F.coal,5533920
6514,COM00951.00,2001,Coal mined,F.coal,5533920
6515,COM00951.00,2002,Clean coal,F.coal,4989600
6516,COM00951.00,2002,Coal mined,F.coal,4989600
6517,COM00951.00,2003,Clean coal,F.coal,4989600
6518,COM00951.00,2003,Coal mined,F.coal,4989600
6519,COM00951.00,2004,Clean coal,F.coal,4626720
6520,COM00951.00,2004,Coal mined,F.coal,4626720
6521,COM00951.00,2005,Clean coal,F.coal,3900960
6522,COM00951.00,2005,Coal mined,F.coal,3900960
6523,COM00951.00,2009,Clean coal,F.coal,1905120
6524,COM00951.00,2009,Coal mined,F.coal,1905120
6525,COM00951.00,2010,Clean coal,F.coal,997920
6526,COM00951.00,2010,Coal mined,F.coal,997920
6527,COM00951.00,2011,Clean coal,F.coal,1088640
6528,COM00951.00,2011,Coal mined,F.coal,1088640
6529,COM00951.00,2012,Clean coal,F.coal,1451520
6530,COM00951.00,2012,Coal mined,F.coal,1451520
6531,COM00952.00,2001,Clean coal,F.sbc,3200000
6532,COM00952.00,2001,Coal mined,F.sbc,3200000
6533,COM00952.00,2002,Clean coal,F.sbc,3000000
6534,COM00952.00,2002,Coal mined,F.sbc,3000000
6535,COM00952.00,2003,Clean coal,F.sbc,3000000
6536,COM00952.00,2003,Coal mined,F.sbc,3000000
6537,COM00952.00,2004,Clean coal,F.sbc,2900000
6538,COM00952.00,2004,Coal mined,F.sbc,2900000
6539,COM00952.00,2005,Clean coal,F.sbc,3100000
6540,COM00952.00,2005,Coal mined,F.sbc,3100000
6541,COM00952.00,2006,Clean coal,F.sbc,3100000
6542,COM00952.00,2006,Coal mined,F.sbc,3100000
6543,COM00952.00,2007,Clean coal,F.sbc,3100000
6544,COM00952.00,2007,Coal mined,F.sbc,3100000
6545,COM00952.00,2008,Clean coal,F.sbc,3100000
6546,COM00952.00,2008,Coal mined,F.sbc,3100000
6547,COM00952.00,2009,Clean coal,F.sbc,3300000
6548,COM00952.00,2009,Coal mined,F.sbc,3300000
6549,COM00952.00,2010,Clean coal,F.sbc,3100000
6550,COM00952.00,2010,Coal mined,F.sbc,3100000
6551,COM00952.00,2011,Clean coal,F.sbc,3000000
6552,COM00952.00,2011,Coal mined,F.sbc,3000000
6553,COM00952.00,2012,Clean coal,F.sbc,2900000
6554,COM00952.00,2012,Coal mined,F.sbc,2900000
6555,COM00952.00,2013,Clean coal,F.sbc,2900000
6556,COM00952.00,2013,Coal mined,F.sbc,2900000
6557,COM00952.00,2014,Clean coal,F.sbc,2483460
6558,COM00952.00,2014,Coal mined,F.sbc,2483460
6559,COM00952.00,2015,Clean coal,F.sbc,1811678
6560,COM00952.00,2015,Coal mined,F.sbc,1811678
6561,COM00952.00,2016,Clean coal,F.sbc,1293667
6562,COM00952.00,2016,Coal mined,F.sbc,1293667
6563,COM00952.00,2017,Clean coal,F.sbc,1224720
6564,COM00952.00,2017,Coal mined,F.sbc,1224720
6565,COM00957.00,2009,Clean coal,F.coc,1905120
6566,COM00957.00,2009,Coal mined,F.coc,1905120
6567,COM00957.00,2010,Clean coal,F.coc,1814400
6568,COM00957.00,2010,Coal mined,F.coc,1814400
6569,COM00957.00,2011,Clean coal,F.coc,1723680
6570,COM00957.00,2011,Coal mined,F.coc,1723680
6571,COM00957.00,2012,Clean coal,F.coc,2086560
6572,COM00957.00,2012,Coal mined,F.coc,2086560
6573,COM00965.00,2000,Clean coal,F.coal,2086560
6574,COM00965.00,2000,Coal mined,F.coal,2086560
6575,COM00965.00,2001,Clean coal,F.coal,1723680
6576,COM00965.00,2001,Coal mined,F.coal,1723680
6577,COM00965.00,2002,Clean coal,F.coal,1723680
6578,COM00965.00,2002,Coal mined,F.coal,1723680
6579,COM00965.00,2003,Clean coal,F.coal,1632960
6580,COM00965.00,2003,Coal mined,F.coal,1632960
6581,COM00965.00,2004,Clean coal,F.coal,2268000
6582,COM00965.00,2004,Coal mined,F.coal,2268000
6583,COM00965.00,2005,Clean coal,F.coal,1542240
6584,COM00965.00,2005,Coal mined,F.coal,1542240
6585,COM00965.00,2006,Clean coal,F.coal,1451520
6586,COM00965.00,2006,Coal mined,F.coal,1451520
6587,COM00965.00,2007,Clean coal,F.coal,1270080
6588,COM00965.00,2007,Coal mined,F.coal,1270080
6589,COM00965.00,2008,Clean coal,F.coal,2449440
6590,COM00965.00,2008,Coal mined,F.coal,2449440
6591,COM00965.00,2009,Clean coal,F.coal,2268000
6592,COM00965.00,2009,Coal mined,F.coal,2268000
6593,COM00965.00,2010,Clean coal,F.coal,1542240
6594,COM00965.00,2010,Coal mined,F.coal,1542240
6595,COM00965.00,2011,Clean coal,F.coal,1995840
6596,COM00965.00,2011,Coal mined,F.coal,1995840
6597,COM00965.00,2012,Clean coal,F.coal,2177280
6598,COM00965.00,2012,Coal mined,F.coal,2177280
6599,COM00965.00,2013,Clean coal,F.coal,2358720
6600,COM00965.00,2013,Coal mined,F.coal,2358720
6601,COM00965.00,2014,Clean coal,F.coal,2358720
6602,COM00965.00,2014,Coal mined,F.coal,2358720
6603,COM00965.00,2015,Clean coal,F.coal,2177280
6604,COM00965.00,2015,Coal mined,F.coal,2177280
6605,COM00965.00,2016,Clean coal,F.coal,1723680
6606,COM00965.00,2016,Coal mined,F.coal,1723680
6607,COM00967.00,2010,Clean coal,F.coc,1900600
6608,COM00967.00,2010,Clean coal,F.stc,1323739
6609,COM00967.00,2010,Coal mined,F.coc,1900600
6610,COM00967.00,2010,Coal mined,F.stc,1323739
6611,COM00967.00,2011,Clean coal,F.coc,2464229
6612,COM00967.00,2011,Clean coal,F.stc,725283
6613,COM00967.00,2011,Coal mined,F.coc,2464229
6614,COM00967.00,2011,Coal mined,F.stc,725283
6615,COM00967.00,2012,Clean coal,F.coc,2245993
6616,COM00967.00,2012,Clean coal,F.stc,152251
6617,COM00967.00,2012,Coal mined,F.coc,2245993
6618,COM00967.00,2012,Coal mined,F.stc,152251
6619,COM00967.00,2013,Clean coal,F.coc,1550585
6620,COM00967.00,2013,Clean coal,F.stc,120646
6621,COM00967.00,2013,Coal mined,F.coc,1550585
6622,COM00967.00,2013,Coal mined,F.stc,120646
6623,COM00968.00,2008,Clean coal,F.coal,772400
6624,COM00968.00,2008,Coal mined,F.coal,772400
6625,COM00968.00,2009,Clean coal,F.coal,750700
6626,COM00968.00,2009,Coal mined,F.coal,750700
6627,COM00968.00,2010,Clean coal,F.coal,441400
6628,COM00968.00,2010,Coal mined,F.coal,441400
6629,COM00968.00,2011,Clean coal,F.coal,936300
6630,COM00968.00,2011,Coal mined,F.coal,936300
6631,COM00968.00,2012,Clean coal,F.coal,1376900
6632,COM00968.00,2012,Coal mined,F.coal,1376900
6633,COM00968.00,2013,Clean coal,F.coal,1683800
6634,COM00968.00,2013,Coal mined,F.coal,1683800
6635,COM00968.00,2014,Clean coal,F.coal,1472600
6636,COM00968.00,2014,Coal mined,F.coal,1472600
6637,COM00969.00,2000,Clean coal,F.coc,7224000
6638,COM00969.00,2000,Coal mined,F.coc,7224000
6639,COM00969.00,2001,Clean coal,F.coc,6258000
6640,COM00969.00,2001,Coal mined,F.coc,6258000
6641,COM00969.00,2002,Clean coal,F.coc,7656000
6642,COM00969.00,2002,Coal mined,F.coc,7656000
6643,COM00969.00,2003,Clean coal,F.coc,7262000
6644,COM00969.00,2003,Coal mined,F.coc,7262000
6645,COM00969.00,2004,Clean coal,F.coc,8224000
6646,COM00969.00,2004,Coal mined,F.coc,8224000
6647,COM00969.00,2005,Clean coal,F.coc,9052000
6648,COM00969.00,2005,Coal mined,F.coc,9052000
6649,COM00969.00,2006,Clean coal,F.coc,8778000
6650,COM00969.00,2006,Coal mined,F.coc,8778000
6651,COM00969.00,2007,Clean coal,F.coc,8968000
6652,COM00969.00,2007,Coal mined,F.coc,8968000
6653,COM00969.00,2008,Clean coal,F.coc,8188000
6654,COM00969.00,2008,Coal mined,F.coc,8188000
6655,COM00969.00,2009,Clean coal,F.coc,8780000
6656,COM00969.00,2009,Coal mined,F.coc,8780000
6657,COM00969.00,2010,Clean coal,F.coc,8664000
6658,COM00969.00,2010,Coal mined,F.coc,8664000
6659,COM00969.00,2011,Clean coal,F.coc,6804000
6660,COM00969.00,2011,Coal mined,F.coc,6804000
6661,COM00969.00,2012,Clean coal,F.coc,7068000
6662,COM00969.00,2012,Coal mined,F.coc,7068000
6663,COM00969.00,2013,Clean coal,F.coc,9090000
6664,COM00969.00,2013,Coal mined,F.coc,9090000
6665,COM00969.00,2014,Clean coal,F.coc,9818000
6666,COM00969.00,2014,Coal mined,F.coc,9818000
6667,COM00969.00,2015,Clean coal,F.coc,10222000
6668,COM00969.00,2015,Coal mined,F.coc,10222000
6669,COM00969.00,2016,Clean coal,F.coc,10062000
6670,COM00969.00,2016,Coal mined,F.coc,10062000
6671,COM00969.00,2017,Clean coal,F.coc,12110000
6672,COM00969.00,2017,Coal mined,F.coc,12110000
6673,COM00969.00,2018,Clean coal,F.coc,12700000
6674,COM00969.00,2018,Coal mined,F.coc,12700000
6675,COM00969.00,2019,Clean coal,F.coc,11866000
6676,COM00969.00,2019,Coal mined,F.coc,11866000
6677,COM00974.00,2000,Clean coal,F.obc,17508960
6678,COM00974.00,2000,Coal mined,F.obc,17508960
6679,COM00974.00,2001,Clean coal,F.obc,18688320
6680,COM00974.00,2001,Coal mined,F.obc,18688320
6681,COM00974.00,2002,Clean coal,F.obc,17508960
6682,COM00974.00,2002,Coal mined,F.obc,17508960
6683,COM00974.00,2003,Clean coal,F.obc,17508960
6684,COM00974.00,2003,Coal mined,F.obc,17508960
6685,COM00974.00,2004,Clean coal,F.obc,18416160
6686,COM00974.00,2004,Coal mined,F.obc,18416160
6687,COM00974.00,2005,Clean coal,F.obc,18960480
6688,COM00974.00,2005,Coal mined,F.obc,18960480
6689,COM00974.00,2006,Clean coal,F.obc,18960480
6690,COM00974.00,2006,Coal mined,F.obc,18960480
6691,COM00974.00,2007,Clean coal,F.obc,19141920
6692,COM00974.00,2007,Coal mined,F.obc,19141920
6693,COM00974.00,2008,Clean coal,F.obc,19141920
6694,COM00974.00,2008,Coal mined,F.obc,19141920
6695,COM00974.00,2009,Clean coal,F.obc,19504800
6696,COM00974.00,2009,Coal mined,F.obc,19504800
6697,COM00974.00,2010,Clean coal,F.coc,2086560
6698,COM00974.00,2010,Clean coal,F.stc,17146080
6699,COM00974.00,2010,Coal mined,F.coc,2086560
6700,COM00974.00,2010,Coal mined,F.stc,17146080
6701,COM00974.00,2011,Clean coal,F.coc,3538080
6702,COM00974.00,2011,Clean coal,F.stc,15513120
6703,COM00974.00,2011,Coal mined,F.coc,3538080
6704,COM00974.00,2011,Coal mined,F.stc,15513120
6705,COM00974.00,2012,Clean coal,F.obc,17781120
6706,COM00974.00,2012,Coal mined,F.obc,17781120
6707,COM00974.00,2013,Clean coal,F.obc,19504800
6708,COM00974.00,2013,Coal mined,F.obc,19504800
6709,COM00974.00,2014,Clean coal,F.obc,23677920
6710,COM00974.00,2014,Coal mined,F.obc,23677920
6711,COM00974.00,2015,Clean coal,F.obc,20684160
6712,COM00974.00,2015,Coal mined,F.obc,20684160
6713,COM00974.00,2016,Clean coal,F.obc,22407840
6714,COM00974.00,2016,Coal mined,F.obc,22407840
6715,COM00974.00,2017,Clean coal,F.obc,23677920
6716,COM00974.00,2017,Coal mined,F.obc,23677920
6717,COM00974.00,2018,Clean coal,F.obc,25038720
6718,COM00974.00,2018,Coal mined,F.obc,25038720
6719,COM00974.00,2019,Clean coal,F.obc,24675840
6720,COM00974.00,2019,Coal mined,F.obc,24675840
6721,COM00975.00,2018,Clean coal,F.coal,2115
6722,COM00975.00,2018,Coal mined,F.coal,2115
6723,COM00975.00,2019,Clean coal,F.coal,4445
6724,COM00975.00,2019,Coal mined,F.coal,4445
6725,COM00975.00,2020,Clean coal,F.coal,7451
6726,COM00975.00,2020,Coal mined,F.coal,7451
6727,COM00977.00,2007,Clean coal,F.coal,550000
6728,COM00977.00,2007,Coal mined,F.coal,550000
6729,COM00977.00,2008,Clean coal,F.coal,1140000
6730,COM00977.00,2008,Coal mined,F.coal,1140000
6731,COM00977.00,2009,Clean coal,F.coal,1980000
6732,COM00977.00,2009,Coal mined,F.coal,1980000
6733,COM00977.00,2010,Clean coal,F.coal,2700000
6734,COM00977.00,2010,Coal mined,F.coal,2700000
6735,COM00977.00,2011,Clean coal,F.coal,3200000
6736,COM00977.00,2011,Coal mined,F.coal,3200000
6737,COM00977.00,2012,Clean coal,F.coal,2500000
6738,COM00977.00,2012,Coal mined,F.coal,2500000
6739,COM00977.00,2013,Clean coal,F.coal,2100000
6740,COM00977.00,2013,Coal mined,F.coal,2100000
6741,COM00977.00,2014,Clean coal,F.coal,800000
6742,COM00977.00,2014,Coal mined,F.coal,800000
6743,COM00977.00,2015,Clean coal,F.coal,800000
6744,COM00977.00,2015,Coal mined,F.coal,800000
6745,COM00977.00,2016,Clean coal,F.coal,500000
6746,COM00977.00,2016,Coal mined,F.coal,500000
6747,COM00977.00,2017,Clean coal,F.coal,1100000
6748,COM00977.00,2017,Coal mined,F.coal,1100000
6749,COM00977.00,2018,Clean coal,F.coal,1200000
6750,COM00977.00,2018,Coal mined,F.coal,1200000
6751,COM00977.00,2019,Clean coal,F.coal,1300000
6752,COM00977.00,2019,Coal mined,F.coal,1300000
6753,COM00978.00,2012,Clean coal,F.stc,1907000
6754,COM00978.00,2012,Coal mined,F.stc,1907000
6755,COM00978.00,2013,Clean coal,F.stc,2288000
6756,COM00978.00,2013,Coal mined,F.stc,2288000
6757,COM00978.00,2014,Clean coal,F.stc,3931000
6758,COM00978.00,2014,Coal mined,F.stc,3931000
6759,COM00978.00,2015,Clean coal,F.stc,5385000
6760,COM00978.00,2015,Coal mined,F.stc,5385000
6761,COM00985.00,2010,Clean coal,F.coal,39809700
6762,COM00985.00,2010,Coal mined,F.coal,39809700
6763,COM00985.00,2011,Clean coal,F.coal,38613
6764,COM00985.00,2011,Coal mined,F.coal,38613
6765,COM00985.00,2012,Clean coal,F.coal,38394
6766,COM00985.00,2012,Coal mined,F.coal,38394
6767,COM00985.00,2013,Clean coal,F.coal,35426800
6768,COM00985.00,2013,Coal mined,F.coal,35426800
6769,COM00985.00,2014,Clean coal,F.coal,32410400
6770,COM00985.00,2014,Coal mined,F.coal,32410400
6771,COM00985.00,2015,Clean coal,F.coal,4301836
6772,COM00985.00,2015,Clean coal,F.coc,6972990
6773,COM00985.00,2015,Clean coal,F.stc,20284763
6774,COM00985.00,2015,Coal mined,F.coal,4301836
6775,COM00985.00,2015,Coal mined,F.coc,6972990
6776,COM00985.00,2015,Coal mined,F.stc,20284763
6777,COM00985.00,2016,Clean coal,F.coal,4379042
6778,COM00985.00,2016,Clean coal,F.coc,9176727
6779,COM00985.00,2016,Clean coal,F.stc,12620706
6780,COM00985.00,2016,Coal mined,F.coal,4379042
6781,COM00985.00,2016,Coal mined,F.coc,9176727
6782,COM00985.00,2016,Coal mined,F.stc,12620706
6783,COM00985.00,2017,Clean coal,F.coal,4460702
6784,COM00985.00,2017,Clean coal,F.coc,10011840
6785,COM00985.00,2017,Clean coal,F.stc,12636349
6786,COM00985.00,2017,Coal mined,F.coal,4460702
6787,COM00985.00,2017,Coal mined,F.coc,10011840
6788,COM00985.00,2017,Coal mined,F.stc,12636349
6789,COM00985.00,2018,Clean coal,F.coal,3864223
6790,COM00985.00,2018,Clean coal,F.coc,8798436
6791,COM00985.00,2018,Clean coal,F.stc,12729223
6792,COM00985.00,2018,Coal mined,F.coal,3864223
6793,COM00985.00,2018,Coal mined,F.coc,8798436
6794,COM00985.00,2018,Coal mined,F.stc,12729223
6795,COM00985.00,2019,Clean coal,F.coal,5559724
6796,COM00985.00,2019,Clean coal,F.coc,10722761
6797,COM00985.00,2019,Clean coal,F.stc,9323633
6798,COM00985.00,2019,Coal mined,F.coal,5559724
6799,COM00985.00,2019,Coal mined,F.coc,10722761
6800,COM00985.00,2019,Coal mined,F.stc,9323633
6801,COM00985.00,2020,Clean coal,F.coal,4725002
6802,COM00985.00,2020,Clean coal,F.coc,11508305
6803,COM00985.00,2020,Clean coal,F.stc,14897584
6804,COM00985.00,2020,Coal mined,F.coal,4725002
6805,COM00985.00,2020,Coal mined,F.coc,11508305
6806,COM00985.00,2020,Coal mined,F.stc,14897584
6807,COM00987.00,2006,Clean coal,F.coal,55390000
6808,COM00987.00,2006,Coal mined,F.coal,55390000
6809,COM00987.00,2007,Clean coal,F.coal,71610000
6810,COM00987.00,2007,Coal mined,F.coal,71610000
6811,COM00987.00,2008,Clean coal,F.coal,78540000
6812,COM00987.00,2008,Coal mined,F.coal,78540000
6813,COM00987.00,2009,Clean coal,F.coal,87020000
6814,COM00987.00,2009,Coal mined,F.coal,87020000
6815,COM00987.00,2010,Clean coal,F.coal,103880000
6816,COM00987.00,2010,Coal mined,F.coal,103880000
6817,COM00987.00,2011,Clean coal,F.coal,80230000
6818,COM00987.00,2011,Coal mined,F.coal,80230000
6819,COM00987.00,2012,Clean coal,F.coal,89670000
6820,COM00987.00,2012,Coal mined,F.coal,89670000
6821,COM00987.00,2013,Clean coal,F.coal,91340000
6822,COM00987.00,2013,Coal mined,F.coal,91340000
6823,COM00987.00,2014,Clean coal,F.coal,84590000
6824,COM00987.00,2014,Coal mined,F.coal,84590000
6825,COM00987.00,2015,Clean coal,F.coal,66480000
6826,COM00987.00,2015,Coal mined,F.coal,66480000
6827,COM00989.00,2008,Clean coal,F.coc,2258021
6828,COM00989.00,2008,Coal mined,F.coc,2258021
6829,COM00989.00,2013,Clean coal,F.coc,2540160
6830,COM00989.00,2013,Coal mined,F.coc,2540160
6831,COM00989.00,2014,Clean coal,F.coc,2449440
6832,COM00989.00,2014,Coal mined,F.coc,2449440
6833,COM00992.00,2010,Clean coal,F.stc,0
6834,COM00992.00,2010,Coal mined,F.stc,0
6835,COM00992.00,2011,Clean coal,F.stc,1130000
6836,COM00992.00,2011,Coal mined,F.stc,1130000
6837,COM00992.00,2012,Clean coal,F.stc,2734747
6838,COM00992.00,2012,Coal mined,F.stc,2734747
6839,COM00992.00,2013,Clean coal,F.stc,1962810
6840,COM00992.00,2013,Coal mined,F.stc,1962810
6841,COM00992.00,2014,Clean coal,F.stc,1814402
6842,COM00992.00,2014,Coal mined,F.stc,1814402
6843,COM00992.00,2015,Clean coal,F.stc,59433
6844,COM00992.00,2015,Coal mined,F.stc,59433
6845,COM00992.00,2016,Clean coal,F.stc,16754
6846,COM00992.00,2016,Coal mined,F.stc,16754
6847,COM00992.00,2017,Clean coal,F.stc,1187317
6848,COM00992.00,2017,Coal mined,F.stc,1187317
6849,COM00992.00,2018,Clean coal,F.stc,2153205
6850,COM00992.00,2018,Coal mined,F.stc,2153205
6851,COM00992.00,2019,Clean coal,F.stc,929018
6852,COM00992.00,2019,Coal mined,F.stc,929018
6853,COM00993.00,2010,Clean coal,F.obc,272160
6854,COM00993.00,2010,Coal mined,F.obc,272160
6855,COM00993.00,2011,Clean coal,F.obc,181440
6856,COM00993.00,2011,Coal mined,F.obc,181440
6857,COM00993.00,2012,Clean coal,F.obc,336571
6858,COM00993.00,2012,Coal mined,F.obc,336571
6859,COM00993.00,2013,Clean coal,F.obc,268531
6860,COM00993.00,2013,Coal mined,F.obc,268531
6861,COM00999.00,2007,Clean coal,F.coc,1438000
6862,COM00999.00,2007,Coal mined,F.coc,1438000
6863,COM00999.00,2008,Clean coal,F.coc,2271000
6864,COM00999.00,2008,Coal mined,F.coc,2271000
6865,COM00999.00,2009,Clean coal,F.coc,2457000
6866,COM00999.00,2009,Coal mined,F.coc,2457000
6867,COM00999.00,2010,Clean coal,F.coc,2834000
6868,COM00999.00,2010,Coal mined,F.coc,2834000
6869,COM00999.00,2011,Clean coal,F.coc,2759000
6870,COM00999.00,2011,Coal mined,F.coc,2759000
6871,COM00999.00,2012,Clean coal,F.coc,2612000
6872,COM00999.00,2012,Coal mined,F.coc,2612000
6873,COM00999.00,2013,Clean coal,F.coc,2712000
6874,COM00999.00,2013,Coal mined,F.coc,2712000
6875,COM00999.00,2014,Clean coal,F.coc,3063000
6876,COM00999.00,2014,Coal mined,F.coc,3063000
6877,COM00999.00,2015,Clean coal,F.coc,3466000
6878,COM00999.00,2015,Coal mined,F.coc,3466000
6879,COM00999.00,2016,Clean coal,F.coc,3462000
6880,COM00999.00,2016,Coal mined,F.coc,3462000
6881,COM00999.00,2017,Clean coal,F.coc,3189000
6882,COM00999.00,2017,Coal mined,F.coc,3189000
6883,COM00999.00,2018,Clean coal,F.coc,3718000
6884,COM00999.00,2018,Coal mined,F.coc,3718000
6885,COM00999.00,2019,Clean coal,F.coc,4071000
6886,COM00999.00,2019,Coal mined,F.coc,4071000
6887,COM01001.00,2007,Clean coal,F.coc,3161000
6888,COM01001.00,2007,Coal mined,F.coc,3161000
6889,COM01001.00,2008,Clean coal,F.coc,3010000
6890,COM01001.00,2008,Coal mined,F.coc,3010000
6891,COM01001.00,2009,Clean coal,F.coc,2770500
6892,COM01001.00,2009,Coal mined,F.coc,2770500
6893,COM01001.00,2010,Clean coal,F.coc,2903000
6894,COM01001.00,2010,Coal mined,F.coc,2903000
6895,COM01001.00,2011,Clean coal,F.coc,3062000
6896,COM01001.00,2011,Coal mined,F.coc,3062000
6897,COM01001.00,2012,Clean coal,F.coc,2921000
6898,COM01001.00,2012,Coal mined,F.coc,2921000
6899,COM01005.00,2001,Clean coal,F.lig,3400000
6900,COM01005.00,2001,Coal mined,F.lig,3400000
6901,COM01005.00,2002,Clean coal,F.lig,3400000
6902,COM01005.00,2002,Coal mined,F.lig,3400000
6903,COM01005.00,2003,Clean coal,F.lig,3400000
6904,COM01005.00,2003,Coal mined,F.lig,3400000
6905,COM01005.00,2004,Clean coal,F.lig,3500000
6906,COM01005.00,2004,Coal mined,F.lig,3500000
6907,COM01005.00,2005,Clean coal,F.lig,3400000
6908,COM01005.00,2005,Coal mined,F.lig,3400000
6909,COM01005.00,2006,Clean coal,F.lig,2700000
6910,COM01005.00,2006,Coal mined,F.lig,2700000
6911,COM01005.00,2007,Clean coal,F.lig,3400000
6912,COM01005.00,2007,Coal mined,F.lig,3400000
6913,COM01005.00,2008,Clean coal,F.lig,2600000
6914,COM01005.00,2008,Coal mined,F.lig,2600000
6915,COM01005.00,2009,Clean coal,F.lig,3300000
6916,COM01005.00,2009,Coal mined,F.lig,3300000
6917,COM01005.00,2010,Clean coal,F.lig,3500000
6918,COM01005.00,2010,Coal mined,F.lig,3500000
6919,COM01005.00,2011,Clean coal,F.lig,3500000
6920,COM01005.00,2011,Coal mined,F.lig,3500000
6921,COM01005.00,2012,Clean coal,F.lig,3600000
6922,COM01005.00,2012,Coal mined,F.lig,3600000
6923,COM01005.00,2013,Clean coal,F.lig,3300000
6924,COM01005.00,2013,Coal mined,F.lig,3300000
6925,COM01005.00,2014,Clean coal,F.lig,3441463
6926,COM01005.00,2014,Coal mined,F.lig,3441463
6927,COM01005.00,2015,Clean coal,F.lig,3351197
6928,COM01005.00,2015,Coal mined,F.lig,3351197
6929,COM01005.00,2016,Clean coal,F.lig,3561667
6930,COM01005.00,2016,Coal mined,F.lig,3561667
6931,COM01005.00,2017,Clean coal,F.lig,3254126
6932,COM01005.00,2017,Coal mined,F.lig,3254126
6933,COM01013.00,2011,Clean coal,F.coal,2400000
6934,COM01013.00,2011,Coal mined,F.coal,2400000
6935,COM01013.00,2012,Clean coal,F.coal,2440000
6936,COM01013.00,2012,Coal mined,F.coal,2440000
6937,COM01013.00,2013,Clean coal,F.coal,2600000
6938,COM01013.00,2013,Coal mined,F.coal,2600000
6939,COM01013.00,2014,Clean coal,F.coal,2000000
6940,COM01013.00,2014,Coal mined,F.coal,2000000
6941,COM01013.00,2015,Clean coal,F.coal,1600000
6942,COM01013.00,2015,Coal mined,F.coal,1600000
6943,COM01013.00,2016,Clean coal,F.coal,1800000
6944,COM01013.00,2016,Coal mined,F.coal,1800000
6945,COM01013.00,2017,Clean coal,F.coal,2100000
6946,COM01013.00,2017,Coal mined,F.coal,2100000
6947,COM01013.00,2018,Clean coal,F.coal,2100000
6948,COM01013.00,2018,Coal mined,F.coal,2100000
6949,COM01013.00,2019,Clean coal,F.coal,2000000
6950,COM01013.00,2019,Coal mined,F.coal,2000000
6951,COM01014.00,2012,Clean coal,F.stc,535000
6952,COM01014.00,2012,Coal mined,F.stc,535000
6953,COM01014.00,2013,Clean coal,F.stc,694000
6954,COM01014.00,2013,Coal mined,F.stc,694000
6955,COM01014.00,2014,Clean coal,F.stc,881000
6956,COM01014.00,2014,Coal mined,F.stc,881000
6957,COM01014.00,2015,Clean coal,F.stc,1342000
6958,COM01014.00,2015,Coal mined,F.stc,1342000
6959,COM01016.00,2000,Clean coal,F.stc,15500000
6960,COM01016.00,2000,Coal mined,F.stc,15500000
6961,COM01016.00,2001,Clean coal,F.stc,17700000
6962,COM01016.00,2001,Coal mined,F.stc,17700000
6963,COM01016.00,2002,Clean coal,F.stc,20800000
6964,COM01016.00,2002,Coal mined,F.stc,20800000
6965,COM01016.00,2003,Clean coal,F.stc,22500000
6966,COM01016.00,2003,Coal mined,F.stc,22500000
6967,COM01016.00,2004,Clean coal,F.stc,24300000
6968,COM01016.00,2004,Coal mined,F.stc,24300000
6969,COM01016.00,2005,Clean coal,F.stc,26700000
6970,COM01016.00,2005,Coal mined,F.stc,26700000
6971,COM01016.00,2006,Clean coal,F.stc,34400000
6972,COM01016.00,2006,Coal mined,F.stc,34400000
6973,COM01016.00,2007,Clean coal,F.stc,36100000
6974,COM01016.00,2007,Coal mined,F.stc,36100000
6975,COM01016.00,2008,Clean coal,F.stc,38500000
6976,COM01016.00,2008,Coal mined,F.stc,38500000
6977,COM01016.00,2009,Clean coal,F.stc,40590000
6978,COM01016.00,2009,Coal mined,F.stc,40590000
6979,COM01016.00,2010,Clean coal,F.stc,42200000
6980,COM01016.00,2010,Coal mined,F.stc,42200000
6981,COM01016.00,2011,Clean coal,F.stc,47670000
6982,COM01016.00,2011,Coal mined,F.stc,47670000
6983,COM01016.00,2012,Clean coal,F.stc,47190000
6984,COM01016.00,2012,Coal mined,F.stc,47190000
6985,COM01016.00,2013,Clean coal,F.stc,52260000
6986,COM01016.00,2013,Coal mined,F.stc,52260000
6987,COM01016.00,2014,Clean coal,F.stc,55320000
6988,COM01016.00,2014,Coal mined,F.stc,55320000
6989,COM01016.00,2015,Clean coal,F.stc,50350000
6990,COM01016.00,2015,Coal mined,F.stc,50350000
6991,COM01016.00,2016,Clean coal,F.stc,50770000
6992,COM01016.00,2016,Coal mined,F.stc,50770000
6993,COM01016.00,2017,Clean coal,F.stc,47680000
6994,COM01016.00,2017,Coal mined,F.stc,47680000
6995,COM01016.00,2018,Clean coal,F.stc,48330000
6996,COM01016.00,2018,Coal mined,F.stc,48330000
6997,COM01016.00,2019,Clean coal,F.stc,51640000
6998,COM01016.00,2019,Coal mined,F.stc,51640000
6999,COM01016.00,2020,Clean coal,F.stc,46750000
7000,COM01016.00,2020,Coal mined,F.stc,46750000
7001,COM01017.00,2011,Clean coal,F.stc,3800000
7002,COM01017.00,2011,Coal mined,F.stc,3800000
7003,COM01017.00,2012,Clean coal,F.stc,4400000
7004,COM01017.00,2012,Coal mined,F.stc,4400000
7005,COM01017.00,2013,Clean coal,F.stc,4200000
7006,COM01017.00,2013,Coal mined,F.stc,4200000
7007,COM01017.00,2014,Clean coal,F.stc,4400000
7008,COM01017.00,2014,Coal mined,F.stc,4400000
7009,COM01017.00,2015,Clean coal,F.stc,3900000
7010,COM01017.00,2015,Coal mined,F.stc,3900000
7011,COM01017.00,2016,Clean coal,F.stc,3958600
7012,COM01017.00,2016,Coal mined,F.stc,3958600
7013,COM01017.00,2017,Clean coal,F.stc,3364500
7014,COM01017.00,2017,Coal mined,F.stc,3364500
7015,COM01017.00,2018,Clean coal,F.stc,3700000
7016,COM01017.00,2018,Coal mined,F.stc,3700000
7017,COM01017.00,2019,Clean coal,F.stc,2500000
7018,COM01017.00,2019,Coal mined,F.stc,2500000
7019,COM01019.00,2010,Clean coal,F.coal,476941
7020,COM01019.00,2010,Coal mined,F.coal,476941
7021,COM01019.00,2011,Clean coal,F.coal,1864533
7022,COM01019.00,2011,Coal mined,F.coal,1864533
7023,COM01019.00,2012,Clean coal,F.coal,3541185
7024,COM01019.00,2012,Coal mined,F.coal,3541185
7025,COM01019.00,2013,Clean coal,F.coal,4100000
7026,COM01019.00,2013,Coal mined,F.coal,4100000
7027,COM01019.00,2014,Clean coal,F.coal,4700000
7028,COM01019.00,2014,Coal mined,F.coal,4700000
7029,COM01019.00,2015,Clean coal,F.coal,6700000
7030,COM01019.00,2015,Coal mined,F.coal,6700000
7031,COM01019.00,2016,Clean coal,F.coal,6490000
7032,COM01019.00,2016,Coal mined,F.coal,6490000
7033,COM01019.00,2017,Clean coal,F.coal,7520000
7034,COM01019.00,2017,Coal mined,F.coal,7520000
7035,COM01019.00,2018,Clean coal,F.coal,9200000
7036,COM01019.00,2018,Coal mined,F.coal,9200000
7037,COM01019.00,2019,Clean coal,F.coal,9630000
7038,COM01019.00,2019,Coal mined,F.coal,9630000
7039,COM01019.00,2020,Clean coal,F.coal,8610000
7040,COM01019.00,2020,Coal mined,F.coal,8610000
7041,COM01020.00,2010,Clean coal,F.coal,1252267
7042,COM01020.00,2010,Coal mined,F.coal,1252267
7043,COM01020.00,2011,Clean coal,F.coal,1210334
7044,COM01020.00,2011,Coal mined,F.coal,1210334
7045,COM01020.00,2012,Clean coal,F.coal,1332453
7046,COM01020.00,2012,Coal mined,F.coal,1332453
7047,COM01020.00,2013,Clean coal,F.coal,1733765
7048,COM01020.00,2013,Coal mined,F.coal,1733765
7049,COM01020.00,2014,Clean coal,F.coal,536877
7050,COM01020.00,2014,Coal mined,F.coal,536877
7051,COM01020.00,2015,Clean coal,F.coal,576685
7052,COM01020.00,2015,Coal mined,F.coal,576685
7053,COM01020.00,2016,Clean coal,F.coal,261732
7054,COM01020.00,2016,Coal mined,F.coal,261732
7055,COM01020.00,2017,Clean coal,F.coal,557622
7056,COM01020.00,2017,Coal mined,F.coal,557622
7057,COM01020.00,2018,Clean coal,F.coal,749642
7058,COM01020.00,2018,Coal mined,F.coal,749642
7059,COM01021.00,2010,Clean coal,F.coal,0
7060,COM01021.00,2010,Coal mined,F.coal,0
7061,COM01021.00,2011,Clean coal,F.coal,83455
7062,COM01021.00,2011,Coal mined,F.coal,83455
7063,COM01021.00,2012,Clean coal,F.coal,104427
7064,COM01021.00,2012,Coal mined,F.coal,104427
7065,COM01021.00,2013,Clean coal,F.coal,0
7066,COM01021.00,2013,Coal mined,F.coal,0
7067,COM01021.00,2014,Clean coal,F.coal,150000
7068,COM01021.00,2014,Coal mined,F.coal,150000
7069,COM01021.00,2015,Clean coal,F.coal,1050000
7070,COM01021.00,2015,Coal mined,F.coal,1050000
7071,COM01021.00,2016,Clean coal,F.coal,1460000
7072,COM01021.00,2016,Coal mined,F.coal,1460000
7073,COM01021.00,2017,Clean coal,F.coal,1490000
7074,COM01021.00,2017,Coal mined,F.coal,1490000
7075,COM01021.00,2018,Clean coal,F.coal,1620000
7076,COM01021.00,2018,Coal mined,F.coal,1620000
7077,COM01021.00,2019,Clean coal,F.coal,2230000
7078,COM01021.00,2019,Coal mined,F.coal,2230000
7079,COM01021.00,2020,Clean coal,F.coal,1970000
7080,COM01021.00,2020,Coal mined,F.coal,1970000
7081,COM01022.00,2018,Clean coal,F.stc,170000
7082,COM01022.00,2018,Coal mined,F.stc,170000
7083,COM01022.00,2019,Clean coal,F.stc,830000
7084,COM01022.00,2019,Coal mined,F.stc,830000
7085,COM01022.00,2020,Clean coal,F.stc,930000
7086,COM01022.00,2020,Coal mined,F.stc,930000
7087,COM01023.00,2007,Clean coal,F.coal,722586
7088,COM01023.00,2007,Coal mined,F.coal,722586
7089,COM01023.00,2008,Clean coal,F.coal,712199
7090,COM01023.00,2008,Coal mined,F.coal,712199
7091,COM01023.00,2009,Clean coal,F.coal,783243
7092,COM01023.00,2009,Coal mined,F.coal,783243
7093,COM01023.00,2010,Clean coal,F.coal,76971
7094,COM01023.00,2010,Coal mined,F.coal,76971
7095,COM01025.00,2012,Clean coal,F.coal,300000
7096,COM01025.00,2012,Coal mined,F.coal,300000
7097,COM01025.00,2013,Clean coal,F.coal,1600000
7098,COM01025.00,2013,Coal mined,F.coal,1600000
7099,COM01025.00,2014,Clean coal,F.coal,2500000
7100,COM01025.00,2014,Coal mined,F.coal,2500000
7101,COM01025.00,2015,Clean coal,F.coal,2800000
7102,COM01025.00,2015,Coal mined,F.coal,2800000
7103,COM01025.00,2016,Clean coal,F.coal,2600000
7104,COM01025.00,2016,Coal mined,F.coal,2600000
7105,COM01025.00,2017,Clean coal,F.coal,2200000
7106,COM01025.00,2017,Coal mined,F.coal,2200000
7107,COM01025.00,2018,Clean coal,F.coal,2600000
7108,COM01025.00,2018,Coal mined,F.coal,2600000
7109,COM01025.00,2019,Clean coal,F.coal,3000000
7110,COM01025.00,2019,Coal mined,F.coal,3000000
7111,COM01025.00,2020,Clean coal,F.coal,3000000
7112,COM01025.00,2020,Coal mined,F.coal,3000000
7113,COM01026.00,2013,Clean coal,F.stc,4100000
7114,COM01026.00,2013,Coal mined,F.stc,4100000
7115,COM01026.00,2014,Clean coal,F.stc,4600000
7116,COM01026.00,2014,Coal mined,F.stc,4600000
7117,COM01026.00,2015,Clean coal,F.stc,6300000
7118,COM01026.00,2015,Coal mined,F.stc,6300000
7119,COM01026.00,2016,Clean coal,F.stc,7500000
7120,COM01026.00,2016,Coal mined,F.stc,7500000
7121,COM01026.00,2017,Clean coal,F.stc,13290000
7122,COM01026.00,2017,Coal mined,F.stc,13290000
7123,COM01026.00,2018,Clean coal,F.stc,20250000
7124,COM01026.00,2018,Coal mined,F.stc,20250000
7125,COM01026.00,2019,Clean coal,F.stc,28730000
7126,COM01026.00,2019,Coal mined,F.stc,28730000
7127,COM01026.00,2020,Clean coal,F.stc,30480000
7128,COM01026.00,2020,Coal mined,F.stc,30480000
7129,COM01029.00,2006,Clean coal,F.coal,5140000
7130,COM01029.00,2006,Coal mined,F.coal,5140000
7131,COM01029.00,2007,Clean coal,F.coal,4130000
7132,COM01029.00,2007,Coal mined,F.coal,4130000
7133,COM01029.00,2008,Clean coal,F.coal,3570000
7134,COM01029.00,2008,Coal mined,F.coal,3570000
7135,COM01029.00,2009,Clean coal,F.coal,4390000
7136,COM01029.00,2009,Coal mined,F.coal,4390000
7137,COM01029.00,2010,Clean coal,F.coal,3750000
7138,COM01029.00,2010,Coal mined,F.coal,3750000
7139,COM01029.00,2011,Clean coal,F.coal,3800000
7140,COM01029.00,2011,Coal mined,F.coal,3800000
7141,COM01029.00,2012,Clean coal,F.coal,4100000
7142,COM01029.00,2012,Coal mined,F.coal,4100000
7143,COM01029.00,2013,Clean coal,F.coal,3500000
7144,COM01029.00,2013,Coal mined,F.coal,3500000
7145,COM01029.00,2014,Clean coal,F.coal,2600000
7146,COM01029.00,2014,Coal mined,F.coal,2600000
7147,COM01029.00,2015,Clean coal,F.coal,100000
7148,COM01029.00,2015,Coal mined,F.coal,100000
7149,COM01029.00,2016,Clean coal,F.coal,0
7150,COM01029.00,2016,Coal mined,F.coal,0
7151,COM01029.00,2017,Clean coal,F.coal,100000
7152,COM01029.00,2017,Coal mined,F.coal,100000
7153,COM01029.00,2018,Clean coal,F.coal,400000
7154,COM01029.00,2018,Coal mined,F.coal,400000
7155,COM01029.00,2019,Clean coal,F.coal,400000
7156,COM01029.00,2019,Coal mined,F.coal,400000
7157,COM01030.00,2004,Clean coal,F.coal,7900000
7158,COM01030.00,2004,Coal mined,F.coal,7900000
7159,COM01030.00,2005,Clean coal,F.coal,7700000
7160,COM01030.00,2005,Coal mined,F.coal,7700000
7161,COM01030.00,2006,Clean coal,F.coal,10300000
7162,COM01030.00,2006,Coal mined,F.coal,10300000
7163,COM01030.00,2007,Clean coal,F.coal,11500000
7164,COM01030.00,2007,Coal mined,F.coal,11500000
7165,COM01030.00,2008,Clean coal,F.coal,10700000
7166,COM01030.00,2008,Coal mined,F.coal,10700000
7167,COM01030.00,2009,Clean coal,F.coal,12400000
7168,COM01030.00,2009,Coal mined,F.coal,12400000
7169,COM01030.00,2010,Clean coal,F.coal,14300000
7170,COM01030.00,2010,Coal mined,F.coal,14300000
7171,COM01030.00,2011,Clean coal,F.coal,14800000
7172,COM01030.00,2011,Coal mined,F.coal,14800000
7173,COM01030.00,2012,Clean coal,F.coal,14800000
7174,COM01030.00,2012,Coal mined,F.coal,14800000
7175,COM01030.00,2013,Clean coal,F.coal,15100000
7176,COM01030.00,2013,Coal mined,F.coal,15100000
7177,COM01030.00,2014,Clean coal,F.coal,15000000
7178,COM01030.00,2014,Coal mined,F.coal,15000000
7179,COM01030.00,2015,Clean coal,F.coal,13400000
7180,COM01030.00,2015,Coal mined,F.coal,13400000
7181,COM01030.00,2016,Clean coal,F.coal,15500000
7182,COM01030.00,2016,Coal mined,F.coal,15500000
7183,COM01030.00,2017,Clean coal,F.coal,13000000
7184,COM01030.00,2017,Coal mined,F.coal,13000000
7185,COM01030.00,2018,Clean coal,F.coal,12600000
7186,COM01030.00,2018,Coal mined,F.coal,12600000
7187,COM01030.00,2019,Clean coal,F.coal,12400000
7188,COM01030.00,2019,Coal mined,F.coal,12400000
7189,COM01030.00,2020,Clean coal,F.coal,9000000
7190,COM01030.00,2020,Coal mined,F.coal,9000000
7191,COM01031.00,2011,Clean coal,F.stc,1416176
7192,COM01031.00,2011,Coal mined,F.stc,1416176
7193,COM01031.00,2012,Clean coal,F.stc,1000000
7194,COM01031.00,2012,Coal mined,F.stc,1000000
7195,COM01031.00,2013,Clean coal,F.stc,1400000
7196,COM01031.00,2013,Coal mined,F.stc,1400000
7197,COM01031.00,2014,Clean coal,F.stc,2300000
7198,COM01031.00,2014,Coal mined,F.stc,2300000
7199,COM01031.00,2015,Clean coal,F.stc,1200000
7200,COM01031.00,2015,Coal mined,F.stc,1200000
7201,COM01031.00,2016,Clean coal,F.stc,697300
7202,COM01031.00,2016,Coal mined,F.stc,697300
7203,COM01031.00,2017,Clean coal,F.stc,544600
7204,COM01031.00,2017,Coal mined,F.stc,544600
7205,COM01031.00,2018,Clean coal,F.stc,700000
7206,COM01031.00,2018,Coal mined,F.stc,700000
7207,COM01031.00,2019,Clean coal,F.stc,800000
7208,COM01031.00,2019,Coal mined,F.stc,800000
7209,COM01032.00,2013,Clean coal,F.coal,4157737
7210,COM01032.00,2013,Coal mined,F.coal,4157737
7211,COM01032.00,2014,Clean coal,F.coal,3417681
7212,COM01032.00,2014,Coal mined,F.coal,3417681
7213,COM01032.00,2015,Clean coal,F.coal,3167224
7214,COM01032.00,2015,Coal mined,F.coal,3167224
7215,COM01032.00,2016,Clean coal,F.coal,3182527
7216,COM01032.00,2016,Coal mined,F.coal,3182527
7217,COM01032.00,2017,Clean coal,F.coal,1829641
7218,COM01032.00,2017,Coal mined,F.coal,1829641
7219,COM01032.00,2018,Clean coal,F.coal,1611450
7220,COM01032.00,2018,Coal mined,F.coal,1611450
7221,COM01032.00,2019,Clean coal,F.coal,3690595
7222,COM01032.00,2019,Coal mined,F.coal,3690595
7223,COM01033.00,2009,Clean coal,F.coal,57912
7224,COM01033.00,2009,Coal mined,F.coal,57912
7225,COM01033.00,2010,Clean coal,F.coal,507558
7226,COM01033.00,2010,Coal mined,F.coal,507558
7227,COM01033.00,2011,Clean coal,F.coal,560313
7228,COM01033.00,2011,Coal mined,F.coal,560313
7229,COM01033.00,2012,Clean coal,F.coal,902666
7230,COM01033.00,2012,Coal mined,F.coal,902666
7231,COM01033.00,2013,Clean coal,F.coal,1064023
7232,COM01033.00,2013,Coal mined,F.coal,1064023
7233,COM01033.00,2014,Clean coal,F.coal,851626
7234,COM01033.00,2014,Coal mined,F.coal,851626
7235,COM01033.00,2015,Clean coal,F.coal,686443
7236,COM01033.00,2015,Coal mined,F.coal,686443
7237,COM01033.00,2016,Clean coal,F.coal,844025
7238,COM01033.00,2016,Coal mined,F.coal,844025
7239,COM01033.00,2017,Clean coal,F.coal,870505
7240,COM01033.00,2017,Coal mined,F.coal,870505
7241,COM01033.00,2018,Clean coal,F.coal,985287
7242,COM01033.00,2018,Coal mined,F.coal,985287
7243,COM01033.00,2019,Clean coal,F.coal,989042
7244,COM01033.00,2019,Coal mined,F.coal,989042
7245,COM01033.00,2020,Clean coal,F.coal,600538
7246,COM01033.00,2020,Coal mined,F.coal,600538
7247,COM01034.00,2004,Clean coal,F.coal,2700000
7248,COM01034.00,2004,Coal mined,F.coal,2700000
7249,COM01034.00,2005,Clean coal,F.coal,3100000
7250,COM01034.00,2005,Coal mined,F.coal,3100000
7251,COM01034.00,2006,Clean coal,F.coal,3300000
7252,COM01034.00,2006,Coal mined,F.coal,3300000
7253,COM01034.00,2007,Clean coal,F.coal,2700000
7254,COM01034.00,2007,Coal mined,F.coal,2700000
7255,COM01034.00,2008,Clean coal,F.coal,2400000
7256,COM01034.00,2008,Coal mined,F.coal,2400000
7257,COM01034.00,2009,Clean coal,F.coal,3100000
7258,COM01034.00,2009,Coal mined,F.coal,3100000
7259,COM01034.00,2010,Clean coal,F.coal,900000
7260,COM01034.00,2010,Coal mined,F.coal,900000
7261,COM01034.00,2011,Clean coal,F.coal,1400000
7262,COM01034.00,2011,Coal mined,F.coal,1400000
7263,COM01034.00,2012,Clean coal,F.coal,1200000
7264,COM01034.00,2012,Coal mined,F.coal,1200000
7265,COM01034.00,2013,Clean coal,F.coal,1300000
7266,COM01034.00,2013,Coal mined,F.coal,1300000
7267,COM01034.00,2014,Clean coal,F.coal,1300000
7268,COM01034.00,2014,Coal mined,F.coal,1300000
7269,COM01034.00,2015,Clean coal,F.coal,1300000
7270,COM01034.00,2015,Coal mined,F.coal,1300000
7271,COM01034.00,2016,Clean coal,F.coal,1000000
7272,COM01034.00,2016,Coal mined,F.coal,1000000
7273,COM01034.00,2017,Clean coal,F.coal,900000
7274,COM01034.00,2017,Coal mined,F.coal,900000
7275,COM01034.00,2018,Clean coal,F.coal,1100000
7276,COM01034.00,2018,Coal mined,F.coal,1100000
7277,COM01034.00,2019,Clean coal,F.coal,1600000
7278,COM01034.00,2019,Coal mined,F.coal,1600000
7279,COM01034.00,2020,Clean coal,F.coal,1000000
7280,COM01034.00,2020,Coal mined,F.coal,1000000
7281,COM01036.00,2007,Clean coal,F.coal,36335000
7282,COM01036.00,2007,Coal mined,F.coal,36335000
7283,COM01036.00,2008,Clean coal,F.coal,37500000
7284,COM01036.00,2008,Coal mined,F.coal,37500000
7285,COM01036.00,2009,Clean coal,F.coal,40300000
7286,COM01036.00,2009,Coal mined,F.coal,40300000
7287,COM01036.00,2010,Clean coal,F.coal,40000000
7288,COM01036.00,2010,Coal mined,F.coal,39300000
7289,COM01036.00,2011,Clean coal,F.coal,40500000
7290,COM01036.00,2011,Coal mined,F.coal,40900000
7291,COM01036.00,2012,Clean coal,F.coal,41300000
7292,COM01036.00,2012,Coal mined,F.coal,44300000
7293,COM01036.00,2013,Clean coal,F.coal,53400000
7294,COM01036.00,2013,Coal mined,F.coal,49800000
7295,COM01036.00,2014,Clean coal,F.coal,52300000
7296,COM01036.00,2014,Coal mined,F.coal,52700000
7297,COM01036.00,2015,Clean coal,F.coal,55100000
7298,COM01036.00,2015,Coal mined,F.coal,56400000
7299,COM01036.00,2016,Clean coal,F.coal,58300000
7300,COM01036.00,2016,Coal mined,F.coal,57700000
7301,COM01036.00,2017,Clean coal,F.coal,57600000
7302,COM01036.00,2017,Coal mined,F.coal,57900000
7303,COM01036.00,2018,Clean coal,F.coal,55800000
7304,COM01036.00,2018,Coal mined,F.coal,56900000
7305,COM01036.00,2019,Clean coal,F.coal,61900000
7306,COM01036.00,2019,Coal mined,F.coal,60800000
7307,COM01037.00,2018,Clean coal,F.stc,400000
7308,COM01037.00,2018,Coal mined,F.stc,400000
7309,COM01038.00,2004,Clean coal,F.coal,1900000
7310,COM01038.00,2004,Coal mined,F.coal,1900000
7311,COM01038.00,2005,Clean coal,F.coal,1600000
7312,COM01038.00,2005,Coal mined,F.coal,1600000
7313,COM01038.00,2006,Clean coal,F.coal,1600000
7314,COM01038.00,2006,Coal mined,F.coal,1600000
7315,COM01038.00,2007,Clean coal,F.coal,0
7316,COM01038.00,2007,Coal mined,F.coal,0
7317,COM01038.00,2008,Clean coal,F.coal,0
7318,COM01038.00,2008,Coal mined,F.coal,0
7319,COM01038.00,2009,Clean coal,F.coal,700000
7320,COM01038.00,2009,Coal mined,F.coal,700000
7321,COM01038.00,2010,Clean coal,F.coal,1200000
7322,COM01038.00,2010,Coal mined,F.coal,1200000
7323,COM01038.00,2011,Clean coal,F.coal,1700000
7324,COM01038.00,2011,Coal mined,F.coal,1700000
7325,COM01038.00,2012,Clean coal,F.coal,3500000
7326,COM01038.00,2012,Coal mined,F.coal,3500000
7327,COM01038.00,2013,Clean coal,F.coal,3600000
7328,COM01038.00,2013,Coal mined,F.coal,3600000
7329,COM01038.00,2014,Clean coal,F.coal,3100000
7330,COM01038.00,2014,Coal mined,F.coal,3100000
7331,COM01038.00,2015,Clean coal,F.coal,3700000
7332,COM01038.00,2015,Coal mined,F.coal,3700000
7333,COM01038.00,2016,Clean coal,F.coal,800000
7334,COM01038.00,2016,Coal mined,F.coal,800000
7335,COM01038.00,2017,Clean coal,F.coal,1000000
7336,COM01038.00,2017,Coal mined,F.coal,1000000
7337,COM01038.00,2018,Clean coal,F.coal,1100000
7338,COM01038.00,2018,Coal mined,F.coal,1100000
7339,COM01038.00,2019,Clean coal,F.coal,1400000
7340,COM01038.00,2019,Coal mined,F.coal,1400000
7341,COM01038.00,2020,Clean coal,F.coal,1200000
7342,COM01038.00,2020,Coal mined,F.coal,1200000
7343,COM01039.00,2009,Clean coal,F.stc,4500000
7344,COM01039.00,2009,Coal mined,F.stc,4500000
7345,COM01039.00,2010,Clean coal,F.stc,5300000
7346,COM01039.00,2010,Coal mined,F.stc,5300000
7347,COM01039.00,2011,Clean coal,F.stc,8000000
7348,COM01039.00,2011,Coal mined,F.stc,8000000
7349,COM01039.00,2012,Clean coal,F.stc,9200000
7350,COM01039.00,2012,Coal mined,F.stc,9200000
7351,COM01039.00,2013,Clean coal,F.stc,9700000
7352,COM01039.00,2013,Coal mined,F.stc,9700000
7353,COM01039.00,2014,Clean coal,F.stc,6600000
7354,COM01039.00,2014,Coal mined,F.stc,6600000
7355,COM01039.00,2015,Clean coal,F.stc,3600000
7356,COM01039.00,2015,Coal mined,F.stc,3600000
7357,COM01039.00,2016,Clean coal,F.stc,3200000
7358,COM01039.00,2016,Coal mined,F.stc,3200000
7359,COM01039.00,2017,Clean coal,F.stc,4200000
7360,COM01039.00,2017,Coal mined,F.stc,4200000
7361,COM01039.00,2018,Clean coal,F.stc,3300000
7362,COM01039.00,2018,Coal mined,F.stc,3300000
7363,COM01039.00,2019,Clean coal,F.stc,2700000
7364,COM01039.00,2019,Coal mined,F.stc,2700000
7365,COM01040.00,2013,Clean coal,F.coal,1800000
7366,COM01040.00,2013,Coal mined,F.coal,1800000
7367,COM01040.00,2014,Clean coal,F.coal,2300000
7368,COM01040.00,2014,Coal mined,F.coal,2300000
7369,COM01040.00,2015,Clean coal,F.coal,4100000
7370,COM01040.00,2015,Coal mined,F.coal,4100000
7371,COM01040.00,2016,Clean coal,F.coal,3600000
7372,COM01040.00,2016,Coal mined,F.coal,3600000
7373,COM01040.00,2017,Clean coal,F.coal,3900000
7374,COM01040.00,2017,Coal mined,F.coal,3900000
7375,COM01040.00,2018,Clean coal,F.coal,3600000
7376,COM01040.00,2018,Coal mined,F.coal,3600000
7377,COM01040.00,2019,Clean coal,F.coal,4200000
7378,COM01040.00,2019,Coal mined,F.coal,4200000
7379,COM01040.00,2020,Clean coal,F.coal,4000000
7380,COM01040.00,2020,Coal mined,F.coal,4000000
7381,COM01041.00,2016,Clean coal,F.coal,100000
7382,COM01041.00,2016,Coal mined,F.coal,100000
7383,COM01041.00,2017,Clean coal,F.coal,500000
7384,COM01041.00,2017,Coal mined,F.coal,500000
7385,COM01041.00,2018,Clean coal,F.coal,1200000
7386,COM01041.00,2018,Coal mined,F.coal,1200000
7387,COM01041.00,2019,Clean coal,F.coal,1600000
7388,COM01041.00,2019,Coal mined,F.coal,1600000
7389,COM01041.00,2020,Clean coal,F.coal,1300000
7390,COM01041.00,2020,Coal mined,F.coal,1300000
7391,COM01042.00,2020,Clean coal,F.stc,1310000
7392,COM01042.00,2020,Coal mined,F.stc,1310000
7393,COM01043.00,2009,Clean coal,F.stc,1300000
7394,COM01043.00,2009,Coal mined,F.stc,1300000
7395,COM01043.00,2010,Clean coal,F.stc,2100000
7396,COM01043.00,2010,Coal mined,F.stc,2100000
7397,COM01043.00,2011,Clean coal,F.stc,1700000
7398,COM01043.00,2011,Coal mined,F.stc,1700000
7399,COM01043.00,2012,Clean coal,F.stc,2600000
7400,COM01043.00,2012,Coal mined,F.stc,2600000
7401,COM01043.00,2013,Clean coal,F.stc,1800000
7402,COM01043.00,2013,Coal mined,F.stc,1800000
7403,COM01043.00,2014,Clean coal,F.stc,400000
7404,COM01043.00,2014,Coal mined,F.stc,400000
7405,COM01043.00,2015,Clean coal,F.stc,0
7406,COM01043.00,2015,Coal mined,F.stc,0
7407,COM01043.00,2016,Clean coal,F.stc,0
7408,COM01043.00,2016,Coal mined,F.stc,0
7409,COM01043.00,2017,Clean coal,F.stc,0
7410,COM01043.00,2017,Coal mined,F.stc,0
7411,COM01043.00,2018,Clean coal,F.stc,500000
7412,COM01043.00,2018,Coal mined,F.stc,500000
7413,COM01043.00,2019,Clean coal,F.stc,1000000
7414,COM01043.00,2019,Coal mined,F.stc,1000000
7415,COM01045.00,2016,Clean coal,F.coal,101000
7416,COM01045.00,2016,Coal mined,F.coal,101000
7417,COM01045.00,2017,Clean coal,F.coal,147000
7418,COM01045.00,2017,Coal mined,F.coal,147000
7419,COM01045.00,2018,Clean coal,F.coal,489542
7420,COM01045.00,2018,Coal mined,F.coal,489542
7421,COM01045.00,2019,Clean coal,F.coal,742302
7422,COM01045.00,2019,Coal mined,F.coal,742302
7423,COM01046.00,2011,Clean coal,F.stc,39000
7424,COM01046.00,2011,Coal mined,F.stc,39000
7425,COM01046.00,2012,Clean coal,F.stc,300000
7426,COM01046.00,2012,Coal mined,F.stc,300000
7427,COM01046.00,2013,Clean coal,F.stc,900000
7428,COM01046.00,2013,Coal mined,F.stc,900000
7429,COM01046.00,2014,Clean coal,F.stc,1400000
7430,COM01046.00,2014,Coal mined,F.stc,1400000
7431,COM01046.00,2015,Clean coal,F.stc,1000000
7432,COM01046.00,2015,Coal mined,F.stc,1000000
7433,COM01046.00,2016,Clean coal,F.stc,963100
7434,COM01046.00,2016,Coal mined,F.stc,963100
7435,COM01046.00,2017,Clean coal,F.stc,1106900
7436,COM01046.00,2017,Coal mined,F.stc,1106900
7437,COM01046.00,2018,Clean coal,F.stc,1000000
7438,COM01046.00,2018,Coal mined,F.stc,1000000
7439,COM01046.00,2019,Clean coal,F.stc,1200000
7440,COM01046.00,2019,Coal mined,F.stc,1200000
7441,COM01047.00,2018,Clean coal,F.stc,50000
7442,COM01047.00,2018,Coal mined,F.stc,50000
7443,COM01047.00,2019,Clean coal,F.stc,70000
7444,COM01047.00,2019,Coal mined,F.stc,70000
7445,COM01047.00,2020,Clean coal,F.stc,0
7446,COM01047.00,2020,Coal mined,F.stc,0
7447,COM01048.00,2005,Clean coal,F.coal,1500000
7448,COM01048.00,2005,Coal mined,F.coal,1500000
7449,COM01048.00,2006,Clean coal,F.coal,4400000
7450,COM01048.00,2006,Coal mined,F.coal,4400000
7451,COM01048.00,2007,Clean coal,F.coal,3600000
7452,COM01048.00,2007,Coal mined,F.coal,3600000
7453,COM01048.00,2008,Clean coal,F.coal,4500000
7454,COM01048.00,2008,Coal mined,F.coal,4500000
7455,COM01048.00,2009,Clean coal,F.coal,5200000
7456,COM01048.00,2009,Coal mined,F.coal,5200000
7457,COM01048.00,2010,Clean coal,F.coal,5500000
7458,COM01048.00,2010,Coal mined,F.coal,5500000
7459,COM01048.00,2011,Clean coal,F.coal,7100000
7460,COM01048.00,2011,Coal mined,F.coal,7100000
7461,COM01048.00,2012,Clean coal,F.coal,7700000
7462,COM01048.00,2012,Coal mined,F.coal,7700000
7463,COM01048.00,2013,Clean coal,F.coal,7800000
7464,COM01048.00,2013,Coal mined,F.coal,7800000
7465,COM01048.00,2014,Clean coal,F.coal,7200000
7466,COM01048.00,2014,Coal mined,F.coal,7200000
7467,COM01048.00,2015,Clean coal,F.coal,7300000
7468,COM01048.00,2015,Coal mined,F.coal,7300000
7469,COM01048.00,2016,Clean coal,F.coal,5700000
7470,COM01048.00,2016,Coal mined,F.coal,5700000
7471,COM01048.00,2017,Clean coal,F.coal,4700000
7472,COM01048.00,2017,Coal mined,F.coal,4700000
7473,COM01048.00,2018,Clean coal,F.coal,4700000
7474,COM01048.00,2018,Coal mined,F.coal,4700000
7475,COM01048.00,2019,Clean coal,F.coal,4900000
7476,COM01048.00,2019,Coal mined,F.coal,4900000
7477,COM01048.00,2020,Clean coal,F.coal,4300000
7478,COM01048.00,2020,Coal mined,F.coal,4300000
7479,COM01049.00,2007,Clean coal,F.stc,3600000
7480,COM01049.00,2007,Coal mined,F.stc,3600000
7481,COM01049.00,2008,Clean coal,F.stc,3700000
7482,COM01049.00,2008,Coal mined,F.stc,3700000
7483,COM01049.00,2009,Clean coal,F.stc,2400000
7484,COM01049.00,2009,Coal mined,F.stc,2400000
7485,COM01049.00,2010,Clean coal,F.stc,3100000
7486,COM01049.00,2010,Coal mined,F.stc,3100000
7487,COM01049.00,2011,Clean coal,F.stc,4490000
7488,COM01049.00,2011,Coal mined,F.stc,4490000
7489,COM01049.00,2012,Clean coal,F.stc,5500000
7490,COM01049.00,2012,Coal mined,F.stc,5500000
7491,COM01049.00,2013,Clean coal,F.stc,4181000
7492,COM01049.00,2013,Coal mined,F.stc,4181000
7493,COM01049.00,2014,Clean coal,F.stc,5930000
7494,COM01049.00,2014,Coal mined,F.stc,5930000
7495,COM01049.00,2015,Clean coal,F.stc,4600000
7496,COM01049.00,2015,Coal mined,F.stc,4600000
7497,COM01049.00,2016,Clean coal,F.stc,3860000
7498,COM01049.00,2016,Coal mined,F.stc,3860000
7499,COM01049.00,2017,Clean coal,F.stc,5840000
7500,COM01049.00,2017,Coal mined,F.stc,5840000
7501,COM01049.00,2018,Clean coal,F.coc,807000
7502,COM01049.00,2018,Clean coal,F.stc,6193000
7503,COM01049.00,2018,Coal mined,F.coc,807000
7504,COM01049.00,2018,Coal mined,F.stc,6193000
7505,COM01049.00,2019,Clean coal,F.coc,1190000
7506,COM01049.00,2019,Clean coal,F.stc,7310000
7507,COM01049.00,2019,Coal mined,F.coc,1190000
7508,COM01049.00,2019,Coal mined,F.stc,7310000
7509,COM01049.00,2020,Clean coal,F.coc,1900000
7510,COM01049.00,2020,Clean coal,F.stc,7400000
7511,COM01049.00,2020,Coal mined,F.coc,1900000
7512,COM01049.00,2020,Coal mined,F.stc,7400000
7513,COM01064.00,2002,Clean coal,F.coc,7073000
7514,COM01064.00,2002,Coal mined,F.coc,7073000
7515,COM01064.00,2003,Clean coal,F.coc,8600000
7516,COM01064.00,2003,Coal mined,F.coc,8600000
7517,COM01064.00,2004,Clean coal,F.coc,9721000
7518,COM01064.00,2004,Coal mined,F.coc,9721000
7519,COM01064.00,2005,Clean coal,F.coc,9100000
7520,COM01064.00,2005,Coal mined,F.coc,9100000
7521,COM01064.00,2006,Clean coal,F.coc,9160000
7522,COM01064.00,2006,Coal mined,F.coc,9160000
7523,COM01064.00,2007,Clean coal,F.coc,13550000
7524,COM01064.00,2007,Coal mined,F.coc,13550000
7525,COM01064.00,2008,Clean coal,F.coc,9329000
7526,COM01064.00,2008,Coal mined,F.coc,9329000
7527,COM01064.00,2009,Clean coal,F.coc,10548000
7528,COM01064.00,2009,Coal mined,F.coc,10548000
7529,COM01064.00,2010,Clean coal,F.coc,7160000
7530,COM01064.00,2010,Coal mined,F.coc,7160000
7531,COM01064.00,2011,Clean coal,F.coc,6251000
7532,COM01064.00,2011,Coal mined,F.coc,6251000
7533,COM01064.00,2012,Clean coal,F.coc,7000000
7534,COM01064.00,2012,Coal mined,F.coc,7000000
7535,COM01064.00,2013,Clean coal,F.coc,7800000
7536,COM01064.00,2013,Coal mined,F.coc,7800000
7537,COM01064.00,2014,Clean coal,F.coc,10200000
7538,COM01064.00,2014,Coal mined,F.coc,10200000
7539,COM01064.00,2015,Clean coal,F.coc,10350000
7540,COM01064.00,2015,Coal mined,F.coc,10350000
7541,COM01064.00,2016,Clean coal,F.coc,10512000
7542,COM01064.00,2016,Coal mined,F.coc,10512000
7543,COM01064.00,2017,Clean coal,F.coc,11435000
7544,COM01064.00,2017,Coal mined,F.coc,11435000
7545,COM01064.00,2018,Clean coal,F.coc,12740000
7546,COM01064.00,2018,Coal mined,F.coc,12740000
7547,COM01064.00,2019,Clean coal,F.coc,12834000
7548,COM01064.00,2019,Coal mined,F.coc,12834000
7549,COM01064.00,2020,Clean coal,F.coc,9263000
7550,COM01064.00,2020,Coal mined,F.coc,9263000
7551,COM01065.00,2006,Clean coal,F.coal,223688
7552,COM01065.00,2006,Coal mined,F.coal,223688
7553,COM01065.00,2007,Clean coal,F.coal,551639
7554,COM01065.00,2007,Coal mined,F.coal,551639
7555,COM01065.00,2008,Clean coal,F.coal,602621
7556,COM01065.00,2008,Coal mined,F.coal,602621
7557,COM01065.00,2009,Clean coal,F.coal,660883
7558,COM01065.00,2009,Coal mined,F.coal,660883
7559,COM01065.00,2010,Clean coal,F.coal,678444
7560,COM01065.00,2010,Coal mined,F.coal,678444
7561,COM01068.00,2006,Clean coal,F.coal,4302000
7562,COM01068.00,2006,Coal mined,F.coal,4302000
7563,COM01068.00,2007,Clean coal,F.coal,4042000
7564,COM01068.00,2007,Coal mined,F.coal,4042000
7565,COM01068.00,2008,Clean coal,F.coal,5356000
7566,COM01068.00,2008,Coal mined,F.coal,5356000
7567,COM01068.00,2009,Clean coal,F.coal,6703000
7568,COM01068.00,2009,Coal mined,F.coal,6703000
7569,COM01068.00,2010,Clean coal,F.coal,6673000
7570,COM01068.00,2010,Coal mined,F.coal,6673000
7571,COM01068.00,2011,Clean coal,F.coal,5676000
7572,COM01068.00,2011,Coal mined,F.coal,5676000
7573,COM01068.00,2012,Clean coal,F.coal,6020000
7574,COM01068.00,2012,Coal mined,F.coal,6020000
7575,COM01068.00,2014,Clean coal,F.coal,9561000
7576,COM01068.00,2014,Coal mined,F.coal,9561000
7577,COM01068.00,2015,Clean coal,F.coal,6510000
7578,COM01068.00,2015,Coal mined,F.coal,6510000
7579,COM01068.00,2016,Clean coal,F.coal,7484797
7580,COM01068.00,2016,Coal mined,F.coal,7484797
7581,COM01068.00,2017,Clean coal,F.coal,7200000
7582,COM01068.00,2017,Coal mined,F.coal,7200000
7583,COM01068.00,2018,Clean coal,F.coal,9056000
7584,COM01068.00,2018,Coal mined,F.coal,9056000
7585,COM01068.00,2019,Clean coal,F.coal,14394000
7586,COM01068.00,2019,Coal mined,F.coal,14394000
7587,COM01070.00,2000,Clean coal,F.stc,0
7588,COM01070.00,2000,Coal mined,F.stc,0
7589,COM01070.00,2001,Clean coal,F.stc,0
7590,COM01070.00,2001,Coal mined,F.stc,0
7591,COM01070.00,2002,Clean coal,F.stc,3175200
7592,COM01070.00,2002,Coal mined,F.stc,3175200
7593,COM01070.00,2003,Clean coal,F.stc,3265920
7594,COM01070.00,2003,Coal mined,F.stc,3265920
7595,COM01070.00,2004,Clean coal,F.stc,6259680
7596,COM01070.00,2004,Coal mined,F.stc,6259680
7597,COM01070.00,2005,Clean coal,F.stc,11249280
7598,COM01070.00,2005,Coal mined,F.stc,11249280
7599,COM01070.00,2006,Clean coal,F.stc,15422400
7600,COM01070.00,2006,Coal mined,F.stc,15422400
7601,COM01070.00,2007,Clean coal,F.stc,15603840
7602,COM01070.00,2007,Coal mined,F.stc,15603840
7603,COM01070.00,2008,Clean coal,F.stc,16692480
7604,COM01070.00,2008,Coal mined,F.stc,16692480
7605,COM01070.00,2009,Clean coal,F.stc,14333760
7606,COM01070.00,2009,Coal mined,F.stc,14333760
7607,COM01070.00,2010,Clean coal,F.stc,10160640
7608,COM01070.00,2010,Coal mined,F.stc,10160640
7609,COM01070.00,2011,Clean coal,F.stc,13608000
7610,COM01070.00,2011,Coal mined,F.stc,13608000
7611,COM01070.00,2012,Clean coal,F.stc,13335840
7612,COM01070.00,2012,Coal mined,F.stc,13335840
7613,COM01070.00,2013,Clean coal,F.stc,12882240
7614,COM01070.00,2013,Coal mined,F.stc,12882240
7615,COM01070.00,2014,Clean coal,F.stc,13970880
7616,COM01070.00,2014,Coal mined,F.stc,13970880
7617,COM01070.00,2015,Clean coal,F.stc,13789440
7618,COM01070.00,2015,Coal mined,F.stc,13789440
7619,COM01070.00,2016,Clean coal,F.stc,7348320
7620,COM01070.00,2016,Coal mined,F.stc,7348320
7621,COM01070.00,2017,Clean coal,F.stc,9434880
7622,COM01070.00,2017,Coal mined,F.stc,9434880
7623,COM01070.00,2018,Clean coal,F.stc,8618400
7624,COM01070.00,2018,Coal mined,F.stc,8618400
7625,COM01070.00,2019,Clean coal,F.stc,9162720
7626,COM01070.00,2019,Coal mined,F.stc,9162720
7627,COM01073.00,2000,Clean coal,F.lig,0
7628,COM01073.00,2000,Coal mined,F.lig,0
7629,COM01073.00,2001,Clean coal,F.lig,453600
7630,COM01073.00,2001,Coal mined,F.lig,453600
7631,COM01073.00,2002,Clean coal,F.lig,2630880
7632,COM01073.00,2002,Coal mined,F.lig,2630880
7633,COM01073.00,2003,Clean coal,F.lig,3356640
7634,COM01073.00,2003,Coal mined,F.lig,3356640
7635,COM01073.00,2004,Clean coal,F.lig,3265920
7636,COM01073.00,2004,Coal mined,F.lig,3265920
7637,COM01073.00,2005,Clean coal,F.lig,3265920
7638,COM01073.00,2005,Coal mined,F.lig,3265920
7639,COM01073.00,2006,Clean coal,F.lig,3265920
7640,COM01073.00,2006,Coal mined,F.lig,3265920
7641,COM01073.00,2007,Clean coal,F.lig,3084480
7642,COM01073.00,2007,Coal mined,F.lig,3084480
7643,COM01073.00,2008,Clean coal,F.lig,2721600
7644,COM01073.00,2008,Coal mined,F.lig,2721600
7645,COM01073.00,2009,Clean coal,F.lig,3356640
7646,COM01073.00,2009,Coal mined,F.lig,3356640
7647,COM01073.00,2010,Clean coal,F.lig,3265920
7648,COM01073.00,2010,Coal mined,F.lig,3265920
7649,COM01073.00,2011,Clean coal,F.lig,2449440
7650,COM01073.00,2011,Coal mined,F.lig,2449440
7651,COM01073.00,2012,Clean coal,F.lig,2812320
7652,COM01073.00,2012,Coal mined,F.lig,2812320
7653,COM01073.00,2013,Clean coal,F.lig,2903040
7654,COM01073.00,2013,Coal mined,F.lig,2903040
7655,COM01073.00,2014,Clean coal,F.lig,2358720
7656,COM01073.00,2014,Coal mined,F.lig,2358720
7657,COM01073.00,2015,Clean coal,F.lig,2903040
7658,COM01073.00,2015,Coal mined,F.lig,2903040
7659,COM01073.00,2016,Clean coal,F.lig,2721600
7660,COM01073.00,2016,Coal mined,F.lig,2721600
7661,COM01073.00,2017,Clean coal,F.lig,2177280
7662,COM01073.00,2017,Coal mined,F.lig,2177280
7663,COM01073.00,2018,Clean coal,F.lig,2721600
7664,COM01073.00,2018,Coal mined,F.lig,2721600
7665,COM01073.00,2019,Clean coal,F.lig,2358720
7666,COM01073.00,2019,Coal mined,F.lig,2358720
7667,COM01075.00,2000,Clean coal,F.lig,725760
7668,COM01075.00,2000,Coal mined,F.lig,725760
7669,COM01075.00,2001,Clean coal,F.lig,816480
7670,COM01075.00,2001,Coal mined,F.lig,816480
7671,COM01075.00,2002,Clean coal,F.lig,544320
7672,COM01075.00,2002,Coal mined,F.lig,544320
7673,COM01075.00,2003,Clean coal,F.lig,544320
7674,COM01075.00,2003,Coal mined,F.lig,544320
7675,COM01075.00,2004,Clean coal,F.lig,544320
7676,COM01075.00,2004,Coal mined,F.lig,544320
7677,COM01075.00,2005,Clean coal,F.lig,544320
7678,COM01075.00,2005,Coal mined,F.lig,544320
7679,COM01075.00,2006,Clean coal,F.lig,725760
7680,COM01075.00,2006,Coal mined,F.lig,725760
7681,COM01075.00,2007,Clean coal,F.lig,453600
7682,COM01075.00,2007,Coal mined,F.lig,453600
7683,COM01079.00,2009,Clean coal,F.stc,181440
7684,COM01079.00,2009,Coal mined,F.stc,181440
7685,COM01080.00,2000,Clean coal,F.coal,3084480
7686,COM01080.00,2000,Coal mined,F.coal,3084480
7687,COM01080.00,2001,Clean coal,F.coal,1814400
7688,COM01080.00,2001,Coal mined,F.coal,1814400
7689,COM01080.00,2002,Clean coal,F.coal,1542240
7690,COM01080.00,2002,Coal mined,F.coal,1542240
7691,COM01082.00,2002,Clean coal,F.stc,2880000
7692,COM01082.00,2002,Coal mined,F.stc,2880000
7693,COM01087.00,2000,Clean coal,F.stc,362880
7694,COM01087.00,2000,Coal mined,F.stc,362880
7695,COM01087.00,2001,Clean coal,F.stc,907200
7696,COM01087.00,2001,Coal mined,F.stc,907200
7697,COM01087.00,2002,Clean coal,F.stc,1723680
7698,COM01087.00,2002,Coal mined,F.stc,1723680
7699,COM01087.00,2003,Clean coal,F.stc,1632960
7700,COM01087.00,2003,Coal mined,F.stc,1632960
7701,COM01087.00,2004,Clean coal,F.stc,2086560
7702,COM01087.00,2004,Coal mined,F.stc,2086560
7703,COM01087.00,2005,Clean coal,F.stc,2086560
7704,COM01087.00,2005,Coal mined,F.stc,2086560
7705,COM01087.00,2006,Clean coal,F.stc,1542240
7706,COM01087.00,2006,Coal mined,F.stc,1542240
7707,COM01087.00,2007,Clean coal,F.stc,1270080
7708,COM01087.00,2007,Coal mined,F.stc,1270080
7709,COM01088.00,2009,Clean coal,F.coal,453600
7710,COM01088.00,2009,Coal mined,F.coal,453600
7711,COM01088.00,2010,Clean coal,F.coal,5352480
7712,COM01088.00,2010,Coal mined,F.coal,5352480
7713,COM01088.00,2011,Clean coal,F.coal,6894720
7714,COM01088.00,2011,Coal mined,F.coal,6894720
7715,COM01088.00,2012,Clean coal,F.coal,7801920
7716,COM01088.00,2012,Coal mined,F.coal,7801920
7717,COM01088.00,2013,Clean coal,F.coal,8436960
7718,COM01088.00,2013,Coal mined,F.coal,8436960
7719,COM01088.00,2014,Clean coal,F.coal,8436960
7720,COM01088.00,2014,Coal mined,F.coal,8436960
7721,COM01088.00,2015,Clean coal,F.coal,8255520
7722,COM01088.00,2015,Coal mined,F.coal,8255520
7723,COM01088.00,2016,Clean coal,F.coal,7801920
7724,COM01088.00,2016,Coal mined,F.coal,7801920
7725,COM01088.00,2017,Clean coal,F.coal,8164800
7726,COM01088.00,2017,Coal mined,F.coal,8164800
7727,COM01088.00,2018,Clean coal,F.coal,8890560
7728,COM01088.00,2018,Coal mined,F.coal,8890560
7729,COM01088.00,2019,Clean coal,F.coal,10251360
7730,COM01088.00,2019,Coal mined,F.coal,10251360
7731,COM01092.00,2000,Clean coal,F.coal,5533920
7732,COM01092.00,2000,Coal mined,F.coal,5533920
7733,COM01092.00,2001,Clean coal,F.coal,5987520
7734,COM01092.00,2001,Coal mined,F.coal,5987520
7735,COM01092.00,2002,Clean coal,F.coal,4263840
7736,COM01092.00,2002,Coal mined,F.coal,4263840
7737,COM01092.00,2003,Clean coal,F.coal,5171040
7738,COM01092.00,2003,Coal mined,F.coal,5171040
7739,COM01092.00,2004,Clean coal,F.coal,5715360
7740,COM01092.00,2004,Coal mined,F.coal,5715360
7741,COM01092.00,2005,Clean coal,F.coal,5533920
7742,COM01092.00,2005,Coal mined,F.coal,5533920
7743,COM01092.00,2006,Clean coal,F.coal,5171040
7744,COM01092.00,2006,Coal mined,F.coal,5171040
7745,COM01092.00,2007,Clean coal,F.coal,5896800
7746,COM01092.00,2007,Coal mined,F.coal,5896800
7747,COM01092.00,2008,Clean coal,F.coal,5080320
7748,COM01092.00,2008,Coal mined,F.coal,5080320
7749,COM01092.00,2009,Clean coal,F.coal,5080320
7750,COM01092.00,2009,Coal mined,F.coal,5080320
7751,COM01092.00,2010,Clean coal,F.stc,4989600
7752,COM01092.00,2010,Coal mined,F.stc,4989600
7753,COM01092.00,2011,Clean coal,F.coc,362880
7754,COM01092.00,2011,Clean coal,F.stc,5080320
7755,COM01092.00,2011,Coal mined,F.coc,362880
7756,COM01092.00,2011,Coal mined,F.stc,5080320
7757,COM01092.00,2012,Clean coal,F.stc,4536000
7758,COM01092.00,2012,Coal mined,F.stc,4536000
7759,COM01094.00,2000,Clean coal,F.coal,5896800
7760,COM01094.00,2000,Coal mined,F.coal,5896800
7761,COM01094.00,2001,Clean coal,F.coal,6441120
7762,COM01094.00,2001,Coal mined,F.coal,6441120
7763,COM01094.00,2002,Clean coal,F.coal,5987520
7764,COM01094.00,2002,Coal mined,F.coal,5987520
7765,COM01094.00,2003,Clean coal,F.coal,4989600
7766,COM01094.00,2003,Coal mined,F.coal,4989600
7767,COM01094.00,2004,Clean coal,F.coal,4536000
7768,COM01094.00,2004,Coal mined,F.coal,4536000
7769,COM01094.00,2005,Clean coal,F.coal,4173120
7770,COM01094.00,2005,Coal mined,F.coal,4173120
7771,COM01094.00,2006,Clean coal,F.coal,3447360
7772,COM01094.00,2006,Coal mined,F.coal,3447360
7773,COM01094.00,2007,Clean coal,F.coal,2812320
7774,COM01094.00,2007,Coal mined,F.coal,2812320
7775,COM01094.00,2008,Clean coal,F.coal,2358720
7776,COM01094.00,2008,Coal mined,F.coal,2358720
7777,COM01094.00,2009,Clean coal,F.coal,1360800
7778,COM01094.00,2009,Coal mined,F.coal,1360800
7779,COM01094.00,2010,Clean coal,F.coc,362880
7780,COM01094.00,2010,Coal mined,F.coc,362880
7781,COM01094.00,2011,Clean coal,F.coc,997920
7782,COM01094.00,2011,Coal mined,F.coc,997920
7783,COM01094.00,2012,Clean coal,F.coc,725760
7784,COM01094.00,2012,Coal mined,F.coc,725760
7785,COM01095.00,2006,Clean coal,F.stc,4901000
7786,COM01095.00,2006,Coal mined,F.stc,4901000
7787,COM01095.00,2007,Clean coal,F.stc,6773000
7788,COM01095.00,2007,Coal mined,F.stc,6773000
7789,COM01095.00,2008,Clean coal,F.stc,7235000
7790,COM01095.00,2008,Coal mined,F.stc,7235000
7791,COM01095.00,2009,Clean coal,F.stc,7263000
7792,COM01095.00,2009,Coal mined,F.stc,7263000
7793,COM01095.00,2010,Clean coal,F.stc,5776000
7794,COM01095.00,2010,Coal mined,F.stc,5776000
7795,COM01095.00,2011,Clean coal,F.stc,7502000
7796,COM01095.00,2011,Coal mined,F.stc,7502000
7797,COM01095.00,2012,Clean coal,F.stc,8892000
7798,COM01095.00,2012,Coal mined,F.stc,8892000
7799,COM01095.00,2014,Clean coal,F.stc,11200000
7800,COM01095.00,2014,Coal mined,F.stc,11200000
7801,COM01095.00,2015,Clean coal,F.stc,11151000
7802,COM01095.00,2015,Coal mined,F.stc,11151000
7803,COM01095.00,2016,Clean coal,F.stc,13310733
7804,COM01095.00,2016,Coal mined,F.stc,13310733
7805,COM01095.00,2017,Clean coal,F.stc,14417000
7806,COM01095.00,2017,Coal mined,F.stc,14417000
7807,COM01095.00,2018,Clean coal,F.stc,15177000
7808,COM01095.00,2018,Coal mined,F.stc,15177000
7809,COM01095.00,2019,Clean coal,F.stc,15725000
7810,COM01095.00,2019,Coal mined,F.stc,15725000
7811,COM01111.00,2009,Clean coal,F.stc,3315500
7812,COM01111.00,2009,Coal mined,F.stc,3315500
7813,COM01111.00,2010,Clean coal,F.stc,2783900
7814,COM01111.00,2010,Coal mined,F.stc,2783900
7815,COM01111.00,2011,Clean coal,F.stc,3000000
7816,COM01111.00,2011,Coal mined,F.stc,3000000
7817,COM01111.00,2012,Clean coal,F.stc,3906000
7818,COM01111.00,2012,Coal mined,F.stc,3906000
7819,COM01111.00,2013,Clean coal,F.stc,3639000
7820,COM01111.00,2013,Coal mined,F.stc,3639000
7821,COM01111.00,2014,Clean coal,F.stc,3743000
7822,COM01111.00,2014,Coal mined,F.stc,3743000
7823,COM01111.00,2015,Clean coal,F.stc,4230000
7824,COM01111.00,2015,Coal mined,F.stc,4230000
7825,COM01115.00,2009,Clean coal,F.coal,1900000
7826,COM01115.00,2009,Coal mined,F.coal,1900000
7827,COM01115.00,2010,Clean coal,F.coal,2800000
7828,COM01115.00,2010,Coal mined,F.coal,2800000
7829,COM01115.00,2011,Clean coal,F.coal,4000000
7830,COM01115.00,2011,Coal mined,F.coal,4000000
7831,COM01115.00,2012,Clean coal,F.coal,4900000
7832,COM01115.00,2012,Coal mined,F.coal,4900000
7833,COM01115.00,2013,Clean coal,F.coal,5100000
7834,COM01115.00,2013,Coal mined,F.coal,5100000
7835,COM01115.00,2014,Clean coal,F.coal,5000000
7836,COM01115.00,2014,Coal mined,F.coal,5000000
7837,COM01115.00,2015,Clean coal,F.coal,9300000
7838,COM01115.00,2015,Coal mined,F.coal,9300000
7839,COM01115.00,2016,Clean coal,F.coal,2700000
7840,COM01115.00,2016,Coal mined,F.coal,2700000
7841,COM01115.00,2017,Clean coal,F.coal,2500000
7842,COM01115.00,2017,Coal mined,F.coal,2500000
7843,COM01115.00,2018,Clean coal,F.coal,3700000
7844,COM01115.00,2018,Coal mined,F.coal,3700000
7845,COM01115.00,2019,Clean coal,F.coal,4400000
7846,COM01115.00,2019,Coal mined,F.coal,4400000
7847,COM01121.00,2001,Clean coal,F.sbc,7254000
7848,COM01121.00,2001,Coal mined,F.sbc,7254000
7849,COM01121.00,2002,Clean coal,F.sbc,6038000
7850,COM01121.00,2002,Coal mined,F.sbc,6038000
7851,COM01121.00,2003,Clean coal,F.sbc,6113000
7852,COM01121.00,2003,Coal mined,F.sbc,6113000
7853,COM01121.00,2004,Clean coal,F.sbc,6014000
7854,COM01121.00,2004,Coal mined,F.sbc,6014000
7855,COM01121.00,2005,Clean coal,F.sbc,6682000
7856,COM01121.00,2005,Coal mined,F.sbc,6682000
7857,COM01121.00,2006,Clean coal,F.sbc,7080000
7858,COM01121.00,2006,Coal mined,F.sbc,7080000
7859,COM01121.00,2007,Clean coal,F.sbc,6906000
7860,COM01121.00,2007,Coal mined,F.sbc,6906000
7861,COM01121.00,2008,Clean coal,F.sbc,6119000
7862,COM01121.00,2008,Coal mined,F.sbc,6119000
7863,COM01121.00,2009,Clean coal,F.sbc,5773000
7864,COM01121.00,2009,Coal mined,F.sbc,5773000
7865,COM01121.00,2010,Clean coal,F.sbc,6013000
7866,COM01121.00,2010,Coal mined,F.sbc,6013000
7867,COM01121.00,2011,Clean coal,F.sbc,4140000
7868,COM01121.00,2011,Coal mined,F.sbc,4140000
7869,COM01121.00,2012,Clean coal,F.sbc,2408000
7870,COM01121.00,2012,Coal mined,F.sbc,2408000
7871,COM01121.00,2013,Clean coal,F.sbc,6694000
7872,COM01121.00,2013,Coal mined,F.sbc,6694000
7873,COM01121.00,2014,Clean coal,F.sbc,5685000
7874,COM01121.00,2014,Coal mined,F.sbc,5685000
7875,COM01121.00,2015,Clean coal,F.sbc,5165000
7876,COM01121.00,2015,Coal mined,F.sbc,5165000
7877,COM01121.00,2016,Clean coal,F.sbc,3541709
7878,COM01121.00,2016,Coal mined,F.sbc,3541709
7879,COM01121.00,2017,Clean coal,F.sbc,4832654
7880,COM01121.00,2017,Coal mined,F.sbc,4832654
7881,COM01127.00,2000,Clean coal,F.lig,3084480
7882,COM01127.00,2000,Coal mined,F.lig,3084480
7883,COM01127.00,2001,Clean coal,F.lig,3084480
7884,COM01127.00,2001,Coal mined,F.lig,3084480
7885,COM01127.00,2002,Clean coal,F.lig,2993760
7886,COM01127.00,2002,Coal mined,F.lig,2993760
7887,COM01127.00,2003,Clean coal,F.lig,2812320
7888,COM01127.00,2003,Coal mined,F.lig,2812320
7889,COM01127.00,2004,Clean coal,F.lig,2812320
7890,COM01127.00,2004,Coal mined,F.lig,2812320
7891,COM01127.00,2005,Clean coal,F.lig,2993760
7892,COM01127.00,2005,Coal mined,F.lig,2993760
7893,COM01127.00,2006,Clean coal,F.lig,3265920
7894,COM01127.00,2006,Coal mined,F.lig,3265920
7895,COM01127.00,2007,Clean coal,F.lig,2630880
7896,COM01127.00,2007,Coal mined,F.lig,2630880
7897,COM01127.00,2008,Clean coal,F.lig,2812320
7898,COM01127.00,2008,Coal mined,F.lig,2812320
7899,COM01127.00,2009,Clean coal,F.lig,2903040
7900,COM01127.00,2009,Coal mined,F.lig,2903040
7901,COM01134.00,2000,Clean coal,F.coc,4638000
7902,COM01134.00,2000,Coal mined,F.coc,4638000
7903,COM01134.00,2001,Clean coal,F.coc,4148000
7904,COM01134.00,2001,Coal mined,F.coc,4148000
7905,COM01134.00,2002,Clean coal,F.coc,5094000
7906,COM01134.00,2002,Coal mined,F.coc,5094000
7907,COM01134.00,2003,Clean coal,F.coc,4642000
7908,COM01134.00,2003,Coal mined,F.coc,4642000
7909,COM01134.00,2004,Clean coal,F.coc,5822000
7910,COM01134.00,2004,Coal mined,F.coc,5822000
7911,COM01134.00,2005,Clean coal,F.coc,6502000
7912,COM01134.00,2005,Coal mined,F.coc,6502000
7913,COM01134.00,2006,Clean coal,F.coc,5268000
7914,COM01134.00,2006,Coal mined,F.coc,5268000
7915,COM01134.00,2007,Clean coal,F.coc,6794000
7916,COM01134.00,2007,Coal mined,F.coc,6794000
7917,COM01134.00,2008,Clean coal,F.coc,5792000
7918,COM01134.00,2008,Coal mined,F.coc,5792000
7919,COM01134.00,2009,Clean coal,F.coc,7010000
7920,COM01134.00,2009,Coal mined,F.coc,7010000
7921,COM01134.00,2010,Clean coal,F.coc,6804000
7922,COM01134.00,2010,Coal mined,F.coc,6804000
7923,COM01134.00,2011,Clean coal,F.coc,5558000
7924,COM01134.00,2011,Coal mined,F.coc,5558000
7925,COM01134.00,2012,Clean coal,F.coc,6106000
7926,COM01134.00,2012,Coal mined,F.coc,6106000
7927,COM01134.00,2013,Clean coal,F.coc,6898000
7928,COM01134.00,2013,Coal mined,F.coc,6898000
7929,COM01134.00,2014,Clean coal,F.coc,9116000
7930,COM01134.00,2014,Coal mined,F.coc,9116000
7931,COM01134.00,2015,Clean coal,F.coc,9012000
7932,COM01134.00,2015,Coal mined,F.coc,9012000
7933,COM01134.00,2016,Clean coal,F.coc,8412000
7934,COM01134.00,2016,Coal mined,F.coc,8412000
7935,COM01134.00,2017,Clean coal,F.coc,9468000
7936,COM01134.00,2017,Coal mined,F.coc,9468000
7937,COM01134.00,2018,Clean coal,F.coc,10106000
7938,COM01134.00,2018,Coal mined,F.coc,10106000
7939,COM01134.00,2019,Clean coal,F.coc,9784000
7940,COM01134.00,2019,Coal mined,F.coc,9784000
7941,COM01135.00,2014,Clean coal,F.obc,7300000
7942,COM01135.00,2014,Coal mined,F.obc,7700000
7943,COM01135.00,2015,Clean coal,F.obc,2000000
7944,COM01135.00,2015,Coal mined,F.obc,1500000
7945,COM01135.00,2016,Clean coal,F.obc,5900000
7946,COM01135.00,2016,Coal mined,F.obc,5900000
7947,COM01135.00,2017,Clean coal,F.obc,5500000
7948,COM01135.00,2017,Coal mined,F.obc,5500000
7949,COM01135.00,2018,Clean coal,F.obc,5400000
7950,COM01135.00,2018,Coal mined,F.obc,5500000
7951,COM01135.00,2019,Clean coal,F.obc,4000000
7952,COM01135.00,2019,Coal mined,F.obc,4000000
7953,COM01136.00,2003,Clean coal,F.coal,5900000
7954,COM01136.00,2003,Coal mined,F.coal,5900000
7955,COM01136.00,2004,Clean coal,F.coal,6230000
7956,COM01136.00,2004,Coal mined,F.coal,6230000
7957,COM01136.00,2005,Clean coal,F.coal,2600000
7958,COM01136.00,2005,Coal mined,F.coal,2600000
7959,COM01136.00,2006,Clean coal,F.coal,1600000
7960,COM01136.00,2006,Coal mined,F.coal,1600000
7961,COM01136.00,2007,Clean coal,F.coal,1400000
7962,COM01136.00,2007,Coal mined,F.coal,1400000
7963,COM01136.00,2008,Clean coal,F.coal,1700000
7964,COM01136.00,2008,Coal mined,F.coal,1700000
7965,COM01136.00,2009,Clean coal,F.coal,1800000
7966,COM01136.00,2009,Coal mined,F.coal,1800000
7967,COM01136.00,2010,Clean coal,F.coal,2000000
7968,COM01136.00,2010,Coal mined,F.coal,2000000
7969,COM01136.00,2011,Clean coal,F.coal,1900000
7970,COM01136.00,2011,Coal mined,F.coal,1900000
7971,COM01136.00,2012,Clean coal,F.coal,1900000
7972,COM01136.00,2012,Coal mined,F.coal,1900000
7973,COM01136.00,2013,Clean coal,F.coal,1700000
7974,COM01136.00,2013,Coal mined,F.coal,1700000
7975,COM01136.00,2014,Clean coal,F.coal,1700000
7976,COM01136.00,2014,Coal mined,F.coal,1700000
7977,COM01136.00,2015,Clean coal,F.coal,1900000
7978,COM01136.00,2015,Coal mined,F.coal,1900000
7979,COM01136.00,2016,Clean coal,F.coal,1800000
7980,COM01136.00,2016,Coal mined,F.coal,1800000
7981,COM01136.00,2017,Clean coal,F.coal,1200000
7982,COM01136.00,2017,Coal mined,F.coal,1200000
7983,COM01136.00,2018,Clean coal,F.coal,1400000
7984,COM01136.00,2018,Coal mined,F.coal,1400000
7985,COM01136.00,2019,Clean coal,F.coal,1400000
7986,COM01136.00,2019,Coal mined,F.coal,1400000
7987,COM01136.00,2020,Clean coal,F.coal,1200000
7988,COM01136.00,2020,Coal mined,F.coal,1200000
7989,COM01137.00,2007,Clean coal,F.obc,5400000
7990,COM01137.00,2007,Coal mined,F.obc,5400000
7991,COM01137.00,2008,Clean coal,F.obc,3900000
7992,COM01137.00,2008,Coal mined,F.obc,3900000
7993,COM01137.00,2009,Clean coal,F.obc,5000000
7994,COM01137.00,2009,Coal mined,F.obc,5000000
7995,COM01137.00,2010,Clean coal,F.obc,4200000
7996,COM01137.00,2010,Coal mined,F.obc,3600000
7997,COM01137.00,2011,Clean coal,F.obc,4300000
7998,COM01137.00,2011,Coal mined,F.obc,4300000
7999,COM01137.00,2012,Clean coal,F.obc,4900000
8000,COM01137.00,2012,Coal mined,F.obc,5100000
8001,COM01137.00,2013,Clean coal,F.obc,1700000
8002,COM01137.00,2013,Coal mined,F.obc,1500000
8003,COM01137.00,2014,Clean coal,F.obc,100000
8004,COM01137.00,2014,Coal mined,F.obc,0
8005,COM01137.00,2015,Clean coal,F.obc,300000
8006,COM01137.00,2015,Coal mined,F.obc,300000
8007,COM01137.00,2016,Clean coal,F.obc,1700000
8008,COM01137.00,2016,Coal mined,F.obc,1700000
8009,COM01137.00,2017,Clean coal,F.obc,2900000
8010,COM01137.00,2017,Coal mined,F.obc,2800000
8011,COM01137.00,2018,Clean coal,F.obc,2800000
8012,COM01137.00,2018,Coal mined,F.obc,2900000
8013,COM01137.00,2019,Clean coal,F.obc,2800000
8014,COM01137.00,2019,Coal mined,F.obc,2700000
8015,COM01139.00,2001,Clean coal,F.lig,313891
8016,COM01139.00,2001,Coal mined,F.lig,313891
8017,COM01139.00,2002,Clean coal,F.lig,305726
8018,COM01139.00,2002,Coal mined,F.lig,305726
8019,COM01139.00,2003,Clean coal,F.lig,343829
8020,COM01139.00,2003,Coal mined,F.lig,343829
8021,COM01139.00,2004,Clean coal,F.lig,340200
8022,COM01139.00,2004,Coal mined,F.lig,340200
8023,COM01139.00,2005,Clean coal,F.lig,299376
8024,COM01139.00,2005,Coal mined,F.lig,299376
8025,COM01139.00,2006,Clean coal,F.lig,343829
8026,COM01139.00,2006,Coal mined,F.lig,343829
8027,COM01139.00,2007,Clean coal,F.lig,325685
8028,COM01139.00,2007,Coal mined,F.lig,325685
8029,COM01139.00,2008,Clean coal,F.lig,325685
8030,COM01139.00,2008,Coal mined,F.lig,325685
8031,COM01139.00,2009,Clean coal,F.lig,311170
8032,COM01139.00,2009,Coal mined,F.lig,311170
8033,COM01139.00,2010,Clean coal,F.lig,319334
8034,COM01139.00,2010,Coal mined,F.lig,319334
8035,COM01139.00,2011,Clean coal,F.lig,322056
8036,COM01139.00,2011,Coal mined,F.lig,322056
8037,COM01139.00,2012,Clean coal,F.lig,272160
8038,COM01139.00,2012,Coal mined,F.lig,272160
8039,COM01139.00,2013,Clean coal,F.lig,321149
8040,COM01139.00,2013,Coal mined,F.lig,321149
8041,COM01139.00,2014,Clean coal,F.lig,303005
8042,COM01139.00,2014,Coal mined,F.lig,303005
8043,COM01139.00,2015,Clean coal,F.lig,244944
8044,COM01139.00,2015,Coal mined,F.lig,244944
8045,COM01139.00,2016,Clean coal,F.lig,280325
8046,COM01139.00,2016,Coal mined,F.lig,280325
8047,COM01139.00,2017,Clean coal,F.lig,247666
8048,COM01139.00,2017,Coal mined,F.lig,247666
8049,COM01145.00,2013,Clean coal,F.coal,2177280
8050,COM01145.00,2013,Coal mined,F.coal,2177280
8051,COM01145.00,2014,Clean coal,F.coal,2177280
8052,COM01145.00,2014,Coal mined,F.coal,2177280
8053,COM01145.00,2015,Clean coal,F.coal,1632960
8054,COM01145.00,2015,Coal mined,F.coal,1632960
8055,COM01147.00,2018,Clean coal,F.coal,4046100
8056,COM01147.00,2018,Coal mined,F.coal,4583200
8057,COM01147.00,2019,Clean coal,F.coal,3961800
8058,COM01147.00,2019,Coal mined,F.coal,4504000
8059,COM01147.00,2020,Clean coal,F.coal,3321700
8060,COM01147.00,2020,Coal mined,F.coal,4065900
8061,COM01148.00,2007,Clean coal,F.obc,3900000
8062,COM01148.00,2007,Coal mined,F.obc,3900000
8063,COM01148.00,2008,Clean coal,F.obc,3700000
8064,COM01148.00,2008,Coal mined,F.obc,3700000
8065,COM01148.00,2009,Clean coal,F.obc,4400000
8066,COM01148.00,2009,Coal mined,F.obc,4400000
8067,COM01148.00,2010,Clean coal,F.obc,4600000
8068,COM01148.00,2010,Coal mined,F.obc,3400000
8069,COM01148.00,2011,Clean coal,F.obc,3500000
8070,COM01148.00,2011,Coal mined,F.obc,4800000
8071,COM01148.00,2012,Clean coal,F.obc,4000000
8072,COM01148.00,2012,Coal mined,F.obc,5200000
8073,COM01148.00,2013,Clean coal,F.obc,1000000
8074,COM01148.00,2013,Coal mined,F.obc,1900000
8075,COM01148.00,2014,Clean coal,F.obc,0
8076,COM01148.00,2014,Coal mined,F.obc,0
8077,COM01148.00,2015,Clean coal,F.obc,0
8078,COM01148.00,2015,Coal mined,F.obc,0
8079,COM01148.00,2016,Clean coal,F.obc,0
8080,COM01148.00,2016,Coal mined,F.obc,0
8081,COM01148.00,2018,Clean coal,F.obc,1100000
8082,COM01148.00,2018,Coal mined,F.obc,1400000
8083,COM01148.00,2019,Clean coal,F.obc,1500000
8084,COM01148.00,2019,Coal mined,F.obc,1800000
8085,COM01149.00,2000,Clean coal,F.stc,1270080
8086,COM01149.00,2000,Coal mined,F.stc,1270080
8087,COM01149.00,2001,Clean coal,F.stc,1360800
8088,COM01149.00,2001,Coal mined,F.stc,1360800
8089,COM01149.00,2002,Clean coal,F.stc,1632960
8090,COM01149.00,2002,Coal mined,F.stc,1632960
8091,COM01149.00,2003,Clean coal,F.stc,1360800
8092,COM01149.00,2003,Coal mined,F.stc,1360800
8093,COM01149.00,2004,Clean coal,F.stc,1360800
8094,COM01149.00,2004,Coal mined,F.stc,1360800
8095,COM01149.00,2005,Clean coal,F.stc,997920
8096,COM01149.00,2005,Coal mined,F.stc,997920
8097,COM01160.00,2012,Clean coal,F.coal,23890000
8098,COM01160.00,2012,Coal mined,F.coal,23890000
8099,COM01160.00,2013,Clean coal,F.coal,28330000
8100,COM01160.00,2013,Coal mined,F.coal,28330000
8101,COM01160.00,2014,Clean coal,F.coal,27110000
8102,COM01160.00,2014,Coal mined,F.coal,27110000
8103,COM01160.00,2015,Clean coal,F.coal,31090000
8104,COM01160.00,2015,Coal mined,F.coal,31090000
8105,COM01160.00,2016,Clean coal,F.coal,28580000
8106,COM01160.00,2016,Coal mined,F.coal,28580000
8107,COM01160.00,2017,Clean coal,F.coal,35480000
8108,COM01160.00,2017,Coal mined,F.coal,35480000
8109,COM01160.00,2018,Clean coal,F.coal,37970000
8110,COM01160.00,2018,Coal mined,F.coal,37970000
8111,COM01160.00,2019,Clean coal,F.coal,38357100
8112,COM01160.00,2019,Coal mined,F.coal,38357100
8113,COM01160.00,2020,Clean coal,F.coal,37581500
8114,COM01160.00,2020,Coal mined,F.coal,37581500
8115,COM01161.00,2012,Clean coal,F.coal,46240000
8116,COM01161.00,2012,Coal mined,F.coal,46240000
8117,COM01161.00,2013,Clean coal,F.coal,48450000
8118,COM01161.00,2013,Coal mined,F.coal,48450000
8119,COM01161.00,2014,Clean coal,F.coal,52410000
8120,COM01161.00,2014,Coal mined,F.coal,52410000
8121,COM01161.00,2015,Clean coal,F.coal,58450000
8122,COM01161.00,2015,Coal mined,F.coal,58450000
8123,COM01161.00,2016,Clean coal,F.coal,52340000
8124,COM01161.00,2016,Coal mined,F.coal,52340000
8125,COM01161.00,2017,Clean coal,F.coal,56850000
8126,COM01161.00,2017,Coal mined,F.coal,56850000
8127,COM01161.00,2018,Clean coal,F.coal,59660000
8128,COM01161.00,2018,Coal mined,F.coal,59660000
8129,COM01161.00,2019,Clean coal,F.coal,66580800
8130,COM01161.00,2019,Coal mined,F.coal,66580800
8131,COM01161.00,2020,Clean coal,F.coal,78116800
8132,COM01161.00,2020,Coal mined,F.coal,78116800
8133,COM01162.00,2012,Clean coal,F.coal,22110000
8134,COM01162.00,2012,Coal mined,F.coal,22110000
8135,COM01162.00,2013,Clean coal,F.coal,21260000
8136,COM01162.00,2013,Coal mined,F.coal,21260000
8137,COM01162.00,2014,Clean coal,F.coal,19500000
8138,COM01162.00,2014,Coal mined,F.coal,19500000
8139,COM01162.00,2015,Clean coal,F.coal,20480000
8140,COM01162.00,2015,Coal mined,F.coal,20480000
8141,COM01162.00,2016,Clean coal,F.coal,11130000
8142,COM01162.00,2016,Coal mined,F.coal,11130000
8143,COM01162.00,2017,Clean coal,F.coal,8640000
8144,COM01162.00,2017,Coal mined,F.coal,8640000
8145,COM01162.00,2018,Clean coal,F.coal,10460000
8146,COM01162.00,2018,Coal mined,F.coal,10460000
8147,COM01162.00,2019,Clean coal,F.coal,10000300
8148,COM01162.00,2019,Coal mined,F.coal,10000300
8149,COM01162.00,2020,Clean coal,F.coal,9658000
8150,COM01162.00,2020,Coal mined,F.coal,9658000
8151,COM01163.00,2011,Clean coal,F.coc,462000
8152,COM01163.00,2011,Coal mined,F.coc,462000
8153,COM01163.00,2012,Clean coal,F.coc,416000
8154,COM01163.00,2012,Coal mined,F.coc,416000
8155,COM01163.00,2013,Clean coal,F.coc,488000
8156,COM01163.00,2013,Coal mined,F.coc,488000
8157,COM01163.00,2014,Clean coal,F.coc,585000
8158,COM01163.00,2014,Coal mined,F.coc,585000
8159,COM01163.00,2015,Clean coal,F.coc,614000
8160,COM01163.00,2015,Coal mined,F.coc,614000
8161,COM01168.00,2010,Clean coal,F.coal,33220000
8162,COM01168.00,2010,Coal mined,F.coal,33220000
8163,COM01168.00,2011,Clean coal,F.coal,34230000
8164,COM01168.00,2011,Coal mined,F.coal,34230000
8165,COM01168.00,2012,Clean coal,F.coal,33340000
8166,COM01168.00,2012,Coal mined,F.coal,33340000
8167,COM01168.00,2013,Clean coal,F.coal,32680000
8168,COM01168.00,2013,Coal mined,F.coal,32680000
8169,COM01168.00,2014,Clean coal,F.coal,34467100
8170,COM01168.00,2014,Coal mined,F.coal,34467100
8171,COM01168.00,2015,Clean coal,F.coal,35670000
8172,COM01168.00,2015,Coal mined,F.coal,35670000
8173,COM01168.00,2016,Clean coal,F.coal,39150000
8174,COM01168.00,2016,Coal mined,F.coal,39150000
8175,COM01168.00,2017,Clean coal,F.coal,41600000
8176,COM01168.00,2017,Coal mined,F.coal,41600000
8177,COM01168.00,2018,Clean coal,F.coal,41500000
8178,COM01168.00,2018,Coal mined,F.coal,41500000
8179,COM01168.00,2019,Clean coal,F.coal,48180000
8180,COM01168.00,2019,Coal mined,F.coal,48180000
8181,COM01168.00,2020,Clean coal,F.coal,51620000
8182,COM01168.00,2020,Coal mined,F.coal,51620000
8183,COM01173.00,2001,Clean coal,F.sbc,3700000
8184,COM01173.00,2001,Coal mined,F.sbc,3700000
8185,COM01173.00,2002,Clean coal,F.sbc,3600000
8186,COM01173.00,2002,Coal mined,F.sbc,3600000
8187,COM01173.00,2003,Clean coal,F.sbc,3800000
8188,COM01173.00,2003,Coal mined,F.sbc,3800000
8189,COM01173.00,2004,Clean coal,F.sbc,3800000
8190,COM01173.00,2004,Coal mined,F.sbc,3800000
8191,COM01173.00,2005,Clean coal,F.sbc,3700000
8192,COM01173.00,2005,Coal mined,F.sbc,3700000
8193,COM01173.00,2006,Clean coal,F.sbc,3600000
8194,COM01173.00,2006,Coal mined,F.sbc,3600000
8195,COM01173.00,2007,Clean coal,F.sbc,3800000
8196,COM01173.00,2007,Coal mined,F.sbc,3800000
8197,COM01173.00,2008,Clean coal,F.sbc,3800000
8198,COM01173.00,2008,Coal mined,F.sbc,3800000
8199,COM01173.00,2009,Clean coal,F.sbc,3300000
8200,COM01173.00,2009,Coal mined,F.sbc,3300000
8201,COM01173.00,2010,Clean coal,F.sbc,3300000
8202,COM01173.00,2010,Coal mined,F.sbc,3300000
8203,COM01173.00,2011,Clean coal,F.sbc,3400000
8204,COM01173.00,2011,Coal mined,F.sbc,3400000
8205,COM01173.00,2012,Clean coal,F.sbc,3300000
8206,COM01173.00,2012,Coal mined,F.sbc,3300000
8207,COM01173.00,2013,Clean coal,F.sbc,3800000
8208,COM01173.00,2013,Coal mined,F.sbc,3800000
8209,COM01173.00,2014,Clean coal,F.sbc,3374784
8210,COM01173.00,2014,Coal mined,F.sbc,3374784
8211,COM01173.00,2015,Clean coal,F.sbc,2818670
8212,COM01173.00,2015,Coal mined,F.sbc,2818670
8213,COM01173.00,2016,Clean coal,F.sbc,3134376
8214,COM01173.00,2016,Coal mined,F.sbc,3134376
8215,COM01173.00,2017,Clean coal,F.sbc,3174293
8216,COM01173.00,2017,Coal mined,F.sbc,3174293
8217,COM01174.00,2004,Clean coal,F.stc,86100000
8218,COM01174.00,2004,Coal mined,F.stc,86100000
8219,COM01174.00,2005,Clean coal,F.stc,99900000
8220,COM01174.00,2005,Coal mined,F.stc,99900000
8221,COM01174.00,2006,Clean coal,F.stc,110300000
8222,COM01174.00,2006,Coal mined,F.stc,110300000
8223,COM01174.00,2007,Clean coal,F.stc,126600000
8224,COM01174.00,2007,Coal mined,F.stc,126600000
8225,COM01174.00,2008,Clean coal,F.stc,145500000
8226,COM01174.00,2008,Coal mined,F.stc,145500000
8227,COM01174.00,2009,Clean coal,F.stc,162600000
8228,COM01174.00,2009,Coal mined,F.stc,162600000
8229,COM01174.00,2010,Clean coal,F.stc,165900000
8230,COM01174.00,2010,Coal mined,F.stc,165900000
8231,COM01174.00,2011,Clean coal,F.stc,192500000
8232,COM01174.00,2011,Coal mined,F.stc,192500000
8233,COM01174.00,2012,Clean coal,F.stc,183400000
8234,COM01174.00,2012,Coal mined,F.stc,183400000
8235,COM01174.00,2013,Clean coal,F.stc,196100000
8236,COM01174.00,2013,Coal mined,F.stc,196100000
8237,COM01174.00,2014,Clean coal,F.stc,189400000
8238,COM01174.00,2014,Coal mined,F.stc,189400000
8239,COM01174.00,2015,Clean coal,F.stc,174000000
8240,COM01174.00,2015,Coal mined,F.stc,174000000
8241,COM01174.00,2016,Clean coal,F.stc,183000000
8242,COM01174.00,2016,Coal mined,F.stc,183000000
8243,COM01174.00,2017,Clean coal,F.stc,193300000
8244,COM01174.00,2017,Coal mined,F.stc,193300000
8245,COM01174.00,2018,Clean coal,F.stc,195800000
8246,COM01174.00,2018,Coal mined,F.stc,195800000
8247,COM01174.00,2019,Clean coal,F.stc,184800000
8248,COM01174.00,2019,Coal mined,F.stc,184800000
8249,COM01175.00,2004,Clean coal,F.lig,1100000
8250,COM01175.00,2004,Coal mined,F.lig,1100000
8251,COM01175.00,2005,Clean coal,F.lig,1600000
8252,COM01175.00,2005,Coal mined,F.lig,1600000
8253,COM01175.00,2006,Clean coal,F.lig,2800000
8254,COM01175.00,2006,Coal mined,F.lig,2800000
8255,COM01175.00,2007,Clean coal,F.lig,6200000
8256,COM01175.00,2007,Coal mined,F.lig,6200000
8257,COM01175.00,2008,Clean coal,F.lig,10900000
8258,COM01175.00,2008,Coal mined,F.lig,10900000
8259,COM01175.00,2009,Clean coal,F.lig,10500000
8260,COM01175.00,2009,Coal mined,F.lig,10500000
8261,COM01175.00,2010,Clean coal,F.lig,14300000
8262,COM01175.00,2010,Coal mined,F.lig,14300000
8263,COM01175.00,2011,Clean coal,F.lig,24400000
8264,COM01175.00,2011,Coal mined,F.lig,24400000
8265,COM01175.00,2012,Clean coal,F.lig,24900000
8266,COM01175.00,2012,Coal mined,F.lig,24900000
8267,COM01175.00,2013,Clean coal,F.lig,17900000
8268,COM01175.00,2013,Coal mined,F.lig,17900000
8269,COM01175.00,2014,Clean coal,F.lig,17000000
8270,COM01175.00,2014,Coal mined,F.lig,17000000
8271,COM01175.00,2015,Clean coal,F.lig,12100000
8272,COM01175.00,2015,Coal mined,F.lig,12100000
8273,COM01175.00,2016,Clean coal,F.lig,16000000
8274,COM01175.00,2016,Coal mined,F.lig,16000000
8275,COM01175.00,2017,Clean coal,F.lig,19200000
8276,COM01175.00,2017,Coal mined,F.lig,19200000
8277,COM01175.00,2018,Clean coal,F.lig,18700000
8278,COM01175.00,2018,Coal mined,F.lig,18700000
8279,COM01175.00,2019,Clean coal,F.lig,13700000
8280,COM01175.00,2019,Coal mined,F.lig,13700000
8281,COM01177.00,2011,Clean coal,F.coc,835000
8282,COM01177.00,2011,Coal mined,F.coc,835000
8283,COM01177.00,2012,Clean coal,F.coc,719000
8284,COM01177.00,2012,Coal mined,F.coc,719000
8285,COM01177.00,2013,Clean coal,F.coc,772000
8286,COM01177.00,2013,Coal mined,F.coc,772000
8287,COM01177.00,2014,Clean coal,F.coc,1013000
8288,COM01177.00,2014,Coal mined,F.coc,1013000
8289,COM01177.00,2015,Clean coal,F.coc,743000
8290,COM01177.00,2015,Coal mined,F.coc,743000
8291,COM01179.00,2017,Clean coal,F.stc,6096000
8292,COM01179.00,2017,Coal mined,F.stc,6096000
8293,COM01179.00,2018,Clean coal,F.stc,3286000
8294,COM01179.00,2018,Coal mined,F.stc,3286000
8295,COM01179.00,2019,Clean coal,F.stc,3907000
8296,COM01179.00,2019,Coal mined,F.stc,3907000
8297,COM01179.00,2020,Clean coal,F.stc,8241000
8298,COM01179.00,2020,Coal mined,F.stc,8241000
8299,COM01180.00,2019,Clean coal,F.coc,1723680
8300,COM01180.00,2019,Coal mined,F.coc,1723680
8301,COM01181.00,2000,Clean coal,F.coal,3447360
8302,COM01181.00,2000,Coal mined,F.coal,3447360
8303,COM01181.00,2001,Clean coal,F.coal,3719520
8304,COM01181.00,2001,Coal mined,F.coal,3719520
8305,COM01181.00,2002,Clean coal,F.coal,3084480
8306,COM01181.00,2002,Coal mined,F.coal,3084480
8307,COM01181.00,2003,Clean coal,F.coal,3447360
8308,COM01181.00,2003,Coal mined,F.coal,3447360
8309,COM01181.00,2004,Clean coal,F.coal,3356640
8310,COM01181.00,2004,Coal mined,F.coal,3356640
8311,COM01181.00,2005,Clean coal,F.coal,3175200
8312,COM01181.00,2005,Coal mined,F.coal,3175200
8313,COM01181.00,2006,Clean coal,F.coal,907200
8314,COM01181.00,2006,Coal mined,F.coal,907200
8315,COM01181.00,2007,Clean coal,F.coal,0
8316,COM01181.00,2007,Coal mined,F.coal,0
8317,COM01181.00,2008,Clean coal,F.coal,997920
8318,COM01181.00,2008,Coal mined,F.coal,997920
8319,COM01181.00,2009,Clean coal,F.coal,362880
8320,COM01181.00,2009,Coal mined,F.coal,362880
8321,COM01181.00,2010,Clean coal,F.coal,3538080
8322,COM01181.00,2010,Coal mined,F.coal,3538080
8323,COM01181.00,2011,Clean coal,F.coal,4626720
8324,COM01181.00,2011,Coal mined,F.coal,4626720
8325,COM01181.00,2012,Clean coal,F.coal,4808160
8326,COM01181.00,2012,Coal mined,F.coal,4808160
8327,COM01182.00,2003,Clean coal,F.coal,7700000
8328,COM01182.00,2003,Coal mined,F.coal,7700000
8329,COM01182.00,2004,Clean coal,F.coal,8510000
8330,COM01182.00,2004,Coal mined,F.coal,8510000
8331,COM01182.00,2005,Clean coal,F.coal,8000000
8332,COM01182.00,2005,Coal mined,F.coal,8000000
8333,COM01182.00,2006,Clean coal,F.coal,9300000
8334,COM01182.00,2006,Coal mined,F.coal,9300000
8335,COM01182.00,2007,Clean coal,F.coal,8100000
8336,COM01182.00,2007,Coal mined,F.coal,8100000
8337,COM01182.00,2008,Clean coal,F.coal,8200000
8338,COM01182.00,2008,Coal mined,F.coal,8200000
8339,COM01182.00,2009,Clean coal,F.coal,7600000
8340,COM01182.00,2009,Coal mined,F.coal,7600000
8341,COM01182.00,2010,Clean coal,F.coal,8500000
8342,COM01182.00,2010,Coal mined,F.coal,8500000
8343,COM01182.00,2011,Clean coal,F.coal,7600000
8344,COM01182.00,2011,Coal mined,F.coal,7600000
8345,COM01182.00,2012,Clean coal,F.coal,7400000
8346,COM01182.00,2012,Coal mined,F.coal,7400000
8347,COM01182.00,2013,Clean coal,F.coal,7400000
8348,COM01182.00,2013,Coal mined,F.coal,7400000
8349,COM01182.00,2014,Clean coal,F.coal,7600000
8350,COM01182.00,2014,Coal mined,F.coal,7600000
8351,COM01182.00,2015,Clean coal,F.coal,6900000
8352,COM01182.00,2015,Coal mined,F.coal,6900000
8353,COM01182.00,2016,Clean coal,F.coal,7600000
8354,COM01182.00,2016,Coal mined,F.coal,7600000
8355,COM01182.00,2017,Clean coal,F.coal,6500000
8356,COM01182.00,2017,Coal mined,F.coal,6500000
8357,COM01182.00,2018,Clean coal,F.coal,6900000
8358,COM01182.00,2018,Coal mined,F.coal,6900000
8359,COM01182.00,2019,Clean coal,F.coal,7100000
8360,COM01182.00,2019,Coal mined,F.coal,7100000
8361,COM01182.00,2020,Clean coal,F.coal,7500000
8362,COM01182.00,2020,Coal mined,F.coal,7500000
8363,COM01186.00,2012,Clean coal,F.stc,1236000
8364,COM01186.00,2012,Coal mined,F.stc,1236000
8365,COM01186.00,2013,Clean coal,F.stc,1351000
8366,COM01186.00,2013,Coal mined,F.stc,1351000
8367,COM01186.00,2014,Clean coal,F.stc,1578000
8368,COM01186.00,2014,Coal mined,F.stc,1578000
8369,COM01186.00,2015,Clean coal,F.stc,2016000
8370,COM01186.00,2015,Coal mined,F.stc,2016000
8371,COM01187.00,2001,Clean coal,F.coc,1818000
8372,COM01187.00,2001,Clean coal,F.stc,1411000
8373,COM01187.00,2001,Coal mined,F.coc,1818000
8374,COM01187.00,2001,Coal mined,F.stc,1411000
8375,COM01187.00,2002,Clean coal,F.coc,1949000
8376,COM01187.00,2002,Clean coal,F.stc,1364000
8377,COM01187.00,2002,Coal mined,F.coc,1949000
8378,COM01187.00,2002,Coal mined,F.stc,1364000
8379,COM01187.00,2003,Clean coal,F.coc,2868000
8380,COM01187.00,2003,Clean coal,F.stc,1442000
8381,COM01187.00,2003,Coal mined,F.coc,2868000
8382,COM01187.00,2003,Coal mined,F.stc,1442000
8383,COM01187.00,2004,Clean coal,F.coc,3000000
8384,COM01187.00,2004,Clean coal,F.stc,1473000
8385,COM01187.00,2004,Coal mined,F.coc,3000000
8386,COM01187.00,2004,Coal mined,F.stc,1473000
8387,COM01187.00,2005,Clean coal,F.coc,2822000
8388,COM01187.00,2005,Clean coal,F.stc,1649000
8389,COM01187.00,2005,Coal mined,F.coc,2822000
8390,COM01187.00,2005,Coal mined,F.stc,1649000
8391,COM01187.00,2006,Clean coal,F.coc,1759000
8392,COM01187.00,2006,Clean coal,F.stc,1703000
8393,COM01187.00,2006,Coal mined,F.coc,1759000
8394,COM01187.00,2006,Coal mined,F.stc,1703000
8395,COM01187.00,2007,Clean coal,F.coc,2181000
8396,COM01187.00,2007,Clean coal,F.stc,1469000
8397,COM01187.00,2007,Coal mined,F.coc,2181000
8398,COM01187.00,2007,Coal mined,F.stc,1469000
8399,COM01187.00,2008,Clean coal,F.coc,2522000
8400,COM01187.00,2008,Clean coal,F.stc,797000
8401,COM01187.00,2008,Coal mined,F.coc,2522000
8402,COM01187.00,2008,Coal mined,F.stc,797000
8403,COM01187.00,2009,Clean coal,F.coc,1800000
8404,COM01187.00,2009,Clean coal,F.stc,700000
8405,COM01187.00,2009,Coal mined,F.coc,1800000
8406,COM01187.00,2009,Coal mined,F.stc,700000
8407,COM01187.00,2010,Clean coal,F.coc,3200000
8408,COM01187.00,2010,Clean coal,F.stc,800000
8409,COM01187.00,2010,Coal mined,F.coc,3200000
8410,COM01187.00,2010,Coal mined,F.stc,800000
8411,COM01187.00,2011,Clean coal,F.coc,3000000
8412,COM01187.00,2011,Clean coal,F.stc,900000
8413,COM01187.00,2011,Coal mined,F.coc,3000000
8414,COM01187.00,2011,Coal mined,F.stc,900000
8415,COM01187.00,2012,Clean coal,F.coc,2700000
8416,COM01187.00,2012,Clean coal,F.stc,1400000
8417,COM01187.00,2012,Coal mined,F.coc,2700000
8418,COM01187.00,2012,Coal mined,F.stc,1400000
8419,COM01187.00,2013,Clean coal,F.coc,3300000
8420,COM01187.00,2013,Clean coal,F.stc,1500000
8421,COM01187.00,2013,Coal mined,F.coc,3300000
8422,COM01187.00,2013,Coal mined,F.stc,1500000
8423,COM01187.00,2014,Clean coal,F.coc,2200000
8424,COM01187.00,2014,Clean coal,F.stc,800000
8425,COM01187.00,2014,Coal mined,F.coc,2200000
8426,COM01187.00,2014,Coal mined,F.stc,800000
8427,COM01187.00,2015,Clean coal,F.coc,1600000
8428,COM01187.00,2015,Clean coal,F.stc,500000
8429,COM01187.00,2015,Coal mined,F.coc,1600000
8430,COM01187.00,2015,Coal mined,F.stc,500000
8431,COM01187.00,2016,Clean coal,F.coc,400000
8432,COM01187.00,2016,Clean coal,F.stc,300000
8433,COM01187.00,2016,Coal mined,F.coc,400000
8434,COM01187.00,2016,Coal mined,F.stc,300000
8435,COM01187.00,2017,Clean coal,F.coc,600000
8436,COM01187.00,2017,Clean coal,F.stc,300000
8437,COM01187.00,2017,Coal mined,F.coc,600000
8438,COM01187.00,2017,Coal mined,F.stc,300000
8439,COM01187.00,2018,Clean coal,F.coc,800000
8440,COM01187.00,2018,Clean coal,F.stc,100000
8441,COM01187.00,2018,Coal mined,F.coc,800000
8442,COM01187.00,2018,Coal mined,F.stc,100000
8443,COM01187.00,2019,Clean coal,F.coc,2100000
8444,COM01187.00,2019,Clean coal,F.stc,300000
8445,COM01187.00,2019,Coal mined,F.coc,2100000
8446,COM01187.00,2019,Coal mined,F.stc,300000
8447,COM01187.00,2020,Clean coal,F.coc,2400000
8448,COM01187.00,2020,Clean coal,F.stc,800000
8449,COM01187.00,2020,Coal mined,F.coc,2400000
8450,COM01187.00,2020,Coal mined,F.stc,800000
8451,COM01202.00,2000,Clean coal,F.coal,2993760
8452,COM01202.00,2000,Coal mined,F.coal,2993760
8453,COM01202.00,2001,Clean coal,F.coal,3447360
8454,COM01202.00,2001,Coal mined,F.coal,3447360
8455,COM01202.00,2002,Clean coal,F.coal,3084480
8456,COM01202.00,2002,Coal mined,F.coal,3084480
8457,COM01202.00,2003,Clean coal,F.coal,2812320
8458,COM01202.00,2003,Coal mined,F.coal,2812320
8459,COM01202.00,2004,Clean coal,F.coal,544320
8460,COM01202.00,2004,Coal mined,F.coal,544320
8461,COM01202.00,2005,Clean coal,F.coal,0
8462,COM01202.00,2005,Coal mined,F.coal,0
8463,COM01202.00,2006,Clean coal,F.coal,1360800
8464,COM01202.00,2006,Coal mined,F.coal,1360800
8465,COM01202.00,2007,Clean coal,F.coal,2177280
8466,COM01202.00,2007,Coal mined,F.coal,2177280
8467,COM01202.00,2008,Clean coal,F.coal,2993760
8468,COM01202.00,2008,Coal mined,F.coal,2993760
8469,COM01202.00,2009,Clean coal,F.coal,2540160
8470,COM01202.00,2009,Coal mined,F.coal,2540160
8471,COM01202.00,2010,Clean coal,F.coal,2630880
8472,COM01202.00,2010,Coal mined,F.coal,2630880
8473,COM01202.00,2011,Clean coal,F.coal,2630880
8474,COM01202.00,2011,Coal mined,F.coal,2630880
8475,COM01202.00,2012,Clean coal,F.coal,1451520
8476,COM01202.00,2012,Coal mined,F.coal,1451520
8477,COM01206.00,2000,Clean coal,F.stc,1814400
8478,COM01206.00,2000,Coal mined,F.stc,1814400
8479,COM01206.00,2001,Clean coal,F.stc,4354560
8480,COM01206.00,2001,Coal mined,F.stc,4354560
8481,COM01206.00,2002,Clean coal,F.stc,6350400
8482,COM01206.00,2002,Coal mined,F.stc,6350400
8483,COM01206.00,2003,Clean coal,F.stc,6622560
8484,COM01206.00,2003,Coal mined,F.stc,6622560
8485,COM01206.00,2004,Clean coal,F.stc,6622560
8486,COM01206.00,2004,Coal mined,F.stc,6622560
8487,COM01206.00,2005,Clean coal,F.stc,7439040
8488,COM01206.00,2005,Coal mined,F.stc,7439040
8489,COM01206.00,2006,Clean coal,F.stc,7620480
8490,COM01206.00,2006,Coal mined,F.stc,7620480
8491,COM01206.00,2007,Clean coal,F.stc,7620480
8492,COM01206.00,2007,Coal mined,F.stc,7620480
8493,COM01206.00,2008,Clean coal,F.stc,7166880
8494,COM01206.00,2008,Coal mined,F.stc,7166880
8495,COM01206.00,2009,Clean coal,F.stc,6441120
8496,COM01206.00,2009,Coal mined,F.stc,6441120
8497,COM01206.00,2010,Clean coal,F.stc,6441120
8498,COM01206.00,2010,Coal mined,F.stc,6441120
8499,COM01206.00,2011,Clean coal,F.stc,5080320
8500,COM01206.00,2011,Coal mined,F.stc,5080320
8501,COM01206.00,2012,Clean coal,F.stc,4445280
8502,COM01206.00,2012,Coal mined,F.stc,4445280
8503,COM01206.00,2013,Clean coal,F.stc,5080320
8504,COM01206.00,2013,Coal mined,F.stc,5080320
8505,COM01206.00,2014,Clean coal,F.stc,3084480
8506,COM01206.00,2014,Coal mined,F.stc,3084480
8507,COM01206.00,2015,Clean coal,F.stc,2721600
8508,COM01206.00,2015,Coal mined,F.stc,2721600
8509,COM01206.00,2016,Clean coal,F.stc,2086560
8510,COM01206.00,2016,Coal mined,F.stc,2086560
8511,COM01206.00,2017,Clean coal,F.stc,1995840
8512,COM01206.00,2017,Coal mined,F.stc,1995840
8513,COM01206.00,2018,Clean coal,F.stc,1814400
8514,COM01206.00,2018,Coal mined,F.stc,1814400
8515,COM01206.00,2019,Clean coal,F.stc,1088640
8516,COM01206.00,2019,Coal mined,F.stc,1088640
8517,COM01210.00,2010,Clean coal,F.coal,108010000
8518,COM01210.00,2010,Coal mined,F.coal,108010000
8519,COM01210.00,2011,Clean coal,F.coal,112710000
8520,COM01210.00,2011,Coal mined,F.coal,112710000
8521,COM01210.00,2012,Clean coal,F.coal,113840000
8522,COM01210.00,2012,Coal mined,F.coal,113840000
8523,COM01210.00,2013,Clean coal,F.coal,118220000
8524,COM01210.00,2013,Coal mined,F.coal,118220000
8525,COM01210.00,2014,Clean coal,F.coc,125000
8526,COM01210.00,2014,Clean coal,F.stc,124136000
8527,COM01210.00,2014,Coal mined,F.coc,125000
8528,COM01210.00,2014,Coal mined,F.stc,124136000
8529,COM01210.00,2015,Clean coal,F.coc,126000
8530,COM01210.00,2015,Clean coal,F.stc,128149000
8531,COM01210.00,2015,Coal mined,F.coc,126000
8532,COM01210.00,2015,Coal mined,F.stc,128149000
8533,COM01210.00,2016,Clean coal,F.coc,135000
8534,COM01210.00,2016,Clean coal,F.stc,137799000
8535,COM01210.00,2016,Coal mined,F.coc,135000
8536,COM01210.00,2016,Coal mined,F.stc,137799000
8537,COM01210.00,2017,Clean coal,F.coc,110000
8538,COM01210.00,2017,Clean coal,F.stc,139893000
8539,COM01210.00,2017,Coal mined,F.coc,110000
8540,COM01210.00,2017,Coal mined,F.stc,139893000
8541,COM01210.00,2018,Clean coal,F.coc,182000
8542,COM01210.00,2018,Clean coal,F.stc,144526000
8543,COM01210.00,2018,Coal mined,F.coc,182000
8544,COM01210.00,2018,Coal mined,F.stc,144526000
8545,COM01210.00,2019,Clean coal,F.coc,247000
8546,COM01210.00,2019,Clean coal,F.stc,157102000
8547,COM01210.00,2019,Coal mined,F.coc,247000
8548,COM01210.00,2019,Coal mined,F.stc,157102000
8549,COM01210.00,2020,Clean coal,F.coc,250000
8550,COM01210.00,2020,Clean coal,F.stc,150296000
8551,COM01210.00,2020,Coal mined,F.coc,250000
8552,COM01210.00,2020,Coal mined,F.stc,150296000
8553,COM01211.00,2000,Clean coal,F.lig,6985440
8554,COM01211.00,2000,Coal mined,F.lig,6985440
8555,COM01211.00,2001,Clean coal,F.lig,2903040
8556,COM01211.00,2001,Coal mined,F.lig,2903040
8557,COM01211.00,2002,Clean coal,F.lig,3628800
8558,COM01211.00,2002,Coal mined,F.lig,3628800
8559,COM01211.00,2003,Clean coal,F.lig,3719520
8560,COM01211.00,2003,Coal mined,F.lig,3719520
8561,COM01211.00,2004,Clean coal,F.lig,3991680
8562,COM01211.00,2004,Coal mined,F.lig,3991680
8563,COM01211.00,2005,Clean coal,F.lig,4082400
8564,COM01211.00,2005,Coal mined,F.lig,4082400
8565,COM01211.00,2006,Clean coal,F.lig,3538080
8566,COM01211.00,2006,Coal mined,F.lig,3538080
8567,COM01211.00,2007,Clean coal,F.lig,3810240
8568,COM01211.00,2007,Coal mined,F.lig,3810240
8569,COM01211.00,2008,Clean coal,F.lig,3719520
8570,COM01211.00,2008,Coal mined,F.lig,3719520
8571,COM01211.00,2009,Clean coal,F.lig,2993760
8572,COM01211.00,2009,Coal mined,F.lig,2993760
8573,COM01211.00,2010,Clean coal,F.lig,3991680
8574,COM01211.00,2010,Coal mined,F.lig,3991680
8575,COM01211.00,2011,Clean coal,F.lig,3810240
8576,COM01211.00,2011,Coal mined,F.lig,3810240
8577,COM01211.00,2012,Clean coal,F.lig,3447360
8578,COM01211.00,2012,Coal mined,F.lig,3447360
8579,COM01211.00,2013,Clean coal,F.lig,3900960
8580,COM01211.00,2013,Coal mined,F.lig,3900960
8581,COM01211.00,2014,Clean coal,F.lig,4082400
8582,COM01211.00,2014,Coal mined,F.lig,4082400
8583,COM01211.00,2015,Clean coal,F.lig,3356640
8584,COM01211.00,2015,Coal mined,F.lig,3356640
8585,COM01211.00,2016,Clean coal,F.lig,3810240
8586,COM01211.00,2016,Coal mined,F.lig,3810240
8587,COM01211.00,2017,Clean coal,F.lig,3265920
8588,COM01211.00,2017,Coal mined,F.lig,3265920
8589,COM01211.00,2018,Clean coal,F.lig,3447360
8590,COM01211.00,2018,Coal mined,F.lig,3447360
8591,COM01211.00,2019,Clean coal,F.lig,2358720
8592,COM01211.00,2019,Coal mined,F.lig,2358720
8593,COM01213.00,2007,Clean coal,F.stc,5000000
8594,COM01213.00,2007,Coal mined,F.stc,5000000
8595,COM01213.00,2008,Clean coal,F.stc,5500000
8596,COM01213.00,2008,Coal mined,F.stc,5500000
8597,COM01213.00,2009,Clean coal,F.stc,4900000
8598,COM01213.00,2009,Coal mined,F.stc,4900000
8599,COM01213.00,2010,Clean coal,F.stc,4500000
8600,COM01213.00,2010,Coal mined,F.stc,4500000
8601,COM01213.00,2011,Clean coal,F.stc,4000000
8602,COM01213.00,2011,Coal mined,F.stc,4000000
8603,COM01213.00,2012,Clean coal,F.stc,3100000
8604,COM01213.00,2012,Coal mined,F.stc,3100000
8605,COM01213.00,2013,Clean coal,F.stc,1600000
8606,COM01213.00,2013,Coal mined,F.stc,1600000
8607,COM01213.00,2014,Clean coal,F.stc,1900000
8608,COM01213.00,2014,Coal mined,F.stc,1900000
8609,COM01213.00,2015,Clean coal,F.stc,1900000
8610,COM01213.00,2015,Coal mined,F.stc,1900000
8611,COM01213.00,2016,Clean coal,F.stc,410000
8612,COM01213.00,2016,Coal mined,F.stc,410000
8613,COM01214.00,2000,Clean coal,F.coc,2533000
8614,COM01214.00,2000,Coal mined,F.coc,2533000
8615,COM01214.00,2001,Clean coal,F.coc,3146000
8616,COM01214.00,2001,Coal mined,F.coc,3146000
8617,COM01214.00,2002,Clean coal,F.coc,3341000
8618,COM01214.00,2002,Coal mined,F.coc,3341000
8619,COM01214.00,2003,Clean coal,F.coc,3927000
8620,COM01214.00,2003,Coal mined,F.coc,3927000
8621,COM01214.00,2004,Clean coal,F.coc,3658000
8622,COM01214.00,2004,Coal mined,F.coc,3658000
8623,COM01214.00,2005,Clean coal,F.coc,3273000
8624,COM01214.00,2005,Coal mined,F.coc,3273000
8625,COM01214.00,2006,Clean coal,F.coc,3049000
8626,COM01214.00,2006,Coal mined,F.coc,3049000
8627,COM01214.00,2007,Clean coal,F.coc,3422000
8628,COM01214.00,2007,Coal mined,F.coc,3422000
8629,COM01214.00,2008,Clean coal,F.coc,2862000
8630,COM01214.00,2008,Coal mined,F.coc,2862000
8631,COM01214.00,2009,Clean coal,F.coc,2978000
8632,COM01214.00,2009,Coal mined,F.coc,2978000
8633,COM01214.00,2010,Clean coal,F.coc,3609000
8634,COM01214.00,2010,Coal mined,F.coc,3609000
8635,COM01214.00,2011,Clean coal,F.coc,3134000
8636,COM01214.00,2011,Coal mined,F.coc,3134000
8637,COM01214.00,2012,Clean coal,F.coc,4081000
8638,COM01214.00,2012,Coal mined,F.coc,4081000
8639,COM01214.00,2013,Clean coal,F.coc,4351000
8640,COM01214.00,2013,Coal mined,F.coc,4351000
8641,COM01214.00,2014,Clean coal,F.coc,5246000
8642,COM01214.00,2014,Coal mined,F.coc,5246000
8643,COM01214.00,2015,Clean coal,F.coc,5293000
8644,COM01214.00,2015,Coal mined,F.coc,5293000
8645,COM01214.00,2016,Clean coal,F.coc,5436000
8646,COM01214.00,2016,Coal mined,F.coc,5436000
8647,COM01214.00,2017,Clean coal,F.coc,5123000
8648,COM01214.00,2017,Coal mined,F.coc,5123000
8649,COM01214.00,2018,Clean coal,F.coc,6029000
8650,COM01214.00,2018,Coal mined,F.coc,6029000
8651,COM01214.00,2019,Clean coal,F.coc,6194000
8652,COM01214.00,2019,Coal mined,F.coc,6194000
8653,COM01218.00,2006,Clean coal,F.coal,1088640
8654,COM01218.00,2006,Coal mined,F.coal,1088640
8655,COM01218.00,2007,Clean coal,F.coal,725760
8656,COM01218.00,2007,Coal mined,F.coal,725760
8657,COM01218.00,2008,Clean coal,F.coal,1088640
8658,COM01218.00,2008,Coal mined,F.coal,1088640
8659,COM01219.00,2006,Clean coal,F.coal,4378000
8660,COM01219.00,2006,Coal mined,F.coal,4378000
8661,COM01219.00,2007,Clean coal,F.coal,5069000
8662,COM01219.00,2007,Coal mined,F.coal,5069000
8663,COM01219.00,2008,Clean coal,F.coal,5328000
8664,COM01219.00,2008,Coal mined,F.coal,5328000
8665,COM01219.00,2009,Clean coal,F.coal,4721000
8666,COM01219.00,2009,Coal mined,F.coal,4721000
8667,COM01221.00,2006,Clean coal,F.coal,762000
8668,COM01221.00,2006,Coal mined,F.coal,762000
8669,COM01221.00,2007,Clean coal,F.coal,1017000
8670,COM01221.00,2007,Coal mined,F.coal,1017000
8671,COM01221.00,2008,Clean coal,F.coal,1108000
8672,COM01221.00,2008,Coal mined,F.coal,1108000
8673,COM01221.00,2009,Clean coal,F.coal,771000
8674,COM01221.00,2009,Coal mined,F.coal,771000
8675,COM01221.00,2010,Clean coal,F.coal,593000
8676,COM01221.00,2010,Coal mined,F.coal,593000
8677,COM01221.00,2011,Clean coal,F.coal,548000
8678,COM01221.00,2011,Coal mined,F.coal,548000
8679,COM01222.00,2001,Clean coal,F.stc,8767000
8680,COM01222.00,2001,Coal mined,F.stc,8767000
8681,COM01222.00,2002,Clean coal,F.stc,8093000
8682,COM01222.00,2002,Coal mined,F.stc,8093000
8683,COM01222.00,2003,Clean coal,F.stc,8069000
8684,COM01222.00,2003,Coal mined,F.stc,8069000
8685,COM01222.00,2004,Clean coal,F.stc,10892000
8686,COM01222.00,2004,Coal mined,F.stc,10892000
8687,COM01222.00,2005,Clean coal,F.stc,11881000
8688,COM01222.00,2005,Coal mined,F.stc,11881000
8689,COM01222.00,2006,Clean coal,F.stc,13181000
8690,COM01222.00,2006,Coal mined,F.stc,13181000
8691,COM01222.00,2007,Clean coal,F.stc,14291000
8692,COM01222.00,2007,Coal mined,F.stc,14291000
8693,COM01222.00,2008,Clean coal,F.stc,16341000
8694,COM01222.00,2008,Coal mined,F.stc,16341000
8695,COM01222.00,2009,Clean coal,F.stc,16035000
8696,COM01222.00,2009,Coal mined,F.stc,16035000
8697,COM01222.00,2010,Clean coal,F.stc,17508960
8698,COM01222.00,2010,Coal mined,F.stc,17508960
8699,COM01222.00,2011,Clean coal,F.stc,17327520
8700,COM01222.00,2011,Coal mined,F.stc,17327520
8701,COM01222.00,2012,Clean coal,F.stc,15603840
8702,COM01222.00,2012,Coal mined,F.stc,15603840
8703,COM01222.00,2013,Clean coal,F.stc,16329600
8704,COM01222.00,2013,Coal mined,F.stc,16329600
8705,COM01222.00,2014,Clean coal,F.stc,15785280
8706,COM01222.00,2014,Coal mined,F.stc,15785280
8707,COM01222.00,2015,Clean coal,F.stc,15422400
8708,COM01222.00,2015,Coal mined,F.stc,15422400
8709,COM01222.00,2016,Clean coal,F.stc,9434880
8710,COM01222.00,2016,Coal mined,F.stc,9434880
8711,COM01222.00,2017,Clean coal,F.stc,11430720
8712,COM01222.00,2017,Coal mined,F.stc,11430720
8713,COM01222.00,2018,Clean coal,F.stc,12610080
8714,COM01222.00,2018,Coal mined,F.stc,12610080
8715,COM01223.00,2011,Clean coal,F.coal,1500000
8716,COM01223.00,2011,Coal mined,F.coal,1500000
8717,COM01223.00,2012,Clean coal,F.coal,1200000
8718,COM01223.00,2012,Coal mined,F.coal,1200000
8719,COM01223.00,2016,Clean coal,F.coal,2200000
8720,COM01223.00,2016,Coal mined,F.coal,2200000
8721,COM01223.00,2017,Clean coal,F.coal,2100000
8722,COM01223.00,2017,Coal mined,F.coal,2100000
8723,COM01223.00,2018,Clean coal,F.coal,3300000
8724,COM01223.00,2018,Coal mined,F.coal,3300000
8725,COM01223.00,2019,Clean coal,F.coal,2200000
8726,COM01223.00,2019,Coal mined,F.coal,2200000
8727,COM01223.00,2020,Clean coal,F.coal,2900000
8728,COM01223.00,2020,Coal mined,F.coal,2900000
8729,COM01226.00,2011,Clean coal,F.stc,3405000
8730,COM01226.00,2011,Coal mined,F.stc,3405000
8731,COM01226.00,2012,Clean coal,F.stc,3718000
8732,COM01226.00,2012,Coal mined,F.stc,3718000
8733,COM01226.00,2013,Clean coal,F.stc,3854000
8734,COM01226.00,2013,Coal mined,F.stc,3854000
8735,COM01226.00,2014,Clean coal,F.stc,4020000
8736,COM01226.00,2014,Coal mined,F.stc,4020000
8737,COM01226.00,2015,Clean coal,F.stc,4038000
8738,COM01226.00,2015,Coal mined,F.stc,4038000
8739,COM01231.00,2012,Clean coal,F.coal,1193000
8740,COM01231.00,2012,Coal mined,F.coal,1757000
8741,COM01231.00,2013,Clean coal,F.coal,2261000
8742,COM01231.00,2013,Coal mined,F.coal,2261000
8743,COM01231.00,2014,Clean coal,F.coal,1950000
8744,COM01231.00,2014,Coal mined,F.coal,1950000
8745,COM01231.00,2015,Clean coal,F.coal,1433000
8746,COM01231.00,2015,Coal mined,F.coal,1433000
8747,COM01231.00,2016,Clean coal,F.coal,864000
8748,COM01231.00,2016,Coal mined,F.coal,864000
8749,COM01231.00,2017,Clean coal,F.coal,700000
8750,COM01231.00,2017,Coal mined,F.coal,900000
8751,COM01231.00,2018,Clean coal,F.coal,500000
8752,COM01231.00,2018,Coal mined,F.coal,700000
8753,COM01231.00,2019,Clean coal,F.coal,800000
8754,COM01231.00,2019,Coal mined,F.coal,1200000
8755,COM01231.00,2020,Clean coal,F.coal,500000
8756,COM01231.00,2020,Coal mined,F.coal,1000000
8757,COM01233.00,2009,Clean coal,F.coal,5856800
8758,COM01233.00,2009,Coal mined,F.coal,5856800
8759,COM01233.00,2010,Clean coal,F.coal,6856200
8760,COM01233.00,2010,Coal mined,F.coal,6856200
8761,COM01233.00,2011,Clean coal,F.coal,10361000
8762,COM01233.00,2011,Coal mined,F.coal,10361000
8763,COM01233.00,2012,Clean coal,F.coc,12500000
8764,COM01233.00,2012,Coal mined,F.coc,12500000
8765,COM01233.00,2013,Clean coal,F.coc,12600000
8766,COM01233.00,2013,Coal mined,F.coc,12600000
8767,COM01233.00,2014,Clean coal,F.coc,13200000
8768,COM01233.00,2014,Coal mined,F.coc,13200000
8769,COM01233.00,2015,Clean coal,F.coc,12200000
8770,COM01233.00,2015,Coal mined,F.coc,12200000
8771,COM01233.00,2016,Clean coal,F.coc,14000000
8772,COM01233.00,2016,Coal mined,F.coc,14000000
8773,COM01233.00,2017,Clean coal,F.coc,13600000
8774,COM01233.00,2017,Coal mined,F.coc,13600000
8775,COM01233.00,2018,Clean coal,F.coc,14300000
8776,COM01233.00,2018,Coal mined,F.coc,14300000
8777,COM01233.00,2020,Clean coal,F.coc,15000000
8778,COM01233.00,2020,Coal mined,F.coc,15000000
8779,COM01234.00,2007,Clean coal,F.coal,26335000
8780,COM01234.00,2007,Coal mined,F.coal,26335000
8781,COM01234.00,2008,Clean coal,F.coal,27552000
8782,COM01234.00,2008,Coal mined,F.coal,27552000
8783,COM01234.00,2009,Clean coal,F.coal,28989800
8784,COM01234.00,2009,Coal mined,F.coal,28989800
8785,COM01234.00,2010,Clean coal,F.coal,24312800
8786,COM01234.00,2010,Coal mined,F.coal,24312800
8787,COM01234.00,2011,Clean coal,F.coal,26359000
8788,COM01234.00,2011,Coal mined,F.coal,26359000
8789,COM01234.00,2012,Clean coal,F.coc,31100000
8790,COM01234.00,2012,Coal mined,F.coc,31100000
8791,COM01234.00,2013,Clean coal,F.coc,32600000
8792,COM01234.00,2013,Coal mined,F.coc,32600000
8793,COM01234.00,2014,Clean coal,F.coc,33100000
8794,COM01234.00,2014,Coal mined,F.coc,33100000
8795,COM01234.00,2015,Clean coal,F.coc,30100000
8796,COM01234.00,2015,Coal mined,F.coc,30100000
8797,COM01234.00,2016,Clean coal,F.coc,37700000
8798,COM01234.00,2016,Coal mined,F.coc,37700000
8799,COM01234.00,2017,Clean coal,F.coc,38200000
8800,COM01234.00,2017,Coal mined,F.coc,38200000
8801,COM01234.00,2018,Clean coal,F.coc,37900000
8802,COM01234.00,2018,Coal mined,F.coc,37900000
8803,COM01234.00,2020,Clean coal,F.coc,32000000
8804,COM01234.00,2020,Coal mined,F.coc,32000000
8805,COM01235.00,2008,Clean coal,F.coal,2278000
8806,COM01235.00,2008,Coal mined,F.coal,2278000
8807,COM01235.00,2009,Clean coal,F.coal,2712300
8808,COM01235.00,2009,Coal mined,F.coal,2712300
8809,COM01235.00,2010,Clean coal,F.coal,2613900
8810,COM01235.00,2010,Coal mined,F.coal,2613900
8811,COM01235.00,2011,Clean coal,F.coal,3229000
8812,COM01235.00,2011,Coal mined,F.coal,3229000
8813,COM01235.00,2012,Clean coal,F.coal,5100000
8814,COM01235.00,2012,Coal mined,F.coal,5100000
8815,COM01235.00,2013,Clean coal,F.coal,4600000
8816,COM01235.00,2013,Coal mined,F.coal,4600000
8817,COM01235.00,2014,Clean coal,F.coc,5300000
8818,COM01235.00,2014,Coal mined,F.coc,5300000
8819,COM01235.00,2015,Clean coal,F.coc,5600000
8820,COM01235.00,2015,Coal mined,F.coc,5600000
8821,COM01235.00,2016,Clean coal,F.coc,5500000
8822,COM01235.00,2016,Coal mined,F.coc,5500000
8823,COM01235.00,2017,Clean coal,F.coc,6600000
8824,COM01235.00,2017,Coal mined,F.coc,6600000
8825,COM01235.00,2018,Clean coal,F.coc,6100000
8826,COM01235.00,2018,Coal mined,F.coc,6100000
8827,COM01235.00,2020,Clean coal,F.coc,7000000
8828,COM01235.00,2020,Coal mined,F.coc,7000000
8829,COM01236.00,2007,Clean coal,F.coal,7606000
8830,COM01236.00,2007,Coal mined,F.coal,7606000
8831,COM01236.00,2008,Clean coal,F.coal,8382000
8832,COM01236.00,2008,Coal mined,F.coal,8382000
8833,COM01236.00,2009,Clean coal,F.coal,8520300
8834,COM01236.00,2009,Coal mined,F.coal,8520300
8835,COM01236.00,2010,Clean coal,F.coal,9907700
8836,COM01236.00,2010,Coal mined,F.coal,9907700
8837,COM01236.00,2011,Clean coal,F.coal,10489000
8838,COM01236.00,2011,Coal mined,F.coal,10489000
8839,COM01236.00,2012,Clean coal,F.coc,10200000
8840,COM01236.00,2012,Coal mined,F.coc,10200000
8841,COM01236.00,2013,Clean coal,F.coc,10600000
8842,COM01236.00,2013,Coal mined,F.coc,10600000
8843,COM01236.00,2014,Clean coal,F.coc,11700000
8844,COM01236.00,2014,Coal mined,F.coc,11700000
8845,COM01236.00,2015,Clean coal,F.coc,12000000
8846,COM01236.00,2015,Coal mined,F.coc,12000000
8847,COM01236.00,2016,Clean coal,F.coc,13200000
8848,COM01236.00,2016,Coal mined,F.coc,13200000
8849,COM01236.00,2017,Clean coal,F.coc,13000000
8850,COM01236.00,2017,Coal mined,F.coc,13000000
8851,COM01236.00,2018,Clean coal,F.coc,12900000
8852,COM01236.00,2018,Coal mined,F.coc,12900000
8853,COM01236.00,2020,Clean coal,F.coc,13000000
8854,COM01236.00,2020,Coal mined,F.coc,13000000
8855,COM01237.00,2007,Clean coal,F.coc,28543000
8856,COM01237.00,2007,Coal mined,F.coc,28543000
8857,COM01237.00,2008,Clean coal,F.coc,36990000
8858,COM01237.00,2008,Coal mined,F.coc,36990000
8859,COM01237.00,2009,Clean coal,F.coc,28066500
8860,COM01237.00,2009,Coal mined,F.coc,28066500
8861,COM01237.00,2010,Clean coal,F.coc,29546300
8862,COM01237.00,2010,Coal mined,F.coc,29546300
8863,COM01237.00,2011,Clean coal,F.coc,28289000
8864,COM01237.00,2011,Coal mined,F.coc,28289000
8865,COM01237.00,2012,Clean coal,F.lig,29500000
8866,COM01237.00,2012,Coal mined,F.lig,29500000
8867,COM01237.00,2013,Clean coal,F.lig,26500000
8868,COM01237.00,2013,Coal mined,F.lig,26500000
8869,COM01237.00,2014,Clean coal,F.lig,27000000
8870,COM01237.00,2014,Coal mined,F.lig,27000000
8871,COM01237.00,2015,Clean coal,F.lig,28474000
8872,COM01237.00,2015,Coal mined,F.lig,28474000
8873,COM01237.00,2016,Clean coal,F.lig,27100000
8874,COM01237.00,2016,Coal mined,F.lig,27100000
8875,COM01237.00,2017,Clean coal,F.lig,27600000
8876,COM01237.00,2017,Coal mined,F.lig,27600000
8877,COM01237.00,2018,Clean coal,F.lig,29600000
8878,COM01237.00,2018,Coal mined,F.lig,29600000
8879,COM01237.00,2020,Clean coal,F.lig,25000000
8880,COM01237.00,2020,Coal mined,F.lig,25000000
8881,COM01238.00,2007,Clean coal,F.coal,4436000
8882,COM01238.00,2007,Coal mined,F.coal,4436000
8883,COM01238.00,2008,Clean coal,F.coal,4457000
8884,COM01238.00,2008,Coal mined,F.coal,4457000
8885,COM01238.00,2009,Clean coal,F.coal,5214900
8886,COM01238.00,2009,Coal mined,F.coal,5214900
8887,COM01238.00,2010,Clean coal,F.coal,5171200
8888,COM01238.00,2010,Coal mined,F.coal,5171200
8889,COM01238.00,2011,Clean coal,F.coal,5692000
8890,COM01238.00,2011,Coal mined,F.coal,5692000
8891,COM01238.00,2012,Clean coal,F.coal,4700000
8892,COM01238.00,2012,Coal mined,F.coal,4700000
8893,COM01238.00,2013,Clean coal,F.coal,4100000
8894,COM01238.00,2013,Coal mined,F.coal,4100000
8895,COM01238.00,2014,Clean coal,F.coc,700000
8896,COM01238.00,2014,Clean coal,F.lig,2900000
8897,COM01238.00,2014,Coal mined,F.coc,700000
8898,COM01238.00,2014,Coal mined,F.lig,2900000
8899,COM01238.00,2015,Clean coal,F.coc,800000
8900,COM01238.00,2015,Clean coal,F.lig,4400000
8901,COM01238.00,2015,Coal mined,F.coc,800000
8902,COM01238.00,2015,Coal mined,F.lig,4400000
8903,COM01238.00,2016,Clean coal,F.coc,600000
8904,COM01238.00,2016,Clean coal,F.lig,2900000
8905,COM01238.00,2016,Coal mined,F.coc,600000
8906,COM01238.00,2016,Coal mined,F.lig,2900000
8907,COM01238.00,2017,Clean coal,F.coc,70000
8908,COM01238.00,2017,Clean coal,F.lig,3500000
8909,COM01238.00,2017,Coal mined,F.coc,70000
8910,COM01238.00,2017,Coal mined,F.lig,3500000
8911,COM01238.00,2018,Clean coal,F.coc,300000
8912,COM01238.00,2018,Clean coal,F.lig,3300000
8913,COM01238.00,2018,Coal mined,F.coc,300000
8914,COM01238.00,2018,Coal mined,F.lig,3300000
8915,COM01238.00,2020,Clean coal,F.coc,500000
8916,COM01238.00,2020,Clean coal,F.lig,6000000
8917,COM01238.00,2020,Coal mined,F.coc,500000
8918,COM01238.00,2020,Coal mined,F.lig,6000000
8919,COM01239.00,2007,Clean coal,F.coal,4102000
8920,COM01239.00,2007,Coal mined,F.coal,4102000
8921,COM01239.00,2008,Clean coal,F.coal,4526000
8922,COM01239.00,2008,Coal mined,F.coal,4526000
8923,COM01239.00,2009,Clean coal,F.coal,5444100
8924,COM01239.00,2009,Coal mined,F.coal,5444100
8925,COM01239.00,2010,Clean coal,F.coal,5646000
8926,COM01239.00,2010,Coal mined,F.coal,5646000
8927,COM01239.00,2011,Clean coal,F.coal,5500000
8928,COM01239.00,2011,Coal mined,F.coal,5500000
8929,COM01239.00,2012,Clean coal,F.lig,4400000
8930,COM01239.00,2012,Coal mined,F.lig,4400000
8931,COM01239.00,2013,Clean coal,F.coc,700000
8932,COM01239.00,2013,Clean coal,F.lig,4800000
8933,COM01239.00,2013,Coal mined,F.coc,700000
8934,COM01239.00,2013,Coal mined,F.lig,4800000
8935,COM01239.00,2014,Clean coal,F.coc,1000000
8936,COM01239.00,2014,Clean coal,F.lig,4000000
8937,COM01239.00,2014,Coal mined,F.coc,1000000
8938,COM01239.00,2014,Coal mined,F.lig,4000000
8939,COM01239.00,2015,Clean coal,F.coc,400000
8940,COM01239.00,2015,Clean coal,F.lig,3800000
8941,COM01239.00,2015,Coal mined,F.coc,400000
8942,COM01239.00,2015,Coal mined,F.lig,3800000
8943,COM01239.00,2016,Clean coal,F.coc,300000
8944,COM01239.00,2016,Clean coal,F.lig,4100000
8945,COM01239.00,2016,Coal mined,F.coc,300000
8946,COM01239.00,2016,Coal mined,F.lig,4100000
8947,COM01239.00,2017,Clean coal,F.coc,700000
8948,COM01239.00,2017,Clean coal,F.lig,4500000
8949,COM01239.00,2017,Coal mined,F.coc,700000
8950,COM01239.00,2017,Coal mined,F.lig,4500000
8951,COM01239.00,2018,Clean coal,F.coc,600000
8952,COM01239.00,2018,Clean coal,F.lig,5400000
8953,COM01239.00,2018,Coal mined,F.coc,600000
8954,COM01239.00,2018,Coal mined,F.lig,5400000
8955,COM01239.00,2020,Clean coal,F.coc,1000000
8956,COM01239.00,2020,Clean coal,F.lig,4000000
8957,COM01239.00,2020,Coal mined,F.coc,1000000
8958,COM01239.00,2020,Coal mined,F.lig,4000000
8959,COM01240.00,2000,Clean coal,F.coal,5261760
8960,COM01240.00,2000,Coal mined,F.coal,5261760
8961,COM01240.00,2001,Clean coal,F.coal,6441120
8962,COM01240.00,2001,Coal mined,F.coal,6441120
8963,COM01240.00,2002,Clean coal,F.coal,6531840
8964,COM01240.00,2002,Coal mined,F.coal,6531840
8965,COM01240.00,2003,Clean coal,F.coal,6804000
8966,COM01240.00,2003,Coal mined,F.coal,6804000
8967,COM01240.00,2004,Clean coal,F.coal,7076160
8968,COM01240.00,2004,Coal mined,F.coal,7076160
8969,COM01240.00,2005,Clean coal,F.coal,6804000
8970,COM01240.00,2005,Coal mined,F.coal,6804000
8971,COM01240.00,2006,Clean coal,F.coal,6713280
8972,COM01240.00,2006,Coal mined,F.coal,6713280
8973,COM01240.00,2007,Clean coal,F.coal,6078240
8974,COM01240.00,2007,Coal mined,F.coal,6078240
8975,COM01240.00,2008,Clean coal,F.coal,6713280
8976,COM01240.00,2008,Coal mined,F.coal,6713280
8977,COM01240.00,2009,Clean coal,F.coal,5987520
8978,COM01240.00,2009,Coal mined,F.coal,5987520
8979,COM01240.00,2010,Clean coal,F.coal,5533920
8980,COM01240.00,2010,Coal mined,F.coal,5533920
8981,COM01240.00,2011,Clean coal,F.coal,5533920
8982,COM01240.00,2011,Coal mined,F.coal,5533920
8983,COM01240.00,2012,Clean coal,F.coal,5080320
8984,COM01240.00,2012,Coal mined,F.coal,5080320
8985,COM01244.00,2003,Clean coal,F.coal,1473018
8986,COM01244.00,2003,Coal mined,F.coal,1473018
8987,COM01244.00,2004,Clean coal,F.coal,1336415
8988,COM01244.00,2004,Coal mined,F.coal,1336415
8989,COM01244.00,2005,Clean coal,F.coal,1137433
8990,COM01244.00,2005,Coal mined,F.coal,1137433
8991,COM01244.00,2006,Clean coal,F.coal,1059545
8992,COM01244.00,2006,Coal mined,F.coal,1059545
8993,COM01244.00,2007,Clean coal,F.coal,652192
8994,COM01244.00,2007,Coal mined,F.coal,652192
8995,COM01244.00,2008,Clean coal,F.coal,901582
8996,COM01244.00,2008,Coal mined,F.coal,901582
8997,COM01244.00,2009,Clean coal,F.coal,945651
8998,COM01244.00,2009,Coal mined,F.coal,945651
8999,COM01244.00,2010,Clean coal,F.coal,967201
9000,COM01244.00,2010,Coal mined,F.coal,967201
9001,COM01244.00,2011,Clean coal,F.coal,334966
9002,COM01244.00,2011,Coal mined,F.coal,334966
9003,COM01244.00,2012,Clean coal,F.coal,362880
9004,COM01244.00,2012,Coal mined,F.coal,362880
9005,COM01244.00,2013,Clean coal,F.coal,362880
9006,COM01244.00,2013,Coal mined,F.coal,362880
9007,COM01244.00,2014,Clean coal,F.coal,453600
9008,COM01244.00,2014,Coal mined,F.coal,453600
9009,COM01244.00,2015,Clean coal,F.coal,181440
9010,COM01244.00,2015,Coal mined,F.coal,181440
9011,COM01245.00,2003,Clean coal,F.coal,7800000
9012,COM01245.00,2003,Coal mined,F.coal,7800000
9013,COM01245.00,2004,Clean coal,F.coal,6790000
9014,COM01245.00,2004,Coal mined,F.coal,6790000
9015,COM01245.00,2005,Clean coal,F.coal,7100000
9016,COM01245.00,2005,Coal mined,F.coal,7100000
9017,COM01245.00,2006,Clean coal,F.coal,8800000
9018,COM01245.00,2006,Coal mined,F.coal,8800000
9019,COM01245.00,2007,Clean coal,F.coal,8400000
9020,COM01245.00,2007,Coal mined,F.coal,8400000
9021,COM01245.00,2008,Clean coal,F.coal,9300000
9022,COM01245.00,2008,Coal mined,F.coal,9300000
9023,COM01245.00,2009,Clean coal,F.coal,9500000
9024,COM01245.00,2009,Coal mined,F.coal,9500000
9025,COM01245.00,2010,Clean coal,F.coal,9900000
9026,COM01245.00,2010,Coal mined,F.coal,9900000
9027,COM01245.00,2011,Clean coal,F.coal,9700000
9028,COM01245.00,2011,Coal mined,F.coal,9700000
9029,COM01245.00,2012,Clean coal,F.coal,10000000
9030,COM01245.00,2012,Coal mined,F.coal,10000000
9031,COM01245.00,2013,Clean coal,F.coal,9600000
9032,COM01245.00,2013,Coal mined,F.coal,9600000
9033,COM01245.00,2014,Clean coal,F.coal,9700000
9034,COM01245.00,2014,Coal mined,F.coal,9700000
9035,COM01245.00,2015,Clean coal,F.coal,10600000
9036,COM01245.00,2015,Coal mined,F.coal,10600000
9037,COM01245.00,2016,Clean coal,F.coal,11100000
9038,COM01245.00,2016,Coal mined,F.coal,11100000
9039,COM01245.00,2017,Clean coal,F.coal,10900000
9040,COM01245.00,2017,Coal mined,F.coal,10900000
9041,COM01245.00,2018,Clean coal,F.coal,10500000
9042,COM01245.00,2018,Coal mined,F.coal,10500000
9043,COM01245.00,2019,Clean coal,F.coal,10100000
9044,COM01245.00,2019,Coal mined,F.coal,10100000
9045,COM01245.00,2020,Clean coal,F.coal,9100000
9046,COM01245.00,2020,Coal mined,F.coal,9100000
9047,COM01246.00,2008,Clean coal,F.coal,230000
9048,COM01246.00,2008,Coal mined,F.coal,230000
9049,COM01246.00,2009,Clean coal,F.coal,780000
9050,COM01246.00,2009,Coal mined,F.coal,780000
9051,COM01246.00,2010,Clean coal,F.coal,1200000
9052,COM01246.00,2010,Coal mined,F.coal,1200000
9053,COM01246.00,2011,Clean coal,F.coal,1700000
9054,COM01246.00,2011,Coal mined,F.coal,1700000
9055,COM01246.00,2012,Clean coal,F.coal,2000000
9056,COM01246.00,2012,Coal mined,F.coal,2000000
9057,COM01246.00,2013,Clean coal,F.coal,1900000
9058,COM01246.00,2013,Coal mined,F.coal,1900000
9059,COM01246.00,2014,Clean coal,F.coal,1900000
9060,COM01246.00,2014,Coal mined,F.coal,1900000
9061,COM01246.00,2015,Clean coal,F.coal,6400000
9062,COM01246.00,2015,Coal mined,F.coal,6400000
9063,COM01246.00,2016,Clean coal,F.coal,15600000
9064,COM01246.00,2016,Coal mined,F.coal,15600000
9065,COM01246.00,2017,Clean coal,F.coal,15600000
9066,COM01246.00,2017,Coal mined,F.coal,15600000
9067,COM01246.00,2018,Clean coal,F.coal,22700000
9068,COM01246.00,2018,Coal mined,F.coal,22700000
9069,COM01246.00,2019,Clean coal,F.coal,25300000
9070,COM01246.00,2019,Coal mined,F.coal,25300000
9071,COM01250.00,2007,Clean coal,F.coal,257000
9072,COM01250.00,2007,Coal mined,F.coal,257000
9073,COM01250.00,2008,Clean coal,F.coal,1486000
9074,COM01250.00,2008,Coal mined,F.coal,1486000
9075,COM01250.00,2009,Clean coal,F.coal,1232000
9076,COM01250.00,2009,Coal mined,F.coal,1232000
9077,COM01250.00,2010,Clean coal,F.coal,936000
9078,COM01250.00,2010,Coal mined,F.coal,936000
9079,COM01250.00,2011,Clean coal,F.coal,1721000
9080,COM01250.00,2011,Coal mined,F.coal,1721000
9081,COM01250.00,2012,Clean coal,F.coal,1605000
9082,COM01250.00,2012,Coal mined,F.coal,1605000
9083,COM01250.00,2014,Clean coal,F.coal,1820000
9084,COM01250.00,2014,Coal mined,F.coal,1820000
9085,COM01250.00,2015,Clean coal,F.coal,2118000
9086,COM01250.00,2015,Coal mined,F.coal,2118000
9087,COM01250.00,2016,Clean coal,F.coal,1781120
9088,COM01250.00,2016,Coal mined,F.coal,1781120
9089,COM01252.00,2021,Clean coal,F.coal,1013000
9090,COM01252.00,2021,Coal mined,F.coal,1013000
9091,COM01257.00,2007,Clean coal,F.coal,8553776
9092,COM01257.00,2007,Coal mined,F.coal,8553776
9093,COM01257.00,2008,Clean coal,F.coal,10086509
9094,COM01257.00,2008,Coal mined,F.coal,10086509
9095,COM01257.00,2009,Clean coal,F.coal,11607914
9096,COM01257.00,2009,Coal mined,F.coal,11607914
9097,COM01257.00,2010,Clean coal,F.coal,11871796
9098,COM01257.00,2010,Coal mined,F.coal,11871796
9099,COM01257.00,2011,Clean coal,F.coal,14244456
9100,COM01257.00,2011,Coal mined,F.coal,14244456
9101,COM01257.00,2012,Clean coal,F.coal,14354097
9102,COM01257.00,2012,Coal mined,F.coal,14354097
9103,COM01257.00,2013,Clean coal,F.coal,14009687
9104,COM01257.00,2013,Coal mined,F.coal,14009687
9105,COM01257.00,2014,Clean coal,F.coal,15510355
9106,COM01257.00,2014,Coal mined,F.coal,15510355
9107,COM01257.00,2015,Clean coal,F.coal,18575390
9108,COM01257.00,2015,Coal mined,F.coal,18575390
9109,COM01257.00,2016,Clean coal,F.coal,18778867
9110,COM01257.00,2016,Coal mined,F.coal,18778867
9111,COM01257.00,2017,Clean coal,F.coal,23375293
9112,COM01257.00,2017,Coal mined,F.coal,23375293
9113,COM01257.00,2018,Clean coal,F.coal,25368000
9114,COM01257.00,2018,Coal mined,F.coal,25368000
9115,COM01257.00,2019,Clean coal,F.coal,28075437
9116,COM01257.00,2019,Coal mined,F.coal,28075437
9117,COM01257.00,2020,Clean coal,F.coal,24234371
9118,COM01257.00,2020,Coal mined,F.coal,24234371
9119,COM01263.00,2001,Clean coal,F.stc,5276000
9120,COM01263.00,2001,Coal mined,F.stc,5276000
9121,COM01263.00,2002,Clean coal,F.stc,5685000
9122,COM01263.00,2002,Coal mined,F.stc,5685000
9123,COM01263.00,2003,Clean coal,F.stc,6538000
9124,COM01263.00,2003,Coal mined,F.stc,6538000
9125,COM01263.00,2005,Clean coal,F.coal,6470000
9126,COM01263.00,2005,Coal mined,F.coal,6470000
9127,COM01263.00,2006,Clean coal,F.coal,6979000
9128,COM01263.00,2006,Coal mined,F.coal,6979000
9129,COM01264.00,2006,Clean coal,F.coal,3301503
9130,COM01264.00,2006,Coal mined,F.coal,3301503
9131,COM01264.00,2007,Clean coal,F.coal,7816700
9132,COM01264.00,2007,Coal mined,F.coal,7816700
9133,COM01264.00,2008,Clean coal,F.coal,7550503
9134,COM01264.00,2008,Coal mined,F.coal,10254958
9135,COM01264.00,2009,Clean coal,F.coal,11642504
9136,COM01264.00,2009,Coal mined,F.coal,15845766
9137,COM01264.00,2010,Clean coal,F.coal,14130000
9138,COM01264.00,2010,Coal mined,F.coal,20800000
9139,COM01264.00,2011,Clean coal,F.coal,16110000
9140,COM01264.00,2011,Coal mined,F.coal,23000000
9141,COM01264.00,2013,Clean coal,F.coal,15965100
9142,COM01264.00,2013,Coal mined,F.coal,20061800
9143,COM01264.00,2014,Clean coal,F.coal,16044700
9144,COM01264.00,2014,Coal mined,F.coal,21092000
9145,COM01264.00,2015,Clean coal,F.coal,15198100
9146,COM01264.00,2015,Coal mined,F.coal,25476300
9147,COM01264.00,2016,Clean coal,F.coal,16979200
9148,COM01264.00,2016,Coal mined,F.coal,22453300
9149,COM01264.00,2017,Clean coal,F.coal,19015600
9150,COM01264.00,2017,Coal mined,F.coal,22626700
9151,COM01264.00,2018,Clean coal,F.coal,21378300
9152,COM01264.00,2018,Coal mined,F.coal,25470000
9153,COM01264.00,2019,Clean coal,F.coal,23598400
9154,COM01264.00,2019,Coal mined,F.coal,28597100
9155,COM01264.00,2020,Clean coal,F.coal,23348500
9156,COM01264.00,2020,Coal mined,F.coal,26812300
9157,COM01269.00,2007,Clean coal,F.coal,20000
9158,COM01269.00,2007,Coal mined,F.coal,20000
9159,COM01269.00,2008,Clean coal,F.coal,190000
9160,COM01269.00,2008,Coal mined,F.coal,190000
9161,COM01269.00,2009,Clean coal,F.coal,1340000
9162,COM01269.00,2009,Coal mined,F.coal,1340000
9163,COM01269.00,2010,Clean coal,F.coal,1600000
9164,COM01269.00,2010,Coal mined,F.coal,1600000
9165,COM01269.00,2011,Clean coal,F.coal,2600000
9166,COM01269.00,2011,Coal mined,F.coal,2600000
9167,COM01269.00,2012,Clean coal,F.coal,3700000
9168,COM01269.00,2012,Coal mined,F.coal,3700000
9169,COM01269.00,2013,Clean coal,F.coal,2700000
9170,COM01269.00,2013,Coal mined,F.coal,2700000
9171,COM01269.00,2014,Clean coal,F.coal,2200000
9172,COM01269.00,2014,Coal mined,F.coal,2200000
9173,COM01269.00,2015,Clean coal,F.coal,2200000
9174,COM01269.00,2015,Coal mined,F.coal,2200000
9175,COM01269.00,2016,Clean coal,F.coal,2000000
9176,COM01269.00,2016,Coal mined,F.coal,2000000
9177,COM01269.00,2017,Clean coal,F.coal,3000000
9178,COM01269.00,2017,Coal mined,F.coal,3000000
9179,COM01269.00,2018,Clean coal,F.coal,3500000
9180,COM01269.00,2018,Coal mined,F.coal,3500000
9181,COM01269.00,2019,Clean coal,F.coal,3400000
9182,COM01269.00,2019,Coal mined,F.coal,3400000
9183,COM01280.00,2006,Clean coal,F.stc,100000
9184,COM01280.00,2006,Coal mined,F.stc,100000
9185,COM01280.00,2007,Clean coal,F.stc,1200000
9186,COM01280.00,2007,Coal mined,F.stc,1200000
9187,COM01280.00,2008,Clean coal,F.stc,1100000
9188,COM01280.00,2008,Coal mined,F.stc,1100000
9189,COM01280.00,2009,Clean coal,F.stc,1000000
9190,COM01280.00,2009,Coal mined,F.stc,1000000
9191,COM01280.00,2010,Clean coal,F.stc,1500000
9192,COM01280.00,2010,Coal mined,F.stc,1500000
9193,COM01280.00,2011,Clean coal,F.stc,1200000
9194,COM01280.00,2011,Coal mined,F.stc,1200000
9195,COM01280.00,2012,Clean coal,F.stc,1400000
9196,COM01280.00,2012,Coal mined,F.stc,1400000
9197,COM01280.00,2013,Clean coal,F.stc,1500000
9198,COM01280.00,2013,Coal mined,F.stc,1500000
9199,COM01280.00,2014,Clean coal,F.stc,1600000
9200,COM01280.00,2014,Coal mined,F.stc,1600000
9201,COM01280.00,2015,Clean coal,F.stc,700000
9202,COM01280.00,2015,Coal mined,F.stc,700000
9203,COM01280.00,2016,Clean coal,F.stc,1593000
9204,COM01280.00,2016,Coal mined,F.stc,1608000
9205,COM01280.00,2017,Clean coal,F.stc,1319000
9206,COM01280.00,2017,Coal mined,F.stc,1730000
9207,COM01280.00,2018,Clean coal,F.stc,1714000
9208,COM01280.00,2018,Coal mined,F.stc,1730000
9209,COM01280.00,2019,Clean coal,F.stc,1717000
9210,COM01280.00,2019,Coal mined,F.stc,1717000
9211,COM01280.00,2020,Clean coal,F.stc,1612000
9212,COM01280.00,2020,Coal mined,F.stc,1612000
9213,COM01288.00,2001,Clean coal,F.coc,2252000
9214,COM01288.00,2001,Clean coal,F.stc,430000
9215,COM01288.00,2001,Coal mined,F.coc,2252000
9216,COM01288.00,2001,Coal mined,F.stc,430000
9217,COM01288.00,2002,Clean coal,F.coc,2290000
9218,COM01288.00,2002,Clean coal,F.stc,436000
9219,COM01288.00,2002,Coal mined,F.coc,2290000
9220,COM01288.00,2002,Coal mined,F.stc,436000
9221,COM01288.00,2003,Clean coal,F.coc,2727000
9222,COM01288.00,2003,Coal mined,F.coc,2727000
9223,COM01288.00,2004,Clean coal,F.coc,2660000
9224,COM01288.00,2004,Coal mined,F.coc,2660000
9225,COM01288.00,2005,Clean coal,F.coc,2607000
9226,COM01288.00,2005,Coal mined,F.coc,2607000
9227,COM01288.00,2006,Clean coal,F.coc,2477000
9228,COM01288.00,2006,Coal mined,F.coc,2477000
9229,COM01288.00,2007,Clean coal,F.coc,2385000
9230,COM01288.00,2007,Clean coal,F.stc,36000
9231,COM01288.00,2007,Coal mined,F.coc,2385000
9232,COM01288.00,2007,Coal mined,F.stc,36000
9233,COM01288.00,2008,Clean coal,F.coc,1952000
9234,COM01288.00,2008,Clean coal,F.stc,99000
9235,COM01288.00,2008,Coal mined,F.coc,1952000
9236,COM01288.00,2008,Coal mined,F.stc,99000
9237,COM01288.00,2009,Clean coal,F.coc,1300000
9238,COM01288.00,2009,Coal mined,F.coc,1300000
9239,COM01288.00,2010,Clean coal,F.coc,2000000
9240,COM01288.00,2010,Coal mined,F.coc,2000000
9241,COM01288.00,2011,Clean coal,F.coc,1800000
9242,COM01288.00,2011,Clean coal,F.stc,300000
9243,COM01288.00,2011,Coal mined,F.coc,1800000
9244,COM01288.00,2011,Coal mined,F.stc,300000
9245,COM01288.00,2012,Clean coal,F.coc,1700000
9246,COM01288.00,2012,Clean coal,F.stc,400000
9247,COM01288.00,2012,Coal mined,F.coc,1700000
9248,COM01288.00,2012,Coal mined,F.stc,400000
9249,COM01288.00,2013,Clean coal,F.coc,1400000
9250,COM01288.00,2013,Clean coal,F.stc,600000
9251,COM01288.00,2013,Coal mined,F.coc,1400000
9252,COM01288.00,2013,Coal mined,F.stc,600000
9253,COM01288.00,2014,Clean coal,F.coc,900000
9254,COM01288.00,2014,Clean coal,F.stc,900000
9255,COM01288.00,2014,Coal mined,F.coc,900000
9256,COM01288.00,2014,Coal mined,F.stc,900000
9257,COM01288.00,2015,Clean coal,F.coc,800000
9258,COM01288.00,2015,Clean coal,F.stc,700000
9259,COM01288.00,2015,Coal mined,F.coc,800000
9260,COM01288.00,2015,Coal mined,F.stc,700000
9261,COM01288.00,2016,Clean coal,F.coc,800000
9262,COM01288.00,2016,Clean coal,F.stc,600000
9263,COM01288.00,2016,Coal mined,F.coc,800000
9264,COM01288.00,2016,Coal mined,F.stc,600000
9265,COM01288.00,2017,Clean coal,F.coc,400000
9266,COM01288.00,2017,Clean coal,F.stc,500000
9267,COM01288.00,2017,Coal mined,F.coc,400000
9268,COM01288.00,2017,Coal mined,F.stc,500000
9269,COM01288.00,2018,Clean coal,F.coc,400000
9270,COM01288.00,2018,Clean coal,F.stc,400000
9271,COM01288.00,2018,Coal mined,F.coc,400000
9272,COM01288.00,2018,Coal mined,F.stc,400000
9273,COM01288.00,2019,Clean coal,F.coc,500000
9274,COM01288.00,2019,Clean coal,F.stc,300000
9275,COM01288.00,2019,Coal mined,F.coc,500000
9276,COM01288.00,2019,Coal mined,F.stc,300000
9277,COM01288.00,2020,Clean coal,F.coc,500000
9278,COM01288.00,2020,Clean coal,F.stc,400000
9279,COM01288.00,2020,Coal mined,F.coc,500000
9280,COM01288.00,2020,Coal mined,F.stc,400000
9281,COM01297.00,2006,Clean coal,F.coal,1858000
9282,COM01297.00,2006,Coal mined,F.coal,1858000
9283,COM01297.00,2007,Clean coal,F.coal,1801000
9284,COM01297.00,2007,Coal mined,F.coal,1801000
9285,COM01297.00,2008,Clean coal,F.coal,1322000
9286,COM01297.00,2008,Coal mined,F.coal,1322000
9287,COM01297.00,2009,Clean coal,F.coal,926000
9288,COM01297.00,2009,Coal mined,F.coal,926000
9289,COM01297.00,2010,Clean coal,F.coal,519000
9290,COM01297.00,2010,Coal mined,F.coal,519000
9291,COM01297.00,2011,Clean coal,F.coal,473000
9292,COM01297.00,2011,Coal mined,F.coal,473000
9293,COM01298.00,2000,Clean coal,F.coc,375000
9294,COM01298.00,2000,Coal mined,F.coc,375000
9295,COM01298.00,2001,Clean coal,F.coc,408000
9296,COM01298.00,2001,Coal mined,F.coc,408000
9297,COM01298.00,2002,Clean coal,F.coc,404000
9298,COM01298.00,2002,Coal mined,F.coc,404000
9299,COM01298.00,2003,Clean coal,F.coc,381000
9300,COM01298.00,2003,Coal mined,F.coc,381000
9301,COM01298.00,2004,Clean coal,F.coc,437000
9302,COM01298.00,2004,Coal mined,F.coc,437000
9303,COM01298.00,2005,Clean coal,F.coc,414000
9304,COM01298.00,2005,Coal mined,F.coc,414000
9305,COM01298.00,2006,Clean coal,F.coc,381000
9306,COM01298.00,2006,Coal mined,F.coc,381000
9307,COM01298.00,2007,Clean coal,F.coc,463000
9308,COM01298.00,2007,Coal mined,F.coc,463000
9309,COM01298.00,2008,Clean coal,F.coc,327000
9310,COM01298.00,2008,Coal mined,F.coc,327000
9311,COM01298.00,2009,Clean coal,F.coc,268000
9312,COM01298.00,2009,Coal mined,F.coc,268000
9313,COM01298.00,2010,Clean coal,F.coc,285000
9314,COM01298.00,2010,Coal mined,F.coc,285000
9315,COM01298.00,2011,Clean coal,F.coc,299000
9316,COM01298.00,2011,Coal mined,F.coc,299000
9317,COM01298.00,2012,Clean coal,F.coc,339000
9318,COM01298.00,2012,Coal mined,F.coc,339000
9319,COM01298.00,2013,Clean coal,F.coc,343000
9320,COM01298.00,2013,Coal mined,F.coc,343000
9321,COM01298.00,2014,Clean coal,F.coc,154000
9322,COM01298.00,2014,Coal mined,F.coc,154000
9323,COM01299.00,2009,Clean coal,F.coc,3258225
9324,COM01299.00,2009,Coal mined,F.coc,3258225
9325,COM01299.00,2010,Clean coal,F.coc,1946925
9326,COM01299.00,2010,Coal mined,F.coc,1946925
9327,COM01299.00,2011,Clean coal,F.coc,882039
9328,COM01299.00,2011,Coal mined,F.coc,882039
9329,COM01299.00,2012,Clean coal,F.coc,2243705
9330,COM01299.00,2012,Coal mined,F.coc,2243705
9331,COM01299.00,2013,Clean coal,F.coc,2243705
9332,COM01299.00,2013,Coal mined,F.coc,2243705
9333,COM01299.00,2014,Clean coal,F.coc,1697885
9334,COM01299.00,2014,Coal mined,F.coc,1697885
9335,COM01299.00,2015,Clean coal,F.coc,553711
9336,COM01299.00,2015,Coal mined,F.coc,553711
9337,COM01299.00,2016,Clean coal,F.coc,1048394
9338,COM01299.00,2016,Coal mined,F.coc,1048394
9339,COM01299.00,2017,Clean coal,F.coc,1086752
9340,COM01299.00,2017,Coal mined,F.coc,1086752
9341,COM01302.00,2010,Clean coal,F.coal,90720
9342,COM01302.00,2010,Coal mined,F.coal,90720
9343,COM01302.00,2011,Clean coal,F.coal,272160
9344,COM01302.00,2011,Coal mined,F.coal,272160
9345,COM01302.00,2012,Clean coal,F.coal,1814400
9346,COM01302.00,2012,Coal mined,F.coal,1814400
9347,COM01302.00,2013,Clean coal,F.coal,3356640
9348,COM01302.00,2013,Coal mined,F.coal,3356640
9349,COM01302.00,2014,Clean coal,F.coal,5715360
9350,COM01302.00,2014,Coal mined,F.coal,5715360
9351,COM01302.00,2015,Clean coal,F.coal,5080320
9352,COM01302.00,2015,Coal mined,F.coal,5080320
9353,COM01302.00,2016,Clean coal,F.coal,5987520
9354,COM01302.00,2016,Coal mined,F.coal,5987520
9355,COM01302.00,2017,Clean coal,F.coal,6168960
9356,COM01302.00,2017,Coal mined,F.coal,6168960
9357,COM01302.00,2018,Clean coal,F.coal,6168960
9358,COM01302.00,2018,Coal mined,F.coal,6168960
9359,COM01302.00,2019,Clean coal,F.coal,6713280
9360,COM01302.00,2019,Coal mined,F.coal,6713280
9361,COM01303.00,2010,Clean coal,F.obc,816480
9362,COM01303.00,2010,Coal mined,F.obc,816480
9363,COM01303.00,2011,Clean coal,F.obc,816480
9364,COM01303.00,2011,Coal mined,F.obc,816480
9365,COM01303.00,2012,Clean coal,F.obc,637762
9366,COM01303.00,2012,Coal mined,F.obc,637762
9367,COM01303.00,2013,Clean coal,F.obc,849139
9368,COM01303.00,2013,Coal mined,F.obc,849139
9369,COM01303.00,2014,Clean coal,F.obc,1075032
9370,COM01303.00,2014,Coal mined,F.obc,1075032
9371,COM01303.00,2015,Clean coal,F.obc,610546
9372,COM01303.00,2015,Coal mined,F.obc,610546
9373,COM01303.00,2016,Clean coal,F.obc,408240
9374,COM01303.00,2016,Coal mined,F.obc,408240
9375,COM01303.00,2017,Clean coal,F.obc,191419
9376,COM01303.00,2017,Coal mined,F.obc,191419
9377,COM01303.00,2018,Clean coal,F.obc,62597
9378,COM01303.00,2018,Coal mined,F.obc,62597
9379,COM01306.00,2007,Clean coal,F.stc,5000000
9380,COM01306.00,2007,Coal mined,F.stc,5000000
9381,COM01306.00,2008,Clean coal,F.stc,6200000
9382,COM01306.00,2008,Coal mined,F.stc,6200000
9383,COM01306.00,2009,Clean coal,F.stc,5500000
9384,COM01306.00,2009,Coal mined,F.stc,5500000
9385,COM01306.00,2010,Clean coal,F.stc,5700000
9386,COM01306.00,2010,Coal mined,F.stc,5700000
9387,COM01306.00,2011,Clean coal,F.stc,3800000
9388,COM01306.00,2011,Coal mined,F.stc,3800000
9389,COM01306.00,2012,Clean coal,F.stc,4600000
9390,COM01306.00,2012,Coal mined,F.stc,4600000
9391,COM01306.00,2013,Clean coal,F.stc,5400000
9392,COM01306.00,2013,Coal mined,F.stc,5400000
9393,COM01306.00,2014,Clean coal,F.stc,4900000
9394,COM01306.00,2014,Coal mined,F.stc,4900000
9395,COM01306.00,2015,Clean coal,F.stc,5400000
9396,COM01306.00,2015,Coal mined,F.stc,5400000
9397,COM01306.00,2016,Clean coal,F.stc,7690000
9398,COM01306.00,2016,Coal mined,F.stc,7690000
9399,COM01306.00,2017,Clean coal,F.stc,9350000
9400,COM01306.00,2017,Coal mined,F.stc,9350000
9401,COM01306.00,2018,Clean coal,F.stc,10040000
9402,COM01306.00,2018,Coal mined,F.stc,10040000
9403,COM01306.00,2019,Clean coal,F.stc,8790000
9404,COM01306.00,2019,Coal mined,F.stc,8790000
9405,COM01307.00,2005,Clean coal,F.stc,8527680
9406,COM01307.00,2005,Coal mined,F.stc,8527680
9407,COM01307.00,2006,Clean coal,F.stc,7801920
9408,COM01307.00,2006,Coal mined,F.stc,7801920
9409,COM01307.00,2007,Clean coal,F.stc,7529760
9410,COM01307.00,2007,Coal mined,F.stc,7529760
9411,COM01307.00,2008,Clean coal,F.stc,7257600
9412,COM01307.00,2008,Coal mined,F.stc,7257600
9413,COM01307.00,2009,Clean coal,F.stc,7076160
9414,COM01307.00,2009,Coal mined,F.stc,7076160
9415,COM01307.00,2010,Clean coal,F.stc,6985440
9416,COM01307.00,2010,Coal mined,F.stc,6985440
9417,COM01307.00,2011,Clean coal,F.stc,6985440
9418,COM01307.00,2011,Coal mined,F.stc,6985440
9419,COM01307.00,2012,Clean coal,F.stc,7257600
9420,COM01307.00,2012,Coal mined,F.stc,7257600
9421,COM01307.00,2013,Clean coal,F.stc,6531840
9422,COM01307.00,2013,Coal mined,F.stc,6531840
9423,COM01307.00,2014,Clean coal,F.stc,6078240
9424,COM01307.00,2014,Coal mined,F.stc,6078240
9425,COM01307.00,2015,Clean coal,F.stc,3175200
9426,COM01307.00,2015,Coal mined,F.stc,3175200
9427,COM01307.00,2016,Clean coal,F.stc,1814400
9428,COM01307.00,2016,Coal mined,F.stc,1814400
9429,COM01307.00,2017,Clean coal,F.stc,3447360
9430,COM01307.00,2017,Coal mined,F.stc,3447360
9431,COM01307.00,2018,Clean coal,F.stc,2812320
9432,COM01307.00,2018,Coal mined,F.stc,2812320
9433,COM01307.00,2019,Clean coal,F.stc,2358720
9434,COM01307.00,2019,Coal mined,F.stc,2358720
9435,COM01309.00,2003,Clean coal,F.coal,13700000
9436,COM01309.00,2003,Coal mined,F.coal,13700000
9437,COM01309.00,2004,Clean coal,F.coal,14330000
9438,COM01309.00,2004,Coal mined,F.coal,14330000
9439,COM01309.00,2005,Clean coal,F.coal,14000000
9440,COM01309.00,2005,Coal mined,F.coal,14000000
9441,COM01309.00,2006,Clean coal,F.coal,10500000
9442,COM01309.00,2006,Coal mined,F.coal,10500000
9443,COM01309.00,2007,Clean coal,F.coal,10100000
9444,COM01309.00,2007,Coal mined,F.coal,10100000
9445,COM01309.00,2008,Clean coal,F.coal,9200000
9446,COM01309.00,2008,Coal mined,F.coal,9200000
9447,COM01309.00,2009,Clean coal,F.coal,6400000
9448,COM01309.00,2009,Coal mined,F.coal,6400000
9449,COM01309.00,2010,Clean coal,F.coal,6600000
9450,COM01309.00,2010,Coal mined,F.coal,6600000
9451,COM01309.00,2011,Clean coal,F.coal,6100000
9452,COM01309.00,2011,Coal mined,F.coal,6100000
9453,COM01309.00,2012,Clean coal,F.coal,6300000
9454,COM01309.00,2012,Coal mined,F.coal,6300000
9455,COM01309.00,2013,Clean coal,F.coal,6100000
9456,COM01309.00,2013,Coal mined,F.coal,6100000
9457,COM01309.00,2014,Clean coal,F.coal,6900000
9458,COM01309.00,2014,Coal mined,F.coal,6900000
9459,COM01309.00,2015,Clean coal,F.coal,7500000
9460,COM01309.00,2015,Coal mined,F.coal,7500000
9461,COM01309.00,2016,Clean coal,F.coal,8200000
9462,COM01309.00,2016,Coal mined,F.coal,8200000
9463,COM01309.00,2017,Clean coal,F.coal,7900000
9464,COM01309.00,2017,Coal mined,F.coal,7900000
9465,COM01309.00,2018,Clean coal,F.coal,8800000
9466,COM01309.00,2018,Coal mined,F.coal,8800000
9467,COM01309.00,2019,Clean coal,F.coal,8700000
9468,COM01309.00,2019,Coal mined,F.coal,8700000
9469,COM01309.00,2020,Clean coal,F.coal,7500000
9470,COM01309.00,2020,Coal mined,F.coal,7500000
9471,COM01313.00,2020,Clean coal,F.stc,333000
9472,COM01313.00,2020,Coal mined,F.stc,501000
9473,COM01315.00,2006,Clean coal,F.stc,5345000
9474,COM01315.00,2006,Coal mined,F.stc,5345000
9475,COM01315.00,2007,Clean coal,F.stc,5637000
9476,COM01315.00,2007,Coal mined,F.stc,5637000
9477,COM01315.00,2008,Clean coal,F.stc,6996000
9478,COM01315.00,2008,Coal mined,F.stc,6996000
9479,COM01315.00,2009,Clean coal,F.stc,4255000
9480,COM01315.00,2009,Coal mined,F.stc,4255000
9481,COM01315.00,2010,Clean coal,F.stc,4802000
9482,COM01315.00,2010,Coal mined,F.stc,4802000
9483,COM01315.00,2011,Clean coal,F.stc,4512000
9484,COM01315.00,2011,Coal mined,F.stc,4512000
9485,COM01315.00,2012,Clean coal,F.stc,6080000
9486,COM01315.00,2012,Coal mined,F.stc,6080000
9487,COM01315.00,2014,Clean coal,F.stc,9858000
9488,COM01315.00,2014,Coal mined,F.stc,9858000
9489,COM01315.00,2015,Clean coal,F.stc,11643000
9490,COM01315.00,2015,Coal mined,F.stc,11643000
9491,COM01315.00,2016,Clean coal,F.stc,11986580
9492,COM01315.00,2016,Coal mined,F.stc,11986580
9493,COM01315.00,2017,Clean coal,F.stc,10419000
9494,COM01315.00,2017,Coal mined,F.stc,10419000
9495,COM01315.00,2018,Clean coal,F.stc,11738000
9496,COM01315.00,2018,Coal mined,F.stc,11738000
9497,COM01315.00,2019,Clean coal,F.stc,12183000
9498,COM01315.00,2019,Coal mined,F.stc,12183000
9499,COM01317.00,2006,Clean coal,F.coal,2276000
9500,COM01317.00,2006,Coal mined,F.coal,2276000
9501,COM01317.00,2007,Clean coal,F.coal,2513000
9502,COM01317.00,2007,Coal mined,F.coal,2513000
9503,COM01317.00,2008,Clean coal,F.coal,2217000
9504,COM01317.00,2008,Coal mined,F.coal,2217000
9505,COM01317.00,2009,Clean coal,F.coal,2098000
9506,COM01317.00,2009,Coal mined,F.coal,2098000
9507,COM01317.00,2010,Clean coal,F.coal,223000
9508,COM01317.00,2010,Coal mined,F.coal,223000
9509,COM01318.00,2010,Clean coal,F.coal,7200000
9510,COM01318.00,2010,Coal mined,F.coal,7200000
9511,COM01318.00,2011,Clean coal,F.coc,5692000
9512,COM01318.00,2011,Clean coal,F.stc,2013000
9513,COM01318.00,2011,Coal mined,F.coc,5692000
9514,COM01318.00,2011,Coal mined,F.stc,2013000
9515,COM01318.00,2012,Clean coal,F.coc,6229000
9516,COM01318.00,2012,Clean coal,F.stc,507000
9517,COM01318.00,2012,Coal mined,F.coc,6229000
9518,COM01318.00,2012,Coal mined,F.stc,507000
9519,COM01318.00,2013,Clean coal,F.coal,2725000
9520,COM01318.00,2013,Coal mined,F.coal,2725000
9521,COM01318.00,2014,Clean coal,F.coal,2576000
9522,COM01318.00,2014,Coal mined,F.coal,2576000
9523,COM01318.00,2015,Clean coal,F.coal,2940000
9524,COM01318.00,2015,Coal mined,F.coal,2940000
9525,COM01318.00,2016,Clean coal,F.coc,2302000
9526,COM01318.00,2016,Coal mined,F.coc,2302000
9527,COM01318.00,2017,Clean coal,F.coc,2461000
9528,COM01318.00,2017,Coal mined,F.coc,2461000
9529,COM01318.00,2018,Clean coal,F.coc,2683000
9530,COM01318.00,2018,Coal mined,F.coc,2683000
9531,COM01318.00,2019,Clean coal,F.coc,2961000
9532,COM01318.00,2019,Coal mined,F.coc,2961000
9533,COM01324.00,2001,Clean coal,F.coc,993000
9534,COM01324.00,2001,Coal mined,F.coc,993000
9535,COM01324.00,2002,Clean coal,F.coc,1617000
9536,COM01324.00,2002,Coal mined,F.coc,1617000
9537,COM01324.00,2003,Clean coal,F.coc,1871000
9538,COM01324.00,2003,Coal mined,F.coc,1871000
9539,COM01324.00,2004,Clean coal,F.coc,2236000
9540,COM01324.00,2004,Coal mined,F.coc,2236000
9541,COM01324.00,2005,Clean coal,F.coc,1573000
9542,COM01324.00,2005,Coal mined,F.coc,1573000
9543,COM01324.00,2006,Clean coal,F.coc,1880000
9544,COM01324.00,2006,Coal mined,F.coc,1880000
9545,COM01324.00,2007,Clean coal,F.coc,2077000
9546,COM01324.00,2007,Coal mined,F.coc,2077000
9547,COM01324.00,2008,Clean coal,F.coc,1130000
9548,COM01324.00,2008,Coal mined,F.coc,1130000
9549,COM01324.00,2009,Clean coal,F.coc,1300000
9550,COM01324.00,2009,Coal mined,F.coc,1300000
9551,COM01324.00,2010,Clean coal,F.coc,1300000
9552,COM01324.00,2010,Coal mined,F.coc,1300000
9553,COM01324.00,2011,Clean coal,F.coc,1400000
9554,COM01324.00,2011,Coal mined,F.coc,1400000
9555,COM01324.00,2012,Clean coal,F.coc,700000
9556,COM01324.00,2012,Coal mined,F.coc,700000
9557,COM01324.00,2013,Clean coal,F.coc,1000000
9558,COM01324.00,2013,Coal mined,F.coc,1000000
9559,COM01324.00,2014,Clean coal,F.coc,700000
9560,COM01324.00,2014,Coal mined,F.coc,700000
9561,COM01324.00,2015,Clean coal,F.coc,400000
9562,COM01324.00,2015,Coal mined,F.coc,400000
9563,COM01324.00,2016,Clean coal,F.coc,800000
9564,COM01324.00,2016,Coal mined,F.coc,800000
9565,COM01324.00,2017,Clean coal,F.coc,500000
9566,COM01324.00,2017,Coal mined,F.coc,500000
9567,COM01324.00,2018,Clean coal,F.coc,600000
9568,COM01324.00,2018,Coal mined,F.coc,600000
9569,COM01324.00,2019,Clean coal,F.coc,400000
9570,COM01324.00,2019,Coal mined,F.coc,400000
9571,COM01324.00,2020,Clean coal,F.coc,400000
9572,COM01324.00,2020,Coal mined,F.coc,400000
9573,COM01334.00,2000,Clean coal,F.stc,1179360
9574,COM01334.00,2000,Coal mined,F.stc,1179360
9575,COM01334.00,2001,Clean coal,F.stc,907200
9576,COM01334.00,2001,Coal mined,F.stc,907200
9577,COM01334.00,2002,Clean coal,F.stc,1179360
9578,COM01334.00,2002,Coal mined,F.stc,1179360
9579,COM01334.00,2003,Clean coal,F.stc,1270080
9580,COM01334.00,2003,Coal mined,F.stc,1270080
9581,COM01334.00,2004,Clean coal,F.stc,1360800
9582,COM01334.00,2004,Coal mined,F.stc,1360800
9583,COM01334.00,2005,Clean coal,F.stc,1360800
9584,COM01334.00,2005,Coal mined,F.stc,1360800
9585,COM01334.00,2006,Clean coal,F.stc,1360800
9586,COM01334.00,2006,Coal mined,F.stc,1360800
9587,COM01334.00,2007,Clean coal,F.stc,1542240
9588,COM01334.00,2007,Coal mined,F.stc,1542240
9589,COM01334.00,2008,Clean coal,F.stc,3175200
9590,COM01334.00,2008,Coal mined,F.stc,3175200
9591,COM01334.00,2009,Clean coal,F.stc,3265920
9592,COM01334.00,2009,Coal mined,F.stc,3265920
9593,COM01334.00,2010,Clean coal,F.stc,2903040
9594,COM01334.00,2010,Coal mined,F.stc,2903040
9595,COM01334.00,2011,Clean coal,F.stc,1360800
9596,COM01334.00,2011,Coal mined,F.stc,1360800
9597,COM01334.00,2012,Clean coal,F.stc,1179360
9598,COM01334.00,2012,Coal mined,F.stc,1179360
9599,COM01334.00,2013,Clean coal,F.stc,997920
9600,COM01334.00,2013,Coal mined,F.stc,997920
9601,COM01334.00,2014,Clean coal,F.stc,90720
9602,COM01334.00,2014,Coal mined,F.stc,90720
9603,COM01335.00,2003,Clean coal,F.coal,95124
9604,COM01335.00,2003,Coal mined,F.coal,95124
9605,COM01335.00,2004,Clean coal,F.coal,154900
9606,COM01335.00,2004,Coal mined,F.coal,154900
9607,COM01335.00,2005,Clean coal,F.coal,589338
9608,COM01335.00,2005,Coal mined,F.coal,589338
9609,COM01335.00,2006,Clean coal,F.coal,964286
9610,COM01335.00,2006,Coal mined,F.coal,964286
9611,COM01335.00,2007,Clean coal,F.coal,774472
9612,COM01335.00,2007,Coal mined,F.coal,774472
9613,COM01335.00,2008,Clean coal,F.coal,851989
9614,COM01335.00,2008,Coal mined,F.coal,851989
9615,COM01335.00,2009,Clean coal,F.coal,671404
9616,COM01335.00,2009,Coal mined,F.coal,671404
9617,COM01335.00,2010,Clean coal,F.coal,875139
9618,COM01335.00,2010,Coal mined,F.coal,875139
9619,COM01335.00,2011,Clean coal,F.coal,1004898
9620,COM01335.00,2011,Coal mined,F.coal,1004898
9621,COM01335.00,2012,Clean coal,F.coal,907200
9622,COM01335.00,2012,Coal mined,F.coal,907200
9623,COM01335.00,2013,Clean coal,F.coal,544320
9624,COM01335.00,2013,Coal mined,F.coal,544320
9625,COM01335.00,2014,Clean coal,F.coal,453600
9626,COM01335.00,2014,Coal mined,F.coal,453600
9627,COM01335.00,2015,Clean coal,F.coal,544320
9628,COM01335.00,2015,Coal mined,F.coal,544320
9629,COM01336.00,2004,Clean coal,F.coal,410000
9630,COM01336.00,2004,Coal mined,F.coal,410000
9631,COM01336.00,2005,Clean coal,F.coal,1770000
9632,COM01336.00,2005,Coal mined,F.coal,1770000
9633,COM01336.00,2006,Clean coal,F.coal,1640000
9634,COM01336.00,2006,Coal mined,F.coal,1640000
9635,COM01336.00,2007,Clean coal,F.coal,1360000
9636,COM01336.00,2007,Coal mined,F.coal,1360000
9637,COM01336.00,2008,Clean coal,F.coal,1900000
9638,COM01336.00,2008,Coal mined,F.coal,1900000
9639,COM01336.00,2009,Clean coal,F.coal,1440000
9640,COM01336.00,2009,Coal mined,F.coal,1440000
9641,COM01336.00,2010,Clean coal,F.coal,1470000
9642,COM01336.00,2010,Coal mined,F.coal,1470000
9643,COM01336.00,2011,Clean coal,F.coal,1760000
9644,COM01336.00,2011,Coal mined,F.coal,1760000
9645,COM01336.00,2012,Clean coal,F.coal,1870000
9646,COM01336.00,2012,Coal mined,F.coal,1870000
9647,COM01336.00,2013,Clean coal,F.coal,3400000
9648,COM01336.00,2013,Coal mined,F.coal,3400000
9649,COM01336.00,2014,Clean coal,F.coal,4200000
9650,COM01336.00,2014,Coal mined,F.coal,4200000
9651,COM01336.00,2015,Clean coal,F.coal,4500000
9652,COM01336.00,2015,Coal mined,F.coal,4500000
9653,COM01336.00,2016,Clean coal,F.coal,4700000
9654,COM01336.00,2016,Coal mined,F.coal,4700000
9655,COM01336.00,2017,Clean coal,F.coal,4900000
9656,COM01336.00,2017,Coal mined,F.coal,4900000
9657,COM01338.00,2003,Clean coal,F.stc,1936052
9658,COM01338.00,2003,Coal mined,F.stc,1936052
9659,COM01338.00,2004,Clean coal,F.stc,1921057
9660,COM01338.00,2004,Coal mined,F.stc,1921057
9661,COM01338.00,2005,Clean coal,F.stc,2109576
9662,COM01338.00,2005,Coal mined,F.stc,2109576
9663,COM01338.00,2006,Clean coal,F.stc,1890780
9664,COM01338.00,2006,Coal mined,F.stc,1890780
9665,COM01338.00,2007,Clean coal,F.stc,1891961
9666,COM01338.00,2007,Coal mined,F.stc,1891961
9667,COM01338.00,2008,Clean coal,F.stc,2051205
9668,COM01338.00,2008,Coal mined,F.stc,2051205
9669,COM01338.00,2009,Clean coal,F.stc,2042970
9670,COM01338.00,2009,Coal mined,F.stc,2042970
9671,COM01338.00,2010,Clean coal,F.stc,2245557
9672,COM01338.00,2010,Coal mined,F.stc,2245557
9673,COM01338.00,2011,Clean coal,F.stc,1842314
9674,COM01338.00,2011,Coal mined,F.stc,1842314
9675,COM01338.00,2012,Clean coal,F.stc,1905120
9676,COM01338.00,2012,Coal mined,F.stc,1905120
9677,COM01338.00,2013,Clean coal,F.stc,1995840
9678,COM01338.00,2013,Coal mined,F.stc,1995840
9679,COM01338.00,2014,Clean coal,F.stc,1995840
9680,COM01338.00,2014,Coal mined,F.stc,1995840
9681,COM01338.00,2015,Clean coal,F.stc,1905120
9682,COM01338.00,2015,Coal mined,F.stc,1905120
9683,COM01338.00,2016,Clean coal,F.stc,1451520
9684,COM01338.00,2016,Coal mined,F.stc,1451520
9685,COM01338.00,2017,Clean coal,F.stc,1542240
9686,COM01338.00,2017,Coal mined,F.stc,1542240
9687,COM01338.00,2018,Clean coal,F.stc,1632960
9688,COM01338.00,2018,Coal mined,F.stc,1632960
9689,COM01338.00,2019,Clean coal,F.stc,1360800
9690,COM01338.00,2019,Coal mined,F.stc,1360800
9691,COM01342.00,2007,Clean coal,F.coc,6453000
9692,COM01342.00,2007,Coal mined,F.coc,6453000
9693,COM01342.00,2008,Clean coal,F.coc,6167000
9694,COM01342.00,2008,Coal mined,F.coc,6167000
9695,COM01342.00,2009,Clean coal,F.coc,6033300
9696,COM01342.00,2009,Coal mined,F.coc,6033300
9697,COM01342.00,2010,Clean coal,F.coc,5936566
9698,COM01342.00,2010,Clean coal,F.stc,2572098
9699,COM01342.00,2010,Coal mined,F.coc,5936566
9700,COM01342.00,2010,Coal mined,F.stc,2572098
9701,COM01342.00,2011,Clean coal,F.coc,5416996
9702,COM01342.00,2011,Clean coal,F.stc,2028358
9703,COM01342.00,2011,Coal mined,F.coc,5416996
9704,COM01342.00,2011,Coal mined,F.stc,2028358
9705,COM01342.00,2012,Clean coal,F.coc,5889760
9706,COM01342.00,2012,Clean coal,F.stc,2191132
9707,COM01342.00,2012,Coal mined,F.coc,5889760
9708,COM01342.00,2012,Coal mined,F.stc,2191132
9709,COM01342.00,2013,Clean coal,F.coc,6168711
9710,COM01342.00,2013,Clean coal,F.stc,2239348
9711,COM01342.00,2013,Coal mined,F.coc,6168711
9712,COM01342.00,2013,Coal mined,F.stc,2239348
9713,COM01342.00,2014,Clean coal,F.coc,4904980
9714,COM01342.00,2014,Clean coal,F.stc,1635441
9715,COM01342.00,2014,Coal mined,F.coc,4904980
9716,COM01342.00,2014,Coal mined,F.stc,1635441
9717,COM01342.00,2015,Clean coal,F.coc,5675159
9718,COM01342.00,2015,Clean coal,F.stc,2134106
9719,COM01342.00,2015,Coal mined,F.coc,5675159
9720,COM01342.00,2015,Coal mined,F.stc,2134106
9721,COM01342.00,2016,Clean coal,F.coc,4146803
9722,COM01342.00,2016,Clean coal,F.stc,2040370
9723,COM01342.00,2016,Coal mined,F.coc,4146803
9724,COM01342.00,2016,Coal mined,F.stc,2040370
9725,COM01342.00,2017,Clean coal,F.coc,3280122
9726,COM01342.00,2017,Clean coal,F.stc,1573649
9727,COM01342.00,2017,Coal mined,F.coc,3280122
9728,COM01342.00,2017,Coal mined,F.stc,1573649
9729,COM01342.00,2018,Clean coal,F.coc,3374000
9730,COM01342.00,2018,Clean coal,F.stc,1312000
9731,COM01342.00,2018,Coal mined,F.coc,3374000
9732,COM01342.00,2018,Coal mined,F.stc,1312000
9733,COM01342.00,2019,Clean coal,F.coc,4671000
9734,COM01342.00,2019,Clean coal,F.stc,1277000
9735,COM01342.00,2019,Coal mined,F.coc,4671000
9736,COM01342.00,2019,Coal mined,F.stc,1277000
9737,COM01342.00,2020,Clean coal,F.coc,10261000
9738,COM01342.00,2020,Coal mined,F.coc,10261000
9739,COM01343.00,2000,Clean coal,F.coal,1814400
9740,COM01343.00,2000,Coal mined,F.coal,1814400
9741,COM01343.00,2001,Clean coal,F.coal,2086560
9742,COM01343.00,2001,Coal mined,F.coal,2086560
9743,COM01343.00,2002,Clean coal,F.coal,1995840
9744,COM01343.00,2002,Coal mined,F.coal,1995840
9745,COM01343.00,2003,Clean coal,F.coal,1723680
9746,COM01343.00,2003,Coal mined,F.coal,1723680
9747,COM01343.00,2004,Clean coal,F.coal,1360800
9748,COM01343.00,2004,Coal mined,F.coal,1360800
9749,COM01343.00,2005,Clean coal,F.coal,1088640
9750,COM01343.00,2005,Coal mined,F.coal,1088640
9751,COM01343.00,2006,Clean coal,F.coal,272160
9752,COM01343.00,2006,Coal mined,F.coal,272160
9753,COM01348.00,2007,Clean coal,F.coal,10000
9754,COM01348.00,2007,Coal mined,F.coal,10000
9755,COM01348.00,2008,Clean coal,F.coal,770000
9756,COM01348.00,2008,Coal mined,F.coal,770000
9757,COM01348.00,2009,Clean coal,F.coal,2890000
9758,COM01348.00,2009,Coal mined,F.coal,2890000
9759,COM01348.00,2010,Clean coal,F.coal,2600000
9760,COM01348.00,2010,Coal mined,F.coal,2600000
9761,COM01348.00,2011,Clean coal,F.coal,4300000
9762,COM01348.00,2011,Coal mined,F.coal,4300000
9763,COM01348.00,2012,Clean coal,F.coal,3800000
9764,COM01348.00,2012,Coal mined,F.coal,3800000
9765,COM01348.00,2013,Clean coal,F.coal,3200000
9766,COM01348.00,2013,Coal mined,F.coal,3200000
9767,COM01348.00,2014,Clean coal,F.coal,2100000
9768,COM01348.00,2014,Coal mined,F.coal,2100000
9769,COM01348.00,2015,Clean coal,F.coal,1800000
9770,COM01348.00,2015,Coal mined,F.coal,1800000
9771,COM01348.00,2016,Clean coal,F.coal,1100000
9772,COM01348.00,2016,Coal mined,F.coal,1100000
9773,COM01348.00,2017,Clean coal,F.coal,1100000
9774,COM01348.00,2017,Coal mined,F.coal,1100000
9775,COM01348.00,2018,Clean coal,F.coal,1100000
9776,COM01348.00,2018,Coal mined,F.coal,1100000
9777,COM01348.00,2019,Clean coal,F.coal,1500000
9778,COM01348.00,2019,Coal mined,F.coal,1500000
9779,COM01351.00,2006,Clean coal,F.coal,1088640
9780,COM01351.00,2006,Coal mined,F.coal,1088640
9781,COM01351.00,2007,Clean coal,F.coal,3991680
9782,COM01351.00,2007,Coal mined,F.coal,3991680
9783,COM01351.00,2008,Clean coal,F.coal,4898880
9784,COM01351.00,2008,Coal mined,F.coal,4898880
9785,COM01351.00,2009,Clean coal,F.coal,3719520
9786,COM01351.00,2009,Coal mined,F.coal,3719520
9787,COM01351.00,2010,Clean coal,F.coal,5987520
9788,COM01351.00,2010,Coal mined,F.coal,5987520
9789,COM01351.00,2011,Clean coal,F.coal,5261760
9790,COM01351.00,2011,Coal mined,F.coal,5261760
9791,COM01351.00,2012,Clean coal,F.coal,5987520
9792,COM01351.00,2012,Coal mined,F.coal,5987520
9793,COM01351.00,2013,Clean coal,F.coal,6259680
9794,COM01351.00,2013,Coal mined,F.coal,6259680
9795,COM01351.00,2014,Clean coal,F.coal,5896800
9796,COM01351.00,2014,Coal mined,F.coal,5896800
9797,COM01351.00,2015,Clean coal,F.coal,5896800
9798,COM01351.00,2015,Coal mined,F.coal,5896800
9799,COM01351.00,2016,Clean coal,F.coal,6168960
9800,COM01351.00,2016,Coal mined,F.coal,6168960
9801,COM01351.00,2017,Clean coal,F.coal,5352480
9802,COM01351.00,2017,Coal mined,F.coal,5352480
9803,COM01351.00,2018,Clean coal,F.coal,4717440
9804,COM01351.00,2018,Coal mined,F.coal,4717440
9805,COM01351.00,2019,Clean coal,F.coal,5080320
9806,COM01351.00,2019,Coal mined,F.coal,5080320
9807,COM01353.00,2002,Clean coal,F.coal,1451520
9808,COM01353.00,2002,Coal mined,F.coal,1451520
9809,COM01353.00,2003,Clean coal,F.coal,2177280
9810,COM01353.00,2003,Coal mined,F.coal,2177280
9811,COM01353.00,2004,Clean coal,F.coal,2812320
9812,COM01353.00,2004,Coal mined,F.coal,2812320
9813,COM01353.00,2005,Clean coal,F.coal,3719520
9814,COM01353.00,2005,Coal mined,F.coal,3719520
9815,COM01353.00,2006,Clean coal,F.coal,4082400
9816,COM01353.00,2006,Coal mined,F.coal,4082400
9817,COM01353.00,2007,Clean coal,F.coal,4173120
9818,COM01353.00,2007,Coal mined,F.coal,4173120
9819,COM01353.00,2008,Clean coal,F.coal,4626720
9820,COM01353.00,2008,Coal mined,F.coal,4626720
9821,COM01353.00,2009,Clean coal,F.coal,5624640
9822,COM01353.00,2009,Coal mined,F.coal,5624640
9823,COM01353.00,2010,Clean coal,F.coal,5261760
9824,COM01353.00,2010,Coal mined,F.coal,5261760
9825,COM01353.00,2011,Clean coal,F.coal,4898880
9826,COM01353.00,2011,Coal mined,F.coal,4898880
9827,COM01353.00,2012,Clean coal,F.coal,5352480
9828,COM01353.00,2012,Coal mined,F.coal,5352480
9829,COM01353.00,2013,Clean coal,F.coal,5352480
9830,COM01353.00,2013,Coal mined,F.coal,5352480
9831,COM01353.00,2014,Clean coal,F.coal,4626720
9832,COM01353.00,2014,Coal mined,F.coal,4626720
9833,COM01353.00,2015,Clean coal,F.coal,3628800
9834,COM01353.00,2015,Coal mined,F.coal,3628800
9835,COM01353.00,2016,Clean coal,F.coal,3447360
9836,COM01353.00,2016,Coal mined,F.coal,3447360
9837,COM01353.00,2017,Clean coal,F.coal,3265920
9838,COM01353.00,2017,Coal mined,F.coal,3265920
9839,COM01353.00,2018,Clean coal,F.coal,3175200
9840,COM01353.00,2018,Coal mined,F.coal,3175200
9841,COM01353.00,2019,Clean coal,F.coal,3356640
9842,COM01353.00,2019,Coal mined,F.coal,3356640
9843,COM01354.00,2006,Clean coal,F.stc,400000
9844,COM01354.00,2006,Coal mined,F.stc,400000
9845,COM01354.00,2007,Clean coal,F.stc,1600000
9846,COM01354.00,2007,Coal mined,F.stc,1600000
9847,COM01354.00,2008,Clean coal,F.stc,1900000
9848,COM01354.00,2008,Coal mined,F.stc,1900000
9849,COM01354.00,2009,Clean coal,F.stc,1900000
9850,COM01354.00,2009,Coal mined,F.stc,1900000
9851,COM01354.00,2010,Clean coal,F.stc,1700000
9852,COM01354.00,2010,Coal mined,F.stc,1700000
9853,COM01354.00,2011,Clean coal,F.coal,2849000
9854,COM01354.00,2011,Coal mined,F.coal,4031000
9855,COM01354.00,2012,Clean coal,F.coal,3740000
9856,COM01354.00,2012,Coal mined,F.coal,5799000
9857,COM01354.00,2013,Clean coal,F.coal,5110000
9858,COM01354.00,2013,Coal mined,F.coal,5110000
9859,COM01354.00,2014,Clean coal,F.coal,4743000
9860,COM01354.00,2014,Coal mined,F.coal,4743000
9861,COM01354.00,2015,Clean coal,F.coal,3431000
9862,COM01354.00,2015,Coal mined,F.coal,3431000
9863,COM01354.00,2016,Clean coal,F.coal,2405000
9864,COM01354.00,2016,Coal mined,F.coal,2405000
9865,COM01354.00,2017,Clean coal,F.coal,3000000
9866,COM01354.00,2017,Coal mined,F.coal,4800000
9867,COM01354.00,2018,Clean coal,F.coal,1200000
9868,COM01354.00,2018,Coal mined,F.coal,2400000
9869,COM01354.00,2019,Clean coal,F.coal,2200000
9870,COM01354.00,2019,Coal mined,F.coal,3700000
9871,COM01354.00,2020,Clean coal,F.coal,1800000
9872,COM01354.00,2020,Coal mined,F.coal,3600000
9873,COM01356.00,2000,Clean coal,F.coal,1814400
9874,COM01356.00,2000,Coal mined,F.coal,1814400
9875,COM01356.00,2001,Clean coal,F.coal,1451520
9876,COM01356.00,2001,Coal mined,F.coal,1451520
9877,COM01356.00,2002,Clean coal,F.coal,2177280
9878,COM01356.00,2002,Coal mined,F.coal,2177280
9879,COM01356.00,2003,Clean coal,F.coal,2177280
9880,COM01356.00,2003,Coal mined,F.coal,2177280
9881,COM01356.00,2004,Clean coal,F.coal,2358720
9882,COM01356.00,2004,Coal mined,F.coal,2358720
9883,COM01356.00,2005,Clean coal,F.coal,2358720
9884,COM01356.00,2005,Coal mined,F.coal,2358720
9885,COM01356.00,2006,Clean coal,F.coal,2086560
9886,COM01356.00,2006,Coal mined,F.coal,2086560
9887,COM01356.00,2007,Clean coal,F.coal,2903040
9888,COM01356.00,2007,Coal mined,F.coal,2903040
9889,COM01356.00,2008,Clean coal,F.coal,3084480
9890,COM01356.00,2008,Coal mined,F.coal,3084480
9891,COM01356.00,2009,Clean coal,F.coal,3084480
9892,COM01356.00,2009,Coal mined,F.coal,3084480
9893,COM01356.00,2010,Clean coal,F.coc,2812320
9894,COM01356.00,2010,Coal mined,F.coc,2812320
9895,COM01356.00,2011,Clean coal,F.coc,2540160
9896,COM01356.00,2011,Coal mined,F.coc,2540160
9897,COM01356.00,2012,Clean coal,F.coc,1451520
9898,COM01356.00,2012,Coal mined,F.coc,1451520
9899,COM01358.00,2011,Clean coal,F.stc,2100000
9900,COM01358.00,2011,Coal mined,F.stc,2100000
9901,COM01358.00,2012,Clean coal,F.stc,4600000
9902,COM01358.00,2012,Coal mined,F.stc,4600000
9903,COM01358.00,2013,Clean coal,F.stc,4100000
9904,COM01358.00,2013,Coal mined,F.stc,4100000
9905,COM01358.00,2014,Clean coal,F.stc,4100000
9906,COM01358.00,2014,Coal mined,F.stc,4100000
9907,COM01358.00,2015,Clean coal,F.stc,1000000
9908,COM01358.00,2015,Coal mined,F.stc,1000000
9909,COM01359.00,2006,Clean coal,F.coal,824000
9910,COM01359.00,2006,Coal mined,F.coal,903000
9911,COM01359.00,2007,Clean coal,F.coal,1291000
9912,COM01359.00,2007,Coal mined,F.coal,1289000
9913,COM01359.00,2008,Clean coal,F.coal,784000
9914,COM01359.00,2008,Coal mined,F.coal,774000
9915,COM01359.00,2009,Clean coal,F.coal,1107000
9916,COM01359.00,2009,Coal mined,F.coal,1123000
9917,COM01359.00,2010,Clean coal,F.coal,1280000
9918,COM01359.00,2010,Coal mined,F.coal,1283000
9919,COM01359.00,2011,Clean coal,F.coal,1722000
9920,COM01359.00,2011,Coal mined,F.coal,1809000
9921,COM01359.00,2012,Clean coal,F.coal,1343000
9922,COM01359.00,2012,Coal mined,F.coal,1274000
9923,COM01359.00,2013,Clean coal,F.coal,1547000
9924,COM01359.00,2013,Coal mined,F.coal,1677000
9925,COM01359.00,2014,Clean coal,F.coal,2310000
9926,COM01359.00,2014,Coal mined,F.coal,2356000
9927,COM01359.00,2015,Clean coal,F.coal,2309000
9928,COM01359.00,2015,Coal mined,F.coal,2242000
9929,COM01359.00,2016,Clean coal,F.coal,2150000
9930,COM01359.00,2016,Coal mined,F.coal,2110000
9931,COM01359.00,2017,Clean coal,F.coal,1635000
9932,COM01359.00,2017,Coal mined,F.coal,1809000
9933,COM01359.00,2018,Clean coal,F.coal,2091000
9934,COM01359.00,2018,Coal mined,F.coal,1960000
9935,COM01359.00,2019,Clean coal,F.coal,1647000
9936,COM01359.00,2019,Coal mined,F.coal,1682000
9937,COM01359.00,2020,Clean coal,F.coal,1413000
9938,COM01359.00,2020,Coal mined,F.coal,1401000
9939,COM01360.00,2000,Clean coal,F.stc,3175200
9940,COM01360.00,2000,Coal mined,F.stc,3175200
9941,COM01360.00,2001,Clean coal,F.stc,4898880
9942,COM01360.00,2001,Coal mined,F.stc,4898880
9943,COM01360.00,2002,Clean coal,F.stc,6078240
9944,COM01360.00,2002,Coal mined,F.stc,6078240
9945,COM01360.00,2003,Clean coal,F.stc,5896800
9946,COM01360.00,2003,Coal mined,F.stc,5896800
9947,COM01360.00,2004,Clean coal,F.stc,5624640
9948,COM01360.00,2004,Coal mined,F.stc,5624640
9949,COM01360.00,2005,Clean coal,F.stc,5352480
9950,COM01360.00,2005,Coal mined,F.stc,5352480
9951,COM01360.00,2006,Clean coal,F.stc,4536000
9952,COM01360.00,2006,Coal mined,F.stc,4536000
9953,COM01360.00,2007,Clean coal,F.stc,5624640
9954,COM01360.00,2007,Coal mined,F.stc,5624640
9955,COM01360.00,2008,Clean coal,F.stc,4808160
9956,COM01360.00,2008,Coal mined,F.stc,4808160
9957,COM01360.00,2009,Clean coal,F.stc,3628800
9958,COM01360.00,2009,Coal mined,F.stc,3628800
9959,COM01360.00,2010,Clean coal,F.stc,4354560
9960,COM01360.00,2010,Coal mined,F.stc,4354560
9961,COM01360.00,2011,Clean coal,F.stc,5261760
9962,COM01360.00,2011,Coal mined,F.stc,5261760
9963,COM01360.00,2012,Clean coal,F.stc,6078240
9964,COM01360.00,2012,Coal mined,F.stc,6078240
9965,COM01360.00,2013,Clean coal,F.stc,5533920
9966,COM01360.00,2013,Coal mined,F.stc,5533920
9967,COM01360.00,2014,Clean coal,F.stc,5896800
9968,COM01360.00,2014,Coal mined,F.stc,5896800
9969,COM01360.00,2015,Clean coal,F.stc,4626720
9970,COM01360.00,2015,Coal mined,F.stc,4626720
9971,COM01360.00,2016,Clean coal,F.stc,3628800
9972,COM01360.00,2016,Coal mined,F.stc,3628800
9973,COM01360.00,2017,Clean coal,F.stc,4445280
9974,COM01360.00,2017,Coal mined,F.stc,4445280
9975,COM01360.00,2018,Clean coal,F.stc,4354560
9976,COM01360.00,2018,Coal mined,F.stc,4354560
9977,COM01360.00,2019,Clean coal,F.stc,3719520
9978,COM01360.00,2019,Coal mined,F.stc,3719520
9979,COM01361.00,2006,Clean coal,F.coal,2210000
9980,COM01361.00,2006,Coal mined,F.coal,2210000
9981,COM01361.00,2007,Clean coal,F.coal,1961000
9982,COM01361.00,2007,Coal mined,F.coal,1961000
9983,COM01361.00,2008,Clean coal,F.coal,1910000
9984,COM01361.00,2008,Coal mined,F.coal,1910000
9985,COM01361.00,2009,Clean coal,F.coal,2202000
9986,COM01361.00,2009,Coal mined,F.coal,2202000
9987,COM01361.00,2010,Clean coal,F.coal,2230000
9988,COM01361.00,2010,Coal mined,F.coal,2230000
9989,COM01361.00,2011,Clean coal,F.coal,2760000
9990,COM01361.00,2011,Coal mined,F.coal,2760000
9991,COM01361.00,2012,Clean coal,F.coal,3247000
9992,COM01361.00,2012,Coal mined,F.coal,3247000
9993,COM01361.00,2014,Clean coal,F.coal,2625000
9994,COM01361.00,2014,Coal mined,F.coal,2625000
9995,COM01361.00,2015,Clean coal,F.coal,1543000
9996,COM01361.00,2015,Coal mined,F.coal,1543000
9997,COM01361.00,2016,Clean coal,F.coal,1139199
9998,COM01361.00,2016,Coal mined,F.coal,1139199
9999,COM01362.00,2010,Clean coal,F.coal,185143
10000,COM01362.00,2010,Coal mined,F.coal,185143
10001,COM01362.00,2011,Clean coal,F.coal,185143
10002,COM01362.00,2011,Coal mined,F.coal,185143
10003,COM01362.00,2012,Clean coal,F.coal,185143
10004,COM01362.00,2012,Coal mined,F.coal,185143
10005,COM01362.00,2013,Clean coal,F.coal,555429
10006,COM01362.00,2013,Coal mined,F.coal,555429
10007,COM01362.00,2014,Clean coal,F.coal,925714
10008,COM01362.00,2014,Coal mined,F.coal,925714
10009,COM01363.00,2014,Clean coal,F.coal,39730000
10010,COM01363.00,2014,Coal mined,F.coal,39730000
10011,COM01363.00,2015,Clean coal,F.coc,310000
10012,COM01363.00,2015,Clean coal,F.stc,40837000
10013,COM01363.00,2015,Coal mined,F.coc,310000
10014,COM01363.00,2015,Coal mined,F.stc,40837000
10015,COM01363.00,2016,Clean coal,F.coc,209000
10016,COM01363.00,2016,Clean coal,F.stc,44606000
10017,COM01363.00,2016,Coal mined,F.coc,209000
10018,COM01363.00,2016,Coal mined,F.stc,44606000
10019,COM01363.00,2017,Clean coal,F.coc,131000
10020,COM01363.00,2017,Clean coal,F.stc,45501000
10021,COM01363.00,2017,Coal mined,F.coc,131000
10022,COM01363.00,2017,Coal mined,F.stc,45501000
10023,COM01363.00,2018,Clean coal,F.coc,180000
10024,COM01363.00,2018,Clean coal,F.stc,46040000
10025,COM01363.00,2018,Coal mined,F.coc,180000
10026,COM01363.00,2018,Coal mined,F.stc,46040000
10027,COM01363.00,2019,Clean coal,F.coc,188000
10028,COM01363.00,2019,Clean coal,F.stc,52992000
10029,COM01363.00,2019,Coal mined,F.coc,188000
10030,COM01363.00,2019,Coal mined,F.stc,52992000
10031,COM01363.00,2020,Clean coal,F.coc,178000
10032,COM01363.00,2020,Clean coal,F.stc,57458000
10033,COM01363.00,2020,Coal mined,F.coc,178000
10034,COM01363.00,2020,Coal mined,F.stc,57458000
10035,COM01365.00,2006,Clean coal,F.stc,780000
10036,COM01365.00,2006,Coal mined,F.stc,780000
10037,COM01365.00,2007,Clean coal,F.stc,895000
10038,COM01365.00,2007,Coal mined,F.stc,895000
10039,COM01365.00,2008,Clean coal,F.stc,751000
10040,COM01365.00,2008,Coal mined,F.stc,751000
10041,COM01365.00,2009,Clean coal,F.stc,787000
10042,COM01365.00,2009,Coal mined,F.stc,787000
10043,COM01365.00,2010,Clean coal,F.stc,802000
10044,COM01365.00,2010,Coal mined,F.stc,802000
10045,COM01365.00,2011,Clean coal,F.stc,907000
10046,COM01365.00,2011,Coal mined,F.stc,907000
10047,COM01365.00,2012,Clean coal,F.stc,97000
10048,COM01365.00,2012,Coal mined,F.stc,97000
10049,COM01369.00,2007,Clean coal,F.stc,300000
10050,COM01369.00,2007,Coal mined,F.stc,300000
10051,COM01369.00,2008,Clean coal,F.stc,1000000
10052,COM01369.00,2008,Coal mined,F.stc,1000000
10053,COM01369.00,2009,Clean coal,F.stc,900000
10054,COM01369.00,2009,Coal mined,F.stc,900000
10055,COM01369.00,2010,Clean coal,F.stc,200000
10056,COM01369.00,2010,Coal mined,F.stc,200000
10057,COM01370.00,2011,Clean coal,F.stc,1632960
10058,COM01370.00,2011,Coal mined,F.stc,1632960
10059,COM01370.00,2012,Clean coal,F.stc,1814400
10060,COM01370.00,2012,Coal mined,F.stc,1814400
10061,COM01370.00,2013,Clean coal,F.stc,1905120
10062,COM01370.00,2013,Coal mined,F.stc,1905120
10063,COM01370.00,2014,Clean coal,F.stc,3175200
10064,COM01370.00,2014,Coal mined,F.stc,3175200
10065,COM01370.00,2015,Clean coal,F.stc,2449440
10066,COM01370.00,2015,Coal mined,F.stc,2449440
10067,COM01370.00,2016,Clean coal,F.stc,2358720
10068,COM01370.00,2016,Coal mined,F.stc,2358720
10069,COM01370.00,2017,Clean coal,F.stc,2449440
10070,COM01370.00,2017,Coal mined,F.stc,2449440
10071,COM01370.00,2018,Clean coal,F.stc,2449440
10072,COM01370.00,2018,Coal mined,F.stc,2449440
10073,COM01370.00,2019,Clean coal,F.stc,2268000
10074,COM01370.00,2019,Coal mined,F.stc,2268000
10075,COM01371.00,2000,Clean coal,F.stc,4536000
10076,COM01371.00,2000,Coal mined,F.stc,4536000
10077,COM01371.00,2001,Clean coal,F.stc,4536000
10078,COM01371.00,2001,Coal mined,F.stc,4536000
10079,COM01371.00,2002,Clean coal,F.stc,3991680
10080,COM01371.00,2002,Coal mined,F.stc,3991680
10081,COM01371.00,2003,Clean coal,F.stc,4808160
10082,COM01371.00,2003,Coal mined,F.stc,4808160
10083,COM01371.00,2004,Clean coal,F.stc,5533920
10084,COM01371.00,2004,Coal mined,F.stc,5533920
10085,COM01371.00,2005,Clean coal,F.stc,5715360
10086,COM01371.00,2005,Coal mined,F.stc,5715360
10087,COM01371.00,2006,Clean coal,F.stc,5443200
10088,COM01371.00,2006,Coal mined,F.stc,5443200
10089,COM01371.00,2007,Clean coal,F.stc,5896800
10090,COM01371.00,2007,Coal mined,F.stc,5896800
10091,COM01371.00,2008,Clean coal,F.stc,5896800
10092,COM01371.00,2008,Coal mined,F.stc,5896800
10093,COM01371.00,2009,Clean coal,F.stc,5624640
10094,COM01371.00,2009,Coal mined,F.stc,5624640
10095,COM01371.00,2010,Clean coal,F.stc,5261760
10096,COM01371.00,2010,Coal mined,F.stc,5261760
10097,COM01371.00,2011,Clean coal,F.stc,4626720
10098,COM01371.00,2011,Coal mined,F.stc,4626720
10099,COM01371.00,2012,Clean coal,F.stc,5080320
10100,COM01371.00,2012,Coal mined,F.stc,5080320
10101,COM01371.00,2013,Clean coal,F.stc,3265920
10102,COM01371.00,2013,Coal mined,F.stc,3265920
10103,COM01371.00,2014,Clean coal,F.stc,3538080
10104,COM01371.00,2014,Coal mined,F.stc,3538080
10105,COM01371.00,2015,Clean coal,F.stc,2540160
10106,COM01371.00,2015,Coal mined,F.stc,2540160
10107,COM01371.00,2016,Clean coal,F.stc,1542240
10108,COM01371.00,2016,Coal mined,F.stc,1542240
10109,COM01371.00,2017,Clean coal,F.stc,1632960
10110,COM01371.00,2017,Coal mined,F.stc,1632960
10111,COM01371.00,2018,Clean coal,F.stc,1542240
10112,COM01371.00,2018,Coal mined,F.stc,1542240
10113,COM01371.00,2019,Clean coal,F.stc,1360800
10114,COM01371.00,2019,Coal mined,F.stc,1360800
10115,COM01372.00,2003,Clean coal,F.stc,1179360
10116,COM01372.00,2003,Coal mined,F.stc,1179360
10117,COM01372.00,2004,Clean coal,F.stc,1270080
10118,COM01372.00,2004,Coal mined,F.stc,1270080
10119,COM01372.00,2005,Clean coal,F.stc,1723680
10120,COM01372.00,2005,Coal mined,F.stc,1723680
10121,COM01372.00,2006,Clean coal,F.stc,1814400
10122,COM01372.00,2006,Coal mined,F.stc,1814400
10123,COM01372.00,2007,Clean coal,F.stc,2177280
10124,COM01372.00,2007,Coal mined,F.stc,2177280
10125,COM01372.00,2008,Clean coal,F.stc,2358720
10126,COM01372.00,2008,Coal mined,F.stc,2358720
10127,COM01372.00,2009,Clean coal,F.stc,2086560
10128,COM01372.00,2009,Coal mined,F.stc,2086560
10129,COM01372.00,2010,Clean coal,F.stc,1451520
10130,COM01372.00,2010,Coal mined,F.stc,1451520
10131,COM01373.00,2006,Clean coal,F.stc,272160
10132,COM01373.00,2006,Coal mined,F.stc,272160
10133,COM01373.00,2007,Clean coal,F.stc,4626720
10134,COM01373.00,2007,Coal mined,F.stc,4626720
10135,COM01373.00,2008,Clean coal,F.stc,6804000
10136,COM01373.00,2008,Coal mined,F.stc,6804000
10137,COM01373.00,2009,Clean coal,F.stc,7620480
10138,COM01373.00,2009,Coal mined,F.stc,7620480
10139,COM01373.00,2010,Clean coal,F.stc,8709120
10140,COM01373.00,2010,Coal mined,F.stc,8709120
10141,COM01373.00,2011,Clean coal,F.stc,9888480
10142,COM01373.00,2011,Coal mined,F.stc,9888480
10143,COM01373.00,2012,Clean coal,F.stc,11067840
10144,COM01373.00,2012,Coal mined,F.stc,11067840
10145,COM01373.00,2013,Clean coal,F.stc,12065760
10146,COM01373.00,2013,Coal mined,F.stc,12065760
10147,COM01373.00,2014,Clean coal,F.stc,13063680
10148,COM01373.00,2014,Coal mined,F.stc,13063680
10149,COM01373.00,2015,Clean coal,F.stc,10886400
10150,COM01373.00,2015,Coal mined,F.stc,10886400
10151,COM01373.00,2016,Clean coal,F.stc,12700800
10152,COM01373.00,2016,Coal mined,F.stc,12700800
10153,COM01373.00,2017,Clean coal,F.stc,12156480
10154,COM01373.00,2017,Coal mined,F.stc,12156480
10155,COM01373.00,2018,Clean coal,F.stc,12791520
10156,COM01373.00,2018,Coal mined,F.stc,12791520
10157,COM01373.00,2019,Clean coal,F.stc,12791520
10158,COM01373.00,2019,Coal mined,F.stc,12791520
10159,COM01376.00,2001,Clean coal,F.coal,635040
10160,COM01376.00,2001,Coal mined,F.coal,635040
10161,COM01376.00,2002,Clean coal,F.coal,1179360
10162,COM01376.00,2002,Coal mined,F.coal,1179360
10163,COM01383.00,2007,Clean coal,F.coal,10104000
10164,COM01383.00,2007,Coal mined,F.coal,10104000
10165,COM01383.00,2008,Clean coal,F.coal,10825400
10166,COM01383.00,2008,Coal mined,F.coal,11809600
10167,COM01383.00,2009,Clean coal,F.coal,10962500
10168,COM01383.00,2009,Coal mined,F.coal,12530600
10169,COM01383.00,2010,Clean coal,F.coal,13378600
10170,COM01383.00,2010,Coal mined,F.coal,15112700
10171,COM01383.00,2011,Clean coal,F.coal,13880900
10172,COM01383.00,2011,Coal mined,F.coal,15341300
10173,COM01383.00,2012,Clean coal,F.coal,16547900
10174,COM01383.00,2012,Coal mined,F.coal,19021500
10175,COM01383.00,2013,Clean coal,F.coal,16867900
10176,COM01383.00,2013,Coal mined,F.coal,19904000
10177,COM01383.00,2014,Clean coal,F.coal,16605500
10178,COM01383.00,2014,Coal mined,F.coal,19526300
10179,COM01383.00,2015,Clean coal,F.coal,14808500
10180,COM01383.00,2015,Coal mined,F.coal,18579000
10181,COM01383.00,2016,Clean coal,F.coal,13849300
10182,COM01383.00,2016,Coal mined,F.coal,15601800
10183,COM01383.00,2017,Clean coal,F.coal,13351000
10184,COM01383.00,2017,Coal mined,F.coal,13351000
10185,COM01383.00,2018,Clean coal,F.coal,15201000
10186,COM01383.00,2018,Coal mined,F.coal,15201000
10187,COM01383.00,2019,Clean coal,F.coal,15981000
10188,COM01383.00,2019,Coal mined,F.coal,15981000
10189,COM01383.00,2020,Clean coal,F.coal,16174600
10190,COM01383.00,2020,Coal mined,F.coal,16174600
10191,COM01389.00,2011,Clean coal,F.stc,800000
10192,COM01389.00,2011,Coal mined,F.stc,800000
10193,COM01389.00,2012,Clean coal,F.stc,6100000
10194,COM01389.00,2012,Coal mined,F.stc,6100000
10195,COM01389.00,2013,Clean coal,F.stc,6200000
10196,COM01389.00,2013,Coal mined,F.stc,6200000
10197,COM01389.00,2014,Clean coal,F.stc,5700000
10198,COM01389.00,2014,Coal mined,F.stc,5700000
10199,COM01389.00,2015,Clean coal,F.stc,7100000
10200,COM01389.00,2015,Coal mined,F.stc,7100000
10201,COM01389.00,2016,Clean coal,F.stc,5980000
10202,COM01389.00,2016,Coal mined,F.stc,6606000
10203,COM01389.00,2017,Clean coal,F.stc,6543000
10204,COM01389.00,2017,Coal mined,F.stc,7303000
10205,COM01389.00,2018,Clean coal,F.stc,5930000
10206,COM01389.00,2018,Coal mined,F.stc,6472000
10207,COM01389.00,2019,Clean coal,F.stc,5647000
10208,COM01389.00,2019,Coal mined,F.stc,5647000
10209,COM01389.00,2020,Clean coal,F.stc,5118000
10210,COM01389.00,2020,Coal mined,F.stc,5118000
10211,COM01391.00,2013,Clean coal,F.stc,1100000
10212,COM01391.00,2013,Coal mined,F.stc,1100000
10213,COM01391.00,2014,Clean coal,F.stc,1000000
10214,COM01391.00,2014,Coal mined,F.stc,1000000
10215,COM01391.00,2015,Clean coal,F.stc,1600000
10216,COM01391.00,2015,Coal mined,F.stc,1600000
10217,COM01394.00,2000,Clean coal,F.stc,27500000
10218,COM01394.00,2000,Coal mined,F.stc,27500000
10219,COM01394.00,2001,Clean coal,F.stc,34000000
10220,COM01394.00,2001,Coal mined,F.stc,34000000
10221,COM01394.00,2002,Clean coal,F.stc,38400000
10222,COM01394.00,2002,Coal mined,F.stc,38400000
10223,COM01394.00,2003,Clean coal,F.stc,43300000
10224,COM01394.00,2003,Coal mined,F.stc,43300000
10225,COM01394.00,2004,Clean coal,F.stc,39200000
10226,COM01394.00,2004,Coal mined,F.stc,39200000
10227,COM01394.00,2005,Clean coal,F.stc,34600000
10228,COM01394.00,2005,Coal mined,F.stc,34600000
10229,COM01394.00,2006,Clean coal,F.stc,35500000
10230,COM01394.00,2006,Coal mined,F.stc,35500000
10231,COM01394.00,2007,Clean coal,F.stc,32800000
10232,COM01394.00,2007,Coal mined,F.stc,32800000
10233,COM01394.00,2008,Clean coal,F.stc,33100000
10234,COM01394.00,2008,Coal mined,F.stc,33100000
10235,COM01394.00,2009,Clean coal,F.stc,33400000
10236,COM01394.00,2009,Coal mined,F.stc,33400000
10237,COM01394.00,2010,Clean coal,F.stc,34300000
10238,COM01394.00,2010,Coal mined,F.stc,34300000
10239,COM01394.00,2011,Clean coal,F.stc,34000000
10240,COM01394.00,2011,Coal mined,F.stc,34000000
10241,COM01394.00,2012,Clean coal,F.stc,33100000
10242,COM01394.00,2012,Coal mined,F.stc,33100000
10243,COM01394.00,2013,Clean coal,F.stc,33800000
10244,COM01394.00,2013,Coal mined,F.stc,33800000
10245,COM01394.00,2014,Clean coal,F.stc,32800000
10246,COM01394.00,2014,Coal mined,F.stc,32800000
10247,COM01394.00,2015,Clean coal,F.stc,34500000
10248,COM01394.00,2015,Coal mined,F.stc,34500000
10249,COM01394.00,2016,Clean coal,F.stc,36783000
10250,COM01394.00,2016,Coal mined,F.stc,36791000
10251,COM01394.00,2017,Clean coal,F.stc,32214000
10252,COM01394.00,2017,Coal mined,F.stc,32237000
10253,COM01394.00,2018,Clean coal,F.stc,32474000
10254,COM01394.00,2018,Coal mined,F.stc,32482000
10255,COM01394.00,2019,Clean coal,F.stc,31172000
10256,COM01394.00,2019,Coal mined,F.stc,31172000
10257,COM01394.00,2020,Clean coal,F.stc,30659000
10258,COM01394.00,2020,Coal mined,F.stc,30659000
10259,COM01395.00,2011,Clean coal,F.coal,2433000
10260,COM01395.00,2011,Coal mined,F.coal,3144000
10261,COM01395.00,2012,Clean coal,F.coal,2475000
10262,COM01395.00,2012,Coal mined,F.coal,3197000
10263,COM01395.00,2013,Clean coal,F.coal,3158000
10264,COM01395.00,2013,Coal mined,F.coal,3158000
10265,COM01395.00,2014,Clean coal,F.coal,3220000
10266,COM01395.00,2014,Coal mined,F.coal,3220000
10267,COM01395.00,2015,Clean coal,F.coal,2814000
10268,COM01395.00,2015,Coal mined,F.coal,2814000
10269,COM01395.00,2016,Clean coal,F.coal,3098000
10270,COM01395.00,2016,Coal mined,F.coal,3098000
10271,COM01395.00,2017,Clean coal,F.coal,2800000
10272,COM01395.00,2017,Coal mined,F.coal,3400000
10273,COM01395.00,2018,Clean coal,F.coal,2600000
10274,COM01395.00,2018,Coal mined,F.coal,3400000
10275,COM01395.00,2019,Clean coal,F.coal,2800000
10276,COM01395.00,2019,Coal mined,F.coal,3400000
10277,COM01395.00,2020,Clean coal,F.coal,3000000
10278,COM01395.00,2020,Coal mined,F.coal,3300000
10279,COM01402.00,2008,Clean coal,F.coal,1457500
10280,COM01402.00,2008,Coal mined,F.coal,1457500
10281,COM01402.00,2009,Clean coal,F.coal,6357500
10282,COM01402.00,2009,Coal mined,F.coal,7800000
10283,COM01402.00,2010,Clean coal,F.coal,8178200
10284,COM01402.00,2010,Coal mined,F.coal,10433000
10285,COM01402.00,2011,Clean coal,F.coal,8381200
10286,COM01402.00,2011,Coal mined,F.coal,11265800
10287,COM01402.00,2012,Clean coal,F.coal,47384012
10288,COM01402.00,2012,Coal mined,F.coal,47384012
10289,COM01402.00,2013,Clean coal,F.coal,45506358
10290,COM01402.00,2013,Coal mined,F.coal,45506358
10291,COM01402.00,2014,Clean coal,F.coal,43207620
10292,COM01402.00,2014,Coal mined,F.coal,43207620
10293,COM01402.00,2015,Clean coal,F.coal,34336843
10294,COM01402.00,2015,Coal mined,F.coal,34336843
10295,COM01402.00,2016,Clean coal,F.coal,36882605
10296,COM01402.00,2016,Coal mined,F.coal,36882605
10297,COM01402.00,2017,Clean coal,F.coal,47290000
10298,COM01402.00,2017,Coal mined,F.coal,47290000
10299,COM01402.00,2018,Clean coal,F.coal,47690000
10300,COM01402.00,2018,Coal mined,F.coal,47690000
10301,COM01402.00,2019,Clean coal,F.coal,56410000
10302,COM01402.00,2019,Coal mined,F.coal,56410000
10303,COM01402.00,2020,Clean coal,F.coal,45600000
10304,COM01402.00,2020,Coal mined,F.coal,45600000
10305,COM01407.00,2004,Clean coal,F.coc,14000000
10306,COM01407.00,2004,Clean coal,F.stc,4100000
10307,COM01407.00,2004,Coal mined,F.coc,14000000
10308,COM01407.00,2004,Coal mined,F.stc,4100000
10309,COM01407.00,2005,Clean coal,F.coc,5390000
10310,COM01407.00,2005,Clean coal,F.stc,4000000
10311,COM01407.00,2005,Coal mined,F.coc,5390000
10312,COM01407.00,2005,Coal mined,F.stc,4000000
10313,COM01407.00,2006,Clean coal,F.coc,11750000
10314,COM01407.00,2006,Clean coal,F.stc,13000000
10315,COM01407.00,2006,Coal mined,F.coc,11750000
10316,COM01407.00,2006,Coal mined,F.stc,13000000
10317,COM01407.00,2010,Clean coal,F.coc,7500000
10318,COM01407.00,2010,Coal mined,F.coc,7500000
10319,COM01407.00,2011,Clean coal,F.coc,6300000
10320,COM01407.00,2011,Clean coal,F.stc,3000000
10321,COM01407.00,2011,Coal mined,F.coc,6300000
10322,COM01407.00,2011,Coal mined,F.stc,3000000
10323,COM01407.00,2012,Clean coal,F.coc,8500000
10324,COM01407.00,2012,Clean coal,F.stc,2300000
10325,COM01407.00,2012,Coal mined,F.coc,8500000
10326,COM01407.00,2012,Coal mined,F.stc,2300000
10327,COM01407.00,2013,Clean coal,F.coc,11100000
10328,COM01407.00,2013,Clean coal,F.stc,1400000
10329,COM01407.00,2013,Coal mined,F.coc,11100000
10330,COM01407.00,2013,Coal mined,F.stc,1400000
10331,COM01407.00,2014,Clean coal,F.coc,10800000
10332,COM01407.00,2014,Coal mined,F.coc,10800000
10333,COM01407.00,2015,Clean coal,F.coc,10260000
10334,COM01407.00,2015,Coal mined,F.coc,10260000
10335,COM01407.00,2016,Clean coal,F.coc,11183000
10336,COM01407.00,2016,Coal mined,F.coc,11183000
10337,COM01407.00,2017,Clean coal,F.coc,10967000
10338,COM01407.00,2017,Coal mined,F.coc,10967000
10339,COM01407.00,2018,Clean coal,F.coc,10360000
10340,COM01407.00,2018,Coal mined,F.coc,10360000
10341,COM01407.00,2019,Clean coal,F.coc,12180000
10342,COM01407.00,2019,Coal mined,F.coc,12180000
10343,COM01407.00,2020,Clean coal,F.coc,11355000
10344,COM01407.00,2020,Coal mined,F.coc,11355000
10345,COM01408.00,2009,Clean coal,F.stc,2102500
10346,COM01408.00,2009,Coal mined,F.stc,2102500
10347,COM01408.00,2010,Clean coal,F.stc,2368000
10348,COM01408.00,2010,Coal mined,F.stc,2368000
10349,COM01408.00,2011,Clean coal,F.stc,2316000
10350,COM01408.00,2011,Coal mined,F.stc,2316000
10351,COM01408.00,2012,Clean coal,F.stc,1789000
10352,COM01408.00,2012,Coal mined,F.stc,1789000
10353,COM01408.00,2013,Clean coal,F.stc,3126000
10354,COM01408.00,2013,Coal mined,F.stc,3126000
10355,COM01408.00,2014,Clean coal,F.stc,2887000
10356,COM01408.00,2014,Coal mined,F.stc,2887000
10357,COM01408.00,2015,Clean coal,F.stc,2283000
10358,COM01408.00,2015,Coal mined,F.stc,2283000
10359,COM01415.00,2007,Clean coal,F.stc,4400000
10360,COM01415.00,2007,Coal mined,F.stc,4400000
10361,COM01415.00,2008,Clean coal,F.stc,4441000
10362,COM01415.00,2008,Coal mined,F.stc,4441000
10363,COM01415.00,2009,Clean coal,F.stc,5190100
10364,COM01415.00,2009,Coal mined,F.stc,5190100
10365,COM01415.00,2010,Clean coal,F.stc,5002000
10366,COM01415.00,2010,Coal mined,F.stc,5002000
10367,COM01415.00,2012,Clean coal,F.stc,4682000
10368,COM01415.00,2012,Coal mined,F.stc,4682000
10369,COM01415.00,2013,Clean coal,F.stc,4173000
10370,COM01415.00,2013,Coal mined,F.stc,4173000
10371,COM01415.00,2014,Clean coal,F.stc,2880000
10372,COM01415.00,2014,Coal mined,F.stc,2880000
10373,COM01415.00,2015,Clean coal,F.stc,5043000
10374,COM01415.00,2015,Coal mined,F.stc,5043000
10375,COM01419.00,2009,Clean coal,F.coc,40000
10376,COM01419.00,2009,Coal mined,F.coc,40000
10377,COM01419.00,2010,Clean coal,F.coc,1600000
10378,COM01419.00,2010,Coal mined,F.coc,1600000
10379,COM01419.00,2011,Clean coal,F.coc,3000000
10380,COM01419.00,2011,Coal mined,F.coc,3000000
10381,COM01419.00,2012,Clean coal,F.coc,2700000
10382,COM01419.00,2012,Coal mined,F.coc,2700000
10383,COM01419.00,2013,Clean coal,F.coc,2900000
10384,COM01419.00,2013,Coal mined,F.coc,2900000
10385,COM01419.00,2014,Clean coal,F.coc,3000000
10386,COM01419.00,2014,Coal mined,F.coc,3000000
10387,COM01419.00,2015,Clean coal,F.coc,3200000
10388,COM01419.00,2015,Coal mined,F.coc,3200000
10389,COM01419.00,2016,Clean coal,F.coc,3233000
10390,COM01419.00,2016,Coal mined,F.coc,3246000
10391,COM01419.00,2017,Clean coal,F.coc,2368000
10392,COM01419.00,2017,Coal mined,F.coc,2397000
10393,COM01419.00,2018,Clean coal,F.coc,3247000
10394,COM01419.00,2018,Coal mined,F.coc,3267000
10395,COM01419.00,2019,Clean coal,F.coc,2725000
10396,COM01419.00,2019,Coal mined,F.coc,2725000
10397,COM01419.00,2020,Clean coal,F.coc,3282000
10398,COM01419.00,2020,Coal mined,F.coc,3282000
10399,COM01428.00,2004,Clean coal,F.obc,14200000
10400,COM01428.00,2004,Coal mined,F.obc,14200000
10401,COM01428.00,2005,Clean coal,F.obc,19800000
10402,COM01428.00,2005,Coal mined,F.obc,19800000
10403,COM01428.00,2006,Clean coal,F.obc,23500000
10404,COM01428.00,2006,Coal mined,F.obc,23500000
10405,COM01428.00,2007,Clean coal,F.obc,25200000
10406,COM01428.00,2007,Coal mined,F.obc,25200000
10407,COM01428.00,2008,Clean coal,F.coal,6600000
10408,COM01428.00,2008,Clean coal,F.obc,22700000
10409,COM01428.00,2008,Coal mined,F.coal,6600000
10410,COM01428.00,2008,Coal mined,F.obc,22700000
10411,COM01428.00,2009,Clean coal,F.coal,14100000
10412,COM01428.00,2009,Clean coal,F.obc,23100000
10413,COM01428.00,2009,Coal mined,F.coal,14100000
10414,COM01428.00,2009,Coal mined,F.obc,23100000
10415,COM01428.00,2010,Clean coal,F.coal,19300000
10416,COM01428.00,2010,Clean coal,F.obc,25300000
10417,COM01428.00,2010,Coal mined,F.coal,19300000
10418,COM01428.00,2010,Coal mined,F.obc,25300000
10419,COM01428.00,2011,Clean coal,F.coal,25100000
10420,COM01428.00,2011,Clean coal,F.obc,29200000
10421,COM01428.00,2011,Coal mined,F.coal,25100000
10422,COM01428.00,2011,Coal mined,F.obc,29200000
10423,COM01428.00,2012,Clean coal,F.coal,28100000
10424,COM01428.00,2012,Clean coal,F.obc,30300000
10425,COM01428.00,2012,Coal mined,F.coal,28100000
10426,COM01428.00,2012,Coal mined,F.obc,30300000
10427,COM01428.00,2013,Clean coal,F.coal,30500000
10428,COM01428.00,2013,Clean coal,F.obc,30800000
10429,COM01428.00,2013,Coal mined,F.coal,30500000
10430,COM01428.00,2013,Coal mined,F.obc,30800000
10431,COM01428.00,2014,Clean coal,F.coal,31400000
10432,COM01428.00,2014,Clean coal,F.obc,30400000
10433,COM01428.00,2014,Coal mined,F.coal,31400000
10434,COM01428.00,2014,Coal mined,F.obc,30400000
10435,COM01428.00,2015,Clean coal,F.coal,30300000
10436,COM01428.00,2015,Clean coal,F.obc,30700000
10437,COM01428.00,2015,Coal mined,F.coal,30300000
10438,COM01428.00,2015,Coal mined,F.obc,30700000
10439,COM01428.00,2016,Clean coal,F.coal,62900000
10440,COM01428.00,2016,Coal mined,F.coal,62900000
10441,COM01428.00,2017,Clean coal,F.coal,55400000
10442,COM01428.00,2017,Coal mined,F.coal,55400000
10443,COM01428.00,2018,Clean coal,F.coal,52300000
10444,COM01428.00,2018,Coal mined,F.coal,52300000
10445,COM01428.00,2019,Clean coal,F.coal,54100000
10446,COM01428.00,2019,Coal mined,F.coal,54100000
10447,COM01429.00,2009,Clean coal,F.stc,163014
10448,COM01429.00,2009,Coal mined,F.stc,163014
10449,COM01429.00,2010,Clean coal,F.stc,2276027
10450,COM01429.00,2010,Coal mined,F.stc,2276027
10451,COM01429.00,2011,Clean coal,F.stc,4611644
10452,COM01429.00,2011,Coal mined,F.stc,4611644
10453,COM01429.00,2012,Clean coal,F.stc,6885068
10454,COM01429.00,2012,Coal mined,F.stc,6885068
10455,COM01429.00,2013,Clean coal,F.stc,6673562
10456,COM01429.00,2013,Coal mined,F.stc,6673562
10457,COM01429.00,2014,Clean coal,F.stc,6923014
10458,COM01429.00,2014,Coal mined,F.stc,6923014
10459,COM01429.00,2015,Clean coal,F.stc,7623288
10460,COM01429.00,2015,Coal mined,F.stc,7623288
10461,COM01429.00,2016,Clean coal,F.stc,8229589
10462,COM01429.00,2016,Coal mined,F.stc,8229589
10463,COM01429.00,2017,Clean coal,F.stc,8540822
10464,COM01429.00,2017,Coal mined,F.stc,8540822
10465,COM01429.00,2018,Clean coal,F.stc,8735342
10466,COM01429.00,2018,Coal mined,F.stc,8735342
10467,COM01429.00,2019,Clean coal,F.stc,7341507
10468,COM01429.00,2019,Coal mined,F.stc,7341507
10469,COM01429.00,2020,Clean coal,F.stc,7058356
10470,COM01429.00,2020,Coal mined,F.stc,7058356
10471,COM01434.00,2002,Clean coal,F.stc,530000
10472,COM01434.00,2002,Coal mined,F.stc,530000
10473,COM01434.00,2003,Clean coal,F.stc,540000
10474,COM01434.00,2003,Coal mined,F.stc,540000
10475,COM01434.00,2004,Clean coal,F.stc,560000
10476,COM01434.00,2004,Coal mined,F.stc,560000
10477,COM01434.00,2005,Clean coal,F.stc,590000
10478,COM01434.00,2005,Coal mined,F.stc,590000
