id,facility_id,year,material,commodity,value_tonnes,grade_ppm,recovery_rate,id_minerals
1,COM00001.00,2013,O.bulk,Me.Ag,37.403,23.01,0.001889,2
2,COM00001.00,2013,O.bulk,Me.Au,3.284,2.02,0.245074,2
3,COM00001.00,2013,O.bulk,Me.Cu,30072.342,18500,0,2
4,COM00001.00,2013,O.bulk,Me.Zn,61932.769,38100,0,2
5,COM00001.00,2014,O.bulk,Me.Ag,31.209,21.48,0.002167,4
6,COM00001.00,2014,O.bulk,Me.Au,2.499,1.72,0.338021,4
7,COM00001.00,2014,O.bulk,Me.Cu,27751.02,19100,0,4
8,COM00001.00,2014,O.bulk,Me.Zn,44314.457,30500,0,4
9,COM00001.00,2015,O.bulk,Me.Ag,23.985,19.42,0.002652,6
10,COM00001.00,2015,O.bulk,Me.Au,1.951,1.58,0.400577,6
11,COM00001.00,2015,O.bulk,Me.Cu,24577.555,19900,0,6
12,COM00001.00,2015,O.bulk,Me.Zn,37545.611,30400,0,6
13,COM00001.00,2016,O.bulk,Me.Ag,27.696,21.34,0.002196,8
14,COM00001.00,2016,O.bulk,Me.Au,1.973,1.52,0.432825,8
15,COM00001.00,2016,O.bulk,Me.Cu,20375.915,15700,0,8
16,COM00001.00,2016,O.bulk,Me.Zn,45034.666,34700,0,8
17,COM00001.00,2017,O.bulk,Me.Ag,27.986,27.59,0.001314,10
18,COM00001.00,2017,O.bulk,Me.Au,2.14,2.11,0.224613,10
19,COM00001.00,2017,O.bulk,Me.Cu,16737.088,16500,0,10
20,COM00001.00,2017,O.bulk,Me.Zn,52442.877,51700,0,10
21,COM00001.00,2018,O.bulk,Me.Ag,27.393,28.34,0.001245,12
22,COM00001.00,2018,O.bulk,Me.Au,1.769,1.83,0.298606,12
23,COM00001.00,2018,O.bulk,Me.Cu,14208.535,14700,0,12
24,COM00001.00,2018,O.bulk,Me.Zn,42818.918,44300,0,12
25,COM00001.00,2019,O.bulk,Me.Ag,20.72,18.67,0.002869,14
26,COM00001.00,2019,O.bulk,Me.Au,1.787,1.61,0.385788,14
27,COM00001.00,2019,O.bulk,Me.Cu,15204.013,13700,0,14
28,COM00001.00,2019,O.bulk,Me.Zn,35734.98,32200,0,14
29,COM00004.00,2008,O.Cu,Me.Ag,18.268,41.9,5.7e-4,32
30,COM00004.00,2008,O.Cu,Me.Au,1.648,3.78,0.069987,32
31,COM00004.00,2008,O.Cu,Me.Cu,7412,17000,0,32
32,COM00004.00,2008,O.Cu,Me.Zn,13908.4,31900,0,32
33,COM00004.00,2009,O.Cu,Me.Ag,8.295,49.67,4.05e-4,34
34,COM00004.00,2009,O.Cu,Me.Au,0.942,5.64,0.031437,34
35,COM00004.00,2009,O.Cu,Me.Cu,2672,16000,0,34
36,COM00004.00,2009,O.Cu,Me.Zn,7130.9,42700,0,34
37,COM00004.00,2010,O.Cu,Me.Ag,17.363,37.34,7.17e-4,36
38,COM00004.00,2010,O.Cu,Me.Au,1.614,3.47,0.08305,36
39,COM00004.00,2010,O.Cu,Me.Cu,8044.5,17300,0,36
40,COM00004.00,2010,O.Cu,Me.Zn,13066.5,28100,0,36
41,COM00004.00,2011,O.Cu,Me.Ag,16.974,34.57,8.37e-4,38
42,COM00004.00,2011,O.Cu,Me.Au,1.586,3.23,0.095851,38
43,COM00004.00,2011,O.Cu,Me.Cu,6530.3,13300,0,38
44,COM00004.00,2011,O.Cu,Me.Zn,13207.9,26900,0,38
45,COM00004.00,2012,O.Cu,Me.Ag,15.935,31.87,9.85e-4,40
46,COM00004.00,2012,O.Cu,Me.Au,1.705,3.41,0.085999,40
47,COM00004.00,2012,O.Cu,Me.Cu,5350,10700,0,40
48,COM00004.00,2012,O.Cu,Me.Zn,11950,23900,0,40
49,COM00004.00,2013,O.Cu,Me.Ag,7.609,19.46,0.002641,42
50,COM00004.00,2013,O.Cu,Me.Au,1.048,2.68,0.139229,42
51,COM00004.00,2013,O.Cu,Me.Cu,2424.2,6200,0,42
52,COM00004.00,2013,O.Cu,Me.Zn,7741.8,19800,0,42
53,COM00007.00,2003,O.Au,Me.Au,6.464,5.876083,,44
54,COM00007.00,2004,O.Au,Me.Au,7.087,7.087381,,46
55,COM00007.00,2005,O.Au,Me.Au,7.087,5.451831,,48
56,COM00007.00,2006,O.Au,Me.Au,6.861,6.236895,,50
57,COM00007.00,2007,O.Au,Me.Au,8.987,6.419142,,52
58,COM00007.00,2008,O.Au,Me.Au,9.072,6.479891,,54
59,COM00007.00,2009,O.Au,Me.Au,9.327,6.217995,,56
60,COM00007.00,2010,O.Au,Me.Au,9.582,5.988837,,58
61,COM00007.00,2011,O.Au,Me.Au,10.234,6.020105,,60
62,COM00007.00,2012,O.Au,Me.Au,11,4.999825,,62
63,COM00007.00,2013,O.Au,Me.Au,11.085,4.819419,,64
64,COM00007.00,2014,O.Au,Me.Au,11.425,4.569943,,66
65,COM00007.00,2015,O.Au,Me.Au,11.935,4.590442,,68
66,COM00007.00,2016,O.Au,Me.Au,11.538,4.120806,,70
67,COM00007.00,2017,O.Au,Me.Au,12.02,4.006733,,72
68,COM00007.00,2018,O.Au,Me.Au,10.319,3.439742,,74
69,COM00008.00,2005,O.bulk,Me.Cu,4887.911,5500,0.887,76
70,COM00008.00,2005,O.bulk,Me.Ni,5380.966,7600,0.713,76
71,COM00008.00,2006,O.bulk,Me.Cu,6616,5000,0.9,78
72,COM00008.00,2006,O.bulk,Me.Ni,6398,6000,0.72,78
73,COM00008.00,2007,O.bulk,Me.Cu,6281,4000,0.92,80
74,COM00008.00,2007,O.bulk,Me.Ni,6630,5000,0.76,80
75,COM00008.00,2008,O.bulk,Me.Cu,7071,4000,0.93,82
76,COM00008.00,2008,O.bulk,Me.Ni,8136,6000,0.8,82
77,COM00008.00,2009,O.bulk,Me.Cu,6989,4000,0.9,84
78,COM00008.00,2009,O.bulk,Me.Ni,8029,5000,0.77,84
79,COM00008.00,2010,O.bulk,Me.Cu,5484,4000,0.93,86
80,COM00008.00,2010,O.bulk,Me.Ni,6296,5000,0.82,86
81,COM00008.00,2011,O.bulk,Me.Cu,0,,,88
82,COM00008.00,2011,O.bulk,Me.Ni,0,,,88
83,COM00008.00,2012,O.bulk,Me.Cu,2260,4000,0.914,90
84,COM00008.00,2012,O.bulk,Me.Ni,2398,5000,0.813,90
85,COM00008.00,2013,O.bulk,Me.Cu,6242,4000,0.938,92
86,COM00008.00,2013,O.bulk,Me.Ni,7574,6000,0.828,92
87,COM00008.00,2014,O.bulk,Me.Cu,7390,4700,0.939,94
88,COM00008.00,2014,O.bulk,Me.Ni,8631,6300,0.825,94
89,COM00008.00,2015,O.bulk,Me.Cu,6221,5200,0.931,96
90,COM00008.00,2015,O.bulk,Me.Ni,7213,6800,0.811,96
91,COM00009.00,2006,O.Au,Me.Au,5.719,,,
92,COM00009.00,2007,O.Au,Me.Au,12.61,1.718225,,98
93,COM00009.00,2008,O.Au,Me.Au,14.744,1.967143,,100
94,COM00009.00,2009,O.Au,Me.Au,15.463,2.044977,,102
95,COM00009.00,2010,O.Au,Me.Au,15.424,2.030723,,104
96,COM00009.00,2011,O.Au,Me.Au,16.018,2.049722,,106
97,COM00009.00,2012,O.Au,Me.Au,15.904,2.091001,,108
98,COM00009.00,2013,O.Au,Me.Au,16.159,2.078436,,110
99,COM00009.00,2014,O.Au,Me.Au,12.53,1.788922,,112
100,COM00009.00,2015,O.Au,Me.Au,9.412,1.417476,0.896,114
101,COM00009.00,2016,O.Au,Me.Au,9.894,1.332428,0.903,116
102,COM00009.00,2017,O.Au,Me.Au,9.894,1.417476,0.923,118
103,COM00009.00,2018,O.Au,Me.Au,12.36,1.842719,0.94,120
104,COM00009.00,2019,O.Au,Me.Au,18.229,2.579807,0.941,122
105,COM00013.00,2000,Con.Cu,Me.Ag,56.606,235.659986,,123
106,COM00013.00,2000,Con.Cu,Me.Au,1.542,6.419597,,123
107,COM00013.00,2000,Con.Cu,Me.Cu,67828,282000,0,123
108,COM00013.00,2001,Con.Cu,Me.Ag,48.55,218.566689,,126
109,COM00013.00,2001,Con.Cu,Me.Au,1.698,7.644207,,126
110,COM00013.00,2001,Con.Cu,Me.Cu,63940,288000,0,126
111,COM00013.00,2002,Con.Cu,Me.Ag,47.409,234.36156,,129
112,COM00013.00,2002,Con.Cu,Me.Au,1.542,7.62272,,129
113,COM00013.00,2002,Con.Cu,Me.Cu,57293,283000,0,129
114,COM00013.00,2003,Con.Cu,Me.Ag,55.176,261.75939,,132
115,COM00013.00,2003,Con.Cu,Me.Au,1.383,6.561063,,132
116,COM00013.00,2003,Con.Cu,Me.Cu,58687,278000,0,132
117,COM00013.00,2004,Con.Cu,Me.Ag,44.946,194.947821,,135
118,COM00013.00,2004,Con.Cu,Me.Au,1.985,8.609697,,135
119,COM00013.00,2004,Con.Cu,Me.Cu,64498,280000,0,135
120,COM00013.00,2005,Con.Cu,Me.Ag,41.297,174.117439,,138
121,COM00013.00,2005,Con.Cu,Me.Au,1.84,7.757854,,138
122,COM00013.00,2005,Con.Cu,Me.Cu,65619,277000,0,138
123,COM00013.00,2006,Con.Cu,Me.Ag,35.73,148.841511,,141
124,COM00013.00,2006,Con.Cu,Me.Au,2.342,9.756138,,141
125,COM00013.00,2006,Con.Cu,Me.Cu,66133,275000,0,141
126,COM00013.00,2007,Con.Cu,Me.Ag,42.301,228.2814,,144
127,COM00013.00,2007,Con.Cu,Me.Au,1.178,6.35719,,144
128,COM00013.00,2007,Con.Cu,Me.Cu,50487,272000,0,144
129,COM00013.00,2008,Con.Cu,Me.Ag,32.087,184.8074,,147
130,COM00013.00,2008,Con.Cu,Me.Au,1.218,7.015159,,147
131,COM00013.00,2008,Con.Cu,Me.Cu,47225,272000,0,147
132,COM00013.00,2009,Con.Cu,Me.Ag,24.701,144.450292,,150
133,COM00013.00,2009,Con.Cu,Me.Au,1.348,7.883041,,150
134,COM00013.00,2009,Con.Cu,Me.Cu,46000,269400,0,150
135,COM00013.00,2010,Con.Cu,Me.Ag,36.468,138.661597,,153
136,COM00013.00,2010,Con.Cu,Me.Au,2.208,8.395437,,153
137,COM00013.00,2010,Con.Cu,Me.Cu,67000,255800,0,153
138,COM00013.00,2011,Con.Cu,Me.Ag,45.04,168.689139,,156
139,COM00013.00,2011,Con.Cu,Me.Au,2.447,9.164794,,156
140,COM00013.00,2011,Con.Cu,Me.Cu,67000,250000,0,156
141,COM00013.00,2012,Con.Cu,Me.Ag,51.698,191.474074,,159
142,COM00013.00,2012,Con.Cu,Me.Au,1.959,7.255556,,159
143,COM00013.00,2012,Con.Cu,Me.Cu,67000,248500,0,159
144,COM00013.00,2013,Con.Cu,Me.Ag,53.612,183.60274,,162
145,COM00013.00,2013,Con.Cu,Me.Au,1.765,6.044521,,162
146,COM00013.00,2013,Con.Cu,Me.Cu,71000,242900,0,162
147,COM00013.00,2014,Con.Cu,Me.Ag,54.854,198.028881,,165
148,COM00013.00,2014,Con.Cu,Me.Au,1.767,6.379061,,165
149,COM00013.00,2014,Con.Cu,Me.Cu,68000,244800,0,165
150,COM00013.00,2015,Con.Cu,Me.Ag,56.602,184.371336,,168
151,COM00013.00,2015,Con.Cu,Me.Au,2.119,6.90228,,168
152,COM00013.00,2015,Con.Cu,Me.Cu,67000,219300,0,168
153,COM00013.00,2016,Con.Cu,Me.Ag,56.602,176.88125,,171
154,COM00013.00,2016,Con.Cu,Me.Au,2.119,6.621875,,171
155,COM00013.00,2016,Con.Cu,Me.Cu,71000,221200,0,171
156,COM00013.00,2017,Con.Cu,Me.Ag,61.862,157.010152,,174
157,COM00013.00,2017,Con.Cu,Me.Au,2.899,7.357868,,174
158,COM00013.00,2017,Con.Cu,Me.Cu,98000,247600,0,174
159,COM00013.00,2018,Con.Cu,Me.Ag,54.894,135.876238,,177
160,COM00013.00,2018,Con.Cu,Me.Au,3.15,7.79703,,177
161,COM00013.00,2018,Con.Cu,Me.Cu,99000,245800,0,177
162,COM00014.00,2007,O.Cu,Me.Ag,1.337,33.43,8.95e-4,181
163,COM00014.00,2007,O.Cu,Me.Au,0.072,1.8,0.308642,181
164,COM00014.00,2007,O.Cu,Me.Cu,1564,39100,0,181
165,COM00014.00,2007,O.Cu,Me.Zn,1136,28400,0,181
166,COM00014.00,2008,O.Cu,Me.Ag,55.554,23.51,0.001809,183
167,COM00014.00,2008,O.Cu,Me.Au,1.772,0.75,1.777778,183
168,COM00014.00,2008,O.Cu,Me.Cu,59075,25000,0,183
169,COM00014.00,2008,O.Cu,Me.Zn,14886.9,6300,0,183
170,COM00014.00,2011,O.Cu,Me.Ag,9.113,18.19,0.003022,185
171,COM00014.00,2011,O.Cu,Me.Au,0.361,0.72,1.929012,185
172,COM00014.00,2011,O.Cu,Me.Cu,8717.4,17400,0,185
173,COM00014.00,2011,O.Cu,Me.Zn,3306.6,6600,0,185
174,COM00014.00,2012,O.Cu,Me.Ag,30.761,16.31,0.003759,187
175,COM00014.00,2012,O.Cu,Me.Au,1.188,0.63,2.519526,187
176,COM00014.00,2012,O.Cu,Me.Cu,28667.2,15200,0,187
177,COM00014.00,2012,O.Cu,Me.Zn,17351.2,9200,0,187
178,COM00014.00,2013,O.Cu,Me.Ag,35.214,16.28,0.003773,189
179,COM00014.00,2013,O.Cu,Me.Au,1.384,0.64,2.441406,189
180,COM00014.00,2013,O.Cu,Me.Cu,38934,18000,0,189
181,COM00014.00,2013,O.Cu,Me.Zn,25090.8,11600,0,189
182,COM00014.00,2014,O.Cu,Me.Ag,29.683,16.62,0.00362,191
183,COM00014.00,2014,O.Cu,Me.Au,1.125,0.63,2.519526,191
184,COM00014.00,2014,O.Cu,Me.Cu,35541.4,19900,0,191
185,COM00014.00,2014,O.Cu,Me.Zn,24646.8,13800,0,191
186,COM00015.00,2016,O.oxi,Oth.cuca,18000,1125.77397,,196
187,COM00015.00,2017,Con.Cu,Me.Cu,68200,228000,0,197
188,COM00015.00,2017,O.oxi,Oth.cuca,25100,1924.846626,,200
189,COM00015.00,2017,O.sul,Me.Ag,8.398,,,201
190,COM00015.00,2017,O.sul,Me.Au,0.025,,,201
191,COM00015.00,2018,Con.Cu,Me.Cu,110600,219000,0,202
192,COM00015.00,2018,O.oxi,Oth.cuca,25700,1595.876801,,205
193,COM00015.00,2018,O.sul,Me.Ag,15.21,,,206
194,COM00015.00,2018,O.sul,Me.Au,0.019,,,206
195,COM00016.00,2013,O.Au,Me.Au,3.651,2.263296,,208
196,COM00016.00,2014,O.Au,Me.Au,13.358,1.727762,,210
197,COM00016.00,2015,O.Au,Me.Au,13.409,1.729321,0.908,212
198,COM00016.00,2016,O.Au,Me.Au,13.324,1.587573,0.917,214
199,COM00016.00,2017,O.Au,Me.Au,13.409,1.587573,0.923,216
200,COM00016.00,2018,O.Au,Me.Au,11.737,1.502525,0.912,218
201,COM00016.00,2019,O.Au,Me.Au,11.963,1.502525,0.908,220
202,COM00018.00,2007,O.bulk,Me.Ag,113.468,127,7.9e-5,234
203,COM00018.00,2007,O.bulk,Me.Au,0.397,0.54,5.313941,234
204,COM00018.00,2008,O.bulk,Me.Ag,182.188,149,5.4e-5,236
205,COM00018.00,2008,O.bulk,Me.Au,0.501,0.42,7.024396,236
206,COM00018.00,2009,O.bulk,Me.Ag,158.499,111,9.5e-5,238
207,COM00018.00,2009,O.bulk,Me.Au,0.542,0.39,7.89918,238
208,COM00018.00,2009,O.bulk,Me.Cu,216.842,129.747911,,238
209,COM00018.00,2010,O.bulk,Me.Ag,200.223,146.56,5.7e-5,240
210,COM00018.00,2010,O.bulk,Me.Au,0.499,0.38,8.841054,240
211,COM00018.00,2010,O.bulk,Me.Cu,93.684,55.899101,,240
212,COM00018.00,2011,O.bulk,Me.Ag,157.884,105,1.11e-4,242
213,COM00018.00,2011,O.bulk,Me.Au,0.495,0.33,11.32445,242
214,COM00018.00,2011,O.bulk,Me.Cu,105.263,56.960583,,242
215,COM00018.00,2012,O.bulk,Me.Ag,159.791,116,9.2e-5,244
216,COM00018.00,2012,O.bulk,Me.Au,0.536,0.38,8.333333,244
217,COM00018.00,2012,O.bulk,Me.Cu,105.263,61.992437,,244
218,COM00018.00,2013,O.bulk,Me.Ag,151.301,101,1.17e-4,246
219,COM00018.00,2013,O.bulk,Me.Au,0.524,0.36,9.483639,246
220,COM00018.00,2013,O.bulk,Me.Cu,126.316,70.56748,,246
221,COM00018.00,2014,O.bulk,Me.Ag,103.459,75,2.27e-4,248
222,COM00018.00,2014,O.bulk,Me.Au,0.523,0.37,9.108844,248
223,COM00018.00,2014,O.bulk,Me.Cu,31.579,17.912052,,248
224,COM00018.00,2015,O.bulk,Me.Ag,88.475,62,3.28e-4,250
225,COM00018.00,2015,O.bulk,Me.Au,0.606,0.39,7.612946,250
226,COM00018.00,2015,O.bulk,Me.Cu,105.263,58.512039,,250
227,COM00018.00,2016,O.bulk,Me.Ag,55.528,45,7.34e-4,252
228,COM00018.00,2016,O.bulk,Me.Au,0.25,0.18,40.792762,252
229,COM00018.00,2016,O.bulk,Me.Cu,31.579,17.228013,,252
230,COM00018.00,2017,O.bulk,Me.Ag,19.095,43,5.5e-4,254
231,COM00018.00,2017,O.bulk,Me.Au,0.063,0.17,42.100846,254
232,COM00018.00,2017,O.bulk,Me.Cu,10.526,23.288309,,254
233,COM00021.00,2007,O.bulk,Me.Zn,190,45000,0.37,256
234,COM00024.00,2014,O.bulk,Me.Ag,84.619,140.330139,5.1e-5,258
235,COM00024.00,2014,O.bulk,Me.Pb,4522.5,7500,0,258
236,COM00024.00,2014,O.bulk,Me.Zn,7236,12000,0,258
237,COM00024.00,2015,O.bulk,Me.Ag,103.415,117.650521,7.2e-5,260
238,COM00024.00,2015,O.bulk,Me.Cu,879,1000,1e-6,260
239,COM00024.00,2015,O.bulk,Me.Pb,5713.5,6500,0,260
240,COM00024.00,2015,O.bulk,Me.Zn,9669,11000,0,260
241,COM00024.00,2016,O.bulk,Me.Ag,61.915,68.038856,2.16e-4,262
242,COM00024.00,2016,O.bulk,Me.Cu,910,1000,1e-6,262
243,COM00024.00,2016,O.bulk,Me.Pb,7280,8000,0,262
244,COM00024.00,2016,O.bulk,Me.Zn,10920,12000,0,262
245,COM00024.00,2017,O.bulk,Me.Ag,57.034,59.533999,2.82e-4,264
246,COM00024.00,2017,O.bulk,Me.Cu,958,1000,1e-6,264
247,COM00024.00,2017,O.bulk,Me.Pb,7664,8000,0,264
248,COM00024.00,2017,O.bulk,Me.Zn,13412,14000,0,264
249,COM00024.00,2018,O.bulk,Me.Ag,46.494,49.044675,4.16e-4,266
250,COM00024.00,2018,O.bulk,Me.Pb,6825.6,7200,0,266
251,COM00024.00,2018,O.bulk,Me.Zn,9954,10500,0,266
252,COM00031.00,2001,O.bulk,Me.Au,21.376,,,
253,COM00031.00,2001,O.bulk,Me.Cu,191600,,,
254,COM00031.00,2002,O.bulk,Me.Au,19.051,,,
255,COM00031.00,2002,O.bulk,Me.Cu,203700,,,
256,COM00031.00,2005,O.bulk,Me.Au,17.955,0.63,0.78,284
257,COM00031.00,2005,O.bulk,Me.Cu,187363.888,5700,0.9,284
258,COM00031.00,2006,O.bulk,Me.Au,19.921,0.71,0.78,286
259,COM00031.00,2006,O.bulk,Me.Cu,180106.41,5600,0.88,286
260,COM00031.00,2007,O.bulk,Me.Au,19.124,0.67,0.76,288
261,COM00031.00,2007,O.bulk,Me.Cu,180227.368,5600,0.84,288
262,COM00031.00,2008,O.bulk,Me.Au,15.691,0.55,0.76,290
263,COM00031.00,2008,O.bulk,Me.Cu,156882.481,5000,0.83,290
264,COM00031.00,2009,O.bulk,Me.Au,13.12,0.49,0.71,292
265,COM00031.00,2009,O.bulk,Me.Cu,143093.273,4600,0.83,292
266,COM00031.00,2010,O.bulk,Me.Au,12.606,0.46,0.71,294
267,COM00031.00,2010,O.bulk,Me.Cu,140311.24,4600,0.83,294
268,COM00031.00,2011,O.bulk,Me.Au,11.072,0.42,0.69,296
269,COM00031.00,2011,O.bulk,Me.Cu,116724.437,4000,0.77,296
270,COM00031.00,2012,O.bulk,Me.Au,11.329,0.4,0.71,298
271,COM00031.00,2012,O.bulk,Me.Cu,135714.837,4100,0.84,298
272,COM00031.00,2013,O.bulk,Me.Au,9.745,0.37,0.7,300
273,COM00031.00,2013,O.bulk,Me.Cu,109587.917,3700,0.79,300
274,COM00031.00,2014,O.bulk,Me.Au,9.96,0.39,0.7,302
275,COM00031.00,2014,O.bulk,Me.Cu,102572.355,3600,0.8,302
276,COM00031.00,2015,O.bulk,Me.Au,6.138,0.27,0.67,304
277,COM00031.00,2015,O.bulk,Me.Cu,61809.52,2400,0.74,304
278,COM00031.00,2016,O.bulk,Me.Au,7.962,0.33,0.71,306
279,COM00031.00,2016,O.bulk,Me.Cu,81888.543,2800,0.84,306
280,COM00031.00,2017,O.bulk,Me.Ag,8.675,,,
281,COM00031.00,2017,O.bulk,Me.Au,5.33,,,
282,COM00031.00,2017,O.bulk,Me.Cu,33300,,,
283,COM00031.00,2018,O.bulk,Me.Ag,4.423,,,
284,COM00031.00,2018,O.bulk,Me.Au,3.402,,,
285,COM00031.00,2018,O.bulk,Me.Cu,17400,,,
286,COM00033.00,2015,,Me.Pt,13.606,,,
287,COM00033.00,2016,,Me.Pt,14.508,,,
288,COM00033.00,2017,O.bulk,Me.Pd,6.298,,,
289,COM00033.00,2017,O.bulk,Me.Pt,13.623,,,
290,COM00033.00,2018,O.bulk,Me.Pd,6.379,,,
291,COM00033.00,2018,O.bulk,Me.Pt,13.77,,,
292,COM00033.00,2019,,Me.pgm,27.785,,,
293,COM00033.00,2020,,Me.pgm,18.914,,,
294,COM00035.00,2012,O.bulk,Me.Co,492.5,,,
295,COM00035.00,2012,O.bulk,Me.Ni,5695,,,
296,COM00035.00,2013,O.bulk,Me.Co,2082.5,,,
297,COM00035.00,2013,O.bulk,Me.Ni,25148,,,
298,COM00035.00,2014,O.bulk,Me.Co,2915,,,
299,COM00035.00,2014,O.bulk,Me.Ni,37053,,,
300,COM00035.00,2015,O.bulk,Me.Co,3464,,,
301,COM00035.00,2015,O.bulk,Me.Ni,47271,,,
302,COM00035.00,2016,O.bulk,Me.Co,3273,,,
303,COM00035.00,2016,O.bulk,Me.Ni,42105,,,
304,COM00035.00,2017,O.bulk,Me.Co,3053,,,
305,COM00035.00,2017,O.bulk,Me.Ni,35474,,,
306,COM00035.00,2018,O.bulk,Me.Co,2852,,,
307,COM00035.00,2018,O.bulk,Me.Ni,33185,,,
308,COM00035.00,2019,O.bulk,Me.Co,2900,,,
309,COM00035.00,2019,O.bulk,Me.Ni,33733.333,,,
310,COM00041.00,2000,O.Cu,Me.Cu,257970,,,
311,COM00041.00,2000,O.Cu,Me.Mo,3592,,,
312,COM00041.00,2001,O.Cu,Me.Cu,253341,,,
313,COM00041.00,2001,O.Cu,Me.Mo,2724,,,
314,COM00041.00,2002,O.Cu,Me.Cu,218706,,,
315,COM00041.00,2002,O.Cu,Me.Mo,1864,,,
316,COM00041.00,2003,O.Cu,Me.Cu,235834,,,
317,COM00041.00,2003,O.Cu,Me.Mo,2057,,,
318,COM00041.00,2004,O.Cu,Me.Cu,239862,,,
319,COM00041.00,2004,O.Cu,Me.Mo,2980,,,
320,COM00041.00,2005,O.Cu,Me.Cu,248137,,,
321,COM00041.00,2005,O.Cu,Me.Mo,3244,,,
322,COM00041.00,2006,O.Cu,Me.Cu,236356,,,
323,COM00041.00,2006,O.Cu,Me.Mo,3308,,,
324,COM00041.00,2007,O.Cu,Me.Cu,218322,,,
325,COM00041.00,2007,O.Cu,Me.Mo,2525,,,
326,COM00041.00,2008,O.Cu,Me.Cu,219554,,,
327,COM00041.00,2008,O.Cu,Me.Mo,2133,,,
328,COM00041.00,2009,O.Cu,Me.Cu,209727,,,
329,COM00041.00,2009,O.Cu,Me.Mo,2163,,,
330,COM00041.00,2010,O.Cu,Me.Cu,188494,,,
331,COM00041.00,2010,O.Cu,Me.Mo,2901,,,
332,COM00041.00,2011,O.Cu,Me.Ag,59.02,,,
333,COM00041.00,2011,O.Cu,Me.Cu,234348,,,
334,COM00041.00,2011,O.Cu,Me.Mo,3174,,,
335,COM00041.00,2012,O.Cu,Me.Ag,62.465,,,
336,COM00041.00,2012,O.Cu,Me.Cu,249861,,,
337,COM00041.00,2012,O.Cu,Me.Mo,4652,,,
338,COM00041.00,2013,O.Cu,Me.Ag,59.179,,,
339,COM00041.00,2013,O.Cu,Me.Cu,236715,,,
340,COM00041.00,2013,O.Cu,Me.Mo,7213,,,
341,COM00041.00,2014,O.Cu,Me.Ag,58.111,,,
342,COM00041.00,2014,O.Cu,Me.Cu,232444,,,
343,COM00041.00,2014,O.Cu,Me.Mo,6873,,,
344,COM00041.00,2015,O.Cu,Me.Cu,224264,,,
345,COM00041.00,2015,O.Cu,Me.Mo,5717,,,
346,COM00041.00,2016,O.Cu,Me.Cu,193341,,,
347,COM00041.00,2016,O.Cu,Me.Mo,3894,,,
348,COM00041.00,2017,O.Cu,Me.Ag,55.008,,,
349,COM00041.00,2017,O.Cu,Me.Cu,220030,,,
350,COM00041.00,2017,O.Cu,Me.Mo,4365,,,
351,COM00041.00,2018,O.Cu,Me.Ag,48.883,,,
352,COM00041.00,2018,O.Cu,Me.Cu,195531,,,
353,COM00041.00,2018,O.Cu,Me.Mo,3489,,,
354,COM00042.00,2008,O.Au,Me.Au,0.144,4.77,0.852,310
355,COM00042.00,2009,O.Au,Me.Au,0.897,4.76,0.881,312
356,COM00042.00,2010,O.Au,Me.Au,0.982,4.59,0.913,314
357,COM00042.00,2011,O.Au,Me.Au,1.527,7.07,0.938,316
358,COM00042.00,2012,O.Au,Me.Au,1.512,6.25,0.9443,318
359,COM00042.00,2013,O.Au,Me.Au,1.048,4.63,0.9177,320
360,COM00042.00,2014,O.Au,Me.Au,0.97,4.69,0.9143,322
361,COM00042.00,2015,O.Au,Me.Au,0.689,3.69,0.9334,324
362,COM00042.00,2016,O.Au,Me.Au,0.273,1.85,0.836,326
363,COM00048.00,2001,O.bulk,Me.Cu,170097.139,13185.824709,,349
364,COM00048.00,2001,O.bulk,Me.Zn,56699.046,4395.274903,,349
365,COM00048.00,2002,O.bulk,Me.Cu,330700,13700,0.881,351
366,COM00048.00,2002,O.bulk,Me.Mo,739.809,27.658485,,351
367,COM00048.00,2002,O.bulk,Me.Zn,230700,11900,0.827,351
368,COM00048.00,2003,O.bulk,Me.Cu,252400,11900,0.809,353
369,COM00048.00,2003,O.bulk,Me.Mo,528.435,20.007387,,353
370,COM00048.00,2003,O.bulk,Me.Zn,362700,18600,0.789,353
371,COM00048.00,2004,O.bulk,Me.Cu,362100,13400,0.873,355
372,COM00048.00,2004,O.bulk,Me.Mo,3585.648,114.72237,,355
373,COM00048.00,2004,O.bulk,Me.Zn,190100,9700,0.738,355
374,COM00048.00,2005,O.bulk,Me.Cu,374600,13500,0.903,357
375,COM00048.00,2005,O.bulk,Me.Mo,6713.167,221.235403,,357
376,COM00048.00,2005,O.bulk,Me.Zn,184300,6073.688373,,357
377,COM00048.00,2006,O.bulk,Me.Cu,384200,13800,0.91,359
378,COM00048.00,2006,O.bulk,Me.Mo,7892.507,260.85759,,359
379,COM00048.00,2006,O.bulk,Me.Zn,156100,5159.307245,,359
380,COM00048.00,2007,O.bulk,Me.Cu,329900,12100,0.891,361
381,COM00048.00,2007,O.bulk,Me.Mo,6395.652,205.159826,,361
382,COM00048.00,2007,O.bulk,Me.Zn,291700,9357.156605,,361
383,COM00048.00,2008,O.bulk,Me.Cu,343000,,,
384,COM00048.00,2008,O.bulk,Me.Mo,6078.138,,,
385,COM00048.00,2008,O.bulk,Me.Zn,347000,,,
386,COM00048.00,2009,O.bulk,Me.Cu,316000,,,
387,COM00048.00,2009,O.bulk,Me.Mo,2494.758,,,
388,COM00048.00,2009,O.bulk,Me.Zn,456000,,,
389,COM00048.00,2010,O.bulk,Me.Cu,301500,10000,0.822,363
390,COM00048.00,2010,O.bulk,Me.Mo,3401.943,93.18604,,363
391,COM00048.00,2010,O.bulk,Me.Zn,386200,26200,0.848,363
392,COM00048.00,2011,O.bulk,Me.Cu,333700,10400,0.859,365
393,COM00048.00,2011,O.bulk,Me.Mo,6259.575,166.504621,,365
394,COM00048.00,2011,O.bulk,Me.Zn,235400,22600,0.844,365
395,COM00048.00,2012,O.bulk,Me.Cu,446800,11000,0.879,367
396,COM00048.00,2012,O.bulk,Me.Mo,5488.468,118.07473,,367
397,COM00048.00,2012,O.bulk,Me.Zn,219000,18500,0.807,367
398,COM00048.00,2013,O.bulk,Me.Cu,443000,10700,0.872,369
399,COM00048.00,2013,O.bulk,Me.Mo,4535.924,96.428999,,369
400,COM00048.00,2013,O.bulk,Me.Zn,260400,21200,0.844,369
401,COM00048.00,2014,O.bulk,Me.Cu,344900,8300,0.828,371
402,COM00048.00,2014,O.bulk,Me.Mo,1406.136,27.87188,,371
403,COM00048.00,2014,O.bulk,Me.Zn,211000,16600,0.826,371
404,COM00048.00,2015,O.bulk,Me.Cu,390600,8300,0.834,373
405,COM00048.00,2015,O.bulk,Me.Mo,1995.806,35.515098,,373
406,COM00048.00,2015,O.bulk,Me.Zn,235000,15200,0.814,373
407,COM00048.00,2016,O.bulk,Me.Cu,431100,9000,0.892,375
408,COM00048.00,2016,O.bulk,Me.Mo,4672.001,86.446506,,375
409,COM00048.00,2016,O.bulk,Me.Zn,198000,17900,0.857,375
410,COM00048.00,2017,O.bulk,Me.Cu,422500,9300,0.892,377
411,COM00048.00,2017,O.bulk,Me.Mo,3946.254,77.220054,,377
412,COM00048.00,2017,O.bulk,Me.Zn,372100,21300,0.888,377
413,COM00048.00,2018,O.bulk,Me.Cu,446100,9700,0.901,379
414,COM00048.00,2018,O.bulk,Me.Mo,4626.642,90.28123,,379
415,COM00048.00,2018,O.bulk,Me.Zn,409300,21500,0.877,379
416,COM00049.00,2001,Con.Cu,Me.Cu,84900,,,
417,COM00049.00,2001,,Me.Au,0.691,,,
418,COM00049.00,2002,Con.Cu,Me.Cu,1300,,,
419,COM00049.00,2002,O.bulk,Me.Au,0.63,,,
420,COM00049.00,2002,O.bulk,Oth.cuca,44900,,,
421,COM00049.00,2003,,Oth.cuca,35400,,,
422,COM00049.00,2004,Con.Cu,Me.Cu,57500,,,
423,COM00049.00,2004,O.bulk,Me.Au,0.333,,,
424,COM00049.00,2004,O.bulk,Oth.cuca,36000,,,
425,COM00049.00,2005,Con.Cu,Me.Cu,72700,,,
426,COM00049.00,2005,O.bulk,Me.Au,0.616,,,
427,COM00049.00,2005,O.bulk,Oth.cuca,34400,,,
428,COM00049.00,2006,O.Cu,Me.Au,1.012,,,381
429,COM00049.00,2006,O.Cu,Me.Cu,78300,7317.757009,,381
430,COM00049.00,2007,O.Cu,Me.Au,0.931,,,383
431,COM00049.00,2007,O.Cu,Me.Cu,83800,7101.694915,,383
432,COM00049.00,2008,O.Cu,Me.Au,0.675,,,385
433,COM00049.00,2008,O.Cu,Me.Cu,84000,11830.985915,,385
434,COM00049.00,2008,O.Cu,Oth.cuca,37000,5211.267606,,385
435,COM00049.00,2009,O.Cu,Me.Au,0.986,,,387
436,COM00049.00,2009,O.Cu,Me.Cu,82000,11714.285714,,387
437,COM00049.00,2009,O.Cu,Oth.cuca,36000,5142.857143,,387
438,COM00049.00,2010,O.Cu,Me.Au,0.691,,,389
439,COM00049.00,2010,O.Cu,Me.Cu,68000,9315.068493,,389
440,COM00049.00,2010,O.Cu,Oth.cuca,25000,3424.657534,,389
441,COM00049.00,2011,O.Cu,Me.Au,0.607,,,391
442,COM00049.00,2011,O.Cu,Me.Cu,74000,10136.986301,,391
443,COM00049.00,2011,O.Cu,Oth.cuca,21000,2876.712329,,391
444,COM00049.00,2012,Con.Cu,Me.Ag,14.203,,,
445,COM00049.00,2012,Con.Cu,Me.Au,0.482,,,
446,COM00049.00,2012,Con.Cu,Me.Cu,43000,,,
447,COM00049.00,2012,,Me.Cu,8800,,,
448,COM00049.00,2013,Con.Cu,Me.Ag,26.819,,,
449,COM00049.00,2013,Con.Cu,Me.Au,2.24,,,
450,COM00049.00,2013,Con.Cu,Me.Cu,139000,,,
451,COM00049.00,2013,,Me.Cu,12200,,,
452,COM00049.00,2014,Con.Cu,Me.Ag,29.71,,,
453,COM00049.00,2014,Con.Cu,Me.Au,1.956,,,
454,COM00049.00,2014,Con.Cu,Me.Cu,167100,,,
455,COM00049.00,2015,Con.Cu,Me.Ag,37.28,,,
456,COM00049.00,2015,Con.Cu,Me.Au,3.459,,,
457,COM00049.00,2015,Con.Cu,Me.Cu,202100,,,
458,COM00049.00,2016,Con.Cu,Me.Ag,43.545,,,
459,COM00049.00,2016,Con.Cu,Me.Au,3.26,,,
460,COM00049.00,2016,Con.Cu,Me.Cu,219900,,,
461,COM00049.00,2017,Con.Cu,Me.Ag,41.249,,,
462,COM00049.00,2017,Con.Cu,Me.Au,3.941,,,
463,COM00049.00,2017,Con.Cu,Me.Cu,206500,,,
464,COM00049.00,2018,Con.Cu,Me.Ag,43.176,,,
465,COM00049.00,2018,Con.Cu,Me.Au,3.742,,,
466,COM00049.00,2018,Con.Cu,Me.Cu,205400,,,
467,COM00049.00,2019,Con.Cu,Me.Ag,44.679,,,
468,COM00049.00,2019,Con.Cu,Me.Au,2.41,,,
469,COM00049.00,2019,Con.Cu,Me.Cu,197600,,,
470,COM00050.00,2001,O.bulk,Me.Ag,1.72,49.765563,0.575,393
471,COM00050.00,2001,O.bulk,Me.Au,1.076,19.906225,0.894,393
472,COM00050.00,2002,O.bulk,Me.Ag,3.052,41.367624,0.6089,395
473,COM00050.00,2002,O.bulk,Me.Au,2.251,18.662086,0.929,395
474,COM00050.00,2003,O.bulk,Me.Ag,2.845,29.237268,0.625,397
475,COM00050.00,2003,O.bulk,Me.Au,2.624,18.351050999999998,0.918,397
476,COM00050.00,2004,O.bulk,Me.Ag,2.68,23.016573,0.645,399
477,COM00050.00,2004,O.bulk,Me.Au,3.021,17.728982,0.944,399
478,COM00050.00,2005,O.bulk,Me.Ag,3.179,25.193816,0.704,401
479,COM00050.00,2005,O.bulk,Me.Au,3.232,18.662086,0.959,401
480,COM00050.00,2006,O.bulk,Me.Ag,2.589,20.21726,0.712,403
481,COM00050.00,2006,O.bulk,Me.Au,3.215,18.662086,0.966,403
482,COM00050.00,2007,O.bulk,Me.Ag,2.81,22.705538,0.692,405
483,COM00050.00,2007,O.bulk,Me.Au,2.245,13.06346,0.96,405
484,COM00050.00,2008,O.bulk,Me.Ag,2.499,17.728982,0.666,407
485,COM00050.00,2008,O.bulk,Me.Au,1.347,6.842765,0.942,407
486,COM00050.00,2009,O.bulk,Me.Ag,1.558,14.307599,0.763,409
487,COM00050.00,2009,O.bulk,Me.Au,0.964,7.091593,0.952,409
488,COM00050.00,2010,O.bulk,Me.Ag,1.147,10.575182,0.74,411
489,COM00050.00,2010,O.bulk,Me.Au,1.113,7.900283,0.968,411
490,COM00050.00,2011,O.bulk,Me.Ag,1.043,9.175526,0.728,413
491,COM00050.00,2011,O.bulk,Me.Au,0.889,5.909661,0.964,413
492,COM00050.00,2012,O.bulk,Me.Ag,0.412,7.51,0.702,415
493,COM00050.00,2012,O.bulk,Me.Au,0.364,4.87,0.956,415
494,COM00050.00,2013,O.bulk,Me.Ag,0.117,Inf,,417
495,COM00050.00,2013,O.bulk,Me.Au,0.016,Inf,,417
496,COM00051.00,2018,Con.Cu,Me.Au,0.136,6.8,0.02412,418
497,COM00051.00,2018,Con.Cu,Me.Cu,5887,264000,0,418
498,COM00051.00,2019,Con.Cu,Me.Au,0.175,7.5,0.019429,421
499,COM00051.00,2019,Con.Cu,Me.Cu,6810,268000,0,421
500,COM00054.00,2016,O.Cu,Me.Cu,66200,3900,0.706,425
501,COM00054.00,2017,O.Cu,Me.Cu,80500,3700,0.737,427
502,COM00054.00,2018,O.Cu,Me.Cu,71900,3700,0.716,429
503,COM00054.00,2019,O.Cu,Me.Cu,71900,3900,0.746,431
504,COM00067.00,2001,,Nm.dia,5.219,,,
505,COM00067.00,2002,,Nm.dia,6.704,,,
506,COM00067.00,2003,,Nm.dia,6.182,,,
507,COM00067.00,2004,,Nm.dia,4.124,,,
508,COM00067.00,2005,,Nm.dia,6.095,,,
509,COM00067.00,2006,,Nm.dia,5.816,,,
510,COM00067.00,2007,,Nm.dia,3.749,,,
511,COM00067.00,2008,,Nm.dia,3.015,,,
512,COM00067.00,2009,,Nm.dia,2.118,,,
513,COM00067.00,2010,,Nm.dia,1.961,,,
514,COM00067.00,2011,,Nm.dia,1.488,,,
515,COM00067.00,2012,,Nm.dia,1.694,,,
516,COM00067.00,2013,,Nm.dia,2.272,,,
517,COM00067.00,2014,,Nm.dia,1.838,,,
518,COM00067.00,2015,,Nm.dia,2.694,,,
519,COM00067.00,2016,,Nm.dia,2.792,,,
520,COM00067.00,2017,,Nm.dia,3.427,,,
521,COM00067.00,2018,,Nm.dia,2.814,,,
522,COM00069.00,2007,O.bulk,Me.Ag,133.906,95.99,1.09e-4,441
523,COM00069.00,2007,O.bulk,Me.Au,1.786,1.28,0.610352,441
524,COM00069.00,2007,O.bulk,Me.Cu,23017.5,16500,0,441
525,COM00069.00,2007,O.bulk,Me.Zn,72400.5,51900,0,441
526,COM00069.00,2008,O.bulk,Me.Ag,157.989,102.06,9.6e-5,443
527,COM00069.00,2008,O.bulk,Me.Au,1.734,1.12,0.797194,443
528,COM00069.00,2008,O.bulk,Me.Cu,26006.4,16800,0,443
529,COM00069.00,2008,O.bulk,Me.Zn,78793.2,50900,0,443
530,COM00069.00,2009,O.bulk,Me.Ag,116.122,96.93,1.06e-4,445
531,COM00069.00,2009,O.bulk,Me.Au,1.33,1.11,0.811622,445
532,COM00069.00,2009,O.bulk,Me.Cu,20605.6,17200,0,445
533,COM00069.00,2009,O.bulk,Me.Zn,62176.2,51900,0,445
534,COM00069.00,2010,O.bulk,Me.Ag,184.502,132.07,5.7e-5,447
535,COM00069.00,2010,O.bulk,Me.Au,1.704,1.22,0.671862,447
536,COM00069.00,2010,O.bulk,Me.Cu,24587.2,17600,0,447
537,COM00069.00,2010,O.bulk,Me.Zn,92900.5,66500,0,447
538,COM00069.00,2011,O.bulk,Me.Ag,160.991,125.48,6.4e-5,449
539,COM00069.00,2011,O.bulk,Me.Au,1.437,1.12,0.797194,449
540,COM00069.00,2011,O.bulk,Me.Cu,20784.6,16200,0,449
541,COM00069.00,2011,O.bulk,Me.Zn,72232.9,56300,0,449
542,COM00069.00,2012,O.bulk,Me.Ag,177.639,115.35,7.5e-5,451
543,COM00069.00,2012,O.bulk,Me.Au,1.679,1.09,0.84168,451
544,COM00069.00,2012,O.bulk,Me.Cu,29568,19200,0,451
545,COM00069.00,2012,O.bulk,Me.Zn,94402,61300,0,451
546,COM00069.00,2013,O.bulk,Me.Ag,120.986,90.83,1.21e-4,453
547,COM00069.00,2013,O.bulk,Me.Au,1.225,0.92,1.181474,453
548,COM00069.00,2013,O.bulk,Me.Cu,22377.6,16800,0,453
549,COM00069.00,2013,O.bulk,Me.Zn,61938,46500,0,453
550,COM00069.00,2014,O.bulk,Me.Ag,86.586,63.76,2.46e-4,455
551,COM00069.00,2014,O.bulk,Me.Au,0.869,0.64,2.441406,455
552,COM00069.00,2014,O.bulk,Me.Cu,24172.4,17800,0,455
553,COM00069.00,2014,O.bulk,Me.Zn,54863.2,40400,0,455
554,COM00069.00,2015,O.bulk,Me.Ag,45.244,35.1,8.12e-4,457
555,COM00069.00,2015,O.bulk,Me.Au,0.49,0.38,6.925208,457
556,COM00069.00,2015,O.bulk,Me.Cu,20881.8,16200,0,457
557,COM00069.00,2015,O.bulk,Me.Zn,38154.4,29600,0,457
558,COM00069.00,2016,O.bulk,Me.Ag,50.92,38.9,6.61e-4,459
559,COM00069.00,2016,O.bulk,Me.Au,0.484,0.37,7.304602,459
560,COM00069.00,2016,O.bulk,Me.Cu,19373.2,14800,0,459
561,COM00069.00,2016,O.bulk,Me.Zn,27489,21000,0,459
562,COM00072.00,2004,O.bulk,Me.Cu,823,,,
563,COM00072.00,2005,O.bulk,Me.Cu,15115,,,
564,COM00072.00,2006,O.bulk,Me.Ag,16.237,,,
565,COM00072.00,2006,O.bulk,Me.Cu,30018,,,
566,COM00072.00,2006,O.bulk,Me.Zn,9439,,,
567,COM00072.00,2007,O.bulk,Me.Cu,28494,,,
568,COM00072.00,2007,O.bulk,Me.Zn,9808,,,
569,COM00072.00,2008,O.bulk,Me.Ag,13.503,,,
570,COM00072.00,2008,O.bulk,Me.Cu,27102.51,,,
571,COM00072.00,2008,O.bulk,Me.Zn,2585.59,,,
572,COM00072.00,2009,O.bulk,Me.Ag,14.194,,,
573,COM00072.00,2009,O.bulk,Me.Cu,30058.16,,,
574,COM00072.00,2009,O.bulk,Me.Zn,6800.01,,,
575,COM00072.00,2010,O.bulk,Me.Ag,23.566,,,
576,COM00072.00,2010,O.bulk,Me.Cu,32218.33,,,
577,COM00072.00,2010,O.bulk,Me.Zn,10319.76,,,
578,COM00072.00,2011,O.bulk,Me.Ag,26.664,,,
579,COM00072.00,2011,O.bulk,Me.Cu,32693.91,,,
580,COM00072.00,2011,O.bulk,Me.Zn,13392.1,,,
581,COM00072.00,2012,O.bulk,Me.Ag,24.218,,,
582,COM00072.00,2012,O.bulk,Me.Cu,32066.33,,,
583,COM00072.00,2012,O.bulk,Me.Zn,8531.82,,,
584,COM00072.00,2013,O.bulk,Me.Cu,31514,,,
585,COM00072.00,2013,O.bulk,Me.Zn,10048,,,
586,COM00072.00,2014,O.bulk,Me.Cu,33018,,,
587,COM00072.00,2014,O.bulk,Me.Zn,12996,,,
588,COM00072.00,2015,O.bulk,Me.Cu,35184,,,
589,COM00072.00,2015,O.bulk,Me.Zn,9970,,,
590,COM00072.00,2016,O.bulk,Me.Cu,40149,,,
591,COM00072.00,2016,O.bulk,Me.Zn,9675,,,
592,COM00072.00,2017,O.bulk,Me.Ag,30.08,,,
593,COM00072.00,2017,O.bulk,Me.Cu,44057,,,
594,COM00072.00,2017,O.bulk,Me.Zn,7790,,,
595,COM00072.00,2018,O.bulk,Me.Ag,29.545,,,
596,COM00072.00,2018,O.bulk,Me.Cu,44528,,,
597,COM00072.00,2018,O.bulk,Me.Zn,9001,,,
598,COM00073.00,2011,Con.Fe,Me.Fe,172500,575000,0,460
599,COM00073.00,2012,Con.Fe,Me.Fe,253000,575000,0,461
600,COM00073.00,2013,Con.Fe,Me.Fe,230000,575000,0,462
601,COM00073.00,2014,Con.Fe,Me.Fe,230000,575000,0,463
602,COM00073.00,2015,Con.Fe,Me.Fe,230000,575000,0,464
603,COM00073.00,2016,Con.Fe,Me.Fe,287500,575000,0,465
604,COM00073.00,2017,Con.Fe,Me.Fe,275000,550000,0,466
605,COM00073.00,2018,Con.Fe,Me.Fe,275000,550000,0,467
606,COM00073.00,2019,Con.Fe,Me.Fe,330000,550000,0,468
607,COM00074.00,2011,Con.Fe,Me.Fe,690000,575000,0,469
608,COM00074.00,2012,Con.Fe,Me.Fe,368000,575000,0,470
609,COM00074.00,2013,Con.Fe,Me.Fe,345000,575000,0,471
610,COM00074.00,2014,Con.Fe,Me.Fe,517500,575000,0,472
611,COM00074.00,2015,Con.Fe,Me.Fe,460000,575000,0,473
612,COM00074.00,2016,Con.Fe,Me.Fe,460000,575000,0,474
613,COM00074.00,2017,Con.Fe,Me.Fe,550000,550000,0,475
614,COM00074.00,2018,Con.Fe,Me.Fe,440000,550000,0,476
615,COM00074.00,2019,Con.Fe,Me.Fe,495000,550000,0,477
616,COM00084.00,2000,O.Cu,Me.Cu,11800,,,
617,COM00084.00,2000,O.Cu,Me.Cu,111500,4300,0,595
618,COM00084.00,2001,O.Cu,Me.Cu,10500,2800,0,597
619,COM00084.00,2001,O.Cu,Me.Cu,118100,4300,0,598
620,COM00084.00,2002,O.Cu,Me.Cu,15600,2900,0,600
621,COM00084.00,2002,O.Cu,Me.Cu,68400,4300,0,601
622,COM00084.00,2003,O.Cu,Me.Cu,24500,,,
623,COM00084.00,2003,O.Cu,Me.Cu,82500,4300,0,603
624,COM00084.00,2004,,Me.Cu,99790.321,,,
625,COM00084.00,2005,,Me.Cu,91172.066,,,
626,COM00084.00,2006,,Me.Cu,74842.741,,,
627,COM00084.00,2007,,Me.Cu,91625.659,,,
628,COM00084.00,2008,,Me.Cu,102965.468,,,
629,COM00084.00,2009,,Me.Cu,102058.283,,,
630,COM00084.00,2010,,Me.Cu,92079.251,,,
631,COM00084.00,2011,,Me.Cu,87996.92,,,
632,COM00084.00,2012,,Me.Cu,89357.697,,,
633,COM00084.00,2013,,Me.Cu,97975.952,,,
634,COM00084.00,2014,,Me.Cu,107501.392,,,
635,COM00084.00,2015,,Me.Cu,95254.398,,,
636,COM00084.00,2016,,Me.Cu,80285.849,,,
637,COM00084.00,2017,,Me.Cu,78471.48,,,
638,COM00084.00,2018,,Me.Cu,90264.882,,,
639,COM00084.00,2019,,Me.Cu,98883.137,,,
640,COM00086.00,2012,O.Au,Me.Au,1.277,,,
641,COM00086.00,2013,O.Au,Me.Au,0.858,,,
642,COM00086.00,2014,O.Au,Me.Au,2.49,,,
643,COM00086.00,2015,O.Au,Me.Au,3.695,,,
644,COM00086.00,2016,O.Au,Me.Au,2.549,,,
645,COM00086.00,2017,O.Au,Me.Au,1.619,,,
646,COM00086.00,2018,O.Au,Me.Au,2.449,,,
647,COM00086.00,2019,O.Au,Me.Au,2.37,,,
648,COM00088.00,2015,,Me.Au,5.941,,,
649,COM00088.00,2016,O.Au,Me.Au,4.047,0.64,,
650,COM00088.00,2017,O.Au,Me.Au,8.792,0.8,,
651,COM00088.00,2018,O.Au,Me.Au,8.852,0.43,,
652,COM00098.00,2005,O.Au,Me.Au,3.228,11.1,0.92,611
653,COM00098.00,2006,O.Au,Me.Au,3.089,10.7,0.92,613
654,COM00098.00,2007,O.Au,Me.Au,2.796,9.2,0.92,615
655,COM00098.00,2008,O.Au,Me.Au,2.554,8.9,0.91,617
656,COM00098.00,2009,O.Au,Me.Au,2.948,10.32,0.91,619
657,COM00099.00,2001,,Me.Au,3.969,,,
658,COM00099.00,2002,,Me.Au,2.126,,,
659,COM00099.00,2003,,Me.Au,0.992,,,
660,COM00099.00,2004,,Me.Au,0.624,,,
661,COM00099.00,2005,,Me.Au,0.454,,,
662,COM00099.00,2006,,Me.Au,0.425,,,
663,COM00099.00,2007,,Me.Au,0.312,,,
664,COM00099.00,2008,,Me.Au,0.142,,,
665,COM00099.00,2009,,Me.Au,0.057,,,
666,COM00099.00,2010,,Me.Au,0.057,,,
667,COM00099.00,2011,,Me.Au,0.057,,,
668,COM00099.00,2012,,Me.Au,0.028,,,
669,COM00099.00,2013,,Me.Au,0.011,,,
670,COM00099.00,2014,,Me.Au,0.011,,,
671,COM00100.00,2011,O.Ni,Me.Ni,6200,19600,0,621
672,COM00100.00,2012,O.Ni,Me.Ni,21600,19400,0,623
673,COM00100.00,2013,O.Ni,Me.Ni,25100,18200,0,625
674,COM00100.00,2014,O.Ni,Me.Ni,28300,18100,0,627
675,COM00100.00,2015,O.Ni,Me.Ni,21300,17900,0,629
676,COM00100.00,2016,O.Ni,Me.Ni,35500,17600,0,631
677,COM00100.00,2017,O.Ni,Me.Ni,34900,17100,0,633
678,COM00100.00,2018,O.Ni,Me.Ni,33500,17100,0,635
679,COM00100.00,2019,O.Ni,Me.Ni,33900,16900,0,637
680,COM00100.00,2020,O.Ni,Me.Ni,34900,16500,0,639
681,COM00104.00,2003,O.Au,Me.Au,16.555,,,
682,COM00104.00,2003,O.Au,Me.Cu,276691.346,,,
683,COM00104.00,2004,O.Au,Me.Au,20.24,,,
684,COM00104.00,2004,O.Au,Me.Cu,309803.589,,,
685,COM00104.00,2005,O.Au,Me.Au,20.39,,,
686,COM00104.00,2005,O.Au,Me.Cu,259772.35,,,
687,COM00104.00,2006,O.Au,Me.Au,12.31,,,
688,COM00104.00,2006,O.Au,Me.Cu,197312.681,,,
689,COM00104.00,2007,O.Au,Me.Au,13.989,0.329606,,641
690,COM00104.00,2007,O.Au,Me.Cu,193910.738,4568.988169,,641
691,COM00104.00,2008,O.Au,Me.Au,8.462,0.246636,,643
692,COM00104.00,2008,O.Au,Me.Cu,131541.787,3834.088555,,643
693,COM00104.00,2009,O.Au,Me.Au,15.579,0.384988,,645
694,COM00104.00,2009,O.Au,Me.Cu,225843.641,5580.993867,,645
695,COM00104.00,2010,O.Au,Me.Au,20.857,0.480855,,647
696,COM00104.00,2010,O.Au,Me.Cu,245847.065,5667.937788,,647
697,COM00104.00,2011,O.Au,Me.Au,8.999,0.279318,,649
698,COM00104.00,2011,O.Au,Me.Cu,128366.641,3984.164996,,649
699,COM00104.00,2012,O.Au,Me.Au,1.924,0.059956,,651
700,COM00104.00,2012,O.Au,Me.Cu,71214.002,2218.730343,,651
701,COM00104.00,2013,O.Au,Me.Au,1.358,0.042592,,653
702,COM00104.00,2013,O.Au,Me.Cu,73028.372,2289.755544,,653
703,COM00104.00,2014,O.Au,Me.Au,2.151,0.09672,,655
704,COM00104.00,2014,O.Au,Me.Cu,70760.41,3182.061356,,655
705,COM00104.00,2015,O.Au,Me.Au,19.131,0.455213,,657
706,COM00104.00,2015,O.Au,Me.Cu,224074.631,5331.804538,,657
707,COM00104.00,2016,O.Au,Me.Au,23.806,,,
708,COM00104.00,2016,O.Au,Me.Cu,224800.379,,,
709,COM00104.00,2017,O.Au,Me.Au,11.289,,,
710,COM00104.00,2017,O.Au,Me.Cu,130816.04,,,
711,COM00104.00,2018,O.Au,Me.Au,2.01,,,
712,COM00104.00,2018,O.Au,Me.Cu,64364.757,,,
713,COM00104.00,2019,O.Au,Me.Au,1.573,,,
714,COM00104.00,2019,O.Au,Me.Cu,59103.086,,,
715,COM00110.00,2012,O.Au,Me.Au,8.981,2.666568,,691
716,COM00110.00,2013,O.Au,Me.Au,9.722,2.376436,,693
717,COM00110.00,2014,O.Au,Me.Au,10.354,2.277607,,695
718,COM00110.00,2015,O.Au,Me.Au,10.105,2.339662,,697
719,COM00110.00,2016,O.Au,Me.Au,10.041,2.317332,,699
720,COM00110.00,2017,O.Au,Me.Au,9.113,2.592694,,701
721,COM00110.00,2018,O.Au,Me.Au,8.553,2.897512,,703
722,COM00119.00,2007,O.bulk,Me.Ag,10.105,47.89,4.36e-4,735
723,COM00119.00,2007,O.bulk,Me.Au,0.097,0.46,4.725898,735
724,COM00119.00,2007,O.bulk,Me.Cu,1793.5,8500,0,735
725,COM00119.00,2007,O.bulk,Me.Zn,6055.7,28700,0,735
726,COM00119.00,2008,O.bulk,Me.Ag,5.498,33.73,8.79e-4,737
727,COM00119.00,2008,O.bulk,Me.Au,0.057,0.35,8.163265,737
728,COM00119.00,2008,O.bulk,Me.Cu,1662.6,10200,0,737
729,COM00119.00,2008,O.bulk,Me.Zn,2885.1,17700,0,737
730,COM00119.00,2010,O.bulk,Me.Ag,0.29,16.11,0.003853,741
731,COM00119.00,2010,O.bulk,Me.Au,0.003,0.16,39.0625,741
732,COM00119.00,2010,O.bulk,Me.Cu,230.4,12800,0,741
733,COM00119.00,2010,O.bulk,Me.Zn,50.4,2800,0,741
734,COM00119.00,2011,O.bulk,Me.Ag,0.367,16.66,0.003603,743
735,COM00119.00,2011,O.bulk,Me.Au,0.006,0.26,14.792899,743
736,COM00119.00,2011,O.bulk,Me.Cu,224.4,10200,0,743
737,COM00119.00,2011,O.bulk,Me.Zn,70.4,3200,0,743
738,COM00122.00,2012,Con.MnO,Me.Mn,104646,321000,0,744
739,COM00122.00,2013,Con.MnO,Me.Mn,121539,319000,0,747
740,COM00122.00,2014,Con.MnO,Me.Mn,104596,316000,0,750
741,COM00122.00,2015,Con.MnO,Me.Mn,59508,342000,0,753
742,COM00122.00,2017,Con.MnO,Me.Mn,224840,365000,0,759
743,COM00122.00,2018,Con.MnO,Me.Mn,294756,363000,0,762
744,COM00122.00,2019,Con.MnO,Me.Mn,336165,365000,0,765
745,COM00130.00,2004,O.Au,Me.Au,2.977,1.93,0.443862,769
746,COM00130.00,2005,O.Au,Me.Au,3.26,1.45,0.507691,771
747,COM00130.00,2006,O.Au,Me.Au,1.049,0.55,3.97098,773
748,COM00133.00,2001,O.bulk,Me.Ag,126.864,,,
749,COM00133.00,2001,O.bulk,Me.Au,16.783,,,
750,COM00133.00,2001,O.bulk,Me.Cu,312700,,,
751,COM00133.00,2001,O.bulk,Me.Mo,8100,,,
752,COM00133.00,2002,O.bulk,Me.Ag,103.844,,,
753,COM00133.00,2002,O.bulk,Me.Au,11.68,,,
754,COM00133.00,2002,O.bulk,Me.Cu,260200,,,
755,COM00133.00,2002,O.bulk,Me.Mo,6100,,,
756,COM00133.00,2003,O.bulk,Me.Ag,100.584,,,
757,COM00133.00,2003,O.bulk,Me.Au,8.647,,,
758,COM00133.00,2003,O.bulk,Me.Cu,281800,,,
759,COM00133.00,2003,O.bulk,Me.Mo,4600,,,
760,COM00133.00,2004,O.bulk,Me.Ag,101.605,,,
761,COM00133.00,2004,O.bulk,Me.Au,8.732,,,
762,COM00133.00,2004,O.bulk,Me.Cu,263700,,,
763,COM00133.00,2004,O.bulk,Me.Mo,6800,,,
764,COM00133.00,2005,O.bulk,Me.Ag,112.207,,,
765,COM00133.00,2005,O.bulk,Me.Au,11.368,,,
766,COM00133.00,2005,O.bulk,Me.Cu,220600,,,
767,COM00133.00,2005,O.bulk,Me.Mo,15600,,,
768,COM00133.00,2006,O.bulk,Me.Ag,119.465,,,
769,COM00133.00,2006,O.bulk,Me.Au,14.827,,,
770,COM00133.00,2006,O.bulk,Me.Cu,265600,,,
771,COM00133.00,2006,O.bulk,Me.Mo,16800,,,
772,COM00133.00,2007,O.bulk,Me.Ag,98.855,,,
773,COM00133.00,2007,O.bulk,Me.Au,11.255,,,
774,COM00133.00,2007,O.bulk,Me.Cu,212200,,,
775,COM00133.00,2007,O.bulk,Me.Mo,14900,,,
776,COM00133.00,2008,O.bulk,Me.Ag,96.785,,,
777,COM00133.00,2008,O.bulk,Me.Au,10.433,,,
778,COM00133.00,2008,O.bulk,Me.Cu,238000,,,
779,COM00133.00,2008,O.bulk,Me.Mo,10600,,,
780,COM00133.00,2009,O.bulk,Me.Ag,138.091,,,
781,COM00133.00,2009,O.bulk,Me.Au,16.499,,,
782,COM00133.00,2009,O.bulk,Me.Cu,303500,,,
783,COM00133.00,2009,O.bulk,Me.Mo,11300,,,
784,COM00133.00,2010,O.bulk,Me.Ag,106.424,,,
785,COM00133.00,2010,O.bulk,Me.Au,13.211,,,
786,COM00133.00,2010,O.bulk,Me.Cu,249800,,,
787,COM00133.00,2010,O.bulk,Me.Mo,12900,,,
788,COM00133.00,2011,O.bulk,Me.Ag,84.368,,,
789,COM00133.00,2011,O.bulk,Me.Au,10.886,,,
790,COM00133.00,2011,O.bulk,Me.Cu,195000,,,
791,COM00133.00,2011,O.bulk,Me.Mo,13600,,,
792,COM00133.00,2012,O.bulk,Me.Ag,59.137,,,
793,COM00133.00,2012,O.bulk,Me.Au,5.67,,,
794,COM00133.00,2012,O.bulk,Me.Cu,163200,,,
795,COM00133.00,2012,O.bulk,Me.Mo,9400,,,
796,COM00133.00,2013,O.bulk,Me.Ag,81.533,,,
797,COM00133.00,2013,O.bulk,Me.Au,5.86,,,
798,COM00133.00,2013,O.bulk,Me.Cu,211000,,,
799,COM00133.00,2013,O.bulk,Me.Mo,5700,,,
800,COM00133.00,2014,O.bulk,Me.Ag,83.206,,,
801,COM00133.00,2014,O.bulk,Me.Au,7.365,,,
802,COM00133.00,2014,O.bulk,Me.Cu,204300,,,
803,COM00133.00,2014,O.bulk,Me.Mo,11500,,,
804,COM00133.00,2015,O.bulk,Me.Ag,41.334,,,
805,COM00133.00,2015,O.bulk,Me.Au,3.708,,,
806,COM00133.00,2015,O.bulk,Me.Cu,92000,,,
807,COM00133.00,2015,O.bulk,Me.Mo,7600,,,
808,COM00133.00,2016,O.bulk,Me.Ag,55.083,,,
809,COM00133.00,2016,O.bulk,Me.Au,4.343,,,
810,COM00133.00,2016,O.bulk,Me.Cu,152700,,,
811,COM00133.00,2016,O.bulk,Me.Mo,2800,,,
812,COM00133.00,2017,O.bulk,Me.Ag,61.122,,,
813,COM00133.00,2017,O.bulk,Me.Au,5.043,,,
814,COM00133.00,2017,O.bulk,Me.Cu,148900,,,
815,COM00133.00,2017,O.bulk,Me.Mo,5000,,,
816,COM00133.00,2018,O.bulk,Me.Ag,71.441,,,
817,COM00133.00,2018,O.bulk,Me.Au,5.576,,,
818,COM00133.00,2018,O.bulk,Me.Cu,203900,,,
819,COM00133.00,2018,O.bulk,Me.Mo,5800,,,
820,COM00136.00,2001,O.Ni,Me.Ni,6939.1,16100,0,775
821,COM00136.00,2002,O.Ni,Me.Ni,7565,17800,0,777
822,COM00136.00,2003,O.Ni,Me.Ni,11712,18300,0,779
823,COM00136.00,2004,O.Ni,Me.Ni,15776.8,16400,0,781
824,COM00136.00,2005,O.Ni,Me.Ni,17263.4,15400,0,783
825,COM00136.00,2006,O.Ni,Me.Ni,17317.8,16200,0,785
826,COM00136.00,2007,O.Ni,Me.Ni,17692.8,15200,0,787
827,COM00136.00,2008,O.Ni,Me.Ni,14662.1,15100,0,789
828,COM00136.00,2009,O.Ni,Me.Ni,11381.2,14800,0,791
829,COM00136.00,2010,O.Ni,Me.Ni,11731.2,14100,0,793
830,COM00136.00,2011,O.Ni,Me.Ni,9805.6,13600,0,795
831,COM00136.00,2012,O.Ni,Me.Ni,8616.2,13400,0,797
832,COM00136.00,2013,O.Ni,Me.Ni,8520.7,13900,0,799
833,COM00136.00,2014,O.Ni,Me.Ni,7575.5,13900,0,801
834,COM00136.00,2015,O.Ni,Me.Ni,8290.8,14700,0,803
835,COM00136.00,2016,O.Ni,Me.Ni,6840.8,13600,0,805
836,COM00136.00,2017,O.Ni,Me.Ni,4277,13000,0,807
837,COM00139.00,2003,O.bulk,Me.Cu,4700,5000,0,813
838,COM00139.00,2003,O.bulk,Me.Pb,39600,33000,0,813
839,COM00139.00,2003,O.bulk,Me.Zn,25900,26000,0,813
840,COM00139.00,2004,O.bulk,Me.Cu,5200,5000,0,815
841,COM00139.00,2004,O.bulk,Me.Pb,37500,30000,0,815
842,COM00139.00,2004,O.bulk,Me.Zn,28200,27000,0,815
843,COM00139.00,2005,O.bulk,Me.Cu,3200,4000,0,817
844,COM00139.00,2005,O.bulk,Me.Pb,42200,37000,0,817
845,COM00139.00,2005,O.bulk,Me.Zn,32100,33000,0,817
846,COM00139.00,2006,O.bulk,Me.Cu,3400,4000,0,819
847,COM00139.00,2006,O.bulk,Me.Pb,48300,41000,0,819
848,COM00139.00,2006,O.bulk,Me.Zn,34100,34000,0,819
849,COM00139.00,2007,O.bulk,Me.Cu,2200,3000,0,821
850,COM00139.00,2007,O.bulk,Me.Pb,41900,43000,0,821
851,COM00139.00,2007,O.bulk,Me.Zn,28300,32000,0,821
852,COM00139.00,2008,O.bulk,Me.Cu,2500,4000,0,823
853,COM00139.00,2008,O.bulk,Me.Pb,47000,42000,0,823
854,COM00139.00,2008,O.bulk,Me.Zn,27900,30000,0,823
855,COM00139.00,2009,O.bulk,Me.Cu,2200,3000,0,825
856,COM00139.00,2009,O.bulk,Me.Pb,49100,40000,0,825
857,COM00139.00,2009,O.bulk,Me.Zn,28200,28000,0,825
858,COM00139.00,2010,O.bulk,Me.Pb,51083.676,42000,0.882,829
859,COM00139.00,2010,O.bulk,Me.Zn,36360.093,33000,0.799,829
860,COM00139.00,2011,O.bulk,Me.Pb,14716.57,41500,0.9338,833
861,COM00139.00,2011,O.bulk,Me.Zn,10896.172,37600,0.7631,833
862,COM00139.00,2012,O.bulk,Me.Pb,54810.843,42000,0.91,837
863,COM00139.00,2012,O.bulk,Me.Zn,31732.065,29000,0.763,837
864,COM00139.00,2013,O.bulk,Me.Pb,50005.522,37000,0.89,841
865,COM00139.00,2013,O.bulk,Me.Zn,40168.42,34000,0.778,841
866,COM00139.00,2014,O.bulk,Me.Pb,39030.295,32000,0.874,845
867,COM00139.00,2014,O.bulk,Me.Zn,29389.946,27000,0.78,845
868,COM00139.00,2015,O.bulk,Me.Pb,31695.367,26000,0.848,849
869,COM00139.00,2015,O.bulk,Me.Zn,26666.775,25000,0.742,849
870,COM00139.00,2016,O.bulk,Me.Pb,34745.607,26000,0.846,853
871,COM00139.00,2016,O.bulk,Me.Zn,29697.1,25000,0.752,853
872,COM00139.00,2017,O.bulk,Me.Pb,43926.01,32000,0.863,857
873,COM00139.00,2017,O.bulk,Me.Zn,30658.815,25000,0.771,857
874,COM00139.00,2018,O.bulk,Me.Pb,47447.685,34000,0.869,861
875,COM00139.00,2018,O.bulk,Me.Zn,28218.734,23000,0.764,861
876,COM00139.00,2019,O.bulk,Me.Pb,45384.2,17500,0.82,865
877,COM00139.00,2019,O.bulk,Me.Zn,85198.952,39500,0.682,865
878,COM00146.00,2019,Con.Fe,Me.Fe,4644348,664000,0,899
879,COM00146.00,2020,Con.Fe,Me.Fe,5248056.8,664000,0,902
880,COM00150.00,2006,O.Al,Me.Al2O3,31989.006,486000,0,922
881,COM00150.00,2007,O.Al,Me.Al2O3,165975,500000,0,924
882,COM00150.00,2008,O.Al,Me.Al2O3,257453.955,495000,0,926
883,COM00150.00,2009,O.Al,Me.Al2O3,147422.75,491000,0,928
884,COM00150.00,2010,O.Al,Me.Al2O3,138300,461000,0,930
885,COM00150.00,2011,O.Al,Me.Al2O3,231797.464,458000,0,932
886,COM00150.00,2012,O.Al,Me.Al2O3,409875.843,463000,0,934
887,COM00150.00,2013,O.Al,Me.Al2O3,323994.33,459000,0,936
888,COM00150.00,2014,O.Al,Me.Al2O3,221440.695,469000,0,938
889,COM00150.00,2015,O.Al,Me.Al2O3,402812.28,468000,0,940
890,COM00150.00,2016,O.Al,Me.Al2O3,484617.7,469000,0,942
891,COM00150.00,2017,O.Al,Me.Al2O3,497495.1,467000,0,944
892,COM00150.00,2018,O.Al,Me.Al2O3,264773.6,455000,0,946
893,COM00150.00,2019,O.Al,Me.Al2O3,211134,457000,0,948
894,COM00151.00,2000,O.Au,Me.Au,7.155,,,
895,COM00151.00,2001,O.Au,Me.Au,6.634,0.92,1.278042,950
896,COM00151.00,2002,O.Au,Me.Au,3.619,,,
897,COM00151.00,2009,O.Au,Me.Au,3.453,0.907185,0.819,952
898,COM00151.00,2009,O.Au,Me.Cu,2267.962,1400,0.774,952
899,COM00151.00,2010,O.Au,Me.Au,20.602,0.850486,0.831,954
900,COM00151.00,2010,O.Au,Me.Cu,26308.357,1200,0.83,954
901,COM00151.00,2011,O.Au,Me.Au,20.97,0.737088,0.819,956
902,COM00151.00,2011,O.Au,Me.Cu,31297.874,1300,0.787,956
903,COM00151.00,2012,O.Au,Me.Au,20.525,0.708738,0.799,958
904,COM00151.00,2012,O.Au,Me.Cu,30390.689,1300,0.772,958
905,COM00151.00,2013,O.Au,Me.Au,19.958,0.680389,0.813,960
906,COM00151.00,2013,O.Au,Me.Cu,29937.096,1300,0.767,960
907,COM00151.00,2014,O.Au,Me.Au,19.731,0.62369,0.812,962
908,COM00151.00,2014,O.Au,Me.Cu,31297.874,1200,0.772,962
909,COM00151.00,2015,O.Au,Me.Au,22.51,0.680389,0.825,964
910,COM00151.00,2015,O.Au,Me.Cu,35833.797,1300,0.785,964
911,COM00151.00,2016,O.Au,Me.Au,22.68,0.652039,0.833,966
912,COM00151.00,2016,O.Au,Me.Cu,34926.612,1300,0.794,966
913,COM00151.00,2017,O.Au,Me.Au,22.311,0.62369,0.834,968
914,COM00151.00,2017,O.Au,Me.Cu,36287.39,1300,0.789,968
915,COM00151.00,2018,O.Au,Me.Au,20.1,0.538641,0.832,970
916,COM00151.00,2018,O.Au,Me.Cu,34926.612,1200,0.797,970
917,COM00151.00,2019,O.Au,Me.Au,19.93,0.538641,0.853,972
918,COM00151.00,2019,O.Au,Me.Cu,31967.958,1000,0.803,972
919,COM00157.00,2008,O.bulk,Me.Cu,1748.456,16500,0.834,974
920,COM00157.00,2008,O.bulk,Me.Zn,8653.453,80000,0.8715,974
921,COM00157.00,2009,O.bulk,Me.Cu,1416.469,18100,0.8751,976
922,COM00157.00,2009,O.bulk,Me.Zn,8022.323,100600,0.8904,976
923,COM00157.00,2010,O.bulk,Me.Ag,1.928,31.59,0.6342,978
924,COM00157.00,2010,O.bulk,Me.Cu,1326.758,14500,0.8733,978
925,COM00157.00,2010,O.bulk,Me.Zn,8024.956,85900,0.8903,978
926,COM00157.00,2011,O.bulk,Me.Ag,3.544,37.74,0.7516,980
927,COM00157.00,2011,O.bulk,Me.Cu,1411.579,12300,0.8404,980
928,COM00157.00,2011,O.bulk,Me.Zn,6534.905,55700,0.8315,980
929,COM00157.00,2012,O.bulk,Me.Ag,5.949,24.58,0.7733,982
930,COM00157.00,2012,O.bulk,Me.Cu,3079.892,11700,0.8416,982
931,COM00157.00,2012,O.bulk,Me.Zn,4139.03,18100,0.7293,982
932,COM00157.00,2013,O.bulk,Me.Ag,8.416,25.87,0.8621,984
933,COM00157.00,2013,O.bulk,Me.Cu,4259.686,13000,0.8653,984
934,COM00157.00,2013,O.bulk,Me.Zn,421.841,4700,0.2366,984
935,COM00157.00,2014,O.bulk,Me.Ag,12.329,22.54,0.8215,986
936,COM00157.00,2014,O.bulk,Me.Au,0.077,0.23,0.4938,986
937,COM00157.00,2014,O.bulk,Me.Cu,6779.392,12200,0.8328,986
938,COM00157.00,2015,O.bulk,Me.Ag,13.696,20.57,0.8018,988
939,COM00157.00,2015,O.bulk,Me.Au,0.1,0.3,0.4049,988
940,COM00157.00,2015,O.bulk,Me.Cu,7996.38,11500,0.8402,988
941,COM00157.00,2016,O.bulk,Me.Ag,12.379,16.72,0.7784,990
942,COM00157.00,2016,O.bulk,Me.Au,0.093,0.19,0.5055,990
943,COM00157.00,2016,O.bulk,Me.Cu,7760.512,10000,0.8173,990
944,COM00157.00,2017,O.bulk,Me.Ag,10.171,14.93,0.7688,992
945,COM00157.00,2017,O.bulk,Me.Au,0.09,0.17,0.595,992
946,COM00157.00,2017,O.bulk,Me.Cu,6829.287,9600,0.7982,992
947,COM00157.00,2018,O.bulk,Me.Ag,14.059,17.69,0.7708,994
948,COM00157.00,2018,O.bulk,Me.Au,0.123,0.17,0.6855,994
949,COM00157.00,2018,O.bulk,Me.Cu,7814.036,9500,0.7995,994
950,COM00157.00,2019,O.bulk,Me.Ag,19.906,19.81,0.7918,996
951,COM00157.00,2019,O.bulk,Me.Au,0.217,0.27,0.6354,996
952,COM00157.00,2019,O.bulk,Me.Cu,8994.737,8500,0.8302,996
953,COM00159.00,2011,O.bulk,Me.Au,1.728,,,
954,COM00159.00,2012,O.bulk,Me.Au,2.865,1.5077,,998
955,COM00159.00,2013,O.bulk,Me.Au,2.81,1.482007,,1000
956,COM00159.00,2014,O.bulk,Me.Au,2.954,1.496613,,1002
957,COM00159.00,2015,O.bulk,Me.Ag,0.591,0.299072,,1004
958,COM00159.00,2015,O.bulk,Me.Au,3.732,1.99,0.951,1004
959,COM00159.00,2016,O.bulk,Me.Ag,0.56,0.223053,,1006
960,COM00159.00,2016,O.bulk,Me.Au,4.292,1.82,0.939,1006
961,COM00159.00,2017,O.bulk,Me.Ag,0.467,0.170773,,1008
962,COM00159.00,2017,O.bulk,Me.Au,3.981,1.62,0.907,1008
963,COM00159.00,2018,O.bulk,Me.Ag,0.544,,,
964,COM00159.00,2018,O.bulk,Me.Au,4.471,2.29,0.87,
965,COM00163.00,2016,Con.Cu,Me.Ag,10.513,49,4.15e-4,1011
966,COM00163.00,2016,Con.Cu,Me.Au,2.115,9.9,0.01022,1011
967,COM00163.00,2016,Con.Cu,Me.Cu,50300,234000,0,1011
968,COM00163.00,2017,Con.Cu,Me.Cu,106000,221000,0,1014
969,COM00163.00,2017,O.Cu,Me.Ag,19.191,0.78145,,1016
970,COM00163.00,2017,O.Cu,Me.Au,3.328,0.28,0.58,1016
971,COM00163.00,2018,Con.Cu,Me.Cu,106400,217000,0,1017
972,COM00163.00,2018,O.Cu,Me.Ag,22.519,0.791415,,1019
973,COM00163.00,2018,O.Cu,Me.Au,3.577,0.26,0.59,1019
974,COM00164.00,2014,Con.Cu,Me.Cu,7.77,2590,0,1020
975,COM00164.00,2015,Con.Cu,Me.Ag,3.644,280.3,1.3e-5,1023
976,COM00164.00,2015,Con.Cu,Me.Au,0.545,41.9,5.7e-4,1023
977,COM00164.00,2015,Con.Cu,Me.Cu,3081,237000,0,1023
978,COM00164.00,2016,Con.Cu,Me.Ag,9.262,272.4,1.3e-5,1026
979,COM00164.00,2016,Con.Cu,Me.Au,1.397,41.1,5.92e-4,1026
980,COM00164.00,2016,Con.Cu,Me.Cu,8296,244000,0,1026
981,COM00164.00,2017,Con.Cu,Me.Ag,7.745,,,1029
982,COM00164.00,2017,Con.Cu,Me.Au,1.285,,,1029
983,COM00164.00,2017,Con.Cu,Me.Cu,8000.4,236000,0,1029
984,COM00164.00,2018,Con.Cu,Me.Ag,7.527,,,1032
985,COM00164.00,2018,Con.Cu,Me.Au,1.235,,,1032
986,COM00164.00,2018,Con.Cu,Me.Cu,7579.9,229000,0,1032
987,COM00165.00,2008,Con.bulk,Me.Cu,3800,,,
988,COM00165.00,2008,Con.bulk,Me.Zn,60300,,,
989,COM00165.00,2009,Con.bulk,Me.Cu,8600,,,
990,COM00165.00,2009,Con.bulk,Me.Zn,135700,,,
991,COM00165.00,2010,Con.bulk,Me.Cu,10000,,,
992,COM00165.00,2010,Con.bulk,Me.Zn,139000,,,
993,COM00165.00,2011,Con.bulk,Me.Cu,10000,,,
994,COM00165.00,2011,Con.bulk,Me.Zn,135000,,,
995,COM00165.00,2012,Con.bulk,Me.Cu,10900,,,
996,COM00165.00,2012,Con.bulk,Me.Zn,125200,,,
997,COM00165.00,2013,Con.bulk,Me.Cu,9100,,,
998,COM00165.00,2013,Con.bulk,Me.Zn,74500,,,
999,COM00165.00,2014,Con.bulk,Me.Cu,8800,,,
1000,COM00165.00,2014,Con.bulk,Me.Zn,74800,,,
1001,COM00165.00,2015,Con.bulk,Me.Cu,8200,,,
1002,COM00165.00,2015,Con.bulk,Me.Zn,52000,,,
1003,COM00165.00,2016,Con.bulk,Me.Cu,9700,,,
1004,COM00165.00,2016,Con.bulk,Me.Zn,51600,,,
1005,COM00165.00,2017,Con.bulk,Me.Cu,7400,,,
1006,COM00165.00,2017,Con.bulk,Me.Zn,51300,,,
1007,COM00165.00,2018,Con.bulk,Me.Cu,5400,,,
1008,COM00165.00,2018,Con.bulk,Me.Zn,35200,,,
1009,COM00165.00,2019,Con.bulk,Me.Cu,5600,,,
1010,COM00165.00,2019,Con.bulk,Me.Zn,43800,,,
1011,COM00168.00,2012,O.bulk,Me.Ag,0.535,27.86,0.013623,1044
1012,COM00168.00,2012,O.bulk,Me.Au,0.274,1.34,0.552918,1044
1013,COM00168.00,2013,O.bulk,Me.Ag,11.096,34.64,0.005466,1046
1014,COM00168.00,2013,O.bulk,Me.Au,2.547,1.19,0.693325,1046
1015,COM00168.00,2014,O.bulk,Me.Ag,11.477,35.02,0.005633,1048
1016,COM00168.00,2014,O.bulk,Me.Au,2.326,1.54,0.631938,1048
1017,COM00168.00,2015,O.bulk,Me.Ag,5.607,Inf,,1050
1018,COM00168.00,2015,O.bulk,Me.Au,0.428,Inf,,1050
1019,COM00172.00,2006,O.bulk,Me.Ag,61.541,36.28739,0.742,
1020,COM00172.00,2007,O.bulk,Me.Ag,46.474,33.735933,0.836,
1021,COM00172.00,2008,O.bulk,Me.Ag,38.743,27.499037,0.725,
1022,COM00174.00,2006,O.bulk,Me.Ag,219,60.833333,,1058
1023,COM00174.00,2006,O.bulk,Me.Cu,9000,2500,,1058
1024,COM00174.00,2006,O.bulk,Me.Pb,79000,21944.444444,,1058
1025,COM00174.00,2006,O.bulk,Me.Zn,272000,75555.555556,,1058
1026,COM00174.00,2007,O.bulk,Me.Ag,195,57.352941,,1060
1027,COM00174.00,2007,O.bulk,Me.Cu,8000,2352.941176,,1060
1028,COM00174.00,2007,O.bulk,Me.Pb,70000,20588.235294,,1060
1029,COM00174.00,2007,O.bulk,Me.Zn,252000,74117.647059,,1060
1030,COM00174.00,2008,O.bulk,Me.Ag,194,58.787879,,1062
1031,COM00174.00,2008,O.bulk,Me.Cu,6000,1818.181818,,1062
1032,COM00174.00,2008,O.bulk,Me.Pb,70000,21212.121212,,1062
1033,COM00174.00,2008,O.bulk,Me.Zn,242000,73333.333333,,1062
1034,COM00174.00,2009,O.bulk,Me.Ag,179,54.242424,,1064
1035,COM00174.00,2009,O.bulk,Me.Cu,7000,2121.212121,,1064
1036,COM00174.00,2009,O.bulk,Me.Pb,66000,20000,,1064
1037,COM00174.00,2009,O.bulk,Me.Zn,252000,76363.636364,,1064
1038,COM00174.00,2010,O.bulk,Me.Ag,168,54.193548,,1066
1039,COM00174.00,2010,O.bulk,Me.Cu,8000,2580.645161,,1066
1040,COM00174.00,2010,O.bulk,Me.Pb,60000,19354.83871,,1066
1041,COM00174.00,2010,O.bulk,Me.Zn,214000,69032.258065,,1066
1042,COM00174.00,2011,O.bulk,Me.Ag,157,50.645161,,1068
1043,COM00174.00,2011,O.bulk,Me.Cu,9000,2903.225806,,1068
1044,COM00174.00,2011,O.bulk,Me.Pb,57000,18387.096774,,1068
1045,COM00174.00,2011,O.bulk,Me.Zn,209000,67419.354839,,1068
1046,COM00174.00,2012,O.bulk,Me.Ag,76.232,,,
1047,COM00174.00,2012,O.bulk,Me.Cu,7800,,,
1048,COM00174.00,2012,O.bulk,Me.Pb,50900,,,
1049,COM00174.00,2012,O.bulk,Me.Zn,185700,,,
1050,COM00174.00,2013,O.bulk,Me.Ag,37.28,,,
1051,COM00174.00,2013,O.bulk,Me.Cu,3000,,,
1052,COM00174.00,2013,O.bulk,Me.Pb,13500,,,
1053,COM00174.00,2013,O.bulk,Me.Zn,52000,,,
1054,COM00178.00,2005,Con.Cu,Me.Cu,118700,272100,0,1069
1055,COM00178.00,2005,O.oxi,Oth.cuca,56400,3010,0.5,
1056,COM00178.00,2005,,Me.Ag,48.137,,,
1057,COM00178.00,2006,Con.Cu,Me.Cu,111300,288300,0,1073
1058,COM00178.00,2006,O.oxi,Oth.cuca,52500,2920,0.625,
1059,COM00178.00,2006,,Me.Ag,45.813,,,
1060,COM00178.00,2007,Con.Cu,Me.Cu,63900,278100,0,1077
1061,COM00178.00,2007,O.oxi,Oth.cuca,34600,2720,0.655,
1062,COM00178.00,2007,,Me.Ag,22.623,,,
1063,COM00178.00,2008,Con.Cu,Me.Cu,6200,251400,0,1081
1064,COM00178.00,2008,O.oxi,Oth.cuca,9400,2850,0.655,
1065,COM00178.00,2009,Con.Cu,Me.Cu,0,,,1085
1066,COM00178.00,2009,O.oxi,Oth.cuca,0,,,
1067,COM00178.00,2010,Con.Cu,Me.Cu,0,,,1089
1068,COM00178.00,2010,O.oxi,Oth.cuca,20700,2260,0.55,
1069,COM00178.00,2011,Con.Cu,Me.Cu,110100,268600,0,1093
1070,COM00178.00,2011,O.oxi,Oth.cuca,62300,2990,0.5339,
1071,COM00178.00,2011,,Me.Ag,41.504,,,
1072,COM00178.00,2012,Con.Cu,Me.Cu,134000,261800,0,1097
1073,COM00178.00,2012,O.oxi,Oth.cuca,66100,2750,0.5329,
1074,COM00178.00,2012,,Me.Ag,55.905,,,
1075,COM00178.00,2013,Con.Cu,Me.Cu,115800,243100,0,1101
1076,COM00178.00,2013,O.oxi,Oth.cuca,66400,2380,0.5011,
1077,COM00178.00,2013,,Me.Ag,54.148,,,
1078,COM00178.00,2014,Con.Cu,Me.Cu,132900,234900,0,1105
1079,COM00178.00,2014,Con.Mo,Me.Mo,2220,527200,0,1106
1080,COM00178.00,2014,O.oxi,Oth.cuca,93400,2630,0.5847,
1081,COM00178.00,2014,,Me.Ag,57.379,,,
1082,COM00178.00,2015,Con.Cu,Me.Cu,162000,229800,0,1110
1083,COM00178.00,2015,Con.Mo,Me.Mo,940,502500,0,1111
1084,COM00178.00,2015,O.oxi,Oth.cuca,122500,2930,0.4778,
1085,COM00178.00,2015,,Me.Ag,67.103,,,
1086,COM00178.00,2016,Con.Cu,Me.Cu,316000,237700,0,1115
1087,COM00178.00,2016,Con.Mo,Me.Mo,1580,494500,0,1116
1088,COM00178.00,2016,O.oxi,Oth.cuca,131400,2810,0.7077,
1089,COM00178.00,2016,,Me.Ag,136.616,,,
1090,COM00178.00,2017,Con.Cu,Me.Cu,319000,234200,0,1120
1091,COM00178.00,2017,Con.Mo,Me.Mo,3460,513800,0,1121
1092,COM00178.00,2017,O.oxi,Oth.cuca,111800,2610,0.7,
1093,COM00178.00,2017,,Me.Ag,141.407,,,
1094,COM00178.00,2018,Con.Cu,Me.Cu,325000,237000,0,1125
1095,COM00178.00,2018,Con.Mo,Me.Mo,4920,511300,0,1126
1096,COM00178.00,2018,O.oxi,Oth.cuca,89300,2420,0.6,
1097,COM00178.00,2018,,Me.Ag,146.34,,,
1098,COM00178.00,2019,Con.Cu,Me.Cu,338000,238000,0,1130
1099,COM00178.00,2019,Con.Mo,Me.Mo,6120,518300,0,1131
1100,COM00178.00,2019,O.oxi,Oth.cuca,100100,2160,0.62,
1101,COM00178.00,2019,,Me.Ag,163.152,,,
1102,COM00180.00,2001,O.Au,Me.Au,7.527,,,
1103,COM00180.00,2002,O.Au,Me.Au,11.073,12.130356,0.861,1136
1104,COM00180.00,2003,O.Au,Me.Au,9.766,11.197252,0.881,1138
1105,COM00180.00,2004,O.Au,Me.Au,10.886,10.886217,0.884,1140
1106,COM00180.00,2005,O.Au,Me.Au,9.673,10.575182,0.885,1142
1107,COM00180.00,2009,O.Au,Me.Au,7.744,8.7,0.921,1144
1108,COM00180.00,2010,O.Au,Me.Au,8.082,9.2,0.922,1146
1109,COM00180.00,2011,O.Au,Me.Au,8.149,8.5,0.912,1148
1110,COM00180.00,2011,O.Au,Me.Cu,3481.321,3296.705909,,1148
1111,COM00180.00,2012,O.Au,Me.Au,7.345,8,0.906,1150
1112,COM00180.00,2012,O.Au,Me.Cu,2767.821,2735.000634,,1150
1113,COM00180.00,2013,O.Au,Me.Au,6.167,7.8,0.909,1152
1114,COM00180.00,2013,O.Au,Me.Cu,2202.191,2528.347826,,1152
1115,COM00180.00,2014,O.Au,Me.Au,7.302,8.059431,,1154
1116,COM00180.00,2014,O.Au,Me.Cu,2399.05,2647.958107,,1154
1117,COM00180.00,2015,O.Au,Me.Au,8.507,8.654595,,1156
1118,COM00180.00,2015,O.Au,Me.Cu,2861.261,2910.743306,,1156
1119,COM00180.00,2016,O.Au,Me.Au,9.001,9.647733,,1158
1120,COM00180.00,2016,O.Au,Me.Cu,2898.909,3107.083426,,1158
1121,COM00180.00,2017,O.Au,Me.Au,5.458,8.917925,,1160
1122,COM00180.00,2017,O.Au,Me.Cu,1771.732,2894.986597,,1160
1123,COM00180.00,2018,O.Au,Me.Au,1.259,Inf,,1162
1124,COM00180.00,2018,O.Au,Me.Cu,0,,,1162
1125,COM00181.00,2007,O.Au,Me.Au,0.528,8.36,0.953,1166
1126,COM00181.00,2008,O.Au,Me.Au,0.502,5.25,0.964,1168
1127,COM00181.00,2009,O.Au,Me.Au,0.506,3.59,0.96,1170
1128,COM00181.00,2010,O.Au,Me.Au,1.89,25,0.97,1172
1129,COM00181.00,2011,O.Au,Me.Au,3.132,20.5,0.97,1174
1130,COM00181.00,2012,O.Au,Me.Au,1.323,8.13,0.015135,1176
1131,COM00181.00,2013,O.Au,Me.Au,0.661,4.01,0.063944,1178
1132,COM00181.00,2014,O.Au,Me.Au,0.588,4.96,0.044904,1180
1133,COM00181.00,2015,O.Au,Me.Au,0.155,3.08,0.9482,1182
1134,COM00185.00,2001,O.Ni,Me.Ni,7808.3,11300,0,1184
1135,COM00185.00,2002,O.Ni,Me.Ni,10432.5,10700,0,1186
1136,COM00185.00,2003,O.Ni,Me.Ni,11872.8,10200,0,1188
1137,COM00185.00,2004,O.Ni,Me.Ni,12684.72,10200,0,1190
1138,COM00185.00,2005,O.Ni,Me.Ni,9556.96,10600,0,1192
1139,COM00185.00,2006,O.Ni,Me.Ni,13023.15,10500,0,1194
1140,COM00185.00,2007,O.Ni,Me.Ni,16708.65,10500,0,1196
1141,COM00185.00,2008,O.Ni,Me.Ni,15082.2,10500,0,1198
1142,COM00185.00,2009,O.Ni,Me.Ni,17968.51,10700,0,1200
1143,COM00185.00,2010,O.Ni,Me.Ni,21351.58,10600,0,1202
1144,COM00185.00,2011,O.Ni,Me.Ni,21459.36,10400,0,1204
1145,COM00185.00,2012,O.Ni,Me.Ni,10727.6,10400,0,1206
1146,COM00186.00,2009,O.Au,Me.Au,5.879,2.5,0.874,1208
1147,COM00186.00,2010,O.Au,Me.Au,5.785,2,0.81,1210
1148,COM00186.00,2011,O.Au,Me.Au,6.112,2.3,0.88,1212
1149,COM00186.00,2011,O.Au,Me.Cu,3266.319,1091.319297,,1212
1150,COM00186.00,2012,O.Au,Me.Au,5.155,1.6,0.873,1214
1151,COM00186.00,2012,O.Au,Me.Cu,3072.181,826.966655,,1214
1152,COM00186.00,2013,O.Au,Me.Au,5.66,1.5,0.882,1216
1153,COM00186.00,2013,O.Au,Me.Cu,3227.31,733.47948,,1216
1154,COM00186.00,2014,O.Au,Me.Au,6.533,1.7,0.924,1218
1155,COM00186.00,2014,O.Au,Me.Cu,3982.541,974.67964,,1218
1156,COM00186.00,2015,O.Au,Me.Au,5.323,1.4,0.941,1220
1157,COM00186.00,2015,O.Au,Me.Cu,3933.553,962.926079,,1220
1158,COM00186.00,2016,O.Au,Me.Au,5.033,1.2,0.945,1222
1159,COM00186.00,2016,O.Au,Me.Cu,4466.524,1014.197109,,1222
1160,COM00186.00,2017,O.Au,Me.Au,8.359,2.1,0.943,1224
1161,COM00186.00,2017,O.Au,Me.Cu,4078.249,958.235197,,1224
1162,COM00186.00,2018,O.Au,Me.Au,4.523,1.1,0.894,1226
1163,COM00186.00,2018,O.Au,Me.Cu,0,0,,1226
1164,COM00188.00,2018,O.bulk,Me.Au,2.523,0.663976,,1229
1165,COM00188.00,2018,O.bulk,Me.Cu,19417,5109.736842,,1229
1166,COM00188.00,2019,O.bulk,Me.Au,5.018,0.669049,,1232
1167,COM00188.00,2019,O.bulk,Me.Cu,43489,5798.533333,,1232
1168,COM00190.00,1999,O.bulk,Me.Au,7.889,,,
1169,COM00190.00,2000,O.bulk,Me.Au,10.42,,,
1170,COM00190.00,2001,O.bulk,Me.Au,10.914,,,
1171,COM00190.00,2002,O.bulk,Me.Au,12.02,,,
1172,COM00190.00,2002,O.bulk,Me.Cu,40055,,,
1173,COM00190.00,2003,O.bulk,Me.Au,21.036,,,
1174,COM00190.00,2003,O.bulk,Me.Cu,67738,,,
1175,COM00190.00,2004,O.bulk,Me.Au,21.219,,,
1176,COM00190.00,2004,O.bulk,Me.Cu,84758,,,
1177,COM00190.00,2005,O.bulk,Me.Au,21.476,1.745817,0.810321,1234
1178,COM00190.00,2005,O.bulk,Me.Cu,72157,5965.120501,0.879001,1234
1179,COM00190.00,2006,O.bulk,Me.Au,19.121,1.693228,0.824036,1236
1180,COM00190.00,2006,O.bulk,Me.Cu,62147,5684.353227,0.889558,1236
1181,COM00190.00,2007,O.bulk,Me.Au,17.437,1.375307,0.830605,1238
1182,COM00190.00,2007,O.bulk,Me.Cu,61120,5138.159359,0.901069,1238
1183,COM00190.00,2008,O.bulk,Me.Au,22.255,,,
1184,COM00190.00,2009,O.bulk,Me.Au,16.551,,,
1185,COM00190.00,2010,O.bulk,Me.Au,15.478,,,
1186,COM00190.00,2011,O.bulk,Me.Au,16.03,,,
1187,COM00190.00,2012,O.bulk,Me.Au,14.718,0.704218,,1240
1188,COM00190.00,2012,O.bulk,Me.Cu,1.393,0.066672,,1240
1189,COM00190.00,2013,O.bulk,Me.Ag,12.797,0.502278,,1242
1190,COM00190.00,2013,O.bulk,Me.Au,13.898,0.71,0.763,1242
1191,COM00190.00,2013,O.bulk,Me.Cu,53913,2116.060915,,1242
1192,COM00190.00,2014,O.bulk,Me.Ag,15.108,0.75449600000000006,,1244
1193,COM00190.00,2014,O.bulk,Me.Au,18.437,1.12,0.819,1244
1194,COM00190.00,2014,O.bulk,Me.Cu,60612,3026.967639,,1244
1195,COM00190.00,2015,O.bulk,Me.Ag,16.205,,,
1196,COM00190.00,2015,O.bulk,Me.Au,20.746,1.09,0.82,
1197,COM00190.00,2015,O.bulk,Me.Cu,74000,,,
1198,COM00190.00,2016,O.bulk,Me.Ag,10.544,0.478819,,1246
1199,COM00190.00,2016,O.bulk,Me.Au,20.808,1.14,0.829,1246
1200,COM00190.00,2016,O.bulk,Me.Cu,64000,2906.316698,,1246
1201,COM00190.00,2017,O.bulk,Me.Ag,11.913,0.495864,,1248
1202,COM00190.00,2017,O.bulk,Me.Au,19.284,0.97,0.824,1248
1203,COM00190.00,2017,O.bulk,Me.Cu,64000,2664.002664,,1248
1204,COM00190.00,2018,O.bulk,Me.Ag,11.166,0.528075,,1250
1205,COM00190.00,2018,O.bulk,Me.Au,18.662,1.12,0.787,1250
1206,COM00190.00,2018,O.bulk,Me.Cu,62000,2932.135257,,1250
1207,COM00196.00,2015,O.bulk,Me.Ag,17.01,0.89105,,1290
1208,COM00196.00,2015,O.bulk,Me.Au,16.177,1.05,1.123863,1290
1209,COM00196.00,2016,O.bulk,Me.Ag,19.278,0.981482,,1292
1210,COM00196.00,2016,O.bulk,Me.Au,16.556,1.04,1.140712,1292
1211,COM00196.00,2017,O.bulk,Me.Ag,19.334,0.949737,,1294
1212,COM00196.00,2017,O.bulk,Me.Au,17.927,1.09,1.041821,1294
1213,COM00196.00,2018,O.bulk,Me.Ag,24.777,1.209617,,1296
1214,COM00196.00,2018,O.bulk,Me.Au,19.731,1.2,0.865136,1296
1215,COM00196.00,2019,O.bulk,Me.Ag,23.87,1.134031,,1298
1216,COM00196.00,2019,O.bulk,Me.Au,18.938,1.11,1.001319,1298
1217,COM00197.00,2000,O.Cu,Me.Cu,224700,9300,0,1300
1218,COM00197.00,2001,O.Cu,Me.Cu,243200,9600,0,1302
1219,COM00197.00,2002,O.Cu,Me.Cu,219500,8400,0,1304
1220,COM00197.00,2003,O.Cu,Me.Cu,234500,9700,0,1306
1221,COM00197.00,2004,O.Cu,Me.Cu,209106.083,,,
1222,COM00197.00,2005,O.Cu,Me.Cu,190962.388,,,
1223,COM00197.00,2006,O.Cu,Me.Cu,194591.127,,,
1224,COM00197.00,2007,O.Cu,Me.Cu,205477.344,,,
1225,COM00197.00,2008,O.Cu,Me.Cu,202302.197,,,
1226,COM00197.00,2009,O.Cu,Me.Cu,167829.177,,,
1227,COM00197.00,2010,O.Cu,Me.Cu,166014.807,,,
1228,COM00197.00,2011,O.Cu,Me.Cu,174633.062,,,
1229,COM00197.00,2012,O.Cu,Me.Cu,146963.928,,,
1230,COM00197.00,2013,O.Cu,Me.Cu,191415.98,,,
1231,COM00197.00,2015,O.Cu,Me.Ag,53.127,1.763084,,1308
1232,COM00197.00,2015,O.Cu,Me.Au,2.892,0.095963,,1308
1233,COM00197.00,2015,O.Cu,Me.Cu,181040,6400,0.927,1308
1234,COM00197.00,2016,O.Cu,Me.Ag,47.202,1.477925,,1310
1235,COM00197.00,2016,O.Cu,Me.Au,2.75,0.086101,,1310
1236,COM00197.00,2016,O.Cu,Me.Cu,166592,5700,0.918,1310
1237,COM00197.00,2017,O.Cu,Me.Ag,51.624,1.753847,,1312
1238,COM00197.00,2017,O.Cu,Me.Au,2.948,0.100165,,1312
1239,COM00197.00,2017,O.Cu,Me.Cu,183858,6700,0.926,1312
1240,COM00197.00,2018,O.Cu,Me.Ag,34.218,1.240452,,1314
1241,COM00197.00,2018,O.Cu,Me.Au,2.211,0.12,0.689,1314
1242,COM00197.00,2018,O.Cu,Me.Cu,134578,5300,0.912,1314
1243,COM00197.00,2019,O.Cu,Me.Ag,36.996,1.407393,,1316
1244,COM00197.00,2019,O.Cu,Me.Au,2.495,0.14,0.721,1316
1245,COM00197.00,2019,O.Cu,Me.Cu,146330,6000,0.923,1316
1246,COM00198.00,2000,O.bulk,Me.Ag,840.96,636,3e-6,1318
1247,COM00198.00,2000,O.bulk,Me.Pb,200480,141000,0,1318
1248,COM00198.00,2000,O.bulk,Me.Zn,61754,51000,0,1318
1249,COM00198.00,2001,O.bulk,Me.Ag,900.664,599,3e-6,1320
1250,COM00198.00,2001,O.bulk,Me.Pb,210872,133000,0,1320
1251,COM00198.00,2001,O.bulk,Me.Zn,76122,54000,0,1320
1252,COM00198.00,2002,O.bulk,Me.Ag,1338.24,615,3e-6,1322
1253,COM00198.00,2002,O.bulk,Me.Pb,280704,129000,0,1322
1254,COM00198.00,2002,O.bulk,Me.Zn,100096,46000,0,1322
1255,COM00198.00,2003,O.bulk,Me.Ag,1257.728,544,3e-6,1324
1256,COM00198.00,2003,O.bulk,Me.Pb,275128,119000,0,1324
1257,COM00198.00,2003,O.bulk,Me.Zn,104040,45000,0,1324
1258,COM00198.00,2004,O.bulk,Me.Ag,1356.68,520,4e-6,1326
1259,COM00198.00,2004,O.bulk,Me.Pb,289599,111000,0,1326
1260,COM00198.00,2004,O.bulk,Me.Zn,93924,36000,0,1326
1261,COM00198.00,2005,O.bulk,Me.Ag,1590.835,515,4e-6,1328
1262,COM00198.00,2005,O.bulk,Me.Pb,324345,105000,0,1328
1263,COM00198.00,2005,O.bulk,Me.Zn,98848,32000,0,1328
1264,COM00198.00,2006,O.bulk,Me.Ag,1389.2,460,5e-6,1330
1265,COM00198.00,2006,O.bulk,Me.Pb,311060,103000,0,1330
1266,COM00198.00,2006,O.bulk,Me.Zn,111740,37000,0,1330
1267,COM00198.00,2007,O.bulk,Me.Ag,1049.556,447,5e-6,1332
1268,COM00198.00,2007,O.bulk,Me.Pb,241844,103000,0,1332
1269,COM00198.00,2007,O.bulk,Me.Zn,77484,33000,0,1332
1270,COM00198.00,2008,O.bulk,Me.Ag,1288,460,5e-6,1334
1271,COM00198.00,2008,O.bulk,Me.Pb,288400,103000,0,1334
1272,COM00198.00,2008,O.bulk,Me.Zn,95200,34000,0,1334
1273,COM00198.00,2009,O.bulk,Me.Ag,1242.18,412,6e-6,1336
1274,COM00198.00,2009,O.bulk,Me.Pb,268335,89000,0,1336
1275,COM00198.00,2009,O.bulk,Me.Zn,93465,31000,0,1336
1276,COM00198.00,2010,O.bulk,Me.Ag,1372.617,437,5e-6,1338
1277,COM00198.00,2010,O.bulk,Me.Pb,288972,92000,0,1338
1278,COM00198.00,2010,O.bulk,Me.Zn,103653,33000,0,1338
1279,COM00198.00,2011,O.bulk,Me.Ag,1288.53,417,6e-6,1340
1280,COM00198.00,2011,O.bulk,Me.Pb,284280,92000,0,1340
1281,COM00198.00,2011,O.bulk,Me.Zn,98880,32000,0,1340
1282,COM00198.00,2012,O.bulk,Me.Ag,1241.364,372,7e-6,1342
1283,COM00198.00,2012,O.bulk,Me.Pb,276971,83000,0,1342
1284,COM00198.00,2012,O.bulk,Me.Zn,93436,28000,0,1342
1285,COM00198.00,2013,O.bulk,Me.Ag,1132.2,360,8e-6,1344
1286,COM00198.00,2013,O.bulk,Me.Pb,248455,79000,0,1344
1287,COM00198.00,2013,O.bulk,Me.Zn,94350,30000,0,1344
1288,COM00198.00,2014,O.bulk,Me.Ag,947.792,296,1.1e-5,1346
1289,COM00198.00,2014,O.bulk,Me.Pb,227342,71000,0,1346
1290,COM00198.00,2014,O.bulk,Me.Zn,96060,30000,0,1346
1291,COM00198.00,2015,O.bulk,Me.Ag,845.273,257,1.5e-5,1348
1292,COM00198.00,2015,O.bulk,Me.Pb,220363,67000,0,1348
1293,COM00198.00,2015,O.bulk,Me.Zn,111826,34000,0,1348
1294,COM00198.00,2016,O.bulk,Me.Ag,802.995,255,1.5e-5,1350
1295,COM00198.00,2016,O.bulk,Me.Pb,207834,66000,0,1350
1296,COM00198.00,2016,O.bulk,Me.Zn,119662,38000,0,1350
1297,COM00198.00,2017,O.bulk,Me.Ag,588.984,194,2.7e-5,1352
1298,COM00198.00,2017,O.bulk,Me.Pb,163944,54000,0,1352
1299,COM00198.00,2017,O.bulk,Me.Zn,103224,34000,0,1352
1300,COM00198.00,2018,O.bulk,Me.Ag,456.87,194,2.7e-5,1354
1301,COM00198.00,2018,O.bulk,Me.Pb,124815,53000,0,1354
1302,COM00198.00,2018,O.bulk,Me.Zn,61230,26000,0,1354
1303,COM00198.00,2019,O.bulk,Me.Ag,459.08,184,3e-5,1356
1304,COM00198.00,2019,O.bulk,Me.Pb,124750,50000,0,1356
1305,COM00198.00,2019,O.bulk,Me.Zn,74850,30000,0,1356
1306,COM00205.00,2014,O.Au,Me.Au,25.668,1.197569,,1372
1307,COM00205.00,2015,O.Au,Me.Au,25.118,1.200548,,1374
1308,COM00205.00,2016,O.Au,Me.Au,26.762,1.113147,,1376
1309,COM00205.00,2017,O.Au,Me.Au,27.556,0.945303,,1378
1310,COM00205.00,2018,O.Au,Me.Au,26.28,1.416333,,1380
1311,COM00206.00,2018,,Me.Cu,3200,,,
1312,COM00207.00,2000,,Oth.cuca,22044.589,,,
1313,COM00207.00,2001,,Oth.cuca,21092.045,,,
1314,COM00207.00,2002,,Oth.cuca,22089.948,,,
1315,COM00207.00,2003,,Oth.cuca,21046.686,,,
1316,COM00207.00,2004,,Me.Cu,20910.608,,,
1317,COM00207.00,2005,,Me.Cu,23405.366,,,
1318,COM00207.00,2006,,Me.Cu,18778.724,,,
1319,COM00207.00,2008,,Me.Cu,21100,,,
1320,COM00207.00,2009,,Me.Cu,17900,,,
1321,COM00207.00,2010,O.bulk,Me.Au,0.785,0.081082,,1382
1322,COM00207.00,2010,O.bulk,Me.Cu,34800,4500,0.786,1382
1323,COM00207.00,2011,O.bulk,Me.Au,1.539,0.104358,,1384
1324,COM00207.00,2011,O.bulk,Me.Cu,66100,5100,0.882,1384
1325,COM00207.00,2012,O.bulk,Me.Au,1.633,0.097646,,1386
1326,COM00207.00,2012,O.bulk,Me.Cu,75800,5200,0.868,1386
1327,COM00207.00,2013,O.bulk,Me.Au,1.928,0.106813,,1388
1328,COM00207.00,2013,O.bulk,Me.Cu,76800,4800,0.877,1388
1329,COM00207.00,2014,O.bulk,Me.Au,1.347,0.076183,,1390
1330,COM00207.00,2014,O.bulk,Me.Cu,67500,4400,0.87,1390
1331,COM00207.00,2015,O.bulk,Me.Au,1.349,0.077962,,1392
1332,COM00207.00,2015,O.bulk,Me.Cu,68300,4500,0.886,1392
1333,COM00207.00,2016,O.bulk,Me.Au,1.511,0.084599,,1394
1334,COM00207.00,2016,O.bulk,Me.Cu,69500,4400,0.89,1394
1335,COM00207.00,2017,O.bulk,Me.Au,1.545,0.089444,,1396
1336,COM00207.00,2017,O.bulk,Me.Cu,72500,4700,0.89,1396
1337,COM00207.00,2018,O.bulk,Me.Au,1.69,0.0915,,1398
1338,COM00207.00,2018,O.bulk,Me.Cu,63500,4000,0.869,1398
1339,COM00208.00,2010,O.Au,Me.Au,0.779,,,
1340,COM00208.00,2011,O.Au,Me.Au,3.457,,,
1341,COM00208.00,2012,O.Au,Me.Au,3.611,,,
1342,COM00208.00,2013,O.Au,Me.Au,4.235,1.87,0.904,1400
1343,COM00208.00,2014,O.Au,Me.Au,4.152,1.85,0.874,1402
1344,COM00208.00,2015,O.Au,Me.Au,5.21,2.49,0.905,1404
1345,COM00208.00,2016,O.Au,Me.Au,4.889,2.3,0.92,1406
1346,COM00208.00,2017,O.Au,Me.Au,4.851,2.1,0.918,1408
1347,COM00208.00,2018,O.Au,Me.Au,5.327,2.3,0.93,1410
1348,COM00208.00,2019,O.Au,Me.Au,6.212,2.7,0.931,1412
1349,COM00208.00,2020,O.Au,Me.Au,6.322,2.8,0.93,1414
1350,COM00210.00,2011,Con.Fe,Me.Fe,16460400,638000,0,1440
1351,COM00210.00,2012,Con.Fe,Me.Fe,15128700,633000,0,1441
1352,COM00210.00,2013,Con.Fe,Me.Fe,11787600,627000,0,1442
1353,COM00210.00,2014,Con.Fe,Me.Fe,16020775,629500,0,1443
1354,COM00210.00,2015,Con.Fe,Me.Fe,17775840,638500,0,1444
1355,COM00210.00,2016,Con.Fe,Me.Fe,19961485,620500,0,1445
1356,COM00210.00,2017,Con.Fe,Me.Fe,18326000,612500,0,1446
1357,COM00210.00,2018,Con.Fe,Me.Fe,17243780,618500,0,1447
1358,COM00210.00,2019,Con.Fe,Me.Fe,19655125,612500,0,1448
1359,COM00211.00,2011,O.bulk,Me.Ag,6.983,117.57,0.729,1450
1360,COM00211.00,2011,O.bulk,Me.Au,0.532,7.51,0.8695,1450
1361,COM00211.00,2012,O.bulk,Me.Ag,29.147,121.11,0.7625,1452
1362,COM00211.00,2012,O.bulk,Me.Au,2.208,8,0.8738,1452
1363,COM00211.00,2013,O.bulk,Me.Ag,42.331,122.75,0.8064,1454
1364,COM00211.00,2013,O.bulk,Me.Au,2.156,5.65,0.8924,1454
1365,COM00211.00,2014,O.bulk,Me.Ag,76.99,191.73,0.7728,1456
1366,COM00211.00,2014,O.bulk,Me.Au,1.951,4.12,0.9109,1456
1367,COM00211.00,2015,O.bulk,Me.Ag,96.758,235.72,0.8057,1458
1368,COM00211.00,2015,O.bulk,Me.Au,1.737,3.73,0.9142,1458
1369,COM00211.00,2017,O.bulk,Me.Ag,60,186.337271,,1460
1370,COM00211.00,2017,O.bulk,Me.Au,0.63,1.957716,,1460
1371,COM00211.00,2018,O.bulk,Me.Ag,34.337,277.3,1.9e-5,1462
1372,COM00211.00,2018,O.bulk,Me.Au,0.327,2,0.276907,1462
1373,COM00211.00,2019,O.bulk,Me.Ag,4.062,97.8,1e-4,1464
1374,COM00211.00,2019,O.bulk,Me.Au,0.078,2.7,0.186836,1464
1375,COM00212.00,2003,O.Nb,Me.Nb,3300,108700,0,1466
1376,COM00212.00,2004,O.Nb,Me.Nb,3500,110400,0,1468
1377,COM00212.00,2005,O.Nb,Me.Nb,4000,110000,0,1470
1378,COM00212.00,2006,O.Nb,Me.Nb,4700,109000,0,1472
1379,COM00212.00,2007,O.Nb,Me.Nb,4700,109000,0,1474
1380,COM00212.00,2008,O.Nb,Me.Nb,4600,111000,0,1476
1381,COM00212.00,2009,O.Nb,Me.Nb,5100,93000,0,1478
1382,COM00212.00,2010,O.Nb,Me.Nb,4000,66000,0,1480
1383,COM00216.00,2013,O.bulk,Me.Cu,31510,31000,0.77,1490
1384,COM00216.00,2013,O.bulk,Me.Zn,43097,49000,0.66,1490
1385,COM00216.00,2014,O.bulk,Me.Cu,29360,27000,0.77,1492
1386,COM00216.00,2014,O.bulk,Me.Zn,36218,43000,0.63,1492
1387,COM00216.00,2015,O.bulk,Me.Cu,24304,25000,0.81,1494
1388,COM00216.00,2015,O.bulk,Me.Zn,19808,30000,0.54,1494
1389,COM00216.00,2016,O.bulk,Me.Cu,25330,23000,0.87,1496
1390,COM00216.00,2016,O.bulk,Me.Zn,8062,16000,0.39,1496
1391,COM00216.00,2017,O.bulk,Me.Cu,16523,19600,0.89,1498
1392,COM00216.00,2017,O.bulk,Me.Zn,3326,10500,0.34,1498
1393,COM00216.00,2018,O.bulk,Me.Cu,19896,22600,0.88,1500
1394,COM00216.00,2018,O.bulk,Me.Zn,4091,14000,0.29,1500
1395,COM00220.00,2001,O.Cu,Oth.cuca,43000,14400,0.761,
1396,COM00220.00,2002,O.Cu,Oth.cuca,84300,15000,0.744,
1397,COM00220.00,2003,O.Cu,Oth.cuca,92400,14600,0.782,
1398,COM00220.00,2004,O.Cu,Oth.cuca,97800,13500,0.781,
1399,COM00220.00,2005,O.Cu,Oth.cuca,98100,12300,0.802,
1400,COM00220.00,2006,O.Cu,Oth.cuca,94000,11600,0.781,
1401,COM00220.00,2007,O.Cu,Oth.cuca,93000,12300,0.778,
1402,COM00220.00,2008,O.Cu,Oth.cuca,90800,11600,0.747,
1403,COM00220.00,2009,O.Cu,Oth.cuca,90200,12500,0.73,
1404,COM00220.00,2010,O.Cu,Oth.cuca,95300,11000,0.717,
1405,COM00220.00,2011,O.Cu,Me.Au,5.328,0.36,0.728,1557
1406,COM00220.00,2011,O.Cu,Me.Cu,97114.732,5600,0.853,1557
1407,COM00220.00,2011,O.Cu,Oth.cuca,97100,12600,0.71,
1408,COM00220.00,2012,O.Cu,Me.Au,7.726,0.35,0.774,1561
1409,COM00220.00,2012,O.Cu,Me.Cu,163200,6700,0.877,1561
1410,COM00220.00,2012,O.Cu,Oth.cuca,105000,17200,0.755,
1411,COM00220.00,2013,O.Cu,Me.Au,7.375,0.3,0.781,1565
1412,COM00220.00,2013,O.Cu,Me.Cu,174900,6400,0.873,1565
1413,COM00220.00,2013,O.Cu,Oth.cuca,102600,15200,0.782,
1414,COM00220.00,2014,O.Cu,Me.Au,6.358,0.3,0.747,1569
1415,COM00220.00,2014,O.Cu,Me.Cu,172800,6500,0.882,1569
1416,COM00220.00,2014,O.Cu,Oth.cuca,93800,13100,0.705,
1417,COM00220.00,2015,O.Cu,Me.Au,5.054,0.2,0.723,1573
1418,COM00220.00,2015,O.Cu,Me.Cu,145200,5800,0.855,1573
1419,COM00220.00,2015,O.Cu,Oth.cuca,75900,9800,0.689,
1420,COM00220.00,2016,O.Cu,Me.Au,6.625,0.28,0.722,1577
1421,COM00220.00,2016,O.Cu,Me.Cu,180400,6300,0.877,1577
1422,COM00220.00,2016,O.Cu,Oth.cuca,55800,8100,0.707,
1423,COM00220.00,2017,O.Cu,Me.Au,4.883,0.22,0.696,1581
1424,COM00220.00,2017,O.Cu,Me.Cu,163900,6100,0.856,1581
1425,COM00220.00,2017,O.Cu,Oth.cuca,64500,9400,0.643,
1426,COM00220.00,2018,O.Cu,Me.Au,4.569,0.21,0.65,1585
1427,COM00220.00,2018,O.Cu,Me.Cu,155500,5700,0.817,1585
1428,COM00220.00,2018,O.Cu,Me.Mo,300,80,0.819,1585
1429,COM00220.00,2018,O.Cu,Oth.cuca,92500,7300,0.719,
1430,COM00220.00,2019,O.Cu,Me.Au,6.924,0.3,0.7,1589
1431,COM00220.00,2019,O.Cu,Me.Cu,195500,6900,0.858,1589
1432,COM00220.00,2019,O.Cu,Me.Mo,400,80,0.782,1589
1433,COM00220.00,2019,O.Cu,Oth.cuca,81100,5900,0.7,
1434,COM00222.00,2009,Con.Fe,Me.Fe,3263400,666000,0,1590
1435,COM00222.00,2016,Con.Fe,Me.Fe,3560156,681500,0,1597
1436,COM00222.00,2017,Con.Fe,Me.Fe,3181923.5,681500,0,1598
1437,COM00222.00,2018,Con.Fe,Me.Fe,3008822.5,681500,0,1599
1438,COM00223.00,2002,O.Au,Me.Au,3.211,1.84,0.923,1602
1439,COM00223.00,2003,O.Au,Me.Au,3.005,1.47,0.897,1604
1440,COM00223.00,2004,O.Au,Me.Au,1.181,0.84,0.822,1606
1441,COM00223.00,2016,O.Au,Me.Au,1.156,1.36,0.9194,1608
1442,COM00223.00,2017,O.Au,Me.Au,3.152,2.34,0.8673,1610
1443,COM00223.00,2018,O.Au,Me.Au,3.774,2.497539,0.837099,1612
1444,COM00223.00,2019,O.Au,Me.Au,5.055,2.367039,0.871517,1614
1445,COM00223.00,2020,O.Au,Me.Au,5.421,2.325912,0.854653,1616
1446,COM00224.00,2012,Con.Pb,Me.Pb,21390,,,
1447,COM00224.00,2012,Con.Zn,Me.Zn,514707,,,
1448,COM00224.00,2012,O.bulk,Me.Ag,1.369,,,1618
1449,COM00224.00,2013,Con.Pb,Me.Pb,54163,,,
1450,COM00224.00,2013,Con.Zn,Me.Zn,488233,,,
1451,COM00224.00,2013,O.bulk,Me.Ag,32.385,,,1620
1452,COM00224.00,2014,Con.Pb,Me.Pb,64426,,,
1453,COM00224.00,2014,Con.Zn,Me.Zn,465696,,,
1454,COM00224.00,2014,O.bulk,Me.Ag,46.042,,,1622
1455,COM00224.00,2015,Con.Pb,Me.Pb,79153,,,
1456,COM00224.00,2015,Con.Zn,Me.Zn,392667,,,
1457,COM00224.00,2015,O.bulk,Me.Ag,73.679,,,1624
1458,COM00224.00,2016,Con.Pb,Me.Pb,1181,,,
1459,COM00224.00,2016,Con.Zn,Me.Zn,16457,,,
1460,COM00224.00,2016,O.bulk,Me.Ag,0.753,,,1626
1461,COM00226.00,2000,O.bulk,Me.Ag,26.599,93.553426,0.87,1628
1462,COM00226.00,2000,O.bulk,Me.Au,0.455,1.587573,0.88,1628
1463,COM00226.00,2001,O.bulk,Me.Ag,0,,,1630
1464,COM00226.00,2001,O.bulk,Me.Au,0,,,1630
1465,COM00226.00,2002,O.bulk,Me.Ag,88.074,284.062222,0.9,1632
1466,COM00226.00,2002,O.bulk,Me.Au,1.279,4.394176,0.87,1632
1467,COM00226.00,2003,O.bulk,Me.Ag,137.789,302.489412,0.92,1634
1468,COM00226.00,2003,O.bulk,Me.Au,1.9,4.280778,0.9,1634
1469,COM00226.00,2004,O.bulk,Me.Ag,139.923,305.324364,0.94,1636
1470,COM00226.00,2004,O.bulk,Me.Au,1.694,3.798836,0.92,1636
1471,COM00226.00,2005,O.bulk,Me.Ag,81.364,213.188414,0.947,1638
1472,COM00226.00,2005,O.bulk,Me.Au,1.728,4.535924,0.928,1638
1473,COM00226.00,2006,O.bulk,Me.Ag,65.969,163.293253,0.945,1640
1474,COM00226.00,2006,O.bulk,Me.Au,1.158,2.834952,0.93,1640
1475,COM00226.00,2007,O.bulk,Me.Ag,48.388,132.675768,0.944,1642
1476,COM00226.00,2007,O.bulk,Me.Au,1.061,3.118448,0.922,1642
1477,COM00226.00,2008,O.bulk,Me.Ag,34.642,157.056358,0.934,1644
1478,COM00226.00,2008,O.bulk,Me.Au,0.616,2.891651,0.902,1644
1479,COM00227.00,2009,O.bulk,Me.Ag,288.57,82.213617,1.48e-4,1646
1480,COM00227.00,2009,O.bulk,Me.Pb,59670,17000,0,1646
1481,COM00227.00,2009,O.bulk,Me.Zn,161460,46000,0,1646
1482,COM00227.00,2010,O.bulk,Me.Ag,207.689,62.368951,2.57e-4,1648
1483,COM00227.00,2010,O.bulk,Me.Cu,3330,1000,1e-6,1648
1484,COM00227.00,2010,O.bulk,Me.Pb,39960,12000,0,1648
1485,COM00227.00,2010,O.bulk,Me.Zn,136530,41000,0,1648
1486,COM00227.00,2011,O.bulk,Me.Ag,318.082,124.737902,6.4e-5,1650
1487,COM00227.00,2011,O.bulk,Me.Pb,28050,11000,0,1650
1488,COM00227.00,2011,O.bulk,Me.Zn,84150,33000,0,1650
1489,COM00227.00,2012,O.bulk,Me.Ag,224.883,119.067997,7.1e-5,1653
1490,COM00227.00,2012,O.bulk,Me.Pb,34468.738,18250,0,1653
1491,COM00227.00,2012,O.bulk,Me.Zn,65254.516,34550,0,1653
1492,COM00227.00,2012,O.FeS,Me.Ag,35.714,327.436992,5.7e-5,1654
1493,COM00227.00,2013,O.bulk,Me.Ag,79.603,121.902949,6.7e-5,1656
1494,COM00227.00,2013,O.bulk,Me.Pb,10665.667,16333.333333,0,1656
1495,COM00227.00,2013,O.bulk,Me.Zn,23072.667,35333.333333,0,1656
1496,COM00227.00,2014,O.bulk,Me.Ag,55.565,94.49841,1.12e-4,1659
1497,COM00227.00,2014,O.bulk,Me.Pb,6762,11500,0,1659
1498,COM00227.00,2014,O.bulk,Me.Zn,18228,31000,0,1659
1499,COM00227.00,2015,O.bulk,Me.Ag,24.969,86.938538,1.32e-4,1663
1500,COM00227.00,2015,O.bulk,Me.Pb,3637.867,12666.666667,0,1663
1501,COM00227.00,2015,O.bulk,Me.Zn,8328.8,29000,0,1663
1502,COM00227.00,2015,O.oxi,Me.Ag,232.122,312.411745,1e-5,1664
1503,COM00227.00,2015,O.oxi,Me.Au,6.319,8.504857,0.013825,1664
1504,COM00227.00,2016,O.bulk,Me.Ag,6.605,28.349523,0.001244,1666
1505,COM00227.00,2016,O.bulk,Me.Pb,1631,7000,0,1666
1506,COM00227.00,2016,O.bulk,Me.Zn,4660,20000,0,1666
1507,COM00227.00,2016,O.oxi,Me.Ag,273.006,303.339897,1.1e-5,1667
1508,COM00227.00,2016,O.oxi,Me.Au,5.103,5.669905,0.031106,1667
1509,COM00227.00,2017,O.bulk,Me.Ag,11.056,17.009714,6e-6,1669
1510,COM00227.00,2017,O.bulk,Me.Pb,3500,5000,0,1669
1511,COM00227.00,2017,O.bulk,Me.Zn,9300,19000,0,1669
1512,COM00227.00,2017,O.oxi,Me.Ag,105.461,273.005908,0.443,1670
1513,COM00227.00,2017,O.oxi,Me.Au,2.577,4.252428,0.695,1670
1514,COM00227.00,2018,O.bulk,Me.Ag,11.623,14.174762,8e-6,1672
1515,COM00227.00,2018,O.bulk,Me.Cu,0.263,200,2.5e-5,1672
1516,COM00227.00,2018,O.bulk,Me.Pb,3700,5400,0,1672
1517,COM00227.00,2018,O.bulk,Me.Zn,11200,19400,0,1672
1518,COM00227.00,2018,O.oxi,Me.Ag,94.96,229.347642,0.453,1673
1519,COM00227.00,2018,O.oxi,Me.Au,3.55,5.386409,0.721,1673
1520,COM00228.00,2001,O.Ni,Me.Ni,31831.832,,,
1521,COM00228.00,2002,O.Ni,Me.Ni,40440.44,,,
1522,COM00228.00,2003,O.Ni,Me.Ni,46946.947,,,
1523,COM00228.00,2004,O.Ni,Me.Ni,49149.149,,,
1524,COM00228.00,2005,O.Ni,Me.Ni,51351.351,,,
1525,COM00228.00,2006,O.Ni,Me.Ni,51551.552,,,
1526,COM00228.00,2007,O.Ni,Me.Ni,51051.051,,,
1527,COM00228.00,2008,O.Ni,Me.Ni,41841.842,,,
1528,COM00228.00,2009,O.Ni,Me.Ni,50550.551,,,
1529,COM00228.00,2010,O.Ni,Me.Ni,49649.65,,,
1530,COM00228.00,2011,O.Ni,Me.Ni,40040.04,,,
1531,COM00228.00,2012,O.Ni,Me.Ni,48948.949,,,
1532,COM00228.00,2013,O.Ni,Me.Ni,50850.851,,,
1533,COM00228.00,2014,O.Ni,Me.Ni,44344.344,,,
1534,COM00228.00,2015,O.Ni,Me.Ni,40440.44,,,
1535,COM00228.00,2016,O.Ni,Me.Ni,36836.837,,,
1536,COM00228.00,2017,O.Ni,Me.Ni,36536.537,,,
1537,COM00228.00,2018,O.Ni,Me.Ni,48772.573,17900,0,1675
1538,COM00228.00,2019,O.Ni,Me.Ni,45496.296,16600,0,1677
1539,COM00229.00,2018,O.bulk,Me.Ag,128.104,724.69,0.894,1679
1540,COM00229.00,2018,O.bulk,Me.Au,2.886,15.85,0.931,1679
1541,COM00229.00,2019,O.bulk,Me.Ag,196.641,568.61,0.948,1681
1542,COM00229.00,2019,O.bulk,Me.Au,3.757,10.81,0.945,1681
1543,COM00230.00,2014,O.bulk,Me.Ag,67.285,285,0.67,1683
1544,COM00230.00,2014,O.bulk,Me.Au,4.73,14.54,0.91,1683
1545,COM00230.00,2015,O.bulk,Me.Ag,189.731,180.4,0.83,1685
1546,COM00230.00,2015,O.bulk,Me.Au,15.769,13.47,0.94,1685
1547,COM00230.00,2016,O.bulk,Me.Ag,96.016,132.1,0.87,1687
1548,COM00230.00,2016,O.bulk,Me.Au,11.291,14.35,0.95,1687
1549,COM00230.00,2017,O.bulk,Me.Ag,112.162,126.5,0.86,1689
1550,COM00230.00,2017,O.bulk,Me.Au,14.163,14.31,0.96,1689
1551,COM00230.00,2018,O.bulk,Me.Ag,131.397,135.69,0.86,1691
1552,COM00230.00,2018,O.bulk,Me.Au,15.015,13.89,0.96,1691
1553,COM00232.00,2001,O.Au,Me.Au,4.168,10.51,0.009871,1699
1554,COM00232.00,2002,O.Au,Me.Au,5.486,9.49,0.012459,1701
1555,COM00232.00,2003,O.Au,Me.Au,6.405,7.15,0.021244,1703
1556,COM00232.00,2004,O.Au,Me.Au,6.467,7.6,0.019797,1705
1557,COM00232.00,2005,O.Au,Me.Au,6.467,7.7,0.01954,1707
1558,COM00232.00,2006,O.Au,Me.Au,6.589,7.29,0.020255,1709
1559,COM00232.00,2007,O.Au,Me.Au,6.252,6.425892,,1711
1560,COM00232.00,2008,O.Au,Me.Au,4.72,4.850918,,1713
1561,COM00232.00,2009,O.Au,Me.Au,5.884,6.51,0.025399,1715
1562,COM00232.00,2010,O.Au,Me.Au,5.946,6.11,0.029759,1717
1563,COM00232.00,2011,O.Au,Me.Au,6.007,6.23,0.028888,1719
1564,COM00232.00,2012,O.Au,Me.Au,6.712,6.48,0.042256,1721
1565,COM00232.00,2013,O.Au,Me.Au,7.386,6.58,0.051161,1723
1566,COM00232.00,2014,O.Au,Me.Au,7.539,6.08,0.070752,1725
1567,COM00232.00,2015,O.Au,Me.Au,8.52,6.88,0.057172,1727
1568,COM00232.00,2016,O.Au,Me.Au,8.612,7.45,0.048864,1729
1569,COM00232.00,2017,O.Au,Me.Au,8.673,7.5,0.051519,1731
1570,COM00232.00,2018,O.Au,Me.Au,8.643,6.49,0.052038,1733
1571,COM00233.00,2000,O.Cu,Me.Cu,78700,5900,0,1735
1572,COM00233.00,2001,O.Cu,Me.Cu,84900,5300,0,1737
1573,COM00233.00,2002,O.Cu,Me.Cu,95300,5500,0,1739
1574,COM00233.00,2003,O.Cu,Me.Cu,96300,6000,0,1741
1575,COM00233.00,2004,,Me.Cu,88450.512,,,
1576,COM00233.00,2005,,Me.Cu,93440.028,,,
1577,COM00233.00,2006,,Me.Cu,100697.506,,,
1578,COM00233.00,2007,O.bulk,Me.Ag,37.915,,,
1579,COM00233.00,2007,O.bulk,Me.Cu,269433.868,,,
1580,COM00233.00,2007,O.bulk,Me.Mo,453.592,,,
1581,COM00233.00,2008,O.bulk,Me.Ag,53.405,,,
1582,COM00233.00,2008,O.bulk,Me.Cu,314793.105,,,
1583,COM00233.00,2008,O.bulk,Me.Mo,1360.777,,,
1584,COM00233.00,2009,O.bulk,Me.Ag,48.14,,,
1585,COM00233.00,2009,O.bulk,Me.Cu,300278.149,,,
1586,COM00233.00,2009,O.bulk,Me.Mo,907.185,,,
1587,COM00233.00,2010,O.bulk,Me.Ag,50.561,,,
1588,COM00233.00,2010,O.bulk,Me.Cu,302999.703,,,
1589,COM00233.00,2010,O.bulk,Me.Mo,3175.147,,,
1590,COM00233.00,2011,O.bulk,Me.Ag,54.413,,,
1591,COM00233.00,2011,O.bulk,Me.Cu,293474.263,,,
1592,COM00233.00,2011,O.bulk,Me.Mo,4535.924,,,
1593,COM00233.00,2012,O.bulk,Me.Ag,66.387,,,
1594,COM00233.00,2012,O.bulk,Me.Cu,269887.46,,,
1595,COM00233.00,2012,O.bulk,Me.Mo,3628.739,,,
1596,COM00233.00,2013,O.bulk,Me.Ag,58.34,,,
1597,COM00233.00,2013,O.bulk,Me.Cu,253104.542,,,
1598,COM00233.00,2013,O.bulk,Me.Mo,5896.701,,,
1599,COM00233.00,2014,O.bulk,Me.Ag,53.205,,,
1600,COM00233.00,2014,O.bulk,Me.Cu,226796.185,,,
1601,COM00233.00,2014,O.bulk,Me.Mo,4989.516,,,
1602,COM00233.00,2015,O.bulk,Me.Ag,61.86,,,
1603,COM00233.00,2015,O.bulk,Me.Cu,247207.842,,,
1604,COM00233.00,2015,O.bulk,Me.Mo,3175.147,,,
1605,COM00233.00,2016,O.bulk,Me.Ag,117.37,,,
1606,COM00233.00,2016,O.bulk,Me.Cu,502580.346,,,
1607,COM00233.00,2016,O.bulk,Me.Mo,9525.44,,,
1608,COM00233.00,2017,O.bulk,Me.Ag,118.531,,,
1609,COM00233.00,2017,O.bulk,Me.Cu,481715.097,,,
1610,COM00233.00,2017,O.bulk,Me.Mo,12246.994,,,
1611,COM00233.00,2018,O.bulk,Me.Ag,141.666,,,
1612,COM00233.00,2018,O.bulk,Me.Cu,475818.396,,,
1613,COM00233.00,2018,O.bulk,Me.Mo,12700.586,,,
1614,COM00233.00,2019,O.bulk,Me.Ag,145.706,,,
1615,COM00233.00,2019,O.bulk,Me.Cu,454953.147,,,
1616,COM00233.00,2019,O.bulk,Me.Mo,13154.179,,,
1617,COM00244.00,2006,O.bulk,Me.Au,0.245,0.296879,,1780
1618,COM00244.00,2006,O.bulk,Me.Cu,2041.166,2472.384058,,1780
1619,COM00244.00,2007,O.bulk,Me.Au,5.54,0.6,0.73,1783
1620,COM00244.00,2007,O.bulk,Me.Cu,55746.502,5000,0.878,1783
1621,COM00244.00,2008,O.bulk,Me.Au,4.666,0.44,0.71,1786
1622,COM00244.00,2008,O.bulk,Me.Cu,63185.417,4700,0.896,1786
1623,COM00244.00,2009,O.bulk,Me.Au,4.859,0.41,0.69,1789
1624,COM00244.00,2009,O.bulk,Me.Cu,65317.301,4300,0.88,1789
1625,COM00244.00,2010,O.bulk,Me.Au,4.218,0.35,0.623,1792
1626,COM00244.00,2010,O.bulk,Me.Cu,67766.7,4100,0.865,1792
1627,COM00244.00,2011,O.bulk,Me.Ag,7.875,,,1795
1628,COM00244.00,2011,O.bulk,Me.Au,3.919,0.32,0.638,1795
1629,COM00244.00,2011,O.bulk,Me.Cu,75341.693,4200,0.874,1795
1630,COM00244.00,2012,O.bulk,Me.Ag,8.688,,,1798
1631,COM00244.00,2012,O.bulk,Me.Au,3.545,0.29,0.594,1798
1632,COM00244.00,2012,O.bulk,Me.Cu,68311.011,3900,0.822,1798
1633,COM00244.00,2013,O.bulk,Me.Ag,10.141,0.47506,,1801
1634,COM00244.00,2013,O.bulk,Me.Au,3.237,0.26,0.579,1801
1635,COM00244.00,2013,O.bulk,Me.Cu,59057.727,3500,0.797,1801
1636,COM00244.00,2014,O.bulk,Me.Ag,9.235,0.453586,,1804
1637,COM00244.00,2014,O.bulk,Me.Au,3.342,0.28,0.589,1804
1638,COM00244.00,2014,O.bulk,Me.Cu,60554.581,3700,0.796,1804
1639,COM00244.00,2015,O.bulk,Me.Ag,8.538,0.429111,,1807
1640,COM00244.00,2015,O.bulk,Me.Au,3.703,0.33,0.568,1807
1641,COM00244.00,2015,O.bulk,Me.Cu,59420.6,3700,0.8,1807
1642,COM00244.00,2016,O.bulk,Me.Ag,8.069,0.407943,,1810
1643,COM00244.00,2016,O.bulk,Me.Au,3.337,0.3,0.569,1810
1644,COM00244.00,2016,O.bulk,Me.Cu,52389.919,3400,0.772,1810
1645,COM00244.00,2017,O.bulk,Me.Au,3.727,0.28,0.57,1813
1646,COM00244.00,2017,O.bulk,Me.Cu,57742.309,3100,0.798,1813
1647,COM00244.00,2018,O.bulk,Me.Au,3.763,0.26,0.633,1816
1648,COM00244.00,2018,O.bulk,Me.Cu,58604.134,3100,0.824,1816
1649,COM00250.00,2006,O.Cu,Me.Cu,8002,27000,0.816,1818
1650,COM00250.00,2007,O.Cu,Me.Cu,10770,25000,0.861,1820
1651,COM00250.00,2008,O.Cu,Me.Cu,14583,29000,0.896,1822
1652,COM00250.00,2009,O.Cu,Me.Cu,15940,31000,0.9,1824
1653,COM00250.00,2010,O.Cu,Me.Cu,17729,34000,0.91,1826
1654,COM00250.00,2011,O.Cu,Me.Cu,17533,35000,0.91,1828
1655,COM00250.00,2012,O.Cu,Me.Cu,17906,,,
1656,COM00250.00,2013,O.Cu,Me.Cu,18125,,,
1657,COM00250.00,2014,O.Cu,Me.Cu,16890,,,
1658,COM00250.00,2015,O.Cu,Me.Cu,12726,,,
1659,COM00250.00,2016,O.Cu,Me.Cu,10458,,,
1660,COM00250.00,2017,O.Cu,Me.Cu,10966,,,
1661,COM00250.00,2018,O.Cu,Me.Cu,10024,,,
1662,COM00250.00,2019,O.Cu,Me.Cu,8174,,,
1663,COM00253.00,2000,O.Cu,Me.Cu,48600,2200,0,1830
1664,COM00253.00,2000,O.Cu,Me.Cu,87000,8300,0,1831
1665,COM00253.00,2001,O.Cu,Me.Cu,59900,4800,0,1833
1666,COM00253.00,2001,O.Cu,Me.Cu,18300,7900,0,1834
1667,COM00253.00,2002,O.Cu,Me.Cu,53800,2900,0,1836
1668,COM00253.00,2003,O.Cu,Me.Cu,39900,8000,0,1838
1669,COM00253.00,2004,,Me.Cu,83007.404,,,
1670,COM00253.00,2005,,Me.Cu,95254.398,,,
1671,COM00253.00,2006,,Me.Cu,84368.181,,,
1672,COM00253.00,2007,,Me.Cu,86182.55,,,
1673,COM00253.00,2008,,Me.Cu,70306.817,,,
1674,COM00253.00,2009,,Me.Cu,16329.325,,,
1675,COM00253.00,2010,,Me.Cu,15422.141,,,
1676,COM00253.00,2011,,Me.Cu,31297.874,,,
1677,COM00253.00,2012,,Me.Cu,65317.301,,,
1678,COM00253.00,2013,,Me.Cu,77564.295,,,
1679,COM00253.00,2014,,Me.Cu,113398.092,,,
1680,COM00253.00,2015,,Me.Cu,142428.004,,,
1681,COM00253.00,2016,,Me.Cu,139706.45,,,
1682,COM00253.00,2017,,Me.Cu,97522.36,,,
1683,COM00253.00,2018,,Me.Cu,78471.48,,,
1684,COM00253.00,2019,,Me.Cu,79378.665,,,
1685,COM00254.00,2010,O.Au,Me.Au,2.775,2.74,0.913,1840
1686,COM00254.00,2011,O.Au,Me.Au,8.143,2.47,0.916,1842
1687,COM00254.00,2012,O.Au,Me.Au,9.12,2.91,0.93,1844
1688,COM00254.00,2013,O.Au,Me.Au,8.565,2.71,0.938,1846
1689,COM00254.00,2014,O.Au,Me.Au,8.911,3.08,0.919,1848
1690,COM00254.00,2015,O.Au,Me.Au,7.965,2.51,0.906,1850
1691,COM00254.00,2016,O.Au,Me.Au,6.592,2.1,0.914,1852
1692,COM00254.00,2017,O.Au,Me.Au,7.651,2.44,0.922,1854
1693,COM00254.00,2018,O.Au,Me.Au,7.05,2.18,0.921,1856
1694,COM00255.00,2007,O.Au,Me.Au,1.012,,,
1695,COM00255.00,2008,O.Au,Me.Au,1.003,,,
1696,COM00255.00,2010,O.Au,Me.Au,2.025,,,
1697,COM00255.00,2014,O.Au,Me.Au,2.36,,,
1698,COM00255.00,2015,O.Au,Me.Au,1.688,,,
1699,COM00255.00,2016,O.Au,Me.Au,1.613,,,
1700,COM00255.00,2017,O.Au,Me.Au,1.14,,,
1701,COM00257.00,2009,O.bulk,Me.Ag,137.835,96.388379,1.08e-4,1858
1702,COM00257.00,2009,O.bulk,Me.Cu,2860,2000,0,1858
1703,COM00257.00,2009,O.bulk,Me.Pb,27170,19000,0,1858
1704,COM00257.00,2009,O.bulk,Me.Zn,105820,74000,0,1858
1705,COM00257.00,2010,O.bulk,Me.Ag,167.829,113.398093,7.8e-5,1860
1706,COM00257.00,2010,O.bulk,Me.Cu,2960,2000,0,1860
1707,COM00257.00,2010,O.bulk,Me.Pb,25160,17000,0,1860
1708,COM00257.00,2010,O.bulk,Me.Zn,111000,75000,0,1860
1709,COM00257.00,2011,O.bulk,Me.Ag,169.162,110.56314,8.2e-5,1862
1710,COM00257.00,2011,O.bulk,Me.Cu,3060,2000,0,1862
1711,COM00257.00,2011,O.bulk,Me.Pb,22950,15000,0,1862
1712,COM00257.00,2011,O.bulk,Me.Zn,110160,72000,0,1862
1713,COM00257.00,2012,O.bulk,Me.Ag,18.784,189.941805,2.8e-5,1864
1714,COM00257.00,2012,O.bulk,Me.Cu,118.675,1200,1e-6,1864
1715,COM00257.00,2012,O.bulk,Me.Pb,1094.449,11066.666667,0,1864
1716,COM00257.00,2012,O.bulk,Me.Zn,3454.767,34933.333333,0,1864
1717,COM00257.00,2013,O.bulk,Me.Ag,373.027,185.216884,2.9e-5,1866
1718,COM00257.00,2013,O.bulk,Me.Cu,4028,2000,0,1866
1719,COM00257.00,2013,O.bulk,Me.Pb,23496.667,11666.666667,0,1866
1720,COM00257.00,2013,O.bulk,Me.Zn,69818.667,34666.666667,0,1866
1721,COM00257.00,2014,O.bulk,Me.Ag,290.934,136.077711,5.4e-5,1868
1722,COM00257.00,2014,O.bulk,Me.Cu,3207,1500,0,1868
1723,COM00257.00,2014,O.bulk,Me.Pb,22805.333,10666.666667,0,1868
1724,COM00257.00,2014,O.bulk,Me.Zn,70554,33000,0,1868
1725,COM00257.00,2015,O.bulk,Me.Ag,227.703,113.398093,7.8e-5,1870
1726,COM00257.00,2015,O.bulk,Me.Cu,4016,2000,0,1870
1727,COM00257.00,2015,O.bulk,Me.Pb,20080,10000,0,1870
1728,COM00257.00,2015,O.bulk,Me.Zn,62248,31000,0,1870
1729,COM00257.00,2016,O.bulk,Me.Ag,199.935,99.223331,1.02e-4,1872
1730,COM00257.00,2016,O.bulk,Me.Cu,2015,1000,1e-6,1872
1731,COM00257.00,2016,O.bulk,Me.Pb,20150,10000,0,1872
1732,COM00257.00,2016,O.bulk,Me.Zn,76570,38000,0,1872
1733,COM00257.00,2017,O.bulk,Me.Ag,195.399,106.310712,8.8e-5,1874
1734,COM00257.00,2017,O.bulk,Me.Cu,2757,1500,0,1874
1735,COM00257.00,2017,O.bulk,Me.Pb,20218,11000,0,1874
1736,COM00257.00,2017,O.bulk,Me.Zn,66168,36000,0,1874
1737,COM00257.00,2018,O.bulk,Me.Ag,189.247,111.980616,8e-5,1876
1738,COM00257.00,2018,O.bulk,Me.Cu,1690,1000,1e-6,1876
1739,COM00257.00,2018,O.bulk,Me.Pb,16900,10000,0,1876
1740,COM00257.00,2018,O.bulk,Me.Zn,57460,34000,0,1876
1741,COM00258.00,2008,O.bulk,Me.Ag,26.932,,,
1742,COM00258.00,2008,O.bulk,Me.Au,3.308,,,
1743,COM00258.00,2008,O.bulk,Me.Pb,9109,,,
1744,COM00258.00,2008,O.bulk,Me.Zn,11237,,,
1745,COM00258.00,2009,O.bulk,Me.Ag,45.047,,,
1746,COM00258.00,2009,O.bulk,Me.Au,2.929,,,
1747,COM00258.00,2009,O.bulk,Me.Pb,6118,,,
1748,COM00258.00,2009,O.bulk,Me.Zn,7950,,,
1749,COM00258.00,2010,O.bulk,Me.Ag,33.963,39.491545,,1878
1750,COM00258.00,2010,O.bulk,Me.Au,3.208,3.730039,,1878
1751,COM00258.00,2010,O.bulk,Me.Pb,6468,7520.930233,,1878
1752,COM00258.00,2010,O.bulk,Me.Zn,10112,11758.139535,,1878
1753,COM00258.00,2011,O.bulk,Me.Ag,41.787,43.213234,,1880
1754,COM00258.00,2011,O.bulk,Me.Au,3.307,3.419442,,1880
1755,COM00258.00,2011,O.bulk,Me.Pb,6315,6530.506722,,1880
1756,COM00258.00,2011,O.bulk,Me.Zn,9318,9635.98759,,1880
1757,COM00258.00,2012,O.bulk,Me.Ag,94.376,84.793856,,1882
1758,COM00258.00,2012,O.bulk,Me.Au,3.545,3.185339,,1882
1759,COM00258.00,2012,O.bulk,Me.Pb,5676,5099.730458,,1882
1760,COM00258.00,2012,O.bulk,Me.Zn,8171,7341.419587,,1882
1761,COM00258.00,2013,O.bulk,Me.Ag,120.202,96.78098,,1884
1762,COM00258.00,2013,O.bulk,Me.Au,3.171,2.553221,,1884
1763,COM00258.00,2013,O.bulk,Me.Pb,4811,3873.590982,,1884
1764,COM00258.00,2013,O.bulk,Me.Zn,5459,4395.330113,,1884
1765,COM00258.00,2014,O.bulk,Me.Ag,115.524,86.147879,,1886
1766,COM00258.00,2014,O.bulk,Me.Au,3.062,2.283648,,1886
1767,COM00258.00,2014,O.bulk,Me.Pb,4736,3531.692767,,1886
1768,COM00258.00,2014,O.bulk,Me.Zn,6000,4474.272931,,1886
1769,COM00258.00,2015,O.bulk,Me.Ag,136.871,129,7.5e-5,1888
1770,COM00258.00,2015,O.bulk,Me.Au,2.424,2.07,0.264838,1888
1771,COM00258.00,2015,O.bulk,Me.Pb,5425,4082.016554,,1888
1772,COM00258.00,2015,O.bulk,Me.Zn,5970,4492.099323,,1888
1773,COM00258.00,2016,O.bulk,Me.Ag,145.461,143,6.1e-5,1890
1774,COM00258.00,2016,O.bulk,Me.Au,2.062,1.84,0.336101,1890
1775,COM00258.00,2016,O.bulk,Me.Pb,5883,4614.117647,,1890
1776,COM00258.00,2016,O.bulk,Me.Zn,7450,5843.137255,,1890
1777,COM00258.00,2017,O.bulk,Me.Ag,152.917,54.1,1.57e-4,1892
1778,COM00258.00,2017,O.bulk,Me.Au,2.036,635,0.001007,1892
1779,COM00258.00,2017,O.bulk,Me.Pb,6328,4860.215054,,1892
1780,COM00258.00,2017,O.bulk,Me.Zn,7048,5413.210445,,1892
1781,COM00258.00,2018,O.bulk,Me.Ag,170.069,56.9,1.37e-4,1894
1782,COM00258.00,2018,O.bulk,Me.Au,1.892,598,0.00117,1894
1783,COM00258.00,2018,O.bulk,Me.Pb,4799,3624.622356,,1894
1784,COM00258.00,2018,O.bulk,Me.Zn,5892,4450.151057,,1894
1785,COM00264.00,2012,,Me.Mo,3175.147,,,
1786,COM00264.00,2013,,Me.Mo,8618.255,,,
1787,COM00264.00,2014,,Me.Mo,9525.44,,,
1788,COM00264.00,2015,,Me.Mo,10432.625,,,
1789,COM00264.00,2016,,Me.Mo,7257.478,,,
1790,COM00264.00,2017,,Me.Mo,9071.847,,,
1791,COM00264.00,2018,,Me.Mo,9525.44,,,
1792,COM00264.00,2019,,Me.Mo,7711.07,,,
1793,COM00269.00,2013,O.Cu,Oth.cuca,69304,62000,0.89,1896
1794,COM00269.00,2014,O.Cu,Oth.cuca,71090,51000,0.9,1898
1795,COM00269.00,2015,O.Cu,Oth.cuca,70029,52000,0.9,1900
1796,COM00269.00,2016,O.Cu,Oth.cuca,73643,52000,0.92,1902
1797,COM00269.00,2017,O.Cu,Oth.cuca,73664,50700,0.9,1904
1798,COM00269.00,2018,O.Cu,Oth.cuca,70738,49500,0.93,1906
1799,COM00271.00,2006,Con.Fe,Me.Fe,952000,680000,0,1907
1800,COM00271.00,2007,Con.Fe,Me.Fe,952000,680000,0,1908
1801,COM00271.00,2008,Con.Fe,Me.Fe,544000,680000,0,1909
1802,COM00272.00,2000,O.Cu,Me.Cu,821548,,,
1803,COM00272.00,2000,O.Cu,Me.Mo,13905,,,
1804,COM00272.00,2001,O.Cu,Me.Cu,902267,,,
1805,COM00272.00,2001,O.Cu,Me.Mo,15219,,,
1806,COM00272.00,2002,O.Cu,Me.Cu,893862,,,
1807,COM00272.00,2002,O.Cu,Me.Mo,12878,,,
1808,COM00272.00,2003,O.Cu,Me.Cu,907169,,,
1809,COM00272.00,2003,O.Cu,Me.Mo,16432,,,
1810,COM00272.00,2004,O.Cu,Me.Cu,982817,,,
1811,COM00272.00,2004,O.Cu,Me.Mo,24271,,,
1812,COM00272.00,2005,O.Cu,Me.Cu,964931,,,
1813,COM00272.00,2005,O.Cu,Me.Mo,26826,,,
1814,COM00272.00,2006,O.Cu,Me.Cu,940613,,,
1815,COM00272.00,2006,O.Cu,Me.Mo,17781,,,
1816,COM00272.00,2007,O.Cu,Me.Cu,896308,,,
1817,COM00272.00,2007,O.Cu,Me.Mo,19065,,,
1818,COM00272.00,2008,O.Cu,Me.Cu,755258,,,
1819,COM00272.00,2008,O.Cu,Me.Mo,12940,,,
1820,COM00272.00,2009,O.Cu,Me.Cu,874748,,,
1821,COM00272.00,2009,O.Cu,Me.Mo,13097,,,
1822,COM00272.00,2010,O.Cu,Me.Cu,903721,,,
1823,COM00272.00,2010,O.Cu,Me.Mo,12115,,,
1824,COM00272.00,2011,O.Cu,Me.Ag,210.71,,,
1825,COM00272.00,2011,O.Cu,Me.Au,1.444,,,
1826,COM00272.00,2011,O.Cu,Me.Cu,855582,,,
1827,COM00272.00,2011,O.Cu,Me.Mo,3146,,,
1828,COM00272.00,2012,O.Cu,Me.Ag,106.927,,,
1829,COM00272.00,2012,O.Cu,Me.Au,0.751,,,
1830,COM00272.00,2012,O.Cu,Me.Cu,783692,,,
1831,COM00272.00,2012,O.Cu,Me.Mo,7777,,,
1832,COM00272.00,2013,O.Cu,Me.Ag,99.79,,,
1833,COM00272.00,2013,O.Cu,Me.Au,0.642,,,
1834,COM00272.00,2013,O.Cu,Me.Cu,718601,,,
1835,COM00272.00,2013,O.Cu,Me.Mo,8064,,,
1836,COM00272.00,2014,O.Cu,Me.Ag,186.941,,,
1837,COM00272.00,2014,O.Cu,Me.Au,0.757,,,
1838,COM00272.00,2014,O.Cu,Me.Cu,667641,,,
1839,COM00272.00,2014,O.Cu,Me.Mo,15529,,,
1840,COM00272.00,2015,O.Cu,Me.Cu,624372,,,
1841,COM00272.00,2015,O.Cu,Me.Mo,13813,,,
1842,COM00272.00,2016,O.Cu,Me.Cu,620265,,,
1843,COM00272.00,2016,O.Cu,Me.Mo,19162,,,
1844,COM00272.00,2017,O.Cu,Me.Ag,267.319,,,
1845,COM00272.00,2017,O.Cu,Me.Au,0.986,,,
1846,COM00272.00,2017,O.Cu,Me.Cu,649788,,,
1847,COM00272.00,2017,O.Cu,Me.Mo,17257,,,
1848,COM00272.00,2018,O.Cu,Me.Ag,261.959,,,
1849,COM00272.00,2018,O.Cu,Me.Au,1.41,,,
1850,COM00272.00,2018,O.Cu,Me.Cu,653411,,,
1851,COM00272.00,2018,O.Cu,Me.Mo,12793,,,
1852,COM00273.00,2003,O.Ni,Me.Ni,6400,14000,0,1911
1853,COM00273.00,2004,O.Ni,Me.Ni,6500,14000,0,1913
1854,COM00273.00,2005,O.Ni,Me.Ni,9600,21000,0,1915
1855,COM00273.00,2006,O.Ni,Me.Ni,9800,21000,0,1917
1856,COM00273.00,2007,O.Ni,Me.Ni,9900,21000,0,1919
1857,COM00273.00,2008,O.Ni,Me.Ni,9100,21000,0,1921
1858,COM00273.00,2009,O.Ni,Me.Ni,9500,21000,0,1923
1859,COM00273.00,2010,O.Ni,Me.Ni,8500,19000,0,1925
1860,COM00273.00,2011,O.Ni,Me.Ni,9500,18900,0,1927
1861,COM00273.00,2012,O.Ni,Me.Ni,9600,18100,0,1929
1862,COM00273.00,2013,O.Ni,Me.Ni,4500,17100,0,1931
1863,COM00273.00,2014,O.Ni,Me.Ni,4700,16700,0,1933
1864,COM00273.00,2015,O.Ni,Me.Ni,9000,16900,0,1935
1865,COM00273.00,2016,O.Ni,Me.Ni,9000,17100,0,1937
1866,COM00273.00,2017,O.Ni,Me.Ni,8900,16900,0,1939
1867,COM00273.00,2018,O.Ni,Me.Ni,8800,16600,0,1941
1868,COM00273.00,2019,O.Ni,Me.Ni,8700,16500,0,1943
1869,COM00273.00,2020,O.Ni,Me.Ni,8600,16600,0,1945
1870,COM00275.00,2001,O.bulk,Me.Cu,37418.7,31900,0,1955
1871,COM00275.00,2001,O.bulk,Me.Ni,20292.9,17300,0,1955
1872,COM00275.00,2002,O.bulk,Me.Cu,34579.6,31900,0,1957
1873,COM00275.00,2002,O.bulk,Me.Ni,18319.6,16900,0,1957
1874,COM00275.00,2003,O.bulk,Me.Cu,31059,35700,0,1959
1875,COM00275.00,2003,O.bulk,Me.Ni,15486,17800,0,1959
1876,COM00275.00,2004,O.bulk,Me.Cu,36905,30500,0,1961
1877,COM00275.00,2004,O.bulk,Me.Ni,20449,16900,0,1961
1878,COM00275.00,2005,O.bulk,Me.Cu,38947.8,27800,0,1963
1879,COM00275.00,2005,O.bulk,Me.Ni,23536.8,16800,0,1963
1880,COM00275.00,2006,O.bulk,Me.Cu,32352,24000,0,1965
1881,COM00275.00,2006,O.bulk,Me.Ni,22242,16500,0,1965
1882,COM00275.00,2007,O.bulk,Me.Cu,38720,27500,0,1967
1883,COM00275.00,2007,O.bulk,Me.Ni,24499.2,17400,0,1967
1884,COM00275.00,2008,O.bulk,Me.Cu,37905,26600,0,1969
1885,COM00275.00,2008,O.bulk,Me.Ni,23085,16200,0,1969
1886,COM00275.00,2009,O.bulk,Me.Cu,20467.2,32800,0,1971
1887,COM00275.00,2009,O.bulk,Me.Ni,10233.6,16400,0,1971
1888,COM00275.00,2010,O.bulk,Me.Cu,21536.4,27400,0,1973
1889,COM00275.00,2010,O.bulk,Me.Ni,13597.8,17300,0,1973
1890,COM00275.00,2011,O.bulk,Me.Cu,41162.6,30200,0,1975
1891,COM00275.00,2011,O.bulk,Me.Ni,24125.1,17700,0,1975
1892,COM00275.00,2012,O.bulk,Me.Cu,27399.6,25800,0,1977
1893,COM00275.00,2012,O.bulk,Me.Ni,16036.2,15100,0,1977
1894,COM00275.00,2013,O.bulk,Me.Cu,47722.5,31500,0,1979
1895,COM00275.00,2013,O.bulk,Me.Ni,23028,15200,0,1979
1896,COM00275.00,2014,O.bulk,Me.Cu,42935,31000,0,1981
1897,COM00275.00,2014,O.bulk,Me.Ni,21052,15200,0,1981
1898,COM00275.00,2015,O.bulk,Me.Cu,38615.5,29500,0,1983
1899,COM00275.00,2015,O.bulk,Me.Ni,20420.4,15600,0,1983
1900,COM00275.00,2016,O.bulk,Me.Cu,45458.4,37600,0,1985
1901,COM00275.00,2016,O.bulk,Me.Ni,17772.3,14700,0,1985
1902,COM00275.00,2017,O.bulk,Me.Cu,37863.2,37600,0,1987
1903,COM00275.00,2017,O.bulk,Me.Ni,15407.1,15300,0,1987
1904,COM00275.00,2018,O.bulk,Me.Cu,20455.8,33100,0,1989
1905,COM00275.00,2018,O.bulk,Me.Ni,8652,14000,0,1989
1906,COM00275.00,2019,O.bulk,Me.Cu,41876,38000,0,1991
1907,COM00275.00,2019,O.bulk,Me.Ni,16199.4,14700,0,1991
1908,COM00276.00,2003,Con.Cu,Me.Cu,331300,384517.177344,,1992
1909,COM00276.00,2003,O.oxi,Oth.cuca,63400,8000,,
1910,COM00276.00,2004,Con.Cu,Me.Cu,422800,330209.309591,,1996
1911,COM00276.00,2004,O.oxi,Oth.cuca,58200,9000,,
1912,COM00276.00,2005,Con.Cu,Me.Cu,366400,296920.583468,,2000
1913,COM00276.00,2005,O.oxi,Oth.cuca,60700,9000,,
1914,COM00276.00,2006,Con.Cu,Me.Cu,380200,289698.262725,,2004
1915,COM00276.00,2006,O.oxi,Oth.cuca,59800,10000,,
1916,COM00276.00,2007,Con.Cu,Me.Cu,393900,292644.8737,,2008
1917,COM00276.00,2007,O.oxi,Oth.cuca,58100,8000,,
1918,COM00276.00,2008,Con.Cu,Me.Cu,415000,263659.466328,,2012
1919,COM00276.00,2008,O.oxi,Oth.cuca,49400,6000,,
1920,COM00276.00,2009,Con.Cu,Me.Cu,492700,268077.697372,,2016
1921,COM00276.00,2009,O.oxi,Oth.cuca,43100,6000,,
1922,COM00276.00,2010,Con.Cu,Me.Cu,465200,259989.9402,,2020
1923,COM00276.00,2010,O.oxi,Oth.cuca,38800,5000,,
1924,COM00276.00,2011,Con.Cu,Me.Cu,417300,271715.067066,,2024
1925,COM00276.00,2011,O.oxi,Oth.cuca,36000,7200,,
1926,COM00276.00,2012,Con.Cu,Me.Cu,245300,262409.071459,,2030
1927,COM00276.00,2012,O.oxi,Oth.cuca,36800,8800,,
1928,COM00276.00,2013,O.oxi,Oth.cuca,28400,8100,,
1929,COM00276.00,2013,O.sul,Me.Cu,416100,10700,0,2038
1930,COM00276.00,2014,O.oxi,Oth.cuca,25000,7200,,
1931,COM00276.00,2014,O.sul,Me.Cu,445400,10800,0,2041
1932,COM00276.00,2015,O.oxi,Oth.cuca,22200,6300,,
1933,COM00276.00,2015,O.sul,Me.Cu,433100,11500,0,2044
1934,COM00276.00,2016,O.oxi,Oth.cuca,4800,,,
1935,COM00276.00,2016,O.sul,Me.Cu,501800,12200,0,2046
1936,COM00276.00,2017,O.oxi,Oth.cuca,100,,,
1937,COM00276.00,2017,O.sul,Me.Cu,523900,12500,0,2048
1938,COM00276.00,2018,O.sul,Me.Cu,559100,12900,0,2050
1939,COM00276.00,2019,O.sul,Me.Cu,629100,12400,,
1940,COM00276.00,2020,O.sul,Me.Cu,565400,11900,,
1941,COM00277.00,2006,O.Sn,Me.Sn,282,9200,0.68,2052
1942,COM00277.00,2007,O.Sn,Me.Sn,1917,10100,0.76,2054
1943,COM00277.00,2008,O.Sn,Me.Sn,1632,8700,0.8,2056
1944,COM00282.00,2005,O.bulk,Me.Au,0.672,1.534954,,2058
1945,COM00282.00,2006,O.bulk,Me.Au,0.675,1.508221,,2060
1946,COM00282.00,2007,O.bulk,Me.Au,0.548,1.303579,,2062
1947,COM00282.00,2007,O.bulk,Me.Sb,4624.191,11000,0,2062
1948,COM00282.00,2008,O.bulk,Me.Au,0.533,1.501087,,2064
1949,COM00282.00,2008,O.bulk,Me.Sb,4260.912,12000,0,2064
1950,COM00282.00,2009,O.bulk,Me.Au,0.423,1.224848,,2066
1951,COM00282.00,2009,O.bulk,Me.Sb,3453.49,10000,0,2066
1952,COM00283.00,2015,Con.bulk,Me.Ag,56.307,141.054716,,2067
1953,COM00283.00,2015,Con.bulk,Me.Au,0.533,1.335567,,2067
1954,COM00283.00,2015,Con.bulk,Me.Cu,105897,265300,0,2067
1955,COM00283.00,2016,Con.bulk,Me.Ag,78.117,148.147142,,2070
1956,COM00283.00,2016,Con.bulk,Me.Au,0.744,1.410234,,2070
1957,COM00283.00,2016,Con.bulk,Me.Cu,133432,253100,0,2070
1958,COM00283.00,2017,Con.bulk,Me.Ag,67.184,140.008974,,2073
1959,COM00283.00,2017,Con.bulk,Me.Au,0.497,1.036735,,2073
1960,COM00283.00,2017,Con.bulk,Me.Cu,121781,253800,0,2073
1961,COM00283.00,2018,Con.bulk,Me.Ag,77.255,150.599258,,2076
1962,COM00283.00,2018,Con.bulk,Me.Au,0.685,1.334445,,2076
1963,COM00283.00,2018,Con.bulk,Me.Cu,122178,238200,0,2076
1964,COM00283.00,2018,Con.bulk,Me.Mo,904,1762.238198,,2076
1965,COM00283.00,2019,Con.bulk,Me.Ag,70.885,145.323968,,2079
1966,COM00283.00,2019,Con.bulk,Me.Au,0.558,1.144307,,2079
1967,COM00283.00,2019,Con.bulk,Me.Cu,113825,233400,0,2079
1968,COM00283.00,2019,Con.bulk,Me.Mo,1272,2607.775764,,2079
1969,COM00285.00,2014,O.Au,Me.Au,4.305,1.172386,,2083
1970,COM00285.00,2015,O.Au,Me.Au,6.252,1.079234,,2085
1971,COM00285.00,2016,O.Au,Me.Au,5.653,1.086906,,2087
1972,COM00285.00,2017,O.Au,Me.Au,3.11,0.835666,,2089
1973,COM00285.00,2018,O.Au,Me.Au,1.276,0.311762,,2091
1974,COM00286.00,2007,O.bulk,Me.Na_nec,56700,,,
1975,COM00286.00,2007,O.bulk,Nm.PO,1037800,,,
1976,COM00286.00,2008,O.bulk,Me.Na_nec,10200,,,
1977,COM00286.00,2008,O.bulk,Nm.PO,982100,,,
1978,COM00288.00,2001,O.bulk,Me.Cu,17602.2,19800,0,2093
1979,COM00288.00,2001,O.bulk,Me.Ni,13779.5,15500,0,2093
1980,COM00288.00,2002,O.bulk,Me.Cu,12719.4,12900,0,2095
1981,COM00288.00,2002,O.bulk,Me.Ni,11634.8,11800,0,2095
1982,COM00288.00,2003,O.bulk,Me.Cu,8131.6,11600,0,2097
1983,COM00288.00,2003,O.bulk,Me.Ni,8482.1,12100,0,2097
1984,COM00288.00,2004,O.bulk,Me.Cu,11609.5,10700,0,2099
1985,COM00288.00,2004,O.bulk,Me.Ni,11284,10400,0,2099
1986,COM00288.00,2005,O.bulk,Me.Cu,16645.2,13200,0,2101
1987,COM00288.00,2005,O.bulk,Me.Ni,13744.9,10900,0,2101
1988,COM00288.00,2006,O.bulk,Me.Cu,15957.9,11900,0,2103
1989,COM00288.00,2006,O.bulk,Me.Ni,12873.6,9600,0,2103
1990,COM00288.00,2007,O.bulk,Me.Cu,9917.6,9200,0,2105
1991,COM00288.00,2007,O.bulk,Me.Ni,9055.2,8400,0,2105
1992,COM00288.00,2008,O.bulk,Me.Cu,11766.5,10100,0,2107
1993,COM00288.00,2008,O.bulk,Me.Ni,11766.5,10100,0,2107
1994,COM00288.00,2009,O.bulk,Me.Cu,5030.4,9600,0,2109
1995,COM00288.00,2009,O.bulk,Me.Ni,5554.4,10600,0,2109
1996,COM00288.00,2010,O.bulk,Me.Cu,3683.8,11300,0,2111
1997,COM00288.00,2010,O.bulk,Me.Ni,3683.8,11300,0,2111
1998,COM00288.00,2011,O.bulk,Me.Cu,10258,11500,0,2113
1999,COM00288.00,2011,O.bulk,Me.Ni,9187.6,10300,0,2113
2000,COM00288.00,2012,O.bulk,Me.Cu,8632.8,10900,0,2115
2001,COM00288.00,2012,O.bulk,Me.Ni,7286.4,9200,0,2115
2002,COM00288.00,2013,O.bulk,Me.Cu,12051.6,13200,0,2117
2003,COM00288.00,2013,O.bulk,Me.Ni,11686.4,12800,0,2117
2004,COM00288.00,2014,O.bulk,Me.Cu,15268.5,14500,0,2119
2005,COM00288.00,2014,O.bulk,Me.Ni,14110.2,13400,0,2119
2006,COM00288.00,2015,O.bulk,Me.Cu,16159.6,14200,0,2121
2007,COM00288.00,2015,O.bulk,Me.Ni,15704.4,13800,0,2121
2008,COM00288.00,2016,O.bulk,Me.Cu,14097.6,14400,0,2123
2009,COM00288.00,2016,O.bulk,Me.Ni,12335.4,12600,0,2123
2010,COM00288.00,2017,O.bulk,Me.Cu,11396,14000,0,2125
2011,COM00288.00,2017,O.bulk,Me.Ni,10582,13000,0,2125
2012,COM00288.00,2018,O.bulk,Me.Cu,9698,13000,0,2127
2013,COM00288.00,2018,O.bulk,Me.Ni,9623.4,12900,0,2127
2014,COM00288.00,2019,O.bulk,Me.Cu,11076.8,17200,0,2129
2015,COM00288.00,2019,O.bulk,Me.Ni,8887.2,13800,0,2129
2016,COM00289.00,2001,O.bulk,Me.Cu,18701.6,19400,0,2131
2017,COM00289.00,2001,O.bulk,Me.Ni,17544.8,18200,0,2131
2018,COM00289.00,2002,O.bulk,Me.Cu,23494.5,22700,0,2133
2019,COM00289.00,2002,O.bulk,Me.Ni,19561.5,18900,0,2133
2020,COM00289.00,2003,O.bulk,Me.Cu,19225,25000,0,2135
2021,COM00289.00,2003,O.bulk,Me.Ni,13842,18000,0,2135
2022,COM00289.00,2004,O.bulk,Me.Cu,20531,24500,0,2137
2023,COM00289.00,2004,O.bulk,Me.Ni,16089.6,19200,0,2137
2024,COM00289.00,2005,O.bulk,Me.Cu,16376,18400,0,2139
2025,COM00289.00,2005,O.bulk,Me.Ni,12104,13600,0,2139
2026,COM00289.00,2006,O.bulk,Me.Cu,17052.6,19400,0,2141
2027,COM00289.00,2006,O.bulk,Me.Ni,14327.7,16300,0,2141
2028,COM00289.00,2007,O.bulk,Me.Cu,15099.3,17100,0,2143
2029,COM00289.00,2007,O.bulk,Me.Ni,12891.8,14600,0,2143
2030,COM00289.00,2008,O.bulk,Me.Cu,12875.7,16700,0,2145
2031,COM00289.00,2008,O.bulk,Me.Ni,11410.8,14800,0,2145
2032,COM00289.00,2009,O.bulk,Me.Cu,1131,14500,0,2147
2033,COM00289.00,2009,O.bulk,Me.Ni,1092,14000,0,2147
2034,COM00294.00,2009,,Me.Au,16.11,,,
2035,COM00294.00,2010,,Me.Au,35.458,,,
2036,COM00294.00,2011,,Me.Au,43.545,,,
2037,COM00294.00,2012,,Me.Au,42.612,,,
2038,COM00294.00,2013,,Me.Au,41.585,,,
2039,COM00294.00,2014,O.Au,Me.Au,28.055,1.34,0.690453,2149
2040,COM00294.00,2015,O.Au,Me.Au,31.072,1.73,0.416815,2151
2041,COM00294.00,2016,O.Au,Me.Au,32.939,1.73,0.440687,2153
2042,COM00296.00,2008,O.Ni,Me.Ni,7300,32300.884956,,2193
2043,COM00296.00,2009,O.Ni,Me.Ni,11000,28720.626632,,2195
2044,COM00296.00,2010,O.Ni,Me.Ni,14000,36553.524804,,2197
2045,COM00296.00,2011,O.Ni,Me.Ni,11000,25171.624714,,2199
2046,COM00297.00,2015,,Me.Au,4.852,,,
2047,COM00299.00,2007,O.bulk,Me.Ag,23.942,71,0.73,2201
2048,COM00299.00,2007,O.bulk,Me.Cu,6316.472,15900,0.86,2201
2049,COM00299.00,2007,O.bulk,Me.Pb,1457.861,6000,0.526,2201
2050,COM00299.00,2007,O.bulk,Me.Zn,3048.896,14700,0.449,2201
2051,COM00299.00,2008,O.bulk,Me.Ag,40.403,65.3,0.742,2206
2052,COM00299.00,2008,O.bulk,Me.Cu,11962.138,16300,0.883,2206
2053,COM00299.00,2008,O.bulk,Me.Pb,2922.042,5500,0.637,2206
2054,COM00299.00,2008,O.bulk,Me.Zn,4404.382,13100,0.403,2206
2055,COM00299.00,2009,O.bulk,Me.Ag,47.297,66,0.731,2211
2056,COM00299.00,2009,O.bulk,Me.Cu,16384.21,18400,0.912,2211
2057,COM00299.00,2009,O.bulk,Me.Pb,4596.705,6900,0.684,2211
2058,COM00299.00,2009,O.bulk,Me.Zn,7019.796,11700,0.617,2211
2059,COM00299.00,2010,O.bulk,Me.Ag,43.639,62,0.717,2216
2060,COM00299.00,2010,O.bulk,Me.Cu,16126.116,18000,0.912,2216
2061,COM00299.00,2010,O.bulk,Me.Pb,4146.741,6300,0.676,2216
2062,COM00299.00,2010,O.bulk,Me.Zn,7868.92,12700,0.63,2216
2063,COM00299.00,2011,O.bulk,Me.Ag,48.714,61.2,0.725,2221
2064,COM00299.00,2011,O.bulk,Me.Cu,18693.449,18400,0.928,2221
2065,COM00299.00,2011,O.bulk,Me.Pb,1796.226,2500,0.642,2221
2066,COM00299.00,2011,O.bulk,Me.Zn,8180.538,10900,0.682,2221
2067,COM00299.00,2012,O.bulk,Me.Ag,49.019,58.9,0.71,2226
2068,COM00299.00,2012,O.bulk,Me.Cu,21277.564,19500,0.93,2226
2069,COM00299.00,2012,O.bulk,Me.Pb,1311.336,2000,0.558,2226
2070,COM00299.00,2012,O.bulk,Me.Zn,7811.314,10300,0.649,2226
2071,COM00299.00,2013,O.bulk,Me.Ag,52.316,61,0.711,2231
2072,COM00299.00,2013,O.bulk,Me.Cu,20645.257,18600,0.921,2231
2073,COM00299.00,2013,O.bulk,Me.Pb,1237.4,1900,0.545,2231
2074,COM00299.00,2013,O.bulk,Me.Zn,8085.284,11200,0.601,2231
2075,COM00299.00,2014,O.bulk,Me.Ag,50.232,57.8,0.708,2236
2076,COM00299.00,2014,O.bulk,Me.Cu,19813,17400,0.927,2236
2077,COM00299.00,2014,O.bulk,Me.Pb,1148,1800,0.525,2236
2078,COM00299.00,2014,O.bulk,Me.Zn,6509,8500,0.62,2236
2079,COM00299.00,2015,O.bulk,Me.Ag,40.03,53,0.696,2241
2080,COM00299.00,2015,O.bulk,Me.Cu,15650,15600,0.93,2241
2081,COM00299.00,2015,O.bulk,Me.Pb,684,1400,0.442,2241
2082,COM00299.00,2015,O.bulk,Me.Zn,5860,8400,0.646,2241
2083,COM00299.00,2016,O.bulk,Me.Ag,31.135,43,0.724,2246
2084,COM00299.00,2016,O.bulk,Me.Cu,14307,15100,0.948,2246
2085,COM00299.00,2016,O.bulk,Me.Pb,130,700,0.187,2246
2086,COM00299.00,2016,O.bulk,Me.Zn,4193,6600,0.63,2246
2087,COM00299.00,2017,O.bulk,Me.Ag,31.103,43.4,0.787,2251
2088,COM00299.00,2017,O.bulk,Me.Cu,16732,19100,0.961,2251
2089,COM00299.00,2017,O.bulk,Me.Pb,50,700,0.08,2251
2090,COM00299.00,2017,O.bulk,Me.Zn,4232,7100,0.655,2251
2091,COM00299.00,2018,O.bulk,Me.Ag,36.204,47.5,0.772,2255
2092,COM00299.00,2018,O.bulk,Me.Cu,16399.632,17500,0.95,2255
2093,COM00299.00,2018,O.bulk,Me.Zn,6758.526,10400,0.656,2255
2094,COM00299.00,2019,O.bulk,Me.Ag,42.487,46.7,0.777,2259
2095,COM00299.00,2019,O.bulk,Me.Cu,16257.658,15000,0.944,2259
2096,COM00299.00,2019,O.bulk,Me.Zn,8374.676,10700,0.682,2259
2097,COM00300.00,2005,O.Au,Me.Au,1.161,9.68,0.897,2261
2098,COM00300.00,2006,O.Au,Me.Au,3.452,11.57,0.943,2263
2099,COM00300.00,2007,O.Au,Me.Au,3.629,0.39,0.939,2265
2100,COM00300.00,2008,O.Au,Me.Au,3.34,,,
2101,COM00300.00,2009,O.Au,Me.Au,3.085,,,
2102,COM00300.00,2010,O.Au,Me.Au,3.196,,,
2103,COM00300.00,2011,O.Au,Me.Au,3.164,,,
2104,COM00301.00,2001,O.bulk,Me.Cu,15794.5,15500,0,2267
2105,COM00301.00,2001,O.bulk,Me.Ni,21195.2,20800,0,2267
2106,COM00301.00,2002,O.bulk,Me.Cu,13953.6,15300,0,2269
2107,COM00301.00,2002,O.bulk,Me.Ni,19516.8,21400,0,2269
2108,COM00301.00,2003,O.bulk,Me.Cu,10908.9,15300,0,2271
2109,COM00301.00,2003,O.bulk,Me.Ni,14973,21000,0,2271
2110,COM00301.00,2004,O.bulk,Me.Cu,14326.4,14800,0,2273
2111,COM00301.00,2004,O.bulk,Me.Ni,19940.8,20600,0,2273
2112,COM00301.00,2005,O.bulk,Me.Cu,16005.6,16200,0,2275
2113,COM00301.00,2005,O.bulk,Me.Ni,20649.2,20900,0,2275
2114,COM00301.00,2006,O.bulk,Me.Cu,15453.5,15500,0,2277
2115,COM00301.00,2006,O.bulk,Me.Ni,20837.3,20900,0,2277
2116,COM00301.00,2007,O.bulk,Me.Cu,15600.6,16200,0,2279
2117,COM00301.00,2007,O.bulk,Me.Ni,20030.4,20800,0,2279
2118,COM00301.00,2008,O.bulk,Me.Cu,15615.6,15600,0,2281
2119,COM00301.00,2008,O.bulk,Me.Ni,21421.4,21400,0,2281
2120,COM00301.00,2009,O.bulk,Me.Cu,6201.5,15700,0,2283
2121,COM00301.00,2009,O.bulk,Me.Ni,7189,18200,0,2283
2122,COM00301.00,2010,O.bulk,Me.Cu,11289,26500,0,2285
2123,COM00301.00,2010,O.bulk,Me.Ni,13206,31000,0,2285
2124,COM00301.00,2011,O.bulk,Me.Cu,17045.2,17200,0,2287
2125,COM00301.00,2011,O.bulk,Me.Ni,22000.2,22200,0,2287
2126,COM00301.00,2012,O.bulk,Me.Cu,14346,18000,0,2289
2127,COM00301.00,2012,O.bulk,Me.Ni,14664.8,18400,0,2289
2128,COM00301.00,2013,O.bulk,Me.Cu,18391.5,20100,0,2291
2129,COM00301.00,2013,O.bulk,Me.Ni,20038.5,21900,0,2291
2130,COM00301.00,2014,O.bulk,Me.Cu,16344.3,18100,0,2293
2131,COM00301.00,2014,O.bulk,Me.Ni,22304.1,24700,0,2293
2132,COM00301.00,2015,O.bulk,Me.Cu,15480,20000,0,2295
2133,COM00301.00,2015,O.bulk,Me.Ni,18034.2,23300,0,2295
2134,COM00301.00,2016,O.bulk,Me.Cu,18054.4,21700,0,2297
2135,COM00301.00,2016,O.bulk,Me.Ni,22963.2,27600,0,2297
2136,COM00301.00,2017,O.bulk,Me.Cu,17314.5,29100,0,2299
2137,COM00301.00,2017,O.bulk,Me.Ni,18861.5,31700,0,2299
2138,COM00301.00,2018,O.bulk,Me.Cu,16841.6,27700,0,2301
2139,COM00301.00,2018,O.bulk,Me.Ni,15504,25500,0,2301
2140,COM00301.00,2019,O.bulk,Me.Cu,16367.1,26700,0,2303
2141,COM00301.00,2019,O.bulk,Me.Ni,16428.4,26800,0,2303
2142,COM00302.00,2001,O.Au,Me.Au,6.067,0.536885,,2305
2143,COM00302.00,2002,O.Au,Me.Au,6.379,0.514407,,2307
2144,COM00302.00,2003,O.Au,Me.Au,8.023,0.469176,,2309
2145,COM00302.00,2004,O.Au,Me.Au,9.327,0.512472,,2311
2146,COM00302.00,2005,O.Au,Me.Au,9.355,0.487257,,2313
2147,COM00302.00,2006,O.Au,Me.Au,8.023,0.368024,,2315
2148,COM00302.00,2007,O.Au,Me.Au,7.995,0.382515,,2317
2149,COM00302.00,2008,O.Au,Me.Au,7.314,0.330958,,2319
2150,COM00302.00,2009,O.Au,Me.Au,6.18,0.330492,,2321
2151,COM00302.00,2010,O.Au,Me.Au,6.605,0.320652,,2323
2152,COM00302.00,2011,O.Au,Me.Au,7.569,0.372873,,2325
2153,COM00302.00,2012,O.Au,Me.Au,7.002,0.33504,,2327
2154,COM00302.00,2013,O.Au,Me.Au,6.549,0.314843,,2329
2155,COM00302.00,2014,O.Au,Me.Au,6.265,0.324624,,2331
2156,COM00302.00,2015,O.Au,Me.Au,5.613,,,
2157,COM00302.00,2016,O.Au,Me.Au,11.226,0.566274,,2333
2158,COM00302.00,2017,O.Au,Me.Au,12.786,0.652508,,2335
2159,COM00302.00,2018,O.Au,Me.Au,10.206,0.578129,,2337
2160,COM00302.00,2019,O.Au,Me.Au,9.129,0.43277,,2339
2161,COM00304.00,2010,Con.Cu,Me.Cu,50224.719,,,
2162,COM00304.00,2011,Con.Cu,Me.Cu,44700,,,
2163,COM00304.00,2012,Con.Cu,Me.Ag,10.206,,,
2164,COM00304.00,2012,Con.Cu,Me.Cu,34500,,,
2165,COM00304.00,2013,Con.Cu,Me.Ag,12.134,,,
2166,COM00304.00,2013,Con.Cu,Me.Cu,45600,,,
2167,COM00304.00,2014,Con.Cu,Me.Ag,12.616,,,
2168,COM00304.00,2014,Con.Cu,Me.Cu,49600,,,
2169,COM00304.00,2015,Con.Cu,Me.Ag,14.061,,,
2170,COM00304.00,2015,Con.Cu,Me.Cu,50800,,,
2171,COM00304.00,2016,Con.Cu,Me.Ag,15.394,,,
2172,COM00304.00,2016,Con.Cu,Me.Cu,53900,,,
2173,COM00304.00,2017,Con.Cu,Me.Ag,15.989,,,
2174,COM00304.00,2017,Con.Cu,Me.Cu,53400,,,
2175,COM00304.00,2018,Con.Cu,Me.Ag,14.033,,,
2176,COM00304.00,2018,Con.Cu,Me.Cu,48000,,,
2177,COM00304.00,2019,Con.Cu,Me.Ag,13.069,,,
2178,COM00304.00,2019,Con.Cu,Me.Cu,43500,,,
2179,COM00305.00,2000,O.bulk,Me.Cu,178942.19,5871.769974,,2365
2180,COM00305.00,2000,O.bulk,Me.Mo,3464.992,113.699495,,2365
2181,COM00305.00,2001,O.bulk,Me.Cu,165107.623,5463.340812,,2367
2182,COM00305.00,2001,O.bulk,Me.Mo,4253.336,140.741063,,2367
2183,COM00305.00,2002,O.bulk,Me.Cu,168207.473,5652.892625,,2370
2184,COM00305.00,2002,O.bulk,Me.Mo,4104.104,137.925251,,2370
2185,COM00305.00,2003,O.bulk,Me.Cu,184527.726,6192.621196,,2373
2186,COM00305.00,2003,O.bulk,Me.Mo,4867.046,163.334658,,2373
2187,COM00305.00,2004,O.bulk,Me.Cu,194388.371,6630.115998,,2376
2188,COM00305.00,2004,O.bulk,Me.Mo,4657.033,158.840099,,2376
2189,COM00305.00,2005,Con.Cu,Me.Cu,163700,264300,0,2377
2190,COM00305.00,2005,Con.Mo,Me.Mo,5300,555800,0,2378
2191,COM00305.00,2005,,Me.Ag,64.098,,,
2192,COM00305.00,2006,Con.Cu,Me.Cu,174400,261600,0,2382
2193,COM00305.00,2006,Con.Mo,Me.Mo,3500,551800,0,2383
2194,COM00305.00,2006,,Me.Ag,60.696,,,
2195,COM00305.00,2007,Con.Cu,Me.Cu,182100,257700,0,2387
2196,COM00305.00,2007,Con.Mo,Me.Mo,3800,545700,0,2388
2197,COM00305.00,2007,,Me.Ag,62.908,,,
2198,COM00305.00,2008,Con.Cu,Me.Cu,196100,258300,0,2392
2199,COM00305.00,2008,Con.Mo,Me.Mo,4400,548900,0,2393
2200,COM00305.00,2008,,Me.Ag,70.364,,,
2201,COM00305.00,2009,Con.Cu,Me.Cu,188950,262800,0,2397
2202,COM00305.00,2009,Con.Mo,Me.Mo,5300,550600,0,2398
2203,COM00305.00,2009,,Me.Ag,73.255,,,
2204,COM00305.00,2010,Con.Cu,Me.Cu,165000,265800,0,2402
2205,COM00305.00,2010,Con.Mo,Me.Mo,5300,540900,0,2403
2206,COM00305.00,2010,,Me.Ag,69.485,,,
2207,COM00305.00,2011,Con.Cu,Me.Cu,140100,258400,0,2407
2208,COM00305.00,2011,Con.Mo,Me.Mo,2800,537100,0,2408
2209,COM00305.00,2011,,Me.Ag,54.374,,,
2210,COM00305.00,2012,Con.Cu,Me.Cu,158800,255800,0,2412
2211,COM00305.00,2012,Con.Mo,Me.Mo,2900,534200,0,2413
2212,COM00305.00,2012,,Me.Ag,60.016,,,
2213,COM00305.00,2013,Con.Cu,Me.Cu,168600,255500,0,2417
2214,COM00305.00,2013,Con.Mo,Me.Mo,3100,536600,0,2418
2215,COM00305.00,2013,,Me.Ag,62.085,,,
2216,COM00305.00,2014,Con.Cu,Me.Cu,178300,254000,0,2422
2217,COM00305.00,2014,Con.Mo,Me.Mo,4000,540000,0,2423
2218,COM00305.00,2014,,Me.Ag,73.369,,,
2219,COM00305.00,2015,Con.Cu,Me.Cu,178200,256500,0,2427
2220,COM00305.00,2015,Con.Mo,Me.Mo,4400,539900,0,2428
2221,COM00305.00,2015,,Me.Ag,64.325,,,
2222,COM00305.00,2016,Con.Cu,Me.Cu,171400,261100,0,2432
2223,COM00305.00,2016,Con.Mo,Me.Mo,3900,550100,0,2433
2224,COM00305.00,2016,,Me.Ag,61.745,,,
2225,COM00305.00,2017,Con.Cu,Me.Cu,158100,260300,0,2437
2226,COM00305.00,2017,Con.Mo,Me.Mo,3700,541600,0,2438
2227,COM00305.00,2017,,Me.Ag,67.755,,,
2228,COM00305.00,2018,Con.Cu,Me.Cu,160600,243100,0,2442
2229,COM00305.00,2018,Con.Mo,Me.Mo,3100,533000,0,2443
2230,COM00305.00,2018,,Me.Ag,64.637,,,
2231,COM00305.00,2019,Con.Cu,Me.Cu,156400,250000,0,2447
2232,COM00305.00,2019,Con.Mo,Me.Mo,3300,540300,0,2448
2233,COM00305.00,2019,,Me.Ag,62.567,,,
2234,COM00310.00,2008,O.bulk,Me.Ag,2.145,289,0.6204,2453
2235,COM00310.00,2008,O.bulk,Me.Pb,156.347,30100,0.5728,2453
2236,COM00310.00,2008,O.bulk,Me.Zn,28.824,17500,0.3577,2453
2237,COM00310.00,2009,O.bulk,Me.Ag,1.129,283,0.6426,2455
2238,COM00310.00,2009,O.bulk,Me.Pb,30.234,9000,0.5401,2455
2239,COM00310.00,2009,O.bulk,Me.Zn,46.114,17200,0.4293,2455
2240,COM00310.00,2010,O.bulk,Me.Ag,4.734,278,1.9e-5,2457
2241,COM00310.00,2010,O.bulk,Me.Pb,112.491,8500,0.4924,2457
2242,COM00310.00,2011,O.bulk,Me.Ag,4.536,185,3.8e-5,2459
2243,COM00310.00,2011,O.bulk,Me.Pb,184.159,9000,0.6262,2459
2244,COM00310.00,2012,O.bulk,Me.Ag,8.88,157.04,6e-5,2461
2245,COM00310.00,2012,O.bulk,Me.Pb,235.868,5000,0.565,2461
2246,COM00310.00,2013,O.bulk,Me.Ag,13.158,166.65,4.9e-5,2463
2247,COM00310.00,2013,O.bulk,Me.Pb,409.14,5500,0.6923,2463
2248,COM00310.00,2014,O.bulk,Me.Ag,19.598,166.69,0.757,2465
2249,COM00310.00,2014,O.bulk,Me.Au,0.04,0.42,0.6189,2465
2250,COM00310.00,2014,O.bulk,Me.Pb,961.616,7800,0.7906,2465
2251,COM00310.00,2015,O.bulk,Me.Ag,27.166,175.88,0.7646,2467
2252,COM00310.00,2015,O.bulk,Me.Au,0.026,0.22,0.5722,2467
2253,COM00310.00,2015,O.bulk,Me.Pb,1246.018,7800,0.7908,2467
2254,COM00310.00,2016,O.bulk,Me.Ag,23.017,171.78,0.7166,2469
2255,COM00310.00,2016,O.bulk,Me.Au,0.03,0.26,0.6182,2469
2256,COM00310.00,2016,O.bulk,Me.Pb,1864.265,12100,0.8224,2469
2257,COM00310.00,2016,O.bulk,Me.Zn,818.281,11600,0.3772,2469
2258,COM00310.00,2017,O.bulk,Me.Ag,10.482,164.93,0.7217,2471
2259,COM00310.00,2017,O.bulk,Me.Au,0.013,0.26,0.584,2471
2260,COM00310.00,2017,O.bulk,Me.Pb,802.405,11200,0.8126,2471
2261,COM00310.00,2017,O.bulk,Me.Zn,425.016,11300,0.4256,2471
2262,COM00310.00,2018,O.bulk,Me.Ag,21.772,140.17,0.831,2473
2263,COM00310.00,2018,O.bulk,Me.Au,0.012,0.16,0.3914,2473
2264,COM00310.00,2018,O.bulk,Me.Pb,541.589,3600,0.7992,2473
2265,COM00310.00,2018,O.bulk,Me.Zn,32.205,4000,0.0426,2473
2266,COM00310.00,2019,O.bulk,Me.Ag,29.113,129.05,0.791,2475
2267,COM00310.00,2019,O.bulk,Me.Au,0.015,0.15,0.3614,2475
2268,COM00310.00,2019,O.bulk,Me.Pb,410.955,1900,0.754,2475
2269,COM00310.00,2019,O.bulk,Me.Zn,0,0,,2475
2270,COM00315.00,2000,O.Au,Me.Au,3.95,,,
2271,COM00315.00,2001,O.Au,Me.Au,3.888,,,
2272,COM00315.00,2002,O.Au,Me.Au,4.51,5.598626,0.972,2493
2273,COM00315.00,2003,O.Au,Me.Au,4.821,5.598626,0.969,2495
2274,COM00315.00,2004,O.Au,Me.Au,4.354,5.287591,0.958,2497
2275,COM00315.00,2005,O.Au,Me.Au,4.199,4.976556,0.96,2499
2276,COM00315.00,2018,O.Au,Me.Au,1.501,3.5,0.935,2501
2277,COM00315.00,2019,O.Au,Me.Au,2.202,4.43,0.05094,2503
2278,COM00315.00,2020,O.Au,Me.Au,1.988,3.46,0.083594,2505
2279,COM00321.00,2012,Con.MnCO3,Me.Mn,143829,189000,0,2506
2280,COM00321.00,2012,Con.MnO,Me.Mn,16115,293000,0,2507
2281,COM00321.00,2013,Con.MnCO3,Me.Mn,160395,185000,0,2510
2282,COM00321.00,2013,Con.MnO,Me.Mn,24570,273000,0,2511
2283,COM00321.00,2014,Con.MnCO3,Me.Mn,170568,184000,0,2514
2284,COM00321.00,2014,Con.MnO,Me.Mn,31312,304000,0,2515
2285,COM00321.00,2015,Con.MnCO3,Me.Mn,167220,180000,0,2518
2286,COM00321.00,2015,Con.MnO,Me.Mn,22698,291000,0,2519
2287,COM00321.00,2016,Con.MnCO3,Me.Mn,185370,185000,0,2522
2288,COM00321.00,2016,Con.MnO,Me.Mn,36125,289000,0,2523
2289,COM00321.00,2017,Con.MnCO3,Me.Mn,166026,177000,0,2526
2290,COM00321.00,2017,Con.MnO,Me.Mn,37073,283000,0,2527
2291,COM00321.00,2018,Con.MnCO3,Me.Mn,205824,201000,0,2530
2292,COM00321.00,2018,Con.MnO,Me.Mn,6526,251000,0,2531
2293,COM00321.00,2019,Con.MnCO3,Me.Mn,195288,206000,0,2534
2294,COM00325.00,2007,O.Cu,Me.Cu,5000,,,
2295,COM00325.00,2008,O.Cu,Me.Cu,15047,,,
2296,COM00325.00,2009,O.Cu,Me.Cu,24529.41,,,
2297,COM00325.00,2010,O.Cu,Me.Cu,27587.05,,,
2298,COM00325.00,2011,O.Cu,Me.Cu,28143.39,,,
2299,COM00325.00,2012,O.Cu,Me.Cu,28280.8,,,
2300,COM00325.00,2013,O.Cu,Me.Cu,23858,,,
2301,COM00325.00,2014,O.Cu,Me.Cu,26114,,,
2302,COM00325.00,2015,O.Cu,Me.Cu,18946,,,
2303,COM00325.00,2016,O.Cu,Me.Cu,14900,,,
2304,COM00325.00,2017,O.Cu,Me.Cu,9767,,,
2305,COM00326.00,2019,O.bulk,Me.Au,2.709,5,0.8969,2538
2306,COM00326.00,2019,O.bulk,Me.Cu,2767,5000,0.9105,2538
2307,COM00326.00,2020,O.bulk,Me.Au,3.246,5.5,0.8933,2540
2308,COM00326.00,2020,O.bulk,Me.Cu,2356,4000,0.9266,2540
2309,COM00327.00,2012,O.Cu,Me.Au,0.082,4.8,0.043403,2544
2310,COM00327.00,2012,O.Cu,Me.Cu,4760,280000,0,2544
2311,COM00327.00,2012,O.oxi,Me.Au,2.628,1.275,0.615148,2545
2312,COM00327.00,2012,O.oxi,Me.Cu,26793,13000,0,2545
2313,COM00327.00,2012,O.sul,Me.Au,0.031,1.1,0.826446,2546
2314,COM00327.00,2012,O.sul,Me.Cu,1372,49000,0,2546
2315,COM00327.00,2013,Con.bulk,Me.Au,0.509,3.9,0.072876,2547
2316,COM00327.00,2013,Con.bulk,Me.Cu,33887,234000,0,2547
2317,COM00327.00,2013,O.Cu,Me.Au,0.365,3.1,0.113924,2552
2318,COM00327.00,2013,O.Cu,Me.Cu,30130,234000,0,2552
2319,COM00327.00,2013,O.oxi,Me.Au,0.003,0.8,,
2320,COM00327.00,2014,Con.bulk,Me.Au,0.959,3.8,0.076396,2553
2321,COM00327.00,2014,Con.bulk,Me.Cu,67690,243000,0,2553
2322,COM00327.00,2015,Con.bulk,Me.Au,1.058,4.2,0.061986,2556
2323,COM00327.00,2015,Con.bulk,Me.Cu,67154,243000,0,2556
2324,COM00327.00,2016,Con.bulk,Me.Au,1.064,4.2,0.062223,2559
2325,COM00327.00,2016,Con.bulk,Me.Cu,68202,245000,0,2559
2326,COM00327.00,2017,Con.bulk,Me.Au,1.093,4.4,0.057197,2562
2327,COM00327.00,2017,Con.bulk,Me.Cu,67088,244000,0,2562
2328,COM00327.00,2018,Con.bulk,Me.Au,1.111,4.6,0.052438,2565
2329,COM00327.00,2018,Con.bulk,Me.Cu,64918,242000,0,2565
2330,COM00327.00,2019,Con.bulk,Me.Au,1.258,4.8,0.047582,2568
2331,COM00327.00,2019,Con.bulk,Me.Cu,69394,241000,0,2568
2332,COM00327.00,2020,Con.bulk,Me.Au,1.196,4.3,0.059033,2571
2333,COM00327.00,2020,Con.bulk,Me.Cu,72238,238000,0,2571
2334,COM00332.00,2003,,Nm.dia,0.767,,,
2335,COM00332.00,2004,,Nm.dia,1.515,,,
2336,COM00332.00,2005,,Nm.dia,1.654,,,
2337,COM00332.00,2006,,Nm.dia,1.966,,,
2338,COM00332.00,2007,,Nm.dia,2.389,,,
2339,COM00332.00,2008,,Nm.dia,1.845,,,
2340,COM00332.00,2009,,Nm.dia,1.113,,,
2341,COM00332.00,2010,,Nm.dia,1.3,,,
2342,COM00332.00,2011,,Nm.dia,1.335,,,
2343,COM00332.00,2012,,Nm.dia,1.446,,,
2344,COM00332.00,2013,,Nm.dia,1.449,,,
2345,COM00332.00,2014,,Nm.dia,1.447,,,
2346,COM00332.00,2015,,Nm.dia,1.281,,,
2347,COM00332.00,2016,,Nm.dia,1.332,,,
2348,COM00332.00,2017,,Nm.dia,1.497,,,
2349,COM00332.00,2018,,Nm.dia,1.453,,,
2350,COM00333.00,2013,O.Au,Me.Ag,7.916,3.070201,,2579
2351,COM00333.00,2013,O.Au,Me.Au,2.061,0.94,1.330704,2579
2352,COM00333.00,2013,O.Au,Me.Cu,23059,9800,0,2579
2353,COM00333.00,2014,O.Au,Me.Ag,9.078,2.917468,,2581
2354,COM00333.00,2014,O.Au,Me.Au,3.305,1.19,0.791245,2581
2355,COM00333.00,2014,O.Au,Me.Cu,25010,8600,0,2581
2356,COM00333.00,2015,O.Au,Me.Ag,8.531,2.38229,,2583
2357,COM00333.00,2015,O.Au,Me.Au,3.953,1.24,0.891,2583
2358,COM00333.00,2015,O.Au,Me.Cu,23100,6800,0.946,2583
2359,COM00333.00,2016,O.Au,Me.Ag,7.873,2.249516,,2585
2360,COM00333.00,2016,O.Au,Me.Au,4.578,1.5,0.899,2585
2361,COM00333.00,2016,O.Au,Me.Cu,21100,6100,0.938,2585
2362,COM00333.00,2017,O.Au,Me.Ag,7.023,2.006599,,2587
2363,COM00333.00,2017,O.Au,Me.Au,5.499,1.77,0.909,2587
2364,COM00333.00,2017,O.Au,Me.Cu,18400,5600,0.923,2587
2365,COM00333.00,2018,O.Au,Me.Ag,5.306,1.516072,,2589
2366,COM00333.00,2018,O.Au,Me.Au,3.577,1.18,0.896,2589
2367,COM00333.00,2018,O.Au,Me.Cu,15000,4600,0.911,2589
2368,COM00333.00,2019,O.Au,Me.Ag,2.69,1.012971,,2591
2369,COM00333.00,2019,O.Au,Me.Au,2.61,1.11,0.883,2591
2370,COM00333.00,2019,O.Au,Me.Cu,10300,3600,0.895,2591
2371,COM00338.00,2008,O.bulk,Me.Ag,1.624,23.5,0.02946,2600
2372,COM00338.00,2008,O.bulk,Me.Au,0.088,0.43,29.86749,2600
2373,COM00338.00,2009,O.bulk,Me.Ag,37.306,20.58,0.007223,2602
2374,COM00338.00,2009,O.bulk,Me.Au,2.187,0.7,3.623149,2602
2375,COM00338.00,2010,O.bulk,Me.Ag,34.488,40.91,0.003937,2604
2376,COM00338.00,2010,O.bulk,Me.Au,1.588,0.48,7.287203,2604
2377,COM00338.00,2011,O.bulk,Me.Ag,101.098,45.38,0.001317,2606
2378,COM00338.00,2011,O.bulk,Me.Au,2.1,0.53,5.428915,2606
2379,COM00338.00,2012,O.bulk,Me.Ag,100.107,17.271659,,2608
2380,COM00338.00,2012,O.bulk,Me.Au,1.641,0.283195,,2608
2381,COM00338.00,2013,O.bulk,Me.Ag,99.135,48,0.001125,2610
2382,COM00338.00,2013,O.bulk,Me.Au,1.846,0.46,6.302668,2610
2383,COM00338.00,2014,O.bulk,Me.Ag,112.691,40,0.001343,2612
2384,COM00338.00,2014,O.bulk,Me.Au,1.891,0.44,7.276069,2612
2385,COM00338.00,2015,O.bulk,Me.Ag,120.275,44,0.001154,2614
2386,COM00338.00,2015,O.bulk,Me.Au,2.24,0.57,4.78534,2614
2387,COM00338.00,2016,O.bulk,Me.Ag,108.615,37,0.001569,2616
2388,COM00338.00,2016,O.bulk,Me.Au,2.908,0.75,2.891227,2616
2389,COM00338.00,2017,O.bulk,Me.Ag,119.766,38,0.001451,2618
2390,COM00338.00,2017,O.bulk,Me.Au,2.915,0.66,3.432582,2618
2391,COM00338.00,2018,O.bulk,Me.Ag,115.492,31,0.001928,2620
2392,COM00338.00,2018,O.bulk,Me.Au,3.865,0.85,2.101401,2620
2393,COM00338.00,2019,O.bulk,Me.Ag,144.953,38,0.00123,2622
2394,COM00338.00,2019,O.bulk,Me.Au,3.328,0.6,3.393849,2622
2395,COM00344.00,2012,O.Au,Me.Au,13.728,2.899261,,2624
2396,COM00344.00,2013,O.Au,Me.Au,18.775,3.535782,,2626
2397,COM00344.00,2014,O.Au,Me.Au,17.735,3.306301,,2628
2398,COM00344.00,2015,O.Au,Me.Au,17.35,3.005891,,2630
2399,COM00344.00,2016,O.Au,Me.Au,16.13,2.70139,,2632
2400,COM00344.00,2017,O.Au,Me.Au,14.992,2.481277,,2634
2401,COM00344.00,2018,O.Au,Me.Au,9.58,3.048002,,2636
2402,COM00351.00,2008,O.bulk,Me.Cu,12800,,,
2403,COM00351.00,2008,O.bulk,Me.Zn,19000,,,
2404,COM00351.00,2009,O.bulk,Me.Cu,13900,,,
2405,COM00351.00,2009,O.bulk,Me.Zn,21000,,,
2406,COM00351.00,2010,O.bulk,Me.Cu,15000,28000,0.847,2638
2407,COM00351.00,2010,O.bulk,Me.Zn,20200,46000,0.689,2638
2408,COM00351.00,2011,O.bulk,Me.Cu,13200,26000,0.833,2640
2409,COM00351.00,2011,O.bulk,Me.Zn,21300,49000,0.721,2640
2410,COM00351.00,2013,O.bulk,Me.Cu,14000,23529.411765,,2642
2411,COM00351.00,2013,O.bulk,Me.Zn,12700,21344.537815,,2642
2412,COM00351.00,2014,O.bulk,Me.Cu,14200,21580.547112,,2644
2413,COM00351.00,2014,O.bulk,Me.Zn,16200,24620.06079,,2644
2414,COM00351.00,2015,O.bulk,Me.Cu,6100,19677.419355000002,,2646
2415,COM00351.00,2015,O.bulk,Me.Zn,7000,22580.645161,,2646
2416,COM00352.00,2017,,Me.Zn,4014,,,
2417,COM00352.00,2018,O.bulk,Me.Ag,25.453,,,2648
2418,COM00352.00,2018,O.bulk,Me.Pb,16693,9507.092588,,2648
2419,COM00352.00,2018,O.bulk,Me.Zn,147320,83902.526815,,2648
2420,COM00354.00,2011,O.Au,Me.Au,2.517,1.4,0.91,2650
2421,COM00354.00,2012,O.Au,Me.Au,3.278,1.39,0.93,2652
2422,COM00354.00,2013,O.Au,Me.Au,9.29,1.400046,0.904098,2654
2423,COM00354.00,2014,O.Au,Me.Au,7.538,1.135202,0.895964,2656
2424,COM00354.00,2015,O.Au,Me.Au,9.642,1.11,0.88,2658
2425,COM00354.00,2016,O.Au,Me.Au,9.487,1.03,0.9,2660
2426,COM00354.00,2017,O.Au,Me.Au,10.078,1.11,0.93,2662
2427,COM00354.00,2018,O.Au,Me.Au,11.228,1.19,0.94,2664
2428,COM00354.00,2019,O.Au,Me.Au,11.291,1.27,0.94,2666
2429,COM00354.00,2020,O.Au,Me.Au,10.948,1.25,0.94,2668
2430,COM00357.00,2012,O.Cu,Me.Cu,8274.35,,,
2431,COM00357.00,2012,O.Cu,Oth.cuca,2725.86,,,
2432,COM00357.00,2013,O.Cu,Me.Cu,23774,,,
2433,COM00357.00,2013,O.Cu,Oth.cuca,1479,,,
2434,COM00357.00,2014,O.Cu,Me.Cu,26114,,,
2435,COM00357.00,2014,O.Cu,Oth.cuca,707,,,
2436,COM00357.00,2015,O.Cu,Me.Cu,28021,,,
2437,COM00357.00,2015,O.Cu,Oth.cuca,957,,,
2438,COM00357.00,2016,O.Cu,Me.Cu,24416,,,
2439,COM00357.00,2016,O.Cu,Oth.cuca,410,,,
2440,COM00357.00,2017,O.Cu,Me.Cu,33455,,,
2441,COM00357.00,2017,O.Cu,Oth.cuca,280,,,
2442,COM00357.00,2018,O.Cu,Me.Cu,39775,,,
2443,COM00363.00,2014,O.bulk,Me.Cu,3905,24000,0.939,2696
2444,COM00363.00,2014,O.bulk,Me.Ni,4300,32000,0.785,2696
2445,COM00363.00,2015,O.bulk,Me.Cu,24331,34000,0.97,2698
2446,COM00363.00,2015,O.bulk,Me.Ni,27167,43000,0.842,2698
2447,COM00363.00,2016,O.bulk,Me.Cu,23417,32000,0.977,2700
2448,COM00363.00,2016,O.bulk,Me.Ni,24114,39000,0.848,2700
2449,COM00363.00,2017,O.bulk,Me.Cu,21302,29000,0.979,2702
2450,COM00363.00,2017,O.bulk,Me.Ni,22081,34000,0.85,2702
2451,COM00363.00,2018,O.bulk,Me.Cu,17974,25000,0.97,2704
2452,COM00363.00,2018,O.bulk,Me.Ni,17573,28000,0.828,2704
2453,COM00363.00,2019,O.bulk,Me.Cu,14297,20000,0.96,2706
2454,COM00363.00,2019,O.bulk,Me.Ni,13494,22000,0.821,2706
2455,COM00368.00,2012,O.Au,Me.Au,4.27,1.4,0.835,2709
2456,COM00368.00,2013,O.Au,Me.Au,6.483,1.4,0.833,2712
2457,COM00368.00,2014,O.Au,Me.Au,5.614,1,0.84,2715
2458,COM00368.00,2015,O.Au,Me.Au,6.597,1.17,0.88,2717
2459,COM00368.00,2016,O.Au,Me.Au,4.786,0.86,0.83,2719
2460,COM00368.00,2017,O.Au,Me.Au,5.48,0.96,0.84,2721
2461,COM00368.00,2018,O.Au,Me.Au,6.857,1.15,0.834,2723
2462,COM00368.00,2019,O.Au,Me.Au,5.97,1.09,0.818,2725
2463,COM00368.00,2020,O.Au,Me.Au,5.338,1,0.766,2727
2464,COM00369.00,2018,O.Au,Me.Au,2.258,1.2,0.939,2729
2465,COM00369.00,2019,O.Au,Me.Au,2.502,0.94,0.939,2731
2466,COM00369.00,2020,O.Au,Me.Au,2.033,0.99,0.912,2733
2467,COM00371.00,2002,O.dig,Nm.dia,0.912,,,
2468,COM00371.00,2003,O.dig,Nm.dia,1.085,,,
2469,COM00371.00,2004,O.dig,Nm.dia,1.371,,,
2470,COM00371.00,2005,O.dig,Nm.dia,0.904,,,
2471,COM00371.00,2006,O.dig,Nm.dia,0.64,,,
2472,COM00371.00,2007,O.dig,Nm.dia,0.806,,,
2473,COM00371.00,2008,O.dig,Nm.dia,0.837,,,
2474,COM00371.00,2009,O.dig,Nm.dia,0.805,,,
2475,COM00371.00,2010,O.dig,Nm.dia,0.762,,,
2476,COM00371.00,2011,O.dig,Nm.dia,0.626,,,
2477,COM00371.00,2012,O.dig,Nm.dia,0.446,,,
2478,COM00372.00,2000,O.Cu,Me.Cu,217400,5600,0,2738
2479,COM00372.00,2001,O.Cu,Me.Cu,239800,6000,0,2740
2480,COM00372.00,2002,O.Cu,Me.Cu,248200,5000,0,2742
2481,COM00372.00,2003,O.Cu,Me.Cu,249800,4900,0,2744
2482,COM00372.00,2004,,Me.Cu,218177.93,,,
2483,COM00372.00,2005,,Me.Cu,210466.86,,,
2484,COM00372.00,2006,,Me.Cu,218631.522,,,
2485,COM00372.00,2007,,Me.Cu,166014.807,,,
2486,COM00372.00,2008,,Me.Cu,166014.807,,,
2487,COM00372.00,2009,,Me.Cu,162386.068,,,
2488,COM00372.00,2010,,Me.Cu,145149.558,,,
2489,COM00372.00,2011,,Me.Cu,124284.309,,,
2490,COM00372.00,2012,,Me.Cu,153314.221,,,
2491,COM00372.00,2013,,Me.Cu,155582.183,,,
2492,COM00372.00,2014,,Me.Cu,166468.4,,,
2493,COM00372.00,2015,,Me.Cu,146963.928,,,
2494,COM00372.00,2016,,Me.Cu,99790.321,,,
2495,COM00372.00,2017,,Me.Cu,78471.48,,,
2496,COM00372.00,2018,,Me.Cu,90718.474,,,
2497,COM00372.00,2019,,Me.Cu,81646.627,,,
2498,COM00376.00,2008,O.bulk,Me.Ag,306.779,307.97,0.876,2756
2499,COM00376.00,2008,O.bulk,Me.Au,6.997,6.73,0.92,2756
2500,COM00376.00,2009,O.bulk,Me.Ag,305.417,276.32,0.869,2758
2501,COM00376.00,2009,O.bulk,Me.Au,6.713,5.78,0.912,2758
2502,COM00376.00,2010,O.bulk,Me.Ag,293.186,228.47,0.841,2760
2503,COM00376.00,2010,O.bulk,Me.Au,7.978,5.74,0.912,2760
2504,COM00376.00,2011,O.bulk,Me.Ag,263.42,215.9,0.84,2762
2505,COM00376.00,2011,O.bulk,Me.Au,9.522,7.05,0.93,2762
2506,COM00376.00,2012,O.bulk,Me.Ag,225.38,199.21,0.8,2764
2507,COM00376.00,2012,O.bulk,Me.Au,9.876,7.47,0.935,2764
2508,COM00376.00,2013,O.bulk,Me.Ag,201.05,187.16,0.75,2766
2509,COM00376.00,2013,O.bulk,Me.Au,10.519,7.94,0.93,2766
2510,COM00376.00,2014,O.bulk,Me.Ag,263.577,211.96,0.839,2768
2511,COM00376.00,2014,O.bulk,Me.Au,8.789,6.36,0.933,2768
2512,COM00376.00,2015,O.bulk,Me.Ag,239.246,194.02,0.869,2770
2513,COM00376.00,2015,O.bulk,Me.Au,7.069,5.32,0.936,2770
2514,COM00376.00,2016,O.bulk,Me.Ag,187.246,153.99,0.857,2772
2515,COM00376.00,2016,O.bulk,Me.Au,6.848,5.11,0.943,2772
2516,COM00376.00,2017,O.bulk,Me.Ag,133.181,148,0.864,2774
2517,COM00376.00,2017,O.bulk,Me.Au,4.992,5.05,0.951,2774
2518,COM00376.00,2018,O.bulk,Me.Ag,121.413,131.32,0.836,2776
2519,COM00376.00,2018,O.bulk,Me.Au,4.724,4.53,0.941,2776
2520,COM00376.00,2019,O.bulk,Me.Ag,134.268,120.65,0.862,2778
2521,COM00376.00,2019,O.bulk,Me.Au,4.961,4.09,0.94,2778
2522,COM00379.00,2005,O.Au,Me.Au,5.959,3.87,0.92,2815
2523,COM00379.00,2006,O.Au,Me.Au,9.318,4.7,0.94,2817
2524,COM00379.00,2007,O.Au,Me.Au,9.545,4.65,0.94,2819
2525,COM00379.00,2008,O.Au,Me.Au,8.528,4.28,0.95,2821
2526,COM00379.00,2009,O.Au,Me.Au,6.338,3.17,0.94,2823
2527,COM00379.00,2010,O.Au,Me.Au,4.73,2.45,0.94,2825
2528,COM00379.00,2011,O.Au,Me.Au,3.126,1.6,0.94,2827
2529,COM00379.00,2012,O.Au,Me.Au,2.544,1.36,0.94,2829
2530,COM00379.00,2013,O.Au,Me.Au,2.507,1.4,0.92,2831
2531,COM00379.00,2014,O.Au,Me.Au,1.172,1.17,0.86,2833
2532,COM00381.00,2003,Con.Cu,Me.Cu,62500,273403.324584,,2834
2533,COM00381.00,2003,O.oxi,Oth.cuca,8000,17000,,
2534,COM00381.00,2004,Con.Cu,Me.Cu,60700,280110.752192,,2839
2535,COM00381.00,2004,O.oxi,Oth.cuca,8100,14000,,
2536,COM00381.00,2005,Con.Cu,Me.Cu,60000,285035.629454,,2844
2537,COM00381.00,2005,O.oxi,Oth.cuca,6500,13000,,
2538,COM00381.00,2006,Con.Cu,Me.Cu,62200,279048.900852,,2849
2539,COM00381.00,2006,O.oxi,Oth.cuca,6500,14000,,
2540,COM00381.00,2007,Con.Cu,Me.Cu,65300,284283.848498,,2854
2541,COM00381.00,2007,O.oxi,Oth.cuca,7500,14000,,
2542,COM00381.00,2008,Con.Cu,Me.Cu,43100,247558.87421,,2859
2543,COM00381.00,2008,O.oxi,Oth.cuca,6700,13000,,
2544,COM00381.00,2009,Con.Cu,Me.Cu,37200,234404.536862,,2864
2545,COM00381.00,2009,O.oxi,Oth.cuca,4200,7000,,
2546,COM00381.00,2010,Con.Cu,Me.Cu,35700,205172.413793,,2869
2547,COM00381.00,2010,O.oxi,Oth.cuca,4700,7000,,
2548,COM00381.00,2011,Con.Cu,Me.Cu,41900,243746.364165,,2874
2549,COM00381.00,2011,O.oxi,Oth.cuca,5000,6800,,
2550,COM00381.00,2012,Con.Cu,Me.Cu,51800,272058.823529,,2878
2551,COM00381.00,2012,O.oxi,Oth.cuca,2000,4600,,
2552,COM00381.00,2013,O.Cu,Me.Cu,50400,8800,0,2883
2553,COM00381.00,2013,O.oxi,Oth.cuca,1200,,,
2554,COM00381.00,2014,O.Cu,Me.Cu,31200,5800,0,2885
2555,COM00381.00,2014,O.oxi,Oth.cuca,1200,,,
2556,COM00381.00,2015,O.Cu,Me.Cu,35800,7700,0,2887
2557,COM00381.00,2015,O.oxi,Oth.cuca,200,,,
2558,COM00381.00,2016,O.Cu,Me.Cu,47000,8500,0,2889
2559,COM00381.00,2017,O.Cu,Me.Cu,40500,6900,0,2891
2560,COM00381.00,2018,O.Cu,Me.Cu,52700,8500,0,2893
2561,COM00381.00,2019,O.Cu,Me.Cu,54200,9300,0,2895
2562,COM00381.00,2020,O.Cu,Me.Cu,45800,8400,0,2897
2563,COM00382.00,2000,O.Cu,Me.Cu,355664,,,
2564,COM00382.00,2000,O.Cu,Me.Mo,5188,,,
2565,COM00382.00,2001,O.Cu,Me.Cu,355600,,,
2566,COM00382.00,2001,O.Cu,Me.Mo,4720,,,
2567,COM00382.00,2002,O.Cu,Me.Cu,334306,,,
2568,COM00382.00,2002,O.Cu,Me.Mo,3901,,,
2569,COM00382.00,2003,O.Cu,Me.Cu,339440,,,
2570,COM00382.00,2003,O.Cu,Me.Mo,3512,,,
2571,COM00382.00,2004,O.Cu,Me.Cu,435658,,,
2572,COM00382.00,2004,O.Cu,Me.Mo,3919,,,
2573,COM00382.00,2005,O.Cu,Me.Cu,437393,,,
2574,COM00382.00,2005,O.Cu,Me.Mo,5249,,,
2575,COM00382.00,2006,O.Cu,Me.Cu,418332,,,
2576,COM00382.00,2006,O.Cu,Me.Mo,4749,,,
2577,COM00382.00,2007,O.Cu,Me.Cu,404738,,,
2578,COM00382.00,2007,O.Cu,Me.Mo,5053,,,
2579,COM00382.00,2008,O.Cu,Me.Cu,381224,,,
2580,COM00382.00,2008,O.Cu,Me.Mo,4580,,,
2581,COM00382.00,2009,O.Cu,Me.Cu,404035,,,
2582,COM00382.00,2009,O.Cu,Me.Mo,5179,,,
2583,COM00382.00,2010,O.Cu,Me.Cu,403616,,,
2584,COM00382.00,2010,O.Cu,Me.Mo,5617,,,
2585,COM00382.00,2011,O.Cu,Me.Ag,81.775,,,
2586,COM00382.00,2011,O.Cu,Me.Au,0.781,,,
2587,COM00382.00,2011,O.Cu,Me.Cu,400297,,,
2588,COM00382.00,2011,O.Cu,Me.Mo,6012,,,
2589,COM00382.00,2012,O.Cu,Me.Ag,82.771,,,
2590,COM00382.00,2012,O.Cu,Me.Au,0.738,,,
2591,COM00382.00,2012,O.Cu,Me.Cu,417244,,,
2592,COM00382.00,2012,O.Cu,Me.Mo,6094,,,
2593,COM00382.00,2013,O.Cu,Me.Ag,91.975,,,
2594,COM00382.00,2013,O.Cu,Me.Au,0.786,,,
2595,COM00382.00,2013,O.Cu,Me.Cu,450391,,,
2596,COM00382.00,2013,O.Cu,Me.Mo,6864,,,
2597,COM00382.00,2014,O.Cu,Me.Ag,96.722,,,
2598,COM00382.00,2014,O.Cu,Me.Au,0.803,,,
2599,COM00382.00,2014,O.Cu,Me.Cu,455444,,,
2600,COM00382.00,2014,O.Cu,Me.Mo,7496,,,
2601,COM00382.00,2015,O.Cu,Me.Cu,471157,,,
2602,COM00382.00,2015,O.Cu,Me.Mo,7326,,,
2603,COM00382.00,2016,O.Cu,Me.Cu,475339,,,
2604,COM00382.00,2016,O.Cu,Me.Mo,6683,,,
2605,COM00382.00,2017,O.Cu,Me.Ag,96.664,,,
2606,COM00382.00,2017,O.Cu,Me.Au,0.823,,,
2607,COM00382.00,2017,O.Cu,Me.Cu,464328,,,
2608,COM00382.00,2017,O.Cu,Me.Mo,6199,,,
2609,COM00382.00,2018,O.Cu,Me.Ag,96.614,,,
2610,COM00382.00,2018,O.Cu,Me.Au,0.822,,,
2611,COM00382.00,2018,O.Cu,Me.Cu,465040,,,
2612,COM00382.00,2018,O.Cu,Me.Mo,6756,,,
2613,COM00383.00,2011,Con.Fe,Me.Fe,1300000,650000,0,2899
2614,COM00383.00,2012,Con.Fe,Me.Fe,1397500,650000,0,2900
2615,COM00383.00,2013,Con.Fe,Me.Fe,1430000,650000,0,2901
2616,COM00383.00,2014,Con.Fe,Me.Fe,1495000,650000,0,2902
2617,COM00383.00,2015,Con.Fe,Me.Fe,1105000,650000,0,2903
2618,COM00383.00,2016,Con.Fe,Me.Fe,0,650000,,2904
2619,COM00383.00,2017,Con.Fe,Me.Fe,1170000,650000,0,2905
2620,COM00383.00,2018,Con.Fe,Me.Fe,1040000,650000,0,2906
2621,COM00383.00,2019,Con.Fe,Me.Fe,195000,650000,0,2907
2622,COM00386.00,2015,O.Au,Me.Au,8.336,5.91,0.86,2909
2623,COM00386.00,2016,O.Au,Me.Au,8.522,5.48,0.9,2911
2624,COM00386.00,2017,O.Au,Me.Au,9.487,5.67,0.92,2913
2625,COM00386.00,2018,O.Au,Me.Au,10.637,6.17,0.92,2915
2626,COM00388.00,2001,O.bulk,Me.Cu,3810.6,14600,0,2917
2627,COM00388.00,2001,O.bulk,Me.Ni,4985.1,19100,0,2917
2628,COM00388.00,2002,O.bulk,Me.Cu,3457.2,12900,0,2919
2629,COM00388.00,2002,O.bulk,Me.Ni,4690,17500,0,2919
2630,COM00388.00,2010,O.bulk,Me.Cu,481.6,5600,0,2921
2631,COM00388.00,2010,O.bulk,Me.Ni,645,7500,0,2921
2632,COM00388.00,2011,O.bulk,Me.Cu,589.5,4500,0,2923
2633,COM00388.00,2011,O.bulk,Me.Ni,1179,9000,0,2923
2634,COM00388.00,2012,O.bulk,Me.Cu,1632.4,4400,0,2925
2635,COM00388.00,2012,O.bulk,Me.Ni,3450.3,9300,0,2925
2636,COM00388.00,2013,O.bulk,Me.Cu,534.1,4900,0,2927
2637,COM00388.00,2013,O.bulk,Me.Ni,1090,10000,0,2927
2638,COM00388.00,2014,O.bulk,Me.Cu,1122.2,6200,0,2929
2639,COM00388.00,2014,O.bulk,Me.Ni,1936.7,10700,0,2929
2640,COM00388.00,2015,O.bulk,Me.Cu,1155,7000,0,2931
2641,COM00388.00,2015,O.bulk,Me.Ni,1567.5,9500,0,2931
2642,COM00388.00,2016,O.bulk,Me.Cu,315,4200,0,2933
2643,COM00388.00,2016,O.bulk,Me.Ni,660,8800,0,2933
2644,COM00391.00,2005,O.Ag,Me.Ag,8.948,43.091275,0.45,2948
2645,COM00391.00,2006,O.Ag,Me.Ag,13.64,28.633018,0.635,2950
2646,COM00391.00,2007,O.Ag,Me.Ag,21.865,39.689332,0.48,2952
2647,COM00391.00,2008,O.Ag,Me.Ag,23.322,39.972828,0.565,2954
2648,COM00391.00,2009,O.Ag,Me.Ag,13.069,47.343704,0.443,2956
2649,COM00391.00,2010,O.Ag,Me.Ag,16.022,55.565065,0.443,2958
2650,COM00391.00,2011,O.Ag,Me.Ag,17.358,51.879627,0.45,2960
2651,COM00391.00,2012,O.Ag,Me.Ag,20.772,64.069922,0.41,2962
2652,COM00391.00,2013,O.Ag,Me.Ag,18.921,52.446618,0.456,2964
2653,COM00391.00,2014,O.Ag,Me.Ag,16.685,46.209723,0.456,2966
2654,COM00391.00,2015,O.Ag,Me.Ag,17.805,53.013608,0.438,2968
2655,COM00391.00,2016,O.Ag,Me.Ag,7.018,70.306817,0.456,2970
2656,COM00392.00,2001,,Me.U3O8,4211,,,
2657,COM00392.00,2002,,Me.U3O8,4486,,,
2658,COM00392.00,2003,,Me.U3O8,5134,,,
2659,COM00392.00,2004,,Me.U3O8,5143,,,
2660,COM00392.00,2005,,Me.U3O8,5903,,,
2661,COM00392.00,2006,,Me.U3O8,4704,,,
2662,COM00392.00,2007,,Me.U3O8,5312.927,,,
2663,COM00392.00,2008,,Me.U3O8,5340.143,,,
2664,COM00392.00,2009,,Me.U3O8,5216.312,,,
2665,COM00392.00,2010,,Me.U3O8,3907.245,,,
2666,COM00392.00,2011,,Me.U3O8,2526.963,,,
2667,COM00392.00,2012,,Me.U3O8,3766.631,,,
2668,COM00392.00,2013,,Me.U3O8,2959.69,,,
2669,COM00392.00,2014,,Me.U3O8,1165.279,,,
2670,COM00392.00,2015,,Me.U3O8,2005.332,,,
2671,COM00392.00,2016,,Me.U3O8,2350.516,,,
2672,COM00392.00,2017,,Me.U3O8,2293.363,,,
2673,COM00392.00,2018,,Me.U3O8,1998.982,,,
2674,COM00394.00,2001,O.Au,Me.Au,9.412,0.25,17.551984,2972
2675,COM00394.00,2002,O.Au,Me.Au,7.484,0.25,17.53009,2974
2676,COM00395.00,2002,O.Cu,Me.Au,4.467,0.63,5.572497,2978
2677,COM00395.00,2002,O.Cu,Me.Cu,319375,26991.659648,0,2978
2678,COM00395.00,2002,O.Zn,Me.Ag,10.98,,,
2679,COM00395.00,2002,O.Zn,Me.Pb,147000,,,
2680,COM00395.00,2002,O.Zn,Me.Zn,182000,,,
2681,COM00395.00,2003,O.Cu,Me.Au,3.812,0.53,7.654438,2982
2682,COM00395.00,2003,O.Cu,Me.Cu,298759,26780.087964,0,2982
2683,COM00395.00,2003,O.Zn,Me.Ag,10.015,,,
2684,COM00395.00,2003,O.Zn,Me.Pb,135000,,,
2685,COM00395.00,2003,O.Zn,Me.Zn,169000,,,
2686,COM00395.00,2004,O.Cu,Me.Au,4.448,0.272871,,2985
2687,COM00395.00,2004,O.Cu,Me.Cu,284000,17423.312883,,2985
2688,COM00395.00,2004,O.Zn,Me.Ag,329,102.8125,,2986
2689,COM00395.00,2004,O.Zn,Me.Pb,140000,43750,,2986
2690,COM00395.00,2004,O.Zn,Me.Zn,191000,59687.5,,2986
2691,COM00395.00,2005,O.Cu,Me.Au,5.194,0.305546,,2989
2692,COM00395.00,2005,O.Cu,Me.Cu,306000,18000,,2989
2693,COM00395.00,2005,O.Zn,Me.Ag,353,80.227273,,2990
2694,COM00395.00,2005,O.Zn,Me.Pb,160000,36363.636364,,2990
2695,COM00395.00,2005,O.Zn,Me.Zn,231000,52500,,2990
2696,COM00395.00,2006,O.Cu,Me.Au,3.297,0.193939,,2993
2697,COM00395.00,2006,O.Cu,Me.Cu,278000,16352.941176,,2993
2698,COM00395.00,2006,O.Zn,Me.Ag,195,42.391304,,2994
2699,COM00395.00,2006,O.Zn,Me.Pb,118000,25652.173913,,2994
2700,COM00395.00,2006,O.Zn,Me.Zn,210000,45652.173913,,2994
2701,COM00395.00,2007,O.Cu,Me.Au,3.835,0.219146,,2997
2702,COM00395.00,2007,O.Cu,Me.Cu,268400,15337.142857,,2997
2703,COM00395.00,2007,O.Zn,Me.Ag,234,45.882353,,2998
2704,COM00395.00,2007,O.Zn,Me.Pb,126000,24705.882353,,2998
2705,COM00395.00,2007,O.Zn,Me.Zn,227000,44509.803922,,2998
2706,COM00395.00,2008,O.Cu,Me.Au,4.541,0.262492,,3001
2707,COM00395.00,2008,O.Cu,Me.Cu,263000,15202.312139,,3001
2708,COM00395.00,2008,O.Zn,Me.Ag,317,49.53125,,3002
2709,COM00395.00,2008,O.Zn,Me.Pb,167000,26093.75,,3002
2710,COM00395.00,2008,O.Zn,Me.Zn,243000,37968.75,,3002
2711,COM00395.00,2009,O.Cu,Me.Au,1.4,0.099975,,3005
2712,COM00395.00,2009,O.Cu,Me.Cu,198000,14142.857143,,3005
2713,COM00395.00,2009,O.Zn,Me.Ag,243,32.837838,,3006
2714,COM00395.00,2009,O.Zn,Me.Pb,146000,19729.72973,,3006
2715,COM00395.00,2009,O.Zn,Me.Zn,324000,43783.783784,,3006
2716,COM00395.00,2010,O.Cu,Me.Au,2.83,0.178014,,3009
2717,COM00395.00,2010,O.Cu,Me.Cu,233000,14654.08805,,3009
2718,COM00395.00,2010,O.Zn,Me.Ag,211,23.186813,,3010
2719,COM00395.00,2010,O.Zn,Me.Pb,140000,15384.615385,,3010
2720,COM00395.00,2010,O.Zn,Me.Zn,355000,39010.989011,,3010
2721,COM00395.00,2011,O.Cu,Me.Au,4.012,0.246156,,3013
2722,COM00395.00,2011,O.Cu,Me.Cu,249000,15276.07362,,3013
2723,COM00395.00,2011,O.Zn,Me.Ag,204,22.417582,,3014
2724,COM00395.00,2011,O.Zn,Me.Pb,139000,15274.725275,,3014
2725,COM00395.00,2011,O.Zn,Me.Zn,357000,39230.769231,,3014
2726,COM00395.00,2012,Con.bulk,Me.Ag,191.442,,,
2727,COM00395.00,2012,Con.bulk,Me.Pb,153100,,,
2728,COM00395.00,2012,Con.bulk,Me.Zn,390400,,,
2729,COM00395.00,2012,Con.Cu,Me.Ag,25.194,,,
2730,COM00395.00,2012,Con.Cu,Me.Au,1.275,,,
2731,COM00395.00,2012,Con.Cu,Me.Cu,6400,,,
2732,COM00395.00,2012,,Oth.cuca,159500,,,
2733,COM00395.00,2013,Con.bulk,Me.Ag,213.681,,,
2734,COM00395.00,2013,Con.bulk,Me.Pb,167800,,,
2735,COM00395.00,2013,Con.bulk,Me.Zn,405100,,,
2736,COM00395.00,2013,Con.Cu,Me.Ag,34.867,,,
2737,COM00395.00,2013,Con.Cu,Me.Au,1.586,,,
2738,COM00395.00,2013,Con.Cu,Me.Cu,2900,,,
2739,COM00395.00,2013,,Oth.cuca,201100,,,
2740,COM00395.00,2014,Con.bulk,Me.Ag,213.308,,,
2741,COM00395.00,2014,Con.bulk,Me.Pb,170200,,,
2742,COM00395.00,2014,Con.bulk,Me.Zn,437300,,,
2743,COM00395.00,2014,Con.Cu,Me.Ag,29.268,,,
2744,COM00395.00,2014,Con.Cu,Me.Au,1.928,,,
2745,COM00395.00,2014,,Oth.cuca,209500,,,
2746,COM00395.00,2015,Con.bulk,Me.Ag,202.919,,,
2747,COM00395.00,2015,Con.bulk,Me.Pb,163000,,,
2748,COM00395.00,2015,Con.bulk,Me.Zn,478200,,,
2749,COM00395.00,2015,Con.Cu,Me.Ag,38.164,,,
2750,COM00395.00,2015,Con.Cu,Me.Au,2.799,,,
2751,COM00395.00,2015,,Oth.cuca,205600,,,
2752,COM00395.00,2016,Con.bulk,Me.Ag,228.051,,,
2753,COM00395.00,2016,Con.bulk,Me.Pb,143300,,,
2754,COM00395.00,2016,Con.bulk,Me.Zn,288200,,,
2755,COM00395.00,2016,Con.Cu,Me.Ag,38.91,,,
2756,COM00395.00,2016,Con.Cu,Me.Au,2.675,,,
2757,COM00395.00,2016,,Oth.cuca,205100,,,
2758,COM00395.00,2017,Con.bulk,Me.Ag,170.883,,,
2759,COM00395.00,2017,Con.bulk,Me.Pb,111600,,,
2760,COM00395.00,2017,Con.bulk,Me.Zn,226000,,,
2761,COM00395.00,2017,Con.Cu,Me.Ag,35.987,,,
2762,COM00395.00,2017,Con.Cu,Me.Au,2.084,,,
2763,COM00395.00,2017,Con.Cu,Me.Cu,12500,,,
2764,COM00395.00,2017,,Oth.cuca,164600,,,
2765,COM00395.00,2018,Con.bulk,Me.Ag,144.413,,,
2766,COM00395.00,2018,Con.bulk,Me.Pb,125900,,,
2767,COM00395.00,2018,Con.bulk,Me.Zn,278200,,,
2768,COM00395.00,2018,Con.Cu,Me.Ag,28.118,,,
2769,COM00395.00,2018,Con.Cu,Me.Au,2.302,,,
2770,COM00395.00,2018,Con.Cu,Me.Cu,10900,,,
2771,COM00395.00,2018,,Oth.cuca,151500,,,
2772,COM00395.00,2019,Con.bulk,Me.Ag,171.629,,,
2773,COM00395.00,2019,Con.bulk,Me.Pb,158000,,,
2774,COM00395.00,2019,Con.bulk,Me.Zn,326400,,,
2775,COM00395.00,2019,Con.Cu,Me.Ag,35.893,,,
2776,COM00395.00,2019,Con.Cu,Me.Au,3.11,,,
2777,COM00395.00,2019,,Oth.cuca,151100,,,
2778,COM00396.00,2015,Con.Pb,Me.Ag,547.146,22989.319177,,3015
2779,COM00396.00,2015,Con.Pb,Me.Au,0.306,12.864489,,3015
2780,COM00396.00,2015,Con.Pb,Me.Pb,10200,428571.428571,,3015
2781,COM00396.00,2015,Con.Pb,Me.Zn,2700,113445.378151,,3015
2782,COM00396.00,2015,Con.Zn,Me.Ag,31.184,1109.767809,,3016
2783,COM00396.00,2015,Con.Zn,Me.Au,0.026,0.907992,,3016
2784,COM00396.00,2015,Con.Zn,Me.Pb,300,10676.156584,,3016
2785,COM00396.00,2015,Con.Zn,Me.Zn,14800,526690.391459,,3016
2786,COM00396.00,2016,Con.Pb,Me.Ag,558.486,24821.582474,,3017
2787,COM00396.00,2016,Con.Pb,Me.Au,0.272,12.095796,,3017
2788,COM00396.00,2016,Con.Pb,Me.Pb,10000,444444.444444,,3017
2789,COM00396.00,2016,Con.Pb,Me.Zn,2400,106666.666667,,3017
2790,COM00396.00,2016,Con.Zn,Me.Ag,42.524,1540.734953,,3018
2791,COM00396.00,2016,Con.Zn,Me.Au,0.031,1.129872,,3018
2792,COM00396.00,2016,Con.Zn,Me.Pb,300,10869.565217,,3018
2793,COM00396.00,2016,Con.Zn,Me.Zn,15000,543478.26087,,3018
2794,COM00396.00,2017,Con.Pb,Me.Ag,255.146,27143.160444,,3019
2795,COM00396.00,2017,Con.Pb,Me.Au,0.111,11.762036,,3019
2796,COM00396.00,2017,Con.Pb,Me.Pb,4200,446808.510638,,3019
2797,COM00396.00,2017,Con.Pb,Me.Zn,1100,117021.276596,,3019
2798,COM00396.00,2017,Con.Zn,Me.Ag,19.845,1756.16515,,3020
2799,COM00396.00,2017,Con.Zn,Me.Au,0.011,1.003523,,3020
2800,COM00396.00,2017,Con.Zn,Me.Pb,100,8849.557522,,3020
2801,COM00396.00,2017,Con.Zn,Me.Zn,6100,539823.00885,,3020
2802,COM00397.00,2001,O.bulk,Me.Ag,90.662,,,
2803,COM00397.00,2001,O.bulk,Me.Au,2.863,,,
2804,COM00397.00,2001,O.bulk,Me.Cu,774800,,,
2805,COM00397.00,2002,O.bulk,Me.Ag,84.51,,,
2806,COM00397.00,2002,O.bulk,Me.Au,3.572,,,
2807,COM00397.00,2002,O.bulk,Me.Cu,754500,,,
2808,COM00397.00,2003,O.bulk,Me.Ag,134.037,,,
2809,COM00397.00,2003,O.bulk,Me.Au,5.216,,,
2810,COM00397.00,2003,O.bulk,Me.Cu,992700,,,
2811,COM00397.00,2004,O.bulk,Me.Ag,162.925,,,
2812,COM00397.00,2004,O.bulk,Me.Au,6.152,,,
2813,COM00397.00,2004,O.bulk,Me.Cu,1207100,,,
2814,COM00397.00,2005,O.bulk,Me.Ag,186.115,,,
2815,COM00397.00,2005,O.bulk,Me.Au,5.188,,,
2816,COM00397.00,2005,O.bulk,Me.Cu,1270200,,,
2817,COM00397.00,2006,O.bulk,Me.Ag,188.411,,,
2818,COM00397.00,2006,O.bulk,Me.Au,4.819,,,
2819,COM00397.00,2006,O.bulk,Me.Cu,1313400,,,
2820,COM00397.00,2007,O.bulk,Me.Ag,223.111,,,
2821,COM00397.00,2007,O.bulk,Me.Au,5.301,,,
2822,COM00397.00,2007,O.bulk,Me.Cu,1405500,,,
2823,COM00397.00,2008,O.bulk,Me.Ag,174.832,,,
2824,COM00397.00,2008,O.bulk,Me.Au,4.082,,,
2825,COM00397.00,2008,O.bulk,Me.Cu,1281700,,,
2826,COM00397.00,2009,O.bulk,Me.Ag,153.768,,,
2827,COM00397.00,2009,O.bulk,Me.Au,4.082,,,
2828,COM00397.00,2009,O.bulk,Me.Cu,1061200,,,
2829,COM00397.00,2010,O.bulk,Me.Ag,174.066,,,
2830,COM00397.00,2010,O.bulk,Me.Au,4.933,,,
2831,COM00397.00,2010,O.bulk,Me.Cu,1011000,,,
2832,COM00397.00,2011,O.bulk,Me.Ag,122.668,,,
2833,COM00397.00,2011,O.bulk,Me.Au,3.459,,,
2834,COM00397.00,2011,O.bulk,Me.Cu,759100,,,
2835,COM00397.00,2012,O.bulk,Me.Ag,99.252,,,
2836,COM00397.00,2012,O.bulk,Me.Au,2.778,,,
2837,COM00397.00,2012,O.bulk,Me.Cu,1047400,,,
2838,COM00397.00,2013,O.bulk,Me.Ag,114.305,,,
2839,COM00397.00,2013,O.bulk,Me.Au,2.671,,,
2840,COM00397.00,2013,O.bulk,Me.Cu,1121500,,,
2841,COM00397.00,2014,O.bulk,Me.Ag,138.431,,,
2842,COM00397.00,2014,O.bulk,Me.Au,2.554,,,
2843,COM00397.00,2014,O.bulk,Me.Cu,1137600,,,
2844,COM00397.00,2015,O.bulk,Me.Ag,136.418,,,
2845,COM00397.00,2015,O.bulk,Me.Au,2.509,,,
2846,COM00397.00,2015,O.bulk,Me.Cu,1148800,,,
2847,COM00397.00,2016,O.bulk,Me.Ag,169.275,,,
2848,COM00397.00,2016,O.bulk,Me.Au,3.759,,,
2849,COM00397.00,2016,O.bulk,Me.Cu,1010700,,,
2850,COM00397.00,2017,O.bulk,Me.Ag,161.791,,,
2851,COM00397.00,2017,O.bulk,Me.Au,4.145,,,
2852,COM00397.00,2017,O.bulk,Me.Cu,902700,,,
2853,COM00397.00,2018,O.bulk,Me.Ag,267.421,,,
2854,COM00397.00,2018,O.bulk,Me.Au,7.53,,,
2855,COM00397.00,2018,O.bulk,Me.Cu,1167900,,,
2856,COM00398.00,2000,O.Au,Me.Au,10.357,,,
2857,COM00398.00,2001,O.Au,Me.Au,9.984,,,
2858,COM00398.00,2002,O.Au,Me.Au,11.166,46.655215,0.937,3022
2859,COM00398.00,2003,O.Au,Me.Au,10.948,44.477972,0.937,3024
2860,COM00398.00,2004,O.Au,Me.Au,9.02,36.702103,7.94e-4,3026
2861,COM00398.00,2005,O.Au,Me.Au,5.35,29.859338,0.001246,3028
2862,COM00402.00,2013,Con.Fe,Me.Fe,2402400,616000,0,3060
2863,COM00402.00,2013,O.Fe,Me.Fe,3151800,309000,0,3062
2864,COM00407.00,2006,O.Ni,Me.Ni,29700,7243.902439,,3099
2865,COM00407.00,2007,O.Ni,Me.Ni,29100,7097.560976,,3101
2866,COM00407.00,2008,O.Ni,Me.Ni,18800,6962.962963,,3103
2867,COM00407.00,2011,O.Ni,Me.Ni,13500,12272.727273,,3109
2868,COM00407.00,2012,O.Ni,Me.Ni,15200,,,
2869,COM00407.00,2013,O.Ni,Me.Ni,9400,,,
2870,COM00410.00,2006,O.Au,Me.Au,2.376,2.63,0.92,3111
2871,COM00410.00,2007,O.Au,Me.Au,2.736,2.81,0.943,3113
2872,COM00410.00,2008,O.Au,Me.Au,2.988,2.85,0.934,3115
2873,COM00410.00,2009,O.Au,Me.Au,2.376,2.21,0.91,3117
2874,COM00410.00,2010,O.Au,Me.Au,2.18,2.22,0.886,3119
2875,COM00410.00,2011,O.Au,Me.Au,1.716,2.07,0.884,3121
2876,COM00410.00,2012,O.Au,Me.Au,2.088,2.22,0.895,3123
2877,COM00412.00,2011,Con.Fe,Me.Fe,410200,586000,0,3125
2878,COM00412.00,2012,Con.Fe,Me.Fe,287000,574000,0,3126
2879,COM00412.00,2013,Con.Fe,Me.Fe,356400,594000,0,3127
2880,COM00412.00,2014,Con.Fe,Me.Fe,357000,595000,0,3128
2881,COM00412.00,2017,Con.Fe,Me.Fe,18480,616000,0,3131
2882,COM00412.00,2018,Con.Fe,Me.Fe,403650,621000,0,3132
2883,COM00412.00,2019,Con.Fe,Me.Fe,394670,647000,0,3133
2884,COM00417.00,2015,O.Ni,Me.Ni,53561,16400,0,3164
2885,COM00417.00,2016,O.Ni,Me.Ni,54674,12600,0,3166
2886,COM00417.00,2017,O.Ni,Me.Ni,74678,12500,0,3168
2887,COM00418.00,2003,O.Au,Me.Au,12.168,1.07,0.831,3170
2888,COM00418.00,2004,O.Au,Me.Au,10.478,0.94,0.842,3172
2889,COM00418.00,2005,O.Au,Me.Au,10.206,0.9,0.869,3174
2890,COM00418.00,2006,O.Au,Me.Au,10.383,0.9,0.857,3176
2891,COM00418.00,2007,O.Au,Me.Au,10.577,0.96,0.866,3178
2892,COM00418.00,2008,O.Au,Me.Au,9.911,0.88,0.818,3180
2893,COM00418.00,2009,O.Au,Me.Au,9.28,0.69,0.829,3182
2894,COM00418.00,2010,O.Au,Me.Au,,0.28,,
2895,COM00418.00,2010,O.Au,Me.Au,8.336,0.79,0.799,3185
2896,COM00418.00,2011,O.Au,Me.Au,,0.33,,
2897,COM00418.00,2011,O.Au,Me.Au,5.906,0.56,0.781,3188
2898,COM00418.00,2012,O.Au,Me.Au,,0.31,,
2899,COM00418.00,2012,O.Au,Me.Au,7.652,0.69,0.84,3191
2900,COM00418.00,2013,O.Au,Me.Au,,0.29,,
2901,COM00418.00,2013,O.Au,Me.Au,8.695,0.82,0.837,3194
2902,COM00418.00,2014,O.Au,Me.Au,,0.29,,
2903,COM00418.00,2014,O.Au,Me.Au,7.541,0.66,0.844,3197
2904,COM00418.00,2015,O.Au,Me.Au,,0.27,,
2905,COM00418.00,2015,O.Au,Me.Au,8.472,0.76,0.829,3200
2906,COM00418.00,2016,O.Au,Me.Au,,0.27,,
2907,COM00418.00,2016,O.Au,Me.Au,7.552,0.69,0.828,3203
2908,COM00418.00,2017,O.Au,Me.Au,,0.25,,
2909,COM00418.00,2017,O.Au,Me.Au,8.641,0.84,0.825,3206
2910,COM00418.00,2018,O.Au,Me.Au,,0.19,,
2911,COM00418.00,2018,O.Au,Me.Au,4.804,0.5,0.815,3209
2912,COM00420.00,2001,,Me.Ni,10200,,,
2913,COM00420.00,2002,,Me.Ni,6300,,,
2914,COM00420.00,2003,,Me.Ni,6000,,,
2915,COM00422.00,2017,O.Au,Me.Au,0.064,0.98,0.9242,3237
2916,COM00422.00,2018,O.Au,Me.Au,1.301,1.66,0.9214,3239
2917,COM00422.00,2019,O.Au,Me.Au,1.813,2.23,0.957,3241
2918,COM00422.00,2020,O.Au,Me.Au,1.892,2.29,0.9556,3243
2919,COM00426.00,2016,,Oth.cuca,17800,,,
2920,COM00426.00,2017,,Oth.cuca,19600,,,
2921,COM00426.00,2018,,Oth.cuca,20200,,,
2922,COM00427.00,2004,O.Au,Me.Au,0.255,1.66,,
2923,COM00429.00,2008,O.bulk,Me.Au,0.679,,,
2924,COM00429.00,2008,O.bulk,Me.Pb,8685,,,
2925,COM00429.00,2008,O.bulk,Me.Zn,11277,,,
2926,COM00429.00,2009,O.bulk,Me.Au,0.699,,,
2927,COM00429.00,2009,O.bulk,Me.Pb,11058,,,
2928,COM00429.00,2009,O.bulk,Me.Zn,11510,,,
2929,COM00429.00,2010,O.bulk,Me.Ag,1017.918,398.558329,,3245
2930,COM00429.00,2010,O.bulk,Me.Au,0.707,0.276784,,3245
2931,COM00429.00,2010,O.bulk,Me.Pb,12236,4790.91621,,3245
2932,COM00429.00,2010,O.bulk,Me.Zn,12212,4781.519186,,3245
2933,COM00429.00,2011,O.bulk,Me.Ag,858.849,332.371826,,3247
2934,COM00429.00,2011,O.bulk,Me.Au,0.743,0.287348,,3247
2935,COM00429.00,2011,O.bulk,Me.Pb,13385,5179.95356,,3247
2936,COM00429.00,2011,O.bulk,Me.Zn,12623,4885.06192,,3247
2937,COM00429.00,2012,O.bulk,Me.Ag,747.945,273.172193,,3249
2938,COM00429.00,2012,O.bulk,Me.Au,0.837,0.305667,,3249
2939,COM00429.00,2012,O.bulk,Me.Pb,16190,5913.075237,,3249
2940,COM00429.00,2012,O.bulk,Me.Zn,14966,5466.033601,,3249
2941,COM00429.00,2013,O.bulk,Me.Ag,645.349,238.752698,,3251
2942,COM00429.00,2013,O.bulk,Me.Au,0.936,0.346332,,3251
2943,COM00429.00,2013,O.bulk,Me.Pb,15552,5753.607103,,3251
2944,COM00429.00,2013,O.bulk,Me.Zn,14914,5517.573067,,3251
2945,COM00429.00,2014,O.bulk,Me.Ag,569.769,217.054748,,3253
2946,COM00429.00,2014,O.bulk,Me.Au,1.01,0.384621,,3253
2947,COM00429.00,2014,O.bulk,Me.Pb,13888,5290.666667,,3253
2948,COM00429.00,2014,O.bulk,Me.Zn,15199,5790.095238,,3253
2949,COM00429.00,2015,O.bulk,Me.Ag,442.593,220,2.5e-5,3255
2950,COM00429.00,2015,O.bulk,Me.Au,0.966,0.400662,,3255
2951,COM00429.00,2015,O.bulk,Me.Pb,16248,6741.908714,,3255
2952,COM00429.00,2015,O.bulk,Me.Zn,19029,7895.850622,,3255
2953,COM00429.00,2016,O.bulk,Me.Ag,449.765,227,2.3e-5,3257
2954,COM00429.00,2016,O.bulk,Me.Au,1.201,0.505906,,3257
2955,COM00429.00,2016,O.bulk,Me.Pb,21326,8986.936367,,3257
2956,COM00429.00,2016,O.bulk,Me.Zn,25898,10913.611462,,3257
2957,COM00429.00,2017,O.bulk,Me.Ag,468.107,229,2.3e-5,3259
2958,COM00429.00,2017,O.bulk,Me.Au,1.098,0.448544,,3259
2959,COM00429.00,2017,O.bulk,Me.Pb,20514,8383.326522,,3259
2960,COM00429.00,2017,O.bulk,Me.Zn,30021,12268.492031,,3259
2961,COM00429.00,2018,O.bulk,Me.Ag,428.56,214,2.7e-5,3261
2962,COM00429.00,2018,O.bulk,Me.Au,1.197,0.489892,,3261
2963,COM00429.00,2018,O.bulk,Me.Pb,19619,8030.699959,,3261
2964,COM00429.00,2018,O.bulk,Me.Zn,31094,12727.793696,,3261
2965,COM00431.00,2007,O.sul,Me.Cu,8712,14000,0.73,3287
2966,COM00431.00,2008,O.sul,Me.Cu,80177,13000,0.89,3289
2967,COM00431.00,2009,O.sul,Me.Cu,92353,12000,0.92,3291
2968,COM00431.00,2010,O.sul,Me.Cu,47508,10000,0.9,3293
2969,COM00436.00,2008,O.Cu,Me.Cu,67732,,,
2970,COM00436.00,2009,O.Cu,Me.Cu,148026,,,
2971,COM00436.00,2010,O.Cu,Me.Cu,117052,,,
2972,COM00436.00,2011,O.Cu,Me.Cu,118078,,,
2973,COM00436.00,2012,O.Cu,Me.Cu,133000,,,
2974,COM00436.00,2013,O.Cu,Me.Cu,128170,,,
2975,COM00436.00,2014,O.Cu,Me.Cu,121012,,,
2976,COM00436.00,2015,O.Cu,Me.Cu,125009,,,
2977,COM00436.00,2016,O.Cu,Me.Cu,121712,,,
2978,COM00436.00,2017,O.Cu,Me.Cu,122737,,,
2979,COM00436.00,2018,O.Cu,Me.Cu,107247,,,
2980,COM00438.00,2000,O.Ag,Me.Ag,113.593,579.180758,0.96,3298
2981,COM00438.00,2001,O.Ag,Me.Ag,127.567,670.749717,0.96,3300
2982,COM00438.00,2002,O.Ag,Me.Ag,150.067,661.67787,0.95,3302
2983,COM00438.00,2003,O.Ag,Me.Ag,105.719,669.332241,0.96,3304
2984,COM00438.00,2004,O.Ag,Me.Ag,99.667,607.530281,0.97,3306
2985,COM00438.00,2005,O.Ag,Me.Ag,58.308,468.617617,0.97,3308
2986,COM00439.00,2004,O.bulk,Me.Pb,15002,54000,0.43,3310
2987,COM00439.00,2004,O.bulk,Me.Zn,68849,129000,0.83,3310
2988,COM00439.00,2005,O.bulk,Me.Pb,17284,40000,0.68,3312
2989,COM00439.00,2005,O.bulk,Me.Zn,74321,137000,0.84,3312
2990,COM00439.00,2006,O.bulk,Me.Ag,3.723,6.039368,,3314
2991,COM00439.00,2006,O.bulk,Me.Pb,13256,32000,0.67,3314
2992,COM00439.00,2006,O.bulk,Me.Zn,60055,118000,0.83,3314
2993,COM00439.00,2007,O.bulk,Me.Ag,3.659,8.186273,,3316
2994,COM00439.00,2007,O.bulk,Me.Pb,10980,34000,0.72,3316
2995,COM00439.00,2007,O.bulk,Me.Zn,45282,124000,0.82,3316
2996,COM00439.00,2008,O.bulk,Me.Ag,3.796,7.637736,,3318
2997,COM00439.00,2008,O.bulk,Me.Pb,11724,35000,0.67,3318
2998,COM00439.00,2008,O.bulk,Me.Zn,55952,135000,0.83,3318
2999,COM00439.00,2009,O.bulk,Me.Ag,1.586,8.309514,,3320
3000,COM00439.00,2009,O.bulk,Me.Pb,8623,50000,0.68,3320
3001,COM00439.00,2009,O.bulk,Me.Zn,31550,177000,0.82,3320
3002,COM00439.00,2010,O.bulk,Me.Pb,5864,74000,0,3322
3003,COM00439.00,2010,O.bulk,Me.Zn,23002,220000,0,3322
3004,COM00439.00,2011,O.bulk,Me.Pb,17582,75000,0,3324
3005,COM00439.00,2011,O.bulk,Me.Zn,64142,226000,0,3324
3006,COM00442.00,2000,Con.Cu,Me.Cu,842,235000,0,3325
3007,COM00442.00,2000,Con.Pb,Me.Pb,14384,697000,0,3326
3008,COM00442.00,2000,Con.Zn,Me.Zn,33333,559000,0,3327
3009,COM00442.00,2000,O.bulk,Me.Ag,106.047,108.654713,,3329
3010,COM00442.00,2000,O.bulk,Me.Au,0.336,0.344262,,3329
3011,COM00442.00,2001,Con.Cu,Me.Cu,760,225000,0,3330
3012,COM00442.00,2001,Con.Pb,Me.Pb,14081,722000,0,3331
3013,COM00442.00,2001,Con.Zn,Me.Zn,34084,558000,0,3332
3014,COM00442.00,2001,O.bulk,Me.Ag,103.802,105.489837,,3334
3015,COM00442.00,2001,O.bulk,Me.Au,0.291,0.295732,,3334
3016,COM00442.00,2002,Con.Cu,Me.Cu,676,204000,0,3335
3017,COM00442.00,2002,Con.Pb,Me.Pb,15022,730000,0,3336
3018,COM00442.00,2002,Con.Zn,Me.Zn,37392,557000,0,3337
3019,COM00442.00,2002,O.bulk,Me.Ag,123.978,117.181474,,3339
3020,COM00442.00,2002,O.bulk,Me.Au,0.284,0.268431,,3339
3021,COM00442.00,2003,Con.Cu,Me.Cu,531,207000,0,3340
3022,COM00442.00,2003,Con.Pb,Me.Pb,16002,719000,0,3341
3023,COM00442.00,2003,Con.Zn,Me.Zn,44314,549000,0,3342
3024,COM00442.00,2003,O.bulk,Me.Ag,123.278,116.080979,,3344
3025,COM00442.00,2003,O.bulk,Me.Au,0.216,0.20339,,3344
3026,COM00442.00,2004,Con.Cu,Me.Cu,550,210700,0,3345
3027,COM00442.00,2004,Con.Pb,Me.Pb,19148,725900,0,3346
3028,COM00442.00,2004,Con.Zn,Me.Zn,54914,549600,0,3347
3029,COM00442.00,2004,O.bulk,Me.Ag,105.533,98.261639,,3349
3030,COM00442.00,2004,O.bulk,Me.Au,0.217,0.202048,,3349
3031,COM00442.00,2005,Con.Cu,Me.Cu,565,219000,0,3350
3032,COM00442.00,2005,Con.Pb,Me.Pb,20720,742000,0,3351
3033,COM00442.00,2005,Con.Zn,Me.Zn,58413,550000,0,3352
3034,COM00442.00,2005,O.bulk,Me.Ag,97.605,88.57078,,3354
3035,COM00442.00,2005,O.bulk,Me.Au,0.203,0.184211,,3354
3036,COM00442.00,2006,Con.Cu,Me.Cu,593,231000,0,3355
3037,COM00442.00,2006,Con.Pb,Me.Pb,21099,715000,0,3356
3038,COM00442.00,2006,Con.Zn,Me.Zn,60992,542000,0,3357
3039,COM00442.00,2006,O.bulk,Me.Ag,108.082,91.439932,,3359
3040,COM00442.00,2006,O.bulk,Me.Au,0.269,0.22758,,3359
3041,COM00442.00,2007,Con.Cu,Me.Cu,682,221000,0,3360
3042,COM00442.00,2007,Con.Pb,Me.Pb,25139,701000,0,3361
3043,COM00442.00,2007,Con.Zn,Me.Zn,71464,541000,0,3362
3044,COM00442.00,2007,O.bulk,Me.Ag,117.798,93.862948,,3364
3045,COM00442.00,2007,O.bulk,Me.Au,0.244,0.194422,,3364
3046,COM00442.00,2008,Con.Cu,Me.Cu,581,204000,0,3365
3047,COM00442.00,2008,Con.Pb,Me.Pb,28514,690000,0,3366
3048,COM00442.00,2008,Con.Zn,Me.Zn,83938,531000,0,3367
3049,COM00442.00,2008,O.bulk,Me.Ag,130.287,95.448352,,3369
3050,COM00442.00,2008,O.bulk,Me.Au,0.243,0.178022,,3369
3051,COM00442.00,2009,Con.Cu,Me.Cu,500,183000,0,3370
3052,COM00442.00,2009,Con.Pb,Me.Pb,31000,713000,0,3371
3053,COM00442.00,2009,Con.Zn,Me.Zn,90000,538000,0,3372
3054,COM00442.00,2009,O.bulk,Me.Ag,139,99.713056,,3374
3055,COM00442.00,2009,O.bulk,Me.Au,0.214,0.153515,,3374
3056,COM00442.00,2010,Con.Cu,Me.Cu,500,183000,0,3375
3057,COM00442.00,2010,Con.Pb,Me.Pb,29000,720000,0,3376
3058,COM00442.00,2010,Con.Zn,Me.Zn,86000,537000,0,3377
3059,COM00442.00,2010,O.bulk,Me.Ag,140,97.020097,,3379
3060,COM00442.00,2010,O.bulk,Me.Au,0.234,0.162162,,3379
3061,COM00442.00,2011,Con.Cu,Me.Cu,400,191000,0,3380
3062,COM00442.00,2011,Con.Pb,Me.Pb,28000,724000,0,3381
3063,COM00442.00,2011,Con.Zn,Me.Zn,81000,550000,0,3382
3064,COM00442.00,2011,O.bulk,Me.Ag,140,96.153846,,3384
3065,COM00442.00,2011,O.bulk,Me.Au,0.246,0.168956,,3384
3066,COM00442.00,2012,Con.Cu,Me.Cu,400,177000,0,3385
3067,COM00442.00,2012,Con.Pb,Me.Pb,25000,707000,0,3386
3068,COM00442.00,2012,Con.Zn,Me.Zn,75000,548000,0,3387
3069,COM00442.00,2012,O.bulk,Me.Ag,135,90.97035,,3389
3070,COM00442.00,2012,O.bulk,Me.Au,0.25,0.168464,,3389
3071,COM00442.00,2013,Con.Cu,Me.Cu,500,180000,0,3390
3072,COM00442.00,2013,Con.Pb,Me.Pb,25000,703000,0,3391
3073,COM00442.00,2013,Con.Zn,Me.Zn,70000,554000,0,3392
3074,COM00442.00,2013,O.bulk,Me.Ag,162,108.361204,,3394
3075,COM00442.00,2013,O.bulk,Me.Au,0.277,0.185284,,3394
3076,COM00442.00,2014,Con.Cu,Me.Cu,400,148000,0,3395
3077,COM00442.00,2014,Con.Pb,Me.Pb,37000,631000,0,3396
3078,COM00442.00,2014,Con.Zn,Me.Zn,99000,546000,0,3397
3079,COM00442.00,2014,O.bulk,Me.Ag,218,98.021583,,3399
3080,COM00442.00,2014,O.bulk,Me.Au,0.468,0.210432,,3399
3081,COM00442.00,2015,Con.Cu,Me.Cu,800,163000,0,3400
3082,COM00442.00,2015,Con.Pb,Me.Pb,42000,707000,0,3401
3083,COM00442.00,2015,Con.Zn,Me.Zn,108000,550000,0,3402
3084,COM00442.00,2015,O.bulk,Me.Ag,288,121.673004,,3404
3085,COM00442.00,2015,O.bulk,Me.Au,0.559,0.236164,,3404
3086,COM00442.00,2016,Con.Cu,Me.Cu,700,152000,0,3405
3087,COM00442.00,2016,Con.Pb,Me.Pb,39000,727000,0,3406
3088,COM00442.00,2016,Con.Zn,Me.Zn,109000,543000,0,3407
3089,COM00442.00,2016,O.bulk,Me.Ag,302,115.179252,,3409
3090,COM00442.00,2016,O.bulk,Me.Au,0.58,0.221205,,3409
3091,COM00442.00,2017,Con.Cu,Me.Cu,800,163000,0,3410
3092,COM00442.00,2017,Con.Pb,Me.Pb,39000,709000,0,3411
3093,COM00442.00,2017,Con.Zn,Me.Zn,107000,535000,0,3412
3094,COM00442.00,2017,O.bulk,Me.Ag,268,101.746393,,3414
3095,COM00442.00,2017,O.bulk,Me.Au,0.541,0.205391,,3414
3096,COM00442.00,2018,Con.Cu,Me.Cu,700,137000,0,3415
3097,COM00442.00,2018,Con.Pb,Me.Pb,35000,705000,0,3416
3098,COM00442.00,2018,Con.Zn,Me.Zn,101000,529000,0,3417
3099,COM00442.00,2018,O.bulk,Me.Ag,273,104.118993,,3419
3100,COM00442.00,2018,O.bulk,Me.Au,0.542,0.206712,,3419
3101,COM00443.00,2001,O.bulk,Me.Cu,7193.4,11400,0,3421
3102,COM00443.00,2001,O.bulk,Me.Ni,11484.2,18200,0,3421
3103,COM00443.00,2002,O.bulk,Me.Cu,6716,11500,0,3423
3104,COM00443.00,2002,O.bulk,Me.Ni,11212.8,19200,0,3423
3105,COM00443.00,2003,O.bulk,Me.Cu,4774,11000,0,3425
3106,COM00443.00,2003,O.bulk,Me.Ni,8115.8,18700,0,3425
3107,COM00443.00,2004,O.bulk,Me.Cu,6344,10400,0,3427
3108,COM00443.00,2004,O.bulk,Me.Ni,10614,17400,0,3427
3109,COM00443.00,2005,O.bulk,Me.Cu,7858.9,10900,0,3429
3110,COM00443.00,2005,O.bulk,Me.Ni,12040.7,16700,0,3429
3111,COM00443.00,2006,O.bulk,Me.Cu,8579.9,11900,0,3431
3112,COM00443.00,2006,O.bulk,Me.Ni,11536,16000,0,3431
3113,COM00443.00,2007,O.bulk,Me.Cu,10933.6,15800,0,3433
3114,COM00443.00,2007,O.bulk,Me.Ni,11002.8,15900,0,3433
3115,COM00443.00,2008,O.bulk,Me.Cu,14448,17200,0,3435
3116,COM00443.00,2008,O.bulk,Me.Ni,14196,16900,0,3435
3117,COM00443.00,2009,O.bulk,Me.Cu,6330.4,19300,0,3437
3118,COM00443.00,2009,O.bulk,Me.Ni,4756,14500,0,3437
3119,COM00443.00,2010,O.bulk,Me.Cu,5313.6,21600,0,3439
3120,COM00443.00,2010,O.bulk,Me.Ni,3936,16000,0,3439
3121,COM00443.00,2011,O.bulk,Me.Cu,11392,17800,0,3441
3122,COM00443.00,2011,O.bulk,Me.Ni,13312,20800,0,3441
3123,COM00443.00,2012,O.bulk,Me.Cu,10030.8,15600,0,3443
3124,COM00443.00,2012,O.bulk,Me.Ni,10352.3,16100,0,3443
3125,COM00443.00,2013,O.bulk,Me.Cu,11573,14200,0,3445
3126,COM00443.00,2013,O.bulk,Me.Ni,14262.5,17500,0,3445
3127,COM00443.00,2014,O.bulk,Me.Cu,9424.2,13900,0,3447
3128,COM00443.00,2014,O.bulk,Me.Ni,11865,17500,0,3447
3129,COM00443.00,2015,O.bulk,Me.Cu,10814.2,13900,0,3449
3130,COM00443.00,2015,O.bulk,Me.Ni,15093.2,19400,0,3449
3131,COM00443.00,2016,O.bulk,Me.Cu,9527.4,13400,0,3451
3132,COM00443.00,2016,O.bulk,Me.Ni,13580.1,19100,0,3451
3133,COM00443.00,2017,O.bulk,Me.Cu,9398,14800,0,3453
3134,COM00443.00,2017,O.bulk,Me.Ni,12255.5,19300,0,3453
3135,COM00443.00,2018,O.bulk,Me.Cu,8842.5,13500,0,3455
3136,COM00443.00,2018,O.bulk,Me.Ni,13100,20000,0,3455
3137,COM00443.00,2019,O.bulk,Me.Cu,8461.2,13200,0,3457
3138,COM00443.00,2019,O.bulk,Me.Ni,11345.7,17700,0,3457
3139,COM00446.00,2001,O.Au,Me.Au,15.479,3.7,0.080319,3459
3140,COM00446.00,2002,O.Au,Me.Au,16.443,3.62,0.084002,3461
3141,COM00446.00,2003,O.Au,Me.Au,18.767,3.6,0.085846,3463
3142,COM00446.00,2004,O.Au,Me.Au,19.391,3.74,0.077769,3465
3143,COM00446.00,2005,O.Au,Me.Au,17.378,3.14,0.111788,3467
3144,COM00446.00,2006,O.Au,Me.Au,8.732,1.68,0.38857,3469
3145,COM00446.00,2007,O.Au,Me.Au,9.27,1.817705,,3471
3146,COM00446.00,2008,O.Au,Me.Au,7.484,1.740529,,3473
3147,COM00446.00,2009,O.Au,Me.Au,7.711,1.89,0.308771,3475
3148,COM00446.00,2010,O.Au,Me.Au,10.121,2.36,0.196776,3477
3149,COM00446.00,2011,O.Au,Me.Au,14.005,3.98,0.06997,3479
3150,COM00446.00,2012,O.Au,Me.Au,15.054,3.47,0.091891,3481
3151,COM00446.00,2013,O.Au,Me.Au,13.012,3.54,0.086836,3483
3152,COM00446.00,2014,O.Au,Me.Au,13.523,2.86,0.134454,3485
3153,COM00446.00,2015,O.Au,Me.Au,14.94,3.18,0.109451,3487
3154,COM00446.00,2016,O.Au,Me.Au,13.863,2.74,0.142164,3489
3155,COM00446.00,2017,O.Au,Me.Au,15.28,3.13,0.112905,3491
3156,COM00446.00,2018,O.Au,Me.Au,15.989,3.28,0.10106,3493
3157,COM00479.00,2002,O.bulk,Me.Cu,577.2,3700,0,3495
3158,COM00479.00,2002,O.bulk,Me.Ni,1700.4,10900,0,3495
3159,COM00479.00,2003,O.bulk,Me.Cu,1630.8,3600,0,3497
3160,COM00479.00,2003,O.bulk,Me.Ni,4575.3,10100,0,3497
3161,COM00479.00,2004,O.bulk,Me.Cu,1663.2,3300,0,3499
3162,COM00479.00,2004,O.bulk,Me.Ni,4788,9500,0,3499
3163,COM00479.00,2005,O.bulk,Me.Cu,1469.4,3100,0,3501
3164,COM00479.00,2005,O.bulk,Me.Ni,3792,8000,0,3501
3165,COM00479.00,2006,O.bulk,Me.Cu,558.9,2700,0,3503
3166,COM00479.00,2006,O.bulk,Me.Ni,1449,7000,0,3503
3167,COM00479.00,2007,O.bulk,Me.Cu,30,2500,0,3505
3168,COM00479.00,2007,O.bulk,Me.Ni,79.2,6600,0,3505
3169,COM00479.00,2008,O.bulk,Me.Cu,359.6,2900,0,3507
3170,COM00479.00,2008,O.bulk,Me.Ni,892.8,7200,0,3507
3171,COM00479.00,2012,O.bulk,Me.Cu,97.2,2700,0,3515
3172,COM00479.00,2012,O.bulk,Me.Ni,259.2,7200,0,3515
3173,COM00479.00,2013,O.bulk,Me.Cu,627.2,3200,0,3517
3174,COM00479.00,2013,O.bulk,Me.Ni,1744.4,8900,0,3517
3175,COM00484.00,2012,O.bulk,Me.Ag,33.685,,,3523
3176,COM00484.00,2012,O.bulk,Me.Au,0.577,,,3523
3177,COM00484.00,2012,O.bulk,Me.Cu,28406,17029.159273,,3523
3178,COM00484.00,2012,O.bulk,Me.Pb,5344,3203.683277,,3523
3179,COM00484.00,2012,O.bulk,Me.Zn,37419,22432.377344,,3523
3180,COM00484.00,2013,O.bulk,Me.Ag,30.938,,,3525
3181,COM00484.00,2013,O.bulk,Me.Au,0.622,,,3525
3182,COM00484.00,2013,O.bulk,Me.Cu,33780,19126.272466,,3525
3183,COM00484.00,2013,O.bulk,Me.Pb,2383,1349.257172,,3525
3184,COM00484.00,2013,O.bulk,Me.Zn,23619,13373.103297,,3525
3185,COM00484.00,2014,O.bulk,Me.Ag,30.116,,,3527
3186,COM00484.00,2014,O.bulk,Me.Au,0.706,,,3527
3187,COM00484.00,2014,O.bulk,Me.Cu,30837,24416.160257,,3527
3188,COM00484.00,2014,O.bulk,Me.Pb,3986,3156.040302,,3527
3189,COM00484.00,2014,O.bulk,Me.Zn,37896,30005.344524,,3527
3190,COM00484.00,2015,O.bulk,Me.Ag,43.427,,,3529
3191,COM00484.00,2015,O.bulk,Me.Au,0.767,,,3529
3192,COM00484.00,2015,O.bulk,Me.Cu,26047,16672.939743,,3529
3193,COM00484.00,2015,O.bulk,Me.Pb,6847,4382.831743,,3529
3194,COM00484.00,2015,O.bulk,Me.Zn,55131,35289.892922,,3529
3195,COM00485.00,2015,,Me.Au,2.115,,,
3196,COM00486.00,2008,O.Au,Me.Au,1.625,1.86,0.369972,3531
3197,COM00486.00,2009,O.Au,Me.Au,4.212,1.98,0.313484,3533
3198,COM00486.00,2010,O.Au,Me.Au,5.218,2.21,0.241203,3535
3199,COM00486.00,2011,O.Au,Me.Au,3.834,1.79,0.360855,3537
3200,COM00486.00,2012,O.Au,Me.Au,0,,,3539
3201,COM00486.00,2013,O.Au,Me.Au,0.589,1.35,0.663677,3541
3202,COM00486.00,2014,O.Au,Me.Au,2.842,1.6,0.465471,3543
3203,COM00486.00,2015,O.Au,Me.Au,3.267,1.66,0.426478,3545
3204,COM00486.00,2016,O.Au,Me.Au,3.416,1.6,0.465705,3547
3205,COM00486.00,2017,O.Au,Me.Au,3.366,1.53,0.499392,3549
3206,COM00486.00,2018,O.Au,Me.Au,3.429,1.54,0.497033,3551
3207,COM00486.00,2019,O.Au,Me.Au,3.987,1.71,0.40842,3553
3208,COM00488.00,2000,O.Au,Me.Au,76.266,,,
3209,COM00488.00,2001,O.Au,Me.Au,70.387,,,
3210,COM00488.00,2002,O.Au,Me.Au,63.762,7.598352,0.857976,3555
3211,COM00488.00,2003,O.Au,Me.Au,65.659,7.536294,0.836474,3557
3212,COM00488.00,2004,O.Au,Me.Au,60.434,6.914641,0.864305,3559
3213,COM00488.00,2005,O.Au,Me.Au,62.953,7.166094,0.866835,3561
3214,COM00488.00,2005,,Me.Au,62.953,,,
3215,COM00488.00,2007,,Me.Au,49.766,,,
3216,COM00488.00,2009,,Me.Au,42.301,,,
3217,COM00488.00,2011,,Me.Au,34.214,,,
3218,COM00488.00,2013,,Me.Au,27.744,,,
3219,COM00488.00,2014,O.Au,Me.Au,28.055,6.28,0.030121,3563
3220,COM00488.00,2015,O.Au,Me.Au,32.752,6.01,0.034302,3565
3221,COM00488.00,2016,O.Au,Me.Au,34.089,5.65,0.038218,3567
3222,COM00490.00,2000,O.bulk,Me.Au,10.365,,,
3223,COM00490.00,2001,O.bulk,Me.Au,8.553,,,
3224,COM00490.00,2002,O.bulk,Me.Au,8.757,,,
3225,COM00490.00,2003,O.bulk,Me.Au,1.428,,,
3226,COM00490.00,2004,O.bulk,Me.Au,2.997,,,
3227,COM00490.00,2005,O.bulk,Me.Au,8.41,28.11,0.978,3569
3228,COM00490.00,2006,O.bulk,Me.Au,7.061,26.325644,0.965,3571
3229,COM00490.00,2007,O.bulk,Me.Au,13.11,37.36,0.942,3573
3230,COM00490.00,2008,O.bulk,Me.Au,15.086,,,
3231,COM00490.00,2009,O.bulk,Me.Au,15.087,,,
3232,COM00490.00,2010,O.bulk,Me.Au,16.682,,,
3233,COM00490.00,2011,O.bulk,Me.Au,17.462,,,
3234,COM00490.00,2012,O.bulk,Me.Ag,8.438,12.054819,,3575
3235,COM00490.00,2012,O.bulk,Me.Au,15.346,21.923508000000002,,3575
3236,COM00490.00,2013,O.bulk,Me.Au,9.725,11.191383,,3577
3237,COM00490.00,2014,O.bulk,Me.Au,10.722,12.980184,,3579
3238,COM00490.00,2015,O.bulk,Me.Ag,13.717,18.586224,,3581
3239,COM00490.00,2015,O.bulk,Me.Au,10.326,14.49,0.963,3581
3240,COM00490.00,2016,O.bulk,Me.Ag,9.051,18.895849,,3583
3241,COM00490.00,2016,O.bulk,Me.Au,6.127,13.19,0.965,3583
3242,COM00490.00,2017,O.bulk,Me.Ag,11.228,19.873195,,3585
3243,COM00490.00,2017,O.bulk,Me.Au,9.207,17.03,0.965,3585
3244,COM00490.00,2018,O.bulk,Me.Ag,9.269,13.16596,,3587
3245,COM00490.00,2018,O.bulk,Me.Au,7.807,11.49,0.957,3587
3246,COM00496.00,2000,O.bulk,Me.Au,66.862,,,
3247,COM00496.00,2000,O.bulk,Me.Cu,742394.632,,,
3248,COM00496.00,2001,O.bulk,Me.Ag,120.68,,,
3249,COM00496.00,2001,O.bulk,Me.Au,98.713,,,
3250,COM00496.00,2001,O.bulk,Me.Cu,723116.956,,,
3251,COM00496.00,2002,O.bulk,Me.Ag,139.318,,,
3252,COM00496.00,2002,O.bulk,Me.Au,83.168,,,
3253,COM00496.00,2002,O.bulk,Me.Cu,834156.368,,,
3254,COM00496.00,2003,O.bulk,Me.Ag,140.894,,,
3255,COM00496.00,2003,O.bulk,Me.Au,89.698,,,
3256,COM00496.00,2003,O.bulk,Me.Cu,690821.18,,,
3257,COM00496.00,2004,O.bulk,Me.Au,43.573,,,
3258,COM00496.00,2004,O.bulk,Me.Cu,498498.015,,,
3259,COM00496.00,2005,O.bulk,Me.Au,97.522,,,
3260,COM00496.00,2005,O.bulk,Me.Cu,766117.513,,,
3261,COM00496.00,2006,O.bulk,Me.Au,51.71,,,
3262,COM00496.00,2006,O.bulk,Me.Cu,589670.081,,,
3263,COM00496.00,2007,O.bulk,Me.Au,73.936,,,
3264,COM00496.00,2007,O.bulk,Me.Cu,549300.36,,,
3265,COM00496.00,2008,O.bulk,Me.Au,34.019,,,
3266,COM00496.00,2008,O.bulk,Me.Cu,498951.607,,,
3267,COM00496.00,2009,O.bulk,Me.Au,85.049,,,
3268,COM00496.00,2009,O.bulk,Me.Cu,725747.792,,,
3269,COM00496.00,2010,O.bulk,Me.Au,56.699,,,
3270,COM00496.00,2010,O.bulk,Me.Cu,589670.081,,,
3271,COM00496.00,2011,O.bulk,Me.Au,40.823,,,
3272,COM00496.00,2011,O.bulk,Me.Cu,400068.47,,,
3273,COM00496.00,2012,O.bulk,Me.Au,24.437,,,
3274,COM00496.00,2012,O.bulk,Me.Cu,315246.697,,,
3275,COM00496.00,2013,O.bulk,Me.Au,32.318,,,
3276,COM00496.00,2013,O.bulk,Me.Cu,420933.719,,,
3277,COM00496.00,2014,O.bulk,Me.Au,32.035,,,
3278,COM00496.00,2014,O.bulk,Me.Cu,295288.633,,,
3279,COM00496.00,2015,O.bulk,Me.Au,34.927,,,
3280,COM00496.00,2015,O.bulk,Me.Cu,341101.462,,,
3281,COM00496.00,2016,O.bulk,Me.Au,30.079,,,
3282,COM00496.00,2016,O.bulk,Me.Cu,482168.689,,,
3283,COM00496.00,2017,O.bulk,Me.Au,44.055,,,
3284,COM00496.00,2017,O.bulk,Me.Cu,446334.892,,,
3285,COM00496.00,2018,O.bulk,Me.Au,68.492,,,
3286,COM00496.00,2018,O.bulk,Me.Cu,526167.149,,,
3287,COM00496.00,2019,O.bulk,Me.Au,24.466,,,
3288,COM00496.00,2019,O.bulk,Me.Cu,275330.569,,,
3289,COM00498.00,2001,O.Au,Me.Au,28.463,12.34,0.007118,3611
3290,COM00498.00,2002,O.Au,Me.Au,24.948,11.02,0.009093,3613
3291,COM00498.00,2003,O.Au,Me.Au,23.02,10.57,0.009864,3615
3292,COM00498.00,2004,O.Au,Me.Au,22.538,10.38,0.010259,3617
3293,COM00498.00,2005,O.Au,Me.Au,19.646,9.3,0.012588,3619
3294,COM00498.00,2006,O.Au,Me.Au,17.435,8.05,0.0171,3621
3295,COM00498.00,2007,O.Au,Me.Au,13.693,6.84641,,3623
3296,COM00498.00,2008,O.Au,Me.Au,9.355,6.682388,,3625
3297,COM00498.00,2009,O.Au,Me.Au,4.479,5.73,0.03117,3627
3298,COM00498.00,2010,O.Au,Me.Au,3.742,5.99,0.031229,3629
3299,COM00498.00,2011,O.Au,Me.Au,2.665,5.58,0.033625,3631
3300,COM00498.00,2012,O.Au,Me.Au,2.381,5.72,0.036707,3633
3301,COM00498.00,2013,O.Au,Me.Au,2.353,6.15,0.027641,3635
3302,COM00498.00,2014,O.Au,Me.Au,2.211,6.44,0.028089,3637
3303,COM00500.00,2001,O.bulk,Me.Ag,310.824,,,
3304,COM00500.00,2001,O.bulk,Me.Au,2.495,,,
3305,COM00500.00,2001,O.bulk,Me.Pb,20300,,,
3306,COM00500.00,2001,O.bulk,Me.Zn,58000,,,
3307,COM00500.00,2002,O.bulk,Me.Ag,309.35,,,
3308,COM00500.00,2002,O.bulk,Me.Au,2.92,,,
3309,COM00500.00,2002,O.bulk,Me.Pb,22300,,,
3310,COM00500.00,2002,O.bulk,Me.Zn,66500,,,
3311,COM00500.00,2003,O.bulk,Me.Ag,331.888,,,
3312,COM00500.00,2003,O.bulk,Me.Au,2.807,,,
3313,COM00500.00,2003,O.bulk,Me.Pb,22500,,,
3314,COM00500.00,2003,O.bulk,Me.Zn,69100,,,
3315,COM00500.00,2004,O.bulk,Me.Ag,275.189,,,
3316,COM00500.00,2004,O.bulk,Me.Au,2.438,,,
3317,COM00500.00,2004,O.bulk,Me.Pb,19800,,,
3318,COM00500.00,2004,O.bulk,Me.Zn,62700,,,
3319,COM00500.00,2005,O.bulk,Me.Ag,273.97,,,
3320,COM00500.00,2005,O.bulk,Me.Au,2.07,,,
3321,COM00500.00,2005,O.bulk,Me.Pb,16900,,,
3322,COM00500.00,2005,O.bulk,Me.Zn,52900,,,
3323,COM00500.00,2006,O.bulk,Me.Ag,251.347,,,
3324,COM00500.00,2006,O.bulk,Me.Au,1.786,,,
3325,COM00500.00,2006,O.bulk,Me.Pb,16900,,,
3326,COM00500.00,2006,O.bulk,Me.Zn,47500,,,
3327,COM00500.00,2007,O.bulk,Me.Ag,245.11,,,
3328,COM00500.00,2007,O.bulk,Me.Au,1.928,,,
3329,COM00500.00,2007,O.bulk,Me.Pb,17000,,,
3330,COM00500.00,2007,O.bulk,Me.Zn,50800,,,
3331,COM00506.00,2009,O.Au,Me.Au,4.462,1.19,0.766,
3332,COM00506.00,2010,O.Au,Me.Au,4.203,0.82,0.678,
3333,COM00506.00,2011,O.Au,Me.Au,4.94,0.97,0.684,
3334,COM00506.00,2012,O.Au,Me.Au,4.581,0.8,0.755,
3335,COM00506.00,2013,O.Au,Me.Au,3.742,0.88,0.725,
3336,COM00506.00,2014,O.Au,Me.Au,5.611,1.43,0.622,
3337,COM00506.00,2015,O.Au,Me.Au,5.619,1.22,0.612,
3338,COM00506.00,2016,O.Au,Me.Au,5.109,1.07,0.596,
3339,COM00507.00,2012,O.bulk,Me.Ag,1.046,2.703121,,3655
3340,COM00507.00,2012,O.bulk,Me.Au,0.326,0.8433,,3655
3341,COM00507.00,2013,O.bulk,Me.Ag,1.119,3.136362,,3657
3342,COM00507.00,2013,O.bulk,Me.Au,0.636,1.782666,,3657
3343,COM00507.00,2014,O.bulk,Me.Ag,1.733,3.785738,,3659
3344,COM00507.00,2014,O.bulk,Me.Au,1.42,5.29,0.77,3659
3345,COM00507.00,2015,O.bulk,Me.Ag,1.135,2.636723,,3661
3346,COM00507.00,2015,O.bulk,Me.Au,1.458,4.7,0.79,3661
3347,COM00507.00,2016,O.bulk,Me.Ag,1.349,2.685828,,3663
3348,COM00507.00,2016,O.bulk,Me.Au,1.126,2.82,0.75,3663
3349,COM00507.00,2017,O.bulk,Me.Ag,4.99,7.059556,,3665
3350,COM00507.00,2017,O.bulk,Me.Au,1.747,2.471479,,3665
3351,COM00507.00,2018,O.bulk,Me.Ag,16.561,79.42,2.12e-4,3667
3352,COM00507.00,2018,O.bulk,Me.Au,1.53,4.96,0.036684,3667
3353,COM00507.00,2019,O.bulk,Me.Ag,15.393,81.2,2.02e-4,3669
3354,COM00507.00,2019,O.bulk,Me.Au,1.717,7.6,0.019392,3669
3355,COM00508.00,2006,O.sul,Me.Cu,334,20000,0,3671
3356,COM00508.00,2007,O.sul,Me.Au,1.533,1.008751,0.82,3673
3357,COM00508.00,2007,O.sul,Me.Cu,35101,19000,0.82,3673
3358,COM00508.00,2008,O.sul,Me.Au,1.752,0.84579,,3675
3359,COM00508.00,2008,O.sul,Me.Cu,38401,19000,0.86,3675
3360,COM00508.00,2009,O.sul,Me.Au,2.642,1.155165,,3677
3361,COM00508.00,2009,O.sul,Me.Cu,36608,18000,0.89,3677
3362,COM00508.00,2010,O.sul,Me.Au,2.314,0.827603,,3679
3363,COM00508.00,2010,O.sul,Me.Cu,36969,15000,0.91,3679
3364,COM00508.00,2011,O.sul,Me.Au,1.781,0.66189,,3681
3365,COM00508.00,2011,O.sul,Me.Cu,35281,14000,0.91,3681
3366,COM00508.00,2012,O.sul,Me.Au,1.713,0.55933600000000006,,3683
3367,COM00508.00,2012,O.sul,Me.Cu,37670,13000,0.91,3683
3368,COM00508.00,2013,O.sul,Me.Au,1.647,0.578435,,3685
3369,COM00508.00,2013,O.sul,Me.Cu,37970,14000,0.94,3685
3370,COM00508.00,2014,O.sul,Me.Au,1.385,0.453133,,3687
3371,COM00508.00,2014,O.sul,Me.Cu,33079,12000,0.92,3687
3372,COM00508.00,2015,O.sul,Me.Au,1.811,0.451158,,3689
3373,COM00508.00,2015,O.sul,Me.Cu,45001,12000,0.92,3689
3374,COM00508.00,2016,O.sul,Me.Au,1.527,0.391691,,3691
3375,COM00508.00,2016,O.sul,Me.Cu,32818,9000,0.91,3691
3376,COM00508.00,2017,O.sul,Me.Au,1.393,0.410955,,3693
3377,COM00508.00,2017,O.sul,Me.Cu,28791,9300,0.92,3693
3378,COM00508.00,2018,O.sul,Me.Au,1.301,0.353166,,3696
3379,COM00508.00,2018,O.sul,Me.Cu,28137,8500,0.9,3696
3380,COM00516.00,2017,O.Au,Me.Au,3.686,2.67,0.751,3730
3381,COM00516.00,2018,O.Au,Me.Au,4.099,2.11,0.81,3732
3382,COM00516.00,2019,O.Au,Me.Au,4.544,1.8,0.786,3734
3383,COM00517.00,2016,O.Au,Me.Au,0.464,5.894366,,3736
3384,COM00517.00,2017,O.Au,Me.Au,1.108,6.62804,,3738
3385,COM00517.00,2018,O.Au,Me.Au,1.477,6.398274,,3740
3386,COM00517.00,2019,O.Au,Me.Au,1.217,5.693085,,3742
3387,COM00517.00,2020,O.Au,Me.Au,1.095,4.808666,,3744
3388,COM00529.00,2000,O.Au,Me.Au,9.487,,,
3389,COM00529.00,2001,O.Au,Me.Au,9.549,,,
3390,COM00529.00,2002,O.Au,Me.Au,8.367,4.665522,0.947,3838
3391,COM00529.00,2003,O.Au,Me.Au,8.336,4.354487,0.95,3840
3392,COM00529.00,2004,O.Au,Me.Au,7.683,4.043452,0.94,3842
3393,COM00529.00,2005,O.Au,Me.Au,7.154,3.732417,0.936,3844
3394,COM00529.00,2015,,Me.Au,0.007,,,
3395,COM00529.00,2018,,Me.Au,5.319,,,
3396,COM00530.00,2000,O.Cu,Me.Mo,8948.017,,,
3397,COM00530.00,2001,O.Cu,Me.Mo,8438.179,,,
3398,COM00530.00,2002,O.Cu,Me.Mo,9306.355,,,
3399,COM00530.00,2003,O.Cu,Me.Mo,10091.069,,,
3400,COM00530.00,2004,,Me.Mo,12700.586,,,
3401,COM00530.00,2005,,Me.Mo,14514.956,,,
3402,COM00530.00,2006,,Me.Mo,16782.918,,,
3403,COM00530.00,2007,,Me.Mo,17690.102,,,
3404,COM00530.00,2008,,Me.Mo,18143.695,,,
3405,COM00530.00,2009,,Me.Mo,12246.994,,,
3406,COM00530.00,2010,,Me.Mo,18143.695,,,
3407,COM00530.00,2011,,Me.Mo,17236.51,,,
3408,COM00530.00,2012,,Me.Mo,15422.141,,,
3409,COM00530.00,2013,,Me.Mo,13607.771,,,
3410,COM00530.00,2014,,Me.Mo,13607.771,,,
3411,COM00530.00,2015,,Me.Mo,11339.809,,,
3412,COM00530.00,2016,,Me.Mo,4535.924,,,
3413,COM00530.00,2017,,Me.Mo,5443.108,,,
3414,COM00530.00,2018,,Me.Mo,6350.293,,,
3415,COM00530.00,2019,,Me.Mo,5443.108,,,
3416,COM00533.00,2008,O.bulk,Me.Ag,6.277,,,
3417,COM00533.00,2008,O.bulk,Me.Au,6.202,,,
3418,COM00533.00,2009,O.bulk,Me.Ag,8.657,,,
3419,COM00533.00,2009,O.bulk,Me.Au,7.353,,,
3420,COM00533.00,2010,O.bulk,Me.Ag,10.935,0.65809,,3850
3421,COM00533.00,2010,O.bulk,Me.Au,8.237,0.495698,,3850
3422,COM00533.00,2011,O.bulk,Me.Ag,11.492,0.546702,,3852
3423,COM00533.00,2011,O.bulk,Me.Au,9.275,0.441233,,3852
3424,COM00533.00,2012,O.bulk,Me.Ag,6.885,0.279408,,3854
3425,COM00533.00,2012,O.bulk,Me.Au,8.902,0.361254,,3854
3426,COM00533.00,2013,O.bulk,Me.Ag,8.477,0.590163,,3856
3427,COM00533.00,2013,O.bulk,Me.Au,7.487,0.521277,,3856
3428,COM00533.00,2014,O.bulk,Me.Ag,19.249,0.863005,,3858
3429,COM00533.00,2014,O.bulk,Me.Au,7.515,0.336941,,3858
3430,COM00533.00,2015,O.bulk,Me.Ag,14.912,0.651884,,3860
3431,COM00533.00,2015,O.bulk,Me.Au,11.288,0.73,2.776034,3860
3432,COM00533.00,2016,O.bulk,Me.Ag,18.087,0.718908,,3862
3433,COM00533.00,2016,O.bulk,Me.Au,14.726,0.71,2.406244,3862
3434,COM00533.00,2017,O.bulk,Me.Ag,15.621,0.600169,,3864
3435,COM00533.00,2017,O.bulk,Me.Au,13.404,0.68,2.8555,3864
3436,COM00533.00,2018,O.bulk,Me.Ag,43.176,1.948654,,3866
3437,COM00533.00,2018,O.bulk,Me.Au,13.419,0.76,2.172595,3866
3438,COM00534.00,2011,Con.Fe,Me.Fe,5135000,650000,0,3878
3439,COM00534.00,2012,Con.Fe,Me.Fe,5265000,650000,0,3881
3440,COM00534.00,2013,Con.Fe,Me.Fe,5005000,650000,0,3884
3441,COM00534.00,2014,Con.Fe,Me.Fe,5005000,650000,0,3887
3442,COM00534.00,2015,Con.Fe,Me.Fe,5265000,650000,0,3890
3443,COM00534.00,2016,Con.Fe,Me.Fe,5395000,650000,0,3893
3444,COM00534.00,2017,Con.Fe,Me.Fe,5070000,650000,0,3896
3445,COM00534.00,2018,Con.Fe,Me.Fe,5070000,650000,0,3899
3446,COM00534.00,2019,Con.Fe,Me.Fe,4875000,650000,0,3902
3447,COM00535.00,2009,O.bulk,Me.Au,0.014,,,
3448,COM00535.00,2010,O.bulk,Me.Au,3.803,,,
3449,COM00535.00,2011,O.bulk,Me.Au,6.234,,,
3450,COM00535.00,2012,O.bulk,Me.Ag,53.342,14.817351,,3906
3451,COM00535.00,2012,O.bulk,Me.Au,5.524,1.534438,,3906
3452,COM00535.00,2013,O.bulk,Me.Au,5.287,1.433636,,3908
3453,COM00535.00,2014,O.bulk,Me.Au,6.584,1.645067,,3910
3454,COM00535.00,2015,O.bulk,Me.Ag,55.551,,,
3455,COM00535.00,2015,O.bulk,Me.Au,5.91,,,
3456,COM00535.00,2016,O.bulk,Me.Ag,82.797,23.957597,,3912
3457,COM00535.00,2016,O.bulk,Me.Au,4.541,1.313978,,3912
3458,COM00535.00,2017,O.bulk,Me.Ag,8.585,,,
3459,COM00535.00,2017,O.bulk,Me.Au,0.684,,,
3460,COM00536.00,2015,O.Au,Me.Au,4.087,4.27,0.9288,3914
3461,COM00536.00,2016,O.Au,Me.Au,2.842,2.78,0.9107,3916
3462,COM00536.00,2017,O.Au,Me.Au,2.631,2.37,0.8906,3918
3463,COM00536.00,2018,O.Au,Me.Au,1.74,1.73,0.8479,3920
3464,COM00536.00,2019,O.Au,Me.Au,1.069,1.74,0.804,3922
3465,COM00538.00,2000,O.Cu,Me.Cu,184612.095,4260,0.901,3924
3466,COM00538.00,2001,O.Cu,Me.Cu,180529.763,4270,0.984,3926
3467,COM00538.00,2002,O.Cu,Me.Cu,181300,4100,0.887,3928
3468,COM00538.00,2002,O.Cu,Me.Mo,2449.399,49.117647,,3928
3469,COM00538.00,2003,O.Cu,Me.Cu,170400,3930,0.885,3930
3470,COM00538.00,2003,O.Cu,Me.Mo,3311.224,67.534658,,3930
3471,COM00538.00,2004,O.Cu,Me.Cu,170300,3840,0.877,3932
3472,COM00538.00,2004,O.Cu,Me.Mo,4853.438,95.874175,,3932
3473,COM00538.00,2005,O.Cu,Me.Cu,179000,4000,0.888,3934
3474,COM00538.00,2005,O.Cu,Me.Mo,2857.632,56.401372,,3934
3475,COM00538.00,2006,O.Cu,Me.Cu,171300,4100,0.915,3936
3476,COM00538.00,2006,O.Cu,Me.Mo,1859.729,41.002926,,3936
3477,COM00538.00,2007,O.Cu,Me.Cu,139500,3700,0.879,3938
3478,COM00538.00,2007,O.Cu,Me.Mo,1859.729,43.662778,,3938
3479,COM00538.00,2008,O.Cu,Me.Cu,116000,,,
3480,COM00538.00,2008,O.Cu,Me.Mo,1905.088,,,
3481,COM00538.00,2009,O.Cu,Me.Cu,118000,,,
3482,COM00538.00,2009,O.Cu,Me.Mo,2993.71,,,
3483,COM00538.00,2010,O.Cu,Me.Cu,98500,2700,0.863,3940
3484,COM00538.00,2010,O.Cu,Me.Mo,3129.787,73.662854,,3940
3485,COM00538.00,2011,O.Cu,Me.Cu,97300,2600,0.876,3942
3486,COM00538.00,2011,O.Cu,Me.Mo,3583.38,84.745524,,3942
3487,COM00538.00,2012,O.Cu,Me.Cu,116300,3000,0.867,3944
3488,COM00538.00,2012,O.Cu,Me.Mo,4535.924,99.947639,,3944
3489,COM00538.00,2013,O.Cu,Me.Cu,113200,2900,0.859,3946
3490,COM00538.00,2013,O.Cu,Me.Mo,2766.913,61.677481,,3946
3491,COM00538.00,2014,O.Cu,Me.Cu,121500,2900,0.849,3948
3492,COM00538.00,2014,O.Cu,Me.Mo,2358.68,47.23785,,3948
3493,COM00538.00,2015,O.Cu,Me.Cu,151400,3700,0.879,3950
3494,COM00538.00,2015,O.Cu,Me.Mo,1542.214,32.634616,,3950
3495,COM00538.00,2016,O.Cu,Me.Cu,119300,2900,0.831,3952
3496,COM00538.00,2016,O.Cu,Me.Mo,2449.399,49.483804,,3952
3497,COM00538.00,2017,O.Cu,Me.Cu,92800,2400,0.744,3954
3498,COM00538.00,2017,O.Cu,Me.Mo,4218.409,80.681057,,3954
3499,COM00538.00,2018,O.Cu,Me.Cu,100800,2800,0.786,3956
3500,COM00538.00,2018,O.Cu,Me.Mo,3946.254,76.0533,,3956
3501,COM00543.00,2000,O.Au,Me.Au,2.83,,,
3502,COM00543.00,2001,O.Au,Me.Au,2.613,,,
3503,COM00543.00,2002,O.Au,Me.Au,2.613,5.287591,0.946,3980
3504,COM00543.00,2003,O.Au,Me.Au,2.799,5.287591,0.943,3982
3505,COM00547.00,2002,O.bulk,Me.Ag,128.142,261,1.8e-5,4008
3506,COM00547.00,2002,O.bulk,Me.Cu,1740,4900,0,4008
3507,COM00547.00,2002,O.bulk,Me.Pb,14006,26400,0,4008
3508,COM00547.00,2002,O.bulk,Me.Zn,20896,40800,0,4008
3509,COM00547.00,2003,O.bulk,Me.Ag,123.531,251,2e-5,4010
3510,COM00547.00,2003,O.bulk,Me.Cu,1332,3800,0,4010
3511,COM00547.00,2003,O.bulk,Me.Pb,14246,26400,0,4010
3512,COM00547.00,2003,O.bulk,Me.Zn,18855,37500,0,4010
3513,COM00547.00,2004,O.bulk,Me.Ag,115.485,228,2.4e-5,4012
3514,COM00547.00,2004,O.bulk,Me.Cu,1754,4200,0,4012
3515,COM00547.00,2004,O.bulk,Me.Pb,10569,19900,0,4012
3516,COM00547.00,2004,O.bulk,Me.Zn,15041,31400,0,4012
3517,COM00547.00,2005,O.bulk,Me.Ag,104.449,214,2.9e-5,4014
3518,COM00547.00,2005,O.bulk,Me.Au,0.031,0.23,88.32183,4014
3519,COM00547.00,2005,O.bulk,Me.Cu,1689,4600,0,4014
3520,COM00547.00,2005,O.bulk,Me.Pb,6774,13900,0,4014
3521,COM00547.00,2005,O.bulk,Me.Zn,11701,27900,0,4014
3522,COM00547.00,2006,O.bulk,Me.Ag,103.71,200,3.3e-5,4016
3523,COM00547.00,2006,O.bulk,Me.Au,0.052,0.32,41.78784,4016
3524,COM00547.00,2006,O.bulk,Me.Cu,1603,3700,0,4016
3525,COM00547.00,2006,O.bulk,Me.Pb,6858,13100,0,4016
3526,COM00547.00,2006,O.bulk,Me.Zn,11735,25900,0,4016
3527,COM00547.00,2007,O.bulk,Me.Ag,108.307,196,3.5e-5,4018
3528,COM00547.00,2007,O.bulk,Me.Au,0.099,0.43,17.648076,4018
3529,COM00547.00,2007,O.bulk,Me.Cu,1658,3600,0,4018
3530,COM00547.00,2007,O.bulk,Me.Pb,6985,12600,0,4018
3531,COM00547.00,2007,O.bulk,Me.Zn,12064,25400,0,4018
3532,COM00547.00,2008,O.bulk,Me.Ag,102.686,194,3.7e-5,4020
3533,COM00547.00,2008,O.bulk,Me.Au,0.044,0.32,52.091824,4020
3534,COM00547.00,2008,O.bulk,Me.Cu,1707,37100,0,4020
3535,COM00547.00,2008,O.bulk,Me.Pb,5903,11400,0,4020
3536,COM00547.00,2008,O.bulk,Me.Zn,11047,23100,0,4020
3537,COM00547.00,2009,O.bulk,Me.Ag,100.83,200,3.5e-5,4022
3538,COM00547.00,2009,O.bulk,Me.Au,0.035,0.29,69.005969,4022
3539,COM00547.00,2009,O.bulk,Me.Cu,2166,4800,0,4022
3540,COM00547.00,2009,O.bulk,Me.Pb,4372,9400,0,4022
3541,COM00547.00,2009,O.bulk,Me.Zn,11198,24800,0,4022
3542,COM00547.00,2010,O.bulk,Me.Ag,84.54,170.61,4.9e-5,4024
3543,COM00547.00,2010,O.bulk,Me.Au,0.043,0.31,52.627492,4024
3544,COM00547.00,2010,O.bulk,Me.Cu,1654,3900,0,4024
3545,COM00547.00,2010,O.bulk,Me.Pb,4346,9100,0,4024
3546,COM00547.00,2010,O.bulk,Me.Zn,10216,24300,0,4024
3547,COM00547.00,2011,O.bulk,Me.Ag,78.363,177,4.4e-5,4026
3548,COM00547.00,2011,O.bulk,Me.Au,0.037,0.31,53.836509,4026
3549,COM00547.00,2011,O.bulk,Me.Cu,1300,3300,0,4026
3550,COM00547.00,2011,O.bulk,Me.Pb,4900,10200,0,4026
3551,COM00547.00,2011,O.bulk,Me.Zn,9600,24600,0,4026
3552,COM00547.00,2012,O.bulk,Me.Ag,82.353,162,5.1e-5,4028
3553,COM00547.00,2012,O.bulk,Me.Au,0.02,0.22,156.716075,4028
3554,COM00547.00,2012,O.bulk,Me.Cu,2300,4400,0,4028
3555,COM00547.00,2012,O.bulk,Me.Pb,4700,9900,0,4028
3556,COM00547.00,2012,O.bulk,Me.Zn,11800,25400,0,4028
3557,COM00547.00,2013,O.bulk,Me.Ag,93.503,158,5.4e-5,4030
3558,COM00547.00,2013,O.bulk,Me.Au,0.027,0.03317,,4030
3559,COM00547.00,2013,O.bulk,Me.Cu,3400,5700,0,4030
3560,COM00547.00,2013,O.bulk,Me.Pb,5840,10400,0,4030
3561,COM00547.00,2013,O.bulk,Me.Zn,14020,25000,0,4030
3562,COM00547.00,2014,O.bulk,Me.Ag,102.871,154,5.6e-5,4032
3563,COM00547.00,2014,O.bulk,Me.Au,0.033,0.036761,,4032
3564,COM00547.00,2014,O.bulk,Me.Cu,5880,8600,0,4032
3565,COM00547.00,2014,O.bulk,Me.Pb,6030,9700,0,4032
3566,COM00547.00,2014,O.bulk,Me.Zn,14200,24100,0,4032
3567,COM00547.00,2015,O.bulk,Me.Ag,104.852,157,5.4e-5,4034
3568,COM00547.00,2015,O.bulk,Me.Au,0.03,0.24,125.497785,4034
3569,COM00547.00,2015,O.bulk,Me.Cu,6700,9700,0,4034
3570,COM00547.00,2015,O.bulk,Me.Pb,6920,10800,0,4034
3571,COM00547.00,2015,O.bulk,Me.Zn,13550,24100,0,4034
3572,COM00547.00,2016,O.bulk,Me.Ag,107.88,157,5.3e-5,4036
3573,COM00547.00,2016,O.bulk,Me.Au,0.023,0.23,171.462495,4036
3574,COM00547.00,2016,O.bulk,Me.Cu,6070,9000,0,4036
3575,COM00547.00,2016,O.bulk,Me.Pb,10720,15100,0,4036
3576,COM00547.00,2016,O.bulk,Me.Zn,19940,30100,0,4036
3577,COM00547.00,2017,O.bulk,Me.Ag,104.257,146,6.1e-5,4038
3578,COM00547.00,2017,O.bulk,Me.Au,0.033,0.23,123.975499,4038
3579,COM00547.00,2017,O.bulk,Me.Cu,6090,8400,0,4038
3580,COM00547.00,2017,O.bulk,Me.Pb,8770,12300,0,4038
3581,COM00547.00,2017,O.bulk,Me.Zn,19370,27000,0,4038
3582,COM00547.00,2018,O.bulk,Me.Ag,100.776,142,6.5e-5,4040
3583,COM00547.00,2018,O.bulk,Me.Au,0.022,0.17,246.007962,4040
3584,COM00547.00,2018,O.bulk,Me.Cu,5440,7600,0,4040
3585,COM00547.00,2018,O.bulk,Me.Pb,8050,11800,0,4040
3586,COM00547.00,2018,O.bulk,Me.Zn,17380,24400,0,4040
3587,COM00547.00,2019,O.bulk,Me.Ag,107.427,142,6.5e-5,4042
3588,COM00547.00,2019,O.bulk,Me.Au,0.027,0.027617,,4042
3589,COM00547.00,2019,O.bulk,Me.Cu,6020,8100,0,4042
3590,COM00547.00,2019,O.bulk,Me.Pb,9220,12200,0,4042
3591,COM00547.00,2019,O.bulk,Me.Zn,18070,23800,0,4042
3592,COM00553.00,2004,O.Au,Me.Au,6.251,1.72,0.360943,4052
3593,COM00553.00,2005,O.Au,Me.Au,5.803,1.71,0.379366,4054
3594,COM00553.00,2006,O.Au,Me.Au,5.57,1.578123,,4056
3595,COM00553.00,2007,O.Au,Me.Au,5.26,1.690847,,4058
3596,COM00553.00,2008,O.Au,Me.Au,5.67,1.76,0.350735,4060
3597,COM00553.00,2009,O.Au,Me.Au,5.386,1.72,0.366987,4062
3598,COM00553.00,2010,O.Au,Me.Au,5.245,1.7,0.38134,4064
3599,COM00553.00,2011,O.Au,Me.Au,5.642,1.44,0.529306,4066
3600,COM00553.00,2012,O.Au,Me.Au,5.103,1.22,0.73889,4068
3601,COM00553.00,2013,O.Au,Me.Au,6.265,1.43,0.535756,4070
3602,COM00553.00,2014,O.Au,Me.Au,5.018,1.13,0.864169,4072
3603,COM00553.00,2015,O.Au,Me.Au,5.471,1.27,0.67638,4074
3604,COM00553.00,2016,O.Au,Me.Au,6.067,1.3,0.646647,4076
3605,COM00553.00,2017,O.Au,Me.Au,6.464,1.4,0.563588,4078
3606,COM00553.00,2018,O.Au,Me.Au,7.201,1.47,0.500702,4080
3607,COM00560.00,2005,Con.Cu,Me.Cu,800.98,276200,0,4289
3608,COM00560.00,2005,Con.Pb,Me.Pb,2205,367500,0,4290
3609,COM00560.00,2005,Con.Zn,Me.Zn,70587.96,571100,0,4291
3610,COM00560.00,2006,Con.Cu,Me.Cu,1095.36,260800,0,4294
3611,COM00560.00,2006,Con.Pb,Me.Pb,1248.44,271400,0,4295
3612,COM00560.00,2006,Con.Zn,Me.Zn,67028.2,569000,0,4296
3613,COM00560.00,2007,Con.Cu,Me.Cu,1099.14,261700,0,4299
3614,COM00560.00,2007,Con.Pb,Me.Pb,2561.2,337000,0,4300
3615,COM00560.00,2007,Con.Zn,Me.Zn,63966.84,569100,0,4301
3616,COM00560.00,2008,Con.Cu,Me.Cu,1027.44,285400,0,4304
3617,COM00560.00,2008,Con.Pb,Me.Pb,4449.2,454000,0,4305
3618,COM00560.00,2008,Con.Zn,Me.Zn,62349.3,569400,0,4306
3619,COM00560.00,2009,Con.Cu,Me.Cu,945.92,295600,0,4309
3620,COM00560.00,2009,Con.Pb,Me.Pb,4171.99,528100,0,4310
3621,COM00560.00,2009,Con.Zn,Me.Zn,62051.22,569800,0,4311
3622,COM00560.00,2010,Con.Cu,Me.Cu,938.06,302600,0,4314
3623,COM00560.00,2010,Con.Pb,Me.Pb,3273.52,481400,0,4315
3624,COM00560.00,2010,Con.Zn,Me.Zn,57802.04,567800,0,4316
3625,COM00560.00,2011,Con.Cu,Me.Cu,1098.9,297000,0,4319
3626,COM00560.00,2011,Con.Pb,Me.Pb,2500,500000,0,4320
3627,COM00560.00,2011,Con.Zn,Me.Zn,52640,560000,0,4321
3628,COM00560.00,2012,Con.Cu,Me.Cu,1292.5,275000,0,4324
3629,COM00560.00,2012,Con.Pb,Me.Pb,1640,410000,0,4325
3630,COM00560.00,2012,Con.Zn,Me.Zn,50220,540000,0,4326
3631,COM00560.00,2013,Con.Cu,Me.Cu,2160,225000,0,4329
3632,COM00560.00,2013,Con.Pb,Me.Pb,700,350000,0,4330
3633,COM00560.00,2013,Con.Zn,Me.Zn,45360,540000,0,4331
3634,COM00561.00,2005,Con.Cu,Me.Cu,7789.04,198700,0,4334
3635,COM00561.00,2005,Con.Pb,Me.Pb,758.4,316000,0,4335
3636,COM00561.00,2005,Con.Zn,Me.Zn,18757.37,511100,0,4336
3637,COM00561.00,2006,Con.Cu,Me.Cu,5128.02,183800,0,4339
3638,COM00561.00,2006,Con.Pb,Me.Pb,884.52,340200,0,4340
3639,COM00561.00,2006,Con.Zn,Me.Zn,15383.55,514500,0,4341
3640,COM00561.00,2007,Con.Cu,Me.Cu,3447.84,195900,0,4344
3641,COM00561.00,2007,Con.Pb,Me.Pb,354.86,322600,0,4345
3642,COM00561.00,2007,Con.Zn,Me.Zn,8268.8,516800,0,4346
3643,COM00562.00,2005,Con.Cu,Me.Cu,4202.77,293900,0,4349
3644,COM00562.00,2005,Con.Pb,Me.Pb,11363.15,554300,0,4350
3645,COM00562.00,2005,Con.Zn,Me.Zn,29262.58,539900,0,4351
3646,COM00562.00,2006,Con.Cu,Me.Cu,4318.6,302000,0,4354
3647,COM00562.00,2006,Con.Pb,Me.Pb,10876.11,541100,0,4355
3648,COM00562.00,2006,Con.Zn,Me.Zn,26428.68,543800,0,4356
3649,COM00562.00,2007,Con.Cu,Me.Cu,4501.31,298100,0,4359
3650,COM00562.00,2007,Con.Pb,Me.Pb,10218,524000,0,4360
3651,COM00562.00,2007,Con.Zn,Me.Zn,26214.84,539400,0,4361
3652,COM00562.00,2008,Con.Cu,Me.Cu,4413.36,298200,0,4364
3653,COM00562.00,2008,Con.Pb,Me.Pb,10530.32,542800,0,4365
3654,COM00562.00,2008,Con.Zn,Me.Zn,30007.12,536800,0,4366
3655,COM00562.00,2009,Con.Cu,Me.Cu,4674.8,301600,0,4369
3656,COM00562.00,2009,Con.Pb,Me.Pb,12335.18,543400,0,4370
3657,COM00562.00,2009,Con.Zn,Me.Zn,32931.36,554400,0,4371
3658,COM00562.00,2010,Con.Cu,Me.Cu,4721.58,308600,0,4374
3659,COM00562.00,2010,Con.Pb,Me.Pb,13736.79,565300,0,4375
3660,COM00562.00,2010,Con.Zn,Me.Zn,34391.63,539900,0,4376
3661,COM00562.00,2011,Con.Cu,Me.Cu,4453,305000,0,4379
3662,COM00562.00,2011,Con.Pb,Me.Pb,14160,590000,0,4380
3663,COM00562.00,2011,Con.Zn,Me.Zn,31320,540000,0,4381
3664,COM00562.00,2012,Con.Cu,Me.Cu,4560,304000,0,4384
3665,COM00562.00,2012,Con.Pb,Me.Pb,16800,600000,0,4385
3666,COM00562.00,2012,Con.Zn,Me.Zn,32940,540000,0,4386
3667,COM00562.00,2013,Con.Cu,Me.Cu,4276.8,297000,0,4389
3668,COM00562.00,2013,Con.Pb,Me.Pb,18300,610000,0,4390
3669,COM00562.00,2013,Con.Zn,Me.Zn,34560,540000,0,4391
3670,COM00563.00,2005,Con.Pb,Me.Pb,2774.72,603200,0,4394
3671,COM00563.00,2005,Con.Zn,Me.Zn,12829.04,517300,0,4395
3672,COM00563.00,2006,Con.Pb,Me.Pb,3988.07,561700,0,4398
3673,COM00563.00,2006,Con.Zn,Me.Zn,13360.59,511900,0,4399
3674,COM00563.00,2007,Con.Pb,Me.Pb,5193.5,611000,0,4402
3675,COM00563.00,2007,Con.Zn,Me.Zn,14114.63,502300,0,4403
3676,COM00563.00,2008,Con.Pb,Me.Pb,5454.54,599400,0,4406
3677,COM00563.00,2008,Con.Zn,Me.Zn,14599.69,508700,0,4407
3678,COM00563.00,2009,Con.Pb,Me.Pb,5982.9,610500,0,4410
3679,COM00563.00,2009,Con.Zn,Me.Zn,15461.6,502000,0,4411
3680,COM00563.00,2010,Con.Pb,Me.Pb,3061.26,566900,0,4414
3681,COM00563.00,2010,Con.Zn,Me.Zn,6986.98,488600,0,4415
3682,COM00563.00,2011,Con.Pb,Me.Pb,1800,360000,0,4418
3683,COM00563.00,2011,Con.Zn,Me.Zn,0,350000,,4419
3684,COM00563.00,2012,Con.Pb,Me.Pb,2000,500000,0,4422
3685,COM00563.00,2012,Con.Zn,Me.Zn,6630,510000,0,4423
3686,COM00563.00,2013,Con.Pb,Me.Pb,5490,610000,0,4426
3687,COM00563.00,2013,Con.Zn,Me.Zn,19380,510000,0,4427
3688,COM00564.00,2005,Con.Pb,Me.Pb,2460.24,482400,0,4430
3689,COM00564.00,2005,Con.Zn,Me.Zn,12165,486600,0,4431
3690,COM00564.00,2006,Con.Pb,Me.Pb,2123.36,461600,0,4434
3691,COM00564.00,2006,Con.Zn,Me.Zn,14359.95,483500,0,4435
3692,COM00564.00,2007,Con.Pb,Me.Pb,1048.56,436900,0,4438
3693,COM00564.00,2007,Con.Zn,Me.Zn,8465.91,478300,0,4439
3694,COM00569.00,2009,Con.Fe,Me.Fe,7373250,652500,0,4443
3695,COM00569.00,2010,Con.Fe,Me.Fe,10071600,654000,0,4444
3696,COM00569.00,2016,Con.Fe,Me.Fe,8532652.5,667500,0,4450
3697,COM00569.00,2017,Con.Fe,Me.Fe,7628857.5,667500,0,4451
3698,COM00569.00,2018,Con.Fe,Me.Fe,8195565,667500,0,4452
3699,COM00578.00,2007,Con.Cu,Me.Cu,4437,153000,0,4502
3700,COM00578.00,2007,Con.Zn,Me.Ag,9.54,561.2,3e-6,4503
3701,COM00578.00,2007,Con.Zn,Me.Au,0.041,2.4,0.173611,4503
3702,COM00578.00,2007,Con.Zn,Me.Zn,6103,359000,0,4503
3703,COM00578.00,2008,Con.Cu,Me.Cu,5577,169000,0,4506
3704,COM00578.00,2008,Con.Zn,Me.Ag,15.038,626.6,3e-6,4507
3705,COM00578.00,2008,Con.Zn,Me.Au,0.062,2.6,0.147929,4507
3706,COM00578.00,2008,Con.Zn,Me.Zn,9768,407000,0,4507
3707,COM00578.00,2009,Con.Cu,Me.Cu,6265,179000,0,4510
3708,COM00578.00,2009,Con.Zn,Me.Ag,17.14,685.6,2e-6,4511
3709,COM00578.00,2009,Con.Zn,Me.Au,0.072,2.9,0.118906,4511
3710,COM00578.00,2009,Con.Zn,Me.Zn,11250,450000,0,4511
3711,COM00578.00,2010,Con.Cu,Me.Cu,4928,176000,0,4514
3712,COM00578.00,2010,Con.Zn,Me.Ag,13.005,684.5,2e-6,4515
3713,COM00578.00,2010,Con.Zn,Me.Au,0.055,2.9,0.118906,4515
3714,COM00578.00,2010,Con.Zn,Me.Zn,8588,452000,0,4515
3715,COM00578.00,2011,Con.Cu,Me.Cu,6370,182000,0,4518
3716,COM00578.00,2011,Con.Zn,Me.Ag,14.656,666.2,2e-6,4519
3717,COM00578.00,2011,Con.Zn,Me.Au,0.064,2.9,0.118906,4519
3718,COM00578.00,2011,Con.Zn,Me.Zn,10340,470000,0,4519
3719,COM00578.00,2012,Con.Cu,Me.Cu,6845,185000,0,4522
3720,COM00578.00,2012,Con.Zn,Me.Ag,13.05,593.2,3e-6,4523
3721,COM00578.00,2012,Con.Zn,Me.Au,0.062,2.8,0.127551,4523
3722,COM00578.00,2012,Con.Zn,Me.Zn,10450,475000,0,4523
3723,COM00578.00,2013,Con.Cu,Me.Cu,7332,188000,0,4526
3724,COM00578.00,2013,Con.Zn,Me.Ag,17.696,632,3e-6,4527
3725,COM00578.00,2013,Con.Zn,Me.Au,0.076,2.7,0.137174,4527
3726,COM00578.00,2013,Con.Zn,Me.Zn,13328,476000,0,4527
3727,COM00578.00,2014,O.Cu,Me.Ag,48.253,75.75,1.74e-4,4531
3728,COM00578.00,2014,O.Cu,Me.Au,0.86,1.35,0.548697,4531
3729,COM00578.00,2014,O.Cu,Me.Cu,23314.2,36600,0,4531
3730,COM00578.00,2014,O.Cu,Me.Zn,34907.6,54800,0,4531
3731,COM00578.00,2015,O.Cu,Me.Ag,40.741,62.2,2.58e-4,4533
3732,COM00578.00,2015,O.Cu,Me.Au,0.183,0.28,12.755102,4533
3733,COM00578.00,2015,O.Cu,Me.Cu,10938.5,16700,0,4533
3734,COM00578.00,2015,O.Cu,Me.Zn,20501.5,31300,0,4533
3735,COM00578.00,2016,O.Cu,Me.Ag,33.875,53.6,3.48e-4,4535
3736,COM00578.00,2016,O.Cu,Me.Au,0.183,0.29,11.890606,4535
3737,COM00578.00,2016,O.Cu,Me.Cu,9732.8,15400,0,4535
3738,COM00578.00,2016,O.Cu,Me.Zn,19718.4,31200,0,4535
3739,COM00581.00,2000,O.bulk,Me.Au,0.308,8.77118,0.8286,4537
3740,COM00581.00,2000,O.bulk,Me.Cu,128,3400,0,4537
3741,COM00581.00,2000,O.bulk,Me.Pb,17143,404144.466972,,4537
3742,COM00581.00,2000,O.bulk,Me.Zn,46546,1097317.17667,,4537
3743,COM00581.00,2001,O.bulk,Me.Au,0.304,17.417947,0.857,4539
3744,COM00581.00,2001,O.bulk,Me.Cu,46,2800,0,4539
3745,COM00581.00,2002,O.bulk,Me.Au,0.488,14.929669,0.8511,4541
3746,COM00581.00,2002,O.bulk,Me.Cu,89,3100,0,4541
3747,COM00581.00,2003,O.bulk,Me.Au,0.786,15.800566,0.8662,4543
3748,COM00581.00,2003,O.bulk,Me.Cu,194,4100,0,4543
3749,COM00581.00,2004,O.bulk,Me.Au,0.762,14.743048,0.858,4545
3750,COM00581.00,2004,O.bulk,Me.Cu,169,3450,0,4545
3751,COM00581.00,2005,O.bulk,Me.Au,0.744,13.561116,0.837,4547
3752,COM00581.00,2005,O.bulk,Me.Cu,198,4000,0,4547
3753,COM00581.00,2006,O.bulk,Me.Au,0.654,11.726011,0.833,4549
3754,COM00581.00,2006,O.bulk,Me.Cu,141,3300,0,4549
3755,COM00581.00,2007,O.bulk,Me.Au,0.461,10.015319999999999,0.8397,4551
3756,COM00581.00,2007,O.bulk,Me.Cu,185,4370,0.769,4551
3757,COM00581.00,2008,O.bulk,Me.Au,0.253,9.890906,0.843,4553
3758,COM00581.00,2008,O.bulk,Me.Cu,70,3000,0.765,4553
3759,COM00581.00,2009,O.bulk,Me.Au,0.02,8.242421,0.819,4555
3760,COM00581.00,2009,O.bulk,Me.Cu,9,4500,0.668,4555
3761,COM00581.00,2010,O.bulk,Me.Au,0.029,6.936075,0.803,4557
3762,COM00581.00,2010,O.bulk,Me.Cu,16,5300,0.687,4557
3763,COM00581.00,2011,O.bulk,Me.Au,0.055,8.366835,0.01754,4559
3764,COM00581.00,2011,O.bulk,Me.Cu,27,5000,0,4559
3765,COM00581.00,2012,O.bulk,Me.Au,0.125,8.118007,0.8657,4561
3766,COM00581.00,2012,O.bulk,Me.Cu,22,1800,0.6729,4561
3767,COM00583.00,2000,,Me.Au,0.687,,,
3768,COM00583.00,2001,,Me.Au,0.585,,,
3769,COM00583.00,2002,,Me.Au,0.407,,,
3770,COM00583.00,2003,,Me.Au,0.072,,,
3771,COM00583.00,2004,,Me.Au,0.03,,,
3772,COM00586.00,2015,,Me.Cu,2721.554,,,
3773,COM00586.00,2018,,Me.Cu,49895.161,,,
3774,COM00588.00,2006,O.Au,Me.Au,2.535,2.316789,,4687
3775,COM00588.00,2007,O.Au,Me.Au,1.682,1.71,0.948,4689
3776,COM00588.00,2008,O.Au,Me.Au,2.278,1.82,0.9,4691
3777,COM00588.00,2009,O.Au,Me.Au,3.437,1.88,0.917,4693
3778,COM00588.00,2010,O.Au,Me.Au,3.799,1.89,0.932,4695
3779,COM00588.00,2011,O.Au,Me.Au,3.784,1.89,0.933,4697
3780,COM00588.00,2012,O.Au,Me.Au,3.634,1.84,0.938,4699
3781,COM00588.00,2013,O.Au,Me.Au,2.292,1.57,0.922,4701
3782,COM00588.00,2014,O.Au,Me.Au,2.353,1.78,0.929,4703
3783,COM00588.00,2015,O.Au,Me.Au,3.008,2.17,0.945,4705
3784,COM00588.00,2016,O.Au,Me.Au,3.747,2.17,0.957,4707
3785,COM00588.00,2017,O.Au,Me.Au,4.224,2.2,0.963,4709
3786,COM00588.00,2018,O.Au,Me.Au,4.5,2.3,0.963,4711
3787,COM00588.00,2019,O.Au,Me.Au,4.971,2.28,0.967,4713
3788,COM00590.00,2020,,Me.Au,0.517,,,
3789,COM00592.00,2001,O.Au,Me.Au,11.421,9.41,0.011963,4719
3790,COM00592.00,2002,O.Au,Me.Au,9.598,7.91,0.016934,4721
3791,COM00592.00,2003,O.Au,Me.Au,8.667,7.15,0.023053,4723
3792,COM00599.00,2017,O.Au,Me.Au,1.305,,,
3793,COM00603.00,2000,O.bulk,Me.Ag,2.957,597.186755,0.929,4777
3794,COM00603.00,2000,O.bulk,Me.Au,0.001,0.311035,0.568,4777
3795,COM00603.00,2000,O.bulk,Me.Cu,17,3700,0,4777
3796,COM00603.00,2000,O.bulk,Me.Pb,28,6000,0,4777
3797,COM00603.00,2001,O.bulk,Me.Ag,22.243,628.290231,0.92,4779
3798,COM00603.00,2001,O.bulk,Me.Au,0.014,0.590966,0.618,4779
3799,COM00603.00,2001,O.bulk,Me.Cu,191,6000,0,4779
3800,COM00603.00,2001,O.bulk,Me.Pb,132,4400,0,4779
3801,COM00603.00,2002,O.bulk,Me.Ag,25.921,475.261126,0.887,4781
3802,COM00603.00,2002,O.bulk,Me.Au,0.026,0.653173,0.635,4781
3803,COM00603.00,2002,O.bulk,Me.Cu,271,5100,0,4781
3804,COM00603.00,2002,O.bulk,Me.Pb,77,4900,0,4781
3805,COM00603.00,2003,O.bulk,Me.Ag,16.375,476.816299,0.912,4783
3806,COM00603.00,2003,O.bulk,Me.Au,0.013,0.497656,0.689,4783
3807,COM00603.00,2003,O.bulk,Me.Cu,104,4000,0,4783
3808,COM00603.00,2003,O.bulk,Me.Pb,225,8300,0,4783
3809,COM00603.00,2004,O.bulk,Me.Ag,31.714,575.414321,0.937,4785
3810,COM00603.00,2004,O.bulk,Me.Au,0.002,0.062207,0.507,4785
3811,COM00603.00,2004,O.bulk,Me.Cu,83,1700,0,4785
3812,COM00603.00,2004,O.bulk,Me.Pb,854,16800,0,4785
3813,COM00603.00,2005,O.bulk,Me.Ag,40.511,584.745364,0.94,4787
3814,COM00603.00,2005,O.bulk,Me.Au,0.001,0.062207,0.358,4787
3815,COM00603.00,2005,O.bulk,Me.Cu,82,1300,1e-6,4787
3816,COM00603.00,2005,O.bulk,Me.Pb,1308,20200,0,4787
3817,COM00603.00,2006,O.bulk,Me.Ag,44.089,584.745364,0.938,4789
3818,COM00603.00,2006,O.bulk,Me.Au,0.001,0.031103,0.252,4789
3819,COM00603.00,2006,O.bulk,Me.Cu,100,1400,1e-6,4789
3820,COM00603.00,2006,O.bulk,Me.Pb,1529,21000,0,4789
3821,COM00603.00,2007,O.bulk,Me.Ag,46.135,547.421192,0.946,4791
3822,COM00603.00,2007,O.bulk,Me.Au,0.001,0.031103,0.303,4791
3823,COM00603.00,2007,O.bulk,Me.Cu,98,1400,1e-6,4791
3824,COM00603.00,2007,O.bulk,Me.Pb,1725,21100,0,4791
3825,COM00603.00,2008,O.bulk,Me.Ag,49.561,556.130165,0.931,4793
3826,COM00603.00,2008,O.bulk,Me.Au,0.006,0.09331,0.672,4793
3827,COM00603.00,2008,O.bulk,Me.Cu,120,1400,1e-6,4793
3828,COM00603.00,2008,O.bulk,Me.Pb,2162,24900,0,4793
3829,COM00603.00,2009,O.bulk,Me.Ag,56.583,547.732226,0.922,4795
3830,COM00603.00,2009,O.bulk,Me.Au,0.025,0.311035,0.75,4795
3831,COM00603.00,2009,O.bulk,Me.Cu,0,0,,4795
3832,COM00603.00,2009,O.bulk,Me.Pb,1744,17300,0,4795
3833,COM00603.00,2010,O.bulk,Me.Ag,69.573,589.72192,0.925,4797
3834,COM00603.00,2010,O.bulk,Me.Au,0.066,0.746483,0.761,4797
3835,COM00603.00,2010,O.bulk,Me.Cu,3.5,2700,1.3e-5,4797
3836,COM00603.00,2010,O.bulk,Me.Pb,2202,18900,0,4797
3837,COM00603.00,2011,O.bulk,Me.Ag,75.521,579.146738,0.929,4799
3838,COM00603.00,2011,O.bulk,Me.Au,0.064,0.684276,0.666,4799
3839,COM00603.00,2011,O.bulk,Me.Cu,394,3100,0,4799
3840,COM00603.00,2011,O.bulk,Me.Pb,2065,16100,0,4799
3841,COM00603.00,2012,O.bulk,Me.Ag,75.824,634.38,0.9291,4801
3842,COM00603.00,2012,O.bulk,Me.Au,0.038,0.57,5.948923,4801
3843,COM00603.00,2012,O.bulk,Me.Cu,384,3200,0,4801
3844,COM00603.00,2012,O.bulk,Me.Pb,2294,19400,0,4801
3845,COM00603.00,2013,O.bulk,Me.Ag,84.343,604.11,0.939,4803
3846,COM00603.00,2013,O.bulk,Me.Au,0.032,0.58,7.987176,4803
3847,COM00603.00,2013,O.bulk,Me.Cu,375,2700,0,4803
3848,COM00603.00,2013,O.bulk,Me.Pb,2314,17200,0,4803
3849,COM00603.00,2014,O.bulk,Me.Ag,95.923,600.97,0.9516,4805
3850,COM00603.00,2014,O.bulk,Me.Au,0.013,0.25,52.114886,4805
3851,COM00603.00,2014,O.bulk,Me.Cu,275,1800,0,4805
3852,COM00603.00,2014,O.bulk,Me.Pb,2619,16900,0,4805
3853,COM00603.00,2015,O.bulk,Me.Ag,101.587,597.66,0.9552,4807
3854,COM00603.00,2015,O.bulk,Me.Au,0.019,0.22,42.847092,4807
3855,COM00603.00,2015,O.bulk,Me.Cu,339,2100,0,4807
3856,COM00603.00,2015,O.bulk,Me.Pb,2592,15500,0,4807
3857,COM00603.00,2016,O.bulk,Me.Ag,101.523,606.83,0.9625,4809
3858,COM00603.00,2016,O.bulk,Me.Au,0.008,0.12,189.380571,4809
3859,COM00603.00,2016,O.bulk,Me.Cu,291,1800,0,4809
3860,COM00603.00,2016,O.bulk,Me.Pb,2883,17600,0,4809
3861,COM00603.00,2017,O.bulk,Me.Ag,69.96,552.71,0.9677,4811
3862,COM00603.00,2017,O.bulk,Me.Au,0.006,0.12,175.313505,4811
3863,COM00603.00,2017,O.bulk,Me.Cu,192,1500,0,4811
3864,COM00603.00,2017,O.bulk,Me.Pb,1824,14700,0,4811
3865,COM00603.00,2018,O.bulk,Me.Ag,77.218,726.27,0.9741,4813
3866,COM00603.00,2018,O.bulk,Me.Au,0.002,0.04,1234.375708,4813
3867,COM00603.00,2018,O.bulk,Me.Cu,169,1600,0,4813
3868,COM00603.00,2018,O.bulk,Me.Pb,1048,10100,0,4813
3869,COM00603.00,2019,O.bulk,Me.Ag,81.14,681.16,0.9622,4815
3870,COM00603.00,2019,O.bulk,Me.Au,0.005,0.09,294.910087,4815
3871,COM00603.00,2019,O.bulk,Me.Cu,185,1600,0,4815
3872,COM00603.00,2019,O.bulk,Me.Pb,966,8600,0,4815
3873,COM00605.00,2006,O.Au,Me.Au,8.66,,,
3874,COM00605.00,2007,O.Au,Me.Au,8.235,4.968643,,4817
3875,COM00605.00,2008,O.Au,Me.Au,10.697,7.20762,,4819
3876,COM00605.00,2009,O.Au,Me.Au,11.603,7.234108,,4821
3877,COM00605.00,2010,O.Au,Me.Au,9.48,5.995575,,4823
3878,COM00605.00,2011,O.Au,Me.Au,9.424,7.129648,,4825
3879,COM00605.00,2012,O.Au,Me.Au,9.424,6.38862,,4827
3880,COM00605.00,2013,O.Au,Me.Au,7.896,4.86222,,4829
3881,COM00605.00,2014,O.Au,Me.Au,3.905,,,
3882,COM00605.00,2015,O.Au,Me.Au,6.931,5.8,0.93,4831
3883,COM00605.00,2016,O.Au,Me.Au,6.516,5.5,0.93,4833
3884,COM00605.00,2017,O.Au,Me.Au,7.264,5.2,0.91,4835
3885,COM00605.00,2018,O.Au,Me.Au,8.81,5.4,0.89,4837
3886,COM00605.00,2019,O.Au,Me.Au,9.176,4.6,0.9,4839
3887,COM00605.00,2020,O.Au,Me.Au,9.335,4.5,0.91,4841
3888,COM00611.00,2000,O.Au,Me.Au,24.51,,,
3889,COM00611.00,2001,O.Au,Me.Au,23.95,,,
3890,COM00611.00,2002,O.Au,Me.Au,22.395,1.866209,0.826,4899
3891,COM00611.00,2003,O.Au,Me.Au,27.122,2.177243,0.856,4901
3892,COM00611.00,2004,O.Au,Me.Au,27.62,2.177243,0.866,4903
3893,COM00611.00,2005,O.Au,Me.Au,25.94,2.177243,0.854,4905
3894,COM00611.00,2006,O.Au,Me.Au,18.791,,,
3895,COM00611.00,2007,O.Au,Me.Au,17.772,1.500719,,4907
3896,COM00611.00,2008,O.Au,Me.Au,17.32,1.487786,,4909
3897,COM00611.00,2009,O.Au,Me.Au,19.074,1.618331,,4911
3898,COM00611.00,2010,O.Au,Me.Au,21.338,1.755556,,4913
3899,COM00611.00,2011,O.Au,Me.Au,21.225,1.764417,,4915
3900,COM00611.00,2012,O.Au,Me.Au,19.301,1.643612,,4917
3901,COM00611.00,2013,O.Au,Me.Au,18.791,1.587477,,4919
3902,COM00611.00,2014,O.Au,Me.Au,18.621,1.602861,,4921
3903,COM00611.00,2015,O.Au,Me.Au,17.917,1.729321,0.831,4923
3904,COM00611.00,2016,O.Au,Me.Au,21.659,1.814369,0.825,4925
3905,COM00611.00,2017,O.Au,Me.Au,20.809,1.78602,0.822,4927
3906,COM00611.00,2018,O.Au,Me.Au,18.03,1.474175,0.833,4929
3907,COM00611.00,2019,O.Au,Me.Au,12.927,1.133981,0.831,4931
3908,COM00617.00,2015,O.Au,Me.Au,3.009,4.3,0.92,4933
3909,COM00617.00,2016,O.Au,Me.Au,2.981,4,0.94,4935
3910,COM00618.00,2005,O.oxi,Me.Cu,48402,18000,0,4939
3911,COM00618.00,2005,O.sul,Me.Cu,28899,19000,0,4940
3912,COM00618.00,2006,O.oxi,Me.Cu,71565,15000,0,4942
3913,COM00618.00,2006,O.sul,Me.Cu,57330,13000,0,4943
3914,COM00618.00,2007,O.oxi,Me.Cu,98005,17000,0,4945
3915,COM00618.00,2007,O.sul,Me.Au,1.155,0.188284,,4946
3916,COM00618.00,2007,O.sul,Me.Cu,65428.44,11000,0.97,4946
3917,COM00618.00,2008,O.oxi,Me.Cu,101524,17000,0,4948
3918,COM00618.00,2008,O.sul,Me.Au,1.756,0.190521,,4949
3919,COM00618.00,2008,O.sul,Me.Cu,103990.32,12000,0.94,4949
3920,COM00618.00,2009,O.bulk,Me.Cu,32650.8,14000,0.65,4953
3921,COM00618.00,2009,O.oxi,Me.Cu,103369.86,22000,0.83,4954
3922,COM00618.00,2009,O.sul,Me.Au,2.828,0.2358,,4955
3923,COM00618.00,2009,O.sul,Me.Cu,111544.2,10000,0.93,4955
3924,COM00618.00,2010,O.bulk,Me.Cu,47574.02,13000,0.67,4959
3925,COM00618.00,2010,O.oxi,Me.Cu,107352.08,22000,0.86,4960
3926,COM00618.00,2010,O.sul,Me.Au,3.103,0.298835,,4961
3927,COM00618.00,2010,O.sul,Me.Cu,77242.08,8000,0.93,4961
3928,COM00618.00,2011,O.bulk,Me.Cu,52775.1,10000,0.63,4965
3929,COM00618.00,2011,O.oxi,Me.Cu,120104.16,23000,0.86,4966
3930,COM00618.00,2011,O.sul,Me.Au,3.178,0.358859,,4967
3931,COM00618.00,2011,O.sul,Me.Cu,56406.35,7000,0.91,4967
3932,COM00618.00,2012,O.bulk,Me.Cu,64977.99,11000,0.69,4971
3933,COM00618.00,2012,O.oxi,Me.Cu,117493.2,22000,0.86,4972
3934,COM00618.00,2012,O.sul,Me.Au,3.85,0.416078,,4973
3935,COM00618.00,2012,O.sul,Me.Cu,86062.2,10000,0.93,4973
3936,COM00618.00,2013,O.bulk,Me.Cu,65408.04,12000,0.71,4977
3937,COM00618.00,2013,O.oxi,Me.Cu,126045.04,22000,0.86,4978
3938,COM00618.00,2013,O.sul,Me.Au,4.737,0.427205,,4979
3939,COM00618.00,2013,O.sul,Me.Cu,81615.04,8000,0.92,4979
3940,COM00618.00,2014,O.bulk,Me.Cu,75586.39,11000,0.73,4983
3941,COM00618.00,2014,O.oxi,Me.Cu,119176.38,18000,0.83,4984
3942,COM00618.00,2014,O.sul,Me.Au,4.37,0.550151,,4985
3943,COM00618.00,2014,O.sul,Me.Cu,65061.36,9000,0.91,4985
3944,COM00618.00,2015,O.bulk,Me.Cu,86716.08,11000,0.72,4989
3945,COM00618.00,2015,O.oxi,Me.Cu,81540,15000,0.8,4990
3946,COM00618.00,2015,O.sul,Me.Au,3.856,0.464811,,4991
3947,COM00618.00,2015,O.sul,Me.Cu,60394.88,8000,0.91,4991
3948,COM00618.00,2016,O.bulk,Me.Cu,66805.2,10000,0.84,4995
3949,COM00618.00,2016,O.oxi,Me.Cu,99771.6,15000,0.94,4996
3950,COM00618.00,2016,O.sul,Me.Au,4.195,0.349902,,4997
3951,COM00618.00,2016,O.sul,Me.Cu,88231.68,8000,0.92,4997
3952,COM00618.00,2017,O.bulk,Me.Cu,71373.225,10500,0.85,5001
3953,COM00618.00,2017,O.oxi,Me.Cu,90855.492,15100,0.87,5002
3954,COM00618.00,2017,O.sul,Me.Au,3.979,0.306772,,5003
3955,COM00618.00,2017,O.sul,Me.Cu,88520.25,7500,0.91,5003
3956,COM00618.00,2018,O.bulk,Me.Cu,71152.712,10600,0.82,5007
3957,COM00618.00,2018,O.oxi,Me.Cu,88635.456,14400,0.89,5008
3958,COM00618.00,2018,O.sul,Me.Au,3.68,0.283521,,5009
3959,COM00618.00,2018,O.sul,Me.Cu,92117.844,7800,0.91,5009
3960,COM00623.00,2016,O.Au,Me.Au,1.08,3.37,0.901,5027
3961,COM00623.00,2017,O.Au,Me.Au,1.748,2.24,0.94,5029
3962,COM00623.00,2018,O.Au,Me.Au,2.183,2.64,0.949,5031
3963,COM00623.00,2019,O.Au,Me.Au,1.807,2.11,0.962,5033
3964,COM00623.00,2020,O.Au,Me.Au,0.733,1.35,0.956,5035
3965,COM00624.00,2010,O.bulk,Me.Co,3400,,,
3966,COM00624.00,2010,O.bulk,Me.Cu,58200,,,
3967,COM00624.00,2011,O.bulk,Me.Co,2400,,,
3968,COM00624.00,2011,O.bulk,Me.Cu,91200,,,
3969,COM00624.00,2012,O.bulk,Me.Co,2100,,,
3970,COM00624.00,2012,O.bulk,Me.Cu,93000,,,
3971,COM00624.00,2013,O.bulk,Me.Co,2300,,,
3972,COM00624.00,2013,O.bulk,Me.Cu,136200,,,
3973,COM00624.00,2014,O.bulk,Me.Co,2800,,,
3974,COM00624.00,2014,O.bulk,Me.Cu,158000,,,
3975,COM00624.00,2015,O.bulk,Me.Co,2900,,,
3976,COM00624.00,2015,O.bulk,Me.Cu,113700,,,
3977,COM00624.00,2016,O.bulk,Me.Co,0,,,
3978,COM00624.00,2016,O.bulk,Me.Cu,0,,,
3979,COM00624.00,2017,Con.Cu,Me.Cu,2700,,,
3980,COM00624.00,2017,,Me.Cu,2200,,,
3981,COM00624.00,2018,O.bulk,Me.Co,11100,,,
3982,COM00624.00,2018,O.bulk,Me.Cu,152400,,,
3983,COM00624.00,2019,O.bulk,Me.Co,17100,,,
3984,COM00624.00,2019,O.bulk,Me.Cu,234500,,,
3985,COM00625.00,2014,O.bulk,Me.Pb,968.866,11000,0.59,5039
3986,COM00625.00,2014,O.bulk,Me.Zn,10696.79,79000,0.907,5039
3987,COM00625.00,2015,O.bulk,Me.Pb,2512.488,11000,0.614,5043
3988,COM00625.00,2015,O.bulk,Me.Zn,31042.284,91000,0.917,5043
3989,COM00625.00,2016,O.bulk,Me.Pb,6187.214,11000,0.74,5047
3990,COM00625.00,2016,O.bulk,Me.Zn,63116.424,89000,0.933,5047
3991,COM00625.00,2017,O.bulk,Me.Pb,10500,14000,0.75,5051
3992,COM00625.00,2017,O.bulk,Me.Zn,94800,100000,0.948,5051
3993,COM00625.00,2018,O.bulk,Me.Pb,10777,12000,0.754,5055
3994,COM00625.00,2018,O.bulk,Me.Zn,101183,87000,0.945,5055
3995,COM00625.00,2019,O.bulk,Me.Pb,10341,11000,0.74,5059
3996,COM00625.00,2019,O.bulk,Me.Zn,97945,82000,0.943,5059
3997,COM00627.00,2010,O.bulk,Me.Ag,161.178,,,
3998,COM00627.00,2010,O.bulk,Me.Au,10.14,,,
3999,COM00627.00,2010,O.bulk,Me.Cu,48000,,,
4000,COM00627.00,2010,O.bulk,Me.Pb,33100,,,
4001,COM00627.00,2010,O.bulk,Me.Zn,239100,,,
4002,COM00627.00,2011,O.bulk,Me.Ag,133.714,,,
4003,COM00627.00,2011,O.bulk,Me.Au,12.13,,,
4004,COM00627.00,2011,O.bulk,Me.Cu,51200,,,
4005,COM00627.00,2011,O.bulk,Me.Pb,35600,,,
4006,COM00627.00,2011,O.bulk,Me.Zn,246000,,,
4007,COM00627.00,2012,O.bulk,Me.Ag,148.581,,,
4008,COM00627.00,2012,O.bulk,Me.Au,0.834,,,
4009,COM00627.00,2012,O.bulk,Me.Cu,26800,,,
4010,COM00627.00,2012,O.bulk,Me.Pb,26800,,,
4011,COM00627.00,2012,O.bulk,Me.Zn,579000,,,
4012,COM00627.00,2013,O.bulk,Me.Ag,18.009,,,
4013,COM00627.00,2013,O.bulk,Me.Au,18.009,,,
4014,COM00627.00,2013,O.bulk,Me.Cu,50900,,,
4015,COM00627.00,2013,O.bulk,Me.Pb,29800,,,
4016,COM00627.00,2013,O.bulk,Me.Zn,216200,,,
4017,COM00627.00,2014,O.bulk,Me.Ag,132.905,,,
4018,COM00627.00,2014,O.bulk,Me.Au,15.738,,,
4019,COM00627.00,2014,O.bulk,Me.Cu,46800,,,
4020,COM00627.00,2014,O.bulk,Me.Pb,25700,,,
4021,COM00627.00,2014,O.bulk,Me.Zn,199300,,,
4022,COM00627.00,2015,O.bulk,Me.Ag,113.621,,,
4023,COM00627.00,2015,O.bulk,Me.Au,16.174,,,
4024,COM00627.00,2015,O.bulk,Me.Cu,51900,,,
4025,COM00627.00,2015,O.bulk,Me.Pb,26300,,,
4026,COM00627.00,2015,O.bulk,Me.Zn,193400,,,
4027,COM00627.00,2016,O.bulk,Me.Ag,154.864,,,
4028,COM00627.00,2016,O.bulk,Me.Au,16.205,,,
4029,COM00627.00,2016,O.bulk,Me.Cu,53900,,,
4030,COM00627.00,2016,O.bulk,Me.Pb,59200,,,
4031,COM00627.00,2016,O.bulk,Me.Zn,187600,,,
4032,COM00627.00,2017,O.bulk,Me.Ag,183.884,,,
4033,COM00627.00,2017,O.bulk,Me.Au,18.196,,,
4034,COM00627.00,2017,O.bulk,Me.Cu,49700,,,
4035,COM00627.00,2017,O.bulk,Me.Pb,57600,,,
4036,COM00627.00,2017,O.bulk,Me.Zn,210500,,,
4037,COM00627.00,2018,O.bulk,Me.Ag,202.577,,,
4038,COM00627.00,2018,O.bulk,Me.Au,20,,,
4039,COM00627.00,2018,O.bulk,Me.Cu,52400,,,
4040,COM00627.00,2018,O.bulk,Me.Pb,55600,,,
4041,COM00627.00,2018,O.bulk,Me.Zn,201200,,,
4042,COM00627.00,2019,O.bulk,Me.Ag,144.258,,,
4043,COM00627.00,2019,O.bulk,Me.Au,19.72,,,
4044,COM00627.00,2019,O.bulk,Me.Cu,44000,,,
4045,COM00627.00,2019,O.bulk,Me.Pb,34400,,,
4046,COM00627.00,2019,O.bulk,Me.Zn,172500,,,
4047,COM00629.00,2001,,Me.Au,12.842,,,
4048,COM00629.00,2002,,Me.Au,15.28,,,
4049,COM00629.00,2003,,Me.Au,13.296,,,
4050,COM00629.00,2004,,Me.Au,9.299,,,
4051,COM00629.00,2005,,Me.Au,1.219,,,
4052,COM00631.00,2010,O.Au,Me.Au,1.221,7.937866,0.899,5077
4053,COM00631.00,2011,O.Au,Me.Au,2.502,6.52039,0.927,5079
4054,COM00631.00,2012,O.Au,Me.Au,2.324,6.236895,0.956,5081
4055,COM00631.00,2013,O.Au,Me.Au,3.249,5.9534,0.966,5083
4056,COM00631.00,2014,O.Au,Me.Au,3.334,5.669905,0.94,5085
4057,COM00631.00,2015,O.Au,Me.Au,3.573,5.669905,0.949,5087
4058,COM00631.00,2016,O.Au,Me.Au,3.519,5.9534,0.948,5089
4059,COM00631.00,2017,O.Au,Me.Au,3.257,5.102914,0.935,5091
4060,COM00631.00,2018,O.Au,Me.Au,2.988,5.102914,0.923,5093
4061,COM00631.00,2019,O.Au,Me.Au,3.62,5.9534,0.91,5095
4062,COM00632.00,2011,Con.Fe,Me.Fe,402500,575000,0,5096
4063,COM00632.00,2012,Con.Fe,Me.Fe,391000,575000,0,5097
4064,COM00632.00,2013,Con.Fe,Me.Fe,402500,575000,0,5098
4065,COM00632.00,2014,Con.Fe,Me.Fe,402500,575000,0,5099
4066,COM00632.00,2015,Con.Fe,Me.Fe,402500,575000,0,5100
4067,COM00632.00,2016,Con.Fe,Me.Fe,287500,575000,0,5101
4068,COM00632.00,2017,Con.Fe,Me.Fe,220000,550000,0,5102
4069,COM00632.00,2018,Con.Fe,Me.Fe,330000,550000,0,5103
4070,COM00632.00,2019,Con.Fe,Me.Fe,220000,550000,0,5104
4071,COM00634.00,2004,O.Au,Me.Au,3.01,,,
4072,COM00634.00,2005,O.Au,Me.Au,2.119,,,
4073,COM00634.00,2008,O.Au,Me.Au,0.841,12.29,0.884,5106
4074,COM00634.00,2009,O.Au,Me.Au,5.398,20.48,0.918,5108
4075,COM00634.00,2010,O.Au,Me.Au,6.183,16.21,0.888,5110
4076,COM00634.00,2011,O.Au,Me.Au,5.452,13.77,0.892,5112
4077,COM00634.00,2012,O.Au,Me.Au,4.854,13.27,0.921,5114
4078,COM00634.00,2013,O.Au,Me.Au,4.67,13,0.932,5116
4079,COM00634.00,2014,O.Au,Me.Au,3.837,9.98,0.935,5118
4080,COM00634.00,2015,O.Au,Me.Au,3.028,7.75,0.923,5120
4081,COM00634.00,2016,O.Au,Me.Au,3.492,7.84,0.933,5122
4082,COM00635.00,2012,O.bulk,Me.Au,0.152,0.048402,,5124
4083,COM00635.00,2012,O.bulk,Me.Cu,8094,3000,0.83,5124
4084,COM00635.00,2012,O.bulk,Me.Ni,3875,2000,0.56,5124
4085,COM00635.00,2012,O.bulk,Me.Pd,0.345,0.109872,,5124
4086,COM00635.00,2012,O.bulk,Me.Pt,0.391,0.124527,,5124
4087,COM00635.00,2013,O.bulk,Me.Au,0.332,0.052544,,5126
4088,COM00635.00,2013,O.bulk,Me.Cu,14775,3000,0.83,5126
4089,COM00635.00,2013,O.bulk,Me.Ni,8963,2000,0.63,5126
4090,COM00635.00,2013,O.bulk,Me.Pd,0.697,0.110435,,5126
4091,COM00635.00,2013,O.bulk,Me.Pt,0.86,0.136269,,5126
4092,COM00635.00,2014,O.bulk,Me.Au,0.363,0.054163,,5128
4093,COM00635.00,2014,O.bulk,Me.Cu,17535,3000,0.87,5128
4094,COM00635.00,2014,O.bulk,Me.Ni,9433,2000,0.61,5128
4095,COM00635.00,2014,O.bulk,Me.Pd,0.736,0.109599,,5128
4096,COM00635.00,2014,O.bulk,Me.Pt,0.965,0.143756,,5128
4097,COM00635.00,2015,O.bulk,Me.Au,0.364,0.054549,,5130
4098,COM00635.00,2015,O.bulk,Me.Cu,17204,3000,0.89,5130
4099,COM00635.00,2015,O.bulk,Me.Ni,8805,2000,0.67,5130
4100,COM00635.00,2015,O.bulk,Me.Pd,0.713,0.106984,,5130
4101,COM00635.00,2015,O.bulk,Me.Pt,0.903,0.135445,,5130
4102,COM00635.00,2016,O.bulk,Me.Au,0.471,0.063752,,5132
4103,COM00635.00,2016,O.bulk,Me.Cu,20570,2782.738095,,5132
4104,COM00635.00,2016,O.bulk,Me.Ni,11099,1501.488095,,5132
4105,COM00635.00,2016,O.bulk,Me.Pd,0.853,0.115375,,5132
4106,COM00635.00,2016,O.bulk,Me.Pt,1.116,0.151037,,5132
4107,COM00635.00,2017,Con.Cu,Me.Cu,29957,268000,0,5133
4108,COM00635.00,2017,Con.Ni,Me.Ni,13777,99000,0,5134
4109,COM00635.00,2017,O.bulk,Me.Au,0.647,0.081785,,5136
4110,COM00635.00,2017,O.bulk,Me.Co,587,74.20048,,5136
4111,COM00635.00,2017,O.bulk,Me.Pd,1.021,0.129061,,5136
4112,COM00635.00,2017,O.bulk,Me.Pt,1.418,0.179244,,5136
4113,COM00635.00,2018,Con.Cu,Me.Cu,27498,251000,0,5137
4114,COM00635.00,2018,Con.Ni,Me.Ni,13948,96000,0,5138
4115,COM00635.00,2018,O.bulk,Me.Au,0.63,0.083092,,5140
4116,COM00635.00,2018,O.bulk,Me.Co,591,77.947771,,5140
4117,COM00635.00,2018,O.bulk,Me.Pd,1.157,0.152598,,5140
4118,COM00635.00,2018,O.bulk,Me.Pt,1.576,0.207861,,5140
4119,COM00642.00,2013,O.Au,Me.Au,2.52,3.41,0.103443,5186
4120,COM00642.00,2014,O.Au,Me.Au,14.931,2.95,0.126132,5188
4121,COM00642.00,2015,O.Au,Me.Au,18.207,2.93,0.129137,5190
4122,COM00642.00,2016,O.Au,Me.Au,16.632,2.49,0.177078,5192
4123,COM00642.00,2017,O.Au,Me.Au,16.884,2.44,0.183404,5194
4124,COM00642.00,2018,O.Au,Me.Au,22.869,3.06,0.117497,5196
4125,COM00643.00,2006,Con.bulk,Me.Cu,50400,,,
4126,COM00643.00,2006,,Oth.cuca,127900,,,
4127,COM00643.00,2007,Con.bulk,Me.Cu,46600,,,
4128,COM00643.00,2007,,Oth.cuca,127800,,,
4129,COM00643.00,2008,Con.bulk,Me.Cu,43000,,,
4130,COM00643.00,2008,,Oth.cuca,87000,,,
4131,COM00643.00,2009,Con.bulk,Me.Cu,44000,,,
4132,COM00643.00,2009,,Oth.cuca,54000,,,
4133,COM00643.00,2010,Con.bulk,Me.Cu,53000,,,
4134,COM00643.00,2010,Con.bulk,Me.Zn,86000,,,
4135,COM00643.00,2010,,Oth.cuca,38000,,,
4136,COM00643.00,2011,Con.bulk,Me.Cu,42000,,,
4137,COM00643.00,2011,Con.bulk,Me.Zn,71000,,,
4138,COM00643.00,2012,Con.bulk,Me.Ag,81.562,,,
4139,COM00643.00,2012,Con.bulk,Me.Cu,34400,,,
4140,COM00643.00,2012,Con.bulk,Me.Zn,78100,,,
4141,COM00643.00,2013,Con.bulk,Me.Ag,91.682,,,
4142,COM00643.00,2013,Con.bulk,Me.Cu,36900,,,
4143,COM00643.00,2013,Con.bulk,Me.Zn,67800,,,
4144,COM00643.00,2014,Con.bulk,Me.Ag,58.57,,,
4145,COM00643.00,2014,Con.bulk,Me.Cu,38500,,,
4146,COM00643.00,2014,Con.bulk,Me.Zn,61000,,,
4147,COM00643.00,2015,Con.bulk,Me.Ag,67.132,,,
4148,COM00643.00,2015,Con.bulk,Me.Cu,40100,,,
4149,COM00643.00,2015,Con.bulk,Me.Zn,63200,,,
4150,COM00643.00,2016,Con.bulk,Me.Ag,64.977,,,
4151,COM00643.00,2016,Con.bulk,Me.Cu,38300,,,
4152,COM00643.00,2016,Con.bulk,Me.Zn,78500,,,
4153,COM00643.00,2017,Con.bulk,Me.Ag,64.382,,,
4154,COM00643.00,2017,Con.bulk,Me.Cu,39900,,,
4155,COM00643.00,2017,Con.bulk,Me.Zn,72400,,,
4156,COM00643.00,2018,Con.bulk,Me.Ag,53.666,,,
4157,COM00643.00,2018,Con.bulk,Me.Cu,33600,,,
4158,COM00643.00,2018,Con.bulk,Me.Zn,65900,,,
4159,COM00643.00,2019,Con.bulk,Me.Ag,46.89,,,
4160,COM00643.00,2019,Con.bulk,Me.Cu,33500,,,
4161,COM00643.00,2019,Con.bulk,Me.Zn,67600,,,
4162,COM00648.00,2018,O.Cu,Me.Cu,27492,46500,0.9576,
4163,COM00648.00,2019,O.Cu,Me.Cu,31059,49000,0.9627,
4164,COM00649.00,2012,O.Cu,Me.Cu,35698,,,5242
4165,COM00649.00,2013,O.Cu,Me.Cu,62074,,,5244
4166,COM00649.00,2014,O.Cu,Oth.cuca,69624,38717.469907,,5246
4167,COM00649.00,2015,O.Cu,Oth.cuca,80169,36709.014357,,5248
4168,COM00649.00,2016,O.Cu,Oth.cuca,80650,35148.810432,,5250
4169,COM00649.00,2017,O.Cu,Oth.cuca,80186,35257.364338,,5252
4170,COM00649.00,2018,O.Cu,Oth.cuca,79711,33112.654309,,5254
4171,COM00651.00,2011,O.Cu,Me.Cu,12321,55500,0.575,5256
4172,COM00651.00,2012,O.Cu,Me.Cu,36966,67600,0.542,5258
4173,COM00651.00,2013,O.Cu,Me.Cu,41255,70000,0.596,5260
4174,COM00651.00,2014,O.Cu,Oth.cuca,13557,24600,0,5262
4175,COM00651.00,2015,O.Cu,Oth.cuca,26151,37800,0,5264
4176,COM00651.00,2016,O.Cu,Oth.cuca,23119,24500,0,5266
4177,COM00651.00,2017,O.Cu,Oth.cuca,17630,20964.435375,,5268
4178,COM00651.00,2018,O.Cu,Oth.cuca,19199,45114.566419,,5270
4179,COM00651.00,2019,O.Cu,Oth.cuca,9896,13191.272113,,5272
4180,COM00655.00,2009,O.bulk,Me.Au,2.033,5.02,0.094101,5282
4181,COM00655.00,2010,O.bulk,Me.Au,3.572,5.41,0.049702,5284
4182,COM00655.00,2011,O.bulk,Me.Au,4.063,5.11,0.04965,5286
4183,COM00655.00,2012,O.bulk,Me.Au,4.977,5.68,0.038568,5288
4184,COM00655.00,2013,O.bulk,Me.Ag,0.17,0.182073,,5290
4185,COM00655.00,2013,O.bulk,Me.Au,4.144,5.4,0.041751,5290
4186,COM00655.00,2014,O.bulk,Me.Ag,0.198,0.171607,,5292
4187,COM00655.00,2014,O.bulk,Me.Au,4.011,4.57,0.063082,5292
4188,COM00655.00,2015,O.bulk,Me.Ag,0.312,0.213003,,5294
4189,COM00655.00,2015,O.bulk,Me.Au,5.02,4.44,0.065689,5294
4190,COM00655.00,2016,O.bulk,Me.Ag,0.34,0.204109,,5296
4191,COM00655.00,2016,O.bulk,Me.Au,5.731,4.41,0.065948,5296
4192,COM00655.00,2017,O.bulk,Me.Ag,0.369,0.218769,,5298
4193,COM00655.00,2017,O.bulk,Me.Au,5.573,4.15,0.072835,5298
4194,COM00655.00,2018,O.bulk,Me.Ag,0.369,0.201684,,5300
4195,COM00655.00,2018,O.bulk,Me.Au,5.348,3.8,0.089916,5300
4196,COM00655.00,2019,O.bulk,Me.Ag,0.369,0.231657,,5302
4197,COM00655.00,2019,O.bulk,Me.Au,5.267,4.15,0.072788,5302
4198,COM00657.00,2012,O.Au,Me.Au,15.35,3.760412,,5304
4199,COM00657.00,2013,O.Au,Me.Au,15.977,3.783329,,5306
4200,COM00657.00,2014,O.Au,Me.Au,17.038,3.661724,,5308
4201,COM00657.00,2015,O.Au,Me.Au,14.068,3.53734,,5310
4202,COM00657.00,2016,O.Au,Me.Au,15.21,3.25278,,5312
4203,COM00657.00,2017,O.Au,Me.Au,14.997,2.566204,,5314
4204,COM00657.00,2018,O.Au,Me.Au,13.835,1.946338,,5316
4205,COM00662.00,2017,O.Cu,Me.Cu,21940,,,
4206,COM00662.00,2018,O.Cu,Me.Cu,53235,,,
4207,COM00664.00,2013,,Me.Ni,1400,,,
4208,COM00664.00,2014,,Me.Ni,12600,,,
4209,COM00664.00,2015,,Me.Ni,9100,,,
4210,COM00664.00,2016,,Me.Ni,13600,,,
4211,COM00664.00,2017,,Me.Ni,17500,,,
4212,COM00664.00,2018,,Me.Ni,28300,,,
4213,COM00664.00,2019,,Me.Ni,23700,,,
4214,COM00668.00,2001,O.Au,Me.Au,14.005,7.4,0.020264,5412
4215,COM00668.00,2002,O.Au,Me.Au,14.487,7.23,0.021005,5414
4216,COM00668.00,2003,O.Au,Me.Au,14.09,7.07,0.022085,5416
4217,COM00668.00,2004,O.Au,Me.Au,13.778,7.37,0.019696,5418
4218,COM00668.00,2005,O.Au,Me.Au,13.664,7.38,0.019833,5420
4219,COM00668.00,2006,O.Au,Me.Au,12.644,7.01,0.022565,5422
4220,COM00668.00,2007,O.Au,Me.Au,11.85,6.583389,,5424
4221,COM00668.00,2008,O.Au,Me.Au,10.263,6.41408,,5426
4222,COM00668.00,2009,O.Au,Me.Au,9.525,6.74,0.023364,5428
4223,COM00668.00,2010,O.Au,Me.Au,8.647,6.13,0.030187,5430
4224,COM00668.00,2011,O.Au,Me.Au,8.703,6.47,0.026638,5432
4225,COM00668.00,2012,O.Au,Me.Au,4.649,5.4,0.035848,5434
4226,COM00668.00,2013,O.Au,Me.Au,5.046,5.23,0.037891,5436
4227,COM00668.00,2014,O.Au,Me.Au,3.969,5.55,0.036318,5438
4228,COM00668.00,2015,O.Au,Me.Au,3.317,5.43,0.038866,5440
4229,COM00668.00,2016,O.Au,Me.Au,2.58,5.09,0.045693,5442
4230,COM00668.00,2017,O.Au,Me.Au,2.58,4.68,0.049696,5444
4231,COM00670.00,2001,O.Fe,Me.Fe,2910050,308333.333333,0,5447
4232,COM00670.00,2002,O.Fe,Me.Fe,1314852,308000,0,5450
4233,COM00670.00,2003,O.Fe,Me.Fe,2651133.333,316666.666667,0,5453
4234,COM00670.00,2004,O.Fe,Me.Fe,3210544,314666.666667,0,5456
4235,COM00670.00,2005,Con.Fe,Me.Fe,2830772,626000,0,5457
4236,COM00670.00,2005,O.Fe,Me.Fe,3483008.667,307333.333333,0,5459
4237,COM00670.00,2006,Con.Fe,Me.Fe,3114976,626000,0,5460
4238,COM00670.00,2006,O.Fe,Me.Fe,3712841,319000,0,5462
4239,COM00670.00,2007,Con.Fe,Me.Fe,3086986,622000,0,5463
4240,COM00670.00,2007,O.Fe,Me.Fe,3893945,304333.333333,0,5465
4241,COM00670.00,2008,Con.Fe,Me.Fe,2923400,622000,0,5466
4242,COM00670.00,2008,O.Fe,Me.Fe,3520807.667,300333.333333,0,5468
4243,COM00670.00,2009,Con.Fe,Me.Fe,2620800,624000,0,5469
4244,COM00670.00,2009,O.Fe,Me.Fe,3214850,284500,0,5471
4245,COM00670.00,2010,Con.Fe,Me.Fe,2612400,622000,0,5472
4246,COM00670.00,2010,O.Fe,Me.Fe,3226400,290666.666667,0,5474
4247,COM00670.00,2011,Con.Fe,Me.Fe,2812500,625000,0,5475
4248,COM00670.00,2011,O.Fe,Me.Fe,3596800,281000,0,5477
4249,COM00670.00,2012,Con.Fe,Me.Fe,2736800,622000,0,5478
4250,COM00670.00,2012,O.Fe,Me.Fe,3515400,279000,0,5480
4251,COM00670.00,2013,Con.Fe,Me.Fe,2717600,632000,0,5481
4252,COM00670.00,2013,O.Fe,Me.Fe,3471300,275500,0,5483
4253,COM00670.00,2014,Con.Fe,Me.Fe,2022400,632000,0,5484
4254,COM00670.00,2014,O.Fe,Me.Fe,2442600,265500,0,5486
4255,COM00670.00,2015,Con.Fe,Me.Fe,1706400,632000,0,5487
4256,COM00670.00,2015,O.Fe,Me.Fe,2137200,274000,0,5489
4257,COM00670.00,2016,Con.Fe,Me.Fe,1695600,628000,0,5490
4258,COM00670.00,2016,O.Fe,Me.Fe,2111500,257500,0,5492
4259,COM00670.00,2017,Con.Fe,Me.Fe,1570000,628000,0,5493
4260,COM00670.00,2017,O.Fe,Me.Fe,1976000,247000,0,5495
4261,COM00670.00,2018,Con.Fe,Me.Fe,1256000,628000,0,5496
4262,COM00670.00,2018,O.Fe,Me.Fe,1740800,256000,0,5498
4263,COM00670.00,2019,Con.Fe,Me.Fe,1567500,627000,0,5499
4264,COM00670.00,2019,O.Fe,Me.Fe,1911000,294000,0,5501
4265,COM00670.00,2020,Con.Fe,Me.Fe,1310400,624000,0,5502
4266,COM00670.00,2020,O.Fe,Me.Fe,1862000,266000,0,5504
4267,COM00671.00,2007,O.Cu,Me.Ag,58.15,39.72,6.34e-4,5506
4268,COM00671.00,2007,O.Cu,Me.Au,3.601,2.46,0.165246,5506
4269,COM00671.00,2007,O.Cu,Me.Cu,51972,35500,0,5506
4270,COM00671.00,2007,O.Cu,Me.Zn,40552.8,27700,0,5506
4271,COM00671.00,2008,O.Cu,Me.Ag,13.021,43.55,5.27e-4,5508
4272,COM00671.00,2008,O.Cu,Me.Au,0.625,2.09,0.228932,5508
4273,COM00671.00,2008,O.Cu,Me.Cu,8162.7,27300,0,5508
4274,COM00671.00,2008,O.Cu,Me.Zn,11750.7,39300,0,5508
4275,COM00673.00,2007,O.Cu,Me.Ag,0.347,0.86,1.352082,5510
4276,COM00673.00,2007,O.Cu,Me.Cu,1209,3000,0,5510
4277,COM00673.00,2008,O.Cu,Me.Ag,0.621,0.71,1.983733,5512
4278,COM00673.00,2008,O.Cu,Me.Cu,2534.6,2900,0,5512
4279,COM00673.00,2012,O.Cu,Me.Ag,5.262,1.89,0.279947,5514
4280,COM00673.00,2012,O.Cu,Me.Cu,8073.6,2900,0,5514
4281,COM00673.00,2013,O.Cu,Me.Ag,5.772,1.2,0.694444,5516
4282,COM00673.00,2013,O.Cu,Me.Cu,14430,3000,0,5516
4283,COM00673.00,2014,O.Cu,Me.Ag,6.831,1.71,0.341986,5518
4284,COM00673.00,2014,O.Cu,Me.Cu,12384.5,3100,0,5518
4285,COM00680.00,2016,O.pgm,Me.pgm,5.543,2.48,0.198739,5526
4286,COM00680.00,2017,O.pgm,Me.pgm,14.992,2.42,0.8191,5528
4287,COM00680.00,2018,O.pgm,Me.pgm,15.863,2.48,0.8265,5530
4288,COM00681.00,2011,Con.Fe,Me.Fe,6240000,650000,0,5537
4289,COM00681.00,2011,Oth.sif,Me.Fe,632500,575000,0,5538
4290,COM00681.00,2012,Con.Fe,Me.Fe,6363500,650000,0,5541
4291,COM00681.00,2012,Oth.sif,Me.Fe,523250,575000,0,5542
4292,COM00681.00,2013,Con.Fe,Me.Fe,6630000,650000,0,5545
4293,COM00681.00,2013,Oth.sif,Me.Fe,575000,575000,0,5546
4294,COM00681.00,2014,Con.Fe,Me.Fe,6435000,650000,0,5549
4295,COM00681.00,2014,Oth.sif,Me.Fe,575000,575000,0,5550
4296,COM00681.00,2015,Con.Fe,Me.Fe,6565000,650000,0,5553
4297,COM00681.00,2015,Oth.sif,Me.Fe,517500,575000,0,5554
4298,COM00681.00,2016,Con.Fe,Me.Fe,5850000,650000,0,5557
4299,COM00681.00,2016,Oth.sif,Me.Fe,517500,575000,0,5558
4300,COM00681.00,2017,Con.Fe,Me.Fe,5915000,650000,0,5561
4301,COM00681.00,2017,Oth.sif,Me.Fe,440000,550000,0,5562
4302,COM00681.00,2018,Con.Fe,Me.Fe,6045000,650000,0,5565
4303,COM00681.00,2018,Oth.sif,Me.Fe,495000,550000,0,5566
4304,COM00681.00,2019,Con.Fe,Me.Fe,6370000,650000,0,5569
4305,COM00681.00,2019,Oth.sif,Me.Fe,440000,550000,0,5570
4306,COM00683.00,2015,O.Au,Me.Au,3.205,10.2,0.97,5574
4307,COM00683.00,2016,O.Au,Me.Au,3.334,7.6,0.96,5576
4308,COM00684.00,2008,O.Au,Me.Ag,173.147,330.38,0.82,5578
4309,COM00684.00,2008,O.Au,Me.Au,16.65,28.51,0.945,5578
4310,COM00684.00,2009,O.Au,Me.Ag,255.204,266.9,0.829,5580
4311,COM00684.00,2009,O.Au,Me.Au,24.69,22.79,0.947,5580
4312,COM00684.00,2010,O.Au,Me.Ag,207.532,217,0.837,5582
4313,COM00684.00,2010,O.Au,Me.Au,19.848,18.04,0.946,5582
4314,COM00684.00,2011,O.Au,Me.Ag,204.972,195.31,0.839,5584
4315,COM00684.00,2011,O.Au,Me.Au,15.526,13.37,0.938,5584
4316,COM00684.00,2012,O.Au,Me.Ag,187.616,169.59,0.854,5586
4317,COM00684.00,2012,O.Au,Me.Au,14.648,12.06,0.935,5586
4318,COM00684.00,2013,O.Au,Me.Ag,155.517,132.13,0.842,5588
4319,COM00684.00,2013,O.Au,Me.Au,14.901,11.13,0.933,5588
4320,COM00684.00,2014,O.Au,Me.Ag,132.905,92.91,0.851,5590
4321,COM00684.00,2014,O.Au,Me.Au,21.347,13.51,0.949,5590
4322,COM00684.00,2015,O.Au,Me.Ag,146.186,100.75,0.867,5592
4323,COM00684.00,2015,O.Au,Me.Au,21.669,13.52,0.954,5592
4324,COM00684.00,2016,O.Au,Me.Ag,152.687,103.38,0.878,5594
4325,COM00684.00,2016,O.Au,Me.Au,20.729,12.72,0.953,5594
4326,COM00684.00,2017,O.Au,Me.Ag,120.65,81.11,0.848,5596
4327,COM00684.00,2017,O.Au,Me.Au,16.445,10.01,0.948,5596
4328,COM00684.00,2018,O.Au,Me.Ag,102.828,70.94,0.835,5598
4329,COM00684.00,2018,O.Au,Me.Au,14.018,8.61,0.946,5598
4330,COM00689.00,2015,Con.Cu,Me.Cu,11835,190000,0,5599
4331,COM00689.00,2015,Con.Zn,Me.Zn,2189,423000,0,5600
4332,COM00689.00,2015,O.bulk,Me.Au,0.421,0.574352,,5602
4333,COM00689.00,2016,Con.Cu,Me.Cu,12123,198000,0,5603
4334,COM00689.00,2016,Con.Zn,Me.Zn,2477,469000,0,5604
4335,COM00689.00,2016,O.bulk,Me.Au,0.477,0.598494,,5606
4336,COM00689.00,2017,Con.Cu,Me.Cu,9686,188000,0,5607
4337,COM00689.00,2017,Con.Zn,Me.Zn,1682,443000,0,5608
4338,COM00689.00,2017,O.bulk,Me.Au,0.674,0.833127,,5610
4339,COM00689.00,2018,Con.Cu,Me.Cu,7353,175000,0,5611
4340,COM00689.00,2018,Con.Zn,Me.Zn,1011,433000,0,5612
4341,COM00689.00,2018,O.bulk,Me.Au,0.605,0.770701,,5614
4342,COM00689.00,2018,O.bulk,Me.Co,278,354.140127,,5614
4343,COM00689.00,2018,O.bulk,Me.Ni,518,659.872611,,5614
4344,COM00690.00,2015,O.bulk,Me.Zn,51731,,,
4345,COM00690.00,2016,O.bulk,Me.Zn,73731,,,
4346,COM00690.00,2017,O.bulk,Me.Pb,3298,,,
4347,COM00690.00,2017,O.bulk,Me.Zn,93272,,,
4348,COM00690.00,2018,O.bulk,Me.Pb,4152,,,
4349,COM00690.00,2018,O.bulk,Me.Zn,99918,,,
4350,COM00692.00,2011,O.bulk,Me.Au,1.457,1,0.77,5676
4351,COM00692.00,2012,O.bulk,Me.Au,5.701,0.83,0.87,5678
4352,COM00692.00,2013,O.bulk,Me.Au,6.081,0.62,0.86,5680
4353,COM00692.00,2014,O.bulk,Me.Au,6.302,0.51,0.86,5682
4354,COM00692.00,2015,O.bulk,Me.Au,6.529,0.61,0.86,5684
4355,COM00692.00,2016,O.bulk,Me.Au,5.786,0.49,0.86,5686
4356,COM00692.00,2017,O.bulk,Me.Au,5.545,0.49,4.747654,5688
4357,COM00693.00,2005,Con.Cu,Me.Cu,122300,272000,0,5691
4358,COM00693.00,2005,Con.Mo,Me.Mo,4200,568800,0,5692
4359,COM00693.00,2005,O.oxi,Oth.cuca,22000,2600,0.3854,
4360,COM00693.00,2005,,Me.Ag,60.186,,,
4361,COM00693.00,2006,Con.Cu,Me.Cu,58100,254900,0,5696
4362,COM00693.00,2006,Con.Mo,Me.Mo,2500,559200,0,5697
4363,COM00693.00,2006,O.oxi,Oth.cuca,11200,2520,0.3439,
4364,COM00693.00,2006,,Me.Ag,29.909,,,
4365,COM00693.00,2007,Con.Cu,Me.Cu,102300,241800,0,5701
4366,COM00693.00,2007,Con.Mo,Me.Mo,6200,548300,0,5702
4367,COM00693.00,2007,O.oxi,Oth.cuca,32700,2520,0.3444,
4368,COM00693.00,2007,,Me.Ag,53.666,,,
4369,COM00693.00,2008,Con.Cu,Me.Cu,96900,230000,0,5706
4370,COM00693.00,2008,Con.Mo,Me.Mo,7300,530200,0,5707
4371,COM00693.00,2008,O.oxi,Oth.cuca,22000,2350,0.5084,
4372,COM00693.00,2008,,Me.Ag,50.916,,,
4373,COM00693.00,2009,Con.Cu,Me.Cu,102500,225900,0,5711
4374,COM00693.00,2009,Con.Mo,Me.Mo,9800,545100,0,5712
4375,COM00693.00,2009,O.oxi,Oth.cuca,23200,2340,0.4618,
4376,COM00693.00,2009,,Me.Ag,58.173,,,
4377,COM00693.00,2010,Con.Cu,Me.Cu,94900,220000,0,5716
4378,COM00693.00,2010,Con.Mo,Me.Mo,10400,542700,0,5717
4379,COM00693.00,2010,O.oxi,Oth.cuca,22900,2080,0.55,
4380,COM00693.00,2010,,Me.Ag,52.305,,,
4381,COM00693.00,2011,Con.Cu,Me.Cu,89800,195700,0,5721
4382,COM00693.00,2011,Con.Mo,Me.Mo,10400,534900,0,5722
4383,COM00693.00,2011,O.oxi,Oth.cuca,23900,2350,0.3999,
4384,COM00693.00,2011,,Me.Ag,50.349,,,
4385,COM00693.00,2012,Con.Cu,Me.Cu,97800,212000,0,5726
4386,COM00693.00,2012,Con.Mo,Me.Mo,11000,540900,0,5727
4387,COM00693.00,2012,O.oxi,Oth.cuca,22800,2240,0.392,
4388,COM00693.00,2012,,Me.Ag,53.609,,,
4389,COM00693.00,2013,Con.Cu,Me.Cu,96900,210800,0,5731
4390,COM00693.00,2013,Con.Mo,Me.Mo,11700,539600,0,5732
4391,COM00693.00,2013,O.oxi,Oth.cuca,23900,2250,0.3879,
4392,COM00693.00,2013,,Me.Ag,52.163,,,
4393,COM00693.00,2014,Con.Cu,Me.Cu,101100,220300,0,5736
4394,COM00693.00,2014,Con.Mo,Me.Mo,10800,535500,0,5737
4395,COM00693.00,2014,O.oxi,Oth.cuca,25200,2390,0.3856,
4396,COM00693.00,2014,,Me.Ag,56.699,,,
4397,COM00693.00,2015,Con.Cu,Me.Cu,103900,228100,0,5741
4398,COM00693.00,2015,Con.Mo,Me.Mo,10000,537600,0,5742
4399,COM00693.00,2015,O.oxi,Oth.cuca,27160,2440,0.3857,
4400,COM00693.00,2015,,Me.Ag,57.946,,,
4401,COM00693.00,2016,Con.Cu,Me.Cu,104900,234700,0,5746
4402,COM00693.00,2016,Con.Mo,Me.Mo,9900,529600,0,5747
4403,COM00693.00,2016,O.oxi,Oth.cuca,28310,2280,0.3826,
4404,COM00693.00,2016,,Me.Ag,55.764,,,
4405,COM00693.00,2017,Con.Cu,Me.Cu,106300,239800,0,5751
4406,COM00693.00,2017,Con.Mo,Me.Mo,9900,543100,0,5752
4407,COM00693.00,2017,O.oxi,Oth.cuca,28390,2300,0.3816,
4408,COM00693.00,2017,,Me.Ag,56.954,,,
4409,COM00693.00,2018,Con.Cu,Me.Cu,106100,237800,0,5756
4410,COM00693.00,2018,Con.Mo,Me.Mo,9800,546100,0,5757
4411,COM00693.00,2018,O.oxi,Oth.cuca,26410,2210,0.3799,
4412,COM00693.00,2018,,Me.Ag,59.109,,,
4413,COM00693.00,2019,Con.Cu,Me.Cu,107200,240100,0,5761
4414,COM00693.00,2019,Con.Mo,Me.Mo,10200,542600,0,5762
4415,COM00693.00,2019,O.oxi,Oth.cuca,25930,2240,0.3806,
4416,COM00693.00,2019,,Me.Ag,55.197,,,
4417,COM00694.00,2003,O.Au,Me.Ag,257.469,65,0.607,5767
4418,COM00694.00,2003,O.Au,Me.Au,6.48,1.2,0.835,5767
4419,COM00694.00,2004,O.Au,Me.Ag,229.73,60.83,0.575,5769
4420,COM00694.00,2004,O.Au,Me.Au,5.861,1.1,0.812,5769
4421,COM00694.00,2005,O.Au,Me.Ag,158.441,45.07,0.54,5771
4422,COM00694.00,2005,O.Au,Me.Au,5.282,1.01,0.805,5771
4423,COM00694.00,2006,O.Au,Me.Ag,296.416,94.31,0.644,5773
4424,COM00694.00,2006,O.Au,Me.Au,3.867,0.95,0.794,5773
4425,COM00694.00,2007,O.Au,Me.Ag,469.538,180.09,0.702,5775
4426,COM00694.00,2007,O.Au,Me.Au,2.995,1.11,0.761,5775
4427,COM00694.00,2008,O.Au,Me.Ag,176.854,58.33,0.612,5777
4428,COM00694.00,2008,O.Au,Me.Au,4.043,1.02,0.806,5777
4429,COM00694.00,2009,O.Au,Me.Ag,163.698,52.53,0.627,5779
4430,COM00694.00,2009,O.Au,Me.Au,4.735,1.13,0.854,5779
4431,COM00694.00,2010,O.Au,Me.Ag,129.204,50.43,0.588,5781
4432,COM00694.00,2010,O.Au,Me.Au,4.003,1.14,0.79,5781
4433,COM00694.00,2011,O.Au,Me.Ag,140.588,64.02,0.512,5783
4434,COM00694.00,2011,O.Au,Me.Au,2.39,0.71,0.787,5783
4435,COM00694.00,2012,O.Au,Me.Ag,120.744,46.33,0.478,5785
4436,COM00694.00,2012,O.Au,Me.Au,3.289,0.75,0.806,5785
4437,COM00694.00,2013,O.Au,Me.Au,5.051,,,
4438,COM00695.00,2002,O.bulk,Me.Ag,17.717,442,6e-6,5787
4439,COM00695.00,2002,O.bulk,Me.Pb,316,6237.416604,,5787
4440,COM00695.00,2002,O.bulk,Me.Zn,333,6572.973827,,5787
4441,COM00695.00,2003,O.bulk,Me.Ag,28.078,435,8e-6,5789
4442,COM00695.00,2003,O.bulk,Me.Pb,383,3864.198154,,5789
4443,COM00695.00,2003,O.bulk,Me.Zn,433,4368.662665,,5789
4444,COM00695.00,2004,O.bulk,Me.Ag,57.621,489,6e-6,5791
4445,COM00695.00,2004,O.bulk,Me.Pb,136,794.601385,,5791
4446,COM00695.00,2004,O.bulk,Me.Zn,122,712.804183,,5791
4447,COM00695.00,2005,O.bulk,Me.Ag,87.569,530,5e-6,5793
4448,COM00695.00,2005,O.bulk,Me.Au,0.096,0.611,3.630239,5793
4449,COM00695.00,2006,O.bulk,Me.Ag,98.88,540,4e-6,5795
4450,COM00695.00,2006,O.bulk,Me.Au,0.099,0.6,3.931958,5795
4451,COM00695.00,2006,O.bulk,Me.Pb,153,654.565056,,5795
4452,COM00695.00,2007,O.bulk,Me.Ag,112.183,437,7e-6,5797
4453,COM00695.00,2007,O.bulk,Me.Au,0.11,0.49,6.15797,5797
4454,COM00695.00,2007,O.bulk,Me.Pb,686,2072.088127,,5797
4455,COM00695.00,2007,O.bulk,Me.Zn,943,2848.366041,,5797
4456,COM00695.00,2008,O.bulk,Me.Ag,110.676,371,9e-6,5799
4457,COM00695.00,2008,O.bulk,Me.Au,0.107,0.42,8.42539,5799
4458,COM00695.00,2008,O.bulk,Me.Pb,1012,2678.35403,,5799
4459,COM00695.00,2008,O.bulk,Me.Zn,1835,4856.501625,,5799
4460,COM00695.00,2009,O.bulk,Me.Ag,98.14,384,9e-6,5801
4461,COM00695.00,2009,O.bulk,Me.Au,0.185,0.82,2.13631,5801
4462,COM00695.00,2009,O.bulk,Me.Pb,1205,3708.650851,,5801
4463,COM00695.00,2009,O.bulk,Me.Zn,2311,7112.607566,,5801
4464,COM00695.00,2010,O.bulk,Me.Ag,104.754,378.49,9e-6,5803
4465,COM00695.00,2010,O.bulk,Me.Au,0.122,0.52,5.447874,5803
4466,COM00695.00,2010,O.bulk,Me.Pb,1366,3951.437241,,5803
4467,COM00695.00,2010,O.bulk,Me.Zn,2940,8504.557459,,5803
4468,COM00695.00,2011,O.bulk,Me.Ag,121.577,369,9e-6,5805
4469,COM00695.00,2011,O.bulk,Me.Au,0.116,0.43,8.117387,5805
4470,COM00695.00,2011,O.bulk,Me.Pb,2400,5925.925926,,5805
4471,COM00695.00,2011,O.bulk,Me.Zn,4500,11111.111111,,5805
4472,COM00695.00,2012,O.bulk,Me.Ag,125.397,374,9e-6,5807
4473,COM00695.00,2012,O.bulk,Me.Au,0.102,0.41,10.054871,5807
4474,COM00695.00,2012,O.bulk,Me.Pb,2800,6666.666667,,5807
4475,COM00695.00,2012,O.bulk,Me.Zn,5600,13333.333333,,5807
4476,COM00695.00,2013,O.bulk,Me.Ag,129.218,352,1e-5,5809
4477,COM00695.00,2013,O.bulk,Me.Au,0.073,0.162615,,5809
4478,COM00695.00,2013,O.bulk,Me.Pb,3320,7394.209354,,5809
4479,COM00695.00,2013,O.bulk,Me.Zn,6760,15055.679287,,5809
4480,COM00695.00,2014,O.bulk,Me.Ag,140.906,366,9e-6,5811
4481,COM00695.00,2014,O.bulk,Me.Au,0.073,0.154418,,5811
4482,COM00695.00,2014,O.bulk,Me.Pb,3740,7940.552017,,5811
4483,COM00695.00,2014,O.bulk,Me.Zn,7700,16348.195329,,5811
4484,COM00695.00,2015,O.bulk,Me.Ag,150.754,379,8e-6,5813
4485,COM00695.00,2015,O.bulk,Me.Au,0.074,0.28,23.272419,5813
4486,COM00695.00,2015,O.bulk,Me.Pb,4260,8783.505155,,5813
4487,COM00695.00,2015,O.bulk,Me.Zn,8910,18371.134021,,5813
4488,COM00695.00,2016,O.bulk,Me.Ag,163.999,377,9e-6,5815
4489,COM00695.00,2016,O.bulk,Me.Au,0.083,0.28,22.784714,5815
4490,COM00695.00,2016,O.bulk,Me.Pb,6000,11342.155009,,5815
4491,COM00695.00,2016,O.bulk,Me.Zn,11400,21550.094518,,5815
4492,COM00695.00,2017,O.bulk,Me.Ag,199.685,368,9e-6,5817
4493,COM00695.00,2017,O.bulk,Me.Au,0.121,0.32,16.859613,5817
4494,COM00695.00,2017,O.bulk,Me.Pb,8800,13435.114504,,5817
4495,COM00695.00,2017,O.bulk,Me.Zn,15440,23572.519084,,5817
4496,COM00695.00,2018,O.bulk,Me.Ag,215.561,358,9e-6,5819
4497,COM00695.00,2018,O.bulk,Me.Au,0.125,0.33,17.667845,5819
4498,COM00695.00,2018,O.bulk,Me.Pb,8840,12176.30854,,5819
4499,COM00695.00,2018,O.bulk,Me.Zn,17790,24504.132231,,5819
4500,COM00695.00,2019,O.bulk,Me.Ag,232.23,361,9e-6,5821
4501,COM00695.00,2019,O.bulk,Me.Au,0.13,0.169719,,5821
4502,COM00695.00,2019,O.bulk,Me.Pb,11150,14505.008456,,5821
4503,COM00695.00,2019,O.bulk,Me.Zn,20970,27279.823078,,5821
4504,COM00696.00,2014,O.bulk,Me.Ag,5.046,1.0572,,5823
4505,COM00696.00,2014,O.bulk,Me.Au,2.125,0.98,2.291906,5823
4506,COM00696.00,2015,O.bulk,Me.Ag,7.456,1.388074,,5825
4507,COM00696.00,2015,O.bulk,Me.Au,2.953,0.95,1.914417,5825
4508,COM00696.00,2016,O.bulk,Me.Ag,13.778,2.360273,,5827
4509,COM00696.00,2016,O.bulk,Me.Au,3.259,0.81,2.211256,5827
4510,COM00696.00,2017,O.bulk,Me.Ag,8.873,1.487515,,5829
4511,COM00696.00,2017,O.bulk,Me.Au,2.863,0.69,3.020141,5829
4512,COM00696.00,2018,O.bulk,Me.Ag,5.103,0.832785,,5831
4513,COM00696.00,2018,O.bulk,Me.Au,2.868,0.72,2.966965,5831
4514,COM00696.00,2019,O.bulk,Me.Ag,3.77,0.697926,,5833
4515,COM00696.00,2019,O.bulk,Me.Au,2.326,0.68,3.415652,5833
4516,COM00698.00,2010,O.bulk,Me.Ag,1.449,29.859338,0.001481,5835
4517,COM00698.00,2010,O.bulk,Me.Au,0.44,7.278214,0.019987,5835
4518,COM00698.00,2011,O.bulk,Me.Ag,11.318,12.441391,0.059713,5837
4519,COM00698.00,2011,O.bulk,Me.Au,4.173,0.684276,2.944429,5837
4520,COM00698.00,2012,O.bulk,Me.Ag,12.063,8.35,0.092148,5839
4521,COM00698.00,2012,O.bulk,Me.Au,3.495,0.59,4.500896,5839
4522,COM00698.00,2013,O.bulk,Me.Ag,12.186,12.69,0.058449,5841
4523,COM00698.00,2013,O.bulk,Me.Au,4.273,0.73,2.897623,5841
4524,COM00698.00,2014,O.bulk,Me.Ag,13.136,8.71,0.065563,5843
4525,COM00698.00,2014,O.bulk,Me.Au,4.465,0.84,2.000067,5843
4526,COM00698.00,2015,O.bulk,Me.Ag,10.297,5.97,0.139524,5845
4527,COM00698.00,2015,O.bulk,Me.Au,4.387,0.7,2.79267,5845
4528,COM00698.00,2016,O.bulk,Me.Ag,6.758,3.95,0.349064,5847
4529,COM00698.00,2016,O.bulk,Me.Au,4.345,0.75,2.858998,5847
4530,COM00698.00,2017,O.bulk,Me.Ag,8.736,6.22,0.196817,5849
4531,COM00698.00,2017,O.bulk,Me.Au,3.953,0.48,5.635984,5849
4532,COM00698.00,2018,O.bulk,Me.Ag,6.754,7.46,0.113185,5851
4533,COM00698.00,2018,O.bulk,Me.Au,2.228,0.46,5.565205,5851
4534,COM00698.00,2019,O.bulk,Me.Ag,3.023,6.73,0.077544,5853
4535,COM00698.00,2019,O.bulk,Me.Au,0.98,0.46,3.500906,5853
4536,COM00699.00,2005,O.Au,Me.Au,17.107,1.866209,0.446953,5855
4537,COM00699.00,2006,O.Au,Me.Au,34.214,,,
4538,COM00699.00,2008,O.Au,Me.Au,65.317,,,
4539,COM00699.00,2009,O.Au,Me.Au,31.103,,,
4540,COM00699.00,2010,O.Au,Me.Au,24.883,,,
4541,COM00699.00,2011,O.Au,Me.Au,23.729,,,
4542,COM00699.00,2012,O.Au,Me.Au,23.449,,,
4543,COM00699.00,2013,O.Au,Me.Au,18.849,,,
4544,COM00699.00,2014,O.Au,Me.Au,18.102,0.99,1.233734,5857
4545,COM00699.00,2015,O.Au,Me.Au,17.418,1.02,1.231545,5859
4546,COM00699.00,2016,O.Au,Me.Au,13.53,1.12,1.13854,5861
4547,COM00699.00,2017,O.Au,Me.Au,12.037,1.05,1.414206,5863
4548,COM00699.00,2018,O.Au,Me.Au,7.62,0.91,1.274349,5865
4549,COM00701.00,2013,O.bulk,Me.Ag,7.767,19.39,0.00266,5867
4550,COM00701.00,2013,O.bulk,Me.Au,0.485,1.21,0.683013,5867
4551,COM00701.00,2013,O.bulk,Me.Cu,3364.956,8400,0,5867
4552,COM00701.00,2013,O.bulk,Me.Zn,37815.696,94400,0,5867
4553,COM00701.00,2014,O.bulk,Me.Ag,13.151,23.83,0.001761,5869
4554,COM00701.00,2014,O.bulk,Me.Au,1.264,2.29,0.19069,5869
4555,COM00701.00,2014,O.bulk,Me.Cu,4856.57,8800,0,5869
4556,COM00701.00,2014,O.bulk,Me.Zn,47020.432,85200,0,5869
4557,COM00701.00,2015,O.bulk,Me.Ag,19.975,21.38,0.002188,5871
4558,COM00701.00,2015,O.bulk,Me.Au,2.364,2.53,0.156228,5871
4559,COM00701.00,2015,O.bulk,Me.Cu,6633.367,7100,0,5871
4560,COM00701.00,2015,O.bulk,Me.Zn,76423.859,81800,0,5871
4561,COM00701.00,2016,O.bulk,Me.Ag,23.498,21.63,0.002137,5873
4562,COM00701.00,2016,O.bulk,Me.Au,2.433,2.24,0.199298,5873
4563,COM00701.00,2016,O.bulk,Me.Cu,6844.081,6300,0,5873
4564,COM00701.00,2016,O.bulk,Me.Zn,76153.976,70100,0,5873
4565,COM00701.00,2017,O.bulk,Me.Ag,29.981,23.18,0.001861,5875
4566,COM00701.00,2017,O.bulk,Me.Au,2.496,1.93,0.268464,5875
4567,COM00701.00,2017,O.bulk,Me.Cu,8795.242,6800,0,5875
4568,COM00701.00,2017,O.bulk,Me.Zn,99981.211,77300,0,5875
4569,COM00701.00,2018,O.bulk,Me.Ag,31.998,25.39,0.001551,5877
4570,COM00701.00,2018,O.bulk,Me.Au,2.76,2.19,0.208503,5877
4571,COM00701.00,2018,O.bulk,Me.Cu,9325.783,7400,0,5877
4572,COM00701.00,2018,O.bulk,Me.Zn,78765.062,62500,0,5877
4573,COM00701.00,2019,O.bulk,Me.Ag,39.203,25.51,0.001537,5879
4574,COM00701.00,2019,O.bulk,Me.Au,3.319,2.16,0.214335,5879
4575,COM00701.00,2019,O.bulk,Me.Cu,11525.85,7500,0,5879
4576,COM00701.00,2019,O.bulk,Me.Zn,97739.208,63600,0,5879
4577,COM00705.00,2009,O.Au,Me.Au,1.489,7.29,0.027592,5881
4578,COM00705.00,2010,O.Au,Me.Au,3.324,8.26,0.020095,5883
4579,COM00705.00,2011,O.Au,Me.Au,3.03,6.62,0.030945,5885
4580,COM00705.00,2012,O.Au,Me.Au,3.005,6.48,0.032881,5887
4581,COM00705.00,2013,O.Au,Me.Au,2.851,6.06,0.037072,5889
4582,COM00705.00,2014,O.Au,Me.Au,2.621,5.59,0.043597,5891
4583,COM00705.00,2015,O.Au,Me.Au,2.574,5.83,0.037307,5893
4584,COM00705.00,2016,O.Au,Me.Au,2.092,4.64,0.061052,5895
4585,COM00705.00,2017,O.Au,Me.Au,1.376,4.24,0.068273,5897
4586,COM00705.00,2018,O.Au,Me.Au,0.963,4.24,0.076176,5899
4587,COM00705.00,2019,O.Au,Me.Au,0,,,
4588,COM00707.00,2000,O.bulk,Me.Ag,31.978,22.585305,,5901
4589,COM00707.00,2000,O.bulk,Me.Au,4.92,3.968933,0.072509,5901
4590,COM00707.00,2000,O.bulk,Me.Cu,2242.107,1583.53421,,5901
4591,COM00707.00,2000,O.bulk,Me.Zn,22988.515,16236.111122,,5901
4592,COM00707.00,2001,O.bulk,Me.Ag,71.554,39.636746,,5903
4593,COM00707.00,2001,O.bulk,Me.Au,6.647,4.252428,0.063871,5903
4594,COM00707.00,2001,O.bulk,Me.Cu,1858.368,1029.424716,,5903
4595,COM00707.00,2001,O.bulk,Me.Zn,57277.377,31728.241656,,5903
4596,COM00707.00,2002,O.bulk,Me.Ag,87.43,44.536008,,5905
4597,COM00707.00,2002,O.bulk,Me.Au,7.363,3.968933,0.067175,5905
4598,COM00707.00,2002,O.bulk,Me.Cu,4049.219,2062.635256,,5905
4599,COM00707.00,2002,O.bulk,Me.Zn,49015.192,24967.891311,,5905
4600,COM00707.00,2003,O.bulk,Me.Ag,112.066,45.767614,,5907
4601,COM00707.00,2003,O.bulk,Me.Au,6.697,3.118448,0.11724,5907
4602,COM00707.00,2003,O.bulk,Me.Cu,9131.268,3729.209583,,5907
4603,COM00707.00,2003,O.bulk,Me.Zn,45512.098,18587.139333,,5907
4604,COM00707.00,2004,O.bulk,Me.Ag,161.564,59.824091,,5909
4605,COM00707.00,2004,O.bulk,Me.Au,7.685,3.41,0.103051,5909
4606,COM00707.00,2004,O.bulk,Me.Cu,10349,3832.040435,,5909
4607,COM00707.00,2004,O.bulk,Me.Zn,75879,28096.569344,,5909
4608,COM00707.00,2005,O.bulk,Me.Ag,136.957,51.259818,,5911
4609,COM00707.00,2005,O.bulk,Me.Au,6.843,3.11,0.125542,5911
4610,COM00707.00,2005,O.bulk,Me.Cu,7378,2761.42287,,5911
4611,COM00707.00,2005,O.bulk,Me.Zn,76545,28649.107291,,5911
4612,COM00707.00,2006,O.bulk,Me.Ag,140.5,52.561179,,5913
4613,COM00707.00,2006,O.bulk,Me.Au,6.957,3.13,0.122759,5913
4614,COM00707.00,2006,O.bulk,Me.Cu,7289,2726.817005,,5913
4615,COM00707.00,2006,O.bulk,Me.Zn,82183,30744.684035,,5913
4616,COM00707.00,2007,O.bulk,Me.Ag,139.48,52.171903,,5915
4617,COM00707.00,2007,O.bulk,Me.Au,6.537,2.95,0.138634,5915
4618,COM00707.00,2007,O.bulk,Me.Cu,7482,2798.617374,,5915
4619,COM00707.00,2007,O.bulk,Me.Zn,71577,26773.140305,,5915
4620,COM00707.00,2008,O.bulk,Me.Ag,115.638,43.82389,,5917
4621,COM00707.00,2008,O.bulk,Me.Au,6.119,2.84,0.151849,5917
4622,COM00707.00,2008,O.bulk,Me.Cu,6922,2623.270402,,5917
4623,COM00707.00,2008,O.bulk,Me.Zn,65755,24919.552915,,5917
4624,COM00707.00,2009,O.bulk,Me.Ag,111.102,43.640674,,5919
4625,COM00707.00,2009,O.bulk,Me.Au,5.759,2.75,0.160753,5919
4626,COM00707.00,2009,O.bulk,Me.Cu,6671,2620.362467,,5919
4627,COM00707.00,2009,O.bulk,Me.Zn,56186,22069.807462,,5919
4628,COM00707.00,2010,O.bulk,Me.Ag,101.52,39.162721,,5921
4629,COM00707.00,2010,O.bulk,Me.Au,4.607,2.17,0.259275,5921
4630,COM00707.00,2010,O.bulk,Me.Cu,4224,1629.471209,,5921
4631,COM00707.00,2010,O.bulk,Me.Zn,62544,24127.283921,,5921
4632,COM00707.00,2011,O.bulk,Me.Ag,89.84,37.334526,,5923
4633,COM00707.00,2011,O.bulk,Me.Au,3.514,1.79,0.382552,5923
4634,COM00707.00,2011,O.bulk,Me.Cu,3216,1336.468382,,5923
4635,COM00707.00,2011,O.bulk,Me.Zn,54894,22812.218712,,5923
4636,COM00707.00,2012,O.bulk,Me.Ag,63.616,26.973227,,5925
4637,COM00707.00,2012,O.bulk,Me.Au,4.553,2.36,0.219507,5925
4638,COM00707.00,2012,O.bulk,Me.Cu,4126,1749.417744,,5925
4639,COM00707.00,2012,O.bulk,Me.Zn,38637,16382.029418,,5925
4640,COM00707.00,2013,O.bulk,Me.Ag,59.591,25.695259,,5927
4641,COM00707.00,2013,O.bulk,Me.Au,5.144,2.63,0.171409,5927
4642,COM00707.00,2013,O.bulk,Me.Cu,4835,2084.831739,,5927
4643,COM00707.00,2013,O.bulk,Me.Zn,19814,8543.713769,,5927
4644,COM00707.00,2014,O.bulk,Me.Ag,36.146,17.333545,,5929
4645,COM00707.00,2014,O.bulk,Me.Au,5.792,3.24,0.111127,5929
4646,COM00707.00,2014,O.bulk,Me.Cu,4997,2396.297895,,5929
4647,COM00707.00,2014,O.bulk,Me.Zn,10515,5042.439937,,5929
4648,COM00707.00,2015,O.bulk,Me.Ag,25.968,11.585565,,5931
4649,COM00707.00,2015,O.bulk,Me.Au,7.582,3.91,0.075606,5931
4650,COM00707.00,2015,O.bulk,Me.Cu,4941,2204.402201,,5931
4651,COM00707.00,2015,O.bulk,Me.Zn,3501,1561.953472,,5931
4652,COM00707.00,2016,O.bulk,Me.Ag,28.009,12.503361,,5933
4653,COM00707.00,2016,O.bulk,Me.Au,8.654,4.44,0.058302,5933
4654,COM00707.00,2016,O.bulk,Me.Cu,4416,1971.301845,,5933
4655,COM00707.00,2016,O.bulk,Me.Zn,4687,2092.276211,,5933
4656,COM00707.00,2017,O.Au,Me.Au,0.015,1.890582,,5936
4657,COM00707.00,2017,O.bulk,Me.Ag,35.55,15.82747,,5937
4658,COM00707.00,2017,O.bulk,Me.Au,9.873,5.05,0.04505,5937
4659,COM00707.00,2017,O.bulk,Me.Cu,4501,2003.905412,,5937
4660,COM00707.00,2017,O.bulk,Me.Zn,6510,2898.339087,,5937
4661,COM00707.00,2018,O.Au,Me.Au,0.527,2.76,0.154461,5940
4662,COM00707.00,2018,O.bulk,Me.Ag,29.484,13.986031,,5941
4663,COM00707.00,2018,O.bulk,Me.Au,9.726,5.32,0.04074,5941
4664,COM00707.00,2018,O.bulk,Me.Cu,4193,1989.025022,,5941
4665,COM00707.00,2018,O.bulk,Me.Zn,7864,3730.429948,,5941
4666,COM00707.00,2019,O.Au,Me.Au,1.693,2.27,0.226241,5944
4667,COM00707.00,2019,O.bulk,Me.Ag,25.033,12.168378,,5945
4668,COM00707.00,2019,O.bulk,Me.Au,9.711,5.46,0.038798,5945
4669,COM00707.00,2019,O.bulk,Me.Cu,3397,1651.284011,,5945
4670,COM00707.00,2019,O.bulk,Me.Zn,13161,6397.571052,,5945
4671,COM00708.00,2016,O.Cu,Me.Ag,114.233,,,5947
4672,COM00708.00,2016,O.Cu,Me.Au,2.234,,,5947
4673,COM00708.00,2016,O.Cu,Me.Cu,330227,7101.227091,,5947
4674,COM00708.00,2017,O.Cu,Me.Ag,179.714,,,5949
4675,COM00708.00,2017,O.Cu,Me.Au,3.671,,,5949
4676,COM00708.00,2017,O.Cu,Me.Cu,453749,8811.063621,,5949
4677,COM00708.00,2017,O.Cu,Me.Mo,1202,,,5949
4678,COM00708.00,2018,O.Cu,Me.Ag,155.191,,,5951
4679,COM00708.00,2018,O.Cu,Me.Au,3.052,,,5951
4680,COM00708.00,2018,O.Cu,Me.Cu,385299,7792.655053,,5951
4681,COM00708.00,2018,O.Cu,Me.Mo,1990,,,5951
4682,COM00709.00,2011,Con.Fe,Me.Fe,1690000,650000,0,5955
4683,COM00709.00,2012,Con.Fe,Me.Fe,1904500,650000,0,5956
4684,COM00709.00,2013,Con.Fe,Me.Fe,1690000,650000,0,5957
4685,COM00709.00,2014,Con.Fe,Me.Fe,1625000,650000,0,5958
4686,COM00709.00,2015,Con.Fe,Me.Fe,1170000,650000,0,5959
4687,COM00709.00,2016,Con.Fe,Me.Fe,910000,650000,0,5960
4688,COM00709.00,2017,Con.Fe,Me.Fe,1040000,650000,0,5961
4689,COM00709.00,2018,Con.Fe,Me.Fe,715000,650000,0,5962
4690,COM00709.00,2019,Con.Fe,Me.Fe,910000,650000,0,5963
4691,COM00712.00,2000,O.Au,Me.Au,3.141,,,
4692,COM00712.00,2001,O.Au,Me.Au,3.235,,,
4693,COM00712.00,2002,O.Au,Me.Au,3.515,4.976556,0.973,5965
4694,COM00712.00,2003,O.Au,Me.Au,3.079,4.043452,0.958,5967
4695,COM00712.00,2004,O.Au,Me.Au,3.421,4.043452,0.961,5969
4696,COM00712.00,2005,O.Au,Me.Au,4.075,4.665522,0.964,5971
4697,COM00720.00,2007,O.bulk,Me.Pb,12400,,,
4698,COM00720.00,2007,O.bulk,Me.Zn,42000,,,
4699,COM00721.00,2009,O.Au,Me.Au,2.575,3.3,0.94,5990
4700,COM00721.00,2010,O.Au,Me.Au,3.395,5.6,0.95,5992
4701,COM00721.00,2011,O.Au,Me.Au,4.298,6.21308,0.959489,5994
4702,COM00721.00,2012,O.Au,Me.Au,7.51,7.30946,0.962925,5996
4703,COM00721.00,2013,O.Au,Me.Au,7.514,6.446472,0.95758,5998
4704,COM00721.00,2014,O.Au,Me.Au,8.864,7.206902,0.957519,6000
4705,COM00721.00,2015,O.Au,Me.Au,9.262,7.816028,0.958332,6002
4706,COM00721.00,2016,O.Au,Me.Au,8.592,8.928497,0.95967,6004
4707,COM00721.00,2017,O.Au,Me.Au,8.243,10.3,0.97,6006
4708,COM00721.00,2018,O.Au,Me.Au,8.348,12,0.98,6008
4709,COM00721.00,2019,O.Au,Me.Au,8.118,9.602908,0.98,6010
4710,COM00721.00,2020,O.Au,Me.Au,6.782,6.125351,0.97,6012
4711,COM00725.00,2011,O.Au,Me.Au,24.599,,,
4712,COM00725.00,2012,O.Au,Me.Au,18.796,3.132639,,6014
4713,COM00725.00,2013,O.Au,Me.Au,20.194,2.909447,,6016
4714,COM00725.00,2014,O.Au,Me.Au,22.431,2.230418,,6018
4715,COM00725.00,2015,O.Au,Me.Ag,0.529,0.049105,,6020
4716,COM00725.00,2015,O.Au,Me.Au,21.43,2.47,0.806,6020
4717,COM00725.00,2016,O.Au,Me.Ag,0.746,0.061729,,6022
4718,COM00725.00,2016,O.Au,Me.Au,27.993,3.06,0.756,6022
4719,COM00725.00,2017,O.Au,Me.Ag,1.306,0.10048,,6024
4720,COM00725.00,2017,O.Au,Me.Au,29.237,2.84,0.791,6024
4721,COM00725.00,2018,O.Au,Me.Ag,1.773,0.124205,,6026
4722,COM00725.00,2018,O.Au,Me.Au,29.704,2.67,0.781,6026
4723,COM00728.00,2011,Con.Fe,Me.Fe,1035000,575000,0,6027
4724,COM00728.00,2012,Con.Fe,Me.Fe,1305250,575000,0,6028
4725,COM00728.00,2013,Con.Fe,Me.Fe,1207500,575000,0,6029
4726,COM00728.00,2014,Con.Fe,Me.Fe,920000,575000,0,6030
4727,COM00728.00,2015,Con.Fe,Me.Fe,517500,575000,0,6031
4728,COM00728.00,2016,Con.Fe,Me.Fe,402500,575000,0,6032
4729,COM00728.00,2017,Con.Fe,Me.Fe,385000,550000,0,6033
4730,COM00728.00,2018,Con.Fe,Me.Fe,385000,550000,0,6034
4731,COM00728.00,2019,Con.Fe,Me.Fe,495000,550000,0,6035
4732,COM00729.00,2003,O.bulk,Me.Pb,20800,21000,0,6037
4733,COM00729.00,2003,O.bulk,Me.Zn,169300,123000,0,6037
4734,COM00729.00,2004,O.bulk,Me.Pb,17200,18000,0,6039
4735,COM00729.00,2004,O.bulk,Me.Zn,156300,117000,0,6039
4736,COM00729.00,2005,O.bulk,Me.Pb,20800,20000,0,6041
4737,COM00729.00,2005,O.bulk,Me.Zn,159300,120000,0,6041
4738,COM00729.00,2006,O.bulk,Me.Pb,23100,21000,0,6043
4739,COM00729.00,2006,O.bulk,Me.Zn,170700,123000,0,6043
4740,COM00729.00,2007,O.bulk,Me.Pb,20200,19000,0,6045
4741,COM00729.00,2007,O.bulk,Me.Zn,164700,120000,0,6045
4742,COM00729.00,2008,O.bulk,Me.Pb,15900,16000,0,6047
4743,COM00729.00,2008,O.bulk,Me.Zn,167200,121000,0,6047
4744,COM00729.00,2009,O.bulk,Me.Pb,19200,18000,0,6049
4745,COM00729.00,2009,O.bulk,Me.Zn,171800,124000,0,6049
4746,COM00729.00,2010,O.bulk,Me.Pb,20275.584,19000,0.672,6053
4747,COM00729.00,2010,O.bulk,Me.Zn,175331.08,122000,0.905,6053
4748,COM00729.00,2011,O.bulk,Me.Pb,6313.788,27400,0.7403,6057
4749,COM00729.00,2011,O.bulk,Me.Zn,38537.377,135000,0.9171,6057
4750,COM00729.00,2012,O.bulk,Me.Pb,29690.782,27000,0.703,6061
4751,COM00729.00,2012,O.bulk,Me.Zn,182818.635,129000,0.906,6061
4752,COM00729.00,2013,O.bulk,Me.Pb,23381.945,21500,0.6613,6065
4753,COM00729.00,2013,O.bulk,Me.Zn,169460.657,114000,0.9039,6065
4754,COM00729.00,2014,O.bulk,Me.Pb,21124.237,22000,0.685,6069
4755,COM00729.00,2014,O.bulk,Me.Zn,151015.165,118000,0.913,6069
4756,COM00729.00,2015,O.bulk,Me.Pb,18941.575,19000,0.725,6073
4757,COM00729.00,2015,O.bulk,Me.Zn,130377.167,105000,0.903,6073
4758,COM00729.00,2016,O.bulk,Me.Pb,8729.825,15000,0.685,6077
4759,COM00729.00,2016,O.bulk,Me.Zn,71996.629,95000,0.892,6077
4760,COM00736.00,2003,O.Ni,Me.Ni,17200,17000,0,6087
4761,COM00736.00,2004,O.Ni,Me.Ni,17400,14000,0,6089
4762,COM00736.00,2005,O.Ni,Me.Ni,16900,16000,0,6091
4763,COM00736.00,2006,O.Ni,Me.Ni,16600,16000,0,6093
4764,COM00736.00,2007,O.Ni,Me.Ni,15700,16000,0,6095
4765,COM00736.00,2008,O.Ni,Me.Ni,10900,16000,0,6097
4766,COM00736.00,2009,O.Ni,Me.Ni,10400,16000,0,6099
4767,COM00736.00,2010,O.Ni,Me.Ni,11700,16000,0,6101
4768,COM00736.00,2011,O.Ni,Me.Ni,13400,14500,0,6103
4769,COM00736.00,2012,O.Ni,Me.Ni,8100,14000,0,6105
4770,COM00737.00,2006,,Oth.cuca,61931,,,
4771,COM00737.00,2007,,Oth.cuca,64644,,,
4772,COM00737.00,2008,,Oth.cuca,59475,,,
4773,COM00737.00,2009,,Oth.cuca,74604,,,
4774,COM00737.00,2010,,Oth.cuca,71676,,,
4775,COM00737.00,2011,,Oth.cuca,73727,,,
4776,COM00737.00,2012,,Me.Cu,73300,,,
4777,COM00737.00,2013,,Me.Cu,74200,,,
4778,COM00737.00,2014,,Me.Cu,66600,,,
4779,COM00737.00,2015,,Me.Cu,71100,,,
4780,COM00737.00,2016,,Me.Cu,80000,,,
4781,COM00737.00,2017,,Me.Cu,78100,,,
4782,COM00737.00,2018,,Me.Cu,72800,,,
4783,COM00737.00,2019,,Me.Cu,78900,,,
4784,COM00739.00,2016,O.Au,Me.Au,0.624,1.332428,,
4785,COM00739.00,2017,O.Au,Me.Au,4.933,1.700971,,
4786,COM00739.00,2018,O.Au,Me.Au,4.819,1.247379,,
4787,COM00741.00,2014,O.Au,Me.Au,2.532,,,
4788,COM00741.00,2015,O.Au,Me.Au,3.263,,,
4789,COM00741.00,2016,O.Au,Me.Au,2.927,,,
4790,COM00744.00,2003,Con.Cu,Me.Cu,180100,325207.656194,,6130
4791,COM00744.00,2003,,Oth.cuca,27700,,,
4792,COM00744.00,2004,Con.Cu,Me.Cu,199800,363934.42623,,6133
4793,COM00744.00,2004,,Oth.cuca,31800,,,
4794,COM00744.00,2005,Con.Cu,Me.Cu,188500,369607.843137,,6136
4795,COM00744.00,2005,,Oth.cuca,38800,,,
4796,COM00744.00,2006,Con.Cu,Me.Cu,183500,330095.340889,,6139
4797,COM00744.00,2006,,Oth.cuca,42500,,,
4798,COM00744.00,2007,Con.Cu,Me.Cu,182900,301119.525848,,6142
4799,COM00744.00,2007,,Oth.cuca,48300,,,
4800,COM00744.00,2008,Con.Cu,Me.Cu,190000,280277.327039,,6145
4801,COM00744.00,2008,,Oth.cuca,45800,,,
4802,COM00744.00,2009,Con.Cu,Me.Cu,190000,281023.517231,,6148
4803,COM00744.00,2009,O.bulk,Me.Cu,2900,,,
4804,COM00744.00,2009,O.bulk,Oth.cuca,45500,,,
4805,COM00744.00,2010,Con.Cu,Me.Cu,174700,291993.982952,,6151
4806,COM00744.00,2010,O.bulk,Me.Cu,4100,,,
4807,COM00744.00,2010,O.bulk,Oth.cuca,42600,,,
4808,COM00744.00,2011,Con.Cu,Me.Cu,178800,271608.689048,,6154
4809,COM00744.00,2011,O.bulk,Me.Cu,4600,,,
4810,COM00744.00,2011,O.bulk,Oth.cuca,38400,,,
4811,COM00744.00,2012,Con.Cu,Me.Cu,322000,269343.370974,,6157
4812,COM00744.00,2012,O.bulk,Me.Cu,2500,,,
4813,COM00744.00,2012,O.bulk,Oth.cuca,40800,,,
4814,COM00744.00,2013,O.bulk,Me.Cu,600,,,
4815,COM00744.00,2013,O.bulk,Oth.cuca,37800,,,
4816,COM00744.00,2013,O.sul,Me.Cu,378000,8300,0,6161
4817,COM00744.00,2014,O.sul,Me.Cu,368300,7800,0,6163
4818,COM00744.00,2014,,Oth.cuca,36200,,,
4819,COM00744.00,2015,O.sul,Me.Cu,366700,9200,0,6165
4820,COM00744.00,2015,,Oth.cuca,35000,,,
4821,COM00744.00,2016,O.sul,Me.Cu,271200,6700,0,6167
4822,COM00744.00,2016,,Oth.cuca,36000,,,
4823,COM00744.00,2017,O.sul,Me.Cu,270000,7100,0,6169
4824,COM00744.00,2017,,Oth.cuca,38300,,,
4825,COM00744.00,2018,O.sul,Me.Cu,330500,7600,0,6171
4826,COM00744.00,2018,,Oth.cuca,39000,,,
4827,COM00744.00,2019,O.sul,Me.Cu,296000,8300,0,6173
4828,COM00744.00,2019,,Oth.cuca,39000,,,
4829,COM00744.00,2020,O.sul,Me.Cu,285400,8100,0,6175
4830,COM00744.00,2020,,Oth.cuca,39300,,,
4831,COM00746.00,2007,O.Au,Me.Au,2.233,15.780777,,6195
4832,COM00746.00,2008,O.Au,Me.Au,6.643,0.62,0.39,6197
4833,COM00746.00,2009,O.Au,Me.Au,7.442,0.62,0.42,6199
4834,COM00746.00,2010,O.Au,Me.Au,9.52,0.67,0.44,6201
4835,COM00746.00,2011,O.Au,Me.Au,10.465,0.74,0.47,6203
4836,COM00746.00,2012,O.Au,Me.Au,10.586,0.69,0.48,6205
4837,COM00746.00,2013,O.Au,Me.Au,10.338,0.7,0.49,6207
4838,COM00746.00,2014,O.Au,Me.Au,8.046,0.67,0.49,6209
4839,COM00746.00,2015,O.Au,Me.Au,8.487,0.76,0.58,6211
4840,COM00747.00,2000,O.Cu,Me.Cu,309500,9800,0.924,6214
4841,COM00747.00,2001,O.Cu,Me.Cu,373800,10500,0.924,6217
4842,COM00747.00,2002,O.Cu,Me.Cu,335500,9100,0.911,6220
4843,COM00747.00,2002,O.Cu,Me.Mo,7800,,,6220
4844,COM00747.00,2003,O.Cu,Me.Cu,337800,9100,0.899,6223
4845,COM00747.00,2003,O.Cu,Me.Mo,8700,,,6223
4846,COM00747.00,2004,O.Cu,Me.Cu,362600,8800,0.891,6226
4847,COM00747.00,2004,O.Cu,Me.Mo,8047.377,220,0.796,6226
4848,COM00747.00,2005,O.Cu,Me.Cu,333800,8000,0.892,6229
4849,COM00747.00,2005,O.Cu,Me.Mo,8218.858,220,0.799,6229
4850,COM00747.00,2006,O.Cu,Me.Cu,335200,8100,0.887,6232
4851,COM00747.00,2006,O.Cu,Me.Mo,9908.433,280,0.761,6232
4852,COM00747.00,2007,O.Cu,Me.Cu,300100,7100,0.923,6235
4853,COM00747.00,2007,O.Cu,Me.Mo,10261.749,300,0.742,6235
4854,COM00747.00,2008,O.Cu,Me.Cu,351100,7600,0.921,6238
4855,COM00747.00,2008,O.Cu,Me.Mo,7599.151,190,0.801,6238
4856,COM00747.00,2009,O.Cu,Me.Cu,322600,7400,0.921,6241
4857,COM00747.00,2009,O.Cu,Me.Mo,7649.028,200,0.811,6241
4858,COM00747.00,2010,Con.Cu,Me.Au,1.092,,,6242
4859,COM00747.00,2010,O.Cu,Me.Cu,397958.04,7600,0.9,6244
4860,COM00747.00,2010,O.Cu,Me.Mo,8987.219,190,0.813,6244
4861,COM00747.00,2011,Con.Cu,Me.Au,1.238,,,6245
4862,COM00747.00,2011,O.Cu,Me.Cu,427865.95,7400,0.897,6247
4863,COM00747.00,2011,O.Cu,Me.Mo,10079.454,190,0.823,6247
4864,COM00747.00,2012,O.Cu,Me.Au,1.602,0.02434,,6249
4865,COM00747.00,2012,O.Cu,Me.Cu,403700,7000,0.903,6249
4866,COM00747.00,2012,O.Cu,Me.Mo,12200,230,0.815,6249
4867,COM00747.00,2013,O.Cu,Me.Au,1.764,0.027267,,6251
4868,COM00747.00,2013,O.Cu,Me.Cu,405300,7200,0.9,6251
4869,COM00747.00,2013,O.Cu,Me.Mo,9000,160,0.828,6251
4870,COM00747.00,2014,O.Cu,Me.Au,2.068,0.032143,,6253
4871,COM00747.00,2014,O.Cu,Me.Cu,391300,7000,0.894,6253
4872,COM00747.00,2014,O.Cu,Me.Mo,7900,200,0.838,6253
4873,COM00747.00,2015,O.Cu,Me.Au,1.599,0.026041,,6255
4874,COM00747.00,2015,O.Cu,Me.Cu,363200,7000,0.879,6255
4875,COM00747.00,2015,O.Cu,Me.Mo,10100,200,0.804,6255
4876,COM00747.00,2016,O.Cu,Me.Au,1.798,0.031654,,6257
4877,COM00747.00,2016,O.Cu,Me.Cu,355300,7300,0.886,6257
4878,COM00747.00,2016,O.Cu,Me.Mo,7100,170,0.758,6257
4879,COM00747.00,2017,O.Cu,Me.Au,1.723,0.029214,,6259
4880,COM00747.00,2017,O.Cu,Me.Cu,343800,6800,0.89,6259
4881,COM00747.00,2017,O.Cu,Me.Mo,10500,230,0.798,6259
4882,COM00747.00,2018,O.Cu,Me.Au,1.966,0.031849,,6261
4883,COM00747.00,2018,O.Cu,Me.Cu,357800,6800,0.88,6261
4884,COM00747.00,2018,O.Cu,Me.Mo,13300,270,0.849,6261
4885,COM00747.00,2019,O.Cu,Me.Au,1.857,0.030318,,6263
4886,COM00747.00,2019,O.Cu,Me.Cu,363400,7000,0.878,6263
4887,COM00747.00,2019,O.Cu,Me.Mo,11200,210,0.85,6263
4888,COM00749.00,2011,,Me.Ni,1434,,,
4889,COM00749.00,2012,Con.Ni,Me.Ni,1264,140000,0,6264
4890,COM00751.00,2013,O.Cu,Me.Cu,14871,19200,0.714,6269
4891,COM00751.00,2014,O.Cu,Me.Cu,23791,19500,0.776,6272
4892,COM00751.00,2015,O.Cu,Me.Cu,25839,19300,0.811,6275
4893,COM00751.00,2016,O.Cu,Me.Cu,20973,20100,0.815,6278
4894,COM00751.00,2017,O.Cu,Me.Cu,18299,21300,0.846,6281
4895,COM00752.00,2016,,Me.Cu,69100,,,
4896,COM00752.00,2017,,Me.Cu,66900,,,
4897,COM00752.00,2018,,Me.Cu,70100,,,
4898,COM00754.00,2012,,Me.Cu,81193.034,,,
4899,COM00754.00,2015,,Me.Cu,130181.01,,,
4900,COM00754.00,2018,,Me.Cu,101604.691,,,
4901,COM00756.00,2017,O.Au,Me.Au,1.091,,,
4902,COM00758.00,2002,O.Au,Me.Ag,0.209,0.046812,,6315
4903,COM00758.00,2002,O.Au,Me.Au,5.051,1.37,0.816,6315
4904,COM00758.00,2003,O.Au,Me.Ag,0.207,0.043105,,6317
4905,COM00758.00,2003,O.Au,Me.Au,5.44,1.45,0.8,6317
4906,COM00758.00,2004,O.Au,Me.Ag,0.225,0.044692,,6319
4907,COM00758.00,2004,O.Au,Me.Au,5.739,1.49,0.829,6319
4908,COM00758.00,2005,O.Au,Me.Ag,0.202,0.040517,,6321
4909,COM00758.00,2005,O.Au,Me.Au,5.288,1.29,0.834,6321
4910,COM00758.00,2006,O.Au,Me.Ag,0.236,0.042772,,6323
4911,COM00758.00,2006,O.Au,Me.Au,5.669,1.23,0.825,6323
4912,COM00758.00,2007,O.Au,Me.Au,4.519,1.05,1.172746,6325
4913,COM00758.00,2008,O.Au,Me.Au,5.712,1.31,0.740984,6327
4914,COM00758.00,2009,O.Au,Me.Au,6.626,1.47,0.5786,6329
4915,COM00758.00,2010,O.Au,Me.Au,5.684,1.28,0.750296,6331
4916,COM00758.00,2011,O.Au,Me.Au,5.438,1.12,0.955108,6333
4917,COM00758.00,2012,O.Au,Me.Au,5.275,1.13,0.971259,6335
4918,COM00758.00,2013,O.Au,Me.Au,6.183,1.3,0.723023,6337
4919,COM00758.00,2014,O.Au,Me.Au,4.774,1.01,1.175828,6339
4920,COM00758.00,2015,O.Au,Me.Au,6.908,1.1,0.808,6341
4921,COM00758.00,2016,O.Au,Me.Au,4.777,0.96,0.835,6343
4922,COM00758.00,2017,O.Au,Me.Au,4.986,1.04,0.812,6345
4923,COM00758.00,2018,O.Au,Me.Au,6.314,1.24,0.861,6347
4924,COM00758.00,2019,O.Au,Me.Au,5.365,1.1,0.825,6349
4925,COM00762.00,2006,O.Al,Me.Al2O3,258342.557,457000,0,6351
4926,COM00762.00,2007,O.Al,Me.Al2O3,303465.72,456000,0,6353
4927,COM00762.00,2008,O.Al,Me.Al2O3,284274.1,452000,0,6355
4928,COM00762.00,2009,O.Al,Me.Al2O3,255425.634,447000,0,6357
4929,COM00762.00,2010,O.Al,Me.Al2O3,225703.056,464000,0,6359
4930,COM00762.00,2011,O.Al,Me.Al2O3,258590.464,458000,0,6361
4931,COM00762.00,2012,O.Al,Me.Al2O3,272264.727,439000,0,6363
4932,COM00762.00,2013,O.Al,Me.Al2O3,101030.143,439000,0,6365
4933,COM00762.00,2016,O.Al,Me.Al2O3,217.035,477000,0,6371
4934,COM00762.00,2017,O.Al,Me.Al2O3,31902.12,436000,0,6373
4935,COM00762.00,2018,O.Al,Me.Al2O3,256354.2,435000,0,6375
4936,COM00763.00,2012,O.bulk,Me.Ag,21.232,228.06,0.899,6379
4937,COM00763.00,2012,O.bulk,Me.Pb,4493,51800,0,6379
4938,COM00763.00,2012,O.bulk,Me.Zn,6088,72400,0,6379
4939,COM00763.00,2013,O.bulk,Me.Ag,39.807,268.69,0.9174,6381
4940,COM00763.00,2013,O.bulk,Me.Pb,6979,50900,0,6381
4941,COM00763.00,2013,O.bulk,Me.Zn,8973,66800,0,6381
4942,COM00763.00,2014,O.bulk,Me.Ag,37.82,272.77,0.9368,6383
4943,COM00763.00,2014,O.bulk,Me.Pb,7513,58000,0,6383
4944,COM00763.00,2014,O.bulk,Me.Zn,9893,77900,0,6383
4945,COM00763.00,2015,O.bulk,Me.Ag,39.975,269.48,0.9382,6385
4946,COM00763.00,2015,O.bulk,Me.Pb,7193,50500,0,6385
4947,COM00763.00,2015,O.bulk,Me.Zn,9173,66000,0,6385
4948,COM00763.00,2016,O.bulk,Me.Ag,50.607,264.07,0.9392,6387
4949,COM00763.00,2016,O.bulk,Me.Pb,7383,39800,0,6387
4950,COM00763.00,2016,O.bulk,Me.Zn,10463,57900,0,6387
4951,COM00763.00,2017,O.bulk,Me.Ag,34.502,223.63,0.9051,6389
4952,COM00763.00,2017,O.bulk,Me.Pb,4061,27000,0,6389
4953,COM00763.00,2017,O.bulk,Me.Zn,7102,47300,0,6389
4954,COM00763.00,2018,O.bulk,Me.Ag,15.988,196.89,0.8772,6391
4955,COM00763.00,2018,O.bulk,Me.Pb,1768,22800,0,6391
4956,COM00763.00,2018,O.bulk,Me.Zn,4151,53000,0,6391
4957,COM00766.00,2008,O.bulk,Me.Ag,0.266,,,
4958,COM00766.00,2008,O.bulk,Me.Au,0.007,,,
4959,COM00766.00,2009,O.bulk,Me.Ag,107.064,209,2.8e-5,6405
4960,COM00766.00,2009,O.bulk,Me.Au,2.035,3.79,0.082085,6405
4961,COM00766.00,2010,O.bulk,Me.Ag,112.204,191.17,3.3e-5,6407
4962,COM00766.00,2010,O.bulk,Me.Au,1.778,2.81,0.143565,6407
4963,COM00766.00,2011,O.bulk,Me.Ag,106.606,185,3.5e-5,6409
4964,COM00766.00,2011,O.bulk,Me.Au,1.5,2.48,0.187378,6409
4965,COM00766.00,2012,O.bulk,Me.Ag,102.814,170,4.2e-5,6411
4966,COM00766.00,2012,O.bulk,Me.Au,1.225,1.94,0.308759,6411
4967,COM00766.00,2013,O.bulk,Me.Ag,88.975,150,5.4e-5,6413
4968,COM00766.00,2013,O.bulk,Me.Au,1.721,2.81,0.148865,6413
4969,COM00766.00,2014,O.bulk,Me.Ag,105.418,157,4.8e-5,6415
4970,COM00766.00,2014,O.bulk,Me.Au,1.994,2.82,0.141716,6415
4971,COM00766.00,2015,O.bulk,Me.Ag,101.399,158,4.8e-5,6417
4972,COM00766.00,2015,O.bulk,Me.Au,2.188,3.28,0.107982,6417
4973,COM00766.00,2016,O.bulk,Me.Ag,88.749,143,5.9e-5,6419
4974,COM00766.00,2016,O.bulk,Me.Au,1.893,2.94,0.13548,6419
4975,COM00766.00,2017,O.bulk,Me.Ag,88.381,134,6.7e-5,6421
4976,COM00766.00,2017,O.bulk,Me.Au,1.283,1.88,0.328736,6421
4977,COM00766.00,2018,O.bulk,Me.Ag,87.504,135,6.8e-5,6423
4978,COM00766.00,2018,O.bulk,Me.Au,0.978,1.42,0.579073,6423
4979,COM00766.00,2019,O.bulk,Me.Ag,73.552,127,7.6e-5,6425
4980,COM00766.00,2019,O.bulk,Me.Au,0.634,1.08,1.034544,6425
4981,COM00769.00,2003,Con.Cu,Me.Cu,35300,320326.678766,,6426
4982,COM00769.00,2003,,Oth.cuca,51600,,,
4983,COM00769.00,2004,Con.Cu,Me.Cu,36700,388771.186441,,6433
4984,COM00769.00,2004,,Oth.cuca,58200,,,
4985,COM00769.00,2005,Con.Cu,Me.Cu,39100,371320.037987,,6440
4986,COM00769.00,2005,,Oth.cuca,48600,,,
4987,COM00769.00,2006,Con.Cu,Me.Cu,42600,344103.392569,,6447
4988,COM00769.00,2006,,Oth.cuca,49100,,,
4989,COM00769.00,2007,Con.Cu,Me.Cu,40200,379603.399433,,6454
4990,COM00769.00,2007,,Oth.cuca,48700,,,
4991,COM00769.00,2008,Con.Cu,Me.Cu,46800,353741.496599,,6461
4992,COM00769.00,2008,,Oth.cuca,39600,,,
4993,COM00769.00,2009,Con.Cu,Me.Cu,44000,351718.6251,,6468
4994,COM00769.00,2009,O.bulk,Oth.cuca,8600,,,
4995,COM00769.00,2009,O.bulk,Oth.cuca,37600,,,
4996,COM00769.00,2010,Con.Cu,Me.Cu,39500,331098.072087,,6475
4997,COM00769.00,2010,,Oth.cuca,39100,,,
4998,COM00769.00,2011,Con.Cu,Me.Cu,36100,303361.344538,,6482
4999,COM00769.00,2011,,Oth.cuca,36000,,,
5000,COM00769.00,2012,Con.Cu,Me.Cu,25000,301204.819277,,6487
5001,COM00769.00,2012,,Oth.cuca,29200,,,
5002,COM00769.00,2013,O.oxi,Oth.cuca,29500,,,
5003,COM00769.00,2013,O.sul,Me.Cu,25100,7300,0,6493
5004,COM00769.00,2014,O.oxi,Oth.cuca,26700,,,
5005,COM00769.00,2014,O.sul,Me.Cu,25700,6900,0,6495
5006,COM00769.00,2015,O.oxi,Oth.cuca,20400,,,
5007,COM00769.00,2015,O.sul,Me.Cu,18100,7600,0,6497
5008,COM00770.00,2003,,Oth.cuca,60200,,,
5009,COM00770.00,2004,,Oth.cuca,60100,,,
5010,COM00770.00,2005,,Oth.cuca,62000,,,
5011,COM00770.00,2006,,Oth.cuca,60300,,,
5012,COM00770.00,2007,,Oth.cuca,61000,,,
5013,COM00770.00,2008,,Oth.cuca,62500,,,
5014,COM00770.00,2009,,Oth.cuca,61500,,,
5015,COM00770.00,2010,,Oth.cuca,61100,,,
5016,COM00770.00,2011,,Oth.cuca,58700,,,
5017,COM00770.00,2012,,Oth.cuca,62300,,,
5018,COM00770.00,2013,,Oth.cuca,56800,,,
5019,COM00770.00,2014,,Oth.cuca,51800,,,
5020,COM00770.00,2015,,Oth.cuca,32300,,,
5021,COM00773.00,2007,O.bulk,Me.Ag,0.841,16.173808,0.7489,6551
5022,COM00773.00,2007,O.bulk,Me.Au,0.019,0.497656,0.5412,6551
5023,COM00773.00,2008,O.bulk,Me.Ag,4.599,16.795877,0.7782,6553
5024,COM00773.00,2008,O.bulk,Me.Au,0.118,0.559863,0.6082,6553
5025,COM00773.00,2009,O.bulk,Me.Ag,5.277,18.973121,0.724,6555
5026,COM00773.00,2009,O.bulk,Me.Au,0.1,0.497656,0.528,6555
5027,COM00773.00,2009,O.bulk,Me.Cu,9092,27500,0,6555
5028,COM00773.00,2010,O.bulk,Me.Ag,18.922,32.969685,0.6081,6557
5029,COM00773.00,2010,O.bulk,Me.Au,0.173,0.404345,0.4579,6557
5030,COM00773.00,2010,O.bulk,Me.Cu,18707,23000,0,6557
5031,COM00773.00,2011,O.bulk,Me.Ag,32.198,32.036581,0.5067,6559
5032,COM00773.00,2011,O.bulk,Me.Au,0.264,0.311035,0.4502,6559
5033,COM00773.00,2011,O.bulk,Me.Cu,26231,16000,0,6559
5034,COM00773.00,2012,O.bulk,Me.Ag,13.109,13.06346,0.5437,6561
5035,COM00773.00,2012,O.bulk,Me.Au,0.318,0.38,0.4521,6561
5036,COM00773.00,2012,O.bulk,Me.Cu,20670,14100,0.8652,6561
5037,COM00773.00,2013,O.bulk,Me.Ag,18.757,16.795877,0.5979,6563
5038,COM00773.00,2013,O.bulk,Me.Au,0.286,0.35,0.4402,6563
5039,COM00773.00,2013,O.bulk,Me.Cu,27469,16800,0.8609,6563
5040,COM00773.00,2014,O.bulk,Me.Ag,45.526,26.126921,0.6236,6565
5041,COM00773.00,2014,O.bulk,Me.Au,0.44,0.31,0.565,6565
5042,COM00773.00,2014,O.bulk,Me.Cu,43282,17100,0.8623,6565
5043,COM00773.00,2015,O.bulk,Me.Ag,26.687,23.327608,0.5848,6567
5044,COM00773.00,2015,O.bulk,Me.Au,0.35,0.35,0.5027,6567
5045,COM00773.00,2015,O.bulk,Me.Cu,32061,19200,0.87,6567
5046,COM00773.00,2016,O.bulk,Me.Ag,24.864,18.351050999999998,0.6224,6569
5047,COM00773.00,2016,O.bulk,Me.Au,0.731,0.53,0.5891,6569
5048,COM00773.00,2016,O.bulk,Me.Cu,49170,20700,0.9036,6569
5049,COM00773.00,2017,O.bulk,Me.Ag,32.731,20.528295,0.6312,6571
5050,COM00773.00,2017,O.bulk,Me.Au,0.701,0.56,0.4989,6571
5051,COM00773.00,2017,O.bulk,Me.Cu,45097,19100,0.9356,6571
5052,COM00773.00,2018,O.bulk,Me.Ag,43.028,22.083469,0.6095,6573
5053,COM00773.00,2018,O.bulk,Me.Au,0.666,0.51,0.398,6573
5054,COM00773.00,2018,O.bulk,Me.Cu,46231,15900,0.9063,6573
5055,COM00773.00,2019,O.bulk,Me.Ag,43.302,23.949677,0.6207,6575
5056,COM00773.00,2019,O.bulk,Me.Au,0.582,0.54,0.3703,6575
5057,COM00773.00,2019,O.bulk,Me.Cu,43394,16700,0.8868,6575
5058,COM00775.00,2005,O.Au,Me.Au,1.902,0.83,,
5059,COM00775.00,2006,O.Au,Me.Au,7.269,0.7,,
5060,COM00775.00,2007,O.Au,Me.Au,6.981,0.73,,
5061,COM00775.00,2008,O.Au,Me.Au,6.946,0.76,,
5062,COM00775.00,2009,O.Au,Me.Au,7.264,0.84,,
5063,COM00775.00,2010,O.Au,Me.Au,4.87,0.77,,
5064,COM00775.00,2011,O.Au,Me.Au,7.347,0.82,,
5065,COM00775.00,2012,O.Au,Me.Au,7.351,0.64,,
5066,COM00775.00,2013,O.Au,Me.Au,5.841,0.6,,
5067,COM00775.00,2014,O.Au,Me.Au,7.688,0.74,,
5068,COM00775.00,2015,O.Au,Me.Au,6.598,0.75,,
5069,COM00775.00,2016,O.Au,Me.Au,5.459,0.67,,
5070,COM00775.00,2017,O.Au,Me.Au,2.834,,,
5071,COM00775.00,2018,O.Au,Me.Au,1.868,,,
5072,COM00776.00,2005,O.Au,Me.Au,6.393,0.98,0.7,6641
5073,COM00776.00,2006,O.Au,Me.Au,4.653,0.74,0.7,6643
5074,COM00776.00,2007,O.Au,Me.Au,4.378,0.71,0.7,6645
5075,COM00776.00,2008,O.Au,Me.Au,4.485,0.52,0.7,6647
5076,COM00776.00,2009,O.Au,Me.Au,4.565,0.63,0.73,6649
5077,COM00776.00,2010,O.Au,Me.Au,4.252,0.61,0.73,6651
5078,COM00776.00,2011,O.Au,Me.Au,4.779,0.58,0.73,6653
5079,COM00776.00,2012,O.Au,Me.Au,4.49,0.55,0.73,6655
5080,COM00776.00,2013,O.Au,Me.Au,5.012,,,
5081,COM00776.00,2014,,Me.Au,5.047,,,
5082,COM00776.00,2015,O.Au,Me.Au,6.438,0.45,0.706,6657
5083,COM00776.00,2016,O.Au,Me.Au,6.379,0.45,0.72,6659
5084,COM00776.00,2017,O.Au,Me.Au,6.29,0.35,0.73,6661
5085,COM00776.00,2018,O.Au,Me.Au,6.381,0.37,0.735,6663
5086,COM00776.00,2019,O.Au,Me.Au,6.849,0.4,0.754,6665
5087,COM00777.00,2005,O.bulk,Me.Ag,4.808,80,0.53,6667
5088,COM00777.00,2005,O.bulk,Me.Au,0.743,6.49,0.82,6667
5089,COM00777.00,2006,O.bulk,Me.Ag,49.71,75,0.6,6669
5090,COM00777.00,2006,O.bulk,Me.Au,5.007,4.92,0.87,6669
5091,COM00777.00,2007,O.bulk,Me.Ag,88.24,84,0.59,6671
5092,COM00777.00,2007,O.bulk,Me.Au,7.066,4.55,0.88,6671
5093,COM00777.00,2008,O.bulk,Me.Ag,99.912,90,0.61,6673
5094,COM00777.00,2008,O.bulk,Me.Au,7.508,4.54,0.9,6673
5095,COM00777.00,2009,O.bulk,Me.Ag,129.267,87,0.69,6675
5096,COM00777.00,2009,O.bulk,Me.Au,8.549,4.26,0.93,6675
5097,COM00777.00,2010,O.bulk,Me.Ag,194.661,141,0.87,6677
5098,COM00777.00,2010,O.bulk,Me.Au,9.209,5.94,0.96,6677
5099,COM00777.00,2011,O.bulk,Me.Ag,273.03,179,0.91,6679
5100,COM00777.00,2011,O.bulk,Me.Au,11.893,7.36,0.96,6679
5101,COM00777.00,2012,O.bulk,Me.Ag,204.66,116,0.91,6681
5102,COM00777.00,2012,O.bulk,Me.Au,6.447,3.44,0.96,6681
5103,COM00777.00,2013,O.bulk,Me.Ag,219.103,121,0.92,6683
5104,COM00777.00,2013,O.bulk,Me.Au,6.288,3.33,0.96,6683
5105,COM00777.00,2014,O.bulk,Me.Ag,226.878,126,0.93,6685
5106,COM00777.00,2014,O.bulk,Me.Au,5.8,3.11,0.97,6685
5107,COM00777.00,2015,O.bulk,Me.Ag,228.237,185,0.95,6687
5108,COM00777.00,2015,O.bulk,Me.Au,5.256,4.12,0.97,6687
5109,COM00777.00,2016,O.bulk,Me.Ag,178.752,184,0.96,6689
5110,COM00777.00,2016,O.bulk,Me.Au,3.577,3.65,0.97,6689
5111,COM00779.00,2019,O.Au,Me.Au,11.623,1.937217,,6693
5112,COM00779.00,2020,O.Au,Me.Au,9.072,1.487188,,6695
5113,COM00780.00,2005,O.bulk,Me.Ag,59.245,1772.695681,0.949,6697
5114,COM00780.00,2005,O.bulk,Me.Au,0.073,2.267962,0.929,6697
5115,COM00780.00,2006,O.bulk,Me.Ag,76.774,2265.977384,0.947,6699
5116,COM00780.00,2006,O.bulk,Me.Au,0.097,2.834952,0.925,6699
5117,COM00780.00,2007,O.bulk,Me.Ag,77.788,2214.097756,0.95,6701
5118,COM00780.00,2007,O.bulk,Me.Au,0.117,3.401943,0.927,6701
5119,COM00780.00,2008,O.bulk,Me.Ag,76.712,1416.909166,0.937,6703
5120,COM00780.00,2008,O.bulk,Me.Au,0.094,1.984467,0.883,6703
5121,COM00780.00,2009,O.bulk,Me.Ag,104.923,1021.433318,0.936,6705
5122,COM00780.00,2009,O.bulk,Me.Au,0.133,1.417476,0.936,6705
5123,COM00780.00,2010,O.bulk,Me.Ag,44.596,896.695417,0.883,6707
5124,COM00780.00,2010,O.bulk,Me.Au,0.052,1.133981,0.841,6707
5125,COM00785.00,2002,O.Zn,Me.Zn,171000,122142.857143,,6709
5126,COM00785.00,2003,O.Zn,Me.Zn,173000,108125,,6711
5127,COM00785.00,2004,O.Zn,Me.Zn,160000,106666.666667,,6713
5128,COM00785.00,2005,O.Zn,Me.Zn,154000,90588.235294,,6715
5129,COM00785.00,2006,O.Zn,Me.Ag,4.848,,,6717
5130,COM00785.00,2006,O.Zn,Me.Pb,19696,,,6717
5131,COM00785.00,2006,O.Zn,Me.Zn,138000,76666.666667,,6717
5132,COM00785.00,2007,O.Zn,Me.Ag,5.642,,,6719
5133,COM00785.00,2007,O.Zn,Me.Pb,20358,,,6719
5134,COM00785.00,2007,O.Zn,Me.Zn,138000,72631.578947,,6719
5135,COM00785.00,2008,O.Zn,Me.Ag,9.015,,,6721
5136,COM00785.00,2008,O.Zn,Me.Pb,29945,,,6721
5137,COM00785.00,2008,O.Zn,Me.Zn,142000,71000,,6721
5138,COM00785.00,2009,O.Zn,Me.Ag,10.603,,,6723
5139,COM00785.00,2009,O.Zn,Me.Pb,26929,,,6723
5140,COM00785.00,2009,O.Zn,Me.Zn,184000,87619.047619,,6723
5141,COM00785.00,2010,O.Zn,Me.Ag,7.91,,,6725
5142,COM00785.00,2010,O.Zn,Me.Pb,19643,,,6725
5143,COM00785.00,2010,O.Zn,Me.Zn,184000,83636.363636,,6725
5144,COM00785.00,2011,O.Zn,Me.Ag,7.314,,,6727
5145,COM00785.00,2011,O.Zn,Me.Pb,19549,,,6727
5146,COM00785.00,2011,O.Zn,Me.Zn,194000,84347.826087,,6727
5147,COM00785.00,2012,O.Zn,Me.Ag,51.596,,,
5148,COM00785.00,2012,O.Zn,Me.Pb,40400,,,
5149,COM00785.00,2012,O.Zn,Me.Zn,202100,,,
5150,COM00785.00,2013,O.Zn,Me.Ag,44.792,,,
5151,COM00785.00,2013,O.Zn,Me.Pb,45800,,,
5152,COM00785.00,2013,O.Zn,Me.Zn,203300,,,
5153,COM00785.00,2014,O.Zn,Me.Ag,41.419,,,
5154,COM00785.00,2014,O.Zn,Me.Pb,46200,,,
5155,COM00785.00,2014,O.Zn,Me.Zn,224300,,,
5156,COM00785.00,2015,O.Zn,Me.Ag,48.875,,,
5157,COM00785.00,2015,O.Zn,Me.Pb,53000,,,
5158,COM00785.00,2015,O.Zn,Me.Zn,272700,,,
5159,COM00785.00,2016,O.Zn,Me.Ag,39.944,,,
5160,COM00785.00,2016,O.Zn,Me.Pb,42100,,,
5161,COM00785.00,2016,O.Zn,Me.Zn,200200,,,
5162,COM00785.00,2017,O.Zn,Me.Ag,45.926,,,
5163,COM00785.00,2017,O.Zn,Me.Pb,44800,,,
5164,COM00785.00,2017,O.Zn,Me.Zn,210000,,,
5165,COM00785.00,2018,O.Zn,Me.Ag,48.733,,,
5166,COM00785.00,2018,O.Zn,Me.Pb,49900,,,
5167,COM00785.00,2018,O.Zn,Me.Zn,254300,,,
5168,COM00785.00,2019,O.Zn,Me.Ag,47.485,,,
5169,COM00785.00,2019,O.Zn,Me.Pb,55300,,,
5170,COM00785.00,2019,O.Zn,Me.Zn,271200,,,
5171,COM00786.00,2010,O.bulk,Me.Ag,1.304,0.651781,,6729
5172,COM00786.00,2010,O.bulk,Me.Au,7.518,4.34,0.06132,6729
5173,COM00786.00,2011,O.bulk,Me.Ag,1.701,0.571232,,6731
5174,COM00786.00,2011,O.bulk,Me.Au,7.664,3.02,0.128659,6731
5175,COM00786.00,2012,O.bulk,Me.Ag,2.58,0.675181,,6733
5176,COM00786.00,2012,O.bulk,Me.Au,10.359,3.17,0.11636,6733
5177,COM00786.00,2013,O.bulk,Me.Ag,2.835,0.684302,,6735
5178,COM00786.00,2013,O.bulk,Me.Au,12.186,3.43,0.099113,6735
5179,COM00786.00,2014,O.bulk,Me.Ag,3.827,0.926881,,6737
5180,COM00786.00,2014,O.bulk,Me.Au,12.816,3.61,0.089245,6737
5181,COM00786.00,2015,O.bulk,Me.Ag,6.265,1.553552,,6739
5182,COM00786.00,2015,O.bulk,Me.Au,10.805,3.16,0.118113,6739
5183,COM00786.00,2016,O.bulk,Me.Ag,6.265,1.600276,,6741
5184,COM00786.00,2016,O.bulk,Me.Au,8.836,2.7,0.164112,6741
5185,COM00786.00,2017,O.bulk,Me.Ag,7.796,2.023371,,6743
5186,COM00786.00,2017,O.bulk,Me.Au,9.976,3.12,0.123786,6743
5187,COM00786.00,2018,O.bulk,Me.Ag,4.848,1.486116,,6745
5188,COM00786.00,2018,O.bulk,Me.Au,7.047,2.56,0.180829,6745
5189,COM00786.00,2019,O.bulk,Me.Ag,2.438,0.886468,,6747
5190,COM00786.00,2019,O.bulk,Me.Au,5.476,2.35,0.213732,6747
5191,COM00789.00,2019,O.bulk,Me.Ag,0.51,0.492205,,6749
5192,COM00789.00,2019,O.bulk,Me.Au,6.747,7.6,0.02022,6749
5193,COM00790.00,2012,O.bulk,Me.Ag,15.231,78.42,0.32,6751
5194,COM00790.00,2012,O.bulk,Me.Au,3.614,6.43,0.948,6751
5195,COM00790.00,2013,O.bulk,Me.Ag,19.113,79.39,0.344,6753
5196,COM00790.00,2013,O.bulk,Me.Au,4.022,6.16,0.945,6753
5197,COM00790.00,2014,O.bulk,Me.Ag,12.382,55.88,0.326,6755
5198,COM00790.00,2014,O.bulk,Me.Au,3.272,5.09,0.946,6755
5199,COM00791.00,2016,O.Au,Me.Au,2.943,1.023751,,6757
5200,COM00791.00,2017,O.Au,Me.Au,14.518,1.065657,,6759
5201,COM00791.00,2018,O.Au,Me.Au,15.112,1.065435,,6761
5202,COM00791.00,2019,O.Au,Me.Au,14.829,1.008833,,6763
5203,COM00792.00,2001,,Nm.dia,0.011,,,
5204,COM00792.00,2002,,Nm.dia,0.023,,,
5205,COM00792.00,2003,,Nm.dia,0.012,,,
5206,COM00796.00,2014,Con.Cu,Me.Cu,5200,259500,0,6764
5207,COM00796.00,2014,Con.Pb,Me.Pb,22300,617200,0,6765
5208,COM00796.00,2014,Con.Zn,Me.Zn,66600,537400,0,6766
5209,COM00796.00,2014,O.bulk,Me.Ag,140.186,76.827208,0.8114,6768
5210,COM00796.00,2015,Con.Cu,Me.Cu,5600,238200,0,6769
5211,COM00796.00,2015,Con.Pb,Me.Pb,20700,631500,0,6770
5212,COM00796.00,2015,Con.Zn,Me.Zn,61900,538100,0,6771
5213,COM00796.00,2015,O.bulk,Me.Ag,141.606,65.487398,0.8153,6773
5214,COM00796.00,2016,Con.Cu,Me.Cu,6400,258600,0,6774
5215,COM00796.00,2016,Con.Pb,Me.Pb,24400,598800,0,6775
5216,COM00796.00,2016,Con.Zn,Me.Zn,73900,529600,0,6776
5217,COM00796.00,2016,O.bulk,Me.Ag,159.381,66.621379,0.7941,6778
5218,COM00796.00,2017,Con.Cu,Me.Cu,5500,257100,0,6779
5219,COM00796.00,2017,Con.Pb,Me.Pb,20200,602900,0,6780
5220,COM00796.00,2017,Con.Zn,Me.Zn,68700,531300,0,6781
5221,COM00796.00,2017,O.bulk,Me.Ag,134.941,62.085456,0.7572,6783
5222,COM00796.00,2018,Con.Cu,Me.Cu,6200,264500,0,6784
5223,COM00796.00,2018,Con.Pb,Me.Pb,22100,565100,0,6785
5224,COM00796.00,2018,Con.Zn,Me.Zn,70800,523000,0,6786
5225,COM00796.00,2018,O.bulk,Me.Ag,160.161,63.786427,0.7659,6788
5226,COM00796.00,2019,Con.Cu,Me.Cu,8300,244000,0,6789
5227,COM00796.00,2019,Con.Pb,Me.Pb,22600,514700,0,6790
5228,COM00796.00,2019,Con.Zn,Me.Zn,3900,504000,0,6791
5229,COM00796.00,2019,O.bulk,Me.Ag,196.817,64.069922,0.7853,6793
5230,COM00800.00,2000,O.Cu,Me.Cu,59300,7100,0,6795
5231,COM00800.00,2001,O.Cu,Me.Cu,44100,4100,0,6797
5232,COM00800.00,2002,O.Cu,Me.Cu,10500,,,
5233,COM00800.00,2003,O.Cu,Me.Cu,17800,,,
5234,COM00800.00,2004,,Me.Cu,9071.847,,,
5235,COM00800.00,2005,,Me.Cu,11339.809,,,
5236,COM00800.00,2006,,Me.Cu,8618.255,,,
5237,COM00800.00,2007,,Me.Cu,9071.847,,,
5238,COM00800.00,2008,,Me.Cu,8618.255,,,
5239,COM00800.00,2009,,Me.Cu,7257.478,,,
5240,COM00800.00,2010,,Me.Cu,8164.663,,,
5241,COM00800.00,2011,,Me.Cu,29937.096,,,
5242,COM00800.00,2012,,Me.Cu,29937.096,,,
5243,COM00800.00,2013,,Me.Cu,27669.135,,,
5244,COM00800.00,2014,,Me.Cu,25854.765,,,
5245,COM00800.00,2015,,Me.Cu,19504.472,,,
5246,COM00800.00,2016,,Me.Cu,11339.809,,,
5247,COM00800.00,2017,,Me.Cu,8618.255,,,
5248,COM00800.00,2018,,Me.Cu,7257.478,,,
5249,COM00800.00,2019,,Me.Cu,6803.886,,,
5250,COM00802.00,2006,O.bulk,Me.Pb,1272,,,
5251,COM00802.00,2006,O.bulk,Me.Zn,17017,,,
5252,COM00802.00,2007,O.bulk,Me.Zn,28748,,,
5253,COM00802.00,2008,O.bulk,Me.Zn,21259.32,,,
5254,COM00802.00,2009,O.bulk,Me.Ag,10.751,,,
5255,COM00802.00,2009,O.bulk,Me.Zn,22474.6,,,
5256,COM00802.00,2010,O.bulk,Me.Ag,5.718,,,
5257,COM00802.00,2010,O.bulk,Me.Zn,23999.46,,,
5258,COM00802.00,2011,O.bulk,Me.Ag,11.228,,,
5259,COM00802.00,2011,O.bulk,Me.Zn,19527.78,,,
5260,COM00802.00,2012,O.bulk,Me.Ag,13.799,,,
5261,COM00802.00,2012,O.bulk,Me.Zn,25505.94,,,
5262,COM00802.00,2013,O.bulk,Me.Zn,29275,,,
5263,COM00802.00,2014,O.bulk,Me.Zn,40214,,,
5264,COM00802.00,2015,O.bulk,Me.Zn,62165,,,
5265,COM00802.00,2016,O.bulk,Me.Zn,74191,,,
5266,COM00802.00,2017,O.bulk,Me.Pb,16574,,,
5267,COM00802.00,2017,O.bulk,Me.Zn,87529,,,
5268,COM00802.00,2018,O.bulk,Me.Pb,14050,,,
5269,COM00802.00,2018,O.bulk,Me.Zn,74435,,,
5270,COM00804.00,2000,Con.Cu,Me.Cu,1100,,,
5271,COM00804.00,2000,O.Cu,Oth.cuca,51100,16700,0.726,
5272,COM00804.00,2001,O.Cu,Oth.cuca,49600,14900,0.748,
5273,COM00804.00,2002,O.Cu,Oth.cuca,51800,13900,0.756,
5274,COM00804.00,2003,O.Cu,Oth.cuca,52700,12500,0.75,
5275,COM00804.00,2004,O.Cu,Oth.cuca,50000,11100,0.754,
5276,COM00804.00,2005,O.Cu,Oth.cuca,46400,11000,0.754,
5277,COM00804.00,2006,O.Cu,Oth.cuca,47300,10500,0.782,
5278,COM00804.00,2007,O.Cu,Oth.cuca,45100,10300,0.791,
5279,COM00804.00,2008,O.Cu,Oth.cuca,47700,10600,0.804,
5280,COM00804.00,2009,O.Cu,Oth.cuca,40600,9600,0.775,
5281,COM00804.00,2010,O.Cu,Oth.cuca,41200,10300,0.776,
5282,COM00804.00,2011,O.Cu,Oth.cuca,41600,11800,0.756,
5283,COM00804.00,2012,O.Cu,Oth.cuca,37700,10500,0.742,
5284,COM00804.00,2013,O.Cu,Oth.cuca,38300,9200,0.779,
5285,COM00804.00,2014,O.Cu,Oth.cuca,47000,11300,0.795,
5286,COM00804.00,2015,O.Cu,Oth.cuca,29400,12800,0.782,
5287,COM00807.00,2012,O.Fe,Me.Fe,4075920,592000,0,6879
5288,COM00807.00,2013,O.Fe,Me.Fe,5007532,601000,0,6881
5289,COM00807.00,2014,O.Fe,Me.Fe,4765045,599000,0,6883
5290,COM00807.00,2015,O.Fe,Me.Fe,5810770,595000,0,6885
5291,COM00811.00,2010,Con.Fe,Me.Fe,10105260,660000,0,6911
5292,COM00811.00,2011,Con.Fe,Me.Fe,10835880,660000,0,6914
5293,COM00811.00,2012,Con.Fe,Me.Fe,11220660,660000,0,6917
5294,COM00811.00,2013,Con.Fe,Me.Fe,10962600,660000,0,6920
5295,COM00811.00,2014,Con.Fe,Me.Fe,11041800,660000,0,6923
5296,COM00811.00,2015,Con.Fe,Me.Fe,11111100,660000,0,6926
5297,COM00811.00,2016,Con.Fe,Me.Fe,11170500,660000,0,6929
5298,COM00811.00,2017,Con.Fe,Me.Fe,10917720,660000,0,6932
5299,COM00811.00,2018,Con.Fe,Me.Fe,11076120,660000,0,6935
5300,COM00811.00,2019,Con.Fe,Me.Fe,11077440,660000,0,6938
5301,COM00816.00,2016,O.pgm,Me.pgm,2.833,3.57,0.100061,6942
5302,COM00816.00,2017,O.pgm,Me.pgm,7.714,3.58,0.7787,6944
5303,COM00816.00,2018,O.pgm,Me.pgm,7.776,3.56,0.7759,6946
5304,COM00822.00,2008,O.bulk,Me.Ag,12.198,36.68,0.7,7024
5305,COM00822.00,2008,O.bulk,Me.Au,1.783,4.53,0.842,7024
5306,COM00822.00,2009,O.bulk,Me.Ag,20.283,40.91,0.689,7026
5307,COM00822.00,2009,O.bulk,Me.Au,2.489,4.21,0.823,7026
5308,COM00822.00,2010,O.bulk,Me.Ag,18.849,33.37,0.678,7028
5309,COM00822.00,2010,O.bulk,Me.Au,2.942,4.41,0.837,7028
5310,COM00822.00,2011,O.bulk,Me.Ag,24.605,38.4,0.683,7030
5311,COM00822.00,2011,O.bulk,Me.Au,2.703,3.5,0.84,7030
5312,COM00822.00,2012,O.bulk,Me.Ag,25.683,39.29,0.676,7032
5313,COM00822.00,2012,O.bulk,Me.Au,2.773,3.34,0.811,7032
5314,COM00822.00,2013,O.bulk,Me.Ag,30.463,32.02,0.572,7034
5315,COM00822.00,2013,O.bulk,Me.Au,3.079,2.45,0.761,7034
5316,COM00822.00,2014,O.bulk,Me.Ag,30.332,29.87,0.587,7036
5317,COM00822.00,2014,O.bulk,Me.Au,3.112,2.23,0.808,7036
5318,COM00822.00,2015,O.bulk,Me.Ag,20.557,19.04,0.587,7038
5319,COM00822.00,2015,O.bulk,Me.Au,3.501,2.32,0.811,7038
5320,COM00822.00,2016,O.bulk,Me.Ag,13.343,14.45,0.54,7040
5321,COM00822.00,2016,O.bulk,Me.Au,3.244,2.34,0.824,7040
5322,COM00822.00,2017,O.bulk,Me.Au,2.81,3.05,0.886,7042
5323,COM00822.00,2018,O.bulk,Me.Au,2.539,3.42,0.905,7044
5324,COM00822.00,2019,O.bulk,Me.Au,2.275,3.32,0.919,7046
5325,COM00824.00,2013,O.Cu,Me.Ag,11.638,,,
5326,COM00824.00,2013,O.Cu,Me.Cu,33572,,,
5327,COM00824.00,2014,O.Cu,Me.Ag,249.494,,,
5328,COM00824.00,2014,O.Cu,Me.Cu,141206,,,
5329,COM00824.00,2015,O.Cu,Me.Cu,238305,,,
5330,COM00824.00,2016,O.Cu,Me.Cu,237020,,,
5331,COM00824.00,2017,O.Cu,Me.Ag,126.948,,,
5332,COM00824.00,2017,O.Cu,Me.Cu,215086,,,
5333,COM00824.00,2018,O.Cu,Me.Ag,143.78,,,
5334,COM00824.00,2018,O.Cu,Me.Cu,195485,,,
5335,COM00826.00,2011,Con.Fe,Me.Fe,1820000,650000,0,7070
5336,COM00826.00,2012,Con.Fe,Me.Fe,1885000,650000,0,7073
5337,COM00826.00,2013,Con.Fe,Me.Fe,1885000,650000,0,7076
5338,COM00826.00,2014,Con.Fe,Me.Fe,1755000,650000,0,7079
5339,COM00826.00,2015,Con.Fe,Me.Fe,1755000,650000,0,7082
5340,COM00826.00,2016,Con.Fe,Me.Fe,1820000,650000,0,7085
5341,COM00826.00,2017,Con.Fe,Me.Fe,1885000,650000,0,7088
5342,COM00826.00,2018,Con.Fe,Me.Fe,1820000,650000,0,7091
5343,COM00826.00,2019,Con.Fe,Me.Fe,1820000,650000,0,7094
5344,COM00827.00,2007,O.bulk,Me.Ag,1.427,7.7,0.775,7099
5345,COM00827.00,2007,O.bulk,Me.Cu,4381.702,21600,0.851,7099
5346,COM00827.00,2008,O.bulk,Me.Ag,8.081,11.8,0.846,7102
5347,COM00827.00,2008,O.bulk,Me.Au,0.957,1.14,0.779,7102
5348,COM00827.00,2008,O.bulk,Me.Cu,21630.459,29100,0.919,7102
5349,COM00827.00,2009,O.bulk,Me.Ag,9.323,11,0.819,7105
5350,COM00827.00,2009,O.bulk,Me.Au,0.889,1.14,0.753,7105
5351,COM00827.00,2009,O.bulk,Me.Cu,24338.406,25500,0.926,7105
5352,COM00827.00,2010,O.bulk,Me.Ag,6.433,8.7,0.806,7108
5353,COM00827.00,2010,O.bulk,Me.Au,0.693,0.93,0.811,7108
5354,COM00827.00,2010,O.bulk,Me.Cu,18349.626,22200,0.903,7108
5355,COM00827.00,2011,O.bulk,Me.Ag,6.074,6.1,0.786,7111
5356,COM00827.00,2011,O.bulk,Me.Au,0.571,0.6,0.755,7111
5357,COM00827.00,2011,O.bulk,Me.Cu,16810.133,15200,0.879,7111
5358,COM00827.00,2012,O.bulk,Me.Ag,5.723,5.1,0.84,7114
5359,COM00827.00,2012,O.bulk,Me.Au,0.578,0.58,0.74,7114
5360,COM00827.00,2012,O.bulk,Me.Cu,16296.667,13400,0.905,7114
5361,COM00827.00,2013,O.bulk,Me.Ag,5.039,4.6,0.785,7117
5362,COM00827.00,2013,O.bulk,Me.Au,0.571,0.52,0.784,7117
5363,COM00827.00,2013,O.bulk,Me.Cu,16890.873,13100,0.923,7117
5364,COM00827.00,2014,O.bulk,Me.Ag,5.319,4.7,0.785,7120
5365,COM00827.00,2014,O.bulk,Me.Au,0.619,0.56,0.775,7120
5366,COM00827.00,2014,O.bulk,Me.Cu,18411,13700,0.932,7120
5367,COM00827.00,2015,O.bulk,Me.Ag,5.288,4.7,0.769,7123
5368,COM00827.00,2015,O.bulk,Me.Au,0.501,0.49,0.736,7123
5369,COM00827.00,2015,O.bulk,Me.Cu,16515,13800,0.862,7123
5370,COM00827.00,2016,O.bulk,Me.Ag,11.042,8,0.878,7126
5371,COM00827.00,2016,O.bulk,Me.Au,1.229,1.23,0.67,7126
5372,COM00827.00,2016,O.bulk,Me.Cu,31426,22100,0.952,7126
5373,COM00827.00,2017,O.bulk,Me.Ag,5.319,4.8,0.776,7129
5374,COM00827.00,2017,O.bulk,Me.Au,0.784,0.79,0.593,7129
5375,COM00827.00,2017,O.bulk,Me.Cu,16332,13700,0.826,7129
5376,COM00827.00,2018,O.bulk,Me.Ag,3.004,4.33,0.765,7132
5377,COM00827.00,2018,O.bulk,Me.Au,0.206,0.37,0.615,7132
5378,COM00827.00,2018,O.bulk,Me.Cu,10418.11,13100,0.865,7132
5379,COM00828.00,2000,M.lat,Me.Co,2854,,,
5380,COM00828.00,2000,M.lat,Me.Ni,28070,,,
5381,COM00828.00,2001,M.lat,Me.Co,2942,,,
5382,COM00828.00,2001,M.lat,Me.Ni,29226,,,
5383,COM00828.00,2002,M.lat,Me.Co,3065,,,
5384,COM00828.00,2002,M.lat,Me.Ni,31694,,,
5385,COM00828.00,2003,M.lat,Me.Co,3141,,,
5386,COM00828.00,2003,M.lat,Me.Ni,31106,,,
5387,COM00828.00,2004,M.lat,Me.Co,3325,,,
5388,COM00828.00,2004,M.lat,Me.Ni,31788,,,
5389,COM00828.00,2005,M.lat,Me.Co,3391,,,
5390,COM00828.00,2005,M.lat,Me.Ni,31878,,,
5391,COM00828.00,2006,M.lat,Me.Co,3311,,,
5392,COM00828.00,2006,M.lat,Me.Ni,30212,,,
5393,COM00828.00,2007,M.lat,Me.Co,3573,,,
5394,COM00828.00,2007,M.lat,Me.Ni,31392,,,
5395,COM00828.00,2008,M.lat,Me.Co,3428,,,
5396,COM00828.00,2008,M.lat,Me.Ni,32408,,,
5397,COM00828.00,2009,M.lat,Me.Co,3721,,,
5398,COM00828.00,2009,M.lat,Me.Ni,33599,,,
5399,COM00828.00,2010,M.lat,Me.Co,3706,1029.444444,,7134
5400,COM00828.00,2010,M.lat,Me.Ni,33972,9436.666667,,7134
5401,COM00828.00,2011,M.lat,Me.Co,3854,1073.537604,,7136
5402,COM00828.00,2011,M.lat,Me.Ni,34572,9630.083565,,7136
5403,COM00828.00,2012,M.lat,Me.Co,3792,1115.294118,,7138
5404,COM00828.00,2012,M.lat,Me.Ni,34263,10077.352941,,7138
5405,COM00828.00,2013,M.lat,Me.Co,3210,1003.125,,7140
5406,COM00828.00,2013,M.lat,Me.Ni,32909,10284.0625,,7140
5407,COM00828.00,2014,M.lat,Me.Co,3210,906.779661,,7142
5408,COM00828.00,2014,M.lat,Me.Ni,32909,9296.327684,,7142
5409,COM00828.00,2015,M.lat,Me.Co,3733,1075.792507,,7144
5410,COM00828.00,2015,M.lat,Me.Ni,33705,9713.256484,,7144
5411,COM00828.00,2016,M.lat,Me.Co,3693,1161.320755,,7146
5412,COM00828.00,2016,M.lat,Me.Ni,32927,10354.402516,,7146
5413,COM00828.00,2017,M.lat,Me.Co,3601,1046.802326,,7148
5414,COM00828.00,2017,M.lat,Me.Ni,31523,9163.662791,,7148
5415,COM00828.00,2018,M.lat,Me.Co,3234,768.171021,,7150
5416,COM00828.00,2018,M.lat,Me.Ni,30708,7294.061758,,7150
5417,COM00828.00,2019,M.lat,Me.Co,3376,741.978022,,7152
5418,COM00828.00,2019,M.lat,Me.Ni,33108,7276.483516,,7152
5419,COM00829.00,2006,O.Au,Me.Au,1.247,6.35,0.02525,7154
5420,COM00829.00,2007,O.Au,Me.Au,1.899,6.331393,,7156
5421,COM00829.00,2008,O.Au,Me.Au,5.443,9.071847,,7158
5422,COM00829.00,2009,O.Au,Me.Au,7.002,9.36,0.012206,7160
5423,COM00829.00,2010,O.Au,Me.Au,8.278,9.03,0.013378,7162
5424,COM00829.00,2011,O.Au,Me.Au,7.541,9.39,0.01271,7164
5425,COM00829.00,2012,O.Au,Me.Au,4.593,8.16,0.01601,7166
5426,COM00829.00,2013,O.Au,Me.Au,6.01,9.47,0.012299,7168
5427,COM00829.00,2014,O.Au,Me.Au,6.634,11.04,0.009558,7170
5428,COM00829.00,2015,O.Au,Me.Au,7.201,8.5,0.014704,7172
5429,COM00829.00,2016,O.Au,Me.Au,7.938,9.05,0.01392,7174
5430,COM00829.00,2017,O.Au,Me.Au,8.335,8.15,0.016194,7176
5431,COM00831.00,2005,O.pgm,Me.Au,0.111,0.045315,,7178
5432,COM00831.00,2005,O.pgm,Me.Cu,420,170.731707,,7178
5433,COM00831.00,2005,O.pgm,Me.Ni,754,306.504065,,7178
5434,COM00831.00,2005,O.pgm,Me.Pd,3.549,1.442828,,7178
5435,COM00831.00,2005,O.pgm,Me.Pt,3.569,1.450916,,7178
5436,COM00831.00,2005,O.pgm,Me.Rh,0.727,0.29562,,7178
5437,COM00831.00,2006,O.pgm,Me.Au,0.1,0.039767,,7180
5438,COM00831.00,2006,O.pgm,Me.Cu,424,168.924303,,7180
5439,COM00831.00,2006,O.pgm,Me.Ni,675,268.924303,,7180
5440,COM00831.00,2006,O.pgm,Me.Pd,3.689,1.469886,,7180
5441,COM00831.00,2006,O.pgm,Me.Pt,3.731,1.486539,,7180
5442,COM00831.00,2006,O.pgm,Me.Rh,0.78,0.310905,,7180
5443,COM00831.00,2007,O.pgm,Me.Au,0.101,0.043548,,7182
5444,COM00831.00,2007,O.pgm,Me.Cu,413,178.017241,,7182
5445,COM00831.00,2007,O.pgm,Me.Ni,674,290.517241,,7182
5446,COM00831.00,2007,O.pgm,Me.Pd,3.431,1.47898,,7182
5447,COM00831.00,2007,O.pgm,Me.Pt,3.513,1.514062,,7182
5448,COM00831.00,2007,O.pgm,Me.Rh,0.714,0.30786,,7182
5449,COM00831.00,2008,O.pgm,Me.Au,0.11,0.044521,,7184
5450,COM00831.00,2008,O.pgm,Me.Cu,478,194.308943,,7184
5451,COM00831.00,2008,O.pgm,Me.Ir,0.267,0.108633,,7184
5452,COM00831.00,2008,O.pgm,Me.Ni,768,312.195122,,7184
5453,COM00831.00,2008,O.pgm,Me.Pd,3.675,1.494056,,7184
5454,COM00831.00,2008,O.pgm,Me.Pt,3.789,1.540279,,7184
5455,COM00831.00,2008,O.pgm,Me.Rh,0.767,0.311634,,7184
5456,COM00831.00,2008,O.pgm,Me.Ru,1.101,0.447497,,7184
5457,COM00831.00,2009,O.pgm,Me.Au,0.109,0.04413,,7186
5458,COM00831.00,2009,O.pgm,Me.Cu,460,186.99187,,7186
5459,COM00831.00,2009,O.pgm,Me.Ir,0.273,0.11106,,7186
5460,COM00831.00,2009,O.pgm,Me.Ni,753,306.097561,,7186
5461,COM00831.00,2009,O.pgm,Me.Pd,3.739,1.519802,,7186
5462,COM00831.00,2009,O.pgm,Me.Pt,3.851,1.565508,,7186
5463,COM00831.00,2009,O.pgm,Me.Rh,0.779,0.316569,,7186
5464,COM00831.00,2009,O.pgm,Me.Ru,1.122,0.456297,,7186
5465,COM00831.00,2010,O.pgm,Me.Au,0.096,0.042188,,7188
5466,COM00831.00,2010,O.pgm,Me.Cu,410,180.61674,,7188
5467,COM00831.00,2010,O.pgm,Me.Ir,0.272,0.11997,,7188
5468,COM00831.00,2010,O.pgm,Me.Ni,663,292.070485,,7188
5469,COM00831.00,2010,O.pgm,Me.Pd,3.647,1.60653,,7188
5470,COM00831.00,2010,O.pgm,Me.Pt,3.722,1.63943,,7188
5471,COM00831.00,2010,O.pgm,Me.Rh,0.773,0.340336,,7188
5472,COM00831.00,2010,O.pgm,Me.Ru,1.102,0.485613,,7188
5473,COM00831.00,2011,O.pgm,Me.Au,0.095,0.04149,,7190
5474,COM00831.00,2011,O.pgm,Me.Cu,380,165.217391,,7190
5475,COM00831.00,2011,O.pgm,Me.Ir,0.261,0.113471,,7190
5476,COM00831.00,2011,O.pgm,Me.Ni,595,258.695652,,7190
5477,COM00831.00,2011,O.pgm,Me.Pd,3.385,1.471563,,7190
5478,COM00831.00,2011,O.pgm,Me.Pt,3.609,1.569198,,7190
5479,COM00831.00,2011,O.pgm,Me.Rh,0.698,0.303671,,7190
5480,COM00831.00,2011,O.pgm,Me.Ru,0.989,0.42984,,7190
5481,COM00831.00,2012,O.pgm,Me.Au,0.089,0.041048,,7192
5482,COM00831.00,2012,O.pgm,Me.Cu,370,169.724771,,7192
5483,COM00831.00,2012,O.pgm,Me.Ir,0.235,0.107994,,7192
5484,COM00831.00,2012,O.pgm,Me.Ni,591,271.100917,,7192
5485,COM00831.00,2012,O.pgm,Me.Pd,3.208,1.471769,,7192
5486,COM00831.00,2012,O.pgm,Me.Pt,3.431,1.573882,,7192
5487,COM00831.00,2012,O.pgm,Me.Rh,0.677,0.310664,,7192
5488,COM00831.00,2012,O.pgm,Me.Ru,0.963,0.441623,,7192
5489,COM00831.00,2013,O.pgm,Me.Au,0.097,0.041831,,7194
5490,COM00831.00,2013,O.pgm,Me.Cu,400,171.67382,,7194
5491,COM00831.00,2013,O.pgm,Me.Ir,0.246,0.105487,,7194
5492,COM00831.00,2013,O.pgm,Me.Ni,648,278.111588,,7194
5493,COM00831.00,2013,O.pgm,Me.Pd,3.459,1.48439,,7194
5494,COM00831.00,2013,O.pgm,Me.Pt,3.626,1.556403,,7194
5495,COM00831.00,2013,O.pgm,Me.Rh,0.724,0.310911,,7194
5496,COM00831.00,2013,O.pgm,Me.Ru,1.034,0.443861,,7194
5497,COM00831.00,2014,O.pgm,Me.Au,0.096,0.045576,,7196
5498,COM00831.00,2014,O.pgm,Me.Cu,409,194.761905,,7196
5499,COM00831.00,2014,O.pgm,Me.Ir,0.208,0.099198,,7196
5500,COM00831.00,2014,O.pgm,Me.Ni,667,317.619048,,7196
5501,COM00831.00,2014,O.pgm,Me.Pd,3.018,1.43729,,7196
5502,COM00831.00,2014,O.pgm,Me.Pt,3.15,1.500035,,7196
5503,COM00831.00,2014,O.pgm,Me.Rh,0.621,0.295573,,7196
5504,COM00831.00,2014,O.pgm,Me.Ru,0.879,0.418638,,7196
5505,COM00831.00,2015,O.pgm,Me.Au,0.076,0.040989,,7198
5506,COM00831.00,2015,O.pgm,Me.Cu,321,172.580645,,7198
5507,COM00831.00,2015,O.pgm,Me.Ir,0.201,0.108088,,7198
5508,COM00831.00,2015,O.pgm,Me.Ni,531,285.483871,,7198
5509,COM00831.00,2015,O.pgm,Me.Pd,2.804,1.507538,,7198
5510,COM00831.00,2015,O.pgm,Me.Pt,2.847,1.5305280000000001,,7198
5511,COM00831.00,2015,O.pgm,Me.Rh,0.589,0.316504,,7198
5512,COM00831.00,2015,O.pgm,Me.Ru,0.842,0.45283,,7198
5513,COM00831.00,2016,O.pgm,Me.Au,0.085,0.041566,,7200
5514,COM00831.00,2016,O.pgm,Me.Cu,364,177.560976,,7200
5515,COM00831.00,2016,O.pgm,Me.Ir,0.228,0.111143,,7200
5516,COM00831.00,2016,O.pgm,Me.Ni,597,291.219512,,7200
5517,COM00831.00,2016,O.pgm,Me.Pd,3.156,1.539341,,7200
5518,COM00831.00,2016,O.pgm,Me.Pt,3.22,1.570885,,7200
5519,COM00831.00,2016,O.pgm,Me.Rh,0.668,0.325864,,7200
5520,COM00831.00,2016,O.pgm,Me.Ru,0.952,0.464355,,7200
5521,COM00831.00,2017,O.pgm,Me.Au,0.085,0.042436,,7202
5522,COM00831.00,2017,O.pgm,Me.Cu,365,181.59204,,7202
5523,COM00831.00,2017,O.pgm,Me.Ir,0.235,0.116889,,7202
5524,COM00831.00,2017,O.pgm,Me.Ni,589,293.034826,,7202
5525,COM00831.00,2017,O.pgm,Me.Pd,3.234,1.608932,,7202
5526,COM00831.00,2017,O.pgm,Me.Pt,3.298,1.64071,,7202
5527,COM00831.00,2017,O.pgm,Me.Rh,0.683,0.339938,,7202
5528,COM00831.00,2017,O.pgm,Me.Ru,0.99,0.492293,,7202
5529,COM00831.00,2018,O.pgm,Me.Au,0.094,0.038665,,7204
5530,COM00831.00,2018,O.pgm,Me.Cu,384,158.024691,,7204
5531,COM00831.00,2018,O.pgm,Me.Ir,0.257,0.105956,,7204
5532,COM00831.00,2018,O.pgm,Me.Ni,628,258.436214,,7204
5533,COM00831.00,2018,O.pgm,Me.Pd,3.511,1.444779,,7204
5534,COM00831.00,2018,O.pgm,Me.Pt,3.728,1.534081,,7204
5535,COM00831.00,2018,O.pgm,Me.Rh,0.755,0.310869,,7204
5536,COM00831.00,2018,O.pgm,Me.Ru,1.104,0.454116,,7204
5537,COM00831.00,2019,O.pgm,Me.Au,0.087,0.037865,,7206
5538,COM00831.00,2019,O.pgm,Me.Cu,345,150.655022,,7206
5539,COM00831.00,2019,O.pgm,Me.Ir,0.236,0.103066,,7206
5540,COM00831.00,2019,O.pgm,Me.Ni,557,243.231441,,7206
5541,COM00831.00,2019,O.pgm,Me.Pd,3.237,1.413628,,7206
5542,COM00831.00,2019,O.pgm,Me.Pt,3.425,1.495735,,7206
5543,COM00831.00,2019,O.pgm,Me.Rh,0.69,0.301389,,7206
5544,COM00831.00,2019,O.pgm,Me.Ru,0.997,0.435227,,7206
5545,COM00832.00,2015,,Me.Pt,12.207,,,
5546,COM00832.00,2016,,Me.Pt,12.81,,,
5547,COM00832.00,2017,O.bulk,Me.Pd,15.829,,,
5548,COM00832.00,2017,O.bulk,Me.Pt,14.426,,,
5549,COM00832.00,2018,O.bulk,Me.Pd,16.824,,,
5550,COM00832.00,2018,O.bulk,Me.Pt,15.399,,,
5551,COM00832.00,2019,,Me.pgm,37.791,,,
5552,COM00832.00,2020,,Me.pgm,36.752,,,
5553,COM00834.00,2011,Con.Fe,Me.Fe,9815000,650000,0,7210
5554,COM00834.00,2012,Con.Fe,Me.Fe,9776000,650000,0,7213
5555,COM00834.00,2013,Con.Fe,Me.Fe,11700000,650000,0,7216
5556,COM00834.00,2014,Con.Fe,Me.Fe,15145000,650000,0,7219
5557,COM00834.00,2015,Con.Fe,Me.Fe,16835000,650000,0,7222
5558,COM00834.00,2016,Con.Fe,Me.Fe,16250000,650000,0,7225
5559,COM00834.00,2017,Con.Fe,Me.Fe,16445000,650000,0,7228
5560,COM00834.00,2018,Con.Fe,Me.Fe,15925000,650000,0,7231
5561,COM00834.00,2019,Con.Fe,Me.Fe,15470000,650000,0,7234
5562,COM00835.00,2006,O.Ni,Me.Ni,11000,12345.679012,,7238
5563,COM00835.00,2007,O.Ni,Me.Ni,10000,10626.992561,,7240
5564,COM00835.00,2008,O.Ni,Me.Ni,9000,9708.737864,,7242
5565,COM00835.00,2009,O.Ni,Me.Ni,2000,8849.557522,,7244
5566,COM00838.00,2010,O.bulk,Me.Co,800,,,
5567,COM00838.00,2010,O.bulk,Me.Cu,94400,,,
5568,COM00838.00,2011,O.bulk,Me.Co,600,,,
5569,COM00838.00,2011,O.bulk,Me.Cu,101400,,,
5570,COM00838.00,2012,O.bulk,Me.Co,100,,,
5571,COM00838.00,2012,O.bulk,Me.Cu,99000,,,
5572,COM00838.00,2013,,Me.Cu,111800,,,
5573,COM00838.00,2014,,Me.Cu,109900,,,
5574,COM00838.00,2015,,Me.Cu,92100,,,
5575,COM00838.00,2016,,Me.Cu,41100,,,
5576,COM00838.00,2017,,Me.Cu,41700,,,
5577,COM00838.00,2018,,Me.Cu,59300,,,
5578,COM00838.00,2019,Con.Cu,Me.Cu,10600,,,
5579,COM00838.00,2019,,Me.Cu,21600,,,
5580,COM00840.00,2000,O.Cu,Me.Cu,284700,2600,0,7246
5581,COM00840.00,2000,O.Cu,Me.Cu,132300,7100,0,7247
5582,COM00840.00,2001,O.Cu,Me.Cu,368100,3000,0,7249
5583,COM00840.00,2001,O.Cu,Me.Cu,23500,7800,0,7250
5584,COM00840.00,2002,O.Cu,Me.Cu,412700,2800,0,7252
5585,COM00840.00,2003,O.Cu,Me.Cu,421200,2800,0,7254
5586,COM00840.00,2004,,Me.Cu,381551.229,,,
5587,COM00840.00,2005,,Me.Cu,362873.896,,,
5588,COM00840.00,2006,,Me.Cu,369811.191,,,
5589,COM00840.00,2007,,Me.Cu,366609.363,,,
5590,COM00840.00,2008,,Me.Cu,334057.44,,,
5591,COM00840.00,2009,,Me.Cu,228397.099,,,
5592,COM00840.00,2010,,Me.Cu,233199.842,,,
5593,COM00840.00,2011,O.bulk,Me.Cu,278505.715,,,
5594,COM00840.00,2011,O.bulk,Me.Mo,907.185,,,
5595,COM00840.00,2012,O.bulk,Me.Cu,286670.378,,,
5596,COM00840.00,2012,O.bulk,Me.Mo,1360.777,,,
5597,COM00840.00,2013,O.bulk,Me.Cu,301185.334,,,
5598,COM00840.00,2013,O.bulk,Me.Mo,907.185,,,
5599,COM00840.00,2014,,Me.Cu,368317.004,,,
5600,COM00840.00,2015,O.bulk,Me.Cu,498951.607,,,
5601,COM00840.00,2015,O.bulk,Me.Mo,3175.147,,,
5602,COM00840.00,2016,O.bulk,Me.Cu,498951.607,,,
5603,COM00840.00,2016,O.bulk,Me.Mo,6803.886,,,
5604,COM00840.00,2017,O.bulk,Me.Cu,453592.37,,,
5605,COM00840.00,2017,O.bulk,Me.Mo,5443.108,,,
5606,COM00840.00,2018,O.bulk,Me.Cu,453592.37,,,
5607,COM00840.00,2018,O.bulk,Me.Mo,4082.331,,,
5608,COM00840.00,2019,O.bulk,Me.Cu,453592.37,,,
5609,COM00840.00,2019,O.bulk,Me.Mo,2267.962,,,
5610,COM00841.00,2001,O.Au,Me.Au,17.86,6.87,0.022412,7256
5611,COM00841.00,2002,O.Au,Me.Au,29.838,11.96,0.007706,7258
5612,COM00841.00,2003,O.Au,Me.Au,22.538,7.56,0.019074,7260
5613,COM00841.00,2004,O.Au,Me.Au,14.458,4.44,0.054522,7262
5614,COM00841.00,2005,O.Au,Me.Au,18.569,5.41,0.037329,7264
5615,COM00841.00,2006,O.Au,Me.Au,14.671,3.451971,,7266
5616,COM00841.00,2007,O.Au,Me.Au,12.757,3.001714,,7268
5617,COM00841.00,2008,O.Au,Me.Au,12.049,3.08,0.114526,7270
5618,COM00841.00,2009,O.Au,Me.Au,9.71,2.47,0.177209,7272
5619,COM00841.00,2010,O.Au,Me.Au,6.733,1.7,0.371305,7274
5620,COM00841.00,2011,O.Au,Me.Au,7.017,1.7,0.377262,7276
5621,COM00841.00,2012,O.Au,Me.Au,5.741,1.41,0.555933,7278
5622,COM00841.00,2013,O.Au,Me.Au,4.04,1.23,0.704372,7280
5623,COM00841.00,2014,O.Au,Me.Au,3.118,1.06,0.983194,7282
5624,COM00841.00,2015,O.Au,Me.Au,3.473,1.24,0.696655,7284
5625,COM00841.00,2016,O.Au,Me.Au,1.559,0.45,5.34454,7286
5626,COM00841.00,2017,O.Au,Me.Au,1.984,0.4,6.928814,7288
5627,COM00841.00,2018,O.Au,Me.Au,2.126,0.48,4.899161,7290
5628,COM00842.00,2000,O.bulk,Me.Ag,141.108,215,2.2e-5,7292
5629,COM00842.00,2000,O.bulk,Me.Cu,2625.272,4000,0,7292
5630,COM00842.00,2000,O.bulk,Me.Pb,13782.678,21000,0,7292
5631,COM00842.00,2000,O.bulk,Me.Zn,34128.536,52000,0,7292
5632,COM00842.00,2001,O.bulk,Me.Ag,143.247,236,1.8e-5,7294
5633,COM00842.00,2001,O.bulk,Me.Cu,2427.92,4000,0,7294
5634,COM00842.00,2001,O.bulk,Me.Pb,10925.64,18000,0,7294
5635,COM00842.00,2001,O.bulk,Me.Zn,30349,50000,0,7294
5636,COM00842.00,2002,O.bulk,Me.Ag,150.721,274,1.3e-5,7296
5637,COM00842.00,2002,O.bulk,Me.Cu,2750.375,5000,0,7296
5638,COM00842.00,2002,O.bulk,Me.Pb,9351.275,17000,0,7296
5639,COM00842.00,2002,O.bulk,Me.Zn,24203.3,44000,0,7296
5640,COM00842.00,2003,O.bulk,Me.Ag,144.065,272,1.4e-5,7298
5641,COM00842.00,2003,O.bulk,Me.Cu,2118.604,4000,0,7298
5642,COM00842.00,2003,O.bulk,Me.Pb,7944.765,15000,0,7298
5643,COM00842.00,2003,O.bulk,Me.Zn,20656.389,39000,0,7298
5644,COM00842.00,2005,O.bulk,Me.Ag,89.011,215,2.8e-5,7300
5645,COM00842.00,2005,O.bulk,Me.Cu,1063.218,3600,0,7300
5646,COM00842.00,2005,O.bulk,Me.Pb,6752.874,15900,0,7300
5647,COM00842.00,2005,O.bulk,Me.Zn,18033.333,42700,0,7300
5648,COM00842.00,2006,O.bulk,Me.Ag,93.478,186,3.8e-5,7302
5649,COM00842.00,2006,O.bulk,Me.Cu,1746.893,4100,0,7302
5650,COM00842.00,2006,O.bulk,Me.Pb,6465.537,13300,0,7302
5651,COM00842.00,2006,O.bulk,Me.Zn,20468.927,37300,0,7302
5652,COM00842.00,2007,O.bulk,Me.Ag,90.914,172,4.4e-5,7304
5653,COM00842.00,2007,O.bulk,Me.Au,0.041,0.060636,,7304
5654,COM00842.00,2007,O.bulk,Me.Cu,2336.877,5000,0,7304
5655,COM00842.00,2007,O.bulk,Me.Pb,6810.297,13600,0,7304
5656,COM00842.00,2007,O.bulk,Me.Zn,19175.154,33600,0,7304
5657,COM00842.00,2008,O.bulk,Me.Ag,75.984,153,5.6e-5,7306
5658,COM00842.00,2008,O.bulk,Me.Au,0.037,0.056253,,7306
5659,COM00842.00,2008,O.bulk,Me.Cu,2197.397,5100,0,7306
5660,COM00842.00,2008,O.bulk,Me.Pb,6796.095,14100,0,7306
5661,COM00842.00,2008,O.bulk,Me.Zn,18087.852,33400,0,7306
5662,COM00842.00,2009,O.bulk,Me.Ag,84.779,156,5.2e-5,7308
5663,COM00842.00,2009,O.bulk,Me.Au,0.04,0.057193,,7308
5664,COM00842.00,2009,O.bulk,Me.Cu,2201.735,4800,0,7308
5665,COM00842.00,2009,O.bulk,Me.Pb,5986.985,11600,0,7308
5666,COM00842.00,2009,O.bulk,Me.Zn,18375.271,32400,0,7308
5667,COM00842.00,2010,O.bulk,Me.Ag,80.811,151.92,5.5e-5,7310
5668,COM00842.00,2010,O.bulk,Me.Au,0.071,0.33,28.49673,7310
5669,COM00842.00,2010,O.bulk,Me.Cu,1661.605,3800,0,7310
5670,COM00842.00,2010,O.bulk,Me.Pb,5343.818,10500,0,7310
5671,COM00842.00,2010,O.bulk,Me.Zn,16516.269,28800,0,7310
5672,COM00842.00,2011,O.bulk,Me.Ag,52.548,128,7.8e-5,7312
5673,COM00842.00,2011,O.bulk,Me.Au,0.052,0.33,30.422706,7312
5674,COM00842.00,2011,O.bulk,Me.Cu,1626.898,4400,0,7312
5675,COM00842.00,2011,O.bulk,Me.Pb,3362.256,9000,0,7312
5676,COM00842.00,2011,O.bulk,Me.Zn,11605.206,27400,0,7312
5677,COM00842.00,2012,O.bulk,Me.Ag,63.967,143,6.3e-5,7314
5678,COM00842.00,2012,O.bulk,Me.Au,0.086,0.38,17.767475,7314
5679,COM00842.00,2012,O.bulk,Me.Cu,1626.898,4200,0,7314
5680,COM00842.00,2012,O.bulk,Me.Pb,3904.555,9400,0,7314
5681,COM00842.00,2012,O.bulk,Me.Zn,12906.725,28300,0,7314
5682,COM00842.00,2013,O.bulk,Me.Ag,73.494,149,5.7e-5,7316
5683,COM00842.00,2013,O.bulk,Me.Au,0.081,0.130881,,7316
5684,COM00842.00,2013,O.bulk,Me.Cu,2199.35,4900,0,7316
5685,COM00842.00,2013,O.bulk,Me.Pb,4084.507,9000,0,7316
5686,COM00842.00,2013,O.bulk,Me.Zn,16435.536,32000,0,7316
5687,COM00842.00,2014,O.bulk,Me.Ag,72.666,152,5.6e-5,7318
5688,COM00842.00,2014,O.bulk,Me.Au,0.09,0.146,,7318
5689,COM00842.00,2014,O.bulk,Me.Cu,3336.945,7600,0,7318
5690,COM00842.00,2014,O.bulk,Me.Pb,5135.428,11200,0,7318
5691,COM00842.00,2014,O.bulk,Me.Zn,17118.093,36000,0,7318
5692,COM00842.00,2015,O.bulk,Me.Ag,66.381,124,8.4e-5,7320
5693,COM00842.00,2015,O.bulk,Me.Au,0.099,0.41,17.049564,7320
5694,COM00842.00,2015,O.bulk,Me.Cu,8840.737,15200,0,7320
5695,COM00842.00,2015,O.bulk,Me.Pb,2773.564,7100,0,7320
5696,COM00842.00,2015,O.bulk,Me.Zn,12318.527,28300,0,7320
5697,COM00842.00,2016,O.bulk,Me.Ag,77.909,135,6.9e-5,7322
5698,COM00842.00,2016,O.bulk,Me.Au,0.066,0.22,50.511722,7322
5699,COM00842.00,2016,O.bulk,Me.Cu,8385.699,14400,0,7322
5700,COM00842.00,2016,O.bulk,Me.Pb,3185.265,7500,0,7322
5701,COM00842.00,2016,O.bulk,Me.Zn,16749.729,31500,0,7322
5702,COM00842.00,2017,O.bulk,Me.Ag,80.761,137,6.6e-5,7324
5703,COM00842.00,2017,O.bulk,Me.Au,0.108,0.28,24.203016,7324
5704,COM00842.00,2017,O.bulk,Me.Cu,7193.933,12000,0,7324
5705,COM00842.00,2017,O.bulk,Me.Pb,3748.646,7800,0,7324
5706,COM00842.00,2017,O.bulk,Me.Zn,17475.623,30100,0,7324
5707,COM00842.00,2018,O.bulk,Me.Ag,88.334,149,5.5e-5,7326
5708,COM00842.00,2018,O.bulk,Me.Au,0.064,0.27,42.079715,7326
5709,COM00842.00,2018,O.bulk,Me.Cu,3575.298,6600,0,7326
5710,COM00842.00,2018,O.bulk,Me.Pb,5081.257,9200,0,7326
5711,COM00842.00,2018,O.bulk,Me.Zn,24019.502,38000,0,7326
5712,COM00842.00,2019,O.bulk,Me.Ag,75.303,126,7.8e-5,7328
5713,COM00842.00,2019,O.bulk,Me.Au,0.043,0.057326,,7328
5714,COM00842.00,2019,O.bulk,Me.Cu,1982.665,4400,0,7328
5715,COM00842.00,2019,O.bulk,Me.Pb,7107.259,12100,0,7328
5716,COM00842.00,2019,O.bulk,Me.Zn,24377.031,37600,0,7328
5717,COM00843.00,2016,,Me.Cu,14400,,,
5718,COM00843.00,2017,,Me.Cu,8500,,,
5719,COM00843.00,2018,,Me.Cu,7400,,,
5720,COM00846.00,2001,,Me.Au,5.301,,,
5721,COM00846.00,2002,,Me.Au,6.379,,,
5722,COM00846.00,2003,,Me.Au,5.698,,,
5723,COM00846.00,2004,,Me.Au,5.33,,,
5724,COM00847.00,2001,O.Au,Me.Au,5.925,6.63,0.025456,7368
5725,COM00847.00,2002,O.Au,Me.Au,5.812,6.71,0.025644,7370
5726,COM00849.00,2017,O.bulk,Me.Pd,0,,,
5727,COM00849.00,2017,O.bulk,Me.Pt,0,,,
5728,COM00849.00,2018,O.bulk,Me.Pd,0.339,,,
5729,COM00849.00,2018,O.bulk,Me.Pt,0.544,,,
5730,COM00849.00,2019,,Me.pgm,7.536,,,
5731,COM00849.00,2020,,Me.pgm,6.955,,,
5732,COM00851.00,2004,Con.Cu,Me.Ag,4.74,643.497149,,7371
5733,COM00851.00,2004,Con.Cu,Me.Au,0.065,8.865056,,7371
5734,COM00851.00,2004,Con.Cu,Me.Cu,1218,165000,0,7371
5735,COM00851.00,2004,Con.Pb,Me.Ag,14.53,762.089584,,7372
5736,COM00851.00,2004,Con.Pb,Me.Au,0.061,3.178433,,7372
5737,COM00851.00,2004,Con.Pb,Me.Pb,9827,515000,0,7372
5738,COM00851.00,2004,Con.Zn,Me.Zn,32257,502000,0,7373
5739,COM00851.00,2005,Con.Cu,Me.Ag,3.06,368.36403,,7376
5740,COM00851.00,2005,Con.Cu,Me.Au,0.045,5.393042,,7376
5741,COM00851.00,2005,Con.Cu,Me.Cu,1925,232000,0,7376
5742,COM00851.00,2005,Con.Pb,Me.Ag,24.98,1037.160058,,7377
5743,COM00851.00,2005,Con.Pb,Me.Au,0.14,5.804443,,7377
5744,COM00851.00,2005,Con.Pb,Me.Pb,13718,570000,0,7377
5745,COM00851.00,2005,Con.Zn,Me.Zn,48730,507000,0,7378
5746,COM00851.00,2006,Con.Cu,Me.Ag,3.8,137.696126,,7381
5747,COM00851.00,2006,Con.Cu,Me.Au,0.055,1.989347,,7381
5748,COM00851.00,2006,Con.Cu,Me.Cu,6574,239990.416793,0,7381
5749,COM00851.00,2006,Con.Pb,Me.Ag,11.32,695.417127,,7382
5750,COM00851.00,2006,Con.Pb,Me.Au,0.053,3.268215,,7382
5751,COM00851.00,2006,Con.Pb,Me.Pb,9341,574000,0,7382
5752,COM00851.00,2006,Con.Zn,Me.Zn,35143,507000,0,7383
5753,COM00851.00,2007,Con.Cu,Me.Ag,6.6,149.40239,,7386
5754,COM00851.00,2007,Con.Cu,Me.Au,0.128,2.89071,,7386
5755,COM00851.00,2007,Con.Cu,Me.Cu,10828,246311.968969,0,7386
5756,COM00851.00,2007,Con.Pb,Me.Ag,17.7,917.383643,,7387
5757,COM00851.00,2007,Con.Pb,Me.Au,0.071,3.674718,,7387
5758,COM00851.00,2007,Con.Pb,Me.Pb,11510,597000,0,7387
5759,COM00851.00,2007,Con.Zn,Me.Zn,38134,514000,0,7388
5760,COM00851.00,2008,Con.Cu,Me.Ag,5.4,127.436636,,7391
5761,COM00851.00,2008,Con.Cu,Me.Au,0.105,2.468495,,7391
5762,COM00851.00,2008,Con.Cu,Me.Cu,10900,257332.844037,0,7391
5763,COM00851.00,2008,Con.Pb,Me.Ag,10.8,794.292859,,7392
5764,COM00851.00,2008,Con.Pb,Me.Au,0.039,2.882989,,7392
5765,COM00851.00,2008,Con.Pb,Me.Pb,9359,688000,0,7392
5766,COM00851.00,2008,Con.Zn,Me.Zn,40940,510000,0,7393
5767,COM00851.00,2009,Con.Cu,Me.Ag,8.7,129.01695,,7396
5768,COM00851.00,2009,Con.Cu,Me.Au,0.121,1.795857,,7396
5769,COM00851.00,2009,Con.Cu,Me.Cu,16582,245697.382704,0,7396
5770,COM00851.00,2009,Con.Pb,Me.Ag,3.5,1073.949064,,7397
5771,COM00851.00,2009,Con.Pb,Me.Au,0.011,3.467321,,7397
5772,COM00851.00,2009,Con.Pb,Me.Pb,1923,590000,0,7397
5773,COM00851.00,2009,Con.Zn,Me.Zn,26938,492000,0,7398
5774,COM00851.00,2010,Con.Cu,Me.Ag,9.4,138.192617,,7401
5775,COM00851.00,2010,Con.Cu,Me.Au,0.105,1.549521,,7401
5776,COM00851.00,2010,Con.Cu,Me.Cu,16726,246575.51118,0,7401
5777,COM00851.00,2010,Con.Pb,Me.Ag,3.5,1230.661041,,7402
5778,COM00851.00,2010,Con.Pb,Me.Au,0.019,6.64557,,7402
5779,COM00851.00,2010,Con.Pb,Me.Pb,1392,489000,0,7402
5780,COM00851.00,2010,Con.Zn,Me.Zn,43970,496000,0,7403
5781,COM00851.00,2011,O.bulk,Me.Cu,43970,,,
5782,COM00851.00,2011,O.bulk,Me.Pb,1392,,,
5783,COM00851.00,2011,O.bulk,Me.Zn,43970,,,
5784,COM00851.00,2011,,Me.Cu,13368,,,
5785,COM00851.00,2012,Con.Cu,Me.Ag,15.3,386.510042,,7406
5786,COM00851.00,2012,Con.Cu,Me.Au,0.068,1.715296,,7406
5787,COM00851.00,2012,Con.Cu,Me.Cu,10324,246031.576908,0,7406
5788,COM00851.00,2012,Con.Pb,Me.Ag,3.6,1665.124884,,7407
5789,COM00851.00,2012,Con.Pb,Me.Au,0.011,4.995375,,7407
5790,COM00851.00,2012,Con.Pb,Me.Pb,924,427000,0,7407
5791,COM00851.00,2012,Con.Zn,Me.Zn,29774,503000,0,7408
5792,COM00853.00,2002,O.Ni,Me.Ni,43600,5800,,
5793,COM00853.00,2003,O.Ni,Me.Ni,49400,6300,,
5794,COM00853.00,2004,O.Ni,Me.Ni,43700,5700,,
5795,COM00853.00,2005,O.Ni,Me.Ni,38100,,,
5796,COM00853.00,2018,Con.Ni,Me.Ni,165683.2,809000,0,7457
5797,COM00853.00,2019,Con.Ni,Me.Ni,155109.6,774000,0,7458
5798,COM00855.00,2008,O.Au,Me.Au,0.181,10.2,0.011444,7464
5799,COM00855.00,2009,O.Au,Me.Au,1.472,9.7,0.95,7466
5800,COM00855.00,2010,O.Au,Me.Au,1.871,6.2,0.95,7468
5801,COM00855.00,2011,O.Au,Me.Au,1.973,5.8,0.95,7470
5802,COM00855.00,2012,O.Au,Me.Au,2.567,5.3,0.94,7472
5803,COM00855.00,2013,O.Au,Me.Au,4.148,3.2,0.94,7474
5804,COM00855.00,2014,O.Au,Me.Au,5.312,2.9,0.95,7476
5805,COM00855.00,2015,O.Au,Me.Au,3.787,3.3,0.95,7478
5806,COM00855.00,2016,O.Au,Me.Au,4.077,3.5,0.95,7480
5807,COM00855.00,2017,O.Au,Me.Au,4.225,3.5,0.93,7482
5808,COM00855.00,2018,O.Au,Me.Au,4.912,4.2,0.92,7484
5809,COM00855.00,2019,O.Au,Me.Au,4.253,3.7,0.95,7486
5810,COM00855.00,2020,O.Au,Me.Au,4.983,4.4,0.92,7488
5811,COM00860.00,2001,O.Au,Me.Au,10.376,7.71,0.02,7530
5812,COM00860.00,2002,O.Au,Me.Au,13.211,8.63,0.014911,7532
5813,COM00860.00,2003,O.Au,Me.Au,14.146,8.96,0.013412,7534
5814,COM00860.00,2004,O.Au,Me.Au,12.417,8.14,0.016819,7536
5815,COM00860.00,2005,O.Au,Me.Au,14.515,9.15,0.0128,7538
5816,COM00860.00,2006,O.Au,Me.Au,16.896,9.93,0.011324,7540
5817,COM00860.00,2007,O.Au,Me.Au,16.641,8.758511,,7542
5818,COM00860.00,2008,O.Au,Me.Au,17.01,8.952481,,7544
5819,COM00860.00,2009,O.Au,Me.Au,14.742,8.66,0.014883,7546
5820,COM00860.00,2010,O.Au,Me.Au,15.082,9.48,0.012589,7548
5821,COM00860.00,2011,O.Au,Me.Au,14.175,9.71,0.011625,7550
5822,COM00860.00,2012,O.Au,Me.Au,11.482,9.4,0.012045,7552
5823,COM00860.00,2013,O.Au,Me.Au,10.036,7.1,0.022455,7554
5824,COM00860.00,2014,O.Au,Me.Au,8.873,8.99,0.013789,7556
5825,COM00860.00,2015,O.Au,Me.Au,6.209,8.44,0.015267,7558
5826,COM00860.00,2016,O.Au,Me.Au,7.201,7.9,0.019337,7560
5827,COM00860.00,2017,O.Au,Me.Au,6.35,7.33,0.021483,7562
5828,COM00860.00,2018,O.Au,Me.Au,7.513,8.19,0.019503,7564
5829,COM00862.00,2011,Con.Ta,Me.Ta2O5,15.312,33000,0,7588
5830,COM00862.00,2011,O.Li,Me.Li2O,38858.542,61800,0,7590
5831,COM00862.00,2012,O.Li,Me.Li2O,5571.949,12300,0,7594
5832,COM00862.00,2017,O.Li,Me.Li2O,78030.669,56900,0,7604
5833,COM00862.00,2018,O.Li,Me.Li2O,98121.773,57600,0,7607
5834,COM00862.00,2019,O.Li,Me.Li2O,100535.382,59300,0,7610
5835,COM00863.00,2006,O.Cu,Me.Cu,29770,13000,0.905,7613
5836,COM00863.00,2007,O.Cu,Me.Cu,28378,13000,0.91,7616
5837,COM00863.00,2008,O.Cu,Me.Cu,27952,12000,0.909,7619
5838,COM00863.00,2009,O.Cu,Me.Cu,27421,15000,0.902,7622
5839,COM00863.00,2010,O.Cu,Me.Cu,23777,13000,0.911,7625
5840,COM00863.00,2011,O.Cu,Me.Cu,22929,13000,0.932,7628
5841,COM00863.00,2012,O.Cu,Me.Cu,22607,11800,0.9268,7631
5842,COM00863.00,2013,O.Cu,Me.Cu,26047,11900,0.9269,7634
5843,COM00863.00,2014,O.Cu,Me.Cu,17839,11000,0.9248,7637
5844,COM00864.00,2012,O.Au,Me.Au,0.36,0.69,2.08815,7639
5845,COM00864.00,2013,O.Au,Me.Au,1.815,1.22,0.729833,7641
5846,COM00864.00,2014,O.Au,Me.Au,2.301,1.6,0.435578,7643
5847,COM00864.00,2015,O.Au,Me.Au,2.54,1.67,0.9201,7645
5848,COM00864.00,2016,O.Au,Me.Au,3.447,3.553836,0.942048,7647
5849,COM00864.00,2017,O.Au,Me.Au,3.903,3.739534,0.933674,7649
5850,COM00864.00,2018,O.Au,Me.Au,2.586,1.59,0.932,7651
5851,COM00864.00,2019,O.Au,Me.Au,3.57,1.91,0.955,7653
5852,COM00864.00,2020,O.Au,Me.Au,5.209,2.74,0.965,7655
5853,COM00865.00,2005,O.bulk,Me.Ag,2.27,,,
5854,COM00865.00,2005,O.bulk,Me.Au,0.416,,,
5855,COM00865.00,2006,O.bulk,Me.Ag,10.897,57,0.628,7657
5856,COM00865.00,2006,O.bulk,Me.Au,1.476,4.95,0.958,7657
5857,COM00865.00,2007,O.bulk,Me.Ag,10.88,38.2,0.713,7659
5858,COM00865.00,2007,O.bulk,Me.Au,1.423,3.95,0.936,7659
5859,COM00865.00,2008,O.bulk,Me.Ag,2.139,16.46,0.602,7661
5860,COM00865.00,2008,O.bulk,Me.Au,0.676,3.37,0.923,7661
5861,COM00865.00,2009,O.bulk,Me.Ag,9.466,24.55,0.602,7663
5862,COM00865.00,2009,O.bulk,Me.Au,1.519,2.62,0.887,7663
5863,COM00865.00,2010,O.bulk,Me.Ag,4.463,12.41,0.5892,7665
5864,COM00865.00,2010,O.bulk,Me.Au,1.416,2.56,0.8967,7665
5865,COM00865.00,2011,O.bulk,Me.Ag,7.106,28.9,0.729,7667
5866,COM00865.00,2011,O.bulk,Me.Au,0.778,2.5,0.926,7667
5867,COM00865.00,2012,O.bulk,Me.Ag,16.456,34.4,0.725,7669
5868,COM00865.00,2012,O.bulk,Me.Au,0.72,1.18,0.934,7669
5869,COM00865.00,2013,O.bulk,Me.Ag,27.497,34.82,0.7526,7671
5870,COM00865.00,2013,O.bulk,Me.Au,1.219,1.21,0.9331,7671
5871,COM00865.00,2014,O.bulk,Me.Ag,2.021,26.34,0.82,7673
5872,COM00865.00,2014,O.bulk,Me.Au,0.088,1.09,0.915,7673
5873,COM00870.00,2004,,Nm.dia,0.009,,,
5874,COM00870.00,2005,,Nm.dia,0.05,,,
5875,COM00870.00,2006,,Nm.dia,0.048,,,
5876,COM00870.00,2007,,Nm.dia,0.029,,,
5877,COM00870.00,2008,,Nm.dia,0.053,,,
5878,COM00870.00,2009,,Nm.dia,0.025,,,
5879,COM00870.00,2010,,Nm.dia,0.036,,,
5880,COM00870.00,2011,,Nm.dia,0.073,,,
5881,COM00870.00,2012,,Nm.dia,0.081,,,
5882,COM00870.00,2013,,Nm.dia,0.083,,,
5883,COM00870.00,2014,,Nm.dia,0.088,,,
5884,COM00872.00,2010,O.bulk,Me.Co,1900,,,
5885,COM00872.00,2010,O.bulk,Me.Ni,27700,,,
5886,COM00872.00,2011,O.bulk,Me.Co,1900,,,
5887,COM00872.00,2011,O.bulk,Me.Ni,28500,,,
5888,COM00872.00,2012,Con.bulk,Me.Co,300,,,
5889,COM00872.00,2012,Con.bulk,Me.Ni,11700,,,
5890,COM00872.00,2012,O.bulk,Me.Co,2400,,,
5891,COM00872.00,2012,O.bulk,Me.Cu,600,,,
5892,COM00872.00,2012,O.bulk,Me.Ni,33400,,,
5893,COM00872.00,2013,Con.bulk,Me.Co,100,,,
5894,COM00872.00,2013,Con.bulk,Me.Ni,4100,,,
5895,COM00872.00,2013,O.bulk,Me.Co,2600,,,
5896,COM00872.00,2013,O.bulk,Me.Cu,300,,,
5897,COM00872.00,2013,O.bulk,Me.Ni,35900,,,
5898,COM00872.00,2014,O.bulk,Me.Co,2700,,,
5899,COM00872.00,2014,O.bulk,Me.Ni,36400,,,
5900,COM00872.00,2015,O.bulk,Me.Co,2800,,,
5901,COM00872.00,2015,O.bulk,Me.Ni,37500,,,
5902,COM00872.00,2016,O.bulk,Me.Co,2800,,,
5903,COM00872.00,2016,O.bulk,Me.Ni,35300,,,
5904,COM00872.00,2017,O.bulk,Me.Co,2700,,,
5905,COM00872.00,2017,O.bulk,Me.Ni,34100,,,
5906,COM00872.00,2018,O.bulk,Me.Co,2900,,,
5907,COM00872.00,2018,O.bulk,Me.Ni,35500,,,
5908,COM00872.00,2019,O.bulk,Me.Co,3400,,,
5909,COM00872.00,2019,O.bulk,Me.Ni,36600,,,
5910,COM00874.00,2003,O.Au,Me.Au,6.904,5.4,0.955,7747
5911,COM00874.00,2004,O.Au,Me.Au,7.465,5.3,0.958,7749
5912,COM00874.00,2005,O.Au,Me.Au,7.791,5.46,0.95,7751
5913,COM00874.00,2006,O.Au,Me.Au,6.808,5.51,0.954,7753
5914,COM00874.00,2007,O.Au,Me.Au,7.515,5.45,0.956,7755
5915,COM00874.00,2008,O.Au,Me.Au,6.547,5.56,0.95,7757
5916,COM00874.00,2009,O.Au,Me.Au,7.234,5.93,0.95,7759
5917,COM00874.00,2010,O.Au,Me.Au,8.046,5.78,0.96,7761
5918,COM00874.00,2011,O.Au,Me.Au,7.545,5.91,0.96,7763
5919,COM00874.00,2012,O.Au,Me.Au,7.439,6.03,0.96,7765
5920,COM00874.00,2013,O.Au,Me.Au,7.971,5.92,0.96,7767
5921,COM00874.00,2014,O.Au,Me.Au,8.655,7.38,0.96,7769
5922,COM00874.00,2015,O.Au,Me.Au,8.398,7.15,0.97,7771
5923,COM00874.00,2016,O.Au,Me.Au,8.118,7.17,0.96,7773
5924,COM00874.00,2017,O.Au,Me.Au,7.34,6.2,0.96,7775
5925,COM00874.00,2018,O.Au,Me.Au,6.376,5.96,0.96,7777
5926,COM00876.00,2010,O.bulk,Me.Co,8900,,,
5927,COM00876.00,2010,O.bulk,Me.Cu,16300,,,
5928,COM00876.00,2011,O.bulk,Me.Co,7900,,,
5929,COM00876.00,2011,O.bulk,Me.Cu,63700,,,
5930,COM00876.00,2012,O.bulk,Me.Co,8500,,,
5931,COM00876.00,2012,O.bulk,Me.Cu,87000,,,
5932,COM00876.00,2013,O.bulk,Me.Co,13700,,,
5933,COM00876.00,2013,O.bulk,Me.Cu,150600,,,
5934,COM00876.00,2014,O.bulk,Me.Co,14400,,,
5935,COM00876.00,2014,O.bulk,Me.Cu,197100,,,
5936,COM00876.00,2015,O.bulk,Me.Co,16500,,,
5937,COM00876.00,2015,O.bulk,Me.Cu,216100,,,
5938,COM00876.00,2016,O.bulk,Me.Co,24500,,,
5939,COM00876.00,2016,O.bulk,Me.Cu,213300,,,
5940,COM00876.00,2017,O.bulk,Me.Co,23900,,,
5941,COM00876.00,2017,O.bulk,Me.Cu,192100,,,
5942,COM00876.00,2018,O.bulk,Me.Co,27300,,,
5943,COM00876.00,2018,O.bulk,Me.Cu,199000,,,
5944,COM00876.00,2019,O.bulk,Me.Co,25100,,,
5945,COM00876.00,2019,O.bulk,Me.Cu,103200,,,
5946,COM00886.00,2001,O.Au,Me.Au,2.466,2.04,0.258374,7841
5947,COM00886.00,2002,O.Au,Me.Au,2.41,1.93,0.301027,7843
5948,COM00886.00,2003,O.Au,Me.Au,2.07,1.75,0.358952,7845
5949,COM00886.00,2004,O.Au,Me.Au,1.899,1.59,0.430453,7847
5950,COM00886.00,2005,O.Au,Me.Au,2.296,2.05,0.254916,7849
5951,COM00886.00,2006,O.Au,Me.Au,2.438,1.81,0.339914,7851
5952,COM00886.00,2007,O.Au,Me.Au,2.268,1.417476,,7853
5953,COM00886.00,2008,O.Au,Me.Au,1.928,1.285178,,7855
5954,COM00886.00,2009,O.Au,Me.Au,1.843,1.58,0.446506,7857
5955,COM00886.00,2010,O.Au,Me.Au,2.438,1.8,0.341802,7859
5956,COM00886.00,2011,O.Au,Me.Au,1.871,1.46,0.549097,7861
5957,COM00886.00,2012,O.Au,Me.Au,2.098,1.59,0.419714,7863
5958,COM00886.00,2013,O.Au,Me.Au,1.786,1.39,0.563932,7865
5959,COM00886.00,2014,O.Au,Me.Au,1.871,1.44,0.519608,7867
5960,COM00889.00,2001,O.bulk,Me.Cu,82900,,,
5961,COM00889.00,2001,O.bulk,Me.Sn,1201,,,
5962,COM00889.00,2002,O.bulk,Me.Cu,77200,,,
5963,COM00889.00,2002,O.bulk,Me.Sn,345,,,
5964,COM00889.00,2003,O.bulk,Me.Cu,77500,,,
5965,COM00889.00,2003,O.bulk,Me.Sn,203,,,
5966,COM00889.00,2006,O.Cu,Me.Cu,78576,46000,0.88,7872
5967,COM00889.00,2006,O.Zn,Me.Zn,7505,84000,0.6,7873
5968,COM00889.00,2006,,Me.Ag,18.268,,,
5969,COM00889.00,2007,O.Cu,Me.Cu,90182,48000,0.86,7876
5970,COM00889.00,2007,O.Zn,Me.Zn,24163,78000,0.78,7877
5971,COM00889.00,2007,,Me.Ag,24.124,,,
5972,COM00889.00,2008,O.Cu,Me.Cu,89026,43000,0.86,7880
5973,COM00889.00,2008,O.Zn,Me.Zn,22567,73000,0.78,7881
5974,COM00889.00,2008,,Me.Ag,26.227,,,
5975,COM00889.00,2009,O.bulk,Me.Ag,20.447,,,
5976,COM00889.00,2009,O.bulk,Me.Zn,501,,,
5977,COM00889.00,2009,O.Cu,Me.Cu,86462,39000,0.86,7884
5978,COM00889.00,2010,O.Cu,Me.Cu,74011,34000,0.86,7888
5979,COM00889.00,2010,O.Zn,Me.Zn,6422,64008.13308,,7889
5980,COM00889.00,2010,,Me.Ag,20.525,,,
5981,COM00889.00,2011,O.Cu,Me.Cu,74109,27000,0.85,7892
5982,COM00889.00,2011,O.Zn,Me.Zn,4227,67016.520278,,7893
5983,COM00889.00,2011,,Me.Ag,25.501,,,
5984,COM00889.00,2012,O.bulk,Me.Ag,27.244,,,
5985,COM00889.00,2012,O.bulk,Me.Pb,87,,,
5986,COM00889.00,2012,O.Cu,Me.Cu,58559,26000,0.882,7896
5987,COM00889.00,2012,O.Zn,Me.Zn,30006,73000,0.71,7897
5988,COM00889.00,2013,O.bulk,Me.Ag,37.024,,,
5989,COM00889.00,2013,O.bulk,Me.Pb,1496,,,
5990,COM00889.00,2013,O.Cu,Me.Cu,56544,26000,0.845,7900
5991,COM00889.00,2013,O.Zn,Me.Zn,53382,71000,0.741,7901
5992,COM00889.00,2014,O.bulk,Me.Ag,39.349,,,
5993,COM00889.00,2014,O.bulk,Me.Pb,3192,,,
5994,COM00889.00,2014,O.Cu,Me.Cu,51369,25000,0.802,7904
5995,COM00889.00,2014,O.Zn,Me.Zn,67378,80000,0.74,7905
5996,COM00889.00,2015,O.bulk,Me.Ag,37.677,,,
5997,COM00889.00,2015,O.bulk,Me.Pb,3077,,,
5998,COM00889.00,2015,O.Cu,Me.Cu,55831,27000,0.806,7908
5999,COM00889.00,2015,O.Zn,Me.Zn,61921,80000,0.718,7909
6000,COM00889.00,2016,O.bulk,Me.Ag,35.21,,,
6001,COM00889.00,2016,O.bulk,Me.Pb,4126,,,
6002,COM00889.00,2016,O.Cu,Me.Cu,46557,25000,0.765,7912
6003,COM00889.00,2016,O.Zn,Me.Zn,69527,82000,0.785,7913
6004,COM00889.00,2017,O.bulk,Me.Ag,36.628,,,
6005,COM00889.00,2017,O.bulk,Me.Pb,5164,,,
6006,COM00889.00,2017,O.Cu,Me.Cu,33624,21000,0.758,7916
6007,COM00889.00,2017,O.Zn,Me.Zn,71356,87000,0.799,7917
6008,COM00889.00,2018,O.bulk,Me.Ag,50.774,,,
6009,COM00889.00,2018,O.bulk,Me.Pb,6571,,,
6010,COM00889.00,2018,O.Cu,Me.Cu,45692,22000,0.755,7920
6011,COM00889.00,2018,O.Zn,Me.Zn,75435,78000,0.806,7921
6012,COM00889.00,2019,O.bulk,Me.Ag,48.364,,,
6013,COM00889.00,2019,O.bulk,Me.Pb,5474,,,
6014,COM00889.00,2019,O.Cu,Me.Cu,41436,20000,0.779,7924
6015,COM00889.00,2019,O.Zn,Me.Zn,73202,79000,0.78,7925
6016,COM00899.00,2000,O.Cu,Me.Cu,17318,,,
6017,COM00899.00,2001,O.Cu,Me.Cu,22111,,,
6018,COM00899.00,2002,O.Cu,Me.Cu,21574,,,
6019,COM00899.00,2016,O.Cu,Me.Cu,31499,21000,0.962,7927
6020,COM00899.00,2017,O.Cu,Me.Cu,18937,14900,0.9253,7929
6021,COM00899.00,2018,O.Cu,Me.Cu,18708,13700,0.922,7931
6022,COM00899.00,2019,O.Cu,Me.Cu,13080,14300,0.929,7933
6023,COM00902.00,2007,O.bulk,Me.Ag,22.156,38.6,6.71e-4,7935
6024,COM00902.00,2007,O.bulk,Me.Au,0.408,0.71,1.983733,7935
6025,COM00902.00,2007,O.bulk,Me.Cu,10045,17500,0,7935
6026,COM00902.00,2007,O.bulk,Me.Zn,17621.8,30700,0,7935
6027,COM00902.00,2008,O.bulk,Me.Ag,19.269,36.22,7.62e-4,7937
6028,COM00902.00,2008,O.bulk,Me.Au,0.181,0.34,8.650519,7937
6029,COM00902.00,2008,O.bulk,Me.Cu,8512,16000,0,7937
6030,COM00902.00,2008,O.bulk,Me.Zn,19737.2,37100,0,7937
6031,COM00902.00,2009,O.bulk,Me.Ag,14.321,23.75,0.001773,7939
6032,COM00902.00,2009,O.bulk,Me.Au,0.157,0.26,14.792899,7939
6033,COM00902.00,2009,O.bulk,Me.Cu,10431.9,17300,0,7939
6034,COM00902.00,2009,O.bulk,Me.Zn,14773.5,24500,0,7939
6035,COM00902.00,2010,O.bulk,Me.Ag,18.932,34.05,8.63e-4,7941
6036,COM00902.00,2010,O.bulk,Me.Au,0.156,0.28,12.755102,7941
6037,COM00902.00,2010,O.bulk,Me.Cu,5838,10500,0,7941
6038,COM00902.00,2010,O.bulk,Me.Zn,19293.2,34700,0,7941
6039,COM00902.00,2011,O.bulk,Me.Ag,18.389,31.65,9.98e-4,7943
6040,COM00902.00,2011,O.bulk,Me.Au,0.25,0.43,5.408329,7943
6041,COM00902.00,2011,O.bulk,Me.Cu,4996.6,8600,0,7943
6042,COM00902.00,2011,O.bulk,Me.Zn,21090.3,36300,0,7943
6043,COM00902.00,2012,O.bulk,Me.Ag,4.322,20.78,0.002316,7945
6044,COM00902.00,2012,O.bulk,Me.Au,0.075,0.36,7.716049,7945
6045,COM00902.00,2012,O.bulk,Me.Cu,1726.4,8300,0,7945
6046,COM00902.00,2012,O.bulk,Me.Zn,3432,16500,0,7945
6047,COM00904.00,2005,O.bulk,Me.Co,281,812.138728,,7947
6048,COM00904.00,2005,O.bulk,Me.Cu,3420,9884.393064,,7947
6049,COM00904.00,2005,O.bulk,Me.Ni,5544,16023.121387,,7947
6050,COM00904.00,2005,O.bulk,Me.pgm,1.474,4.260295,,7947
6051,COM00904.00,2006,O.bulk,Me.Co,257,689.008043,,7950
6052,COM00904.00,2006,O.bulk,Me.Cu,3398,9109.919571,,7950
6053,COM00904.00,2006,O.bulk,Me.Ni,5616,15056.300268,,7950
6054,COM00904.00,2006,O.bulk,Me.pgm,1.399,3.75085,,7950
6055,COM00904.00,2007,O.bulk,Me.Co,208,654.08805,,7954
6056,COM00904.00,2007,O.bulk,Me.Cu,2788,8767.295597,,7954
6057,COM00904.00,2007,O.bulk,Me.Ni,4418,13893.081761,,7954
6058,COM00904.00,2007,O.bulk,Me.pgm,1.305,4.102699,,7954
6059,COM00904.00,2008,O.bulk,Me.Co,276,257.943925,,7958
6060,COM00904.00,2008,O.bulk,Me.Cu,2605,2434.579439,,7958
6061,COM00904.00,2008,O.bulk,Me.Ni,5136,4800,,7958
6062,COM00904.00,2008,O.bulk,Me.pgm,1.155,1.079447,,7958
6063,COM00904.00,2009,O.bulk,Me.Co,244,193.804607,,7963
6064,COM00904.00,2009,O.bulk,Me.Cu,2268,1801.429706,,7963
6065,COM00904.00,2009,O.bulk,Me.Ni,4495,3570.293884,,7963
6066,COM00904.00,2009,O.bulk,Me.pgm,0.756,0.600774,,7963
6067,COM00904.00,2010,O.bulk,Me.Co,578,174.727932,,7968
6068,COM00904.00,2010,O.bulk,Me.Cu,5210,1574.96977,,7968
6069,COM00904.00,2010,O.bulk,Me.Ni,9666,2922.007255,,7968
6070,COM00904.00,2010,O.bulk,Me.pgm,1.488,0.449772,,7968
6071,COM00904.00,2011,O.bulk,Me.Co,553,105.153071,,7973
6072,COM00904.00,2011,O.bulk,Me.Cu,5210,990.682639,,7973
6073,COM00904.00,2011,O.bulk,Me.Ni,10100,1920.517209,,7973
6074,COM00904.00,2011,O.bulk,Me.pgm,1.517,0.288489,,7973
6075,COM00904.00,2012,O.bulk,Me.Co,744,116.468378,,7977
6076,COM00904.00,2012,O.bulk,Me.Cu,7371,1153.882279,,7977
6077,COM00904.00,2012,O.bulk,Me.Ni,14004,2192.235441,,7977
6078,COM00904.00,2012,O.bulk,Me.pgm,2.378,0.37233,,7977
6079,COM00904.00,2013,O.bulk,Me.Co,1101,145.097522,,7980
6080,COM00904.00,2013,O.bulk,Me.Cu,9877,1301.660517,,7980
6081,COM00904.00,2013,O.bulk,Me.Ni,23220,3060.094887,,7980
6082,COM00904.00,2013,O.bulk,Me.pgm,3.147,0.414673,,7980
6083,COM00904.00,2014,O.bulk,Me.Co,1133,142.875158,,7983
6084,COM00904.00,2014,O.bulk,Me.Cu,10116,1275.662043,,7983
6085,COM00904.00,2014,O.bulk,Me.Ni,22874,2884.489281,,7983
6086,COM00904.00,2014,O.bulk,Me.pgm,5.241,0.660907,,7983
6087,COM00904.00,2015,O.bulk,Me.Co,1116,138.978829,,7986
6088,COM00904.00,2015,O.bulk,Me.Cu,9666,1203.73599,,7986
6089,COM00904.00,2015,O.bulk,Me.Ni,21298,2652.303861,,7986
6090,COM00904.00,2015,O.bulk,Me.pgm,4.086,0.508794,,7986
6091,COM00904.00,2016,O.bulk,Me.Co,1065,129.247573,,7989
6092,COM00904.00,2016,O.bulk,Me.Cu,9893,1200.606796,,7989
6093,COM00904.00,2016,O.bulk,Me.Ni,21592,2620.38835,,7989
6094,COM00904.00,2016,O.bulk,Me.pgm,4.46,0.541265,,7989
6095,COM00904.00,2017,O.bulk,Me.Co,813,108.544726,,7992
6096,COM00904.00,2017,O.bulk,Me.Cu,7637,1019.626168,,7992
6097,COM00904.00,2017,O.bulk,Me.Ni,15875,2119.492657,,7992
6098,COM00904.00,2017,O.bulk,Me.pgm,3.502,0.467555,,7992
6099,COM00904.00,2018,O.bulk,Me.Co,716,89.054726,,7995
6100,COM00904.00,2018,O.bulk,Me.Cu,7371,916.791045,,7995
6101,COM00904.00,2018,O.bulk,Me.Ni,13302,1654.477612,,7995
6102,COM00904.00,2018,O.bulk,Me.pgm,3.121,0.38821,,7995
6103,COM00904.00,2019,O.bulk,Me.Co,820,100.613497,,7998
6104,COM00904.00,2019,O.bulk,Me.Cu,7163,878.895706,,7998
6105,COM00904.00,2019,O.bulk,Me.Ni,14209,1743.435583,,7998
6106,COM00904.00,2019,O.bulk,Me.pgm,3.099,0.380213,,7998
6107,COM00906.00,2012,O.bulk,Me.Ag,0.405,0.047945,,8000
6108,COM00906.00,2012,O.bulk,Me.Au,1.854,0.219505,,8000
6109,COM00906.00,2013,O.bulk,Me.Ag,1.389,0.113084,,8002
6110,COM00906.00,2013,O.bulk,Me.Au,3.077,0.250491,,8002
6111,COM00906.00,2014,O.bulk,Me.Ag,2.892,0.185279,,8004
6112,COM00906.00,2014,O.bulk,Me.Au,3.658,0.234353,,8004
6113,COM00906.00,2015,O.bulk,Me.Ag,2.07,0.118938,,8006
6114,COM00906.00,2015,O.bulk,Me.Au,4.476,0.5,7.77399,8006
6115,COM00906.00,2016,O.bulk,Me.Ag,0.936,0.053668,,8008
6116,COM00906.00,2016,O.bulk,Me.Au,5.159,0.51,6.626002,8008
6117,COM00906.00,2017,O.bulk,Me.Ag,0.879,0.049315,,8010
6118,COM00906.00,2017,O.bulk,Me.Au,4.876,0.52,7.029143,8010
6119,COM00906.00,2018,O.bulk,Me.Ag,1.474,0.081016,,8012
6120,COM00906.00,2018,O.bulk,Me.Au,4.732,0.52,7.394845,8012
6121,COM00909.00,2006,O.bulk,Me.Cu,17840.658,3000,0.779,8014
6122,COM00909.00,2006,O.bulk,Me.Ni,39170.054,7000,0.733,8014
6123,COM00909.00,2006,O.bulk,Me.pgm,0.763,0.1,100,8014
6124,COM00909.00,2007,O.bulk,Me.Cu,17936.964,3000,0.783,8016
6125,COM00909.00,2007,O.bulk,Me.Ni,32391.912,6000,0.707,8016
6126,COM00909.00,2007,O.bulk,Me.pgm,0.764,0.1,100,8016
6127,COM00909.00,2008,O.bulk,Me.Cu,15686.825,2500,0.77,8018
6128,COM00909.00,2008,O.bulk,Me.Ni,33463.054,5900,0.696,8018
6129,COM00909.00,2008,O.bulk,Me.pgm,0.815,0.1,100,8018
6130,COM00909.00,2009,O.bulk,Me.Cu,15789.524,2700,0.741,8020
6131,COM00909.00,2009,O.bulk,Me.Ni,37191.05,6500,0.725,8020
6132,COM00909.00,2009,O.bulk,Me.pgm,0.71,0.09,123.45679,8020
6133,COM00909.00,2010,O.bulk,Me.Cu,17840.707,2900,0.738,8022
6134,COM00909.00,2010,O.bulk,Me.Ni,40827.227,6700,0.731,8022
6135,COM00909.00,2010,O.bulk,Me.pgm,0.667,0.08,156.25,8022
6136,COM00909.00,2011,O.bulk,Me.Cu,16561.425,2800,0.726,8024
6137,COM00909.00,2011,O.bulk,Me.Ni,39028.683,6700,0.715,8024
6138,COM00909.00,2011,O.bulk,Me.pgm,0.733,0.09,123.45679,8024
6139,COM00909.00,2012,O.bulk,Me.Cu,17148.605,2900,0.744,8026
6140,COM00909.00,2012,O.bulk,Me.Ni,38234.649,6700,0.718,8026
6141,COM00909.00,2012,O.bulk,Me.pgm,0.715,0.09,123.45679,8026
6142,COM00909.00,2013,O.bulk,Me.Cu,16864.005,2800,0.749,8028
6143,COM00909.00,2013,O.bulk,Me.Ni,39060.129,6700,0.725,8028
6144,COM00909.00,2013,O.bulk,Me.pgm,0.724,0.09,123.45679,8028
6145,COM00909.00,2014,O.bulk,Me.Cu,16326.779,2700,0.752,8030
6146,COM00909.00,2014,O.bulk,Me.Ni,37841.718,6500,0.724,8030
6147,COM00909.00,2014,O.bulk,Me.pgm,0.563,0.07,204.081633,8030
6148,COM00909.00,2015,O.bulk,Me.Cu,15128.229,2500,0.76,8032
6149,COM00909.00,2015,O.bulk,Me.Ni,35888.937,6200,0.727,8032
6150,COM00909.00,2015,O.bulk,Me.pgm,0.557,0.07,204.081633,8032
6151,COM00909.00,2016,O.bulk,Me.Cu,12331.047,2200,0.736,8034
6152,COM00909.00,2016,O.bulk,Me.Ni,27849.949,5300,0.69,8034
6153,COM00909.00,2016,O.bulk,Me.pgm,0.609,0.08,156.25,8034
6154,COM00909.00,2017,O.bulk,Me.Cu,11263.2,2000,0.741,8036
6155,COM00909.00,2017,O.bulk,Me.Ni,26524,5000,0.698,8036
6156,COM00909.00,2017,O.bulk,Me.pgm,0.76,0.1,100,8036
6157,COM00909.00,2018,O.bulk,Me.Cu,11707.8,2000,0.741,8038
6158,COM00909.00,2018,O.bulk,Me.Ni,32943,6000,0.695,8038
6159,COM00909.00,2018,O.bulk,Me.pgm,0.79,0.1,100,8038
6160,COM00909.00,2019,O.bulk,Me.Cu,11565.6,2000,0.732,8040
6161,COM00909.00,2019,O.bulk,Me.Ni,26820.5,5000,0.679,8040
6162,COM00909.00,2019,O.bulk,Me.pgm,0.79,0.1,100,8040
6163,COM00910.00,2006,O.bulk,Me.Cu,402043.118,29400,0.968,8042
6164,COM00910.00,2006,O.bulk,Me.Ni,191675.136,16000,0.848,8042
6165,COM00910.00,2006,O.bulk,Me.pgm,135.478,9.59,0.010873,8042
6166,COM00910.00,2007,O.bulk,Me.Cu,392195.034,27000,0.966,8044
6167,COM00910.00,2007,O.bulk,Me.Ni,190819.53,15000,0.846,8044
6168,COM00910.00,2007,O.bulk,Me.pgm,133.98,8.91,0.012596,8044
6169,COM00910.00,2008,O.bulk,Me.Cu,385507.842,26600,0.964,8046
6170,COM00910.00,2008,O.bulk,Me.Ni,196301.945,15600,0.837,8046
6171,COM00910.00,2008,O.bulk,Me.pgm,126.737,8.43,0.014072,8046
6172,COM00910.00,2009,O.bulk,Me.Cu,374495.04,25500,0.96,8048
6173,COM00910.00,2009,O.bulk,Me.Ni,192301.979,15200,0.827,8048
6174,COM00910.00,2009,O.bulk,Me.pgm,123.302,8.06,0.015393,8048
6175,COM00910.00,2010,O.bulk,Me.Cu,356688.116,23100,0.958,8050
6176,COM00910.00,2010,O.bulk,Me.Ni,187265.371,14100,0.824,8050
6177,COM00910.00,2010,O.bulk,Me.pgm,121.046,7.51,0.01773,8050
6178,COM00910.00,2011,O.bulk,Me.Cu,346093.844,21800,0.957,8052
6179,COM00910.00,2011,O.bulk,Me.Ni,186590.345,13700,0.821,8052
6180,COM00910.00,2011,O.bulk,Me.pgm,96.582,7.1,0.82,8052
6181,COM00910.00,2012,O.bulk,Me.Cu,341711.491,21300,0.962,8054
6182,COM00910.00,2012,O.bulk,Me.Ni,178855.462,13000,0.825,8054
6183,COM00910.00,2012,O.bulk,Me.pgm,99.196,7.38,0.806,8054
6184,COM00910.00,2013,O.bulk,Me.Cu,342270.893,21300,0.96,8056
6185,COM00910.00,2013,O.bulk,Me.Ni,181178.606,13200,0.82,8056
6186,COM00910.00,2013,O.bulk,Me.pgm,97.387,7.13,0.816,8056
6187,COM00910.00,2014,O.bulk,Me.Cu,339634.389,20800,0.958,8058
6188,COM00910.00,2014,O.bulk,Me.Ni,180296.118,12900,0.82,8058
6189,COM00910.00,2014,O.bulk,Me.pgm,93.928,6.77,0.814,8058
6190,COM00910.00,2015,O.bulk,Me.Cu,340885.265,20600,0.955,8060
6191,COM00910.00,2015,O.bulk,Me.Ni,178908.883,12700,0.813,8060
6192,COM00910.00,2015,O.bulk,Me.pgm,94.124,6.85,0.793,8060
6193,COM00910.00,2016,O.bulk,Me.Cu,339500.558,20900,0.942,8062
6194,COM00910.00,2016,O.bulk,Me.Ni,163532.017,12300,0.771,8062
6195,COM00910.00,2016,O.bulk,Me.pgm,91.245,6.81,0.777,8062
6196,COM00910.00,2017,O.bulk,Me.Cu,362511.6,22000,0.947,8064
6197,COM00910.00,2017,O.bulk,Me.Ni,180733.8,13000,0.799,8064
6198,COM00910.00,2017,O.bulk,Me.pgm,96.431,6.8,0.815,8064
6199,COM00910.00,2018,O.bulk,Me.Cu,360047.6,22000,0.946,8066
6200,COM00910.00,2018,O.bulk,Me.Ni,183293.5,13000,0.815,8066
6201,COM00910.00,2018,O.bulk,Me.pgm,97.288,6.8,0.827,8066
6202,COM00910.00,2019,O.bulk,Me.Cu,385410.08,22000,0.9521,8068
6203,COM00910.00,2019,O.bulk,Me.Ni,198799.12,13000,0.8311,8068
6204,COM00910.00,2019,O.bulk,Me.pgm,108.17,6.9,0.852,8068
6205,COM00916.00,2009,O.Au,Me.Au,6.604,2.535253,,8070
6206,COM00916.00,2010,O.Au,Me.Au,6.623,2.315612,,8072
6207,COM00916.00,2011,O.Au,Me.Au,5.313,1.730578,,8074
6208,COM00916.00,2012,O.Au,Me.Au,6.009,2.157029,,8076
6209,COM00916.00,2013,O.Au,Me.Au,7.984,3.020948,,8078
6210,COM00916.00,2014,O.Au,Me.Au,8.515,3.036831,,8080
6211,COM00916.00,2015,O.Au,Me.Au,8.932,3.152682,,8082
6212,COM00916.00,2016,O.Au,Me.Au,11.77,4.158861,,8084
6213,COM00916.00,2017,O.Au,Me.Au,10.064,3.542477,,8086
6214,COM00916.00,2018,O.Au,Me.Au,10.451,3.670991,,8088
6215,COM00919.00,2008,Con.Fe,Me.Fe,,660000,,
6216,COM00919.00,2009,Con.Fe,Me.Fe,8580000,660000,0,8113
6217,COM00919.00,2010,Con.Fe,Me.Fe,9372000,660000,0,8114
6218,COM00919.00,2016,Con.Fe,Me.Fe,7643538,657000,0,8120
6219,COM00919.00,2017,Con.Fe,Me.Fe,7467462,657000,0,8121
6220,COM00919.00,2018,Con.Fe,Me.Fe,7003620,657000,0,8122
6221,COM00920.00,2017,O.Au,Me.Au,7.019,5.1,0.94,8125
6222,COM00920.00,2018,O.Au,Me.Au,8.378,4.4,0.93,8127
6223,COM00920.00,2019,O.Au,Me.Au,10.404,3.8,0.91,8129
6224,COM00920.00,2020,O.Au,Me.Au,9.913,3.2,0.9,8131
6225,COM00922.00,2001,O.bulk,Me.Au,1.162,,,
6226,COM00922.00,2001,O.bulk,Me.Cu,55100,,,
6227,COM00922.00,2002,O.bulk,Me.Au,1.162,,,
6228,COM00922.00,2002,O.bulk,Me.Cu,38400,,,
6229,COM00922.00,2003,O.bulk,Me.Au,1.389,,,
6230,COM00922.00,2003,O.bulk,Me.Cu,27100,,,
6231,COM00922.00,2004,O.bulk,Me.Au,2.24,,,
6232,COM00922.00,2004,O.bulk,Me.Cu,30000,,,
6233,COM00922.00,2005,O.bulk,Me.Au,1.616,,,
6234,COM00922.00,2005,O.bulk,Me.Cu,54000,,,
6235,COM00922.00,2006,O.bulk,Me.Au,2.693,,,
6236,COM00922.00,2006,O.bulk,Me.Cu,83300,,,
6237,COM00922.00,2007,O.bulk,Me.Au,2.24,,,
6238,COM00922.00,2007,O.bulk,Me.Cu,43100,,,
6239,COM00922.00,2008,O.bulk,Me.Au,0.907,,,
6240,COM00922.00,2008,O.bulk,Me.Cu,24800,,,
6241,COM00922.00,2009,O.bulk,Me.Au,0.964,,,
6242,COM00922.00,2009,O.bulk,Me.Cu,34300,,,
6243,COM00922.00,2010,O.bulk,Me.Au,1.843,,,
6244,COM00922.00,2010,O.bulk,Me.Cu,39000,,,
6245,COM00922.00,2011,O.bulk,Me.Au,2.155,,,
6246,COM00922.00,2011,O.bulk,Me.Cu,50400,,,
6247,COM00922.00,2012,O.bulk,Me.Au,2.041,,,
6248,COM00922.00,2012,O.bulk,Me.Cu,53800,,,
6249,COM00922.00,2013,O.bulk,Me.Au,1.905,,,
6250,COM00922.00,2013,O.bulk,Me.Cu,55200,,,
6251,COM00928.00,2007,O.Cu,Me.Ag,5.102,2.77,0.130329,8149
6252,COM00928.00,2007,O.Cu,Me.Au,0.589,0.32,9.765625,8149
6253,COM00928.00,2007,O.Cu,Me.Cu,20446.2,11100,0,8149
6254,COM00928.00,2008,O.Cu,Me.Ag,1.368,2.38,0.176541,8151
6255,COM00928.00,2008,O.Cu,Me.Au,0.224,0.39,6.574622,8151
6256,COM00928.00,2008,O.Cu,Me.Cu,3737.5,6500,0,8151
6257,COM00928.00,2009,O.Cu,Me.Ag,3.959,2.29,0.19069,8153
6258,COM00928.00,2009,O.Cu,Me.Au,0.484,0.28,12.755102,8153
6259,COM00928.00,2009,O.Cu,Me.Cu,14696.5,8500,0,8153
6260,COM00928.00,2010,O.Cu,Me.Ag,4.73,2.16,0.214335,8155
6261,COM00928.00,2010,O.Cu,Me.Au,0.701,0.32,9.765625,8155
6262,COM00928.00,2010,O.Cu,Me.Cu,17739,8100,0,8155
6263,COM00928.00,2011,O.Cu,Me.Ag,4.593,1.71,0.341986,8157
6264,COM00928.00,2011,O.Cu,Me.Au,0.698,0.26,14.792899,8157
6265,COM00928.00,2011,O.Cu,Me.Cu,18264.8,6800,0,8157
6266,COM00928.00,2012,O.Cu,Me.Ag,4.792,1.8,0.308642,8159
6267,COM00928.00,2012,O.Cu,Me.Au,0.586,0.22,20.661157,8159
6268,COM00928.00,2012,O.Cu,Me.Cu,15439.6,5800,0,8159
6269,COM00928.00,2013,O.Cu,Me.Ag,4.56,1.44,0.482253,8161
6270,COM00928.00,2013,O.Cu,Me.Au,0.855,0.27,13.717421,8161
6271,COM00928.00,2013,O.Cu,Me.Cu,19002,6000,0,8161
6272,COM00928.00,2014,O.Cu,Me.Ag,5.14,2,0.25,8163
6273,COM00928.00,2014,O.Cu,Me.Au,0.745,0.29,11.890606,8163
6274,COM00928.00,2014,O.Cu,Me.Cu,18247,7100,0,8163
6275,COM00932.00,2004,O.Au,Me.Au,10.844,2.780434,,8165
6276,COM00932.00,2005,O.Au,Me.Au,11.085,2.358439,,8167
6277,COM00932.00,2006,O.Au,Me.Au,10.971,1.769559,,8169
6278,COM00932.00,2007,O.Au,Me.Au,10.206,1.700971,,8171
6279,COM00932.00,2008,O.Au,Me.Au,10.121,1.807282,,8173
6280,COM00932.00,2009,O.Au,Me.Au,10.801,2.34808,,8175
6281,COM00932.00,2010,O.Au,Me.Au,8.987,3.456461,,8177
6282,COM00932.00,2011,O.Au,Me.Au,8.873,4.4367,,8179
6283,COM00932.00,2012,O.Au,Me.Au,7.938,3.779936,,8181
6284,COM00932.00,2013,O.Au,Me.Au,6.776,3.985609,,8183
6285,COM00932.00,2014,O.Au,Me.Au,6.889,3.131334,,8185
6286,COM00932.00,2015,O.Au,Me.Au,1.503,1.502525,,8187
6287,COM00932.00,2016,O.Au,Me.Au,0.085,,,
6288,COM00932.00,2017,O.Au,Me.Au,0.085,,,
6289,COM00934.00,2002,Con.Cu,Me.Ag,32.324,44.903511,,8188
6290,COM00934.00,2002,Con.Cu,Me.Au,15.833,21.994736,,8188
6291,COM00934.00,2002,Con.Cu,Me.Cu,211313,293546.133084,,8188
6292,COM00934.00,2003,O.Cu,Me.Ag,33.321,1.1808,,8191
6293,COM00934.00,2003,O.Cu,Me.Au,15.202,0.82,0.714,8191
6294,COM00934.00,2003,O.Cu,Me.Cu,195655,8500,0.864,8191
6295,COM00934.00,2004,O.Cu,Me.Ag,36.091,1.376416,,8194
6296,COM00934.00,2004,O.Cu,Me.Au,15.365,0.88,0.705,8194
6297,COM00934.00,2004,O.Cu,Me.Cu,173370,8000,0.826,8194
6298,COM00934.00,2005,O.Cu,Me.Au,16.264,0.97,1.606942,8197
6299,COM00934.00,2005,O.Cu,Me.Cu,192978,8900,0,8197
6300,COM00934.00,2006,O.Cu,Me.Au,15.568,0.88,2.011801,8200
6301,COM00934.00,2006,O.Cu,Me.Cu,194355,8200,0,8200
6302,COM00934.00,2007,O.Cu,Me.Au,14.116,0.85,2.147871,8202
6303,COM00934.00,2007,O.Cu,Me.Cu,169184,7600,0,8202
6304,COM00934.00,2008,O.Cu,Me.Ag,36.234,1.672611,,8205
6305,COM00934.00,2008,O.Cu,Me.Au,14.573,1.02,0.635,8205
6306,COM00934.00,2008,O.Cu,Me.Cu,159650,8500,0.872,8205
6307,COM00934.00,2009,O.Cu,Me.Ag,42.181,1.867638,,8208
6308,COM00934.00,2009,O.Cu,Me.Au,14.594,1.04,0.639,8208
6309,COM00934.00,2009,O.Cu,Me.Cu,166669,8600,0.863,8208
6310,COM00934.00,2010,O.Cu,Me.Ag,40.292,1.815675,,8211
6311,COM00934.00,2010,O.Cu,Me.Au,13.767,0.97,0.66,8211
6312,COM00934.00,2010,O.Cu,Me.Cu,159821,8400,0.857,8211
6313,COM00934.00,2011,O.Cu,Me.Ag,29.674,1.524864,,8214
6314,COM00934.00,2011,O.Cu,Me.Au,11.808,0.91,0.687,8214
6315,COM00934.00,2011,O.Cu,Me.Cu,130456,7800,0.864,8214
6316,COM00934.00,2012,O.Cu,Me.Ag,25.365,1.122255,,8217
6317,COM00934.00,2012,O.Cu,Me.Au,11.482,0.77,0.609,8217
6318,COM00934.00,2012,O.Cu,Me.Cu,125325,6600,0.844,8217
6319,COM00934.00,2014,O.Cu,Me.Ag,16.84,1.002358,,8220
6320,COM00934.00,2014,O.Cu,Me.Au,6.832,0.68,3.616076,8220
6321,COM00934.00,2014,O.Cu,Me.Cu,76000,5400,0,8220
6322,COM00934.00,2015,O.Cu,Me.Ag,13.041,1.105151,,8223
6323,COM00934.00,2015,O.Cu,Me.Au,4.026,0.64,4.580026,8223
6324,COM00934.00,2015,O.Cu,Me.Cu,45000,4600,0,8223
6325,COM00934.00,2016,O.Cu,Me.Au,6.18,0.73,3.568624,8226
6326,COM00934.00,2016,O.Cu,Me.Cu,80000,5800,0,8226
6327,COM00934.00,2017,O.Cu,Me.Au,7.683,0.71,3.684874,8229
6328,COM00934.00,2017,O.Cu,Me.Cu,105000,6300,0,8229
6329,COM00934.00,2018,O.Cu,Me.Au,7.938,0.78,0.59,8232
6330,COM00934.00,2018,O.Cu,Me.Cu,96000,5900,0.86,8232
6331,COM00934.00,2019,O.Cu,Me.Au,8.675,0.85,0.6,8235
6332,COM00934.00,2019,O.Cu,Me.Cu,99000,6000,0.878,8235
6333,COM00937.00,2006,O.bulk,Me.Ag,25.061,2.601036,,8253
6334,COM00937.00,2006,O.bulk,Me.Au,3.345,0.347139,,8253
6335,COM00937.00,2006,O.bulk,Me.U3O8,3936,610,4e-6,8253
6336,COM00937.00,2006,O.bulk,Oth.cuca,204300,21900,0,8253
6337,COM00937.00,2007,O.bulk,Me.Ag,23.077,2.678954,,8255
6338,COM00937.00,2007,O.bulk,Me.Au,2.851,0.330929,,8255
6339,COM00937.00,2007,O.bulk,Me.U3O8,3486,580,4e-6,8255
6340,COM00937.00,2007,O.bulk,Oth.cuca,182500,20600,0,8255
6341,COM00937.00,2008,O.bulk,Me.Ag,22.113,2.306763,,8257
6342,COM00937.00,2008,O.bulk,Me.Au,2.504,0.261222,,8257
6343,COM00937.00,2008,O.bulk,Me.U3O8,4144,590,4e-6,8257
6344,COM00937.00,2008,O.bulk,Oth.cuca,169900,19100,0,8257
6345,COM00937.00,2009,O.bulk,Me.Ag,26.564,2.687798,,8259
6346,COM00937.00,2009,O.bulk,Me.Au,3.36,0.339979,,8259
6347,COM00937.00,2009,O.bulk,Me.U3O8,4007,540,5e-6,8259
6348,COM00937.00,2009,O.bulk,Oth.cuca,194100,18700,0,8259
6349,COM00937.00,2010,O.bulk,Me.Ag,14.175,2.785373,,8261
6350,COM00937.00,2010,O.bulk,Me.Au,2.037,0.400248,,8261
6351,COM00937.00,2010,O.bulk,Me.U3O8,2279,580,4e-6,8261
6352,COM00937.00,2010,O.bulk,Oth.cuca,103300,18500,0,8261
6353,COM00937.00,2011,O.bulk,Me.Ag,27.839,2.694989,,8263
6354,COM00937.00,2011,O.bulk,Me.Au,3.464,0.33529,,8263
6355,COM00937.00,2011,O.bulk,Me.U3O8,4045,530,5e-6,8263
6356,COM00937.00,2011,O.bulk,Oth.cuca,194100,18600,0,8263
6357,COM00937.00,2012,O.bulk,Me.Ag,25.713,2.683751,,8265
6358,COM00937.00,2012,O.bulk,Me.Au,3.665,0.382526,,8265
6359,COM00937.00,2012,O.bulk,Me.U3O8,3885,540,5e-6,8265
6360,COM00937.00,2012,O.bulk,Oth.cuca,192600,19800,0,8265
6361,COM00937.00,2013,O.bulk,Me.Ag,24.948,2.519958,,8267
6362,COM00937.00,2013,O.bulk,Me.Au,3.522,0.355734,,8267
6363,COM00937.00,2013,O.bulk,Me.U3O8,4102,530,5e-6,8267
6364,COM00937.00,2013,O.bulk,Oth.cuca,166200,18000,0,8267
6365,COM00937.00,2014,O.bulk,Me.Ag,30.233,2.987409,,8269
6366,COM00937.00,2014,O.bulk,Me.Au,3.774,0.372877,,8269
6367,COM00937.00,2014,O.bulk,Me.U3O8,3988,520,5e-6,8269
6368,COM00937.00,2014,O.bulk,Oth.cuca,184400,18800,0,8269
6369,COM00937.00,2015,O.bulk,Me.Ag,22.519,2.840429,,8271
6370,COM00937.00,2015,O.bulk,Me.Au,3.259,0.411032,,8271
6371,COM00937.00,2015,O.bulk,Me.U3O8,3144,570,4e-6,8271
6372,COM00937.00,2015,O.bulk,Oth.cuca,124500,18600,0,8271
6373,COM00937.00,2016,O.bulk,Me.Ag,28.522,2.940704,,8273
6374,COM00937.00,2016,O.bulk,Me.Au,3.66,0.377362,,8273
6375,COM00937.00,2016,O.bulk,Me.U3O8,4363,610,4e-6,8273
6376,COM00937.00,2016,O.bulk,Oth.cuca,202800,20100,0,8273
6377,COM00937.00,2017,O.bulk,Me.Ag,23.887,2.776322,,8275
6378,COM00937.00,2017,O.bulk,Me.Au,3.239,0.376446,,8275
6379,COM00937.00,2017,O.bulk,Me.U3O8,3661,620,4e-6,8275
6380,COM00937.00,2017,O.bulk,Oth.cuca,166300,20800,0,8275
6381,COM00937.00,2018,O.bulk,Me.Ag,24.634,3.414269,,8277
6382,COM00937.00,2018,O.bulk,Me.Au,2.847,0.394649,,8277
6383,COM00937.00,2018,O.bulk,Me.U3O8,4617.6,640,2e-6,8277
6384,COM00937.00,2018,O.bulk,Oth.cuca,136700,21900,0,8277
6385,COM00937.00,2019,O.bulk,Me.Ag,28.709,3.604333,,8279
6386,COM00937.00,2019,O.bulk,Me.Au,3.327,0.417665,,8279
6387,COM00937.00,2019,O.bulk,Me.U3O8,5097.6,640,2e-6,8279
6388,COM00937.00,2019,O.bulk,Oth.cuca,160300,21800,0,8279
6389,COM00940.00,2010,O.Ni,Me.Ni,24298.7,19300,0,8281
6390,COM00940.00,2011,O.Ni,Me.Ni,27267.6,18600,0,8283
6391,COM00940.00,2012,O.Ni,Me.Ni,36932.5,18700,0,8285
6392,COM00940.00,2013,O.Ni,Me.Ni,5996.4,22800,0,8287
6393,COM00940.00,2014,O.Ni,Me.Ni,29740.2,21900,0,8289
6394,COM00940.00,2015,O.Ni,Me.Ni,21811.2,21300,0,8291
6395,COM00940.00,2016,O.Ni,Me.Ni,34884,20400,0,8293
6396,COM00940.00,2017,O.Ni,Me.Ni,19762,20500,0,8295
6397,COM00940.00,2019,O.Ni,Me.Ni,4494,14000,0,8299
6398,COM00942.00,2000,O.bulk,Me.Ag,9.112,46.655215,0.759,8301
6399,COM00942.00,2000,O.bulk,Me.Au,3.012,12.596908,0.904,8301
6400,COM00942.00,2000,O.bulk,Me.Cu,59,300,1.4e-5,8301
6401,COM00942.00,2001,O.bulk,Me.Ag,4.87,19.59519,0.709,8303
6402,COM00942.00,2001,O.bulk,Me.Au,4.538,14.027668,0.926,8303
6403,COM00942.00,2001,O.bulk,Me.Cu,40,130,6.7e-5,8303
6404,COM00942.00,2002,O.bulk,Me.Ag,0.883,4.043452,0.622,8305
6405,COM00942.00,2002,O.bulk,Me.Au,4.977,16.391532,0.865,8305
6406,COM00942.00,2003,O.bulk,Me.Ag,1.963,6.220695,0.773,8307
6407,COM00942.00,2003,O.bulk,Me.Au,5.621,15.676152,0.865,8307
6408,COM00942.00,2004,O.bulk,Me.Ag,3.028,10.575182,0.649,8309
6409,COM00942.00,2004,O.bulk,Me.Au,6.574,16.111601,0.937,8309
6410,COM00942.00,2005,O.bulk,Me.Ag,2.677,9.331043,0.631,8311
6411,COM00942.00,2005,O.bulk,Me.Au,7.252,16.484843,0.954,8311
6412,COM00942.00,2006,O.bulk,Me.Ag,2.519,7.464834,0.641,8313
6413,COM00942.00,2006,O.bulk,Me.Au,7.919,17.542361,0.96,8313
6414,COM00942.00,2007,O.bulk,Me.Ag,2.415,8.086904,0.624,8315
6415,COM00942.00,2007,O.bulk,Me.Au,8.333,18.07112,0.963,8315
6416,COM00942.00,2008,O.bulk,Me.Ag,3.454,9.953113,0.646,8317
6417,COM00942.00,2008,O.bulk,Me.Au,8.848,18.257741,0.955,8317
6418,COM00942.00,2009,O.bulk,Me.Ag,2.846,6.53173,0.578,8319
6419,COM00942.00,2009,O.bulk,Me.Au,9.805,18.724293,0.957,8319
6420,COM00942.00,2010,O.bulk,Me.Ag,3.247,9.331043,0.535,8321
6421,COM00942.00,2010,O.bulk,Me.Au,9.942,19.439673,0.959,8321
6422,COM00942.00,2011,O.bulk,Me.Ag,9.982,12.441391,0.543,8323
6423,COM00942.00,2011,O.bulk,Me.Au,8.87,17.138016,0.948,8323
6424,COM00942.00,2012,O.bulk,Me.Ag,13.237,17.09,0.511,8325
6425,COM00942.00,2012,O.bulk,Me.Au,8.098,15.12,0.957,8325
6426,COM00942.00,2013,O.bulk,Me.Ag,16.164,25.66,0.526,8327
6427,COM00942.00,2013,O.bulk,Me.Au,6.987,15.04,0.968,8327
6428,COM00942.00,2014,O.bulk,Me.Ag,13.388,56.26,0.5144,8329
6429,COM00942.00,2014,O.bulk,Me.Au,6.32,14.15,0.9772,8329
6430,COM00942.00,2015,O.bulk,Me.Ag,17.503,69.86,0.5364,8331
6431,COM00942.00,2015,O.bulk,Me.Au,6.364,14.32,0.953,8331
6432,COM00942.00,2016,O.bulk,Me.Ag,21.531,59.72,0.7339,8333
6433,COM00942.00,2016,O.bulk,Me.Au,5.943,12.66,0.9633,8333
6434,COM00942.00,2017,O.bulk,Me.Ag,16.435,37.95,0.8505,8335
6435,COM00942.00,2017,O.bulk,Me.Au,5.939,11.89,0.9714,8335
6436,COM00942.00,2018,O.bulk,Me.Ag,9.711,32.04,0.8173,8337
6437,COM00942.00,2018,O.bulk,Me.Au,3.604,9.98,0.971,8337
6438,COM00942.00,2019,O.bulk,Me.Ag,0.584,5.93,0.7676,8339
6439,COM00942.00,2019,O.bulk,Me.Au,1.296,10.3,0.9675,8339
6440,COM00943.00,2007,Con.Cu,Me.Cu,59356,209000,0,8340
6441,COM00943.00,2007,Con.Zn,Me.Ag,9.446,103.8,9.3e-5,8341
6442,COM00943.00,2007,Con.Zn,Me.Au,0.109,1.2,0.694444,8341
6443,COM00943.00,2007,Con.Zn,Me.Zn,41041,451000,0,8341
6444,COM00943.00,2008,Con.Cu,Me.Cu,69286,202000,0,8344
6445,COM00943.00,2008,Con.Zn,Me.Ag,12.361,113.4,7.8e-5,8345
6446,COM00943.00,2008,Con.Zn,Me.Au,0.153,1.4,0.510204,8345
6447,COM00943.00,2008,Con.Zn,Me.Zn,48941,449000,0,8345
6448,COM00943.00,2009,Con.Cu,Me.Cu,64260,189000,0,8348
6449,COM00943.00,2009,Con.Zn,Me.Ag,17.581,145.3,4.7e-5,8349
6450,COM00943.00,2009,Con.Zn,Me.Au,0.206,1.7,0.346021,8349
6451,COM00943.00,2009,Con.Zn,Me.Zn,54450,450000,0,8349
6452,COM00943.00,2010,Con.Cu,Me.Cu,50463,189000,0,8352
6453,COM00943.00,2010,Con.Zn,Me.Ag,19.177,152.2,4.3e-5,8353
6454,COM00943.00,2010,Con.Zn,Me.Au,0.227,1.8,0.308642,8353
6455,COM00943.00,2010,Con.Zn,Me.Zn,57960,460000,0,8353
6456,COM00943.00,2011,Con.Cu,Me.Cu,52264,188000,0,8356
6457,COM00943.00,2011,Con.Zn,Me.Ag,12.018,126.5,6.2e-5,8357
6458,COM00943.00,2011,Con.Zn,Me.Au,0.142,1.5,0.444444,8357
6459,COM00943.00,2011,Con.Zn,Me.Zn,43415,457000,0,8357
6460,COM00943.00,2012,Con.Cu,Me.Cu,42535,181000,0,8360
6461,COM00943.00,2012,Con.Zn,Me.Ag,18.301,163.4,3.7e-5,8361
6462,COM00943.00,2012,Con.Zn,Me.Au,0.19,1.7,0.346021,8361
6463,COM00943.00,2012,Con.Zn,Me.Zn,51184,457000,0,8361
6464,COM00943.00,2013,Con.Cu,Me.Cu,47502,182000,0,8364
6465,COM00943.00,2013,Con.Zn,Me.Ag,0.264,2,0.25,8365
6466,COM00943.00,2013,Con.Zn,Me.Au,23.1,175,3.3e-5,8365
6467,COM00943.00,2013,Con.Zn,Me.Zn,61512,466000,0,8365
6468,COM00943.00,2014,Con.Cu,Me.Cu,32578,182000,0,8368
6469,COM00943.00,2014,Con.Zn,Me.Ag,25.88,191.7,2.7e-5,8369
6470,COM00943.00,2014,Con.Zn,Me.Au,0.284,2.1,0.226757,8369
6471,COM00943.00,2014,Con.Zn,Me.Zn,62910,466000,0,8369
6472,COM00943.00,2015,Con.Cu,Me.Cu,47244,186000,0,8372
6473,COM00943.00,2015,Con.Zn,Me.Ag,16.82,168.2,3.5e-5,8373
6474,COM00943.00,2015,Con.Zn,Me.Au,0.17,1.7,0.346021,8373
6475,COM00943.00,2015,Con.Zn,Me.Zn,45700,457000,0,8373
6476,COM00943.00,2016,Con.Cu,Me.Cu,41771.7,191000,0,8376
6477,COM00943.00,2016,Con.Zn,Me.Ag,12.725,144.6,4.8e-5,8377
6478,COM00943.00,2016,Con.Zn,Me.Au,0.132,1.5,0.444444,8377
6479,COM00943.00,2016,Con.Zn,Me.Zn,39952,454000,0,8377
6480,COM00943.00,2017,Con.Cu,Me.Cu,34788.6,198000,0,8380
6481,COM00943.00,2018,Con.Cu,Me.Cu,31640.7,183000,0,8383
6482,COM00943.00,2019,Con.Cu,Me.Cu,26838,189000,0,8386
6483,COM00948.00,2005,O.bulk,Me.Cu,6212.7,17700,0,8390
6484,COM00948.00,2005,O.bulk,Me.Ni,12074.4,34400,0,8390
6485,COM00948.00,2006,O.bulk,Me.Cu,33455.4,22200,0,8392
6486,COM00948.00,2006,O.bulk,Me.Ni,56813.9,37700,0,8392
6487,COM00948.00,2007,O.bulk,Me.Cu,53030.9,24700,0,8394
6488,COM00948.00,2007,O.bulk,Me.Ni,80297.8,37400,0,8394
6489,COM00948.00,2008,O.bulk,Me.Cu,56763,23800,0,8396
6490,COM00948.00,2008,O.bulk,Me.Ni,83475,35000,0,8396
6491,COM00948.00,2009,O.bulk,Me.Cu,25443,25700,0,8398
6492,COM00948.00,2009,O.bulk,Me.Ni,31680,32000,0,8398
6493,COM00948.00,2010,O.bulk,Me.Cu,36844,24400,0,8400
6494,COM00948.00,2010,O.bulk,Me.Ni,48320,32000,0,8400
6495,COM00948.00,2011,O.bulk,Me.Cu,56547.4,23900,0,8402
6496,COM00948.00,2011,O.bulk,Me.Ni,79970.8,33800,0,8402
6497,COM00948.00,2012,O.bulk,Me.Cu,45609.4,19400,0,8404
6498,COM00948.00,2012,O.bulk,Me.Ni,73116.1,31100,0,8404
6499,COM00948.00,2013,O.bulk,Me.Cu,38942.4,16800,0,8406
6500,COM00948.00,2013,O.bulk,Me.Ni,66990.2,28900,0,8406
6501,COM00948.00,2014,O.bulk,Me.Cu,34542.2,15400,0,8408
6502,COM00948.00,2014,O.bulk,Me.Ni,57869.4,25800,0,8408
6503,COM00948.00,2015,O.bulk,Me.Cu,35152.8,15100,0,8410
6504,COM00948.00,2015,O.bulk,Me.Ni,59829.6,25700,0,8410
6505,COM00948.00,2016,O.bulk,Me.Cu,34444.8,14400,0,8412
6506,COM00948.00,2016,O.bulk,Me.Ni,62670.4,26200,0,8412
6507,COM00948.00,2017,O.bulk,Me.Cu,34243.2,14400,0,8414
6508,COM00948.00,2017,O.bulk,Me.Ni,60876.8,25600,0,8414
6509,COM00948.00,2018,O.bulk,Me.Cu,25014,13200,0,8416
6510,COM00948.00,2018,O.bulk,Me.Ni,44911.5,23700,0,8416
6511,COM00948.00,2019,O.bulk,Me.Cu,25180.4,11900,0,8418
6512,COM00948.00,2019,O.bulk,Me.Ni,46763.6,22100,0,8418
6513,COM00949.00,2014,O.bulk,Me.Ag,25.316,,,
6514,COM00949.00,2014,O.bulk,Me.Au,16.689,,,
6515,COM00949.00,2014,O.bulk,Me.Cu,148400,,,
6516,COM00949.00,2015,O.bulk,Me.Ag,34.671,,,
6517,COM00949.00,2015,O.bulk,Me.Au,18.524,,,
6518,COM00949.00,2015,O.bulk,Me.Cu,202200,,,
6519,COM00949.00,2016,O.bulk,Me.Ag,40.256,,,
6520,COM00949.00,2016,O.bulk,Me.Au,8.505,,,
6521,COM00949.00,2016,O.bulk,Me.Cu,201300,,,
6522,COM00949.00,2017,O.bulk,Me.Ag,27.612,,,
6523,COM00949.00,2017,O.bulk,Me.Au,3.24,,,
6524,COM00949.00,2017,O.bulk,Me.Cu,157400,,,
6525,COM00949.00,2018,O.bulk,Me.Ag,25.911,,,
6526,COM00949.00,2018,O.bulk,Me.Au,8.091,,,
6527,COM00949.00,2018,O.bulk,Me.Cu,159100,,,
6528,COM00950.00,2013,O.Au,Me.Au,5.373,,,
6529,COM00950.00,2014,O.Au,Me.Au,5.545,,,
6530,COM00950.00,2015,O.Au,Me.Au,5.891,,,
6531,COM00950.00,2016,O.Au,Me.Au,6.169,,,
6532,COM00950.00,2017,O.Au,Me.Au,6.267,,,
6533,COM00950.00,2018,O.Au,Me.Au,4.262,,,
6534,COM00953.00,2001,O.bulk,Me.Cu,78400,,,
6535,COM00953.00,2001,O.bulk,Me.U3O8,31,,,
6536,COM00953.00,2002,,Me.Cu,52200,,,
6537,COM00953.00,2003,,Me.Cu,52400,,,
6538,COM00953.00,2004,,Me.Cu,54400,,,
6539,COM00953.00,2005,,Me.Cu,61200,,,
6540,COM00953.00,2006,,Me.Cu,61500,,,
6541,COM00953.00,2007,,Me.Cu,71400,,,
6542,COM00953.00,2008,,Me.Cu,85100,,,
6543,COM00953.00,2009,,Me.Cu,82600,,,
6544,COM00953.00,2010,O.bulk,Me.Au,0.369,,,
6545,COM00953.00,2010,O.bulk,Me.Cu,74600,,,
6546,COM00953.00,2011,O.bulk,Me.Au,0.369,,,
6547,COM00953.00,2011,O.bulk,Me.Cu,69100,,,
6548,COM00953.00,2012,O.bulk,Me.Au,0.312,,,
6549,COM00953.00,2012,O.bulk,Me.Cu,49100,,,
6550,COM00954.00,2009,O.bulk,Me.Ag,86.254,122.186445,0.663,8420
6551,COM00954.00,2009,O.bulk,Me.Au,1.549,1.700971,0.882,8420
6552,COM00954.00,2010,O.bulk,Me.Ag,166.618,130.407806,0.698,8422
6553,COM00954.00,2010,O.bulk,Me.Au,2.899,1.700971,0.911,8422
6554,COM00954.00,2011,O.bulk,Me.Ag,255.874,194.761224,0.764,8424
6555,COM00954.00,2011,O.bulk,Me.Au,3.54,2.267962,0.922,8424
6556,COM00954.00,2012,O.bulk,Me.Ag,233.079,133.242759,0.83,8426
6557,COM00954.00,2012,O.bulk,Me.Au,3.001,1.417476,0.944,8426
6558,COM00954.00,2013,O.bulk,Me.Ag,215.169,119.351492,0.777,8428
6559,COM00954.00,2013,O.bulk,Me.Au,3.298,1.700971,0.842,8428
6560,COM00954.00,2014,O.bulk,Me.Ag,185.594,112.547607,0.775,8430
6561,COM00954.00,2014,O.bulk,Me.Au,2.453,1.417476,0.805,8430
6562,COM00954.00,2015,O.bulk,Me.Ag,145.706,107.161197,0.843,8432
6563,COM00954.00,2015,O.bulk,Me.Au,2.007,1.417476,0.806,8432
6564,COM00954.00,2016,O.bulk,Me.Ag,125.713,132.108778,0.884,8434
6565,COM00954.00,2016,O.bulk,Me.Au,2.092,2.267962,0.775,8434
6566,COM00954.00,2017,O.bulk,Me.Ag,204.951,159.32432,0.86,8436
6567,COM00954.00,2017,O.bulk,Me.Au,3.44,2.551457,0.9,8436
6568,COM00954.00,2018,O.bulk,Me.Ag,212.714,183.988405,0.838,8438
6569,COM00954.00,2018,O.bulk,Me.Au,3.473,2.834952,0.889,8438
6570,COM00954.00,2019,O.bulk,Me.Ag,191.372,137.495187,0.793,8440
6571,COM00954.00,2019,O.bulk,Me.Au,3.168,2.267962,0.843,8440
6572,COM00955.00,2001,O.Cu,Oth.cuca,129333.333,9426.627792,,8442
6573,COM00955.00,2002,O.Cu,Oth.cuca,130800,10400,0,8444
6574,COM00955.00,2003,O.Cu,Oth.cuca,131100,9900,0,8446
6575,COM00955.00,2004,O.Cu,Oth.cuca,125500,9500,0,8448
6576,COM00955.00,2005,O.Cu,Oth.cuca,113100,9100,0,8450
6577,COM00955.00,2006,O.Cu,Oth.cuca,94100,8700,0,8452
6578,COM00955.00,2007,O.Cu,Oth.cuca,181300,12530.943188,0,8454
6579,COM00955.00,2008,O.Cu,Oth.cuca,249100,13096.467282,0,8456
6580,COM00955.00,2009,O.Cu,Oth.cuca,274800,13690.502183,0,8458
6581,COM00955.00,2010,O.Cu,Oth.cuca,244800,11537.745098,0,8460
6582,COM00955.00,2011,O.Cu,Oth.cuca,272200,10702.718589,0,8462
6583,COM00955.00,2012,O.Cu,Oth.cuca,263700,11207.508532,0,8464
6584,COM00955.00,2013,O.Cu,Oth.cuca,232600,10717.11092,0,8466
6585,COM00955.00,2014,O.Cu,Oth.cuca,233100,10615.358215,0,8468
6586,COM00955.00,2015,O.Cu,Oth.cuca,249600,10533.49359,0,8470
6587,COM00955.00,2016,O.Cu,Oth.cuca,251400,11578.122514,0,8472
6588,COM00955.00,2017,O.Cu,Oth.cuca,254300,10026.110893,0,8474
6589,COM00955.00,2018,O.Cu,Oth.cuca,263800,10004.245641,0,8476
6590,COM00955.00,2019,O.Cu,Oth.cuca,246500,9405.15213,0,8478
6591,COM00959.00,2003,O.Au,Me.Au,6.313,0.4,0.768,8504
6592,COM00959.00,2004,O.Au,Me.Au,5.862,0.44,0.768,8506
6593,COM00959.00,2005,O.Au,Me.Au,5.614,0.42,0.782,8508
6594,COM00959.00,2006,O.Au,Me.Au,5.419,0.38,0.768,8510
6595,COM00959.00,2007,O.Au,Me.Au,5.442,0.37,0.761,8512
6596,COM00959.00,2008,O.Au,Me.Au,5.852,0.39,0.742,8514
6597,COM00959.00,2009,O.Au,Me.Au,11.022,0.41,0.676,8516
6598,COM00959.00,2010,O.Au,Me.Au,15.003,0.45,0.775,8518
6599,COM00959.00,2011,O.Au,Me.Au,14.101,0.42,0.752,8520
6600,COM00959.00,2012,O.Au,Me.Au,14.515,0.38,0.727,8522
6601,COM00959.00,2013,O.Au,Me.Au,15.562,0.38,0.758,8524
6602,COM00959.00,2014,O.Au,Me.Au,16.204,0.41,0.747,8526
6603,COM00959.00,2015,O.Au,Me.Au,14.855,0.44,0.754,8528
6604,COM00959.00,2016,O.Au,Me.Au,15.022,0.45,0.723,8530
6605,COM00959.00,2017,O.Au,Me.Au,11.195,0.41,0.746,8532
6606,COM00959.00,2018,O.Au,Me.Au,16.221,0.39,0.777,8534
6607,COM00966.00,2005,O.Au,Me.Au,2.772,,,
6608,COM00966.00,2006,O.Au,Me.Au,2.772,,,
6609,COM00966.00,2007,O.Au,Me.Au,2.772,,,
6610,COM00966.00,2008,O.Au,Me.Au,2.772,,,
6611,COM00966.00,2009,O.Au,Me.Au,2.772,,,
6612,COM00966.00,2011,O.Au,Me.Au,2.691,10,0.010669,8606
6613,COM00966.00,2012,O.Au,Me.Au,2.09,6.63,0.024308,8608
6614,COM00966.00,2013,O.Au,Me.Au,2.756,7.3,0.92,8610
6615,COM00966.00,2014,O.Au,Me.Au,3.111,7.4,0.9,8612
6616,COM00966.00,2015,O.Au,Me.Au,2.332,5.4,0.89,8614
6617,COM00966.00,2016,O.Au,Me.Au,2.511,7.2,0.9,8616
6618,COM00966.00,2017,O.Au,Me.Au,1.726,4.6,0.87,8618
6619,COM00966.00,2018,O.Au,Me.Au,0.698,3.8,0.78,8620
6620,COM00970.00,2011,Con.Fe,Me.Fe,2925000,650000,0,8624
6621,COM00970.00,2012,Con.Fe,Me.Fe,2925000,650000,0,8627
6622,COM00970.00,2013,Con.Fe,Me.Fe,2535000,650000,0,8630
6623,COM00970.00,2014,Con.Fe,Me.Fe,2275000,650000,0,8633
6624,COM00970.00,2015,Con.Fe,Me.Fe,2275000,650000,0,8636
6625,COM00970.00,2016,Con.Fe,Me.Fe,1885000,650000,0,8639
6626,COM00970.00,2017,Con.Fe,Me.Fe,2340000,650000,0,8642
6627,COM00970.00,2018,Con.Fe,Me.Fe,2600000,650000,0,8645
6628,COM00970.00,2019,Con.Fe,Me.Fe,2535000,650000,0,8648
6629,COM00971.00,2010,O.oxi,Me.Ag,93.493,8.870118,,8652
6630,COM00971.00,2010,O.oxi,Me.Au,2.438,0.231328,,8652
6631,COM00971.00,2010,O.sul,Me.Ag,340.433,,0.58,8653
6632,COM00971.00,2010,O.sul,Me.Au,2.793,,0.48,8653
6633,COM00971.00,2010,O.sul,Me.Pb,44179.897,,0.6,8653
6634,COM00971.00,2010,O.sul,Me.Zn,70080.021,,0.65,8653
6635,COM00971.00,2011,O.oxi,Me.Ag,58.81,,,8656
6636,COM00971.00,2011,O.oxi,Me.Au,1.735,,,8656
6637,COM00971.00,2011,O.sul,Me.Ag,533.505,,0.74,8657
6638,COM00971.00,2011,O.sul,Me.Au,6.167,,0.61,8657
6639,COM00971.00,2011,O.sul,Me.Pb,70170.74,,0.7,8657
6640,COM00971.00,2011,O.sul,Me.Zn,129908.855,,0.76,8657
6641,COM00971.00,2012,O.oxi,Me.Ag,44.171,,,8660
6642,COM00971.00,2012,O.oxi,Me.Au,1.328,,,8660
6643,COM00971.00,2012,O.sul,Me.Ag,693.048,,0.77,8661
6644,COM00971.00,2012,O.sul,Me.Au,11.463,,0.69,8661
6645,COM00971.00,2012,O.sul,Me.Pb,69717.147,,0.74,8661
6646,COM00971.00,2012,O.sul,Me.Zn,147054.646,,0.77,8661
6647,COM00971.00,2013,O.oxi,Me.Ag,52.376,,,8664
6648,COM00971.00,2013,O.oxi,Me.Au,1.938,,,8664
6649,COM00971.00,2013,O.sul,Me.Ag,645.739,,0.77,8665
6650,COM00971.00,2013,O.sul,Me.Au,10.621,,0.66,8665
6651,COM00971.00,2013,O.sul,Me.Pb,72166.546,,0.73,8665
6652,COM00971.00,2013,O.sul,Me.Zn,126688.349,,0.73,8665
6653,COM00971.00,2014,O.oxi,Me.Ag,28.973,,,8668
6654,COM00971.00,2014,O.oxi,Me.Au,1.138,,,8668
6655,COM00971.00,2014,O.sul,Me.Ag,773.628,,0.79,8669
6656,COM00971.00,2014,O.sul,Me.Au,16.52,,0.7,8669
6657,COM00971.00,2014,O.sul,Me.Pb,69082.118,,0.74,8669
6658,COM00971.00,2014,O.sul,Me.Zn,149549.404,,0.8,8669
6659,COM00971.00,2015,O.oxi,Me.Ag,19.968,,,8672
6660,COM00971.00,2015,O.oxi,Me.Au,0.871,,,8672
6661,COM00971.00,2015,O.sul,Me.Ag,786.42,,0.8,8673
6662,COM00971.00,2015,O.sul,Me.Au,25.909,,0.72,8673
6663,COM00971.00,2015,O.sul,Me.Pb,78879.713,,0.71,8673
6664,COM00971.00,2015,O.sul,Me.Zn,176356.713,,0.79,8673
6665,COM00971.00,2016,O.oxi,Me.Ag,8.553,,,8676
6666,COM00971.00,2016,O.oxi,Me.Au,0.467,,,8676
6667,COM00971.00,2016,O.sul,Me.Ag,548.292,,0.79,8677
6668,COM00971.00,2016,O.sul,Me.Au,13.997,,0.63,8677
6669,COM00971.00,2016,O.sul,Me.Pb,49623.005,,0.72,8677
6670,COM00971.00,2016,O.sul,Me.Zn,119249.434,,0.77,8677
6671,COM00971.00,2017,O.bulk,Me.Ag,668.88,,0.82,8679
6672,COM00971.00,2017,O.bulk,Me.Au,14.805,,0.66,8679
6673,COM00971.00,2017,O.bulk,Me.Pb,60463.863,,0.74,8679
6674,COM00971.00,2017,O.bulk,Me.Zn,163157.175,,0.81,8679
6675,COM00971.00,2018,O.bulk,Me.Ag,568.945,,0.79,8681
6676,COM00971.00,2018,O.bulk,Me.Au,8.46,,0.59,8681
6677,COM00971.00,2018,O.bulk,Me.Pb,52752.793,,0.71,8681
6678,COM00971.00,2018,O.bulk,Me.Zn,144333.092,,0.8,8681
6679,COM00972.00,2015,O.bulk,Me.Pb,6600,15000,0.723,8683
6680,COM00972.00,2015,O.bulk,Me.Zn,30700,60000,0.857,8683
6681,COM00972.00,2016,O.bulk,Me.Pb,5700,13000,0.685,8685
6682,COM00972.00,2016,O.bulk,Me.Zn,34100,60000,0.872,8685
6683,COM00972.00,2017,O.bulk,Me.Pb,4800,13000,0.691,8687
6684,COM00972.00,2017,O.bulk,Me.Zn,33100,71000,0.88,8687
6685,COM00972.00,2018,O.bulk,Me.Pb,3700,10000,0.645,8689
6686,COM00972.00,2018,O.bulk,Me.Zn,29700,59000,0.882,8689
6687,COM00973.00,2012,O.Au,Me.Au,1.591,,,
6688,COM00973.00,2013,O.Au,Me.Au,1.037,,,
6689,COM00973.00,2014,O.Au,Me.Au,1.413,,,
6690,COM00973.00,2015,O.Au,Me.Au,1.025,,,
6691,COM00973.00,2016,O.Au,Me.Au,0.071,,,
6692,COM00973.00,2017,O.Au,Me.Au,0.872,,,
6693,COM00973.00,2018,O.Au,Me.Au,0.826,,,
6694,COM00973.00,2019,O.Au,Me.Au,0.826,,,
6695,COM00976.00,2000,O.bulk,Me.Pb,6417,6800,0,8691
6696,COM00976.00,2000,O.bulk,Me.Zn,20654,20300,0,8691
6697,COM00976.00,2001,O.bulk,Me.Pb,6024,6400,0,8693
6698,COM00976.00,2001,O.bulk,Me.Zn,20912,20900,0,8693
6699,COM00976.00,2002,O.bulk,Me.Pb,6610.1,4900,0,8695
6700,COM00976.00,2002,O.bulk,Me.Zn,25361.2,18800,0,8695
6701,COM00976.00,2003,O.bulk,Me.Pb,3795,5000,0,8697
6702,COM00976.00,2003,O.bulk,Me.Zn,21935.1,28900,0,8697
6703,COM00979.00,2000,O.bulk,Me.Ag,1.637,9.638838,0.72,8699
6704,COM00979.00,2000,O.bulk,Me.Au,0.761,3.57204,0.91,8699
6705,COM00979.00,2001,O.bulk,Me.Ag,2.451,21.262142,0.79,8701
6706,COM00979.00,2001,O.bulk,Me.Au,0.508,3.600389,0.97,8701
6707,COM00981.00,2014,O.bulk,Me.Au,0.006,4.36e-4,,8723
6708,COM00981.00,2014,O.bulk,Me.Cu,20865.249,1524.263577,,8723
6709,COM00981.00,2015,O.bulk,Me.Au,0.006,3.64e-4,,8725
6710,COM00981.00,2015,O.bulk,Me.Cu,20865.249,1307.46479,,8725
6711,COM00981.00,2016,O.bulk,Me.Au,0.006,3.36e-4,,8727
6712,COM00981.00,2016,O.bulk,Me.Cu,19050.88,1080.895962,,8727
6713,COM00981.00,2017,O.bulk,Me.Au,0.007,4.26e-4,,8729
6714,COM00981.00,2017,O.bulk,Me.Cu,14968.548,943.002941,,8729
6715,COM00981.00,2018,O.bulk,Me.Au,0.007,3.86e-4,,8731
6716,COM00981.00,2018,O.bulk,Me.Cu,14514.956,821.004252,,8731
6717,COM00982.00,2000,O.Au,Me.Au,25.567,,,
6718,COM00982.00,2001,O.Au,Me.Au,28.335,,,
6719,COM00982.00,2002,O.Au,Me.Au,27.931,2.488278,,
6720,COM00982.00,2003,O.Au,Me.Au,28.366,2.177243,,
6721,COM00982.00,2004,O.Au,Me.Au,20.093,0.933104,0.893181,8733
6722,COM00982.00,2005,O.Au,Me.Au,19.533,1.555174,0.525559,8735
6723,COM00982.00,2013,,Me.Au,3.017,,,
6724,COM00982.00,2014,,Me.Au,0.529,,,
6725,COM00982.00,2015,,Me.Au,1.68,,,
6726,COM00990.00,2009,O.bulk,Me.Ag,3.289,14.46188,,8791
6727,COM00990.00,2009,O.bulk,Me.Au,0.458,1.08,0.459567,8791
6728,COM00990.00,2010,O.bulk,Me.Ag,33.594,14.491083,,8793
6729,COM00990.00,2010,O.bulk,Me.Au,3.691,1.95,0.322078,8793
6730,COM00990.00,2011,O.bulk,Me.Ag,52.475,11.636778,,8795
6731,COM00990.00,2011,O.bulk,Me.Au,5.784,1.867714,0.417431,8795
6732,COM00990.00,2012,O.bulk,Me.Ag,65.516,14.907991,,8797
6733,COM00990.00,2012,O.bulk,Me.Au,6.646,2.076296,0.318482,8797
6734,COM00990.00,2013,O.bulk,Me.Ag,68.379,17.086808,,8799
6735,COM00990.00,2013,O.bulk,Me.Au,6.107,2.078588,0.315251,8799
6736,COM00990.00,2014,O.bulk,Me.Ag,51.568,11.953035,,8801
6737,COM00990.00,2014,O.bulk,Me.Au,6.194,2.018892,0.345011,8801
6738,COM00990.00,2015,O.bulk,Me.Ag,72.093,16.10215,,8803
6739,COM00990.00,2015,O.bulk,Me.Au,7.009,2.384042,0.267931,8803
6740,COM00990.00,2016,O.bulk,Me.Ag,76.714,17.516968,,8805
6741,COM00990.00,2016,O.bulk,Me.Au,6.794,2.661739,0.242174,8805
6742,COM00990.00,2017,O.bulk,Me.Ag,79.832,17.726608,,8807
6743,COM00990.00,2017,O.bulk,Me.Au,6.488,2.515972,0.275908,8807
6744,COM00990.00,2018,O.bulk,Me.Ag,75.92,20.854915,,8809
6745,COM00990.00,2018,O.bulk,Me.Au,6.261,2.609483,0.222818,8809
6746,COM00990.00,2019,O.bulk,Me.Ag,77.706,25.282105,,8811
6747,COM00990.00,2019,O.bulk,Me.Au,5.759,2.464567,0.216542,8811
6748,COM00991.00,2000,,Oth.cuca,18200,,,
6749,COM00991.00,2001,,Oth.cuca,16400,,,
6750,COM00991.00,2002,,Oth.cuca,12800,,,
6751,COM00991.00,2003,,Oth.cuca,10600,,,
6752,COM00991.00,2004,,Oth.cuca,9500,,,
6753,COM00991.00,2005,,Oth.cuca,9100,,,
6754,COM00991.00,2006,,Oth.cuca,8200,,,
6755,COM00991.00,2007,,Oth.cuca,7600,,,
6756,COM00991.00,2008,O.bulk,Me.Ag,3.203,,,
6757,COM00991.00,2008,O.bulk,Me.Au,0.037,,,
6758,COM00991.00,2008,O.bulk,Oth.cuca,6900,,,
6759,COM00991.00,2009,O.bulk,Me.Ag,5.16,,,
6760,COM00991.00,2009,O.bulk,Me.Au,0.026,,,
6761,COM00991.00,2009,O.bulk,Me.Mo,159,,,
6762,COM00991.00,2009,O.bulk,Oth.cuca,6200,,,
6763,COM00991.00,2010,,Oth.cuca,6200,,,
6764,COM00991.00,2011,,Oth.cuca,5700,,,
6765,COM00991.00,2012,,Oth.cuca,5400,,,
6766,COM00991.00,2013,O.bulk,Me.Ag,1.673,,,
6767,COM00991.00,2013,O.bulk,Me.Cu,12500,,,
6768,COM00991.00,2013,O.bulk,Oth.cuca,4900,,,
6769,COM00991.00,2014,O.Cu,Me.Ag,8.896,0.516255,,8817
6770,COM00991.00,2014,O.Cu,Me.Au,0.029,0.001666,,8817
6771,COM00991.00,2014,O.Cu,Me.Cu,65129,4100,0.889,8817
6772,COM00991.00,2014,O.Cu,Me.Mo,113,100,0.001525,8817
6773,COM00991.00,2015,O.Cu,Me.Ag,9.02,0.508743,,8821
6774,COM00991.00,2015,O.Cu,Me.Au,0.031,0.001758,,8821
6775,COM00991.00,2015,O.Cu,Me.Cu,60412,3800,0.874,8821
6776,COM00991.00,2015,O.Cu,Me.Mo,89,100,0.001992,8821
6777,COM00991.00,2016,O.Cu,Me.Ag,11.726,0.570193,,8825
6778,COM00991.00,2016,O.Cu,Me.Au,0.06,0.00294,,8825
6779,COM00991.00,2016,O.Cu,Me.Cu,68850,3700,0.876,8825
6780,COM00991.00,2016,O.Cu,Me.Mo,83,100,0.002478,8825
6781,COM00991.00,2017,O.Cu,Me.Ag,9.829,0.500061,,8829
6782,COM00991.00,2017,O.Cu,Me.Au,0.115,0.005834,,8829
6783,COM00991.00,2017,O.Cu,Me.Cu,57331,3200,0.892,8829
6784,COM00991.00,2017,O.Cu,Me.Mo,32,100,0.006142,8829
6785,COM00991.00,2018,O.Cu,Me.Cu,54007.883,3200,0.846,8832
6786,COM00991.00,2019,O.Cu,Me.Cu,53355.617,3300,0.851,8835
6787,COM00994.00,2016,O.pgm,Me.pgm,0.425,0.65,20.521267,8837
6788,COM00994.00,2017,O.pgm,Me.pgm,0.591,0.65,0.1162,8839
6789,COM00994.00,2018,O.pgm,Me.pgm,0.56,0.65,0.1119,8841
6790,COM00995.00,2000,O.Au,Me.Au,7.9,,,
6791,COM00995.00,2001,O.Au,Me.Au,8.958,,,
6792,COM00995.00,2002,O.Au,Me.Au,9.549,3.110348,0.895,8843
6793,COM00995.00,2003,O.Au,Me.Au,10.389,3.732417,0.899,8845
6794,COM00995.00,2004,O.Au,Me.Au,9.487,4.043452,0.9,8847
6795,COM00995.00,2005,O.Au,Me.Au,7.807,4.354487,0.902,8849
6796,COM00995.00,2015,O.Au,Me.Au,2.448,3.6,0.81,8851
6797,COM00995.00,2016,O.Au,Me.Au,2.017,2.8,0.78,8853
6798,COM00997.00,2019,O.Au,Me.Au,5.709,8.1,0.89,8871
6799,COM00997.00,2020,O.Au,Me.Au,5.421,7.5,0.87,8873
6800,COM01000.00,2016,,Me.Cu,207500,,,
6801,COM01000.00,2017,,Me.Cu,204600,,,
6802,COM01000.00,2018,,Me.Cu,195700,,,
6803,COM01002.00,2005,O.Ni,Me.Ni,8510,23000,0,8875
6804,COM01002.00,2006,O.Ni,Me.Ni,15755,23000,0,8877
6805,COM01002.00,2007,O.Ni,Me.Ni,14835,23000,0,8879
6806,COM01002.00,2008,O.Ni,Me.Ni,9549.3,22900,0,8881
6807,COM01003.00,2000,O.Au,Me.Au,4.021,,,
6808,COM01003.00,2001,O.Au,Me.Au,3.979,,,
6809,COM01003.00,2002,O.Au,Me.Au,3.813,,,
6810,COM01003.00,2003,O.Au,Me.Au,4.176,,,
6811,COM01003.00,2004,O.Au,Me.Au,3.715,,,
6812,COM01003.00,2005,O.Au,Me.Au,2.911,,,
6813,COM01003.00,2006,O.Au,Me.Au,2.873,,,
6814,COM01003.00,2007,O.Au,Me.Au,2.791,,,
6815,COM01003.00,2008,O.Au,Me.Au,2.832,,,
6816,COM01003.00,2009,O.Au,Me.Au,2.626,,,
6817,COM01003.00,2010,O.Au,Me.Au,2.776,,,
6818,COM01003.00,2011,O.Au,Me.Au,2.667,,,
6819,COM01003.00,2012,O.Au,Me.Au,2.874,,,
6820,COM01003.00,2013,O.Au,Me.Au,2.562,,,
6821,COM01003.00,2014,O.Au,Me.Au,2.342,,,
6822,COM01003.00,2015,O.Au,Me.Au,2.21,,,
6823,COM01003.00,2016,O.Au,Me.Au,2.207,,,
6824,COM01003.00,2017,O.Au,Me.Au,1.967,,,
6825,COM01003.00,2018,O.Au,Me.Au,1.957,,,
6826,COM01003.00,2019,O.Au,Me.Au,1.963,,,
6827,COM01006.00,2007,O.bulk,Me.Ag,0.171,3.421382,0.801,8891
6828,COM01006.00,2007,O.bulk,Me.Au,0.519,9.890906,0.848,8891
6829,COM01006.00,2008,O.bulk,Me.Ag,0.762,4.976556,0.815,8893
6830,COM01006.00,2008,O.bulk,Me.Au,1.435,9.331043,0.835,8893
6831,COM01006.00,2009,O.bulk,Me.Ag,0.945,4.976556,0.791,8895
6832,COM01006.00,2009,O.bulk,Me.Au,1.602,8.118007,0.808,8895
6833,COM01006.00,2010,O.bulk,Me.Ag,0.845,4.665522,0.738,8897
6834,COM01006.00,2010,O.bulk,Me.Au,1.86,9.020008,0.842,8897
6835,COM01006.00,2011,O.bulk,Me.Ag,1.34,7.1538,0.746,8899
6836,COM01006.00,2011,O.bulk,Me.Au,1.53,7.340421,0.818,8899
6837,COM01006.00,2012,O.bulk,Me.Ag,0.503,6.16,0.668,8901
6838,COM01006.00,2012,O.bulk,Me.Au,0.598,6.28,0.778,8901
6839,COM01006.00,2013,O.bulk,Me.Ag,0.017,9.1,0.749,8903
6840,COM01006.00,2013,O.bulk,Me.Au,0.015,8.05,0.706,8903
6841,COM01007.00,2003,O.Au,Me.Au,14.215,3.73,0.924,8905
6842,COM01007.00,2004,O.Au,Me.Au,12.3,3.35,0.918,8907
6843,COM01007.00,2005,O.Au,Me.Au,11.677,2.95,0.926,8909
6844,COM01007.00,2006,O.Au,Me.Au,9.948,2.55,0.925,8911
6845,COM01007.00,2007,O.Au,Me.Au,9.407,2.47,0.942,8913
6846,COM01007.00,2008,O.Au,Me.Au,9.05,2.61,0.92,8915
6847,COM01007.00,2009,O.Au,Me.Au,9.899,2.7,0.92,8917
6848,COM01007.00,2010,O.Au,Me.Au,8.269,2.14,0.92,8919
6849,COM01007.00,2011,O.Au,Me.Au,8.493,2.26,0.91,8921
6850,COM01007.00,2012,O.Au,Me.Au,8.173,2.12,0.93,8923
6851,COM01007.00,2013,O.Au,Me.Au,9.078,2.28,0.94,8925
6852,COM01007.00,2014,O.Au,Me.Au,9.33,2.45,0.92,8927
6853,COM01007.00,2015,O.Au,Me.Au,8.522,2.37,0.9,8929
6854,COM01007.00,2016,O.Au,Me.Au,8.616,2.64,0.92,8931
6855,COM01007.00,2017,O.Au,Me.Au,8.46,2.81,0.92,8933
6856,COM01007.00,2018,O.Au,Me.Au,8.056,2.36,0.92,8935
6857,COM01008.00,2009,O.Au,Me.Au,17.136,,,
6858,COM01008.00,2011,O.Au,Me.Au,15.55,,,
6859,COM01008.00,2012,O.Au,Me.Au,13.56,,,
6860,COM01008.00,2013,O.Au,Me.Au,15.781,3.22,0.110909,8937
6861,COM01008.00,2014,O.Au,Me.Au,16.141,3.1,0.11747,8939
6862,COM01008.00,2015,O.Au,Me.Au,17.128,3.59,0.102826,8941
6863,COM01008.00,2016,O.Au,Me.Au,14.94,,,
6864,COM01008.00,2017,O.Au,Me.Au,15.648,4.53,,
6865,COM01008.00,2018,O.Au,Me.Au,13.358,,,
6866,COM01012.00,2011,Con.Fe,Me.Fe,1092500,575000,0,8945
6867,COM01012.00,2012,Con.Fe,Me.Fe,1196000,575000,0,8948
6868,COM01012.00,2013,Con.Fe,Me.Fe,1207500,575000,0,8951
6869,COM01012.00,2014,Con.Fe,Me.Fe,1207500,575000,0,8954
6870,COM01012.00,2015,Con.Fe,Me.Fe,1207500,575000,0,8957
6871,COM01012.00,2016,Con.Fe,Me.Fe,1035000,575000,0,8960
6872,COM01012.00,2017,Con.Fe,Me.Fe,880000,550000,0,8963
6873,COM01012.00,2018,Con.Fe,Me.Fe,770000,550000,0,8966
6874,COM01012.00,2019,Con.Fe,Me.Fe,770000,550000,0,8969
6875,COM01015.00,2009,Con.Cu,Me.Ag,19.815,122.3,7.3e-5,8972
6876,COM01015.00,2009,Con.Cu,Me.Au,2.138,13.2,0.006311,8972
6877,COM01015.00,2009,Con.Cu,Me.Cu,96310,540000,0,8972
6878,COM01015.00,2010,Con.Cu,Me.Ag,17.428,86.8,1.46e-4,8975
6879,COM01015.00,2010,Con.Cu,Me.Au,5.558,27.7,0.001433,8975
6880,COM01015.00,2010,Con.Cu,Me.Cu,112171,509000,0,8975
6881,COM01015.00,2011,Con.Cu,Me.Ag,17.345,93.3,1.26e-4,8978
6882,COM01015.00,2011,Con.Cu,Me.Au,4.528,24.4,0.001848,8978
6883,COM01015.00,2011,Con.Cu,Me.Cu,107744,528000,0,8978
6884,COM01015.00,2012,Con.Cu,Me.Ag,20.433,111,8.9e-5,8981
6885,COM01015.00,2012,Con.Cu,Me.Au,3.983,21.6,0.002352,8981
6886,COM01015.00,2012,Con.Cu,Me.Cu,101737,503000,0,8981
6887,COM01015.00,2013,Con.Cu,Me.Ag,17.362,123.6,7.2e-5,8984
6888,COM01015.00,2013,Con.Cu,Me.Au,3.624,25.8,0.001651,8984
6889,COM01015.00,2013,Con.Cu,Me.Cu,73362,475000,0,8984
6890,COM01015.00,2014,Con.Cu,Me.Ag,18.48,115.1,8.3e-5,8987
6891,COM01015.00,2014,Con.Cu,Me.Au,4.194,26.1,0.001613,8987
6892,COM01015.00,2014,Con.Cu,Me.Cu,92615,525000,0,8987
6893,COM01015.00,2015,Con.Cu,Me.Ag,21.207,91.1,1.32e-4,8991
6894,COM01015.00,2015,Con.Cu,Me.Au,3.199,13.7,0.005835,8991
6895,COM01015.00,2015,Con.Cu,Me.Cu,130305,510000,0,8991
6896,COM01015.00,2016,Con.Cu,Me.Ag,23.848,109.2,9.2e-5,8995
6897,COM01015.00,2016,Con.Cu,Me.Au,3.349,15.3,0.004686,8995
6898,COM01015.00,2016,Con.Cu,Me.Cu,116882,487000,0,8995
6899,COM01015.00,2017,Con.Cu,Me.Ag,22.397,102,1.06e-4,8999
6900,COM01015.00,2017,Con.Cu,Me.Au,3.586,16.3,0.004127,8999
6901,COM01015.00,2017,Con.Cu,Me.Cu,112008,464000,0,8999
6902,COM01015.00,2018,Con.Cu,Me.Ag,19.886,84.1,1.55e-4,9003
6903,COM01015.00,2018,Con.Cu,Me.Au,3.703,15.7,0.004468,9003
6904,COM01015.00,2018,Con.Cu,Me.Cu,110111,424000,0,9003
6905,COM01015.00,2019,Con.Cu,Me.Ag,17.841,83.6,1.57e-4,9007
6906,COM01015.00,2019,Con.Cu,Me.Au,3.472,16,0.00422,9007
6907,COM01015.00,2019,Con.Cu,Me.Cu,102479,437000,0,9007
6908,COM01051.00,2000,O.bulk,Me.Ag,9.711,134.678055,0.6758,9031
6909,COM01051.00,2000,O.bulk,Me.Pb,1536,20300,0.8711,9031
6910,COM01051.00,2000,O.bulk,Me.Zn,7027,89500,0.9044,9031
6911,COM01051.00,2001,O.bulk,Me.Ag,6.702,79.002831,0.581,9033
6912,COM01051.00,2001,O.bulk,Me.Pb,1083,9400,0.7887,9033
6913,COM01051.00,2001,O.bulk,Me.Zn,11590,86000,0.9225,9033
6914,COM01052.00,2013,O.Au,Me.Au,25.284,5.708483,,9035
6915,COM01052.00,2014,O.Au,Me.Au,34.473,5.53,0.035207,9037
6916,COM01052.00,2015,O.Au,Me.Au,29.652,4.94,0.047219,9039
6917,COM01052.00,2016,O.Au,Me.Au,36.287,5.29,0.039305,9041
6918,COM01052.00,2017,O.Au,Me.Au,33.695,4.57,0.051855,9043
6919,COM01052.00,2018,O.Au,Me.Au,30.119,4.04,0.068596,9045
6920,COM01053.00,2011,O.bulk,Me.Ag,219.466,253,0.795,9047
6921,COM01053.00,2011,O.bulk,Me.Zn,4591.262,10200,0.41,9047
6922,COM01053.00,2012,O.bulk,Me.Ag,268.236,217,0.763,9049
6923,COM01053.00,2012,O.bulk,Me.Zn,5067.08,7400,0.38,9049
6924,COM01053.00,2013,O.bulk,Me.Ag,255.546,217,0.749,9051
6925,COM01053.00,2013,O.bulk,Me.Zn,12263.777,16300,0.48,9051
6926,COM01053.00,2014,O.bulk,Me.Ag,271.627,221,0.773,9053
6927,COM01053.00,2014,O.bulk,Me.Zn,13612.307,17900,0.479,9053
6928,COM01053.00,2015,O.bulk,Me.Ag,321.579,250,0.826,9055
6929,COM01053.00,2015,O.bulk,Me.Zn,4287.355,6200,0.45,9055
6930,COM01053.00,2016,O.bulk,Me.Ag,324.16,235,0.778,9057
6931,COM01053.00,2017,O.bulk,Me.Ag,192.126,152,0.703,9059
6932,COM01053.00,2018,O.bulk,Me.Ag,116.545,114,0.721,9061
6933,COM01053.00,2018,O.bulk,Me.Pb,1409.311,9200,0.831,9061
6934,COM01053.00,2018,O.bulk,Me.Zn,3980.273,8400,0.393,9061
6935,COM01053.00,2019,O.bulk,Me.Ag,238.688,184,0.932,9063
6936,COM01053.00,2019,O.bulk,Me.Pb,10866.712,8900,0.858,9063
6937,COM01053.00,2019,O.bulk,Me.Zn,3806.547,5400,0.492,9063
6938,COM01054.00,2012,O.bulk,Me.Ag,5.075,,,
6939,COM01054.00,2012,O.bulk,Me.Cu,11900,,,
6940,COM01054.00,2013,O.bulk,Me.Ag,2.863,,,
6941,COM01054.00,2013,O.bulk,Me.Cu,11800,,,
6942,COM01054.00,2014,O.bulk,Me.Ag,2.466,,,
6943,COM01054.00,2014,O.bulk,Me.Cu,11400,,,
6944,COM01054.00,2015,O.bulk,Me.Ag,2.977,,,
6945,COM01054.00,2015,O.bulk,Me.Cu,8100,,,
6946,COM01054.00,2016,O.bulk,Me.Ag,2.325,,,
6947,COM01054.00,2016,O.bulk,Me.Au,0.312,,,
6948,COM01054.00,2016,O.bulk,Me.Cu,7000,,,
6949,COM01054.00,2017,O.bulk,Me.Ag,1.701,,,
6950,COM01054.00,2017,O.bulk,Me.Au,0.595,,,
6951,COM01054.00,2017,O.bulk,Me.Cu,5500,,,
6952,COM01055.00,2013,O.bulk,Me.Cu,14854,11000,0.97,9066
6953,COM01055.00,2013,O.bulk,Me.Zn,21679,17000,0.92,9066
6954,COM01055.00,2014,O.bulk,Me.Cu,14304,11000,0.96,9069
6955,COM01055.00,2014,O.bulk,Me.Zn,19762,16000,0.9,9069
6956,COM01055.00,2015,O.bulk,Me.Cu,12046,9000,0.97,9072
6957,COM01055.00,2015,O.bulk,Me.Zn,21331,17000,0.91,9072
6958,COM01055.00,2016,O.bulk,Me.Cu,14795,11000,0.97,9075
6959,COM01055.00,2016,O.bulk,Me.Zn,20800,17000,0.9,9075
6960,COM01055.00,2017,O.bulk,Me.Cu,13501,11100,0.97,9078
6961,COM01055.00,2017,O.bulk,Me.Zn,17397,15500,0.89,9078
6962,COM01055.00,2018,O.bulk,Me.Cu,11904,9900,0.96,9081
6963,COM01055.00,2018,O.bulk,Me.Zn,22716,20100,0.91,9081
6964,COM01056.00,2000,O.Cu,Me.Cu,68492.448,,,
6965,COM01056.00,2001,O.Cu,Me.Cu,74570.586,,,
6966,COM01056.00,2002,O.Cu,Me.Cu,73844.838,,,
6967,COM01056.00,2003,O.Cu,Me.Cu,80104.413,,,
6968,COM01056.00,2004,O.Cu,Me.Cu,76203.518,,,
6969,COM01056.00,2005,O.Cu,Me.Cu,80285.849,,,
6970,COM01056.00,2006,O.Cu,Me.Cu,82372.374,,,
6971,COM01056.00,2008,O.Cu,Me.Cu,85400,,,
6972,COM01056.00,2009,O.Cu,Me.Cu,87400,,,
6973,COM01056.00,2010,O.Cu,Me.Cu,86200,3142.773808,,9083
6974,COM01056.00,2011,O.Cu,Me.Cu,63400,2119.763282,,9085
6975,COM01056.00,2012,O.Cu,Me.Cu,62400,1950.853498,,9087
6976,COM01056.00,2013,O.Cu,Me.Cu,56200,3465.285485,,9089
6977,COM01056.00,2014,O.Cu,Me.Cu,48000,3806.502776,,9091
6978,COM01056.00,2015,O.Cu,Me.Cu,39100,4238.941891,,9093
6979,COM01056.00,2016,O.Cu,Me.Cu,34700,5706.298306,,9095
6980,COM01056.00,2017,O.Cu,Me.Cu,23400,2512.886598,,9097
6981,COM01056.00,2018,O.Cu,Me.Cu,25500,3720.455209,,9099
6982,COM01056.00,2019,O.Cu,Me.Cu,21100,,,
6983,COM01060.00,2002,O.bulk,Me.Ag,71.024,176,4.1e-5,9101
6984,COM01060.00,2002,O.bulk,Me.Cu,1107,3700,0,9101
6985,COM01060.00,2002,O.bulk,Me.Pb,6468,14400,0,9101
6986,COM01060.00,2002,O.bulk,Me.Zn,17852,39500,0,9101
6987,COM01060.00,2003,O.bulk,Me.Ag,70.578,201,3.1e-5,9103
6988,COM01060.00,2003,O.bulk,Me.Cu,1811,6000,0,9103
6989,COM01060.00,2003,O.bulk,Me.Pb,4361,11800,0,9103
6990,COM01060.00,2003,O.bulk,Me.Zn,12509,33000,0,9103
6991,COM01060.00,2004,O.bulk,Me.Ag,71.624,235,2.3e-5,9105
6992,COM01060.00,2004,O.bulk,Me.Cu,1081,4300,0,9105
6993,COM01060.00,2004,O.bulk,Me.Pb,3803,11900,0,9105
6994,COM01060.00,2004,O.bulk,Me.Zn,11709,35700,0,9105
6995,COM01060.00,2005,O.bulk,Me.Ag,63.238,221,2.6e-5,9107
6996,COM01060.00,2005,O.bulk,Me.Au,0.036,0.100716,,9107
6997,COM01060.00,2005,O.bulk,Me.Cu,1307,5100,0,9107
6998,COM01060.00,2005,O.bulk,Me.Pb,2761,9500,0,9107
6999,COM01060.00,2005,O.bulk,Me.Zn,9697,31800,0,9107
7000,COM01060.00,2006,O.bulk,Me.Ag,59.585,209,3e-5,9109
7001,COM01060.00,2006,O.bulk,Me.Au,0.031,0.91,12.994325,9109
7002,COM01060.00,2006,O.bulk,Me.Cu,1345,5100,0,9109
7003,COM01060.00,2006,O.bulk,Me.Pb,2574,8600,0,9109
7004,COM01060.00,2006,O.bulk,Me.Zn,8712,27900,0,9109
7005,COM01060.00,2007,O.bulk,Me.Ag,44.413,162,5e-5,9111
7006,COM01060.00,2007,O.bulk,Me.Au,0.044,0.93,8.786513,9111
7007,COM01060.00,2007,O.bulk,Me.Cu,1805,6700,0,9111
7008,COM01060.00,2007,O.bulk,Me.Pb,2528,24600,0,9111
7009,COM01060.00,2007,O.bulk,Me.Zn,7234,24600,0,9111
7010,COM01060.00,2008,O.bulk,Me.Ag,39.139,145,6.2e-5,9113
7011,COM01060.00,2008,O.bulk,Me.Au,0.051,1.06,6.438762,9113
7012,COM01060.00,2008,O.bulk,Me.Cu,2185,8300,0,9113
7013,COM01060.00,2008,O.bulk,Me.Pb,2793,10100,0,9113
7014,COM01060.00,2008,O.bulk,Me.Zn,8263,28400,0,9113
7015,COM01060.00,2009,O.bulk,Me.Ag,40.24,155,5.3e-5,9115
7016,COM01060.00,2009,O.bulk,Me.Au,0.043,1.29,5.939674,9115
7017,COM01060.00,2009,O.bulk,Me.Cu,1643,7000,0,9115
7018,COM01060.00,2009,O.bulk,Me.Pb,3230,12100,0,9115
7019,COM01060.00,2009,O.bulk,Me.Zn,10993,38000,0,9115
7020,COM01060.00,2010,O.bulk,Me.Ag,35.234,141.35,6.5e-5,9117
7021,COM01060.00,2010,O.bulk,Me.Au,0.051,1.29,4.919109,9117
7022,COM01060.00,2010,O.bulk,Me.Cu,1434,3800,0,9117
7023,COM01060.00,2010,O.bulk,Me.Pb,2989,10500,0,9117
7024,COM01060.00,2010,O.bulk,Me.Zn,10058,28800,0,9117
7025,COM01060.00,2011,O.bulk,Me.Ag,8.348,114,3.1e-4,9119
7026,COM01060.00,2011,O.bulk,Me.Au,0.048,1.47,4.17128,9119
7027,COM01060.00,2011,O.bulk,Me.Cu,1000,5300,0,9119
7028,COM01060.00,2011,O.bulk,Me.Pb,2400,10000,0,9119
7029,COM01060.00,2011,O.bulk,Me.Zn,7700,30600,0,9119
7030,COM01061.00,2006,O.bulk,Me.Pb,4432.482,14000,0.644,9123
7031,COM01061.00,2006,O.bulk,Me.Zn,22586.19,57000,0.806,9123
7032,COM01061.00,2007,O.bulk,Me.Pb,5871.821,15000,0.676,9127
7033,COM01061.00,2007,O.bulk,Me.Zn,23803.457,51000,0.806,9127
7034,COM01061.00,2008,O.bulk,Me.Pb,12228.012,21000,0.716,9131
7035,COM01061.00,2008,O.bulk,Me.Zn,32437.25,49000,0.814,9131
7036,COM01061.00,2009,O.bulk,Me.Pb,12221.643,21000,0.743,9136
7037,COM01061.00,2009,O.bulk,Me.Zn,37162.316,58000,0.818,9136
7038,COM01061.00,2010,O.bulk,Me.Pb,13696.145,19000,0.762,9141
7039,COM01061.00,2010,O.bulk,Me.Zn,41990.915,54000,0.822,9141
7040,COM01061.00,2011,O.bulk,Me.Pb,16077.232,18500,0.7555,9146
7041,COM01061.00,2011,O.bulk,Me.Zn,52509.027,55500,0.8225,9146
7042,COM01061.00,2012,O.bulk,Me.Pb,25443.422,17500,0.769,9151
7043,COM01061.00,2012,O.bulk,Me.Zn,77494.908,49000,0.8365,9151
7044,COM01061.00,2013,O.bulk,Me.Pb,30774.091,18500,0.7775,9156
7045,COM01061.00,2013,O.bulk,Me.Zn,83556.189,46000,0.849,9156
7046,COM01061.00,2014,O.bulk,Me.Pb,30386.772,17000,0.766,9160
7047,COM01061.00,2014,O.bulk,Me.Zn,87580.734,44000,0.853,9160
7048,COM01061.00,2015,O.bulk,Me.Pb,31170.871,16000,0.7845,9165
7049,COM01061.00,2015,O.bulk,Me.Zn,95700.435,44500,0.866,9165
7050,COM01061.00,2016,O.bulk,Me.Pb,49265.268,17000,0.7965,9170
7051,COM01061.00,2016,O.bulk,Me.Zn,142769.403,45000,0.872,9170
7052,COM01061.00,2017,O.bulk,Me.Pb,56869.742,16500,0.7815,9174
7053,COM01061.00,2017,O.bulk,Me.Zn,174882.808,45500,0.8715,9174
7054,COM01061.00,2018,O.bulk,Me.Pb,91578,20266.090109,0.865716,9178
7055,COM01061.00,2018,O.bulk,Me.Zn,200936,41421.507346,0.896562,9178
7056,COM01061.00,2019,O.bulk,Me.Pb,117529,23110.585473,0.869102,9182
7057,COM01061.00,2019,O.bulk,Me.Zn,218321,39638.156659,0.890606,9182
7058,COM01062.00,2006,O.bulk,Me.Pb,41672.32,20000,0.596,9186
7059,COM01062.00,2006,O.bulk,Me.Zn,417674.112,131000,0.912,9186
7060,COM01062.00,2007,O.bulk,Me.Pb,45285.987,20000,0.604,9190
7061,COM01062.00,2007,O.bulk,Me.Zn,457212.275,133000,0.917,9190
7062,COM01062.00,2008,O.bulk,Me.Pb,47305.204,19000,0.612,9194
7063,COM01062.00,2008,O.bulk,Me.Zn,487616.25,130000,0.922,9194
7064,COM01062.00,2009,O.bulk,Me.Pb,57030.109,19000,0.606,9198
7065,COM01062.00,2009,O.bulk,Me.Zn,610619.401,134000,0.92,9198
7066,COM01062.00,2010,O.bulk,Me.Pb,54817.661,18000,0.593,9202
7067,COM01062.00,2010,O.bulk,Me.Zn,610158.471,129000,0.921,9202
7068,COM01062.00,2011,O.bulk,Me.Pb,73863.77,22000,0.546,9206
7069,COM01062.00,2011,O.bulk,Me.Zn,712097.904,131000,0.884,9206
7070,COM01062.00,2012,O.bulk,Me.Pb,60588.861,18000,0.566,9210
7071,COM01062.00,2012,O.bulk,Me.Zn,646566.646,120000,0.906,9210
7072,COM01062.00,2013,O.bulk,Me.Pb,64050.176,18000,0.576,9214
7073,COM01062.00,2013,O.bulk,Me.Zn,679309.938,123000,0.894,9214
7074,COM01062.00,2014,O.bulk,Me.Pb,58212.636,17000,0.59,9218
7075,COM01062.00,2014,O.bulk,Me.Zn,658011.721,125000,0.907,9218
7076,COM01062.00,2015,O.bulk,Me.Pb,58574.433,17500,0.614,9222
7077,COM01062.00,2015,O.bulk,Me.Zn,649851.857,130000,0.917,9222
7078,COM01062.00,2016,O.bulk,Me.Pb,44790.478,16500,0.577,9226
7079,COM01062.00,2016,O.bulk,Me.Zn,466288.136,112500,0.881,9226
7080,COM01062.00,2017,O.bulk,Me.Pb,44541,18063.110393,0.622226,9230
7081,COM01062.00,2017,O.bulk,Me.Zn,474349,127354.635511,0.915358,9230
7082,COM01062.00,2018,O.bulk,Me.Pb,37681,16001.30039,0.556529,9234
7083,COM01062.00,2018,O.bulk,Me.Zn,429557,114329.227553,0.890512,9234
7084,COM01062.00,2019,O.bulk,Me.Pb,34622,17000,0.535,9238
7085,COM01062.00,2019,O.bulk,Me.Zn,357571,118000,0.868,9238
7086,COM01066.00,2011,O.Ni,Me.Ni,5666,13000,0.68,9240
7087,COM01066.00,2012,O.Ni,Me.Ni,32884,15000,0.77,9242
7088,COM01066.00,2013,O.Ni,Me.Ni,38103,16000,0.76,9244
7089,COM01066.00,2014,O.Ni,Me.Ni,36445,15000,0.84,9246
7090,COM01066.00,2015,O.Ni,Me.Ni,26667,14000,0.88,9248
7091,COM01066.00,2016,O.Ni,Me.Ni,23624,13000,0.81,9250
7092,COM01066.00,2017,O.Ni,Me.Ni,17837,11000,0.79,9252
7093,COM01067.00,2020,O.Au,Me.Au,1.528,,,
7094,COM01069.00,2001,,Me.Au,2.863,,,
7095,COM01069.00,2002,,Me.Au,2.325,,,
7096,COM01069.00,2003,,Me.Au,1.814,,,
7097,COM01069.00,2004,,Me.Au,1.417,,,
7098,COM01069.00,2005,,Me.Au,0.992,,,
7099,COM01069.00,2006,,Me.Au,0.737,,,
7100,COM01069.00,2007,,Me.Au,0.539,,,
7101,COM01069.00,2008,,Me.Au,0.51,,,
7102,COM01069.00,2009,,Me.Au,0.539,,,
7103,COM01071.00,2006,O.bulk,Me.Ag,14.87,227.67745,2.1e-5,9254
7104,COM01071.00,2006,O.bulk,Me.Pb,1781,27200,0,9254
7105,COM01071.00,2006,O.bulk,Me.Zn,3039,47500,0,9254
7106,COM01071.00,2007,O.bulk,Me.Ag,21.645,231.720902,2e-5,9256
7107,COM01071.00,2007,O.bulk,Me.Pb,2164,23800,0,9256
7108,COM01071.00,2007,O.bulk,Me.Zn,3313,37800,0,9256
7109,COM01071.00,2008,O.bulk,Me.Ag,19.796,202.794669,2.6e-5,9258
7110,COM01071.00,2008,O.bulk,Me.Pb,2383,24900,0,9258
7111,COM01071.00,2008,O.bulk,Me.Zn,3317,37200,0,9258
7112,COM01071.00,2009,O.bulk,Me.Ag,11.523,211.192607,0.947,9260
7113,COM01071.00,2009,O.bulk,Me.Pb,1504,28700,0,9260
7114,COM01071.00,2009,O.bulk,Me.Zn,1801,36900,0,9260
7115,COM01071.00,2010,O.bulk,Me.Ag,17.764,156.450488,0.941,9262
7116,COM01071.00,2010,O.bulk,Me.Pb,3488,31000,0,9262
7117,COM01071.00,2010,O.bulk,Me.Zn,2494,25400,0,9262
7118,COM01071.00,2011,O.bulk,Me.Ag,15.501,145.253237,0.949,9264
7119,COM01071.00,2011,O.bulk,Me.Pb,3213,30700,0,9264
7120,COM01071.00,2011,O.bulk,Me.Zn,3581,37700,0,9264
7121,COM01071.00,2012,O.bulk,Me.Ag,14.538,143.78,0.9479,9266
7122,COM01071.00,2012,O.bulk,Me.Pb,3189,32000,0,9266
7123,COM01071.00,2012,O.bulk,Me.Zn,4443,48800,0,9266
7124,COM01071.00,2013,O.bulk,Me.Ag,14.379,171.65,0.956,9268
7125,COM01071.00,2013,O.bulk,Me.Pb,3036,37600,0,9268
7126,COM01071.00,2013,O.bulk,Me.Zn,4841,62900,0,9268
7127,COM01072.00,2000,O.bulk,Me.Pb,83007.404,47000,0.579,9270
7128,COM01072.00,2000,O.bulk,Me.Zn,531156.665,210000,0.831,9270
7129,COM01072.00,2001,O.bulk,Me.Pb,95254.398,51000,0.59,9272
7130,COM01072.00,2001,O.bulk,Me.Zn,517548.894,199000,0.809,9272
7131,COM01072.00,2002,O.bulk,Me.Pb,107900,54000,0.602,9274
7132,COM01072.00,2002,O.bulk,Me.Zn,578400,211000,0.851,9274
7133,COM01072.00,2003,O.bulk,Me.Pb,124900,62000,0.638,9276
7134,COM01072.00,2003,O.bulk,Me.Zn,579300,217000,0.846,9276
7135,COM01072.00,2004,O.bulk,Me.Pb,117000,60000,0.659,9278
7136,COM01072.00,2004,O.bulk,Me.Zn,554200,220000,0.856,9278
7137,COM01072.00,2005,O.bulk,Me.Pb,102300,56000,0.59,9280
7138,COM01072.00,2005,O.bulk,Me.Zn,568000,217000,0.849,9280
7139,COM01072.00,2006,O.bulk,Me.Pb,123500,61000,0.628,9282
7140,COM01072.00,2006,O.bulk,Me.Zn,557500,206000,0.835,9282
7141,COM01072.00,2007,O.bulk,Me.Pb,136200,61000,0.659,9284
7142,COM01072.00,2007,O.bulk,Me.Zn,575400,202000,0.842,9284
7143,COM01072.00,2010,O.bulk,Me.Pb,109900,54000,0.57,9290
7144,COM01072.00,2010,O.bulk,Me.Zn,538000,182000,0.828,9290
7145,COM01072.00,2011,O.bulk,Me.Pb,84000,50000,0.459,9292
7146,COM01072.00,2011,O.bulk,Me.Zn,572200,191000,0.815,9292
7147,COM01072.00,2012,O.bulk,Me.Pb,95400,46000,0.577,9294
7148,COM01072.00,2012,O.bulk,Me.Zn,529100,182000,0.813,9294
7149,COM01072.00,2013,O.bulk,Me.Pb,96700,39000,0.649,9296
7150,COM01072.00,2013,O.bulk,Me.Zn,551300,170000,0.84,9296
7151,COM01072.00,2014,O.bulk,Me.Pb,122500,44000,0.653,9298
7152,COM01072.00,2014,O.bulk,Me.Zn,596000,166000,0.833,9298
7153,COM01072.00,2015,O.bulk,Me.Pb,117600,48000,0.607,9300
7154,COM01072.00,2015,O.bulk,Me.Zn,567000,167000,0.842,9300
7155,COM01072.00,2016,O.bulk,Me.Pb,122300,49000,0.56,9302
7156,COM01072.00,2016,O.bulk,Me.Zn,583000,171000,0.828,9302
7157,COM01072.00,2017,O.bulk,Me.Pb,111300,50000,0.523,9304
7158,COM01072.00,2017,O.bulk,Me.Zn,541900,155000,0.821,9304
7159,COM01072.00,2018,O.bulk,Me.Pb,98400,44000,0.502,9306
7160,COM01072.00,2018,O.bulk,Me.Zn,583200,157000,0.839,9306
7161,COM01074.00,2000,O.Au,Me.Au,2.647,44.508751,0.867,9308
7162,COM01074.00,2001,O.Au,Me.Au,15.655,64.069922,0.885,9310
7163,COM01074.00,2002,O.Au,Me.Au,16.356,64.920408,0.908,9312
7164,COM01074.00,2003,O.Au,Me.Au,16.546,62.368951,0.886,9314
7165,COM01074.00,2004,O.Au,Me.Au,17.164,63.786427,0.903,9316
7166,COM01074.00,2005,O.Au,Me.Au,25.676,38,0.97,9318
7167,COM01074.00,2006,O.Au,Me.Au,20.7,28,0.97,9320
7168,COM01074.00,2007,O.Au,Me.Au,21.789,31,0.97,9322
7169,COM01074.00,2008,O.Au,Me.Au,19.568,26,0.96,9324
7170,COM01074.00,2009,O.Au,Me.Au,19.366,26,0.97,9326
7171,COM01074.00,2010,O.Au,Me.Au,21.873,26,0.97,9328
7172,COM01074.00,2011,O.Au,Me.Au,19.344,23.94,0.97,9330
7173,COM01074.00,2012,O.Au,Me.Au,15.789,19.52,0.96,9332
7174,COM01074.00,2013,O.Au,Me.Au,15.332,20.33,0.95,9334
7175,COM01074.00,2014,O.Au,Me.Au,12.888,19.47,0.96,9336
7176,COM01074.00,2015,O.Au,Me.Au,11.695,18.44,0.96,9338
7177,COM01074.00,2016,O.Au,Me.Au,10.078,16.18,0.96,9340
7178,COM01074.00,2017,O.Au,Me.Au,6.501,11.6,0.94,9342
7179,COM01074.00,2018,O.Au,Me.Au,8.585,11.75,0.95,9344
7180,COM01076.00,2013,O.bulk,Me.Ag,0.433,11.33,0.00779,9346
7181,COM01076.00,2013,O.bulk,Me.Au,0.035,0.92,1.181474,9346
7182,COM01076.00,2013,O.bulk,Me.Cu,726.408,19000,0,9346
7183,COM01076.00,2013,O.bulk,Me.Zn,1043.734,27300,0,9346
7184,COM01076.00,2014,O.bulk,Me.Ag,3.758,9.04,0.012237,9348
7185,COM01076.00,2014,O.bulk,Me.Au,0.308,0.74,1.82615,9348
7186,COM01076.00,2014,O.bulk,Me.Cu,10393.4,25000,0,9348
7187,COM01076.00,2014,O.bulk,Me.Zn,6568.629,15800,0,9348
7188,COM01076.00,2015,O.bulk,Me.Ag,3.132,6.76,0.021883,9350
7189,COM01076.00,2015,O.bulk,Me.Au,0.255,0.55,3.305785,9350
7190,COM01076.00,2015,O.bulk,Me.Cu,14642.65,31600,0,9350
7191,COM01076.00,2015,O.bulk,Me.Zn,4587.412,9900,0,9350
7192,COM01076.00,2016,O.bulk,Me.Ag,3.007,6.78,0.021754,9352
7193,COM01076.00,2016,O.bulk,Me.Au,0.222,0.5,4,9352
7194,COM01076.00,2016,O.bulk,Me.Cu,17565.016,39600,0,9352
7195,COM01076.00,2016,O.bulk,Me.Zn,2750.078,6200,0,9352
7196,COM01076.00,2017,O.bulk,Me.Ag,3.31,7.19,0.019344,9354
7197,COM01076.00,2017,O.bulk,Me.Au,0.216,0.47,4.526935,9354
7198,COM01076.00,2017,O.bulk,Me.Cu,16897.157,36700,0,9354
7199,COM01076.00,2017,O.bulk,Me.Zn,2762.478,6000,0,9354
7200,COM01076.00,2018,O.bulk,Me.Ag,2.963,9.08,0.012129,9356
7201,COM01076.00,2018,O.bulk,Me.Au,0.251,0.77,1.686625,9356
7202,COM01076.00,2018,O.bulk,Me.Cu,10933.16,33500,0,9356
7203,COM01076.00,2018,O.bulk,Me.Zn,2937.267,9000,0,9356
7204,COM01077.00,2007,O.Au,Me.Au,1.179,2.6,0.196326,9358
7205,COM01077.00,2008,O.Au,Me.Au,2.368,2.47,0.203985,9360
7206,COM01077.00,2009,O.Au,Me.Au,2.716,2.6,0.180981,9362
7207,COM01077.00,2010,O.Au,Me.Au,2.67,2.01,0.30243,9364
7208,COM01077.00,2011,O.Au,Me.Au,2.415,1.67,0.439236,9366
7209,COM01077.00,2012,O.Au,Me.Au,1.969,1.48,0.563954,9368
7210,COM01077.00,2013,O.Au,Me.Au,1.886,1.57,0.499337,9370
7211,COM01077.00,2014,O.Au,Me.Au,1.483,1.26,0.765413,9372
7212,COM01077.00,2015,O.Au,Me.Au,2.215,1.51,0.534353,9374
7213,COM01077.00,2016,O.Au,Me.Au,0.015,1.4,9.702734,9376
7214,COM01081.00,2006,O.Sn,Me.Sn,933,13300,0.554,9378
7215,COM01081.00,2009,O.Sn,Me.Sn,3880,13800,0.6,9384
7216,COM01081.00,2010,O.Sn,Me.Sn,6102.857,15600,0.67,9386
7217,COM01081.00,2011,O.Sn,Me.Cu,188,398.240961,,9388
7218,COM01081.00,2011,O.Sn,Me.Sn,5402,15600,0.66,9388
7219,COM01081.00,2012,O.Sn,Me.Cu,484,887.12279,,9390
7220,COM01081.00,2012,O.Sn,Me.Sn,5000,14500,0.63,9390
7221,COM01081.00,2013,O.Sn,Me.Cu,174,288.151985,,9392
7222,COM01081.00,2013,O.Sn,Me.Sn,6318,15500,0.67,9392
7223,COM01081.00,2014,O.Sn,Me.Cu,314,495.005801,,9394
7224,COM01081.00,2014,O.Sn,Me.Sn,6216,14500,0.68,9394
7225,COM01081.00,2015,O.Sn,Me.Sn,7072,15700,0.7,9396
7226,COM01081.00,2016,O.Sn,Me.Sn,6362,12900,0.7122,9398
7227,COM01081.00,2017,O.Sn,Me.Sn,6972,12900,0.7324,9400
7228,COM01081.00,2018,O.Sn,Me.Sn,6740,12500,0.7331,9402
7229,COM01081.00,2019,O.Sn,Me.Sn,7124,13200,0.7236,9404
7230,COM01081.00,2020,O.Sn,Me.Sn,7182,14200,0.7356,9406
7231,COM01091.00,2016,,Me.Cu,53700,,,
7232,COM01091.00,2017,,Me.Cu,48800,,,
7233,COM01091.00,2018,,Me.Cu,48000,,,
7234,COM01093.00,2000,O.bulk,Me.Ag,188.995,31.184475,0.55,
7235,COM01093.00,2000,O.bulk,Me.Au,2.148,0.255146,0.8,
7236,COM01093.00,2001,O.bulk,Me.Ag,179.657,27.782533,0.54,
7237,COM01093.00,2001,O.bulk,Me.Au,2.213,0.226796,0.87,
7238,COM01093.00,2002,O.bulk,Me.Ag,181.624,23.530104,,
7239,COM01093.00,2002,O.bulk,Me.Au,2.035,0.170097,,
7240,COM01093.00,2003,O.bulk,Me.Ag,158.066,26.648552,,
7241,COM01093.00,2003,O.bulk,Me.Au,1.482,0.141748,,
7242,COM01093.00,2004,O.bulk,Me.Ag,160.435,20.978647,,
7243,COM01093.00,2004,O.bulk,Me.Au,1.966,0.255146,,
7244,COM01093.00,2005,O.bulk,Me.Ag,161.89,25.798066,0.675,
7245,COM01093.00,2005,O.bulk,Me.Au,1.989,0.283495,0.762,
7246,COM01093.00,2006,O.bulk,Me.Ag,144.712,20.978647,0.659,
7247,COM01093.00,2006,O.bulk,Me.Au,2.035,0.283495,0.689,
7248,COM01093.00,2007,O.bulk,Me.Ag,130.598,18.42719,1.414,
7249,COM01093.00,2007,O.bulk,Me.Au,1.427,0.283495,1.676,
7250,COM01093.00,2008,O.bulk,Me.Ag,85.854,,,
7251,COM01093.00,2008,O.bulk,Me.Au,0.595,,,
7252,COM01093.00,2009,O.bulk,Me.Ag,61.745,,,
7253,COM01093.00,2009,O.bulk,Me.Au,0.358,,,
7254,COM01093.00,2010,O.bulk,Me.Ag,57.263,,,
7255,COM01093.00,2010,O.bulk,Me.Au,0.273,,,
7256,COM01093.00,2011,O.bulk,Me.Ag,39.406,13.324276,1.651,
7257,COM01093.00,2011,O.bulk,Me.Au,0.178,0.133243,0.756,
7258,COM01093.00,2012,O.bulk,Me.Ag,79.28,15.592238,0.57,
7259,COM01093.00,2012,O.bulk,Me.Au,1.077,0.133243,0.899,
7260,COM01093.00,2013,O.bulk,Me.Ag,79.21,15.592238,0.476,
7261,COM01093.00,2013,O.bulk,Me.Au,0.873,0.076544,1.055,
7262,COM01093.00,2014,O.bulk,Me.Ag,118.551,16.159228,0.5,
7263,COM01093.00,2014,O.bulk,Me.Au,1.27,0.113398,0.857,
7264,COM01093.00,2015,O.bulk,Me.Ag,131.05,17.8602,0.447,
7265,COM01093.00,2015,O.bulk,Me.Au,1.436,0.085049,1.002,
7266,COM01093.00,2016,O.bulk,Me.Ag,129.165,16.159228,0.41,
7267,COM01093.00,2016,O.bulk,Me.Au,1.436,0.085049,0.859,
7268,COM01093.00,2017,O.bulk,Me.Ag,133.394,15.025247,,
7269,COM01093.00,2017,O.bulk,Me.Au,1.445,0.085049,,
7270,COM01093.00,2018,O.bulk,Me.Ag,142.575,14.741752,,
7271,COM01093.00,2018,O.bulk,Me.Au,1.539,0.113398,,
7272,COM01093.00,2019,O.bulk,Me.Ag,106.438,13.040781,,
7273,COM01093.00,2019,O.bulk,Me.Au,1.002,0.085049,,
7274,COM01097.00,2012,O.bulk,Me.Ag,66.694,,,9506
7275,COM01097.00,2012,O.bulk,Me.Au,0.881,,,9506
7276,COM01097.00,2012,O.bulk,Me.Cu,1587,1953.002418,,9506
7277,COM01097.00,2012,O.bulk,Me.Pb,20146,24792.178145,,9506
7278,COM01097.00,2012,O.bulk,Me.Zn,70410,86648.330349,,9506
7279,COM01097.00,2013,O.bulk,Me.Ag,67.695,,,9508
7280,COM01097.00,2013,O.bulk,Me.Au,0.825,,,9508
7281,COM01097.00,2013,O.bulk,Me.Cu,1852,2064.022593,,9508
7282,COM01097.00,2013,O.bulk,Me.Pb,24865,27711.620826,,9508
7283,COM01097.00,2013,O.bulk,Me.Zn,88369,98485.751892,,9508
7284,COM01097.00,2014,O.bulk,Me.Ag,69.227,,,9510
7285,COM01097.00,2014,O.bulk,Me.Au,1.007,,,9510
7286,COM01097.00,2014,O.bulk,Me.Cu,2305,3912.595768,0.67,9510
7287,COM01097.00,2014,O.bulk,Me.Pb,23409,34574.904583,0.77,9510
7288,COM01097.00,2014,O.bulk,Me.Zn,83507,105523.509425,0.9,9510
7289,COM01097.00,2015,O.bulk,Me.Ag,52.857,,,9512
7290,COM01097.00,2015,O.bulk,Me.Au,0.971,,,9512
7291,COM01097.00,2015,O.bulk,Me.Cu,2937,5107.055854,0.64,9512
7292,COM01097.00,2015,O.bulk,Me.Pb,21312,31207.375765,0.76,9512
7293,COM01097.00,2015,O.bulk,Me.Zn,92104,117816.434131,0.87,9512
7294,COM01097.00,2017,O.bulk,Me.Ag,66.633,,,9514
7295,COM01097.00,2017,O.bulk,Me.Au,0.786,,,9514
7296,COM01097.00,2017,O.bulk,Me.Cu,1321,1363.862094,,9514
7297,COM01097.00,2017,O.bulk,Me.Pb,26611,27474.439201,,9514
7298,COM01097.00,2017,O.bulk,Me.Zn,74803,77230.110689,,9514
7299,COM01097.00,2018,O.bulk,Me.Ag,82.602,,,9516
7300,COM01097.00,2018,O.bulk,Me.Au,0.961,,,9516
7301,COM01097.00,2018,O.bulk,Me.Cu,1465,2499.601685,0.57,9516
7302,COM01097.00,2018,O.bulk,Me.Pb,28744,34512.007727,0.81,9516
7303,COM01097.00,2018,O.bulk,Me.Zn,75721,87668.806535,0.84,9516
7304,COM01100.00,2001,,Me.U3O8,2640,,,
7305,COM01100.00,2002,,Me.U3O8,2751,,,
7306,COM01100.00,2003,,Me.U3O8,2401,,,
7307,COM01100.00,2004,,Me.U3O8,3582,,,
7308,COM01100.00,2005,,Me.U3O8,3711,,,
7309,COM01100.00,2006,,Me.U3O8,3617,,,
7310,COM01100.00,2007,,Me.U3O8,3045.419,,,
7311,COM01100.00,2008,,Me.U3O8,4066.909,,,
7312,COM01100.00,2009,,Me.U3O8,4150.37,,,
7313,COM01100.00,2010,,Me.U3O8,3628.285,,,
7314,COM01100.00,2011,,Me.U3O8,2148.213,,,
7315,COM01100.00,2012,,Me.U3O8,2698.875,,,
7316,COM01100.00,2013,,Me.U3O8,2409.483,,,
7317,COM01100.00,2014,,Me.U3O8,1542.668,,,
7318,COM01100.00,2015,,Me.U3O8,1246.018,,,
7319,COM01100.00,2016,,Me.U3O8,1849.75,,,
7320,COM01100.00,2017,,Me.U3O8,2110.112,,,
7321,COM01100.00,2018,,Me.U3O8,2478.882,,,
7322,COM01101.00,2000,O.Au,Me.Au,15.178,,,
7323,COM01101.00,2001,O.Au,Me.Au,23.203,,,
7324,COM01101.00,2002,O.Au,Me.Au,23.514,0.62207,4.253773,9542
7325,COM01101.00,2003,O.Au,Me.Au,24.717,0.61,3.808361,9544
7326,COM01101.00,2004,O.Au,Me.Au,24.12,0.55,5.055357,9546
7327,COM01101.00,2005,O.Au,Me.Au,23.26,0.64,4.144542,9548
7328,COM01101.00,2006,O.Au,Me.Au,20.844,0.65,3.205917,9550
7329,COM01101.00,2007,O.Au,Me.Au,18.845,0.51,3.848777,9552
7330,COM01101.00,2008,O.Au,Me.Au,15.36,0.47,5.176183,9554
7331,COM01101.00,2009,O.Au,Me.Au,13.306,0.55,4.104226,9556
7332,COM01101.00,2010,O.Au,Me.Au,11.479,0.5,5.287449,9558
7333,COM01101.00,2011,O.Au,Me.Au,,0.45,,
7334,COM01101.00,2011,O.Au,Me.Au,2.057,0.96,0.754,9561
7335,COM01101.00,2012,O.Au,Me.Au,,0.43,,
7336,COM01101.00,2012,O.Au,Me.Au,2.07,0.78,0.732,9564
7337,COM01101.00,2013,O.Au,Me.Au,,0.36,,
7338,COM01101.00,2013,O.Au,Me.Au,1.728,0.69,0.657,9567
7339,COM01101.00,2014,O.Au,Me.Au,,0.36,,
7340,COM01101.00,2014,O.Au,Me.Au,1.888,0.94,0.686,9570
7341,COM01101.00,2015,O.Au,Me.Au,,0.42,,
7342,COM01101.00,2015,O.Au,Me.Au,1.955,0.93,0.774,9573
7343,COM01101.00,2016,O.Au,Me.Au,,0.44,,
7344,COM01101.00,2016,O.Au,Me.Au,2.87,0.98,0.807,9576
7345,COM01101.00,2017,O.Au,Me.Au,,0.5,,
7346,COM01101.00,2017,O.Au,Me.Au,4.189,1.41,0.812,9579
7347,COM01101.00,2018,O.Au,Me.Au,,0.36,,
7348,COM01101.00,2018,O.Au,Me.Au,4.468,1.46,0.838,9582
7349,COM01102.00,2007,O.bulk,Me.Co,132,6000,0.05,9584
7350,COM01102.00,2007,O.bulk,Me.Cu,6361,29000,0.46,9584
7351,COM01102.00,2008,O.bulk,Me.Co,565,4000,0.23,9586
7352,COM01102.00,2008,O.bulk,Me.Cu,10767,32000,0.57,9586
7353,COM01102.00,2009,O.bulk,Me.Co,720,5000,0.27,9588
7354,COM01102.00,2009,O.bulk,Me.Cu,10378,28000,0.76,9588
7355,COM01102.00,2010,O.bulk,Me.Co,3580,5000,0.6,9590
7356,COM01102.00,2010,O.bulk,Me.Cu,27970,30000,0.83,9590
7357,COM01102.00,2011,O.bulk,Me.Co,3678,4000,0.69,9592
7358,COM01102.00,2011,O.bulk,Me.Cu,34534,32000,0.85,9592
7359,COM01102.00,2012,O.bulk,Me.Co,3035,,,
7360,COM01102.00,2012,O.bulk,Me.Cu,26976,,,
7361,COM01102.00,2013,O.bulk,Me.Co,3045,,,
7362,COM01102.00,2013,O.bulk,Me.Cu,34647,,,
7363,COM01102.00,2014,O.bulk,Me.Co,3885,,,
7364,COM01102.00,2014,O.bulk,Me.Cu,37170,,,
7365,COM01102.00,2015,O.bulk,Me.Co,4344,,,
7366,COM01102.00,2015,O.bulk,Me.Cu,35056,,,
7367,COM01102.00,2016,O.bulk,Me.Co,3391,,,
7368,COM01102.00,2016,O.bulk,Me.Cu,32129,,,
7369,COM01102.00,2017,O.bulk,Me.Co,4638,,,
7370,COM01102.00,2017,O.bulk,Me.Cu,31546,29100,0.847,
7371,COM01102.00,2018,O.bulk,Me.Co,4752,4154.935735,,9594
7372,COM01102.00,2018,O.bulk,Me.Cu,24108,26400,0.807,9594
7373,COM01102.00,2019,O.bulk,Me.Co,5070,3574.984417,,9596
7374,COM01102.00,2019,O.bulk,Me.Cu,33824,29200,0.8182,9596
7375,COM01103.00,2015,,Me.Au,0.311,,,
7376,COM01104.00,2016,,Me.Cu,203500,,,
7377,COM01104.00,2017,,Me.Cu,195300,,,
7378,COM01104.00,2018,,Me.Cu,186200,,,
7379,COM01105.00,2015,,Me.Pt,14.869,,,
7380,COM01105.00,2016,,Me.Pt,11.737,,,
7381,COM01105.00,2017,O.pgm,Me.pgm,25.194,3.455086,0.789896,9598
7382,COM01105.00,2018,O.pgm,Me.pgm,24.23,3.358691,0.801326,9600
7383,COM01106.00,2001,O.Au,Me.Au,15.219,3.13,0.110487,9602
7384,COM01106.00,2002,O.Au,Me.Au,13.578,2.96,0.124407,9604
7385,COM01106.00,2003,O.Au,Me.Au,12.832,2.77,0.140669,9606
7386,COM01106.00,2004,O.Au,Me.Au,12.981,2.77,0.146371,9608
7387,COM01106.00,2005,O.Au,Me.Au,12.533,2.73,0.146129,9610
7388,COM01106.00,2006,O.Au,Me.Au,14.175,2.99245,,9612
7389,COM01106.00,2007,O.Au,Me.Au,10.445,2.480583,,9614
7390,COM01106.00,2008,O.Au,Me.Au,12.832,3.42,0.095944,9616
7391,COM01106.00,2009,O.Au,Me.Au,9.335,2.52,0.176266,9618
7392,COM01106.00,2010,O.Au,Me.Au,8.159,2.04,0.263763,9620
7393,COM01106.00,2011,O.Au,Me.Au,8.367,1.9,0.306864,9622
7394,COM01106.00,2012,O.Au,Me.Au,6.915,1.64,0.408662,9624
7395,COM01106.00,2013,O.Au,Me.Au,5.946,1.34,0.612183,9626
7396,COM01106.00,2014,O.Au,Me.Au,5.877,1.28,0.680839,9628
7397,COM01106.00,2015,O.Au,Me.Au,4.771,1.04,1.032265,9630
7398,COM01106.00,2016,O.Au,Me.Au,4.84,1.09,0.924612,9632
7399,COM01106.00,2017,O.Au,Me.Au,4.356,0.96,1.22479,9634
7400,COM01106.00,2018,O.Au,Me.Au,4.08,0.87,1.443119,9636
7401,COM01107.00,2008,,Me.Cu,60327.785,,,
7402,COM01107.00,2009,,Me.Cu,83460.996,,,
7403,COM01107.00,2010,,Me.Cu,64863.709,,,
7404,COM01107.00,2011,,Me.Cu,68492.448,,,
7405,COM01107.00,2012,,Me.Cu,79378.665,,,
7406,COM01107.00,2013,,Me.Cu,66224.486,,,
7407,COM01107.00,2014,,Me.Cu,63049.339,,,
7408,COM01107.00,2015,,Me.Cu,91625.659,,,
7409,COM01107.00,2016,,Me.Cu,104326.245,,,
7410,COM01107.00,2017,,Me.Cu,68038.856,,,
7411,COM01107.00,2018,,Me.Cu,55791.862,,,
7412,COM01107.00,2019,,Me.Cu,49895.161,,,
7413,COM01109.00,2001,O.Ni,Me.Ni,6938.2,11300,0,9638
7414,COM01109.00,2002,O.Ni,Me.Ni,12830.4,10800,0,9640
7415,COM01109.00,2003,O.Ni,Me.Ni,15498,10800,0,9642
7416,COM01109.00,2004,O.Ni,Me.Ni,14670.72,10800,0,9644
7417,COM01109.00,2005,O.Ni,Me.Ni,12696.18,11400,0,9646
7418,COM01109.00,2006,O.Ni,Me.Ni,12301.3,11000,0,9648
7419,COM01109.00,2007,O.Ni,Me.Ni,13967.93,11300,0,9650
7420,COM01109.00,2008,O.Ni,Me.Ni,10974.99,10700,0,9652
7421,COM01109.00,2009,O.Ni,Me.Ni,9645,10000,0,9654
7422,COM01109.00,2010,O.Ni,Me.Ni,8453,10000,0,9656
7423,COM01109.00,2011,O.Ni,Me.Ni,9448.26,10200,0,9658
7424,COM01109.00,2012,O.Ni,Me.Ni,5392.74,10200,0,9660
7425,COM01112.00,2012,O.Cu,Me.Au,0.622,,,
7426,COM01112.00,2012,O.Cu,Me.Cu,13000,,,
7427,COM01112.00,2013,O.Cu,Me.Au,3.639,,,
7428,COM01112.00,2013,O.Cu,Me.Cu,65000,,,
7429,COM01112.00,2014,O.Cu,Me.Au,2.426,0.130126,,9662
7430,COM01112.00,2014,O.Cu,Me.Cu,98000,8400,0,9662
7431,COM01112.00,2015,O.Cu,Me.Au,7.807,0.176246,,9664
7432,COM01112.00,2015,O.Cu,Me.Cu,155000,6200,0,9664
7433,COM01112.00,2016,O.Cu,Me.Au,9.86,0.172136,,9666
7434,COM01112.00,2016,O.Cu,Me.Cu,176000,6200,0,9666
7435,COM01112.00,2017,O.Cu,Me.Au,10.762,0.174781,,9668
7436,COM01112.00,2017,O.Cu,Me.Cu,193000,6300,0,9668
7437,COM01112.00,2018,O.Cu,Me.Au,11.228,0.220324,,9670
7438,COM01112.00,2018,O.Cu,Me.Cu,193000,6900,0,9670
7439,COM01112.00,2019,O.Cu,Me.Au,11.446,0.236157,,9672
7440,COM01112.00,2019,O.Cu,Me.Cu,189000,6900,0,9672
7441,COM01113.00,2000,O.Cu,Me.Cu,80538,,,
7442,COM01113.00,2000,O.Cu,Me.Mo,2259,,,
7443,COM01113.00,2001,O.Cu,Me.Cu,81166,,,
7444,COM01113.00,2001,O.Cu,Me.Mo,1575,,,
7445,COM01113.00,2002,O.Cu,Me.Cu,72819,,,
7446,COM01113.00,2002,O.Cu,Me.Mo,1258,,,
7447,COM01113.00,2003,O.Cu,Me.Cu,80105,,,
7448,COM01113.00,2003,O.Cu,Me.Mo,1172,,,
7449,COM01113.00,2004,O.Cu,Me.Cu,74874,,,
7450,COM01113.00,2004,O.Cu,Me.Mo,1154,,,
7451,COM01113.00,2005,O.Cu,Me.Cu,77520,,,
7452,COM01113.00,2005,O.Cu,Me.Mo,1248,,,
7453,COM01113.00,2006,O.Cu,Me.Cu,80615,,,
7454,COM01113.00,2006,O.Cu,Me.Mo,1366,,,
7455,COM01113.00,2007,O.Cu,Me.Cu,63885,,,
7456,COM01113.00,2007,O.Cu,Me.Mo,1214,,,
7457,COM01113.00,2008,O.Cu,Me.Cu,42682,,,
7458,COM01113.00,2008,O.Cu,Me.Mo,872,,,
7459,COM01113.00,2009,O.Cu,Me.Cu,65462,,,
7460,COM01113.00,2009,O.Cu,Me.Mo,1147,,,
7461,COM01113.00,2010,O.Cu,Me.Cu,76184,,,
7462,COM01113.00,2010,O.Cu,Me.Mo,1044,,,
7463,COM01113.00,2011,O.Cu,Me.Ag,41.664,,,
7464,COM01113.00,2011,O.Cu,Me.Au,1.041,,,
7465,COM01113.00,2011,O.Cu,Me.Cu,69046,,,
7466,COM01113.00,2011,O.Cu,Me.Mo,1024,,,
7467,COM01113.00,2012,O.Cu,Me.Ag,32.01,,,
7468,COM01113.00,2012,O.Cu,Me.Au,0.867,,,
7469,COM01113.00,2012,O.Cu,Me.Cu,62728,,,
7470,COM01113.00,2012,O.Cu,Me.Mo,1154,,,
7471,COM01113.00,2013,O.Cu,Me.Ag,27.272,,,
7472,COM01113.00,2013,O.Cu,Me.Au,0.909,,,
7473,COM01113.00,2013,O.Cu,Me.Cu,54242,,,
7474,COM01113.00,2013,O.Cu,Me.Mo,898,,,
7475,COM01113.00,2014,O.Cu,Me.Ag,43.938,,,
7476,COM01113.00,2014,O.Cu,Me.Au,1.097,,,
7477,COM01113.00,2014,O.Cu,Me.Cu,54015,,,
7478,COM01113.00,2014,O.Cu,Me.Mo,729,,,
7479,COM01113.00,2015,O.Cu,Me.Cu,48582,,,
7480,COM01113.00,2015,O.Cu,Me.Mo,828,,,
7481,COM01113.00,2016,O.Cu,Me.Cu,59796,,,
7482,COM01113.00,2016,O.Cu,Me.Mo,902,,,
7483,COM01113.00,2017,O.Cu,Me.Ag,53.028,,,
7484,COM01113.00,2017,O.Cu,Me.Au,0.621,,,
7485,COM01113.00,2017,O.Cu,Me.Cu,61942,,,
7486,COM01113.00,2017,O.Cu,Me.Mo,854,,,
7487,COM01113.00,2018,O.Cu,Me.Ag,35.497,,,
7488,COM01113.00,2018,O.Cu,Me.Au,0.354,,,
7489,COM01113.00,2018,O.Cu,Me.Cu,60840,,,
7490,COM01113.00,2018,O.Cu,Me.Mo,993,,,
7491,COM01116.00,2006,O.Au,Me.Au,1.766,0.66,0.856,9708
7492,COM01116.00,2007,O.Au,Me.Au,1.603,0.58,2.805435,9710
7493,COM01116.00,2008,O.Au,Me.Au,1.485,0.71,0.763,9712
7494,COM01117.00,2008,O.Ag,Me.Ag,80.98,211.487443,0.758,9714
7495,COM01117.00,2009,O.Ag,Me.Ag,211.379,155.638882,0.896,9716
7496,COM01117.00,2010,O.Ag,Me.Ag,189.858,142.598101,0.886,9718
7497,COM01117.00,2011,O.Ag,Me.Ag,212.289,152.520434,0.889,9720
7498,COM01117.00,2012,O.Ag,Me.Ag,167.83,127.289359,0.895,9722
7499,COM01117.00,2013,O.Ag,Me.Ag,168.117,111.413626,0.9,9724
7500,COM01117.00,2014,O.Ag,Me.Ag,165.602,107.728188,0.881,9726
7501,COM01117.00,2015,O.Ag,Me.Ag,153.849,106.310712,0.888,9728
7502,COM01117.00,2016,O.Ag,Me.Ag,154.77,104.60974,0.888,9730
7503,COM01117.00,2017,O.Ag,Me.Ag,120.831,89.867988,0.893,9732
7504,COM01119.00,2005,O.bulk,Me.Ag,240.397,343,0.89,9734
7505,COM01119.00,2005,O.bulk,Me.Au,5.128,5.94,0.95,9734
7506,COM01119.00,2006,O.bulk,Me.Ag,277.776,328,0.89,9736
7507,COM01119.00,2006,O.bulk,Me.Au,6.481,6.34,0.94,9736
7508,COM01119.00,2007,O.bulk,Me.Ag,215.666,344,0.91,9738
7509,COM01119.00,2007,O.bulk,Me.Au,4.208,6.37,0.95,9738
7510,COM01119.00,2008,O.bulk,Me.Ag,159.03,261,0.94,9740
7511,COM01119.00,2008,O.bulk,Me.Au,2.696,4.29,0.97,9740
7512,COM01120.00,2019,Con.Fe,Me.Fe,325000,650000,0,9741
7513,COM01123.00,2017,O.bulk,Me.Ag,298.634,167.28295,4.4e-5,9743
7514,COM01123.00,2017,O.bulk,Me.Au,2.392,2.058596,0.450384,9743
7515,COM01123.00,2017,O.bulk,Me.Pb,3598,5000,0,9743
7516,COM01123.00,2017,O.bulk,Me.Zn,7849,12000,0,9743
7517,COM01123.00,2018,O.bulk,Me.Ag,414.754,150.574286,5.6e-5,9745
7518,COM01123.00,2018,O.bulk,Me.Au,2.33,1.927893,0.777281,9745
7519,COM01123.00,2018,O.bulk,Me.Pb,6101,4000,0,9745
7520,COM01123.00,2018,O.bulk,Me.Zn,22027,14000,0,9745
7521,COM01125.00,2001,,Oth.cuca,10300,,,
7522,COM01125.00,2002,,Oth.cuca,6300,,,
7523,COM01126.00,2005,O.Au,Me.Au,3.8,0.68,0.59,9747
7524,COM01126.00,2006,O.Au,Me.Au,2.779,0.78,0.55,9749
7525,COM01128.00,2004,O.bulk,Me.Ag,16.107,417,7e-6,9751
7526,COM01128.00,2004,O.bulk,Me.Cu,96.364,1961.727801,,9751
7527,COM01128.00,2004,O.bulk,Me.Zn,2385.455,57900,0,9751
7528,COM01128.00,2005,O.bulk,Me.Ag,4.167,296,1.5e-5,9753
7529,COM01128.00,2005,O.bulk,Me.Cu,18.182,3800,0,9753
7530,COM01128.00,2005,O.bulk,Me.Zn,607.273,40700,0,9753
7531,COM01128.00,2006,O.bulk,Me.Ag,13.613,326,1.2e-5,9755
7532,COM01128.00,2006,O.bulk,Me.Cu,94.545,2200,0,9755
7533,COM01128.00,2006,O.bulk,Me.Zn,1463.636,34400,0,9755
7534,COM01128.00,2007,O.bulk,Me.Ag,18.437,296,1.6e-5,9757
7535,COM01128.00,2007,O.bulk,Me.Cu,104.211,3500,0,9757
7536,COM01128.00,2007,O.bulk,Me.Zn,1790.526,28200,0,9757
7537,COM01128.00,2008,O.bulk,Me.Ag,26.068,348,1.1e-5,9759
7538,COM01128.00,2008,O.bulk,Me.Cu,160,3600,0,9759
7539,COM01128.00,2008,O.bulk,Me.Zn,2093.684,27200,0,9759
7540,COM01128.00,2009,O.bulk,Me.Ag,78.25,537,4e-6,9761
7541,COM01128.00,2009,O.bulk,Me.Cu,422.105,3200,0,9761
7542,COM01128.00,2009,O.bulk,Me.Zn,2950.526,22600,0,9761
7543,COM01128.00,2010,O.bulk,Me.Ag,90.353,388.54,8e-6,9763
7544,COM01128.00,2010,O.bulk,Me.Cu,538.947,2500,0,9763
7545,COM01128.00,2010,O.bulk,Me.Zn,4906.316,22900,0,9763
7546,COM01128.00,2011,O.bulk,Me.Ag,93.241,382,8e-6,9765
7547,COM01128.00,2011,O.bulk,Me.Cu,631.579,3200,0,9765
7548,COM01128.00,2011,O.bulk,Me.Zn,5052.632,22600,0,9765
7549,COM01128.00,2012,O.bulk,Me.Ag,110.996,419,7e-6,9767
7550,COM01128.00,2012,O.bulk,Me.Pb,421.053,1900,0,9767
7551,COM01128.00,2012,O.bulk,Me.Zn,5157.895,21500,0,9767
7552,COM01128.00,2013,O.bulk,Me.Ag,118.175,412,7e-6,9769
7553,COM01128.00,2013,O.bulk,Me.Pb,589.474,2200,0,9769
7554,COM01128.00,2013,O.bulk,Me.Zn,6526.316,24800,0,9769
7555,COM01128.00,2014,O.bulk,Me.Ag,117.639,417,7e-6,9771
7556,COM01128.00,2014,O.bulk,Me.Pb,536.842,2000,0,9771
7557,COM01128.00,2014,O.bulk,Me.Zn,6147.368,23700,0,9771
7558,COM01128.00,2015,O.bulk,Me.Ag,122.673,422,7e-6,9773
7559,COM01128.00,2015,O.bulk,Me.Pb,884.211,3200,0,9773
7560,COM01128.00,2015,O.bulk,Me.Zn,7178.947,26500,0,9773
7561,COM01128.00,2016,O.bulk,Me.Ag,132.057,443,6e-6,9775
7562,COM01128.00,2016,O.bulk,Me.Cu,578.947,1622.418879,,9775
7563,COM01128.00,2016,O.bulk,Me.Pb,621.053,3200,0,9775
7564,COM01128.00,2016,O.bulk,Me.Zn,5357.895,20500,0,9775
7565,COM01128.00,2017,O.bulk,Me.Ag,107.54,374,9e-6,9777
7566,COM01128.00,2017,O.bulk,Me.Au,0.015,0.044003,,9777
7567,COM01128.00,2017,O.bulk,Me.Cu,663.158,4300,0,9777
7568,COM01128.00,2017,O.bulk,Me.Pb,494.737,2900,0,9777
7569,COM01128.00,2017,O.bulk,Me.Zn,4589.474,19400,0,9777
7570,COM01128.00,2018,O.bulk,Me.Ag,105.574,362,9e-6,9779
7571,COM01128.00,2018,O.bulk,Me.Au,0.015,0.042492,,9779
7572,COM01128.00,2018,O.bulk,Me.Cu,1073.684,4000,0,9779
7573,COM01128.00,2018,O.bulk,Me.Pb,821.053,3400,0,9779
7574,COM01128.00,2018,O.bulk,Me.Zn,7863.158,27700,0,9779
7575,COM01128.00,2019,O.bulk,Me.Ag,105.097,345,1e-5,9781
7576,COM01128.00,2019,O.bulk,Me.Au,0.014,0.038845,,9781
7577,COM01128.00,2019,O.bulk,Me.Cu,894.737,3100,0,9781
7578,COM01128.00,2019,O.bulk,Me.Pb,442.105,1400,1e-6,9781
7579,COM01128.00,2019,O.bulk,Me.Zn,6326.316,21600,0,9781
7580,COM01129.00,2005,O.Au,Me.Au,0.596,1.26,0.671344,9783
7581,COM01129.00,2006,O.Au,Me.Au,2.113,4.52,0.943,9785
7582,COM01129.00,2007,O.Au,Me.Au,2.813,5.62,0.944,9787
7583,COM01129.00,2008,O.Au,Me.Au,1.053,2.65,0.92,9789
7584,COM01129.00,2009,O.Au,Me.Au,1.024,2.1,0.9,9791
7585,COM01129.00,2010,O.Au,Me.Au,0.929,2.1,0.932,9793
7586,COM01132.00,2006,O.Au,Me.Au,2.492,0.67,0.517,9819
7587,COM01132.00,2007,O.Au,Me.Au,3.258,0.54,0.792,9821
7588,COM01132.00,2008,O.Au,Me.Au,2.362,0.6,0.586,9823
7589,COM01138.00,2010,O.bulk,Me.Ag,34.643,238.918049,,9825
7590,COM01138.00,2010,O.bulk,Me.Au,0.179,1.234075,,9825
7591,COM01138.00,2010,O.bulk,Me.Pb,273,1882.758621,,9825
7592,COM01138.00,2010,O.bulk,Me.Zn,147,1013.793103,,9825
7593,COM01138.00,2011,O.bulk,Me.Ag,167.376,204.615628,,9827
7594,COM01138.00,2011,O.bulk,Me.Au,0.948,1.158743,,9827
7595,COM01138.00,2011,O.bulk,Me.Pb,1742,2129.584352,,9827
7596,COM01138.00,2011,O.bulk,Me.Zn,1171,1431.540342,,9827
7597,COM01138.00,2012,O.bulk,Me.Ag,199.978,220.969652,,9829
7598,COM01138.00,2012,O.bulk,Me.Au,1.28,1.414875,,9829
7599,COM01138.00,2012,O.bulk,Me.Pb,2773,3064.088398,,9829
7600,COM01138.00,2012,O.bulk,Me.Zn,1791,1979.005525,,9829
7601,COM01138.00,2013,O.bulk,Me.Ag,328.316,277.762966,,9831
7602,COM01138.00,2013,O.bulk,Me.Au,1.279,1.081649,,9831
7603,COM01138.00,2013,O.bulk,Me.Pb,5605,4741.962775,,9831
7604,COM01138.00,2013,O.bulk,Me.Zn,4509,3814.720812,,9831
7605,COM01138.00,2014,O.bulk,Me.Ag,436.498,284.363261,,9833
7606,COM01138.00,2014,O.bulk,Me.Au,1.62,1.055065,,9833
7607,COM01138.00,2014,O.bulk,Me.Pb,9967,6493.159609,,9833
7608,COM01138.00,2014,O.bulk,Me.Zn,10501,6841.042345,,9833
7609,COM01138.00,2015,O.bulk,Me.Ag,623.236,327,1.1e-5,9835
7610,COM01138.00,2015,O.bulk,Me.Au,2.402,1.42,0.685693,9835
7611,COM01138.00,2015,O.bulk,Me.Pb,20740,8867.037195,,9835
7612,COM01138.00,2015,O.bulk,Me.Zn,21023,8988.029072,,9835
7613,COM01138.00,2016,O.bulk,Me.Ag,622.159,303,1.4e-5,9837
7614,COM01138.00,2016,O.bulk,Me.Au,2.439,1.39,0.777109,9837
7615,COM01138.00,2016,O.bulk,Me.Pb,20935,7944.971537,,9837
7616,COM01138.00,2016,O.bulk,Me.Zn,23498,8917.647059,,9837
7617,COM01138.00,2017,O.bulk,Me.Ag,601.435,280,1.6e-5,9839
7618,COM01138.00,2017,O.bulk,Me.Au,1.98,1.09,1.276367,9839
7619,COM01138.00,2017,O.bulk,Me.Pb,17714,6432.098765,,9839
7620,COM01138.00,2017,O.bulk,Me.Zn,20348,7388.525781,,9839
7621,COM01138.00,2018,O.bulk,Me.Ag,560.782,257,1.9e-5,9841
7622,COM01138.00,2018,O.bulk,Me.Au,2.436,1.25,0.916761,9841
7623,COM01138.00,2018,O.bulk,Me.Pb,22662,8116.762178,,9841
7624,COM01138.00,2018,O.bulk,Me.Zn,29506,10568.051576,,9841
7625,COM01140.00,2001,O.Au,Me.Au,6.804,7.97,0.016597,9843
7626,COM01140.00,2002,O.Au,Me.Au,6.69,7.07,0.021141,9845
7627,COM01140.00,2003,O.Au,Me.Au,5.301,5.81,0.032467,9847
7628,COM01140.00,2004,O.Au,Me.Au,4.479,6.19,0.028853,9849
7629,COM01140.00,2005,O.Au,Me.Au,3.572,6.8,0.024702000000000002,9851
7630,COM01140.00,2006,O.Au,Me.Au,2.523,7.68,0.020643,9853
7631,COM01140.00,2007,O.Au,Me.Au,2.07,6.898384,,9855
7632,COM01140.00,2008,O.Au,Me.Au,1.871,6.236895,,9857
7633,COM01140.00,2009,O.Au,Me.Au,0.85,5.45,0.043149,9859
7634,COM01140.00,2010,O.Au,Me.Au,0.624,5.3,0.030252,9861
7635,COM01140.00,2011,O.Au,Me.Au,1.389,6.69,0.021521,9863
7636,COM01140.00,2012,O.Au,Me.Au,1.049,6.09,0.031309,9865
7637,COM01141.00,2007,O.Cu,Me.Ag,7.162,5.22,0.036699,9867
7638,COM01141.00,2007,O.Cu,Me.Au,0.466,0.34,8.650519,9867
7639,COM01141.00,2007,O.Cu,Me.Cu,13994.4,10200,0,9867
7640,COM01141.00,2008,O.Cu,Me.Ag,9.361,5.34,0.035069,9869
7641,COM01141.00,2008,O.Cu,Me.Au,0.666,0.38,6.925208,9869
7642,COM01141.00,2008,O.Cu,Me.Cu,19283,11000,0,9869
7643,COM01141.00,2009,O.Cu,Me.Ag,8.88,5.13,0.037998,9871
7644,COM01141.00,2009,O.Cu,Me.Au,0.571,0.33,9.182736,9871
7645,COM01141.00,2009,O.Cu,Me.Cu,17656.2,10200,0,9871
7646,COM01141.00,2010,O.Cu,Me.Ag,9.569,5.31,0.035466,9873
7647,COM01141.00,2010,O.Cu,Me.Au,0.432,0.24,17.361111,9873
7648,COM01141.00,2010,O.Cu,Me.Cu,16758.6,9300,0,9873
7649,COM01141.00,2011,O.Cu,Me.Ag,7.383,4.6,0.047259,9875
7650,COM01141.00,2011,O.Cu,Me.Au,0.353,0.22,20.661157,9875
7651,COM01141.00,2011,O.Cu,Me.Cu,11395.5,7100,0,9875
7652,COM01141.00,2012,O.Cu,Me.Ag,8.079,4.7,0.045269,9877
7653,COM01141.00,2012,O.Cu,Me.Au,0.361,0.21,22.675737,9877
7654,COM01141.00,2012,O.Cu,Me.Cu,13236.3,7700,0,9877
7655,COM01141.00,2013,O.Cu,Me.Ag,8.453,4.66,0.04605,9879
7656,COM01141.00,2013,O.Cu,Me.Au,0.399,0.22,20.661157,9879
7657,COM01141.00,2013,O.Cu,Me.Cu,16326,9000,0,9879
7658,COM01141.00,2014,O.Cu,Me.Ag,6.936,5.44,0.033791,9881
7659,COM01141.00,2014,O.Cu,Me.Au,0.574,0.45,4.938272,9881
7660,COM01141.00,2014,O.Cu,Me.Cu,12112.5,9500,0,9881
7661,COM01143.00,2000,O.Au,Me.Au,1.813,8.58,0.879,9883
7662,COM01143.00,2001,O.Au,Me.Au,1.44,6.13,0.888,9885
7663,COM01143.00,2002,O.Au,Me.Au,1.291,6.59,0.937,9887
7664,COM01143.00,2003,O.Au,Me.Au,1.58,7.95,0.947,9889
7665,COM01143.00,2004,O.Au,Me.Au,1.272,7.15,0.9521,9891
7666,COM01143.00,2005,O.Au,Me.Au,1.387,6.32,0.9286,9893
7667,COM01143.00,2006,O.Au,Me.Au,1.44,6.16,0.9362,9895
7668,COM01143.00,2007,O.Au,Me.Au,1.378,6.35,0.954,9897
7669,COM01143.00,2008,O.Au,Me.Au,1.414,6.46,0.958,9899
7670,COM01143.00,2009,O.Au,Me.Au,1.456,6.17,0.953,9901
7671,COM01143.00,2010,O.Au,Me.Au,1.47,7.55,0.955,9903
7672,COM01143.00,2011,O.Au,Me.Au,1.392,5.68,0.953,9905
7673,COM01143.00,2012,O.Au,Me.Au,1.542,5.86,0.956,9907
7674,COM01143.00,2013,O.Au,Me.Au,1.364,5.11,0.953,9909
7675,COM01143.00,2014,O.Au,Me.Au,1.959,7.32,0.957,9911
7676,COM01143.00,2015,O.Au,Me.Au,2.356,8.82,0.9628,9913
7677,COM01143.00,2016,O.Au,Me.Au,2.483,7.7816,,9915
7678,COM01143.00,2017,O.Au,Me.Au,2.612,8.25,0.974,9917
7679,COM01143.00,2018,O.Au,Me.Au,2.973,9.16,0.974,9919
7680,COM01143.00,2019,O.Au,Me.Au,3.487,9.56,0.982,9921
7681,COM01146.00,2000,O.bulk,Me.Ag,75.013,43.12,0.00109,9923
7682,COM01146.00,2000,O.bulk,Me.Au,0.951,0.4,9.267731,9923
7683,COM01146.00,2000,O.bulk,Me.Cu,13500,4900,0,9923
7684,COM01146.00,2000,O.bulk,Me.Zn,44600,18400,0,9923
7685,COM01146.00,2001,O.bulk,Me.Ag,100.907,25.17,0.001578,9925
7686,COM01146.00,2001,O.bulk,Me.Au,1.924,0.48,4.340278,9925
7687,COM01146.00,2001,O.bulk,Me.Cu,17639.6,4400,0,9925
7688,COM01146.00,2001,O.bulk,Me.Zn,61337.7,15300,0,9925
7689,COM01146.00,2002,O.bulk,Me.Ag,122.378,30.12,0.001102,9927
7690,COM01146.00,2002,O.bulk,Me.Au,1.097,0.27,13.717421,9927
7691,COM01146.00,2002,O.bulk,Me.Cu,13814.2,3400,0,9927
7692,COM01146.00,2002,O.bulk,Me.Zn,54444.2,13400,0,9927
7693,COM01146.00,2003,O.bulk,Me.Ag,100.147,25.36,0.001555,9929
7694,COM01146.00,2003,O.bulk,Me.Au,0.948,0.24,17.361111,9929
7695,COM01146.00,2003,O.bulk,Me.Cu,11057.2,2800,0,9929
7696,COM01146.00,2003,O.bulk,Me.Zn,46993.1,11900,0,9929
7697,COM01146.00,2004,O.bulk,Me.Ag,53.082,23.9,0.001751,9931
7698,COM01146.00,2004,O.bulk,Me.Au,0.466,0.21,22.675737,9931
7699,COM01146.00,2004,O.bulk,Me.Cu,5552.5,2500,0,9931
7700,COM01146.00,2004,O.bulk,Me.Zn,25319.4,11400,0,9931
7701,COM01150.00,2015,O.Cu,Me.Cu,32971,6000,0.41,9933
7702,COM01150.00,2016,O.Cu,Me.Cu,139600,6000,0.68,9935
7703,COM01150.00,2017,O.Cu,Me.Cu,190683,5200,0.87,9937
7704,COM01150.00,2018,O.Cu,Me.Cu,223656,5000,0.91,9939
7705,COM01151.00,2010,O.Au,Me.Au,2.959,1.322369,,9942
7706,COM01151.00,2010,O.Cu,Oth.cuca,64241,48030.977405,,9943
7707,COM01151.00,2011,O.Au,Me.Au,2.108,1.117177,,9946
7708,COM01151.00,2011,O.Cu,Oth.cuca,78859,45455.51488,,9947
7709,COM01151.00,2012,O.bulk,Me.Ag,1.01,0.236596,,9949
7710,COM01151.00,2012,O.bulk,Me.Au,1.989,0.465697,,9949
7711,COM01151.00,2012,O.bulk,Oth.cuca,86295,20207.008562,,9949
7712,COM01151.00,2013,O.bulk,Me.Ag,2.317,0.55951,,9951
7713,COM01151.00,2013,O.bulk,Me.Au,1.021,0.246484,,9951
7714,COM01151.00,2013,O.bulk,Oth.cuca,90030,21736.165014,,9951
7715,COM01151.00,2014,O.bulk,Me.Ag,0.02,,,9953
7716,COM01151.00,2014,O.bulk,Me.Au,0.01,0.005396,,9953
7717,COM01151.00,2014,O.bulk,Oth.cuca,88541,46380.390337,,9953
7718,COM01151.00,2015,O.Cu,Oth.cuca,89253,42170.072209,,9955
7719,COM01151.00,2016,O.Cu,Oth.cuca,78492,30810.609665,,9957
7720,COM01151.00,2017,O.Cu,Oth.cuca,62941,19985.603228,,9959
7721,COM01153.00,2001,O.Au,Me.Au,5.443,8.08,0.01819,9972
7722,COM01153.00,2002,O.Au,Me.Au,5.33,7.84,0.019146,9974
7723,COM01153.00,2003,O.Au,Me.Au,5.386,7.88,0.018848,9976
7724,COM01153.00,2004,O.Au,Me.Au,5.818,8.18,0.954,9978
7725,COM01153.00,2005,O.Au,Me.Au,5.984,8.32,0.952,9980
7726,COM01153.00,2006,O.Au,Me.Au,6.034,7.98,0.953,9982
7727,COM01153.00,2007,O.Au,Me.Au,5.679,7.32,0.948,9984
7728,COM01153.00,2008,O.Au,Me.Au,5.453,7.11,0.95,9986
7729,COM01153.00,2009,O.Au,Me.Au,4.643,4.85,0.916,9988
7730,COM01153.00,2010,O.Au,Me.Au,4.651,4.4,0.933,9990
7731,COM01153.00,2011,O.Au,Me.Au,4.141,3.81,0.927,9992
7732,COM01153.00,2012,O.Au,Me.Au,3.657,3.067885,,9994
7733,COM01153.00,2013,O.Au,Me.Au,3.912,3.42,0.097161,9996
7734,COM01153.00,2014,O.Au,Me.Au,3.856,3.28,0.102798,9998
7735,COM01153.00,2015,O.Au,Me.Au,3.742,3.27,0.106237,10000
7736,COM01153.00,2016,O.Au,Me.Au,3.742,3.17,0.109588,10002
7737,COM01153.00,2017,O.Au,Me.Au,3.77,2.95,0.125866,10004
7738,COM01153.00,2018,O.Au,Me.Au,3.685,3.55,0.084077,10006
7739,COM01157.00,2005,O.Au,Me.Au,2.164,22.86,0.001998,10062
7740,COM01157.00,2006,O.Au,Me.Au,1.844,19.43,0.922,10064
7741,COM01157.00,2007,O.Au,Me.Au,0.678,3.67,0.883,10066
7742,COM01158.00,2014,O.Au,Me.Au,2.416,,,
7743,COM01158.00,2015,O.Au,Me.Au,2.209,,,
7744,COM01158.00,2016,O.Au,Me.Au,2.177,,,
7745,COM01158.00,2017,O.Au,Me.Au,2.552,,,
7746,COM01158.00,2018,O.Au,Me.Au,1.789,,,
7747,COM01158.00,2019,O.Au,Me.Au,1.654,,,
7748,COM01164.00,2017,O.bulk,Me.Au,2.24,0.61,3.952675,10068
7749,COM01166.00,2016,O.Au,Me.Au,1.782,,,
7750,COM01166.00,2017,O.Au,Me.Au,1.833,,,
7751,COM01171.00,2007,O.Cu,Me.Ag,0.6,1.71,0.341986,10072
7752,COM01171.00,2007,O.Cu,Me.Au,0.105,0.3,11.111111,10072
7753,COM01171.00,2007,O.Cu,Me.Cu,7195.5,20500,0,10072
7754,COM01171.00,2008,O.Cu,Me.Ag,0.82,2.21,0.204746,10074
7755,COM01171.00,2008,O.Cu,Me.Au,0.163,0.44,5.165289,10074
7756,COM01171.00,2008,O.Cu,Me.Cu,9200.8,24800,0,10074
7757,COM01171.00,2009,O.Cu,Me.Ag,1.253,2.3,0.189036,10076
7758,COM01171.00,2009,O.Cu,Me.Au,0.213,0.39,6.574622,10076
7759,COM01171.00,2009,O.Cu,Me.Cu,12317,22600,0,10076
7760,COM01171.00,2010,O.Cu,Me.Ag,1.336,2.39,0.175067,10078
7761,COM01171.00,2010,O.Cu,Me.Au,0.252,0.45,4.938272,10078
7762,COM01171.00,2010,O.Cu,Me.Cu,12577.5,22500,0,10078
7763,COM01171.00,2011,O.Cu,Me.Ag,1.209,2.11,0.224613,10080
7764,COM01171.00,2011,O.Cu,Me.Au,0.218,0.38,6.925208,10080
7765,COM01171.00,2011,O.Cu,Me.Cu,12663.3,22100,0,10080
7766,COM01171.00,2012,O.Cu,Me.Ag,1.477,2.28,0.192367,10082
7767,COM01171.00,2012,O.Cu,Me.Au,0.246,0.38,6.925208,10082
7768,COM01171.00,2012,O.Cu,Me.Cu,15422.4,23800,0,10082
7769,COM01171.00,2013,O.Cu,Me.Ag,1.305,2.02,0.245074,10084
7770,COM01171.00,2013,O.Cu,Me.Au,0.226,0.35,8.163265,10084
7771,COM01171.00,2013,O.Cu,Me.Cu,14470.4,22400,0,10084
7772,COM01171.00,2014,O.Cu,Me.Ag,1.142,2.13,0.220415,10086
7773,COM01171.00,2014,O.Cu,Me.Au,0.161,0.3,11.111111,10086
7774,COM01171.00,2014,O.Cu,Me.Cu,10291.2,19200,0,10086
7775,COM01178.00,2000,O.bulk,Me.Ag,12.276,228.264529,0.894543,10088
7776,COM01178.00,2000,O.bulk,Me.Au,0.92,16.657597,0.963781,10088
7777,COM01178.00,2001,O.bulk,Me.Ag,12.76,241.26617,0.868891,10090
7778,COM01178.00,2001,O.bulk,Me.Au,0.989,17.897692,0.958943,10090
7779,COM01178.00,2002,O.bulk,Me.Ag,16.61,343.633782,0.79611,10092
7780,COM01178.00,2002,O.bulk,Me.Au,0.889,15.223595,0.933616,10092
7781,COM01178.00,2003,O.bulk,Me.Ag,20.563,399.499732,0.862941,10094
7782,COM01178.00,2003,O.bulk,Me.Au,0.891,15.95007,0.947451,10094
7783,COM01178.00,2004,O.bulk,Me.Ag,20.55,430.161084,0.835,10096
7784,COM01178.00,2004,O.bulk,Me.Au,0.761,14.307599,0.914,10096
7785,COM01178.00,2005,O.bulk,Me.Ag,10.269,183.510513,0.83,10098
7786,COM01178.00,2005,O.bulk,Me.Au,0.839,13.996565,0.93,10098
7787,COM01178.00,2006,O.bulk,Me.Ag,4.904,93.31043,0.786,10100
7788,COM01178.00,2006,O.bulk,Me.Au,0.819,13.001253,0.928,10100
7789,COM01178.00,2007,O.bulk,Me.Ag,3.257,65.317301,0.724,10102
7790,COM01178.00,2007,O.bulk,Me.Au,1.003,15.271807,0.954,10102
7791,COM01178.00,2008,O.bulk,Me.Ag,3.151,59.096606,0.72,10104
7792,COM01178.00,2008,O.bulk,Me.Au,1.218,17.075809,0.955,10104
7793,COM01178.00,2009,O.bulk,Me.Ag,2.674,54.431084,0.748,10106
7794,COM01178.00,2009,O.bulk,Me.Au,0.749,12.005942,0.952,10106
7795,COM01178.00,2010,O.bulk,Me.Ag,1.449,29.859338,0.759,10108
7796,COM01178.00,2010,O.bulk,Me.Au,0.44,7.278214,0.944,10108
7797,COM01178.00,2011,O.bulk,Me.Ag,1.083,27.993129,0.793,10110
7798,COM01178.00,2011,O.bulk,Me.Au,0.454,9.922009,0.961,10110
7799,COM01178.00,2012,O.bulk,Me.Ag,2.97,38.38,0.7996,10112
7800,COM01178.00,2012,O.bulk,Me.Au,0.602,12.3,0.9598,10112
7801,COM01178.00,2013,O.bulk,Me.Ag,2.048,23.44,0.6603,10114
7802,COM01178.00,2013,O.bulk,Me.Au,0.239,10.07,0.4079,10114
7803,COM01183.00,2003,O.bulk,Me.Au,0.18,,,
7804,COM01183.00,2003,O.bulk,Me.Cu,577,,,
7805,COM01183.00,2004,O.bulk,Me.Au,0.618,,,
7806,COM01183.00,2004,O.bulk,Me.Cu,2264,,,
7807,COM01183.00,2005,O.bulk,Me.Au,1.024,,,
7808,COM01183.00,2005,O.bulk,Me.Cu,3588,,,
7809,COM01183.00,2006,O.bulk,Me.Au,1.1,,,
7810,COM01183.00,2006,O.bulk,Me.Cu,3169,,,
7811,COM01183.00,2007,O.bulk,Me.Au,1.422,,,
7812,COM01183.00,2007,O.bulk,Me.Cu,4024,,,
7813,COM01183.00,2008,O.bulk,Me.Au,1.786,,,
7814,COM01183.00,2008,O.bulk,Me.Cu,5169.8,,,
7815,COM01183.00,2009,O.bulk,Me.Au,2.3,,,
7816,COM01183.00,2009,O.bulk,Me.Cu,8634.4,,,
7817,COM01183.00,2010,O.bulk,Me.Au,2.413,,,
7818,COM01183.00,2010,O.bulk,Me.Cu,9020.02,,,
7819,COM01183.00,2011,O.bulk,Me.Au,2.335,,,
7820,COM01183.00,2011,O.bulk,Me.Cu,9048.91,,,
7821,COM01183.00,2012,O.bulk,Me.Au,2.557,,,
7822,COM01183.00,2012,O.bulk,Me.Cu,9637.58,,,
7823,COM01183.00,2013,O.bulk,Me.Au,1.793,,,
7824,COM01183.00,2013,O.bulk,Me.Cu,7667,,,
7825,COM01183.00,2014,O.bulk,Me.Au,2.081,,,
7826,COM01183.00,2014,O.bulk,Me.Cu,9196,,,
7827,COM01183.00,2015,O.bulk,Me.Au,2.581,,,
7828,COM01183.00,2015,O.bulk,Me.Cu,11785,,,
7829,COM01183.00,2016,O.bulk,Me.Au,2.511,,,
7830,COM01183.00,2016,O.bulk,Me.Cu,11780,,,
7831,COM01183.00,2017,O.bulk,Me.Au,2.571,,,
7832,COM01183.00,2017,O.bulk,Me.Cu,11745,,,
7833,COM01183.00,2018,O.bulk,Me.Au,3.111,,,
7834,COM01183.00,2018,O.bulk,Me.Cu,15182,,,
7835,COM01184.00,2003,O.Au,Me.Au,0.562,,,
7836,COM01184.00,2004,O.Au,Me.Au,1.457,,,
7837,COM01184.00,2005,O.Au,Me.Au,2.509,,,
7838,COM01184.00,2006,O.Au,Me.Au,3.24,,,
7839,COM01184.00,2007,O.Au,Me.Au,2.354,,,
7840,COM01184.00,2008,O.Au,Me.Au,2.431,,,
7841,COM01184.00,2009,O.Au,Me.Au,2.689,,,
7842,COM01184.00,2010,O.Au,Me.Au,2.107,,,
7843,COM01184.00,2011,O.Au,Me.Au,2.1,,,
7844,COM01184.00,2012,O.Au,Me.Au,2.333,,,
7845,COM01184.00,2013,O.Au,Me.Au,2.101,,,
7846,COM01184.00,2014,O.Au,Me.Au,1.853,,,
7847,COM01184.00,2015,O.Au,Me.Au,1.957,,,
7848,COM01184.00,2016,O.Au,Me.Au,2.017,,,
7849,COM01184.00,2017,O.Au,Me.Au,1.606,,,
7850,COM01185.00,2012,O.bulk,Me.Ag,1.107,11.5,0.55,10116
7851,COM01185.00,2012,O.bulk,Me.Au,0.174,1.6,0.7,10116
7852,COM01185.00,2013,O.bulk,Me.Ag,1.142,7.8,0.37,10118
7853,COM01185.00,2013,O.bulk,Me.Au,0.568,2.2,0.71,10118
7854,COM01185.00,2017,O.bulk,Me.Ag,1.184,7.1,0.28,10120
7855,COM01185.00,2017,O.bulk,Me.Au,1.287,2.7,0.82,10120
7856,COM01188.00,2016,Con.bulk,Me.Cu,93700,,,
7857,COM01188.00,2016,Con.bulk,Me.Mo,10024.391,,,
7858,COM01188.00,2017,Con.bulk,Me.Cu,97100,,,
7859,COM01188.00,2017,Con.bulk,Me.Mo,16193.248,,,
7860,COM01188.00,2018,Con.bulk,Me.Cu,96900,,,
7861,COM01188.00,2018,Con.bulk,Me.Mo,12110.916,,,
7862,COM01190.00,2000,O.Cu,Me.Cu,26500,2000,0,10140
7863,COM01190.00,2000,O.Cu,Me.Cu,95900,2900,0,10141
7864,COM01190.00,2001,O.Cu,Me.Cu,26300,2200,0,10143
7865,COM01190.00,2001,O.Cu,Me.Cu,94600,2900,0,10144
7866,COM01190.00,2002,O.Cu,Me.Cu,16200,2100,0,10146
7867,COM01190.00,2002,O.Cu,Me.Cu,60000,3200,0,10147
7868,COM01190.00,2003,O.Cu,Me.Cu,9300,2600,0,10149
7869,COM01190.00,2003,O.Cu,Me.Cu,66300,2900,0,10150
7870,COM01190.00,2004,,Me.Cu,70306.817,,,
7871,COM01190.00,2005,,Me.Cu,71667.594,,,
7872,COM01190.00,2006,,Me.Cu,73481.964,,,
7873,COM01190.00,2007,,Me.Cu,68038.856,,,
7874,COM01190.00,2008,,Me.Cu,85275.366,,,
7875,COM01190.00,2009,,Me.Cu,77110.703,,,
7876,COM01190.00,2010,,Me.Cu,66678.078,,,
7877,COM01190.00,2011,,Me.Cu,80285.849,,,
7878,COM01190.00,2012,,Me.Cu,71214.002,,,
7879,COM01190.00,2013,,Me.Cu,77564.295,,,
7880,COM01190.00,2014,,Me.Cu,88450.512,,,
7881,COM01190.00,2015,,Me.Cu,85728.958,,,
7882,COM01190.00,2016,,Me.Cu,73481.964,,,
7883,COM01190.00,2017,,Me.Cu,72574.779,,,
7884,COM01190.00,2018,,Me.Cu,68946.04,,,
7885,COM01190.00,2019,,Me.Cu,72574.779,,,
7886,COM01191.00,2004,O.Au,Me.Au,4.151,1.1,1.004516,10152
7887,COM01191.00,2005,O.Au,Me.Au,8.205,1.21,0.687324,10154
7888,COM01191.00,2006,O.Au,Me.Au,8.538,1.08,0.893076,10156
7889,COM01191.00,2007,O.Au,Me.Au,9.339,0.956369,,10158
7890,COM01191.00,2008,O.Au,Me.Au,11.106,1.09772,,10160
7891,COM01191.00,2009,O.Au,Me.Au,10.539,1.11,0.884967,10162
7892,COM01191.00,2010,O.Au,Me.Au,9.105,0.97,1.172202,10164
7893,COM01191.00,2011,O.Au,Me.Au,8.305,0.79,1.7394,10166
7894,COM01191.00,2012,O.Au,Me.Au,8.238,0.76,1.897864,10168
7895,COM01191.00,2013,O.Au,Me.Au,8.938,0.82,1.637215,10170
7896,COM01191.00,2014,O.Au,Me.Au,9.672,0.89,1.380345,10172
7897,COM01191.00,2015,O.Au,Me.Au,8.505,0.8,1.729116,10174
7898,COM01191.00,2016,O.Au,Me.Au,8.638,0.79,1.77568,10176
7899,COM01191.00,2017,O.Au,Me.Au,10.806,1.01,1.067144,10178
7900,COM01191.00,2018,O.Au,Me.Au,8.071,0.85,1.526195,10180
7901,COM01193.00,2018,O.bulk,Me.Ag,5.158,175.483548,0.596,10182
7902,COM01193.00,2018,O.bulk,Me.Pb,939.849,40000,0.525,10182
7903,COM01193.00,2018,O.bulk,Me.Zn,1896.483,62000,0.678,10182
7904,COM01193.00,2019,O.bulk,Me.Ag,32.883,193.910738,0.718,10184
7905,COM01193.00,2019,O.bulk,Me.Pb,7509.498,48000,0.726,10184
7906,COM01193.00,2019,O.bulk,Me.Zn,7757.978,71000,0.508,10184
7907,COM01195.00,2008,O.Au,Me.Au,1.028,2.95,0.843,10186
7908,COM01195.00,2009,O.Au,Me.Au,2.258,1.64,0.832,10188
7909,COM01195.00,2010,O.Au,Me.Au,2.001,1.18,0.879,10190
7910,COM01195.00,2014,O.Au,Me.Au,1.376,1,0.8,10192
7911,COM01195.00,2015,O.Au,Me.Au,2.475,1.1,0.84,10194
7912,COM01195.00,2016,O.Au,Me.Au,3.43,1.26,0.82,10196
7913,COM01195.00,2017,O.Au,Me.Au,3.609,1.19,0.82,10198
7914,COM01195.00,2018,O.Au,Me.Au,4.188,1.35,0.85,10200
7915,COM01195.00,2019,O.Au,Me.Au,4.422,1.64,0.87,10202
7916,COM01195.00,2020,O.Au,Me.Au,3.237,1.17,0.83,10204
7917,COM01197.00,2008,O.Ni,Me.Ni,300,8108.108108,,10206
7918,COM01197.00,2009,O.Ni,Me.Ni,6000,19933.554817,,10208
7919,COM01197.00,2010,O.Ni,Me.Ni,3000,20134.228188,,10210
7920,COM01197.00,2011,O.Ni,Me.Ni,6000,17595.307918,,10212
7921,COM01200.00,2018,O.Au,Me.Au,1.102,1.7,0.961,10236
7922,COM01200.00,2019,O.Au,Me.Au,2.483,1.71,0.95,10238
7923,COM01200.00,2020,O.Au,Me.Au,2.675,1.79,0.949,10240
7924,COM01201.00,2003,O.Zn,Me.Zn,47400,120000,0,10242
7925,COM01201.00,2004,O.Zn,Me.Zn,119200,123000,0,10244
7926,COM01201.00,2005,O.Zn,Me.Zn,132800,124000,0,10246
7927,COM01201.00,2006,O.Zn,Me.Zn,129900,117000,0,10248
7928,COM01201.00,2007,O.Zn,Me.Zn,150100,117000,0,10250
7929,COM01201.00,2008,O.Zn,Me.Zn,145400,117000,0,10252
7930,COM01201.00,2009,O.Zn,Me.Zn,150400,115000,0,10254
7931,COM01201.00,2010,O.Zn,Me.Zn,155661.849,111000,0.903,10256
7932,COM01201.00,2011,O.Zn,Me.Zn,35686.503,114000,0.905,10258
7933,COM01201.00,2012,O.Zn,Me.Zn,159313.856,104000,0.914,10260
7934,COM01201.00,2013,O.Zn,Me.Zn,154964.626,103000,0.904,10262
7935,COM01201.00,2014,O.Zn,Me.Zn,115069.759,102000,0.901,10264
7936,COM01201.00,2015,O.Zn,Me.Zn,106708.311,90000,0.882,10266
7937,COM01201.00,2016,O.Zn,Me.Zn,80167.715,75300,0.855,10268
7938,COM01201.00,2017,O.Zn,Me.Zn,85006.46,84000,0.839,10270
7939,COM01201.00,2018,O.Zn,Me.Zn,35760.003,82000,0.812,10272
7940,COM01201.00,2019,O.Zn,Me.Zn,59367.71,76000,0.774,10274
7941,COM01205.00,2010,O.bulk,Me.Ag,1.468,0.152166,,10276
7942,COM01205.00,2010,O.bulk,Me.Au,3.101,0.32139,,10276
7943,COM01205.00,2011,O.bulk,Me.Ag,2.531,0.206376,,10278
7944,COM01205.00,2011,O.bulk,Me.Au,4.486,0.365748,,10278
7945,COM01205.00,2012,O.bulk,Me.Ag,1.468,0.095842,,10280
7946,COM01205.00,2012,O.bulk,Me.Au,3.037,0.19829,,10280
7947,COM01205.00,2013,O.bulk,Me.Ag,0.861,0.128411,,10282
7948,COM01205.00,2013,O.bulk,Me.Au,1.338,0.19967,,10282
7949,COM01208.00,2003,O.Ni,Me.Ni,74318.1,19100,0,10284
7950,COM01208.00,2004,O.Ni,Me.Ni,80475,18500,0,10286
7951,COM01208.00,2005,O.Ni,Me.Ni,86277.6,18400,0,10288
7952,COM01208.00,2006,O.Ni,Me.Ni,86950.5,19500,0,10290
7953,COM01208.00,2007,O.Ni,Me.Ni,93684.5,20300,0,10292
7954,COM01208.00,2008,O.Ni,Me.Ni,88566.4,20800,0,10294
7955,COM01208.00,2009,O.Ni,Me.Ni,72679.6,20200,0,10296
7956,COM01208.00,2010,O.Ni,Me.Ni,83520,20000,0,10298
7957,COM01208.00,2011,O.Ni,Me.Ni,75036,19500,0,10300
7958,COM01208.00,2012,O.Ni,Me.Ni,74295.6,20200,0,10302
7959,COM01208.00,2013,O.Ni,Me.Ni,87380,20000,0,10304
7960,COM01208.00,2014,O.Ni,Me.Ni,87380.9,19900,0,10306
7961,COM01208.00,2015,O.Ni,Me.Ni,93410.6,19900,0,10308
7962,COM01208.00,2016,O.Ni,Me.Ni,90864.4,19300,0,10310
7963,COM01208.00,2017,O.Ni,Me.Ni,86354.1,18900,0,10312
7964,COM01208.00,2018,O.Ni,Me.Ni,84911,19000,0,10314
7965,COM01208.00,2019,O.Ni,Me.Ni,81005.4,18900,0,10316
7966,COM01209.00,2004,O.Cu,Me.Cu,73000,,,
7967,COM01209.00,2005,O.Cu,Me.Cu,107000,,,
7968,COM01209.00,2006,O.Cu,Me.Cu,117000,,,
7969,COM01209.00,2007,O.Cu,Me.Cu,118000,,,
7970,COM01209.00,2008,O.Cu,Me.Cu,126000,,,
7971,COM01209.00,2009,O.Cu,Me.Cu,117000,,,
7972,COM01209.00,2010,O.Cu,Me.Cu,117000,,,
7973,COM01209.00,2011,O.Cu,Me.Au,2.799,,,
7974,COM01209.00,2011,O.Cu,Me.Cu,109000,,,
7975,COM01209.00,2012,O.Cu,Me.Au,2.333,,,
7976,COM01209.00,2012,O.Cu,Me.Cu,110000,,,
7977,COM01209.00,2013,O.Cu,Me.Au,2.426,,,
7978,COM01209.00,2013,O.Cu,Me.Cu,119000,,,
7979,COM01209.00,2014,O.Cu,Me.Au,2.426,0.160614,,10318
7980,COM01209.00,2014,O.Cu,Me.Cu,110000,8600,0,10318
7981,COM01209.00,2015,O.Cu,Me.Au,2.488,0.193535,,10320
7982,COM01209.00,2015,O.Cu,Me.Cu,104000,9300,0,10320
7983,COM01209.00,2016,O.Cu,Me.Au,2.084,0.164257,,10322
7984,COM01209.00,2016,O.Cu,Me.Cu,93000,8200,0,10322
7985,COM01209.00,2017,O.Cu,Me.Au,2.022,0.163306,,10324
7986,COM01209.00,2017,O.Cu,Me.Cu,100000,8100,0,10324
7987,COM01209.00,2018,O.Cu,Me.Au,1.835,0.117154,,10326
7988,COM01209.00,2018,O.Cu,Me.Cu,92000,7200,0,10326
7989,COM01209.00,2019,O.Cu,Me.Au,1.337,0.113971,,10328
7990,COM01209.00,2019,O.Cu,Me.Cu,66000,7900,0,10328
7991,COM01212.00,2015,O.Au,Me.Au,0.606,0.9,0.8425,10330
7992,COM01212.00,2016,O.Au,Me.Au,1.412,1.76,0.9049,10332
7993,COM01212.00,2017,O.Au,Me.Au,2.454,2.75,0.9011,10334
7994,COM01215.00,2005,O.Au,Me.Au,2.488,3.05,0.93,10336
7995,COM01215.00,2006,O.Au,Me.Au,5.288,2.4,0.91,10338
7996,COM01215.00,2007,O.Au,Me.Au,5.324,2.6,0.92,10340
7997,COM01215.00,2008,O.Au,Me.Au,4.898,2.5,0.88,10342
7998,COM01215.00,2009,O.Au,Me.Au,4.855,2.5,0.88,10344
7999,COM01215.00,2010,O.Au,Me.Au,3.79,3.4,0.86,10346
8000,COM01215.00,2011,O.Au,Me.Au,3.741,3.4,0.92,10348
8001,COM01215.00,2012,O.Au,Me.Au,3.029,1.9,0.89,10350
8002,COM01215.00,2013,O.Au,Me.Au,0.979,1.4,0.86,10352
8003,COM01216.00,2013,Con.Fe,Me.Fe,7278573.5,665500,0,10353
8004,COM01216.00,2014,Con.Fe,Me.Fe,7288556,665500,0,10354
8005,COM01216.00,2015,Con.Fe,Me.Fe,7579379.5,665500,0,10355
8006,COM01217.00,2013,O.Fe,Me.Fe,1476056,601000,0,10359
8007,COM01217.00,2014,O.Fe,Me.Fe,2208513,599000,0,10361
8008,COM01217.00,2015,O.Fe,Me.Fe,2246125,595000,0,10363
8009,COM01227.00,2017,O.pgm,Me.pgm,11.695,15.01,0.9095,10376
8010,COM01227.00,2018,O.pgm,Me.pgm,18.444,15.01,0.9129,10378
8011,COM01228.00,2001,O.bulk,Me.Cu,25820,10000,0,10380
8012,COM01228.00,2001,O.bulk,Me.Ni,28402,11000,0,10380
8013,COM01228.00,2002,O.bulk,Me.Cu,25407.2,9100,0,10382
8014,COM01228.00,2002,O.bulk,Me.Ni,27361.6,9800,0,10382
8015,COM01228.00,2003,O.bulk,Me.Cu,18442.6,8300,0,10384
8016,COM01228.00,2003,O.bulk,Me.Ni,19998,9000,0,10384
8017,COM01228.00,2004,O.bulk,Me.Cu,24941.5,8300,0,10386
8018,COM01228.00,2004,O.bulk,Me.Ni,26444,8800,0,10386
8019,COM01228.00,2005,O.bulk,Me.Cu,23842.2,7900,0,10388
8020,COM01228.00,2005,O.bulk,Me.Ni,25954.8,8600,0,10388
8021,COM01228.00,2006,O.bulk,Me.Cu,19094.4,6800,0,10390
8022,COM01228.00,2006,O.bulk,Me.Ni,21060,7500,0,10390
8023,COM01228.00,2007,O.bulk,Me.Cu,19380,6800,0,10392
8024,COM01228.00,2007,O.bulk,Me.Ni,20520,7200,0,10392
8025,COM01228.00,2008,O.bulk,Me.Cu,18798,6500,0,10394
8026,COM01228.00,2008,O.bulk,Me.Ni,20822.4,7200,0,10394
8027,COM01228.00,2009,O.bulk,Me.Cu,7667.2,6400,0,10396
8028,COM01228.00,2009,O.bulk,Me.Ni,8625.6,7200,0,10396
8029,COM01228.00,2010,O.bulk,Me.Cu,4572.5,5900,0,10398
8030,COM01228.00,2010,O.bulk,Me.Ni,5347.5,6900,0,10398
8031,COM01228.00,2011,O.bulk,Me.Cu,9564.8,6100,0,10400
8032,COM01228.00,2011,O.bulk,Me.Ni,11603.2,7400,0,10400
8033,COM01228.00,2012,O.bulk,Me.Cu,11233.6,5600,0,10402
8034,COM01228.00,2012,O.bulk,Me.Ni,13239.6,6600,0,10402
8035,COM01228.00,2013,O.bulk,Me.Cu,11133.3,5900,0,10404
8036,COM01228.00,2013,O.bulk,Me.Ni,12265.5,6500,0,10404
8037,COM01228.00,2014,O.bulk,Me.Cu,12116.2,5800,0,10406
8038,COM01228.00,2014,O.bulk,Me.Ni,13787.4,6600,0,10406
8039,COM01228.00,2015,O.bulk,Me.Cu,9267.3,6300,0,10408
8040,COM01228.00,2015,O.bulk,Me.Ni,10738.3,7300,0,10408
8041,COM01228.00,2016,O.bulk,Me.Cu,7826.1,5700,0,10410
8042,COM01228.00,2016,O.bulk,Me.Ni,8787.2,6400,0,10410
8043,COM01228.00,2017,O.bulk,Me.Cu,2374.4,5300,0,10412
8044,COM01228.00,2017,O.bulk,Me.Ni,2777.6,6200,0,10412
8045,COM01229.00,2005,Con.Fe,Me.Fe,7182000,665000,0,10418
8046,COM01229.00,2005,O.Fe,Me.Fe,572000,520000,0,10419
8047,COM01229.00,2006,Con.Fe,Me.Fe,7514500,665000,0,10420
8048,COM01229.00,2006,O.Fe,Me.Fe,728000,520000,0,10421
8049,COM01229.00,2007,Con.Fe,Me.Fe,7714000,665000,0,10422
8050,COM01229.00,2007,O.Fe,Me.Fe,884000,520000,0,10423
8051,COM01229.00,2008,Con.Fe,Me.Fe,7647500,665000,0,10424
8052,COM01229.00,2008,O.Fe,Me.Fe,832000,520000,0,10425
8053,COM01229.00,2009,Con.Fe,Me.Fe,7248500,665000,0,10426
8054,COM01229.00,2009,O.Fe,Me.Fe,884000,520000,0,10427
8055,COM01230.00,2004,O.bulk,Me.Cu,8254,31000,0.9,
8056,COM01230.00,2004,O.bulk,Me.Zn,22348,84000,0.91,
8057,COM01230.00,2005,O.bulk,Me.Cu,10839,37000,0.92,10447
8058,COM01230.00,2005,O.bulk,Me.Zn,32024,109000,0.93,10447
8059,COM01230.00,2006,O.bulk,Me.Cu,10642,32000,0.91,10449
8060,COM01230.00,2006,O.bulk,Me.Zn,27824,85000,0.91,10449
8061,COM01230.00,2007,O.bulk,Me.Cu,3870,16000,0.91,10451
8062,COM01230.00,2007,O.bulk,Me.Zn,13944,59000,0.92,10451
8063,COM01232.00,2006,O.Zn,Me.Ni,24000,7058.823529,,10453
8064,COM01232.00,2007,O.Zn,Me.Ni,26000,7647.058824,,10455
8065,COM01232.00,2008,O.Zn,Me.Ni,26000,8125,,10457
8066,COM01232.00,2009,O.Zn,Me.Ni,29000,12083.333333,,10459
8067,COM01232.00,2010,O.Zn,Me.Cu,29000,12083.333333,,10461
8068,COM01232.00,2010,O.Zn,Me.Ni,43000,17916.666667,,10461
8069,COM01232.00,2011,O.Zn,Me.Cu,39000,15000,,10463
8070,COM01232.00,2011,O.Zn,Me.Ni,45000,17307.692308,,10463
8071,COM01232.00,2012,O.bulk,Me.Co,600,,,
8072,COM01232.00,2012,O.bulk,Me.Cu,57800,,,
8073,COM01232.00,2012,O.bulk,Me.Ni,42200,,,
8074,COM01232.00,2013,O.bulk,Me.Co,700,,,
8075,COM01232.00,2013,O.bulk,Me.Cu,54300,,,
8076,COM01232.00,2013,O.bulk,Me.Ni,47600,,,
8077,COM01232.00,2014,O.bulk,Me.Ag,19.346,,,
8078,COM01232.00,2014,O.bulk,Me.Au,1.151,,,
8079,COM01232.00,2014,O.bulk,Me.Co,800,,,
8080,COM01232.00,2014,O.bulk,Me.Cu,54000,,,
8081,COM01232.00,2014,O.bulk,Me.Ni,51900,,,
8082,COM01232.00,2014,O.bulk,Me.Pd,4.634,,,
8083,COM01232.00,2014,O.bulk,Me.Pt,2.55,,,
8084,COM01232.00,2014,O.bulk,Me.Rh,0.124,,,
8085,COM01232.00,2015,O.bulk,Me.Ag,18.973,,,
8086,COM01232.00,2015,O.bulk,Me.Au,1.089,,,
8087,COM01232.00,2015,O.bulk,Me.Co,800,,,
8088,COM01232.00,2015,O.bulk,Me.Cu,46000,,,
8089,COM01232.00,2015,O.bulk,Me.Ni,49600,,,
8090,COM01232.00,2015,O.bulk,Me.Pd,4.883,,,
8091,COM01232.00,2015,O.bulk,Me.Pt,2.364,,,
8092,COM01232.00,2015,O.bulk,Me.Rh,0.156,,,
8093,COM01232.00,2016,O.bulk,Me.Ag,19.409,,,
8094,COM01232.00,2016,O.bulk,Me.Au,1.151,,,
8095,COM01232.00,2016,O.bulk,Me.Co,1000,,,
8096,COM01232.00,2016,O.bulk,Me.Cu,51200,,,
8097,COM01232.00,2016,O.bulk,Me.Ni,66200,,,
8098,COM01232.00,2016,O.bulk,Me.Pd,5.381,,,
8099,COM01232.00,2016,O.bulk,Me.Pt,2.799,,,
8100,COM01232.00,2016,O.bulk,Me.Rh,0.187,,,
8101,COM01232.00,2017,O.bulk,Me.Ag,20.311,,,
8102,COM01232.00,2017,O.bulk,Me.Au,0.995,,,
8103,COM01232.00,2017,O.bulk,Me.Co,800,,,
8104,COM01232.00,2017,O.bulk,Me.Cu,43600,,,
8105,COM01232.00,2017,O.bulk,Me.Ni,57500,,,
8106,COM01232.00,2017,O.bulk,Me.Pd,4.23,,,
8107,COM01232.00,2017,O.bulk,Me.Pt,2.333,,,
8108,COM01232.00,2017,O.bulk,Me.Rh,0.187,,,
8109,COM01232.00,2018,O.bulk,Me.Ag,14.432,,,
8110,COM01232.00,2018,O.bulk,Me.Au,0.902,,,
8111,COM01232.00,2018,O.bulk,Me.Co,900,,,
8112,COM01232.00,2018,O.bulk,Me.Cu,41400,,,
8113,COM01232.00,2018,O.bulk,Me.Ni,60000,,,
8114,COM01232.00,2018,O.bulk,Me.Pd,3.701,,,
8115,COM01232.00,2018,O.bulk,Me.Pt,1.804,,,
8116,COM01232.00,2018,O.bulk,Me.Rh,0.124,,,
8117,COM01232.00,2019,O.bulk,Me.Ag,15.769,,,
8118,COM01232.00,2019,O.bulk,Me.Au,0.902,,,
8119,COM01232.00,2019,O.bulk,Me.Co,700,,,
8120,COM01232.00,2019,O.bulk,Me.Cu,44200,,,
8121,COM01232.00,2019,O.bulk,Me.Ni,60300,,,
8122,COM01232.00,2019,O.bulk,Me.Pd,3.484,,,
8123,COM01232.00,2019,O.bulk,Me.Pt,1.586,,,
8124,COM01232.00,2019,O.bulk,Me.Rh,0.124,,,
8125,COM01241.00,2016,O.Au,Me.Au,17.137,1.65,0.894,10465
8126,COM01241.00,2017,O.Au,Me.Au,16.939,1.54,0.881,10467
8127,COM01241.00,2018,O.Au,Me.Au,14.692,1.26,0.887,10469
8128,COM01243.00,2001,O.Au,Me.Au,8.363,3.81,0.075321,10478
8129,COM01243.00,2002,O.Au,Me.Au,10.83,3.49,0.089959,10480
8130,COM01243.00,2003,O.Au,Me.Au,10.149,3.12,0.113689,10482
8131,COM01243.00,2004,O.Au,Me.Au,11.623,3.46,0.092002,10484
8132,COM01243.00,2005,O.Au,Me.Au,12.899,3.68,0.07584,10486
8133,COM01243.00,2006,O.Au,Me.Au,13.183,3.39,0.089508,10488
8134,COM01243.00,2007,O.Au,Me.Au,17.01,4.47624,,10490
8135,COM01243.00,2008,O.Au,Me.Au,12.275,3.230354,,10492
8136,COM01243.00,2009,O.Au,Me.Au,11.368,3.22,0.106541,10494
8137,COM01243.00,2010,O.Au,Me.Au,11.226,3.4,0.094315,10496
8138,COM01243.00,2011,O.Au,Me.Au,6.974,2.16,0.238983,10498
8139,COM01243.00,2012,O.Au,Me.Au,7.314,2.39,0.194498,10500
8140,COM01243.00,2013,O.Au,Me.Au,7.824,2.46,0.181835,10502
8141,COM01243.00,2014,O.Au,Me.Au,7.428,2.13,0.240191,10504
8142,COM01243.00,2015,O.Au,Me.Au,6.123,1.97,0.323295,10506
8143,COM01243.00,2016,O.Au,Me.Au,6.464,1.98,0.312546,10508
8144,COM01243.00,2017,O.Au,Me.Au,6.747,2.02,0.293485,10510
8145,COM01243.00,2018,O.Au,Me.Au,8.193,2.73,0.178836,10512
8146,COM01251.00,2000,O.bulk,Me.Ag,57.02,105.751821,1.76e-4,10536
8147,COM01251.00,2000,O.bulk,Me.Pb,17143,23000,0.7067,10536
8148,COM01251.00,2000,O.bulk,Me.Zn,46546,55000,0.793,10536
8149,COM01251.00,2001,O.bulk,Me.Ag,107.413,130.634603,8.7e-5,10538
8150,COM01251.00,2001,O.bulk,Me.Pb,16918,22000,0.6406,10538
8151,COM01251.00,2001,O.bulk,Me.Zn,50034,55000,0.7461,10538
8152,COM01251.00,2002,O.bulk,Me.Ag,75.263,80.558005,2.18e-4,10540
8153,COM01251.00,2002,O.bulk,Me.Pb,19484,22400,0.6585,10540
8154,COM01251.00,2002,O.bulk,Me.Zn,60968,59400,0.7763,10540
8155,COM01251.00,2003,O.bulk,Me.Ag,90.057,91.133187,1.72e-4,10542
8156,COM01251.00,2003,O.bulk,Me.Pb,21766,23200,0.665,10542
8157,COM01251.00,2003,O.bulk,Me.Zn,61733,55500,0.7889,10542
8158,COM01251.00,2004,O.bulk,Me.Ag,105.713,100.46423,1.41e-4,10544
8159,COM01251.00,2004,O.bulk,Me.Pb,27069,28900,0.6282,10544
8160,COM01251.00,2004,O.bulk,Me.Zn,63448,58200,0.73,10544
8161,COM01251.00,2005,O.bulk,Me.Ag,136.683,125.347012,8.8e-5,10546
8162,COM01251.00,2005,O.bulk,Me.Pb,26244,29200,0.6,10546
8163,COM01251.00,2005,O.bulk,Me.Zn,62997,59500,0.699,10546
8164,COM01251.00,2006,O.bulk,Me.Ag,319.382,254.115405,2e-5,10548
8165,COM01251.00,2006,O.bulk,Me.Pb,33408,33100,0.6188,10548
8166,COM01251.00,2006,O.bulk,Me.Zn,72422,59000,0.7518,10548
8167,COM01251.00,2007,O.bulk,Me.Ag,220.075,154.58428,6e-5,10550
8168,COM01251.00,2007,O.bulk,Me.Pb,34867,26600,0.6377,10550
8169,COM01251.00,2007,O.bulk,Me.Zn,93505,60800,0.7482,10550
8170,COM01251.00,2008,O.bulk,Me.Ag,139.574,105.129752,1.38e-4,10552
8171,COM01251.00,2008,O.bulk,Me.Pb,27525,23800,0.5701,10552
8172,COM01251.00,2008,O.bulk,Me.Zn,89949,61000,0.7269,10552
8173,COM01251.00,2009,O.bulk,Me.Ag,113.547,90.822152,0.644,10554
8174,COM01251.00,2009,O.bulk,Me.Pb,22195,19000,0.602,10554
8175,COM01251.00,2009,O.bulk,Me.Zn,74615,53300,0.722,10554
8176,COM01251.00,2010,O.bulk,Me.Ag,59.142,71.537997,0.691,10556
8177,COM01251.00,2010,O.bulk,Me.Pb,12768,16800,0.66,10556
8178,COM01251.00,2010,O.bulk,Me.Zn,38955,46900,0.7217,10556
8179,COM01251.00,2011,O.bulk,Me.Ag,58.357,83.046283,0.761,10558
8180,COM01251.00,2011,O.bulk,Me.Pb,10432,16900,0.6657,10558
8181,COM01251.00,2011,O.bulk,Me.Zn,25968,39000,0.7192,10558
8182,COM01251.00,2012,O.bulk,Me.Ag,43.847,41.056589,0.632,10560
8183,COM01251.00,2012,O.bulk,Me.Pb,9665,11000,0.5725,10560
8184,COM01251.00,2012,O.bulk,Me.Zn,30180,29300,0.6711,10560
8185,COM01251.00,2013,O.bulk,Me.Ag,36.885,43.855902,0.66,10562
8186,COM01251.00,2013,O.bulk,Me.Pb,9036,12200,0.5823,10562
8187,COM01251.00,2013,O.bulk,Me.Zn,24219,29600,0.6419,10562
8188,COM01251.00,2014,O.bulk,Me.Ag,18.764,59.718675,0.643,10564
8189,COM01251.00,2014,O.bulk,Me.Pb,3459,12000,0.5642,10564
8190,COM01251.00,2014,O.bulk,Me.Zn,10126,31200,0.6706,10564
8191,COM01251.00,2015,O.bulk,Me.Ag,87.434,41.678659,0.6752,10566
8192,COM01251.00,2015,O.bulk,Me.Pb,18854,10300,0.5873,10566
8193,COM01251.00,2015,O.bulk,Me.Zn,53319,27700,0.6196,10566
8194,COM01251.00,2016,O.bulk,Me.Ag,57.076,27.37106,0.5955,10568
8195,COM01251.00,2016,O.bulk,Me.Pb,12860,7700,0.4761,10568
8196,COM01251.00,2016,O.bulk,Me.Zn,57385,26700,0.6113,10568
8197,COM01251.00,2017,O.bulk,Me.Ag,94.289,41.056589,0.723,10570
8198,COM01251.00,2017,O.bulk,Me.Pb,20313,11300,0.5671,10570
8199,COM01251.00,2017,O.bulk,Me.Zn,51511,27400,0.5933,10570
8200,COM01251.00,2018,O.bulk,Me.Ag,78.32,35.146929,0.6525,10572
8201,COM01251.00,2018,O.bulk,Me.Pb,20582,11100,0.5241,10572
8202,COM01251.00,2018,O.bulk,Me.Zn,45593,23000,0.5778,10572
8203,COM01251.00,2019,O.bulk,Me.Ag,92.494,42.922798,0.6332,10574
8204,COM01251.00,2019,O.bulk,Me.Pb,23599,12600,0.5497,10574
8205,COM01251.00,2019,O.bulk,Me.Zn,43580,24200,0.55,10574
8206,COM01253.00,2017,O.Au,Me.Au,1.424,,,
8207,COM01253.00,2018,O.Au,Me.Au,3.237,,,
8208,COM01255.00,2017,O.bulk,Me.Ag,55.614,264.38,0.6212,10609
8209,COM01255.00,2017,O.bulk,Me.Au,1.996,6.99,0.8359,10609
8210,COM01255.00,2017,O.bulk,Me.Pb,2070,17200,0,10609
8211,COM01255.00,2017,O.bulk,Me.Zn,2906,23500,0,10609
8212,COM01255.00,2018,O.bulk,Me.Ag,122.217,252.25,0.8511,10611
8213,COM01255.00,2018,O.bulk,Me.Au,4.017,7.75,0.9115,10611
8214,COM01255.00,2018,O.bulk,Me.Pb,4220,14900,0,10611
8215,COM01255.00,2018,O.bulk,Me.Zn,8685,21600,0,10611
8216,COM01255.00,2019,O.bulk,Me.Ag,79.504,141.21,0.8776,10613
8217,COM01255.00,2019,O.bulk,Me.Au,3.087,5.8,0.831,10613
8218,COM01255.00,2019,O.bulk,Me.Pb,7603,13500,0,10613
8219,COM01255.00,2019,O.bulk,Me.Zn,9672,19900,0,10613
8220,COM01256.00,2006,O.Au,Me.Au,11.829,,,
8221,COM01256.00,2007,O.Au,Me.Au,12.084,4.397562,,10615
8222,COM01256.00,2008,O.Au,Me.Au,10.386,3.649513,,10617
8223,COM01256.00,2009,O.Au,Me.Au,8.179,3.233616,,10619
8224,COM01256.00,2010,O.Au,Me.Au,7.075,4.672691,,10621
8225,COM01256.00,2011,O.Au,Me.Au,6.254,3.419677,,10623
8226,COM01256.00,2012,O.Au,Me.Au,5.179,3.740933,,10625
8227,COM01256.00,2013,O.Au,Me.Au,9.141,5.078603,,10627
8228,COM01256.00,2014,O.Au,Me.Au,9.764,4.759945,,10629
8229,COM01256.00,2015,O.Au,Me.Au,12.36,5.159613,0.966,10631
8230,COM01256.00,2016,O.Au,Me.Au,13.012,5.102914,0.964,10633
8231,COM01256.00,2017,O.Au,Me.Au,11.878,4.507574,0.961,10635
8232,COM01256.00,2018,O.Au,Me.Au,14.061,5.273011,0.977,10637
8233,COM01256.00,2019,O.Au,Me.Au,14.175,5.074565,0.976,10639
8234,COM01258.00,2011,O.bulk,Me.Ag,8.088,19.59519,0.025008,10641
8235,COM01258.00,2011,O.bulk,Me.Au,1.436,0.528759,5.221147,10641
8236,COM01258.00,2012,O.bulk,Me.Ag,28.592,16.41,0.02104,10643
8237,COM01258.00,2012,O.bulk,Me.Au,4.393,0.58,3.874031,10643
8238,COM01258.00,2013,O.bulk,Me.Ag,21.273,14.49,0.022546,10645
8239,COM01258.00,2013,O.bulk,Me.Au,4.437,0.75,2.088447,10645
8240,COM01258.00,2014,O.bulk,Me.Ag,23.461,11.08,0.03791,10647
8241,COM01258.00,2014,O.bulk,Me.Au,4.467,0.57,3.86997,10647
8242,COM01258.00,2015,O.bulk,Me.Ag,27.363,13,0.034256,10649
8243,COM01258.00,2015,O.bulk,Me.Au,4.503,0.5,5.412473,10649
8244,COM01258.00,2016,O.bulk,Me.Ag,22.123,12.25,0.039205,10651
8245,COM01258.00,2016,O.bulk,Me.Au,4.69,0.56,4.044945,10651
8246,COM01258.00,2017,O.bulk,Me.Ag,24.909,12.3,0.042813,10653
8247,COM01258.00,2017,O.bulk,Me.Au,4.71,0.46,6.054037,10653
8248,COM01258.00,2018,O.bulk,Me.Ag,24.606,7.45,0.073013,10655
8249,COM01258.00,2018,O.bulk,Me.Au,5.386,0.58,4.284293,10655
8250,COM01258.00,2019,O.bulk,Me.Ag,23.459,10.64,0.055604,10657
8251,COM01258.00,2019,O.bulk,Me.Au,5.044,0.54,5.095197,10657
8252,COM01261.00,2000,Con.Pb,Me.Pb,35129,646000,0,10684
8253,COM01261.00,2000,Con.Zn,Me.Zn,151980,560000,0,10685
8254,COM01261.00,2001,Con.Pb,Me.Pb,27420,623000,0,10688
8255,COM01261.00,2001,Con.Zn,Me.Zn,146197,555000,0,10689
8256,COM01261.00,2002,Con.Pb,Me.Pb,8280,633000,0,10692
8257,COM01261.00,2002,Con.Zn,Me.Zn,49061,551000,0,10693
8258,COM01261.00,2003,Con.Pb,Me.Pb,29502,623000,0,10696
8259,COM01261.00,2003,Con.Zn,Me.Zn,188367,562000,0,10697
8260,COM01261.00,2004,Con.Pb,Me.Pb,31590,604500,0,10700
8261,COM01261.00,2004,Con.Zn,Me.Zn,213150,559000,0,10701
8262,COM01261.00,2005,Con.Pb,Me.Pb,25653,576000,0,10704
8263,COM01261.00,2005,Con.Zn,Me.Zn,195843,546000,0,10705
8264,COM01261.00,2006,Con.Pb,Me.Pb,25580,588000,0,10708
8265,COM01261.00,2006,Con.Zn,Me.Zn,195001,548000,0,10709
8266,COM01261.00,2007,Con.Pb,Me.Pb,25618,609000,0,10712
8267,COM01261.00,2007,Con.Zn,Me.Zn,190916,545000,0,10713
8268,COM01261.00,2008,Con.Pb,Me.Pb,22631,567000,0,10716
8269,COM01261.00,2008,Con.Zn,Me.Zn,175006,547000,0,10717
8270,COM01261.00,2009,Con.bulk,Me.Ag,2.092,,,
8271,COM01261.00,2009,Con.Pb,Me.Pb,24000,575000,0,10720
8272,COM01261.00,2009,Con.Zn,Me.Zn,186000,539000,0,10721
8273,COM01261.00,2010,Con.bulk,Me.Ag,1.344,,,
8274,COM01261.00,2010,Con.Pb,Me.Pb,19000,537000,0,10724
8275,COM01261.00,2010,Con.Zn,Me.Zn,167000,530000,0,10725
8276,COM01261.00,2011,Con.bulk,Me.Ag,0.909,,,
8277,COM01261.00,2011,Con.Pb,Me.Pb,20000,588000,0,10728
8278,COM01261.00,2011,Con.Zn,Me.Zn,164000,533000,0,10729
8279,COM01261.00,2012,Con.bulk,Me.Ag,1.673,,,
8280,COM01261.00,2012,Con.Pb,Me.Pb,23000,552000,0,10732
8281,COM01261.00,2012,Con.Zn,Me.Zn,166000,544000,0,10733
8282,COM01261.00,2013,Con.bulk,Me.Ag,1.197,,,
8283,COM01261.00,2013,Con.Pb,Me.Pb,22000,561000,0,10736
8284,COM01261.00,2013,Con.Zn,Me.Zn,166000,559000,0,10737
8285,COM01261.00,2014,Con.bulk,Me.Ag,2.433,,,
8286,COM01261.00,2014,Con.Pb,Me.Pb,22000,531000,0,10740
8287,COM01261.00,2014,Con.Zn,Me.Zn,150000,560000,0,10741
8288,COM01261.00,2015,Con.bulk,Me.Ag,1.273,,,
8289,COM01261.00,2015,Con.Pb,Me.Pb,17000,499000,0,10744
8290,COM01261.00,2015,Con.Zn,Me.Zn,133000,548000,0,10745
8291,COM01261.00,2016,Con.bulk,Me.Ag,1.076,,,
8292,COM01261.00,2016,Con.Pb,Me.Pb,20000,528000,0,10748
8293,COM01261.00,2016,Con.Zn,Me.Zn,148000,552000,0,10749
8294,COM01261.00,2017,Con.bulk,Me.Ag,1.344,,,
8295,COM01261.00,2017,Con.Pb,Me.Pb,17000,547000,0,10752
8296,COM01261.00,2017,Con.Zn,Me.Zn,131000,546000,0,10753
8297,COM01261.00,2018,Con.bulk,Me.Ag,1.16,,,
8298,COM01261.00,2018,Con.Pb,Me.Pb,17000,570000,0,10756
8299,COM01261.00,2018,Con.Zn,Me.Zn,132000,544000,0,10757
8300,COM01265.00,2010,O.Au,Me.Au,,0.64,,
8301,COM01265.00,2010,O.Au,Me.Au,1.048,2.33,0.867,10762
8302,COM01265.00,2011,O.Au,Me.Au,,0.59,,
8303,COM01265.00,2011,O.Au,Me.Au,4.659,2.02,0.884,10765
8304,COM01265.00,2012,O.Au,Me.Au,,0.53,,
8305,COM01265.00,2012,O.Au,Me.Au,3.567,1.57,0.89,10768
8306,COM01265.00,2013,O.Au,Me.Au,,0.41,,
8307,COM01265.00,2013,O.Au,Me.Au,4.584,1.99,0.92,10771
8308,COM01265.00,2014,O.Au,Me.Au,,0.66,,
8309,COM01265.00,2014,O.Au,Me.Au,5.019,2.16,0.909,10774
8310,COM01265.00,2015,O.Au,Me.Au,,0.55,,
8311,COM01265.00,2015,O.Au,Me.Au,4.992,2.17,0.905,10777
8312,COM01265.00,2016,O.Au,Me.Au,,0.44,,
8313,COM01265.00,2016,O.Au,Me.Au,4.072,1.8,0.92,10780
8314,COM01265.00,2017,O.Au,Me.Au,,0.65,,
8315,COM01265.00,2017,O.Au,Me.Au,6.633,2.36,0.923,10783
8316,COM01265.00,2018,O.Au,Me.Au,,0.36,,
8317,COM01265.00,2018,O.Au,Me.Au,6.985,2.02,0.926,10786
8318,COM01266.00,2001,O.Au,Me.Au,8.108,4.42,0.055808,10788
8319,COM01266.00,2002,O.Au,Me.Au,8.817,4.45,0.056073,10790
8320,COM01266.00,2003,O.Au,Me.Au,9.129,4.24,0.062007,10792
8321,COM01266.00,2004,O.Au,Me.Au,8.306,3.87,0.07466,10794
8322,COM01266.00,2005,O.Au,Me.Au,7.513,3.96,0.070588,10796
8323,COM01266.00,2006,O.Au,Me.Au,4.99,3.76,0.079955,10798
8324,COM01266.00,2007,O.Au,Me.Au,4.678,3.341194,,10800
8325,COM01266.00,2008,O.Au,Me.Au,4.054,3.378318,,10802
8326,COM01266.00,2009,O.Au,Me.Au,3.515,3.32,0.10282,10804
8327,COM01266.00,2010,O.Au,Me.Au,2.679,3.32,0.101187,10806
8328,COM01267.00,2001,O.Au,Me.Au,17.633,11.020877,,10808
8329,COM01267.00,2002,O.Au,Me.Au,18.229,10.72279,,10810
8330,COM01267.00,2003,O.Au,Me.Au,18.314,10.772819,,10812
8331,COM01267.00,2004,O.Au,Me.Au,16.103,10.064081,,10814
8332,COM01267.00,2005,O.Au,Me.Au,14.231,8.894663,,10816
8333,COM01267.00,2006,O.Au,Me.Au,13.438,6.718837,,10818
8334,COM01267.00,2007,O.Au,Me.Au,11.595,6.441642,,10820
8335,COM01267.00,2008,O.Au,Me.Au,8.902,5.563594,,10822
8336,COM01267.00,2009,O.Au,Me.Au,6.18,4.120131,,10824
8337,COM01267.00,2010,O.Au,Me.Au,7.343,6.675024,,10826
8338,COM01267.00,2011,O.Au,Me.Au,6.917,6.917284,,10828
8339,COM01267.00,2012,O.Au,Me.Au,5.358,6.697575,,10830
8340,COM01267.00,2013,O.Au,Me.Au,6.662,6.662138,,10832
8341,COM01267.00,2014,O.Au,Me.Au,6.577,7.307877,,10834
8342,COM01267.00,2015,O.Au,Me.Au,5.925,7.406313,,10836
8343,COM01267.00,2016,O.Au,Me.Au,4.139,6.898384,,10838
8344,COM01267.00,2017,O.Au,Me.Au,2.58,6.449516,,10840
8345,COM01270.00,1998,O.bulk,Me.Au,9.949,,,
8346,COM01270.00,1999,O.bulk,Me.Au,10.921,,,
8347,COM01270.00,2000,O.bulk,Me.Au,8.305,,,
8348,COM01270.00,2001,O.bulk,Me.Au,1.815,,,
8349,COM01270.00,2005,O.bulk,Me.Au,6.772,0.9,0.851,10862
8350,COM01270.00,2005,O.bulk,Me.Cu,24628,4500,0.623,10862
8351,COM01270.00,2006,O.bulk,Me.Au,20.215,1.19,0.814,10864
8352,COM01270.00,2006,O.bulk,Me.Cu,38374,2800,0.666,10864
8353,COM01270.00,2007,O.bulk,Me.Au,19.502,1.16,0.769,10866
8354,COM01270.00,2007,O.bulk,Me.Cu,27820,2100,0.653,10866
8355,COM01270.00,2008,O.bulk,Me.Au,18.356,,,
8356,COM01270.00,2009,O.bulk,Me.Au,19.565,,,
8357,COM01270.00,2010,O.bulk,Me.Au,21.425,,,
8358,COM01270.00,2011,O.bulk,Me.Au,19.322,,,
8359,COM01270.00,2012,O.bulk,Me.Au,16.799,0.781348,,10868
8360,COM01270.00,2012,O.bulk,Me.Cu,0.97,0.045136,,10868
8361,COM01270.00,2013,O.bulk,Me.Au,16.343,0.758625,,10870
8362,COM01270.00,2013,O.bulk,Me.Cu,26453,1227.916261,,10870
8363,COM01270.00,2014,O.bulk,Me.Au,16.68,0.78333,,10872
8364,COM01270.00,2014,O.bulk,Me.Cu,25506,1197.802198,,10872
8365,COM01270.00,2015,O.bulk,Me.Ag,9.984,0.452204,,10874
8366,COM01270.00,2015,O.bulk,Me.Au,16.174,0.88,0.815,10874
8367,COM01270.00,2015,O.bulk,Me.Cu,23000,1041.713846,,10874
8368,COM01270.00,2016,O.bulk,Me.Ag,6.221,0.289308,,10876
8369,COM01270.00,2016,O.bulk,Me.Au,14.37,0.8,0.829,10876
8370,COM01270.00,2016,O.bulk,Me.Cu,19000,883.638731,,10876
8371,COM01270.00,2017,O.bulk,Me.Ag,7.123,0.336182,,10878
8372,COM01270.00,2017,O.bulk,Me.Au,12.006,0.7,0.794,10878
8373,COM01270.00,2017,O.bulk,Me.Cu,20000,943.975079,,10878
8374,COM01270.00,2018,O.bulk,Me.Ag,6.438,0.279615,,10880
8375,COM01270.00,2018,O.bulk,Me.Au,13.25,0.71,0.789,10880
8376,COM01270.00,2018,O.bulk,Me.Cu,16000,694.866672,,10880
8377,COM01273.00,2009,O.bulk,Me.Cu,70001,37000,0.92,10882
8378,COM01273.00,2010,O.bulk,Me.Co,9225,2449.548593,,10884
8379,COM01273.00,2010,O.bulk,Me.Cu,120271,35000,0.91,10884
8380,COM01273.00,2011,O.bulk,Me.Co,11182,2763.717252,,10886
8381,COM01273.00,2011,O.bulk,Me.Cu,127367,34000,0.93,10886
8382,COM01273.00,2012,O.bulk,Me.Co,11669,2457.666386,,10888
8383,COM01273.00,2012,O.bulk,Me.Cu,157671,36000,0.924,10888
8384,COM01273.00,2013,O.bulk,Me.Co,12751,2349.115696,,10890
8385,COM01273.00,2013,O.bulk,Me.Cu,209774,42000,0.914,10890
8386,COM01273.00,2014,O.bulk,Me.Co,13334,2482.129561,,10892
8387,COM01273.00,2014,O.bulk,Me.Cu,202648,41000,0.926,10892
8388,COM01273.00,2015,O.bulk,Me.Co,16014,2943.75,,10894
8389,COM01273.00,2015,O.bulk,Me.Cu,203964,40000,0.94,10894
8390,COM01275.00,2007,Con.Cu,Me.Cu,7516,227000,0,10903
8391,COM01275.00,2008,Con.Cu,Me.Cu,15426,245000,0,10906
8392,COM01275.00,2009,Con.Cu,Me.Ag,21.5,260.637653,,10909
8393,COM01275.00,2009,Con.Cu,Me.Au,0.136,1.642623,,10909
8394,COM01275.00,2009,Con.Cu,Me.Cu,20461,248000,0,10909
8395,COM01275.00,2018,Con.Cu,Me.Ag,0.731,480,4e-6,10917
8396,COM01275.00,2018,Con.Cu,Me.Au,0.003,2.1,0.226757,10917
8397,COM01275.00,2018,Con.Cu,Me.Cu,385.066,253000,0,10917
8398,COM01275.00,2018,Con.Pb,Me.Ag,6.671,964,1e-6,10918
8399,COM01275.00,2018,Con.Pb,Me.Au,0.028,4.1,0.059488,10918
8400,COM01275.00,2018,Con.Pb,Me.Pb,4172.76,603000,0,10918
8401,COM01275.00,2018,Con.Zn,Me.Zn,9684.26,566000,0,10919
8402,COM01275.00,2019,Con.Cu,Me.Ag,4.679,1008,1e-6,10922
8403,COM01275.00,2019,Con.Cu,Me.Au,0.03,6.5,0.023669,10922
8404,COM01275.00,2019,Con.Cu,Me.Cu,1183.71,255000,0,10922
8405,COM01275.00,2019,Con.Pb,Me.Ag,10.425,809,2e-6,10923
8406,COM01275.00,2019,Con.Pb,Me.Au,0.036,2.8,0.127551,10923
8407,COM01275.00,2019,Con.Pb,Me.Cu,322.15,25000,0,10923
8408,COM01275.00,2019,Con.Pb,Me.Pb,8466.102,657000,0,10923
8409,COM01275.00,2019,Con.Zn,Me.Zn,18429.768,567000,0,10924
8410,COM01275.00,2020,Con.Cu,Me.Ag,3.938,496,4e-6,10927
8411,COM01275.00,2020,Con.Cu,Me.Au,0.023,2.9,0.118906,10927
8412,COM01275.00,2020,Con.Cu,Me.Cu,2024.445,255000,0,10927
8413,COM01275.00,2020,Con.Pb,Me.Ag,7.055,1372,1e-6,10928
8414,COM01275.00,2020,Con.Pb,Me.Au,0.024,4.6,0.047259,10928
8415,COM01275.00,2020,Con.Pb,Me.Cu,143.976,28000,0,10928
8416,COM01275.00,2020,Con.Pb,Me.Pb,3326.874,647000,0,10928
8417,COM01275.00,2020,Con.Zn,Me.Zn,10057.356,534000,0,10929
8418,COM01276.00,2000,Con.Cu,Me.Cu,9190,239000,0,10932
8419,COM01276.00,2000,Con.Pb,Me.Pb,2963,276000,0,10933
8420,COM01276.00,2000,Con.Zn,Me.Zn,55067,541000,0,10934
8421,COM01276.00,2000,O.bulk,Me.Ag,63.423,38.023381,,10936
8422,COM01276.00,2000,O.bulk,Me.Au,1.682,1.008393,,10936
8423,COM01276.00,2001,Con.Cu,Me.Cu,9551,226000,0,10937
8424,COM01276.00,2001,Con.Pb,Me.Pb,3162,250000,0,10938
8425,COM01276.00,2001,Con.Zn,Me.Zn,49633,535000,0,10939
8426,COM01276.00,2001,O.bulk,Me.Ag,65.263,36.934352,,10941
8427,COM01276.00,2001,O.bulk,Me.Au,2.512,1.421619,,10941
8428,COM01276.00,2002,Con.Cu,Me.Cu,14162,224000,0,10942
8429,COM01276.00,2002,Con.Pb,Me.Pb,3218,275000,0,10943
8430,COM01276.00,2002,Con.Zn,Me.Zn,63242,541000,0,10944
8431,COM01276.00,2002,O.bulk,Me.Ag,72.984,40.456763,,10946
8432,COM01276.00,2002,O.bulk,Me.Au,2.63,1.457871,,10946
8433,COM01276.00,2003,Con.Cu,Me.Cu,23801,261000,0,10947
8434,COM01276.00,2003,Con.Pb,Me.Pb,2656,271000,0,10948
8435,COM01276.00,2003,Con.Zn,Me.Zn,76910,536000,0,10949
8436,COM01276.00,2003,O.bulk,Me.Ag,71.207,40.481524,,10951
8437,COM01276.00,2003,O.bulk,Me.Au,2.677,1.521887,,10951
8438,COM01276.00,2004,Con.Cu,Me.Cu,17287,270000,0,10952
8439,COM01276.00,2004,Con.Pb,Me.Pb,3720,301000,0,10953
8440,COM01276.00,2004,Con.Zn,Me.Zn,80481,537000,0,10954
8441,COM01276.00,2004,O.bulk,Me.Ag,77.091,43.456032,,10956
8442,COM01276.00,2004,O.bulk,Me.Au,3.026,1.70575,,10956
8443,COM01276.00,2005,Con.Cu,Me.Cu,20746,275000,0,10957
8444,COM01276.00,2005,Con.Pb,Me.Pb,3040,289000,0,10958
8445,COM01276.00,2005,Con.Zn,Me.Zn,87276,540000,0,10959
8446,COM01276.00,2005,O.bulk,Me.Ag,87.212,48.940516,,10961
8447,COM01276.00,2005,O.bulk,Me.Au,2.428,1.362514,,10961
8448,COM01276.00,2006,Con.Cu,Me.Cu,20098,279000,0,10962
8449,COM01276.00,2006,Con.Pb,Me.Pb,2099,311000,0,10963
8450,COM01276.00,2006,Con.Zn,Me.Zn,71650,545000,0,10964
8451,COM01276.00,2006,O.bulk,Me.Ag,67.828,40.397856,,10966
8452,COM01276.00,2006,O.bulk,Me.Au,1.9,1.131626,,10966
8453,COM01276.00,2007,Con.Cu,Me.Cu,11633,278000,0,10967
8454,COM01276.00,2007,Con.Pb,Me.Pb,3409,316000,0,10968
8455,COM01276.00,2007,Con.Zn,Me.Zn,70913,540000,0,10969
8456,COM01276.00,2007,O.bulk,Me.Ag,79.753,43.156385,,10971
8457,COM01276.00,2007,O.bulk,Me.Au,1.412,0.764069,,10971
8458,COM01276.00,2008,Con.Cu,Me.Cu,9413,290000,0,10972
8459,COM01276.00,2008,Con.Pb,Me.Pb,1896,417000,0,10973
8460,COM01276.00,2008,Con.Zn,Me.Zn,38479,547000,0,10974
8461,COM01276.00,2008,O.bulk,Me.Ag,47.671,35.18155,,10976
8462,COM01276.00,2008,O.bulk,Me.Au,1.141,0.842066,,10976
8463,COM01276.00,2009,Con.Cu,Me.Cu,8090,284000,0,10977
8464,COM01276.00,2009,Con.Pb,Me.Pb,1731,427000,0,10978
8465,COM01276.00,2009,Con.Zn,Me.Zn,31491,547000,0,10979
8466,COM01276.00,2009,O.bulk,Me.Ag,48.186,40.424497,,10981
8467,COM01276.00,2009,O.bulk,Me.Au,1.568,1.315436,,10981
8468,COM01276.00,2010,Con.Cu,Me.Cu,8000,264000,0,10982
8469,COM01276.00,2010,Con.Pb,Me.Pb,2000,415000,0,10983
8470,COM01276.00,2010,Con.Zn,Me.Zn,40000,547000,0,10984
8471,COM01276.00,2010,O.bulk,Me.Ag,52.806,38.404364,,10986
8472,COM01276.00,2010,O.bulk,Me.Au,1.285,0.934545,,10986
8473,COM01276.00,2011,Con.Cu,Me.Cu,14000,233000,0,10987
8474,COM01276.00,2011,Con.Pb,Me.Pb,1000,417000,0,10988
8475,COM01276.00,2011,Con.Zn,Me.Zn,38000,557000,0,10989
8476,COM01276.00,2011,O.bulk,Me.Ag,45.318,27.023256,,10991
8477,COM01276.00,2011,O.bulk,Me.Au,0.989,0.589744,,10991
8478,COM01276.00,2012,Con.Cu,Me.Cu,12000,255000,0,10992
8479,COM01276.00,2012,Con.Pb,Me.Pb,1000,445000,0,10993
8480,COM01276.00,2012,Con.Zn,Me.Zn,30000,546000,0,10994
8481,COM01276.00,2012,O.bulk,Me.Ag,41.405,22.236842,,10996
8482,COM01276.00,2012,O.bulk,Me.Au,1.434,0.77014,,10996
8483,COM01276.00,2012,O.bulk,Me.Te,6.791,3.647154,,10996
8484,COM01276.00,2013,Con.Cu,Me.Cu,8000,254000,0,10997
8485,COM01276.00,2013,Con.Pb,Me.Pb,1000,452600,0,10998
8486,COM01276.00,2013,Con.Zn,Me.Zn,35000,559000,0,10999
8487,COM01276.00,2013,O.bulk,Me.Ag,45.212,24.992814,,11001
8488,COM01276.00,2013,O.bulk,Me.Au,1.808,0.999447,,11001
8489,COM01276.00,2013,O.bulk,Me.Te,24.457,13.519624,,11001
8490,COM01276.00,2014,Con.Cu,Me.Cu,8000,245000,0,11002
8491,COM01276.00,2014,Con.Pb,Me.Pb,2000,329000,0,11003
8492,COM01276.00,2014,Con.Zn,Me.Zn,45000,549000,0,11004
8493,COM01276.00,2014,O.bulk,Me.Ag,47.421,25.467777,,11006
8494,COM01276.00,2014,O.bulk,Me.Au,2.062,1.107411,,11006
8495,COM01276.00,2014,O.bulk,Me.Te,30.917,16.604189,,11006
8496,COM01276.00,2015,Con.Cu,Me.Cu,5000,257000,0,11007
8497,COM01276.00,2015,Con.Pb,Me.Pb,3000,340000,0,11008
8498,COM01276.00,2015,Con.Zn,Me.Zn,56000,542000,0,11009
8499,COM01276.00,2015,O.bulk,Me.Ag,64.846,34.51091,,11011
8500,COM01276.00,2015,O.bulk,Me.Au,1.899,1.010644,,11011
8501,COM01276.00,2015,O.bulk,Me.Te,33,17.562533,,11011
8502,COM01276.00,2016,Con.Cu,Me.Cu,6000,248000,0,11012
8503,COM01276.00,2016,Con.Pb,Me.Pb,4000,313000,0,11013
8504,COM01276.00,2016,Con.Zn,Me.Zn,70000,545000,0,11014
8505,COM01276.00,2016,O.bulk,Me.Ag,84.911,39.715154,,11016
8506,COM01276.00,2016,O.bulk,Me.Au,2.261,1.05753,,11016
8507,COM01276.00,2016,O.bulk,Me.Te,38.68,18.091674,,11016
8508,COM01276.00,2017,Con.Cu,Me.Cu,5000,253000,0,11017
8509,COM01276.00,2017,Con.Pb,Me.Pb,3000,257000,0,11018
8510,COM01276.00,2017,Con.Zn,Me.Zn,66000,532000,0,11019
8511,COM01276.00,2017,O.bulk,Me.Ag,80.781,39.119128,,11021
8512,COM01276.00,2017,O.bulk,Me.Au,2.476,1.199031,,11021
8513,COM01276.00,2017,O.bulk,Me.Te,34.979,16.938983,,11021
8514,COM01276.00,2018,Con.Cu,Me.Cu,5000,239000,0,11022
8515,COM01276.00,2018,Con.Pb,Me.Pb,3000,321000,0,11023
8516,COM01276.00,2018,Con.Zn,Me.Zn,57000,547000,0,11024
8517,COM01276.00,2018,O.bulk,Me.Ag,72.154,37.059065,,11026
8518,COM01276.00,2018,O.bulk,Me.Au,2.752,1.413457,,11026
8519,COM01276.00,2018,O.bulk,Me.Te,44.641,22.928095,,11026
8520,COM01277.00,2001,O.Ni,Me.Ni,41040,27000,0,11028
8521,COM01277.00,2002,O.Ni,Me.Ni,36971.4,25800,0,11030
8522,COM01277.00,2003,O.Ni,Me.Ni,30785.3,22100,0,11032
8523,COM01277.00,2004,O.Ni,Me.Ni,28917,21000,0,11034
8524,COM01277.00,2005,O.Ni,Me.Ni,26592.3,20100,0,11036
8525,COM01277.00,2006,O.Ni,Me.Ni,25251.2,20800,0,11038
8526,COM01277.00,2007,O.Ni,Me.Ni,25254,18300,0,11040
8527,COM01277.00,2008,O.Ni,Me.Ni,23364,17700,0,11042
8528,COM01277.00,2009,O.Ni,Me.Ni,25146,19800,0,11044
8529,COM01277.00,2010,O.Ni,Me.Ni,24247.5,18300,0,11046
8530,COM01277.00,2011,O.Ni,Me.Ni,20803.2,17600,0,11048
8531,COM01277.00,2012,O.Ni,Me.Ni,21576,18600,0,11050
8532,COM01277.00,2013,O.Ni,Me.Ni,24322.5,20700,0,11052
8533,COM01277.00,2014,O.Ni,Me.Ni,23088,19500,0,11054
8534,COM01277.00,2015,O.Ni,Me.Ni,21166.6,18200,0,11056
8535,COM01277.00,2016,O.Ni,Me.Ni,22458,19700,0,11058
8536,COM01277.00,2017,O.Ni,Me.Ni,23842.6,19400,0,11060
8537,COM01277.00,2018,O.Ni,Me.Ni,21197,20500,0,11062
8538,COM01277.00,2019,O.Ni,Me.Ni,15290.2,17800,0,11064
8539,COM01278.00,2016,O.Au,Me.Au,0.979,1.1,0.924,11066
8540,COM01278.00,2017,O.Au,Me.Au,3.634,1.7,0.914,11068
8541,COM01278.00,2018,O.Au,Me.Au,4.514,1.8,0.939,11070
8542,COM01278.00,2019,O.Au,Me.Au,4.831,1.8,0.94,11072
8543,COM01278.00,2020,O.Au,Me.Au,5.739,2.1,0.945,11074
8544,COM01281.00,2012,Con.MnO,Me.Mn,27846,221000,0,11075
8545,COM01281.00,2013,Con.MnO,Me.Mn,20640,215000,0,11078
8546,COM01281.00,2014,Con.MnO,Me.Mn,19178,223000,0,11081
8547,COM01281.00,2015,Con.MnO,Me.Mn,11948,206000,0,11084
8548,COM01281.00,2017,Con.MnCO3,Me.Mn,36480,114000,0,11089
8549,COM01281.00,2018,Con.MnCO3,Me.Mn,36960,105000,0,11092
8550,COM01281.00,2019,Con.MnCO3,Me.Mn,47481,119000,0,11096
8551,COM01281.00,2019,Con.MnO,Me.Mn,12915,205000,0,11097
8552,COM01284.00,2017,O.bulk,Me.Au,5.194,3.97,0.96,11141
8553,COM01286.00,2005,,Me.Cu,2267.962,,,
8554,COM01286.00,2006,,Me.Cu,2267.962,,,
8555,COM01286.00,2007,,Me.Cu,1360.777,,,
8556,COM01286.00,2008,,Me.Cu,907.185,,,
8557,COM01290.00,2000,O.bulk,Me.Cu,105641.663,6490.640389,,11145
8558,COM01290.00,2000,O.bulk,Me.Mo,3738.962,229.722408,,11145
8559,COM01290.00,2000,,Oth.cuca,56064.924,,,
8560,COM01290.00,2001,O.bulk,Me.Cu,122742.095,7165.329558,,11147
8561,COM01290.00,2001,O.bulk,Me.Mo,4098.207,239.24151,,11147
8562,COM01290.00,2001,,Oth.cuca,54427.909,,,
8563,COM01290.00,2002,O.bulk,Me.Cu,125424.187,7128.399375,,11150
8564,COM01290.00,2002,O.bulk,Me.Mo,4214.78,239.544206,,11150
8565,COM01290.00,2002,,Oth.cuca,52854.397,,,
8566,COM01290.00,2003,O.bulk,Me.Cu,142372.666,6713.158521,,11153
8567,COM01290.00,2003,O.bulk,Me.Mo,4153.092,195.826657,,11153
8568,COM01290.00,2003,,Oth.cuca,47755.565,,,
8569,COM01290.00,2004,O.bulk,Me.Cu,160852.019,7376.1644910000005,,11156
8570,COM01290.00,2004,O.bulk,Me.Mo,6004.202,275.333709,,11156
8571,COM01290.00,2004,,Oth.cuca,42124.67,,,
8572,COM01290.00,2005,Con.Cu,Me.Cu,157500,273200,0,11157
8573,COM01290.00,2005,Con.Mo,Me.Mo,5300,546700,0,11158
8574,COM01290.00,2005,O.oxi,Oth.cuca,36500,,,
8575,COM01290.00,2005,,Me.Ag,63.219,,,
8576,COM01290.00,2006,Con.Cu,Me.Cu,151800,272200,0,11162
8577,COM01290.00,2006,Con.Mo,Me.Mo,5800,540800,0,11163
8578,COM01290.00,2006,O.oxi,Oth.cuca,35800,,,
8579,COM01290.00,2006,,Me.Ag,59.052,,,
8580,COM01290.00,2007,Con.Cu,Me.Cu,140900,269900,0,11167
8581,COM01290.00,2007,Con.Mo,Me.Mo,6200,546000,0,11168
8582,COM01290.00,2007,O.oxi,Oth.cuca,36700,,,
8583,COM01290.00,2007,,Me.Ag,58.031,,,
8584,COM01290.00,2008,Con.Cu,Me.Cu,114100,272000,0,11172
8585,COM01290.00,2008,Con.Mo,Me.Mo,4700,549100,0,11173
8586,COM01290.00,2008,O.oxi,Oth.cuca,38800,,0.2634,
8587,COM01290.00,2008,,Me.Ag,45.104,,,
8588,COM01290.00,2009,Con.Cu,Me.Cu,127100,272500,0,11177
8589,COM01290.00,2009,Con.Mo,Me.Mo,3600,545400,0,11178
8590,COM01290.00,2009,O.oxi,Oth.cuca,38000,,0.2561,
8591,COM01290.00,2009,,Me.Ag,50.689,,,
8592,COM01290.00,2010,Con.Cu,Me.Cu,131500,273000,0,11182
8593,COM01290.00,2010,Con.Mo,Me.Mo,4800,545000,0,11183
8594,COM01290.00,2010,O.oxi,Oth.cuca,37900,,0.2526,
8595,COM01290.00,2010,,Me.Ag,51.057,,,
8596,COM01290.00,2011,Con.Cu,Me.Cu,120400,264500,0,11187
8597,COM01290.00,2011,Con.Mo,Me.Mo,5400,546900,0,11188
8598,COM01290.00,2011,O.oxi,Oth.cuca,35300,,0.2533,
8599,COM01290.00,2011,,Me.Ag,48.393,,,
8600,COM01290.00,2012,Con.Cu,Me.Cu,120100,266000,0,11192
8601,COM01290.00,2012,Con.Mo,Me.Mo,4500,543700,0,11193
8602,COM01290.00,2012,O.oxi,Oth.cuca,32200,,0.2556,
8603,COM01290.00,2012,,Me.Ag,47.882,,,
8604,COM01290.00,2013,Con.Cu,Me.Cu,110700,270200,0,11197
8605,COM01290.00,2013,Con.Mo,Me.Mo,4700,554600,0,11198
8606,COM01290.00,2013,O.oxi,Oth.cuca,28400,,0.2569,
8607,COM01290.00,2013,,Me.Ag,39.746,,,
8608,COM01290.00,2014,Con.Cu,Me.Cu,114800,275500,0,11202
8609,COM01290.00,2014,Con.Mo,Me.Mo,6100,560200,0,11203
8610,COM01290.00,2014,O.oxi,Oth.cuca,25700,,0.2594,
8611,COM01290.00,2014,,Me.Ag,40.682,,,
8612,COM01290.00,2015,Con.Cu,Me.Cu,119400,278400,0,11207
8613,COM01290.00,2015,Con.Mo,Me.Mo,7900,561400,0,11208
8614,COM01290.00,2015,O.oxi,Oth.cuca,24200,,0.2588,
8615,COM01290.00,2015,,Me.Ag,45.728,,,
8616,COM01290.00,2016,Con.Cu,Me.Cu,116500,274500,0,11212
8617,COM01290.00,2016,Con.Mo,Me.Mo,6300,559600,0,11213
8618,COM01290.00,2016,O.oxi,Oth.cuca,24800,,0.2529,
8619,COM01290.00,2016,,Me.Ag,44.962,,,
8620,COM01290.00,2017,Con.Cu,Me.Cu,122900,272100,0,11217
8621,COM01290.00,2017,Con.Mo,Me.Mo,4200,557600,0,11218
8622,COM01290.00,2017,O.oxi,Oth.cuca,25100,,,
8623,COM01290.00,2017,,Me.Ag,50.434,,,
8624,COM01290.00,2018,Con.Cu,Me.Cu,143700,272100,0,11222
8625,COM01290.00,2018,Con.Mo,Me.Mo,4200,555400,0,11223
8626,COM01290.00,2018,O.oxi,Oth.cuca,26500,,0.2411,
8627,COM01290.00,2018,,Me.Ag,60.441,,,
8628,COM01290.00,2019,Con.Cu,Me.Cu,231700,262000,0,11227
8629,COM01290.00,2019,Con.Mo,Me.Mo,7300,556400,0,11228
8630,COM01290.00,2019,O.oxi,Oth.cuca,26300,,0.2372,
8631,COM01290.00,2019,,Me.Ag,96.984,,,
8632,COM01291.00,2010,O.bulk,Me.Cu,406.4,25400,0,11233
8633,COM01291.00,2010,O.bulk,Me.Ni,278.4,17400,0,11233
8634,COM01291.00,2011,O.bulk,Me.Cu,282.8,10100,0,11235
8635,COM01291.00,2011,O.bulk,Me.Ni,271.6,9700,0,11235
8636,COM01291.00,2012,O.bulk,Me.Cu,142.2,23700,0,11237
8637,COM01291.00,2012,O.bulk,Me.Ni,69,11500,0,11237
8638,COM01291.00,2013,O.bulk,Me.Cu,1177.6,18400,0,11239
8639,COM01291.00,2013,O.bulk,Me.Ni,1228.8,19200,0,11239
8640,COM01291.00,2014,O.bulk,Me.Cu,5999.4,19800,0,11241
8641,COM01291.00,2014,O.bulk,Me.Ni,4545,15000,0,11241
8642,COM01291.00,2015,O.bulk,Me.Cu,9926.4,18800,0,11243
8643,COM01291.00,2015,O.bulk,Me.Ni,8553.6,16200,0,11243
8644,COM01291.00,2016,O.bulk,Me.Cu,12480.6,18600,0,11245
8645,COM01291.00,2016,O.bulk,Me.Ni,9595.3,14300,0,11245
8646,COM01291.00,2017,O.bulk,Me.Cu,13490,19000,0,11247
8647,COM01291.00,2017,O.bulk,Me.Ni,9443,13300,0,11247
8648,COM01291.00,2018,O.bulk,Me.Cu,14342,20200,0,11249
8649,COM01291.00,2018,O.bulk,Me.Ni,9869,13900,0,11249
8650,COM01291.00,2019,O.bulk,Me.Cu,13915.2,20800,0,11251
8651,COM01291.00,2019,O.bulk,Me.Ni,8897.7,13300,0,11251
8652,COM01292.00,2020,O.Au,Me.Au,3.182,1.38,0.94,11253
8653,COM01294.00,2011,,Me.Cu,9000,,,
8654,COM01294.00,2012,,Me.Cu,14000,,,
8655,COM01294.00,2013,,Me.Cu,11000,,,
8656,COM01295.00,2000,Con.Cu,Me.Cu,12939,,,
8657,COM01295.00,2001,Con.Cu,Me.Cu,3999,,,
8658,COM01295.00,2002,Con.Cu,Me.Cu,1858,,,
8659,COM01295.00,2003,Con.Cu,Me.Cu,595,,,
8660,COM01295.00,2005,Con.Cu,Me.Cu,19296,,,
8661,COM01295.00,2006,Con.Cu,Me.Ag,4.344,47.45,4.44e-4,11254
8662,COM01295.00,2006,Con.Cu,Me.Au,0.099,1.08,0.858118,11254
8663,COM01295.00,2006,Con.Cu,Me.Cu,23088,252100,0,11254
8664,COM01295.00,2007,Con.Cu,Me.Ag,3.898,52.37,3.65e-4,11257
8665,COM01295.00,2007,Con.Cu,Me.Au,0.087,1.17,0.729124,11257
8666,COM01295.00,2007,Con.Cu,Me.Cu,18549,249200,0,11257
8667,COM01295.00,2008,Con.Cu,Me.Cu,8372,251500,0,11260
8668,COM01295.00,2009,Con.Cu,Me.Cu,24111,249500,0,11263
8669,COM01295.00,2010,Con.Cu,Me.Cu,20847,249100,0,11266
8670,COM01295.00,2011,Con.Cu,Me.Cu,23354,250000,0,11269
8671,COM01295.00,2012,Con.Cu,Me.Cu,23374,250000,0,11273
8672,COM01295.00,2013,Con.Cu,Me.Cu,22803,240000,0,11277
8673,COM01295.00,2014,Con.Cu,Me.Cu,26185,240000,0,11281
8674,COM01295.00,2015,Con.Cu,Me.Cu,30059,243700,0,11285
8675,COM01295.00,2016,Con.Cu,Me.Cu,30122,240100,0,11289
8676,COM01295.00,2017,Con.Cu,Me.Cu,23253,233500,0,11293
8677,COM01295.00,2018,Con.Cu,Me.Cu,26576,224500,0,11297
8678,COM01295.00,2019,Con.Cu,Me.Cu,26795,226000,0,11301
8679,COM01295.00,2020,Con.Cu,Me.Cu,25004,206000,0,11305
8680,COM01296.00,2013,O.Au,Me.Au,2.673,2.4,0.20042,11310
8681,COM01296.00,2014,O.Au,Me.Au,14.499,2.78,0.141771,11312
8682,COM01296.00,2015,O.Au,Me.Au,13.932,2.48,0.177792,11314
8683,COM01296.00,2016,O.Au,Me.Au,11.826,1.87,0.310078,11316
8684,COM01296.00,2017,O.Au,Me.Au,13,1.87,0.317323,11318
8685,COM01296.00,2018,O.Au,Me.Au,13.608,1.91,0.302304,11320
8686,COM01300.00,2017,O.Au,Me.Ag,1.276,8.08,,
8687,COM01300.00,2017,O.Au,Me.Au,4.026,2.16,,
8688,COM01300.00,2018,O.Au,Me.Ag,3.997,11.93,,
8689,COM01300.00,2018,O.Au,Me.Au,4.763,1.58,,
8690,COM01300.00,2019,O.Au,Me.Ag,11.589,,,
8691,COM01300.00,2019,O.Au,Me.Au,6.312,1.19,,
8692,COM01301.00,2005,O.Au,Me.Au,2.706,8.397939,0.958,11328
8693,COM01301.00,2009,O.Au,Me.Au,2.05,7,0.941,11330
8694,COM01301.00,2010,O.Au,Me.Au,1.309,4.1,0.932,11332
8695,COM01301.00,2011,O.Au,Me.Au,1.831,6.6,0.951,11334
8696,COM01301.00,2012,O.Au,Me.Au,0.965,5.5,0.955,11336
8697,COM01308.00,2006,O.Au,Me.Au,7.465,12.672237,0.983,11338
8698,COM01308.00,2007,O.Au,Me.Au,7.631,14.146412,0.937,11340
8699,COM01308.00,2008,O.Au,Me.Au,5.142,13.040781,0.928,11342
8700,COM01308.00,2009,O.Au,Me.Au,5.516,10.546023,0.862,11344
8701,COM01308.00,2010,O.Au,Me.Au,5.142,11.566605,0.916,11346
8702,COM01308.00,2011,O.Au,Me.Au,5.599,13.352625,0.92,11348
8703,COM01308.00,2012,O.Au,Me.Au,5.972,13.721169,0.92,11350
8704,COM01308.00,2013,O.Au,Me.Au,6.926,16.29,0.92,11352
8705,COM01308.00,2014,O.Au,Me.Au,8.087,19.62,0.92,11354
8706,COM01308.00,2015,O.Au,Me.Au,21.41,18.82,0.92,11356
8707,COM01308.00,2016,O.Au,Me.Au,22.353,17.04,0.93,11358
8708,COM01308.00,2017,O.Au,Me.Au,18.237,15.1,0.92,11360
8709,COM01308.00,2018,O.Au,Me.Au,19.481,14.79,0.93,11362
8710,COM01310.00,2007,O.pgm,Me.Au,0.034,0.016508,,11364
8711,COM01310.00,2007,O.pgm,Me.Cu,118,57.843137,,11364
8712,COM01310.00,2007,O.pgm,Me.Ir,0.16,0.078394,,11364
8713,COM01310.00,2007,O.pgm,Me.Ni,250,122.54902,,11364
8714,COM01310.00,2007,O.pgm,Me.Pd,1.429,0.700272,,11364
8715,COM01310.00,2007,O.pgm,Me.Pt,2.489,1.219869,,11364
8716,COM01310.00,2007,O.pgm,Me.Rh,0.41,0.201166,,11364
8717,COM01310.00,2007,O.pgm,Me.Ru,0.689,0.337686,,11364
8718,COM01310.00,2008,O.pgm,Me.Au,0.037,0.015535,,11366
8719,COM01310.00,2008,O.pgm,Me.Cu,143,60.337553,,11366
8720,COM01310.00,2008,O.pgm,Me.Ir,0.18,0.075765,,11366
8721,COM01310.00,2008,O.pgm,Me.Ni,298,125.738397,,11366
8722,COM01310.00,2008,O.pgm,Me.Pd,1.596,0.6736,,11366
8723,COM01310.00,2008,O.pgm,Me.Pt,2.791,1.177626,,11366
8724,COM01310.00,2008,O.pgm,Me.Rh,0.456,0.192607,,11366
8725,COM01310.00,2008,O.pgm,Me.Ru,0.783,0.330561,,11366
8726,COM01310.00,2009,O.pgm,Me.Au,0.046,0.017574,,11368
8727,COM01310.00,2009,O.pgm,Me.Cu,190,72.519084,,11368
8728,COM01310.00,2009,O.pgm,Me.Ir,0.213,0.081454,,11368
8729,COM01310.00,2009,O.pgm,Me.Ni,365,139.312977,,11368
8730,COM01310.00,2009,O.pgm,Me.Pd,1.907,0.727915,,11368
8731,COM01310.00,2009,O.pgm,Me.Pt,3.34,1.274829,,11368
8732,COM01310.00,2009,O.pgm,Me.Rh,0.542,0.206698,,11368
8733,COM01310.00,2009,O.pgm,Me.Ru,0.922,0.351881,,11368
8734,COM01310.00,2010,O.pgm,Me.Au,0.054,0.018502,,11370
8735,COM01310.00,2010,O.pgm,Me.Cu,219,75,,11370
8736,COM01310.00,2010,O.pgm,Me.Ir,0.268,0.091946,,11370
8737,COM01310.00,2010,O.pgm,Me.Ni,438,150,,11370
8738,COM01310.00,2010,O.pgm,Me.Pd,2.309,0.790723,,11370
8739,COM01310.00,2010,O.pgm,Me.Pt,3.988,1.365649,,11370
8740,COM01310.00,2010,O.pgm,Me.Rh,0.669,0.229056,,11370
8741,COM01310.00,2010,O.pgm,Me.Ru,1.11,0.380257,,11370
8742,COM01310.00,2011,O.pgm,Me.Au,0.056,0.018918,,11372
8743,COM01310.00,2011,O.pgm,Me.Cu,219,74.237288,,11372
8744,COM01310.00,2011,O.pgm,Me.Ir,0.276,0.093659,,11372
8745,COM01310.00,2011,O.pgm,Me.Ni,444,150.508475,,11372
8746,COM01310.00,2011,O.pgm,Me.Pd,2.38,0.806809,,11372
8747,COM01310.00,2011,O.pgm,Me.Pt,4.113,1.394116,,11372
8748,COM01310.00,2011,O.pgm,Me.Rh,0.696,0.236051,,11372
8749,COM01310.00,2011,O.pgm,Me.Ru,1.172,0.397121,,11372
8750,COM01310.00,2012,O.pgm,Me.Au,0.07,0.022695,,11374
8751,COM01310.00,2012,O.pgm,Me.Cu,297,95.806452,,11374
8752,COM01310.00,2012,O.pgm,Me.Ir,0.279,0.089875,,11374
8753,COM01310.00,2012,O.pgm,Me.Ni,595,191.935484,,11374
8754,COM01310.00,2012,O.pgm,Me.Pd,2.532,0.816902,,11374
8755,COM01310.00,2012,O.pgm,Me.Pt,4.242,1.368524,,11374
8756,COM01310.00,2012,O.pgm,Me.Rh,0.721,0.232589,,11374
8757,COM01310.00,2012,O.pgm,Me.Ru,1.214,0.391727,,11374
8758,COM01310.00,2013,O.pgm,Me.Au,0.064,0.020078,,11376
8759,COM01310.00,2013,O.pgm,Me.Cu,242,76.340694,,11376
8760,COM01310.00,2013,O.pgm,Me.Ir,0.312,0.098372,,11376
8761,COM01310.00,2013,O.pgm,Me.Ni,555,175.078864,,11376
8762,COM01310.00,2013,O.pgm,Me.Pd,2.791,0.880559,,11376
8763,COM01310.00,2013,O.pgm,Me.Pt,4.59,1.447871,,11376
8764,COM01310.00,2013,O.pgm,Me.Rh,0.811,0.255896,,11376
8765,COM01310.00,2013,O.pgm,Me.Ru,1.35,0.425803,,11376
8766,COM01310.00,2014,O.pgm,Me.Au,0.07,0.021337,,11379
8767,COM01310.00,2014,O.pgm,Me.Cu,249,75.914634,,11379
8768,COM01310.00,2014,O.pgm,Me.Ir,0.341,0.103821,,11379
8769,COM01310.00,2014,O.pgm,Me.Ni,566,172.560976,,11379
8770,COM01310.00,2014,O.pgm,Me.Pd,2.906,0.88598,,11379
8771,COM01310.00,2014,O.pgm,Me.Pt,4.954,1.510469,,11379
8772,COM01310.00,2014,O.pgm,Me.Rh,0.877,0.267409,,11379
8773,COM01310.00,2014,O.pgm,Me.Ru,1.456,0.443758,,11379
8774,COM01310.00,2015,O.pgm,Me.Au,0.071,0.021107,,11382
8775,COM01310.00,2015,O.pgm,Me.Cu,267,79.464286,,11382
8776,COM01310.00,2015,O.pgm,Me.Ir,0.343,0.102048,,11382
8777,COM01310.00,2015,O.pgm,Me.Ni,584,173.809524,,11382
8778,COM01310.00,2015,O.pgm,Me.Pd,2.886,0.858829,,11382
8779,COM01310.00,2015,O.pgm,Me.Pt,4.911,1.461695,,11382
8780,COM01310.00,2015,O.pgm,Me.Rh,0.867,0.258111,,11382
8781,COM01310.00,2015,O.pgm,Me.Ru,1.466,0.436418,,11382
8782,COM01310.00,2016,O.pgm,Me.Au,0.076,0.021729,,11385
8783,COM01310.00,2016,O.pgm,Me.Cu,308,87.749288,,11385
8784,COM01310.00,2016,O.pgm,Me.Ir,0.368,0.104976,,11385
8785,COM01310.00,2016,O.pgm,Me.Ni,648,184.615385,,11385
8786,COM01310.00,2016,O.pgm,Me.Pd,3.14,0.894498,,11385
8787,COM01310.00,2016,O.pgm,Me.Pt,5.26,1.498497,,11385
8788,COM01310.00,2016,O.pgm,Me.Rh,0.937,0.266859,,11385
8789,COM01310.00,2016,O.pgm,Me.Ru,1.56,0.444334,,11385
8790,COM01310.00,2017,O.pgm,Me.Au,0.076,0.021678,,11388
8791,COM01310.00,2017,O.pgm,Me.Cu,280,80,,11388
8792,COM01310.00,2017,O.pgm,Me.Ir,0.358,0.102309,,11388
8793,COM01310.00,2017,O.pgm,Me.Ni,602,172,,11388
8794,COM01310.00,2017,O.pgm,Me.Pd,3.031,0.866045,,11388
8795,COM01310.00,2017,O.pgm,Me.Pt,5.147,1.470646,,11388
8796,COM01310.00,2017,O.pgm,Me.Rh,0.9,0.257101,,11388
8797,COM01310.00,2017,O.pgm,Me.Ru,1.531,0.43738900000000003,,11388
8798,COM01310.00,2018,O.pgm,Me.Au,0.072,0.020677,,11391
8799,COM01310.00,2018,O.pgm,Me.Cu,274,79.190751,,11391
8800,COM01310.00,2018,O.pgm,Me.Ir,0.319,0.092212,,11391
8801,COM01310.00,2018,O.pgm,Me.Ni,606,175.144509,,11391
8802,COM01310.00,2018,O.pgm,Me.Pd,2.733,0.789856,,11391
8803,COM01310.00,2018,O.pgm,Me.Pt,4.6,1.32947,,11391
8804,COM01310.00,2018,O.pgm,Me.Rh,0.808,0.23354,,11391
8805,COM01310.00,2018,O.pgm,Me.Ru,1.328,0.383907,,11391
8806,COM01310.00,2019,O.pgm,Me.Au,0.066,0.019319,,11394
8807,COM01310.00,2019,O.pgm,Me.Cu,240,70.588235,,11394
8808,COM01310.00,2019,O.pgm,Me.Ir,0.287,0.084284,,11394
8809,COM01310.00,2019,O.pgm,Me.Ni,552,162.352941,,11394
8810,COM01310.00,2019,O.pgm,Me.Pd,2.433,0.715507,,11394
8811,COM01310.00,2019,O.pgm,Me.Pt,4.167,1.225515,,11394
8812,COM01310.00,2019,O.pgm,Me.Rh,0.725,0.213224,,11394
8813,COM01310.00,2019,O.pgm,Me.Ru,1.193,0.350795,,11394
8814,COM01311.00,2000,O.Cu,Me.Cu,79300,2600,0,11396
8815,COM01311.00,2001,O.Cu,Me.Cu,76400,2900,0,11398
8816,COM01311.00,2002,O.Cu,Me.Cu,69900,3500,0,11400
8817,COM01311.00,2003,O.Cu,Me.Cu,56900,3400,0,11402
8818,COM01311.00,2004,,Me.Cu,39008.944,,,
8819,COM01311.00,2005,,Me.Cu,36740.982,,,
8820,COM01311.00,2006,,Me.Cu,29029.912,,,
8821,COM01311.00,2007,,Me.Cu,22679.619,,,
8822,COM01311.00,2008,,Me.Cu,34473.02,,,
8823,COM01311.00,2009,,Me.Cu,39008.944,,,
8824,COM01311.00,2010,,Me.Cu,37194.574,,,
8825,COM01311.00,2011,,Me.Cu,34473.02,,,
8826,COM01311.00,2012,,Me.Cu,37648.167,,,
8827,COM01311.00,2013,,Me.Cu,43544.868,,,
8828,COM01311.00,2014,,Me.Cu,42637.683,,,
8829,COM01311.00,2015,,Me.Cu,38101.759,,,
8830,COM01311.00,2016,,Me.Cu,34473.02,,,
8831,COM01311.00,2017,,Me.Cu,27669.135,,,
8832,COM01311.00,2018,,Me.Cu,24947.58,,,
8833,COM01311.00,2019,,Me.Cu,21772.434,,,
8834,COM01314.00,2000,O.bulk,Me.Ag,270.894,497.655629,0.748,11404
8835,COM01314.00,2000,O.bulk,Me.Pb,6845,10600,0,11404
8836,COM01314.00,2000,O.bulk,Me.Zn,7344,15400,0,11404
8837,COM01314.00,2001,O.bulk,Me.Ag,304.166,543.37774,0.753,11406
8838,COM01314.00,2001,O.bulk,Me.Pb,8010,12000,0,11406
8839,COM01314.00,2001,O.bulk,Me.Zn,7789,16100,0,11406
8840,COM01314.00,2002,O.bulk,Me.Ag,291.939,526.892897,0.744,11408
8841,COM01314.00,2002,O.bulk,Me.Pb,7718,11900,0,11408
8842,COM01314.00,2002,O.bulk,Me.Zn,7759,15300,0,11408
8843,COM01314.00,2003,O.bulk,Me.Ag,297.801,534.979801,0.744,11410
8844,COM01314.00,2003,O.bulk,Me.Pb,7218,10900,0,11410
8845,COM01314.00,2003,O.bulk,Me.Zn,6216,14000,0,11410
8846,COM01314.00,2004,O.bulk,Me.Ag,305.787,522.227375,0.7367,11412
8847,COM01314.00,2004,O.bulk,Me.Pb,8042,11300,0,11412
8848,COM01314.00,2004,O.bulk,Me.Zn,7477,14800,0,11412
8849,COM01314.00,2005,O.bulk,Me.Ag,317.649,526.581862,0.742,11414
8850,COM01314.00,2005,O.bulk,Me.Pb,8067,11200,0,11414
8851,COM01314.00,2005,O.bulk,Me.Zn,6553,13900,0,11414
8852,COM01314.00,2006,O.bulk,Me.Ag,301.431,498.899768,0.745,11416
8853,COM01314.00,2006,O.bulk,Me.Pb,7718,10600,0,11416
8854,COM01314.00,2006,O.bulk,Me.Zn,5225,12400,0,11416
8855,COM01314.00,2007,O.bulk,Me.Ag,307.074,498.277698,0.725,11418
8856,COM01314.00,2007,O.bulk,Me.Pb,9708,13100,0,11418
8857,COM01314.00,2007,O.bulk,Me.Zn,8657,19000,0,11418
8858,COM01314.00,2008,O.bulk,Me.Ag,355.075,497.655629,0.757,11420
8859,COM01314.00,2008,O.bulk,Me.Pb,12237,14400,0,11420
8860,COM01314.00,2008,O.bulk,Me.Zn,12456,20300,0,11420
8861,COM01314.00,2009,O.bulk,Me.Ag,328.278,434.826606,0.74,11422
8862,COM01314.00,2009,O.bulk,Me.Pb,9423,11000,0,11422
8863,COM01314.00,2009,O.bulk,Me.Zn,9049,15600,0,11422
8864,COM01314.00,2010,O.bulk,Me.Ag,288.288,402.167955,0.707,11424
8865,COM01314.00,2010,O.bulk,Me.Pb,8687,9800,0,11424
8866,COM01314.00,2010,O.bulk,Me.Zn,7702,14700,0,11424
8867,COM01314.00,2011,O.bulk,Me.Ag,313.809,405.589337,0.712,11426
8868,COM01314.00,2011,O.bulk,Me.Pb,8319,8900,0,11426
8869,COM01314.00,2011,O.bulk,Me.Zn,7351,13100,0,11426
8870,COM01314.00,2012,O.bulk,Me.Ag,350.289,445.85,0.7488,11428
8871,COM01314.00,2012,O.bulk,Me.Pb,8742,10200,0,11428
8872,COM01314.00,2012,O.bulk,Me.Zn,9820,15100,0,11428
8873,COM01314.00,2013,O.bulk,Me.Ag,355.932,441.4,0.8062,11430
8874,COM01314.00,2013,O.bulk,Me.Pb,8363,9200,0,11430
8875,COM01314.00,2013,O.bulk,Me.Zn,8146,12400,0,11430
8876,COM01314.00,2014,O.bulk,Me.Ag,374.928,452.87,0.8167,11432
8877,COM01314.00,2014,O.bulk,Me.Pb,7605,8100,0,11432
8878,COM01314.00,2014,O.bulk,Me.Zn,6349,10400,0,11432
8879,COM01314.00,2015,O.bulk,Me.Ag,432.91,460.33,0.8387,11434
8880,COM01314.00,2015,O.bulk,Me.Pb,7947,8200,0,11434
8881,COM01314.00,2015,O.bulk,Me.Zn,5693,10500,0,11434
8882,COM01314.00,2016,O.bulk,Me.Ag,504.216,473.71,0.8395,11436
8883,COM01314.00,2016,O.bulk,Me.Pb,10724,9300,0,11436
8884,COM01314.00,2016,O.bulk,Me.Zn,7227,11700,0,11436
8885,COM01314.00,2017,O.bulk,Me.Ag,515.753,458.15,0.825,11438
8886,COM01314.00,2017,O.bulk,Me.Pb,16708,13600,0,11438
8887,COM01314.00,2017,O.bulk,Me.Zn,13040,18000,0,11438
8888,COM01314.00,2018,O.bulk,Me.Ag,479.565,388.17,0.8743,11440
8889,COM01314.00,2018,O.bulk,Me.Pb,19122,16000,0,11440
8890,COM01314.00,2018,O.bulk,Me.Zn,21840,22300,0,11440
8891,COM01314.00,2019,O.bulk,Me.Ag,330.932,281.85,0.8796,11442
8892,COM01314.00,2019,O.bulk,Me.Pb,17635,15200,0,11442
8893,COM01314.00,2019,O.bulk,Me.Zn,19144,22000,0,11442
8894,COM01316.00,2001,O.Au,Me.Au,3.232,1.36,0.59154,11444
8895,COM01316.00,2002,O.Au,Me.Au,3.345,1.36,0.593468,11446
8896,COM01316.00,2003,O.Au,Me.Au,2.098,1.12,0.851206,11448
8897,COM01320.00,2015,,Me.Pt,2.068,,,
8898,COM01320.00,2016,,Me.Pt,2.317,,,
8899,COM01320.00,2017,O.bulk,Me.Pd,2.003,,,
8900,COM01320.00,2017,O.bulk,Me.Pt,2.32,,,
8901,COM01320.00,2018,O.bulk,Me.Pd,2.348,,,
8902,COM01320.00,2018,O.bulk,Me.Pt,2.672,,,
8903,COM01320.00,2019,,Me.pgm,6.274,,,
8904,COM01320.00,2020,,Me.pgm,6.099,,,
8905,COM01325.00,2010,O.Ni,Me.Ni,4270.6,13100,0,11533
8906,COM01325.00,2011,O.Ni,Me.Ni,13454.7,12900,0,11535
8907,COM01325.00,2012,O.Ni,Me.Ni,14973.3,12700,0,11537
8908,COM01325.00,2013,O.Ni,Me.Ni,25296,13600,0,11539
8909,COM01325.00,2014,O.Ni,Me.Ni,30729.6,14400,0,11541
8910,COM01325.00,2015,O.Ni,Me.Ni,36110.1,14100,0,11543
8911,COM01325.00,2016,O.Ni,Me.Ni,44660.7,15300,0,11545
8912,COM01325.00,2017,O.Ni,Me.Ni,44541,14700,0,11547
8913,COM01325.00,2018,O.Ni,Me.Ni,38252,14600,0,11549
8914,COM01325.00,2019,O.Ni,Me.Ni,38423,15400,0,11551
8915,COM01331.00,2005,O.Au,Me.Au,1.742,0.62207,4.165138,11605
8916,COM01331.00,2006,O.Au,Me.Au,15.892,,,
8917,COM01331.00,2010,O.Au,Me.Au,34.214,,,
8918,COM01331.00,2011,O.Au,Me.Au,29.763,,,
8919,COM01331.00,2012,O.Au,Me.Au,23.823,,,
8920,COM01331.00,2013,O.Au,Me.Au,19.937,,,
8921,COM01331.00,2014,O.Au,Me.Au,22.457,1,1.313639,11607
8922,COM01331.00,2015,O.Au,Me.Au,18.724,0.82,1.848714,11609
8923,COM01331.00,2016,O.Au,Me.Au,16.92,0.82,2.020089,11611
8924,COM01331.00,2017,O.Au,Me.Au,19.931,1.02,1.421071,11613
8925,COM01331.00,2018,O.Au,Me.Au,17.294,0.85,1.843192,11615
8926,COM01333.00,2005,O.flu,M.flu,143086,426000,0.708,11617
8927,COM01333.00,2006,O.flu,M.flu,156692,433000,0.737,11619
8928,COM01333.00,2007,O.flu,M.flu,183199,426000,0.709,11621
8929,COM01333.00,2008,O.flu,M.flu,180854,399000,0.742,11623
8930,COM01333.00,2009,O.flu,M.flu,152934,389000,0.698,11625
8931,COM01350.00,2006,O.Au,Me.Au,3.396,,,
8932,COM01350.00,2007,O.Au,Me.Au,2.406,4.821028,,11638
8933,COM01350.00,2008,O.Au,Me.Au,4.075,4.209994,,11640
8934,COM01350.00,2009,O.Au,Me.Au,3.198,4.930101,,11642
8935,COM01350.00,2010,O.Au,Me.Au,3.056,3.277284,,11644
8936,COM01350.00,2011,O.Au,Me.Au,2.745,2.755832,,11646
8937,COM01350.00,2012,O.Au,Me.Au,1.896,4.644572,,11648
8938,COM01350.00,2013,O.Au,Me.Au,3.113,4.569158,,11650
8939,COM01350.00,2014,O.Au,Me.Au,3.736,3.686414,,11652
8940,COM01350.00,2015,O.Au,Me.Au,5.348,,,
8941,COM01350.00,2016,O.Au,Me.Au,3.608,8.07,0.91,11654
8942,COM01350.00,2017,O.Au,Me.Au,3.704,8.61,0.912,11656
8943,COM01350.00,2018,O.Au,Me.Au,2.597,6.82,0.886,11658
8944,COM01350.00,2019,O.Au,Me.Au,2.118,5.61,0.866,11660
8945,COM01364.00,2011,O.Fe,Me.Fe,786500,605000,0,11698
8946,COM01364.00,2012,O.Fe,Me.Fe,1950000,600000,0,11700
8947,COM01364.00,2013,O.Fe,Me.Fe,2460000,600000,0,11702
8948,COM01364.00,2014,O.Fe,Me.Fe,2891000,590000,0,11704
8949,COM01364.00,2015,O.Fe,Me.Fe,2537000,590000,0,11706
8950,COM01364.00,2016,O.Fe,Me.Fe,1239000,590000,0,11708
8951,COM01364.00,2017,O.Fe,Me.Fe,1200000,600000,0,11710
8952,COM01364.00,2018,O.Fe,Me.Fe,2852000,620000,0,11712
8953,COM01364.00,2019,O.Fe,Me.Fe,2728000,620000,0,11714
8954,COM01366.00,2018,O.Cu,Me.Cu,17071,25800,,
8955,COM01366.00,2019,O.Cu,Me.Cu,16777,,,
8956,COM01367.00,2000,O.Au,Me.Au,2.918,0.878835,1.62279,11718
8957,COM01367.00,2001,O.Au,Me.Au,3.235,0.850486,1.532737,11720
8958,COM01367.00,2002,O.Au,Me.Au,2.55,0.765437,2.178039,11722
8959,COM01367.00,2003,O.Au,Me.Au,2.202,0.822136,1.984338,11724
8960,COM01367.00,2004,O.Au,Me.Au,2.367,0.793787,1.61564,11726
8961,COM01367.00,2005,O.Au,Me.Au,1.944,1,0.75,11728
8962,COM01367.00,2006,O.Au,Me.Au,1.959,1.02,0.75,11730
8963,COM01367.00,2007,O.Au,Me.Au,1.794,1.01,0.67,11732
8964,COM01367.00,2008,O.Au,Me.Au,1.888,0.86,0.69,11734
8965,COM01367.00,2009,O.Au,Me.Au,2.105,0.82,0.7,11736
8966,COM01367.00,2010,O.Au,Me.Au,2.28,0.71,0.76,11738
8967,COM01367.00,2011,O.Au,Me.Au,2.099,0.9,0.76,11740
8968,COM01367.00,2012,O.Au,Me.Au,2.118,0.77,0.78,11742
8969,COM01367.00,2013,O.Au,Me.Au,1.748,0.72,0.8,11744
8970,COM01367.00,2014,O.Au,Me.Au,2.242,0.77,0.8,11746
8971,COM01367.00,2015,O.Au,Me.Au,2.534,,,
8972,COM01367.00,2016,O.Au,Me.Au,3.09,0.850486,0.943,11748
8973,COM01367.00,2017,O.Au,Me.Au,2.699,0.765437,2.002595,11750
8974,COM01367.00,2018,O.Au,Me.Au,2.175,0.62369,3.29351,11752
8975,COM01367.00,2019,O.Au,Me.Au,2.382,0.652039,2.69459,11754
8976,COM01368.00,2005,O.Cu,Me.Cu,8746,,,
8977,COM01368.00,2006,O.Cu,Me.Cu,14800,9300,0,11756
8978,COM01368.00,2007,O.Cu,Me.Cu,15339,8700,0,11758
8979,COM01368.00,2008,O.Cu,Me.Cu,6037,9000,0,11760
8980,COM01368.00,2009,O.Cu,Me.Cu,10089,,,
8981,COM01368.00,2010,O.Cu,Me.Cu,1275,,,
8982,COM01374.00,2017,O.Au,Me.Au,1.226,1.4,0.917,11762
8983,COM01374.00,2018,O.Au,Me.Au,2.195,1.4,0.87,11764
8984,COM01374.00,2019,O.Au,Me.Au,2.034,1.3,0.85,11766
8985,COM01374.00,2020,O.Au,Me.Au,1.925,1.4,0.79,11768
8986,COM01379.00,2013,O.bulk,Me.Zn,30684,,,
8987,COM01379.00,2014,O.bulk,Me.Zn,40651,,,
8988,COM01379.00,2015,O.bulk,Me.Zn,72150,,,
8989,COM01379.00,2016,O.bulk,Me.Zn,90048,,,
8990,COM01379.00,2017,O.bulk,Me.Pb,11851,,,
8991,COM01379.00,2017,O.bulk,Me.Zn,79398,,,
8992,COM01379.00,2018,O.bulk,Me.Pb,12535,,,
8993,COM01379.00,2018,O.bulk,Me.Zn,93551,,,
8994,COM01388.00,2000,O.Au,Me.Ag,47.788,,,
8995,COM01388.00,2000,O.Au,Me.Au,55.837,,,
8996,COM01388.00,2001,O.Au,Me.Ag,45.598,,,
8997,COM01388.00,2001,O.Au,Me.Au,59.167,,,
8998,COM01388.00,2002,O.Au,Me.Ag,59.764,,,
8999,COM01388.00,2002,O.Au,Me.Au,71.082,,,
9000,COM01388.00,2003,O.Au,Me.Ag,94.397,,,
9001,COM01388.00,2003,O.Au,Me.Au,88.671,,,
9002,COM01388.00,2004,O.Au,Me.Ag,93.838,,,
9003,COM01388.00,2004,O.Au,Me.Au,93.838,,,
9004,COM01388.00,2005,O.Au,Me.Ag,103.659,,,
9005,COM01388.00,2005,O.Au,Me.Au,103.659,,,
9006,COM01388.00,2006,O.Au,Me.Ag,81.239,,,
9007,COM01388.00,2006,O.Au,Me.Au,81.239,,,
9008,COM01388.00,2007,O.Au,Me.Ag,48.63,0.543685,,11892
9009,COM01388.00,2007,O.Au,Me.Au,44.289,0.495157,,11892
9010,COM01388.00,2008,O.Au,Me.Ag,56.302,0.602725,,11894
9011,COM01388.00,2008,O.Au,Me.Au,51.195,0.548055,,11894
9012,COM01388.00,2009,O.Au,Me.Ag,135.822,1.018395,,11896
9013,COM01388.00,2009,O.Au,Me.Au,58.241,0.436696,,11896
9014,COM01388.00,2010,O.Au,Me.Ag,110.778,1.458653,,11898
9015,COM01388.00,2010,O.Au,Me.Au,42.45,0.558955,,11898
9016,COM01388.00,2011,O.Au,Me.Ag,41.923,0.719657,,11900
9017,COM01388.00,2011,O.Au,Me.Au,36.79,0.631544,,11900
9018,COM01388.00,2012,O.Au,Me.Ag,17.201,0.548711,,11902
9019,COM01388.00,2012,O.Au,Me.Au,38.092,1.215115,,11902
9020,COM01388.00,2013,O.Au,Me.Ag,11.298,0.296936,,11904
9021,COM01388.00,2013,O.Au,Me.Au,28.3,0.743798,,11904
9022,COM01388.00,2014,O.Au,Me.Ag,17.855,0.488562,,11906
9023,COM01388.00,2014,O.Au,Me.Au,27.451,0.751143,,11906
9024,COM01388.00,2015,O.Au,Me.Ag,13.913,0.375585,,11908
9025,COM01388.00,2015,O.Au,Me.Au,26.025,0.702528,,11908
9026,COM01388.00,2016,O.Au,Me.Ag,14.22,0.491425,,11910
9027,COM01388.00,2016,O.Au,Me.Au,18.569,0.641703,,11910
9028,COM01388.00,2017,O.Au,Me.Ag,32.315,1.325866,,11912
9029,COM01388.00,2017,O.Au,Me.Au,15.167,0.622291,,11912
9030,COM01388.00,2018,O.Au,Me.Ag,33.479,1.235803,,11914
9031,COM01388.00,2018,O.Au,Me.Au,14.6,0.538928,,11914
9032,COM01388.00,2019,O.Au,Me.Ag,22.928,0.660832,,11916
9033,COM01388.00,2019,O.Au,Me.Au,14.94,0.430605,,11916
9034,COM01397.00,2001,O.Au,Me.Au,3.685,2.94835,,11984
9035,COM01397.00,2002,O.Au,Me.Au,7.583,2.757635,,11986
9036,COM01397.00,2003,O.Au,Me.Au,6.166,2.466409,,11988
9037,COM01397.00,2004,O.Au,Me.Au,6.875,2.499912,,11990
9038,COM01397.00,2005,O.Au,Me.Au,6.946,2.137118,,11992
9039,COM01397.00,2006,O.Au,Me.Au,9.993,3.074833,,11994
9040,COM01397.00,2007,O.Au,Me.Au,8.505,2.834952,,11996
9041,COM01397.00,2008,O.Au,Me.Au,4.678,1.700971,,11998
9042,COM01397.00,2009,O.Au,Me.Au,6.308,2.293734,,12000
9043,COM01397.00,2010,O.Au,Me.Au,4.252,1.417476,,12002
9044,COM01397.00,2011,O.Au,Me.Au,2.055,0.747397,,12004
9045,COM01397.00,2012,O.Au,Me.Au,2.055,0.747397,,12006
9046,COM01397.00,2013,O.Au,Me.Au,1.914,0.765437,,12008
9047,COM01397.00,2014,O.Au,Me.Au,0.78,0.346494,,12010
9048,COM01398.00,2009,O.bulk,Me.Ag,348.246,104.893236,9.1e-5,12012
9049,COM01398.00,2009,O.bulk,Me.Cu,3320,1000,1e-6,12012
9050,COM01398.00,2009,O.bulk,Me.Pb,23240,7000,0,12012
9051,COM01398.00,2009,O.bulk,Me.Zn,172640,52000,0,12012
9052,COM01398.00,2010,O.bulk,Me.Ag,350.06,102.058283,9.6e-5,12014
9053,COM01398.00,2010,O.bulk,Me.Cu,6860,2000,0,12014
9054,COM01398.00,2010,O.bulk,Me.Pb,24010,7000,0,12014
9055,COM01398.00,2010,O.bulk,Me.Zn,174930,51000,0,12014
9056,COM01398.00,2011,O.bulk,Me.Ag,358.225,102.058283,9.6e-5,12016
9057,COM01398.00,2011,O.bulk,Me.Cu,7020,2000,0,12016
9058,COM01398.00,2011,O.bulk,Me.Pb,28080,8000,0,12016
9059,COM01398.00,2011,O.bulk,Me.Zn,171990,49000,0,12016
9060,COM01398.00,2012,O.bulk,Me.Ag,292.563,90.208183,1.23e-4,12018
9061,COM01398.00,2012,O.bulk,Me.Cu,5081.006,1566.666667,0,12018
9062,COM01398.00,2012,O.bulk,Me.Pb,21469.951,6620,0,12018
9063,COM01398.00,2012,O.bulk,Me.Zn,146981.597,45320,0,12018
9064,COM01398.00,2013,O.bulk,Me.Ag,277.084,79.851157,1.57e-4,12020
9065,COM01398.00,2013,O.bulk,Me.Cu,5205,1500,0,12020
9066,COM01398.00,2013,O.bulk,Me.Pb,21976.667,6333.333333,0,12020
9067,COM01398.00,2013,O.bulk,Me.Zn,164478,47400,0,12020
9068,COM01398.00,2014,O.bulk,Me.Ag,315.958,83.631093,1.43e-4,12022
9069,COM01398.00,2014,O.bulk,Me.Cu,5667,1500,0,12022
9070,COM01398.00,2014,O.bulk,Me.Pb,26446,7000,0,12022
9071,COM01398.00,2014,O.bulk,Me.Zn,168121,44500,0,12022
9072,COM01398.00,2015,O.bulk,Me.Ag,375.823,94.120417,1.13e-4,12024
9073,COM01398.00,2015,O.bulk,Me.Cu,7986,2000,0,12024
9074,COM01398.00,2015,O.bulk,Me.Pb,35937,9000,0,12024
9075,COM01398.00,2015,O.bulk,Me.Zn,186872.4,46800,0,12024
9076,COM01398.00,2016,O.bulk,Me.Ag,340.051,92.986436,1.16e-4,12026
9077,COM01398.00,2016,O.bulk,Me.Cu,9752,2666.666667,0,12026
9078,COM01398.00,2016,O.bulk,Me.Pb,31998.75,8750,0,12026
9079,COM01398.00,2016,O.bulk,Me.Zn,165296.4,45200,0,12026
9080,COM01398.00,2017,O.bulk,Me.Ag,242.49,68.038856,2.16e-4,12028
9081,COM01398.00,2017,O.bulk,Me.Cu,9504,2666.666667,0,12028
9082,COM01398.00,2017,O.bulk,Me.Pb,22096.8,6200,0,12028
9083,COM01398.00,2017,O.bulk,Me.Zn,141847.2,39800,0,12028
9084,COM01398.00,2018,O.bulk,Me.Ag,230.641,72.007789,1.93e-4,12030
9085,COM01398.00,2018,O.bulk,Me.Cu,6406,2000,0,12030
9086,COM01398.00,2018,O.bulk,Me.Pb,22421,7000,0,12030
9087,COM01398.00,2018,O.bulk,Me.Zn,140291.4,43800,0,12030
9088,COM01399.00,2011,O.bulk,Me.Ag,25.552,96.07,0.6955,12033
9089,COM01399.00,2011,O.bulk,Me.Cu,1460.122,6600,0.5785,12033
9090,COM01399.00,2011,O.bulk,Me.Pb,6586.116,21900,0.7864,12033
9091,COM01399.00,2011,O.bulk,Me.Zn,15557.334,45900,0.8863,12033
9092,COM01399.00,2011,O.oxi,Me.Ag,46.971,210.255,0.5149,12034
9093,COM01399.00,2011,O.oxi,Me.Cu,9174.29,23500,0.8998,12034
9094,COM01399.00,2011,O.oxi,Me.Pb,16710.681,67500,0.5706,12034
9095,COM01399.00,2012,O.bulk,Me.Ag,42.902,100.39,0.7034,12037
9096,COM01399.00,2012,O.bulk,Me.Au,0.081,0.75,0.1767,12037
9097,COM01399.00,2012,O.bulk,Me.Cu,3052.068,7500,0.6698,12037
9098,COM01399.00,2012,O.bulk,Me.Pb,8653.6,17500,0.8139,12037
9099,COM01399.00,2012,O.bulk,Me.Zn,22632.848,41800,0.8912,12037
9100,COM01399.00,2012,O.oxi,Me.Ag,26.503,225.825,0.44235,12038
9101,COM01399.00,2012,O.oxi,Me.Au,0.184,2.035,0.3401,12038
9102,COM01399.00,2012,O.oxi,Me.Cu,4508.589,19000,0.8944,12038
9103,COM01399.00,2012,O.oxi,Me.Pb,9536.604,70000,0.5135,12038
9104,COM01399.00,2013,O.bulk,Me.Ag,37.545,83.2,0.7037,12041
9105,COM01399.00,2013,O.bulk,Me.Au,0.071,0.67,0.1657,12041
9106,COM01399.00,2013,O.bulk,Me.Cu,2942.779,6500,0.706,12041
9107,COM01399.00,2013,O.bulk,Me.Pb,7589.766,14800,0.7997,12041
9108,COM01399.00,2013,O.bulk,Me.Zn,23026.202,40500,0.8866,12041
9109,COM01399.00,2013,O.oxi,Me.Ag,20.519,277.81,0.3764,12042
9110,COM01399.00,2013,O.oxi,Me.Au,0.138,1.71,0.4112,12042
9111,COM01399.00,2013,O.oxi,Me.Pb,9197.028,77100,0.6079,12042
9112,COM01399.00,2014,O.bulk,Me.Ag,65.981,112.95,0.6597,12044
9113,COM01399.00,2014,O.bulk,Me.Au,0.177,0.78,0.2569,12044
9114,COM01399.00,2014,O.bulk,Me.Cu,3491.3,5900,0.667,12044
9115,COM01399.00,2014,O.bulk,Me.Pb,21189.114,32000,0.747,12044
9116,COM01399.00,2014,O.bulk,Me.Zn,24610.108,31400,0.8854,12044
9117,COM01399.00,2015,O.bulk,Me.Ag,55.702,102.62,0.6523,12046
9118,COM01399.00,2015,O.bulk,Me.Au,0.156,0.7,0.2674,12046
9119,COM01399.00,2015,O.bulk,Me.Cu,2525.149,4900,0.6168,12046
9120,COM01399.00,2015,O.bulk,Me.Pb,17885.147,29300,0.7328,12046
9121,COM01399.00,2015,O.bulk,Me.Zn,19085.806,25700,0.8938,12046
9122,COM01399.00,2016,O.bulk,Me.Ag,57.262,97.69,0.6534,12048
9123,COM01399.00,2016,O.bulk,Me.Au,0.145,0.64,0.2519,12048
9124,COM01399.00,2016,O.bulk,Me.Cu,2849.014,5400,0.5926,12048
9125,COM01399.00,2016,O.bulk,Me.Pb,16528.906,25200,0.7307,12048
9126,COM01399.00,2016,O.bulk,Me.Zn,24859.13,31800,0.8718,12048
9127,COM01399.00,2017,O.bulk,Me.Ag,51.414,67.13,0.7482,12050
9128,COM01399.00,2017,O.bulk,Me.Au,0.09,0.54,0.163,12050
9129,COM01399.00,2017,O.bulk,Me.Cu,5315.649,7900,0.6545,12050
9130,COM01399.00,2017,O.bulk,Me.Pb,12670.649,14800,0.8364,12050
9131,COM01399.00,2017,O.bulk,Me.Zn,34087.92,37400,0.8914,12050
9132,COM01399.00,2018,O.bulk,Me.Ag,48.615,60.32,0.7285,12052
9133,COM01399.00,2018,O.bulk,Me.Au,0.106,0.58,0.1663,12052
9134,COM01399.00,2018,O.bulk,Me.Cu,7593.59,9700,0.7084,12052
9135,COM01399.00,2018,O.bulk,Me.Pb,12029.27,13000,0.8375,12052
9136,COM01399.00,2018,O.bulk,Me.Zn,34818.204,35500,0.8874,12052
9137,COM01399.00,2019,O.bulk,Me.Ag,55.955,63.24,0.792,12054
9138,COM01399.00,2019,O.bulk,Me.Au,0.13,0.59,0.1974,12054
9139,COM01399.00,2019,O.bulk,Me.Cu,9098.609,10600,0.7705,12054
9140,COM01399.00,2019,O.bulk,Me.Pb,15670.709,15700,0.8933,12054
9141,COM01399.00,2019,O.bulk,Me.Zn,36778.63,37200,0.8852,12054
9142,COM01403.00,2006,O.bulk,Me.Ag,17.349,,,
9143,COM01403.00,2008,O.bulk,Me.Ag,18.789,,,
9144,COM01403.00,2008,O.bulk,Me.Au,0.908,,,
9145,COM01403.00,2010,O.bulk,Me.Ag,23.959,,,
9146,COM01403.00,2011,O.bulk,Me.Ag,22.216,,,
9147,COM01403.00,2012,O.bulk,Me.Ag,20.065,,,
9148,COM01403.00,2013,O.bulk,Me.Au,1.399,,,
9149,COM01403.00,2017,O.bulk,Me.Au,1.355,,,
9150,COM01404.00,2007,O.Cu,Me.Ag,21.12,49.23,4.13e-4,12068
9151,COM01404.00,2007,O.Cu,Me.Au,0.3,0.7,2.040816,12068
9152,COM01404.00,2007,O.Cu,Me.Cu,14199.9,33100,0,12068
9153,COM01404.00,2007,O.Cu,Me.Zn,14028.3,32700,0,12068
9154,COM01404.00,2008,O.Cu,Me.Ag,20.283,37.7,7.04e-4,12070
9155,COM01404.00,2008,O.Cu,Me.Au,0.291,0.54,3.429355,12070
9156,COM01404.00,2008,O.Cu,Me.Cu,16947,31500,0,12070
9157,COM01404.00,2008,O.Cu,Me.Zn,16947,31500,0,12070
9158,COM01404.00,2009,O.Cu,Me.Ag,16.45,27.28,0.001344,12072
9159,COM01404.00,2009,O.Cu,Me.Au,0.241,0.4,6.25,12072
9160,COM01404.00,2009,O.Cu,Me.Cu,19657.8,32600,0,12072
9161,COM01404.00,2009,O.Cu,Me.Zn,14773.5,24500,0,12072
9162,COM01404.00,2010,O.Cu,Me.Ag,16.996,27.02,0.00137,12074
9163,COM01404.00,2010,O.Cu,Me.Au,0.208,0.33,9.182736,12074
9164,COM01404.00,2010,O.Cu,Me.Cu,20757,33000,0,12074
9165,COM01404.00,2010,O.Cu,Me.Zn,15410.5,24500,0,12074
9166,COM01404.00,2011,O.Cu,Me.Ag,14.885,22.69,0.001942,12076
9167,COM01404.00,2011,O.Cu,Me.Au,0.249,0.38,6.925208,12076
9168,COM01404.00,2011,O.Cu,Me.Cu,19548.8,29800,0,12076
9169,COM01404.00,2011,O.Cu,Me.Zn,14825.6,22600,0,12076
9170,COM01404.00,2012,O.Cu,Me.Ag,20.071,26.1,0.001468,12078
9171,COM01404.00,2012,O.Cu,Me.Au,0.323,0.42,5.668934,12078
9172,COM01404.00,2012,O.Cu,Me.Cu,21685.8,28200,0,12078
9173,COM01404.00,2012,O.Cu,Me.Zn,19225,25000,0,12078
9174,COM01404.00,2013,O.Cu,Me.Ag,21.025,25.18,0.001577,12080
9175,COM01404.00,2013,O.Cu,Me.Au,0.384,0.46,4.725898,12080
9176,COM01404.00,2013,O.Cu,Me.Cu,19205,23000,0,12080
9177,COM01404.00,2013,O.Cu,Me.Zn,15447.5,18500,0,12080
9178,COM01404.00,2014,O.Cu,Me.Ag,14.234,21.6,0.002143,12082
9179,COM01404.00,2014,O.Cu,Me.Au,0.283,0.43,5.408329,12082
9180,COM01404.00,2014,O.Cu,Me.Cu,14036.7,21300,0,12082
9181,COM01404.00,2014,O.Cu,Me.Zn,10873.5,16500,0,12082
9182,COM01404.00,2015,O.Cu,Me.Ag,10.25,16.4,0.003718,12084
9183,COM01404.00,2015,O.Cu,Me.Au,0.175,0.28,12.755102,12084
9184,COM01404.00,2015,O.Cu,Me.Cu,12125,19400,0,12084
9185,COM01404.00,2015,O.Cu,Me.Zn,6125,9800,0,12084
9186,COM01404.00,2016,O.Cu,Me.Ag,9.24,17.5,0.003265,12086
9187,COM01404.00,2016,O.Cu,Me.Au,0.143,0.27,13.717421,12086
9188,COM01404.00,2016,O.Cu,Me.Cu,10454.4,19800,0,12086
9189,COM01404.00,2016,O.Cu,Me.Zn,8870.4,16800,0,12086
9190,COM01405.00,2008,O.bulk,Me.Ag,21.006,,,
9191,COM01405.00,2009,O.bulk,Me.Ag,26.042,,,
9192,COM01405.00,2010,O.bulk,Me.Ag,18.587,,,
9193,COM01405.00,2011,O.bulk,Me.Ag,35.169,,,
9194,COM01405.00,2012,O.bulk,Me.Ag,52.009,,,
9195,COM01405.00,2017,O.bulk,Me.Ag,67.366,,,
9196,COM01405.00,2018,O.bulk,Me.Ag,42.115,,,
9197,COM01406.00,2010,O.bulk,Me.Ag,6.781,,,
9198,COM01406.00,2011,O.bulk,Me.Ag,5.737,,,
9199,COM01410.00,2006,,Me.Cu,139706.45,,,
9200,COM01410.00,2007,,Me.Cu,142881.597,,,
9201,COM01410.00,2011,,Me.Cu,132448.972,,,
9202,COM01410.00,2012,,Me.Cu,131088.195,,,
9203,COM01410.00,2014,,Me.Cu,100697.506,,,
9204,COM01410.00,2016,O.Cu,Oth.cuca,103400,6600,0.674,
9205,COM01410.00,2017,O.Cu,Oth.cuca,103400,7700,0.608,
9206,COM01410.00,2018,O.Cu,Oth.cuca,94600,8200,0.666,
9207,COM01410.00,2019,O.Cu,Oth.cuca,116200,10400,0.636,
9208,COM01416.00,2006,O.bulk,Me.Pb,14227.342,21000,0.839,12098
9209,COM01416.00,2006,O.bulk,Me.Zn,29432.568,41000,0.889,12098
9210,COM01416.00,2007,O.bulk,Me.Pb,16428.384,24000,0.843,12102
9211,COM01416.00,2007,O.bulk,Me.Zn,25208.54,35000,0.887,12102
9212,COM01416.00,2008,O.bulk,Me.Pb,18436.632,24000,0.852,12106
9213,COM01416.00,2008,O.bulk,Me.Zn,29690.841,37000,0.89,12106
9214,COM01416.00,2009,O.bulk,Me.Pb,16487.478,20000,0.873,12111
9215,COM01416.00,2009,O.bulk,Me.Zn,32079.76,38000,0.894,12111
9216,COM01416.00,2010,O.bulk,Me.Pb,17601.353,19000,0.908,12114
9217,COM01416.00,2010,O.bulk,Me.Zn,27791.61,30000,0.908,12114
9218,COM01416.00,2011,O.bulk,Me.Pb,1530.62,9000,0.707,12117
9219,COM01416.00,2011,O.bulk,Me.Zn,7832.308,37000,0.88,12117
9220,COM01416.00,2012,O.bulk,Me.Pb,851.305,5000,0.834,12120
9221,COM01416.00,2012,O.bulk,Me.Zn,7043.992,38000,0.908,12120
9222,COM01416.00,2013,O.bulk,Me.Pb,2982.817,11000,0.89,12123
9223,COM01416.00,2013,O.bulk,Me.Zn,10628.457,38000,0.918,12123
9224,COM01416.00,2014,O.bulk,Me.Pb,15389.202,17000,0.902,12126
9225,COM01416.00,2014,O.bulk,Me.Zn,25515.526,28000,0.908,12126
9226,COM01416.00,2015,O.bulk,Me.Pb,16120.896,17000,0.898,12129
9227,COM01416.00,2015,O.bulk,Me.Zn,26699.904,28000,0.903,12129
9228,COM01416.00,2016,O.bulk,Me.Pb,25625.552,21000,0.904,12132
9229,COM01416.00,2016,O.bulk,Me.Zn,34167.403,28000,0.904,12132
9230,COM01416.00,2017,O.bulk,Me.Pb,33787.53,21000,0.909,12137
9231,COM01416.00,2017,O.bulk,Me.Zn,45099.6,28000,0.91,12137
9232,COM01416.00,2018,O.bulk,Me.Pb,34337,20000,0.748,12142
9233,COM01416.00,2018,O.bulk,Me.Zn,41334,25000,0.786,12142
9234,COM01416.00,2019,O.bulk,Me.Pb,44698,20000,0.802,12146
9235,COM01416.00,2019,O.bulk,Me.Zn,54661,24000,0.782,12146
9236,COM01418.00,2012,O.bulk,Me.Au,1.512,,,
9237,COM01418.00,2013,O.bulk,Me.Au,1.617,,,
9238,COM01418.00,2014,O.bulk,Me.Au,2.124,,,
9239,COM01418.00,2015,O.bulk,Me.Au,3.106,,,
9240,COM01418.00,2016,O.Au,Me.Au,3.301,,,
9241,COM01418.00,2017,O.Au,Me.Au,4.014,,,
9242,COM01418.00,2018,O.Au,Me.Au,4.567,,,
9243,COM01421.00,2007,O.Cu,Me.Ag,73.45,21.86,0.002093,12148
9244,COM01421.00,2007,O.Cu,Me.Cu,34608,10300,0,12148
9245,COM01421.00,2008,O.Cu,Me.Ag,62.518,18.35,0.00297,12150
9246,COM01421.00,2008,O.Cu,Me.Cu,29640.9,8700,0,12150
9247,COM01421.00,2009,O.Cu,Me.Ag,64.912,19.7,0.002577,12152
9248,COM01421.00,2009,O.Cu,Me.Cu,24383,7400,0,12152
9249,COM01421.00,2010,O.Cu,Me.Ag,46.624,14.91,0.004498,12154
9250,COM01421.00,2010,O.Cu,Me.Cu,20950.9,6700,0,12154
9251,COM01421.00,2011,O.Cu,Me.Ag,38.649,14.47,0.004776,12156
9252,COM01421.00,2011,O.Cu,Me.Cu,15491.8,5800,0,12156
9253,COM01421.00,2012,O.Cu,Me.Ag,17.6,14.74,0.004603,12158
9254,COM01421.00,2012,O.Cu,Me.Cu,8119.2,6800,0,12158
9255,COM01422.00,2007,O.Cu,Me.Ag,107.098,13.965,0.005128,12160
9256,COM01422.00,2007,O.Cu,Me.Cu,45630.55,5950,0,12160
9257,COM01422.00,2008,O.Cu,Me.Ag,123.132,16.55,0.003651,12162
9258,COM01422.00,2008,O.Cu,Me.Cu,47988,6450,0,12162
9259,COM01422.00,2009,O.Cu,Me.Ag,94.65,18.16,0.003032,12164
9260,COM01422.00,2009,O.Cu,Me.Cu,35962.8,6900,0,12164
9261,COM01422.00,2010,O.Cu,Me.Ag,72.796,12.28,0.006631,12166
9262,COM01422.00,2010,O.Cu,Me.Cu,35568,6000,0,12166
9263,COM01422.00,2011,O.Cu,Me.Ag,68.404,11.685,0.007324,12168
9264,COM01422.00,2011,O.Cu,Me.Cu,30440.8,5200,0,12168
9265,COM01422.00,2012,O.Cu,Me.Ag,70.037,10.665,0.008792,12170
9266,COM01422.00,2012,O.Cu,Me.Cu,36118.5,5500,0,12170
9267,COM01422.00,2013,O.Cu,Me.Ag,82.11,11.84,0.007133,12172
9268,COM01422.00,2013,O.Cu,Me.Cu,55480,8000,0,12172
9269,COM01422.00,2014,O.Cu,Me.Ag,54.173,9.83,0.010349,12174
9270,COM01422.00,2014,O.Cu,Me.Cu,45741.3,8300,0,12174
9271,COM01423.00,2007,O.Cu,Me.Ag,19.594,8.25,0.014692,12176
9272,COM01423.00,2007,O.Cu,Me.Cu,15437.5,6500,0,12176
9273,COM01423.00,2008,O.Cu,Me.Ag,37.76,10.08,0.009842,12178
9274,COM01423.00,2008,O.Cu,Me.Cu,24349,6500,0,12178
9275,COM01423.00,2009,O.Cu,Me.Ag,38.183,11.26,0.007887,12180
9276,COM01423.00,2009,O.Cu,Me.Cu,25432.5,7500,0,12180
9277,COM01423.00,2010,O.Cu,Me.Ag,12.205,6.41,0.024338,12182
9278,COM01423.00,2010,O.Cu,Me.Cu,17136,9000,0,12182
9279,COM01423.00,2011,O.Cu,Me.Ag,12.452,5.91,0.02863,12184
9280,COM01423.00,2011,O.Cu,Me.Cu,14538.3,6900,0,12184
9281,COM01423.00,2012,O.Cu,Me.Ag,11.824,4.36,0.052605,12186
9282,COM01423.00,2012,O.Cu,Me.Cu,14644.8,5400,0,12186
9283,COM01423.00,2013,O.Cu,Me.Ag,18.155,6.98,0.020525,12188
9284,COM01423.00,2013,O.Cu,Me.Cu,17166.6,6600,0,12188
9285,COM01423.00,2014,O.Cu,Me.Ag,9.032,6.47,0.023889,12190
9286,COM01423.00,2014,O.Cu,Me.Cu,10330.4,7400,0,12190
9287,COM01425.00,2007,O.Cu,Me.Ag,115.669,14.335,0.004866,12192
9288,COM01425.00,2007,O.Cu,Me.Cu,60114.05,7450,0,12192
9289,COM01425.00,2008,O.Cu,Me.Ag,72.668,11.625,0.0074,12194
9290,COM01425.00,2008,O.Cu,Me.Cu,45632.3,7300,0,12194
9291,COM01425.00,2009,O.Cu,Me.Ag,130.682,15.185,0.004337,12196
9292,COM01425.00,2009,O.Cu,Me.Cu,64975.3,7550,0,12196
9293,COM01425.00,2010,O.Cu,Me.Ag,129.775,15.015,0.004436,12198
9294,COM01425.00,2010,O.Cu,Me.Cu,58772.4,6800,0,12198
9295,COM01425.00,2011,O.Cu,Me.Ag,109.56,12.82,0.006084,12200
9296,COM01425.00,2011,O.Cu,Me.Cu,50848.7,5950,0,12200
9297,COM01425.00,2012,O.Cu,Me.Ag,104.662,12.485,0.006415,12202
9298,COM01425.00,2012,O.Cu,Me.Cu,52812.9,6300,0,12202
9299,COM01425.00,2013,O.Cu,Me.Ag,135.415,15.79,0.004011,12204
9300,COM01425.00,2013,O.Cu,Me.Cu,62604.8,7300,0,12204
9301,COM01425.00,2014,O.Cu,Me.Ag,100.784,14.6,0.004691,12206
9302,COM01425.00,2014,O.Cu,Me.Cu,49011.3,7100,0,12206
9303,COM01426.00,2007,O.Cu,Me.Ag,23.488,8.15,0.015055,12208
9304,COM01426.00,2007,O.Cu,Me.Cu,36601.4,12700,0,12208
9305,COM01426.00,2008,O.Cu,Me.Ag,27.683,8.44,0.014038,12210
9306,COM01426.00,2008,O.Cu,Me.Cu,45592,13900,0,12210
9307,COM01426.00,2009,O.Cu,Me.Ag,27.543,8.41,0.014139,12212
9308,COM01426.00,2009,O.Cu,Me.Cu,58950,18000,0,12212
9309,COM01426.00,2010,O.Cu,Me.Ag,26.987,7.28,0.018868,12214
9310,COM01426.00,2010,O.Cu,Me.Cu,57829.2,15600,0,12214
9311,COM01426.00,2011,O.Cu,Me.Ag,30.364,8.18,0.014945,12216
9312,COM01426.00,2011,O.Cu,Me.Cu,53452.8,14400,0,12216
9313,COM01426.00,2012,O.Cu,Me.Ag,34.154,9.12,0.012023,12218
9314,COM01426.00,2012,O.Cu,Me.Cu,50557.5,13500,0,12218
9315,COM01426.00,2013,O.Cu,Me.Ag,34.464,9.22,0.011764,12220
9316,COM01426.00,2013,O.Cu,Me.Cu,41491.8,11100,0,12220
9317,COM01426.00,2014,O.Cu,Me.Ag,26.687,8.48,0.013906,12222
9318,COM01426.00,2014,O.Cu,Me.Cu,30840.6,9800,0,12222
9319,COM01430.00,2003,O.bulk,Me.Au,9.887,,,
9320,COM01430.00,2004,O.bulk,Me.Au,10.663,,,
9321,COM01430.00,2005,O.bulk,Me.Au,11.489,,,
9322,COM01430.00,2005,O.bulk,Me.Cu,1166,,,
9323,COM01430.00,2006,O.bulk,Me.Au,13.87,,,
9324,COM01430.00,2006,O.bulk,Oth.cuca,6781,,,
9325,COM01430.00,2007,O.bulk,Me.Au,15.893,,,
9326,COM01430.00,2007,O.bulk,Oth.cuca,8032,,,
9327,COM01430.00,2008,O.bulk,Me.Au,17.428,,,
9328,COM01430.00,2008,O.bulk,Oth.cuca,10006.35,,,
9329,COM01430.00,2009,O.bulk,Me.Au,18.002,,,
9330,COM01430.00,2009,O.bulk,Oth.cuca,12840.8,,,
9331,COM01430.00,2010,O.bulk,Me.Au,16.228,,,
9332,COM01430.00,2010,O.bulk,Oth.cuca,7058.3,,,
9333,COM01430.00,2011,O.bulk,Me.Au,16.165,,,
9334,COM01430.00,2011,O.bulk,Me.Cu,7494.22,,,
9335,COM01430.00,2011,O.bulk,Oth.cuca,1409.88,,,
9336,COM01430.00,2012,O.bulk,Me.Ag,10.501,,,
9337,COM01430.00,2012,O.bulk,Me.Au,16.376,,,
9338,COM01430.00,2012,O.bulk,Me.Cu,14909.4,,,
9339,COM01430.00,2012,O.bulk,Oth.cuca,2106.7,,,
9340,COM01430.00,2013,O.bulk,Me.Au,11.742,,,
9341,COM01430.00,2013,O.bulk,Me.Cu,17934,,,
9342,COM01430.00,2013,O.bulk,Oth.cuca,12744,,,
9343,COM01430.00,2014,O.bulk,Me.Au,10.322,,,
9344,COM01430.00,2014,O.bulk,Me.Cu,21294,,,
9345,COM01430.00,2014,O.bulk,Oth.cuca,17034,,,
9346,COM01430.00,2015,O.bulk,Me.Au,9.152,,,
9347,COM01430.00,2015,O.bulk,Me.Cu,26365,,,
9348,COM01430.00,2015,O.bulk,Oth.cuca,22337,,,
9349,COM01430.00,2016,O.bulk,Me.Au,7.278,,,
9350,COM01430.00,2016,O.bulk,Me.Cu,31015,,,
9351,COM01430.00,2016,O.bulk,Oth.cuca,25261,,,
9352,COM01430.00,2017,O.bulk,Me.Ag,31.357,,,
9353,COM01430.00,2017,O.bulk,Me.Au,3.875,,,
9354,COM01430.00,2017,O.bulk,Me.Cu,57701,,,
9355,COM01430.00,2017,O.bulk,Oth.cuca,18149,,,
9356,COM01430.00,2018,O.bulk,Me.Ag,29.976,,,
9357,COM01430.00,2018,O.bulk,Me.Au,3.241,,,
9358,COM01430.00,2018,O.bulk,Me.Cu,57400,,,
9359,COM01430.00,2018,O.bulk,Oth.cuca,19231,,,
9360,COM01432.00,2001,O.bulk,Me.Ag,42.411,,,
9361,COM01432.00,2001,O.bulk,Me.Pb,20300,,,
9362,COM01432.00,2001,O.bulk,Me.Zn,61800,,,
9363,COM01432.00,2002,O.bulk,Me.Ag,44.055,,,
9364,COM01432.00,2002,O.bulk,Me.Pb,22300,,,
9365,COM01432.00,2002,O.bulk,Me.Zn,48000,,,
9366,COM01432.00,2003,O.bulk,Me.Ag,52.191,,,
9367,COM01432.00,2003,O.bulk,Me.Pb,22500,,,
9368,COM01432.00,2003,O.bulk,Me.Zn,64500,,,
9369,COM01432.00,2004,O.bulk,Me.Ag,57.684,99,0.75,12224
9370,COM01432.00,2004,O.bulk,Me.Pb,31448,49000,0.88,12224
9371,COM01432.00,2004,O.bulk,Me.Zn,61547,91000,0.92,12224
9372,COM01432.00,2005,O.bulk,Me.Ag,52.81,95,0.76,12226
9373,COM01432.00,2005,O.bulk,Me.Pb,36674,51000,0.89,12226
9374,COM01432.00,2005,O.bulk,Me.Zn,69981,94000,0.93,12226
9375,COM01432.00,2006,O.bulk,Me.Ag,49.834,63.320811,,12228
9376,COM01432.00,2006,O.bulk,Me.Pb,31850,46000,0.88,12228
9377,COM01432.00,2006,O.bulk,Me.Zn,75909,103000,0.94,12228
9378,COM01432.00,2007,O.bulk,Me.Ag,49.697,56.760383,,12230
9379,COM01432.00,2007,O.bulk,Me.Pb,33580,44000,0.88,12230
9380,COM01432.00,2007,O.bulk,Me.Zn,68441,83000,0.94,12230
9381,COM01432.00,2008,O.bulk,Me.Ag,47.956,53.580929,,12232
9382,COM01432.00,2008,O.bulk,Me.Pb,33075,43000,0.86,12232
9383,COM01432.00,2008,O.bulk,Me.Zn,65631,79000,0.93,12232
9384,COM01432.00,2009,O.bulk,Me.Ag,52.667,51.220948,,12234
9385,COM01432.00,2009,O.bulk,Me.Pb,36183,41000,0.85,12234
9386,COM01432.00,2009,O.bulk,Me.Zn,70968,75000,0.92,12234
9387,COM01432.00,2010,O.Cu,Me.Cu,540,22000,0.9,12237
9388,COM01432.00,2010,O.Zn,Me.Pb,36636,44000,0.84,12238
9389,COM01432.00,2010,O.Zn,Me.Zn,72206,80000,0.91,12238
9390,COM01432.00,2010,,Me.Ag,50.963,,,
9391,COM01432.00,2011,O.Cu,Me.Cu,1768,18000,0.9,12241
9392,COM01432.00,2011,O.Zn,Me.Pb,32339,40000,0.82,12242
9393,COM01432.00,2011,O.Zn,Me.Zn,75147,82000,0.92,12242
9394,COM01432.00,2011,,Me.Ag,47.851,,,
9395,COM01432.00,2012,O.Cu,Me.Cu,3059,23000,0.918,12245
9396,COM01432.00,2012,O.Zn,Me.Pb,37246,44000,0.854,12246
9397,COM01432.00,2012,O.Zn,Me.Zn,83209,91000,0.917,12246
9398,COM01432.00,2012,,Me.Ag,70.76,,,
9399,COM01432.00,2013,O.Cu,Me.Cu,3460,17000,0.898,12249
9400,COM01432.00,2013,O.Zn,Me.Pb,32874,42000,0.848,12250
9401,COM01432.00,2013,O.Zn,Me.Zn,71366,85000,0.907,12250
9402,COM01432.00,2013,,Me.Ag,69.967,,,
9403,COM01432.00,2014,O.Cu,Me.Cu,3464,23000,0.907,12253
9404,COM01432.00,2014,O.Zn,Me.Pb,32363,37000,0.825,12254
9405,COM01432.00,2014,O.Zn,Me.Zn,77713,82000,0.904,12254
9406,COM01432.00,2014,,Me.Ag,68.974,,,
9407,COM01432.00,2015,O.Cu,Me.Cu,2044,17000,0.881,12257
9408,COM01432.00,2015,O.Zn,Me.Pb,34120,38000,0.829,12258
9409,COM01432.00,2015,O.Zn,Me.Zn,83451,83000,0.921,12258
9410,COM01432.00,2015,,Me.Ag,72.064,,,
9411,COM01432.00,2016,O.Cu,Me.Cu,1906,20000,0.916,12261
9412,COM01432.00,2016,O.Zn,Me.Pb,31661,35000,0.823,12262
9413,COM01432.00,2016,O.Zn,Me.Zn,78523,80000,0.898,12262
9414,COM01432.00,2016,,Me.Ag,61.207,,,
9415,COM01432.00,2017,O.Cu,Me.Cu,977,15000,0.883,12265
9416,COM01432.00,2017,O.Zn,Me.Pb,28324,29000,0.811,12266
9417,COM01432.00,2017,O.Zn,Me.Zn,77963,73000,0.895,12266
9418,COM01432.00,2017,,Me.Ag,66.933,,,
9419,COM01432.00,2018,O.Cu,Me.Cu,1386,14000,0.884,12269
9420,COM01432.00,2018,O.Zn,Me.Pb,24613,26000,0.791,12270
9421,COM01432.00,2018,O.Zn,Me.Zn,76606,70000,0.906,12270
9422,COM01432.00,2018,,Me.Ag,61.093,,,
9423,COM01432.00,2019,O.Cu,Me.Cu,2906,18000,0.891,12273
9424,COM01432.00,2019,O.Zn,Me.Pb,27703,31000,0.809,12274
9425,COM01432.00,2019,O.Zn,Me.Zn,78313,76000,0.915,12274
9426,COM01432.00,2019,,Me.Ag,69.853,,,
