facility_id,facility_name,facility_other_names,sub_site_name,sub_site_other_names,facility_type,primary_commodity,commodities_products,facility_equipment,production_start,production_end,activity_status,activity_status_year,surface_area_sq_km,concession_area_sq_km,country
COM00001.00,777,,,,Mine,Copper,"Copper, Zinc, Gold, Silver",Underground,,,,,,,Canada
COM00002.00,A Narrain,,,,Mine,Iron,Iron ore,Open pit,,,,,,1.6059999999999999,India
COM00003.00,Absaloka,,,,Mine,Coal,Sub-bituminous coal,,1974.0,,,,,,United States of America
COM00004.00,Abyz,,,,Mine,Gold,"Copper, Zinc, Gold, Silver",,,,,,,,Kazakhstan
COM00005.00,Achinsk Alumina Refinery,,,,Refinery,Processing,"Alumina, Calcined soda",Sinter plant,1970.0,,,,,,Russian Federation
COM00006.00,Acindar,,,,"Smelter, Refinery",Processing,"Steel, rebar, steel bar, steel meshes, wire rod, barbed wire","Direct reduction iron plant, electric arc furnace, ladle furnace, continuous casting, rolling mills, drawing mill",,,,,,,Argentina
COM00007.00,AGA Mineracao,,,,Mine,Gold,Gold,"Underground, Open pit, Heap leaching plant",,,,,,,Brazil
COM00008.00,Aguablanca,,,,Mine,Nickel,"Nickel, Copper, Cobalt, Gold, PGM",Underground,2005.0,2016.0,,,,,Spain
COM00009.00,Ahafo,,,,Mine,Gold,Gold,"Open pit, Underground",2006.0,,,,,,Ghana
COM00010.00,AHMSA Monclova Steel Plant,,,,"Smelter, Refinery",Processing,"Crude Steel, Hot-rolled steel sheet, Steel plate, Chrome plate, Tin plate, Cold-rolled sheet, Structural steel profiles","Blast furnace, Basic oxygen furnace, Electric arc furnace, Pellet plant, Sinter plant, Coke plant, Rolling mills, Continuous casters, cold rolling mill",,,,,,,Mexico
COM00011.00,Air Quality,Air Quality No. 1,,,Mine,Coal,Thermal coal,Underground,,2012.0,,,,,United States of America
COM00012.00,Airly,,,,Mine,Coal,Coal,Underground,,,,,,,Australia
COM00013.00,Aitik,,,,Mine,Copper,"Copper, Silver, Gold",Open pit,,,,,,,Sweden
COM00014.00,Akbastau,,,,Mine,Copper,"Copper, Zinc, Gold, Silver",,,,,,,,Kazakhstan
COM00015.00,Aktogay,,,,Mine,Copper,"Copper, Silver, Copper cathode, Gold","Open pit, Heap leaching plant",2015.0,,,,,,Kazakhstan
COM00016.00,Akyem,,,,Mine,Gold,Gold,Open pit,2013.0,,,,,,Ghana
COM00017.00,Al Ba’itha,,,,Mine,Aluminium,Bauxite,Open pit,2014.0,,,,,,Saudi Arabia
COM00018.00,Alamo Dorado,,,,Mine,Silver,"Silver, Gold, Copper","Open pit, Leaching plant",2007.0,2017.0,,,,,Mexico
COM00019.00,Albras,,,,Smelter,Processing,Aluminium,,,,,,,,Brazil
COM00020.00,Alexievskaya,"Aleksiyevskaya, Leninskoye",,,Mine,Coal,Coal,,1964.0,,,,,,Russian Federation
COM00021.00,Aljustrel,,,,Mine,Zinc,"Zinc, Lead",,2007.0,,,,,,Portugal
COM00022.00,Alma,,,,Smelter,Processing,"Aluminium rod, T-foundry, Molten metal, High purity, Remelt",,2000.0,,,,,,Canada
COM00023.00,Alouette,,,,Smelter,Processing,"Aluminium high purity, Remelt",,,,,,,,Canada
COM00024.00,Alpamarca,Alpamarca UEA,,,Mine,Silver,"Zinc, Silver, Lead, Copper","Open pit, Underground",,2018.0,,,,,Peru
COM00025.00,Alpart,Alumina Partners of Jamaica,,,"Mine, Refinery",Aluminium,"Bauxite, Alumina",,,,,,,,Jamaica
COM00026.00,ALSCON Aluminium Smelter,ALSCON,,,Smelter,Processing,Aluminium,,1997.0,,,,,,Nigeria
COM00027.00,Altar,,,,Mine,Other mine,"Copper, Gold",,,,Exploration,2018.0,,,Argentina
COM00028.00,Altonorte,,,,Smelter,Processing,Copper,,1993.0,,,,,,Chile
COM00029.00,Alucam,,,,Smelter,Processing,Aluminium,,,,,,,,Cameroon
COM00030.00,Alumar,Sao Luis Alumar,,,Refinery,Processing,Alumina,,1984.0,,,,,,Brazil
COM00031.00,Alumbrera,,,,Mine,Copper,"Gold, Copper, Silver",,,,,,,,Argentina
COM00032.00,Alunorte,,,,Refinery,Processing,Alumina,,1995.0,,,,,,Brazil
COM00033.00,Amandelbult,,,,Mine,Other (poly)-metallic,"Platinum, Palladium",,,,,,,,South Africa
COM00034.00,Amapa,,,,Mine,Iron,Iron ore,,,,,,,,Brazil
COM00035.00,Ambatovy,Ambatovy Joint Venture,,,"Mine, Refinery",Nickel,"Nickel, Cobalt",,2011.0,,,,,,Madagascar
COM00036.00,Amona,,,,"Refinery, Smelter",Processing,Pig iron,"Coke plant, blast furnace",1992.0,,,,,,India
COM00037.00,Amonate,,,,Mine,Coal,Coal,"Underground, Surface",,,,,,,United States of America
COM00038.00,Amurugol AO,JSC Amurugol,,,Company,Coal,Coal,,,,,,,,Russian Federation
COM00039.00,AMVEST Fola Complex,,,,Mine,Coal,Metallurgical coal,"Underground, Surface",,,,,,,United States of America
COM00040.00,AMVEST Terry Eagle Complex,,,,Mine,Coal,Coal,"Underground, Surface",,,,,,,United States of America
COM00041.00,Andina,División Andina,,,Mine,Copper,"Copper, Molybdenum, Silver","Open pit, Underground",1970.0,,,,,,Chile
COM00042.00,Andorinhas,"Mamão, Lagoa Seca",,,Mine,Gold,Gold,,,,,,,,Brazil
COM00043.00,Andrade,,,,Mine,Iron,Iron,Open pit,1944.0,,,,,,Brazil
COM00044.00,Anglesey,,,,Smelter,Processing,Aluminium,,,2009.0,,,,,United Kingdom
COM00045.00,Anglo American other coal mines South Africa,,,,Company,Coal,Thermal coal,,,,,,,,South Africa
COM00046.00,Angul Aluminium Smelter,,,,Smelter,Processing,"Aluminium, Aluminium ingots, Aluminium sow ingots, Aluminium billets, wire rods, cast strips, cold-colled sheets, cold rolled coils","Continuous caster, strip casting machine, ingot casting machine, wire rod mills",,,,,,,India
COM00047.00,Angus Place,,,,Mine,Coal,Coal,Underground,,,care and maintenance,2020.0,,,Australia
COM00048.00,Antamina,,,,Mine,Copper,"Copper, Zinc, Molybdenum, lead",Open pit,,,,,,,Peru
COM00049.00,Antapaccay,,,,Mine,Copper,"Copper, Gold, Silver, Copper cathode",Open pit,,2012.0,,,,,Peru
COM00050.00,Antapite,,,,Mine,Gold,"Gold, Silver",Underground,2001.0,,,,,,Peru
COM00051.00,Antas,Mina Antas Norte,,,Mine,Copper,"Copper, Gold","Open pit, Underground",2016.0,,,,,,Brazil
COM00052.00,Antelope,,,,Mine,Coal,Thermal coal,Surface,,,,,,,United States of America
COM00053.00,Antonovskaya,,,,Mine,Coal,Coking coal,Underground,,,,,,,Russian Federation
COM00054.00,Antucoya,,,,Mine,Copper,"Copper, Copper cathodes",,2016.0,,,,,,Chile
COM00055.00,Anyuan,Ordos Neng Hua,,,Mine,Coal,Thermal coal,Underground,2004.0,,,,9.3,,China
COM00056.00,Araxa,,,,"Mine, Refinery",Other mine,Phosphate,Open pit,,,,,,,Brazil
COM00057.00,Araxa CBBM,,,,"Mine, Refinery",Other mine,"Niobium, Ferroniobium",Open pit,,,,,,,Brazil
COM00058.00,ArcelorMittal Bremen,,,,"Smelter, Refinery",Processing,"Steel, steel slab, hot-rolleds steel, pickled steel, cold-rolled steel, hot dip galvanized rolls","Sinter plant, blast furnace, basic oxygen converter, ladle furnace, continuous slab caster, hot strip mill, tandem mill, temper mill, hot dip galvanizing line,",,,,,,,Germany
COM00059.00,ArcelorMittal Cleveland,,,,"Smelter, Refinery",Processing,Steel,"Blast furnace, basic oxygen furnaces, slab casters, hot-strip mill, cold rolling mill, temper mill, hot dip galvanizing line",,,,,,,United States of America
COM00060.00,ArcelorMittal Duisburg steel plant,,,,"Smelter, Refinery",Processing,"Steel, steel billet, steel bloom, steel bar, wire rod","Basic oxygen converter, bloom caster, billet caster, billet mill, wire rod mill",,,,,,,Germany
COM00061.00,ArcelorMittal Gipuzkoa,ArcelorMittal Olaberria-Bergara,,,"Smelter, Refinery",Processing,Steel,"Electric arc furnace, continuous casters, section rolling mill, wire rod rolling mill, bar rolling mill",,,,,,,Spain
COM00062.00,ArcelorMittal Hamburg steel plant,,,,"Smelter, Refinery",Processing,"Steel, steel billet, wire rod","DRI production facility (MIDREX), electric arc furnace, billet caster, wire rod mill, stretching plant",,,,,,,Germany
COM00063.00,ArcelorMittal Tubarao,,,,"Smelter, Refinery",Processing,"Steel, steel slab, hot-rolled coils","Coke plant, sinter plant, blast furnace, basic oxygen furnace converter, slab casters, hot strip mill",,,,,,,Brazil
COM00064.00,ArcelorMittal Warszawa steel plant,AM Warszawa,,,"Smelter, Refinery",Processing,"Steel, steel bar, steel rebar","Electric arc furnace, continuous caster, rolling mill",,,,,,,Poland
COM00065.00,Arch of West Virginia,,,,Mine,Coal,Coal,,,,,,,79.72393,United States of America
COM00066.00,Arch of Wyoming,,,,Mine,Coal,Coal,Surface,,2012.0,,,,234.7202,United States of America
COM00067.00,Argyle,,,,Mine,Other mine,Diamonds,,1983.0,,,,,,Australia
COM00068.00,Arnot,,,,Mine,Coal,Thermal coal,,,,,,,,South Africa
COM00069.00,Artemyevsky,,,,Mine,Zinc,"Copper, Zinc, Gold, Silver",Underground,,,active,2019.0,,,Kazakhstan
COM00070.00,Arvida,,,,Smelter,Processing,"Aluminium billet, Molten metal, Remelt",,1954.0,,,,,,Canada
COM00071.00,Asam-Asam,,,,Mine,Coal,Sub-bituminous coal,Open pit,,,,,,,Indonesia
COM00072.00,Ashele,"Xinjiang Ashele Copper Co, Xinjiang Ashele",,,Mine,Copper,"Copper, Zinc, Silver",Underground,2004.0,,,,,,China
COM00073.00,Atansore,,,,Mine,Iron,Iron,Open pit,,,,,,,Kazakhstan
COM00074.00,Atasu,West Karazhal,,,Mine,Iron,Iron,Underground,1976.0,,,,,,Kazakhstan
COM00075.00,Atlantic Copper,,,,"Smelter, Refinery",Processing,"Copper cathode, Copper anode",,,,,,,,Spain
COM00076.00,Aughinish Alumina,Aughinish Alumina Refinery,,,Refinery,Processing,"Alumina, Alumina hydrate",Bayer process plant,1983.0,,,,,,Ireland
COM00077.00,Australia Sands,"Tiwest, Ticor Australia",,,Mine,Iron,"Zircon, Rutile, Ilmenite",,,,,,,,Australia
COM00078.00,Avdiivka Coke,PrJSC Avdiivka Coke Plant,,,Refinery,Processing,Coke,,,,,,,,Ukraine
COM00079.00,Aviles and Gijon steel plant,Asturias steel plant,,,"Smelter, Refinery",Processing,"Steel, railroad rails, wire rod, heavy plates, hot-rolled coils, galvanized sheet, tinplate, organic-coated sheet","Coke oven, sinter plant, blast furnace, steel plant, continuous casters for slabs, casters for blooms and billets, hot strip mill, heavy plate mill, wire rod mill, rail mil, pickling line, cold tandem mill, tinning line, galvanizing line, organic coating line",,,,,,,Spain
COM00080.00,Awaso,,,,Mine,Aluminium,Bauxite,,,,,,,,Ghana
COM00081.00,Azovstal,PrJSC Azovstal Iron and Steel Works,,,"Refinery, Smelter",Processing,"Coke, Steel","Coke-Oven, Blast Furnace, Oxygen Furnace",1933.0,,,,,,Ukraine
COM00082.00,Azul,,,,Mine,Other (poly)-metallic,Manganese,Open Pit,1985.0,,,,,,Brazil
COM00083.00,Baal Bone,,,,Mine,Coal,Coal,"Underground, Open pit",,2011.0,,,,,Australia
COM00084.00,Bagdad,,,,Mine,Copper,"Copper, Molybdenum","Open pit, SX-EW",1945.0,,,,133.95239,,United States of America
COM00085.00,Baie Comeau Aluminium Smelter,,,,Smelter,Processing,Aluminium,,,,,,,,Canada
COM00086.00,Bakan,,,,Mine,Gold,Gold,Heap leaching plant,2004.0,,,,,581.5,Indonesia
COM00087.00,Balangan,Balangan Coal Companies,,,Mine,Coal,Thermal coal,Open pit,,,,,,75.0,Indonesia
COM00088.00,Bald Mountain,,,,Mine,Gold,Gold,,,,,,,,United States of America
COM00089.00,Balkhash Smelter,Balhashcvetmet; BGMC; Balkhash Mining and Metallurgical Combine,,,Smelter,Processing,Copper cathodes,,,,,,,,Kazakhstan
COM00090.00,Bangun Olahsarana Sukses,"PT. Bangun Olahsarana Sukses, BOS",,,Mine,Coal,Metallurgical coal,,,,,,,,Indonesia
COM00091.00,Bank,,,,Mine,Coal,Thermal coal,,,,,,,,South Africa
COM00092.00,Bao Vista,,,,Mine,Other mine,"Niobium, Phosphates",,,,,,,,Brazil
COM00093.00,Baorixile Mines,"Shenhua Baorixile Energy Co., Shenbao Energy Company",,,Mine,Coal,Lignite,,,,,,,,China
COM00094.00,Baotou Aluminum,Inner Mongolia Huayun,,,Smelter,Processing,Aluminium,,,,,,,,China
COM00095.00,Baotou Mines,Shenhua Baotou Energy Co.,,,Mine,Coal,Thermal coal,,,,,,,,China
COM00096.00,Baralaba,,,,Mine,Coal,"Coal, Thermal coal",Surface,,,,,,,Australia
COM00097.00,Barbacena Ferroalloys plant,,,,Refinery,Processing,"ferro-silicon manganese, ferro-manganese medium carbon","refining furnaces, briquetting plant",,,,,,,Brazil
COM00098.00,Barberton,"Fairview, Sheba, Consort",,,Mine,Gold,Gold,Carbon in Leach plant,,,,,,,South Africa
COM00099.00,Barneys Canyon,,,,Mine,Gold,Gold,,,,,,,,United States of America
COM00100.00,Barro Alto,,,,Mine,Nickel,"Nickel, Manganese",,,,,,,,Brazil
COM00101.00,Barsingsar,,,,Mine,Coal,Lignite,Open pit,,,,,,,India
COM00102.00,Baruun Noyon Uul,BNU,,,Mine,Coal,Thermal coal,,,,,,,,Mongolia
COM00103.00,Barzasskoye tovarischestvo,,,,Mine,Coal,Coking coal,,,,,,,,Russian Federation
COM00104.00,Batu Hijau,,,,Mine,Copper,"Gold, Copper, Silver",Open pit,,,,,,,Indonesia
COM00105.00,Batulicin,Batu Licin,,,Mine,Coal,Coal,Open pit,,2013.0,,,,,Indonesia
COM00106.00,Bauxite Company of Guyana,Bauxite Company of Guyana Inc.,,,Mine,Aluminium,Bauxite,,,,,,,,Guyana
COM00107.00,Bayovar,,,,Mine,Other mine,Phosphate,Open pit,,,,,,,Peru
COM00108.00,Bayside,,,,Smelter,Processing,Aluminium,,,,,,,,South Africa
COM00109.00,Bear Run,,,,Mine,Coal,Thermal coal,Surface,2010.0,,,,,,United States of America
COM00110.00,Beatrix,,,,Mine,Gold,Gold,"Underground, Open pit",1983.0,,,,,,South Africa
COM00111.00,Beauharnois,,,,Smelter,Processing,Aluminium,,,2009.0,,,,,Canada
COM00112.00,Becancour,,,,Smelter,Processing,"Aluminium slab, Billet, T-foundry, Remelt, Molten metal",,1986.0,,,,,,Canada
COM00113.00,Beckley,,,,Mine,Coal,Metallurgical coal,Underground,2007.0,,,,,,United States of America
COM00114.00,Beeshoek,,,,Mine,Iron,Iron,Open pit,,,,,,,South Africa
COM00115.00,Beisu,,,,Mine,Coal,Thermal coal,Underground,1976.0,,,,,,China
COM00116.00,Belfast,,,,Mine,Coal,Thermal coal,Open cut,,,,,,,South Africa
COM00117.00,Bell Bay,,,,Smelter,Processing,"Aluminium slab, molten metal, small form and t-foundry, remelt",,1955.0,,,,,,Australia
COM00118.00,Belmont,"Speidel, Shugert, Buttermilk, Egypt Valley Wildlife",,,Mine,Coal,Bituminous coal,Surface,1999.0,,,,,,United States of America
COM00119.00,Belousovsky,,,,Mine,Copper,"Copper, Zinc, Gold, Silver",,,2012.0,,,,,Kazakhstan
COM00120.00,Beltana,,,,Mine,Coal,Coal,,,,,,,,Australia
COM00121.00,Belval and Differdange steel plant,,,,"Smelter, Refinery",Processing,"Steel, steel sheet piles, railroad rails, heavy angles","Electric arc furnace, continuous slab casters, long section rolling mills, sheet piles rolling mill",,,,,,,Luxembourg
COM00122.00,Bembele,Bembe′ le′,,,Mine,Other (poly)-metallic,Manganese,Open pit,,,,,,,Gabon
COM00123.00,Benga,,,,Mine,Coal,"Thermal coal, Hard coking coal",,2012.0,,,,,,Mozambique
COM00124.00,Bengalla,,,,Mine,Coal,"Thermal coal, Coal",,,,,,,,Australia
COM00125.00,Berezovskaya,,,,Mine,Coal,Metallurgical coal,,1958.0,,,,,,Russian Federation
COM00126.00,Berezovskiy,,,,Mine,Coal,Coking coal,Open pit,,,,,,,Russian Federation
COM00127.00,Bergsöe,,,,Smelter,Processing,"Lead, Lead alloys",,,,,,,,Sweden
COM00128.00,Beulah,,,,Mine,Coal,Lignite,,1963.0,,,,,,United States of America
COM00129.00,Bharat Coking Coal Limited,BCCL,,,Mine,Coal,"Coking coal, Thermal coal","Open pit, Underground",,,,,,,India
COM00130.00,Bibiani,,,,Mine,Gold,Gold,Open pit,,,,,,,Ghana
COM00131.00,Big Mountain,Big Mountain/White's Branch,,,Mine,Coal,"Coal, Thermal coal",Underground,,2012.0,,,,,United States of America
COM00132.00,Big Sky,,,,Mine,Coal,Thermal coal,,,2003.0,,,,,United States of America
COM00133.00,Bingham Canyon,,,,Mine,Copper,"Copper, Gold, Molybdenum, Silver",,,,,,,,United States of America
COM00134.00,Binungan,,,,Mine,Coal,Coal,Open pit,,,,,,,Indonesia
COM00135.00,Birch River,Eastern,,,Mine,Coal,Coal,Surface,,2012.0,,,,,United States of America
COM00136.00,Birchtree,,,,Mine,Nickel,Nickel,,,,,,,,Canada
COM00137.00,Birdwell/Miller Creek,Miller Creek,,,Mine,Coal,Thermal coal,Surface,,,,,,,United States of America
COM00138.00,Black Mesa,,,,Mine,Coal,Thermal coal,,,2005.0,,,,,United States of America
COM00139.00,Black Mountain,,,,Mine,Other (poly)-metallic,"Zinc, Lead, Silver, Copper","Open pit, Underground",1980.0,,,,,,South Africa
COM00140.00,Black Rock,Nchwaning and Gloria,,,Mine,Other (poly)-metallic,Manganese,Underground,,,,,,,South Africa
COM00141.00,Black Thunder,,,,Mine,Coal,Thermal coal,Surface,,,,,,,United States of America
COM00142.00,Blacksville,Blacksville #2,,,Mine,Coal,"Thermal coal, Metallurgical coal",Underground,1970.0,,,,,,United States of America
COM00143.00,Blackwater,,,,Mine,Coal,Metallurgical bituminous coal,Open pit,1967.0,,,,,,Australia
COM00144.00,Blair Athol,,,,Mine,Coal,Thermal coal,,,,,,,,Australia
COM00145.00,Bleomhoek,,,,Mine,Other mine,Gold,,,,Project,2018.0,,,South Africa
COM00146.00,Bloom Lake,,,,Mine,Iron,"Iron, Iron ore pellets",Open pit,2010.0,,,,,,Canada
COM00147.00,Blue Ridge,,,,Mine,Other mine,PGM,,,,Project,2018.0,,,South Africa
COM00148.00,Bluegrass,,,,Mine,Coal,Thermal coal,"Surface, Underground",,2012.0,,,,,United States of America
COM00149.00,Bocaina,Arcos,,,Mine,Other mine,"Limestone, Dolomite",Open pit,,,,,,,Brazil
COM00150.00,Bodai-Daldali,,,,Mine,Aluminium,"Bauxite, Alumina",Open pit,2004.0,,,,,6.3,India
COM00151.00,Boddington,,,,Mine,Gold,"Gold, Copper",Open pit,2009.0,,,,,,Australia
COM00152.00,Boffa,,,,Mine,Other mine,Bauxite,Open pit,,,,,,,Guinea
COM00153.00,Bogatyr,,,,Mine,Coal,Coal,,,,,,,,Kazakhstan
COM00154.00,Boggabri,,,,Mine,Coal,Semi-soft coking coal,Open cut,2006.0,,,,,,Australia
COM00155.00,Bogoslovsk,"Bogoslovsk Alumina Refinery, Bogoslovsk Aluminium Smelter",,,"Refinery, Smelter",Processing,"Alumina, Aluminium trihydrate oxide sand, Soda-sulphate silicate rocks, Aluminium",Bayer process plant,1943.0,,,,,,Russian Federation
COM00156.00,Bokoni,,,,Mine,Other mine,Platinum,,,,,,,,South Africa
COM00157.00,Bolivar,,,,Mine,Copper,"Copper, Zinc, Silver, Gold",Underground,,,,,,68.0,Mexico
COM00158.00,Bolshevik,,,,Mine,Coal,Coking coal,,,,,,,,Russian Federation
COM00159.00,Bonikro,,,,Mine,Gold,"Gold, Silver",Open pit,,,,,,,Cote d'Ivoire
COM00160.00,Bosjesspruit,,,,Mine,Coal,Coal,Underground,,,,,,,South Africa
COM00161.00,Boxitogorsk Alumina Refinery,,,,Refinery,Processing,"Alumina, Corundum products",,1938.0,,,,,,Russian Federation
COM00162.00,Boyne Island,,,,Smelter,Processing,Aluminium,,,,,,,,Australia
COM00163.00,Bozshakol,,,,Mine,Copper,"Gold, Copper, Silver",Open pit,2015.0,,,,,,Kazakhstan
COM00164.00,Bozymchak,,,,Mine,Copper,"Copper, Gold, Silver",Open pit,2014.0,,,,,,Kyrgyzstan
COM00165.00,Bracemac-McLeod,"Matagami, Matagami/Perseverance, Perseverance",,,Mine,Zinc,"Zinc, Lead, Copper",,,,,,,,Canada
COM00166.00,Brandspruit,,,,Mine,Coal,Coal,Underground,,2020.0,,,,,South Africa
COM00167.00,Bratsk Aluminium Smelter,,,,Smelter,Processing,"Aluminium, Aluminium slabs, Aluminium ingots, Aluminium T-bars, electrical wire rod",,,,,,,,Russian Federation
COM00168.00,Breapampa,,,,Mine,Gold,"Gold, Silver",,2012.0,2015.0,,,,,Peru
COM00169.00,Broadlea,,,,Mine,Coal,"Thermal coal, Metallurgical coal",Open pit,,,,,,,Australia
COM00170.00,Broadmeadow,,,,Mine,Other mine,Metallurgical bituminous coal,Underground,2005.0,,,,,,Australia
COM00171.00,Brocks Creek,,,,Mine,Other mine,Gold,,,2000.0,,,,,Australia
COM00172.00,Broken Hill,,,,Mine,Silver,"Silver, Lead, Zinc",,,,,,,,Australia
COM00173.00,BRPM,,,,Mine,Other mine,Platinum,,,,,,,,South Africa
COM00174.00,Brunswick,,,,Mine,Zinc,"Zinc, Lead, Copper, Silver",,,,,,,,Canada
COM00175.00,Bryansky,,,,Mine,Coal,Coal,Open pit,,,,,,,Russian Federation
COM00176.00,Buchanan,,,,Mine,Coal,Bituminous coal,Underground,1983.0,,,,,,United States of America
COM00177.00,Buckingham,,,,Mine,Coal,Bituminous coal,,2007.0,,,,,,United States of America
COM00178.00,Buenavista,"Cananea, Buenavista del Cobre",,,Mine,Copper,"Copper, Molybdenum, Copper Cathode, Silver","Open pit, SX-EW plant",1899.0,,,,,,Mexico
COM00179.00,Bulga,,,,Mine,Coal,"Metallurgical coal, Thermal coal",,,,,,,,Australia
COM00180.00,Bulyanhulu,,,,Mine,Gold,"Gold, Copper","Underground, CIL Circuit",,,,,,,Tanzania
COM00181.00,Burbanks,,,,Mine,Gold,Gold,Underground,,2015.0,,,,,Australia
COM00182.00,Burns Harbor,,,,"Smelter, Refinery",Processing,"Steel, hot-rolled sheet, cold-rolled sheet, hot dip galvanized sheet, steel plates","Coke plant, sinter plant, blast furnace, basic oxygen furnace, slab casters, hot strip mill, tandem mill, temper mill, hot dip galvanizing line",,,,,,,United States of America
COM00183.00,Burnstone,,,,Mine,Other mine,Gold,,,,,,,,South Africa
COM00184.00,Burton,,,,Mine,Coal,"Thermal coal, Metallurgical coal",Surface,,2016.0,,,,,Australia
COM00185.00,Buruktal,,,,Mine,Nickel,Nickel,,,,,,,,Russian Federation
COM00186.00,Buzwagi,,,,Mine,Gold,"Gold, Copper",Open Pit,,,,,,,Tanzania
COM00187.00,Bwana,Bwana Mkubwa,,,Refinery,Processing,Copper cathode,SX-EW Facility,,,,,,,Zambia
COM00188.00,Bystrinsky GOK,GRK Bystrinkoye,,,Mine,Copper,"Copper, Iron, Gold",Open pit,2018.0,,,,,,Russian Federation
COM00189.00,Caballo,,,,Mine,Coal,Thermal coal,Surface,,,,,,,United States of America
COM00190.00,Cadia,,,,Mine,Gold,"Gold, Copper, Silver","Underground, Open pit",,,,,,,Australia
COM00191.00,Cadiz,,,,Mine,Coal,Bituminous coal,Surface,2000.0,,,,,,United States of America
COM00192.00,Cagdianao,,,,Mine,Other (poly)-metallic,Nickel,,,,,,,,Philippines
COM00193.00,Cairn Hill,,,,Mine,Iron,Iron ore,,,,,,,,Australia
COM00194.00,Cajati,,,,Mine,Other mine,Phosphate,Open pit,,,,,,,Brazil
COM00195.00,Callide,,,,Mine,Coal,Thermal coal,,,,,,,,Australia
COM00196.00,Canadian Malartic,,,,Mine,Gold,"Gold, Silver",Open pit,,,,,,,Canada
COM00197.00,Candelaria,,,,Mine,Copper,"Copper, Gold, Silver",Open pit,1993.0,,,,54.22846,,Chile
COM00198.00,Cannington,,,,Mine,Silver,"Silver, Lead, Zinc",Underground,,,,,,,Australia
COM00199.00,CAP Acero,"Compañía Siderúrgica Huachipato S.A., CSH,  CAP Talcahuano Steel plant",,,"Smelter, Refinery",Processing,"Crude steel, rolled slabs, rolled plates","Blast furnace, steel mill",,,,,,,Chile
COM00200.00,CAP Huasco Pellet Plant,,,,Refinery,Processing,Iron ore pellets,Pelletizing plant,1987.0,,,,,,Chile
COM00201.00,Capcoal,,,,Mine,Coal,"Metallurgical coal, Thermal coal",,,,,,,,Australia
COM00202.00,Carbones del Guasare,,,,Mine,Coal,Coal,,,,,,,,Venezuela
COM00203.00,Carborough Downs,,,,Mine,Coal,Metallurgical coal,,,,,,,,Australia
COM00204.00,Cardinal River,,,,Mine,Coal,Coal,Surface,,,,,,,Canada
COM00205.00,Carlin,,,,Mine,Gold,Gold,"Open pit, Underground, grinding circuit, roasting circuit, carbon-in leach circuit",1983.0,,,,,,United States of America
COM00206.00,Carlota,,,,Mine,Copper,Copper,Open pit,,,,,,,United States of America
COM00207.00,Carmen de Andacollo,,,,Mine,Copper,"Copper, Gold",Open pit,,,,,,,Chile
COM00208.00,Carosue Dam,CDO,,,Mine,Gold,Gold,,2010.0,,,,,,Australia
COM00209.00,Carrapateena,,,,Mine,Other mine,"Copper, Gold",Underground,2019.0,,,,,,Australia
COM00210.00,Casa de Pedra,,,,Mine,Iron,Iron,Open pit,1913.0,,,,,,Brazil
COM00211.00,Casposo,,,,Mine,Gold,"Gold, Silver","Underground, Open pit",,,,,,,Argentina
COM00212.00,Catalao,,,,Mine,Other (poly)-metallic,Niobium,,,,,,,,Brazil
COM00213.00,Catalao Phosphate,,,,"Mine, Refinery",Other mine,Phosphate,Open pit,,,,,,,Brazil
COM00214.00,Cato Ridge,Cato Ridge Works,,,Smelter,Processing,Ferromanganese,,,,,,,,South Africa
COM00215.00,Caval Ridge,,,,Mine,Coal,Metallurgical bituminous coal,Open pit,2014.0,,,,,,Australia
COM00216.00,Cayeli,,,,Mine,Copper,"Copper, Zinc",,,,,,,,Turkey
COM00217.00,CBG Sangaredi,Boke,,,Mine,Aluminium,Bauxite,,1973.0,,,,,,Guinea
COM00218.00,Cedynia Wire Rod Plant,,,,Refinery,Processing,Copper wire rod,,,,,,,,Poland
COM00219.00,CEMESA,"CEMESA Unit, Cerro del Mercado",,,Mine,Iron,Iron ore,Open pit,,,,,,,Mexico
COM00220.00,Centinela,,,,Mine,Copper,"Copper, Copper cathodes, Molybdenum, Gold, Silver",SX-EW,,,,,,,Chile
COM00221.00,Central Coalfields Limited,CCL,,,Mine,Coal,"Coking coal, Thermal coal","Open pit, Underground",,,,,,,India
COM00222.00,Central GOK,"CGOK, JSC Central Mining and Processing Works, TsGok",,,Mine,Iron,Iron,"Open pit, Underground",,,,,,,Ukraine
COM00223.00,Central Murchison Gold Project,"CMGP, Big Bell Gold Operations Pty Ltd",,,Mine,Gold,Gold,"Underground, Open pit, Carbon-in-pulp plant",,,,,,,Australia
COM00224.00,Century,,,,Mine,Zinc,"Lead, Zinc, Silver",Open pit,1999.0,2016.0,,,,,Australia
COM00225.00,Cerrejon,,,,Mine,Coal,Thermal bituminous coal,Open pit,1976.0,,,,,,Colombia
COM00226.00,Cerro Bayo,Fachinal,,,Mine,Gold,"Gold, Silver",,1995.0,,,,,,Chile
COM00227.00,Cerro de Pasco,Cerro de Pasco UEA,,,Mine,Zinc,"Zinc, Silver, Lead, Copper, Gold","Open pit, Underground, Leaching plant",,,,,,,Peru
COM00228.00,Cerro Matoso,CMSA,,,"Mine, Smelter",Nickel,Nickel,,,,,,,,Colombia
COM00229.00,Cerro Moro,,,,Mine,Gold,"Gold, Silver, Copper","Open pit, Underground",2018.0,,,,,,Argentina
COM00230.00,Cerro Negro,,,,Mine,Gold,"Gold, Silver","Open pit, underground",2014.0,,,,,215.48000000000002,Argentina
COM00231.00,Cerro Negro Norte,Copiapo Valley,,,Mine,Iron,Iron ore,,2014.0,,,,,,Chile
COM00232.00,Cerro Vanguardia,,,,Mine,Gold,Gold,,,,,,,,Argentina
COM00233.00,Cerro Verde,,,,Mine,Copper,"Copper, Molybdenum, Silver","Open pit, SX-EW",1976.0,,,,,736.5358,Peru
COM00234.00,Chagres,,,,Smelter,Processing,Copper,,,,,,,,Chile
COM00235.00,Chaijiagou,Shaanxi Jihua Chaijiagou Mining Co.,,,Mine,Coal,Coal,,,,,,,,China
COM00236.00,Chain Valley,,,,Mine,Coal,Thermal coal,Underground,,,,,,,Australia
COM00237.00,Chalco Chongqing Branch,,,,Refinery,Processing,Alumina,,2010.0,,,,,,China
COM00238.00,Chalco Henan Branch,"Chalco Mining, Chalco Mining Branch, Henan plant",,,"Refinery, Smelter",Processing,"Alumina, Aluminium",,1966.0,,,,,,China
COM00239.00,Chalco Qinghai Branch,Qinghai plant,,,Smelter,Processing,Aluminium,,1987.0,,,,,,China
COM00240.00,Chalco Shandong Branch,,,,"Refinery, Smelter",Processing,"Alumina, Aluminium",,1954.0,,,,,,China
COM00241.00,Chalco Shanxi Other Mines,,,,Region,Aluminium,Bauxite,,,,,,,,China
COM00242.00,Chanderiya Smelter,,,,"Smelter, Refinery",Processing,"Lead, Zinc, Silver, Sulphuric acid","Pyrometallurgical lead-zinc smelter, Hydrometallurgical zinc smelter, Power plant, Sulphuric acid plant",,,,,,,India
COM00243.00,Changgou,,,,Mine,Other (poly)-metallic,Manganese,Underground,,,,,,,China
COM00244.00,Chapada,,,,Mine,Copper,"Copper, Gold, Silver",Open pit,2006.0,,,,,,Brazil
COM00245.00,Chapadao,,,,Mine,Other mine,"Niobium, Phosphates",,,,,,,,Brazil
COM00246.00,Charbon,,,,Mine,Coal,Coal,Underground,,,,,,,Australia
COM00247.00,Cheremshansky,,,,Mine,Coal,Coal,Open pit,,,,,,,Russian Federation
COM00248.00,Cherepovets Steel,,,,"Refinery, Smelter",Processing,Steel,"Coke batteries, Sintering machines, Blast furnace,",1955.0,,,,,,Russian Federation
COM00249.00,Chernigovets,,,,Mine,Coal,Thermal coal,,,,,,,,Russian Federation
COM00250.00,Chibuluma South,"Chifupu, Chibuluma Mines plc, Chibuluma",,,Mine,Copper,Copper,"Underground, Open pit",2006.0,,,,,,Zambia
COM00251.00,Chifeng,,,,Refinery,Processing,Zinc,,,,,,,,China
COM00252.00,China Coal Energy,,,,Company,Coal,"Thermal coal, Metallurgical coal",,,,,,,,China
COM00253.00,Chino,,,,Mine,Copper,Copper,"Open pit, SX-EW",1910.0,,,,474.70137,,United States of America
COM00254.00,Chirano,,,,Mine,Gold,"Gold, Silver",Underground,,,,,,,Ghana
COM00255.00,Chongli,Hebei Chongli Zijin Mining Company Limited,,,Mine,Gold,Gold,,,,,,,,China
COM00256.00,Chotia,,,,Mine,Coal,Thermal coal,Open pit,2006.0,,,,,,India
COM00257.00,Chungar,Chungar UEA,,,Mine,Zinc,"Zinc, Silver, Lead, Copper",Underground,,,,,,,Peru
COM00258.00,Cienega,,,,Mine,Gold,"Silver, Gold, Lead, Zinc",Underground,1992.0,,,,,,Mexico
COM00259.00,Clairton Plant,Mon Valley Works Clairton Plant,,,Refinery,Processing,Coke,Coke oven,,,,,,,United States of America
COM00260.00,Clarence,,,,Mine,Coal,Coal,Underground,,,,,,,Australia
COM00261.00,Clermont,,,,Mine,Coal,Thermal coal,,2010.0,,,,,,Australia
COM00262.00,Cliffs,Cliffs Mine,,,Mine,Other mine,Nickel,Underground,2008.0,,,,,,Australia
COM00263.00,Cliffs Logan County Coal,CLCC,,,Mine,Coal,"Metallurgical coal, Thermal coal","Open pit, Underground",,,,,,,United States of America
COM00264.00,Climax,,,,Mine,Other (poly)-metallic,Molybdenum,Open pit,2012.0,,,,61.10819,,United States of America
COM00265.00,Coal Creek,,,,Mine,Coal,Thermal coal,Surface,,,,,,,United States of America
COM00266.00,Coal Valley,,,,Mine,Coal,Bituminous coal,Surface,1978.0,,,,,,Canada
COM00267.00,Coal‑Mac,,,,Mine,Coal,Thermal coal,Surface,,,,,,186.1574,United States of America
COM00268.00,Coatesville,,,,"Smelter, Refinery",Processing,"Steel, steel plates","Electric arc furnace, slab caster, plate mill",,,,,,,United States of America
COM00269.00,Cobre Las Cruces,Las Cruces,,,Mine,Copper,"Copper, Copper cathode","Open pit, Leaching tanks",2009.0,,,,,,Spain
COM00270.00,Cobre Panama,,,,Mine,Other mine,"Copper, Gold, Molybdenum, Silver",,,,Under construction,2018.0,,,Panama
COM00271.00,Cockatoo Island,,,,Mine,Iron,"Iron, Iron ore fines",Open pit,1993.0,,,,,,Australia
COM00272.00,Codelco Norte,,,,Mine,Copper,"Copper, Copper cathodes, Molybdenum, Gold, Silver",Open pit,1997.0,,,,,,Chile
COM00273.00,Codemin,,,,Mine,Nickel,"Nickel, Manganese",,,,,,,,Brazil
COM00274.00,Coermotibo and Onverdacht,,,,Mine,Aluminium,Bauxite,Open pit,1922.0,2015.0,,,,,Suriname
COM00275.00,Coleman,McCreedy East,,,Mine,Nickel,"Nickel, Copper",,,,,,,,Canada
COM00276.00,Collahuasi,,,,Mine,Copper,"Copper, Copper cathode",Open Pit,,,,,,,Chile
COM00277.00,Collingwood,,,,Mine,Other (poly)-metallic,Tin,Underground,2006.0,2008.0,,,,,Australia
COM00278.00,Collinsville,,,,Mine,Coal,Thermal coal,,,,,,,,Australia
COM00279.00,Colowyo,,,,Mine,Coal,Thermal coal,,,,,,,,United States of America
COM00280.00,Colstrip,Rosebud Mine,,,Mine,Coal,Sub-bituminous coal,,1968.0,,,,,,United States of America
COM00281.00,Conga,,,,Mine,Other mine,"Gold, Silver, Copper",,2011.0,,,,,,Peru
COM00282.00,Consolidated Murchison,,,,Mine,Gold,"Antimony, Gold",,,,,,,,South Africa
COM00283.00,Constancia,,,,Mine,Copper,"Copper, Molybdenum, Gold, Silver",Open pit,2014.0,,,,,,Peru
COM00284.00,Contrecoeur steel plant,,,,"Smelter, Refinery",Processing,"Steel, steel slab","Electric arc furnace, DRI plant, bar mill, rod mill",,,,,,,Canada
COM00285.00,Cooke,,,,Mine,Gold,Gold,"Underground, Open pit",,,,,,,South Africa
COM00286.00,Copebras,,,,Mine,Other mine,"Sodium tripolyphosphate, Phosphates",,,,,,,,Brazil
COM00287.00,Coppabella,,,,Mine,Coal,"Pulverized Coal Injection, PCI Metallurgical coal",Surface,,,,,,,Australia
COM00288.00,Copper Cliff North,,,,Mine,Nickel,"Nickel, Copper",,,,,,,,Canada
COM00289.00,Copper Cliff South,,,,Mine,Nickel,"Nickel, Copper",,,2009.0,,,,,Canada
COM00290.00,COR Industri Indonesia,"PT COR Industri Indonesia, CORII",,,Smelter,Processing,Ferronickel,,2018.0,,,,,,Indonesia
COM00291.00,Coral Bay Nickel Corporation,CBNC,,,Refinery,Processing,"Nickel, Cobalt, Nickel-Cobalt Mixed Sulfide",High Pressure Acid Leaching plant,2005.0,,,,,,Philippines
COM00292.00,Cordero Rojo,,,,Mine,Coal,Thermal coal,Surface,,,,,,,United States of America
COM00293.00,Corridor G,"Hobet 21, Job 21, Hill Fork",,,Mine,Coal,Thermal coal,Surface,,,,,,,United States of America
COM00294.00,Cortez,,,,Mine,Gold,Gold,"Open pit, Underground, Oxide mill, CIL Circuit, Heap Leach",,,,,,,United States of America
COM00295.00,Corumba,,,,Mine,Iron,Iron,"Open Pit, Benefication Plant",,,,,,,Brazil
COM00296.00,Cosmos,,,,Mine,Nickel,Nickel,,,,,,,,Australia
COM00297.00,Cowal,,,,Mine,Gold,Gold,,,,,,,,Australia
COM00298.00,Coyote Creek,Coyote Creek Mining Company,,,Mine,Coal,Lignite,Surface,2016.0,,,,,,United States of America
COM00299.00,Cozamin,,,,Mine,Copper,"Copper, Silver, Gold, Zinc, Lead",Underground,,,,,,,Mexico
COM00300.00,Cracow,,,,Mine,Gold,"Gold, Silver",Underground,2004.0,,,,,,Australia
COM00301.00,Creighton,,,,Mine,Nickel,"Nickel, Copper",,,,,,,,Canada
COM00302.00,Cripple Creek & Victor,"CC&V, Cripple Creek & Victor (CC&V)",,,Mine,Gold,"Gold, Silver","Open pit, Heap leaching plant",1976.0,,,,,,United States of America
COM00303.00,CRL Queensland,,,,Region,Iron,"Zircon, Rutile, Ilmenite",,,,,,,,Australia
COM00304.00,CSA,Cobar,,,Mine,Copper,"Copper, Silver",Underground,,,,,,,Australia
COM00305.00,Cuajone,,,,Mine,Copper,"Copper, Molybdenum, Silver","Open pit, SX plant",1976.0,,,,,,Peru
COM00306.00,Cubatao,"José Bonifácio de Andrada e Silva Plant, Cosipa",,,"Refinery, Smelter",Processing,Crude steel,,,,,,,,Brazil
COM00307.00,Cumberland River,,,,Mine,Coal,"Metallurgical coa, Thermal coal","Underground, Surface",,2014.0,,,,134.76177,United States of America
COM00308.00,Cumnock,,,,Mine,Coal,Thermal coal,,,2010.0,,,,,Australia
COM00309.00,Curragh,,,,Mine,Coal,"Coking coal, Pulverized Coal Injection, Thermal coal",Open pit,,,,,,,Australia
COM00310.00,Cusi,,,,Mine,Silver,"Silver, Gold, Zinc, Lead",,,,,,,119.77,Mexico
COM00311.00,Damanjodi Refinery,,,,Refinery,Processing,Alumina hydrate,,,,,,,,India
COM00312.00,Darby,"Powell Mountain, Middle Splint",,,Mine,Coal,Coal,,,,,,,,United States of America
COM00313.00,Dariba Smelter,,,,Smelter,Processing,"Lead, Zinc, Zinc cathodes, Anode slime, Sulphuric acid","Hydrometallurgical zinc smelter, Sulphuric acid plant, Lead smelter",2010.0,,,,,,India
COM00314.00,Darling Range Mines,"ML1SA, Darling Range Mines ML1SA",,,Mine,Aluminium,Bauxite,Open pit,1963.0,,,,,7128.81,Australia
COM00315.00,Darlot,,,,Mine,Gold,Gold,,,,,,,,Australia
COM00316.00,Dartbrook,,,,Mine,Coal,Coal,,,,,,,,Australia
COM00317.00,Datong Coal Industry,,,,Mine,Coal,Coal,Underground,,,,,,,China
COM00318.00,Datun,Shanghai Energy Company,,,Mine,Coal,Coal,Underground,,,,,,,China
COM00319.00,Daunia,,,,Mine,Coal,Metallurgical bituminous coal,Open pit,2013.0,,,,,,Australia
COM00320.00,Dawson,Dawson Complex,,,Mine,Coal,"Metallurgical coal, Thermal coal",,,,,,,,Australia
COM00321.00,Daxin,,,,"Mine, Refinery",Other (poly)-metallic,"Manganese, Electrolytic manganese metal, Manganese briquette, Electrolytic manganese dioxide, Manganese sulfate","Open pit, Underground",1958.0,,,,,,China
COM00322.00,De Bron Merriespruit,,,,Mine,Other mine,Gold,,,,Project,2018.0,,,South Africa
COM00323.00,Debari Smelter,,,,Smelter,Processing,"Zinc, Sulphuric acid","Hydrometallurgical zinc smelter, Sulphuric acid plant",1968.0,,,,,,India
COM00324.00,Decker,,,,Mine,Coal,Thermal coal,,,,,,,,United States of America
COM00325.00,Deerni,"Qinghai Deerni, Qinghai West Copper Co",,,Mine,Copper,"Copper, Copper cathode",Open Pit,2007.0,,,,,,China
COM00326.00,Deflector,,,,Mine,Gold,"Gold, Copper",Underground,2016.0,,,,,,Australia
COM00327.00,DeGrussa,,,,Mine,Copper,"Copper, Gold","Open pit, Underground",2012.0,,,,,,Australia
COM00328.00,Delma,,,,Mine,Coal,Thermal coal,,,,,,,,South Africa
COM00329.00,Denisovskiy,,,,Mine,Coal,Coking coal,Open pit,2016.0,,,,,,Russian Federation
COM00330.00,Deschambault Aluminium Smelter,,,,Smelter,Processing,Aluminium,,,,,,,,Canada
COM00331.00,Dian Dian,"Dian Diane Diane Project, COBAD",,,Mine,Aluminium,Bauxite,,2017.0,,,,,,Guinea
COM00332.00,Diavik,,,,Mine,Other mine,Diamonds,,2003.0,,,,,,Canada
COM00333.00,Didipio,,,,Mine,Gold,"Gold, Copper, Silver","Open Pit, Underground",2013.0,,,,,102.66,Philippines
COM00334.00,Dilworth,,,,Mine,Coal,Coal,Underground,1984.0,2002.0,,,,,United States of America
COM00335.00,Dodge Hill,,,,Mine,Coal,Thermal coal,Underground,,,,,,,United States of America
COM00336.00,Dofasco Hamilton,ArcelorMittal Dofasco,,,"Smelter, Refinery",Processing,"Steel, hot-rolled steel, cold-rolled steel, galvanized steel, tinplate","Coke plant, blast furnace, basic oxygen steel-making plant, electric arc furnace, slab caster, hot strip rolling mill, cold rolling mill,  temper mills, hydrogen bases, galvanizing lines, electrolytic tinning and chromium coating line, tube mills",,,,,,,Canada
COM00337.00,Dolomit,,,,Mine,Other mine,Dolomite,Open pit,,,,,,,Russian Federation
COM00338.00,Dolores,,,,Mine,Gold,"Silver, Gold","Open pit, Underground, cyanide heap leaching plant, Merrill Crowe plant",2008.0,,,,,,Mexico
COM00339.00,Dongpo,Dongpo Coal Mine,,,Mine,Coal,Coal,Underground,,,,,,,China
COM00340.00,Donlin Creek,,,,Mine,Other mine,Gold,,,,,,,,United States of America
COM00341.00,Dotiki Complex,Webster County Coal,,,Mine,Coal,Coal,Underground,1966.0,2019.0,,,,,United States of America
COM00342.00,Drayton,,,,Mine,Coal,Thermal coal,,,,,,,,Australia
COM00343.00,DRDGOLD,,,,Company,Other mine,Gold,,,,,,,,South Africa
COM00344.00,Driefontein,,,,Mine,Gold,Gold,"Underground, Surface",1952.0,,,,,,South Africa
COM00345.00,Drummond Cesar,,,,Mine,Coal,Coal,Open pit,,,,,,,Colombia
COM00346.00,DTEK Dobropolyeugol,,,,Mine,Coal,Coal,,,,,,,,Ukraine
COM00347.00,DTEK Obukhovskaya,,,,Mine,Coal,Coal,,,,,,,,Russian Federation
COM00348.00,DTEK Pavlohradcoal,"DTEK Pavlogradcoa, DTEK Pavlogradugol",,,Mine,Coal,Coal,,,,,,,,Ukraine
COM00349.00,DTEK Rovenkyanthracite,,,,Mine,Coal,Coal,Underground,,,,,,,Ukraine
COM00350.00,DTEK Sverdlovanthracite,,,,Mine,Coal,Coal,Underground,,,,,,,Ukraine
COM00351.00,Duck Pond,,,,Mine,Copper,"Copper, Zinc",,,2015.0,,,,,Canada
COM00352.00,Dugald River,,,,Mine,Zinc,"Zinc, Lead, Silver",,2018.0,,,,,,Australia
COM00353.00,Dugout Canyon,,,,Mine,Coal,Coal,Underground,,,,,,75.1590268,United States of America
COM00354.00,Duketon,,,,Mine,Gold,Gold,,2010.0,,,,,,Australia
COM00355.00,Dunkerque,,,,Smelter,Processing,Aluminium,,,,,,,,France
COM00356.00,Dunkirk steel plant,,,,"Smelter, Refinery",Processing,"Steel, steel slab","Coke plant, sinter plant, blast furnace, basic oxygen converter, continuous casters for slabs, hot strip mill",,,,,,,France
COM00357.00,Duobaoshan,"Heilongjiang Duobaoshan, Heilongjiang Duobaoshan Copper Co",,,Mine,Copper,"Copper, Copper cathode","Open Pit, Underground",,,,,,,China
COM00358.00,Durnacol,,,,Mine,Coal,Thermal coal,,,,,,,,South Africa
COM00359.00,Dvoinoye,,,,Mine,Other mine,Gold,Underground,,,,,,,Russian Federation
COM00360.00,Dwarsrivier,,,,Mine,Other (poly)-metallic,Chrome,,,,,,,,South Africa
COM00361.00,Dynamic Energy,,,,Mine,Coal,"Coking coal, Thermal coal","Underground, Open pit",,,,,,,United States of America
COM00362.00,Dzhebariki-Khaya,,,,Mine,Coal,Thermal coal,Open pit,,,,,,1.1,Russian Federation
COM00363.00,Eagle,,,,Mine,Nickel,"Nickel, Copper",Underground,2014.0,,,,,,United States of America
COM00364.00,Eagle Pass,Camino Real Fuels,,,Mine,Coal,"Bituminous coal, Sub-bituminous coal",Surface,2015.0,,,,,,United States of America
COM00365.00,East Boulder,,,,Mine,Other mine,PGM,Underground,,,,,,,United States of America
COM00366.00,Eastern Coalfields Limited,ECL,,,Mine,Coal,"Coking coal, Thermal coal","Open pit, Underground",,,,,,,India
COM00367.00,Edgar Thomson Plant,Mon Valley Works Edgar Thomson Plant,,,Smelter,Processing,Steel,Blast furnace,,,,,,,United States of America
COM00368.00,Edikan,"EGM, Edikan Gold Mine, Central Ashanti Gold Project, CAGP",,,Mine,Gold,Gold,Open pit,2012.0,,,,,,Ghana
COM00369.00,Edna May,,,,Mine,Gold,Gold,"Underground, Open pit",,,,,,,Australia
COM00370.00,Eisenhüttenstadt steel plant,,,,"Smelter, Refinery",Processing,"Steel, hot-rolled steel rolls, cold-rolled steel rolls, hot dip galvanized steel rolls, organic-coated rolls","Sinter plant, blast furnace, steel plant, continuous casters for slabs, casters for blooms, hot strip mill, coil box, cold rolling mill, hot dip galvanizing line, organic coating facility",,,,,,,Germany
COM00371.00,Ekati,,,,Mine,Other mine,Diamonds,,,,,,,,Canada
COM00372.00,El Abra,,,,Mine,Copper,Copper,"Open pit, SX-EW",1996.0,,,,,728.442,Chile
COM00373.00,El Algarrobo,,,,Mine,Iron,Iron ore,,,,inactive,2019.0,,,Chile
COM00374.00,El Arco,,,,Mine,Other mine,Copper,,,,in development,,,,Mexico
COM00375.00,El Hatillo,,,,Mine,Coal,Thermal coal,,,,,,,96.93,Colombia
COM00376.00,El Penon,,,,Mine,Gold,"Gold, Silver",Underground,,,,,,,Chile
COM00377.00,El Pilar,,,,Mine,Other mine,Copper,,,,in development,,,,Mexico
COM00378.00,El Romeral,"Elqui Valley, Romeral",,,Mine,Iron,Iron ore,,,,,,,,Chile
COM00379.00,El Sauzal,,,,Mine,Gold,Gold,,,2015.0,,,,,Mexico
COM00380.00,El Segundo/Lee Ranch,,,,Mine,Coal,Thermal coal,Surface,,,,,,,United States of America
COM00381.00,El Soldado,,,,Mine,Copper,"Copper, Copper cathode","Open pit, Underground",,,,,,,Chile
COM00382.00,El Teniente,División El Teniente,,,"Mine, Smelter",Copper,"Copper, Copper anodes, Molybdenum, Gold, Silver","Open pit, Underground",1904.0,,,,,,Chile
COM00383.00,El Volcan,,,,Mine,Iron,Iron,Open pit,2009.0,2019.0,,,,4.2613857,Mexico
COM00384.00,Elang,,,,Mine,Other mine,"Gold, Copper, Silver",,,,,,,,Indonesia
COM00385.00,Electrosteel Steels Limited,ESL,,,"Smelter, Refinery",Processing,"Steel, Thermo mechanically treated steel bars, Steel wire rod, Steel pipe, Pig iron, Steel billet, Granulated slag","Coke oven, Sinter plant, Blast furnace, Oxygen plant, Calcination plant, Steel melting shop, Rolling mill, Wire rod mill, Bar mill, DI pipe plant, Power plant",,,,,,,India
COM00386.00,Eleonore,,,,Mine,Gold,Gold,Underground,2015.0,,,,,,Canada
COM00387.00,Elgaugol,Elga,,,Mine,Coal,"Coking coal, Thermal coal",Open pit,2011.0,,,,,144.1,Russian Federation
COM00388.00,Ellen,Crean Hill,,,Mine,Nickel,"Nickel, Copper",,,,,,,,Canada
COM00389.00,Emery,,,,Mine,Coal,Coal,"Underground, Surface",1945.0,,,,,,United States of America
COM00390.00,Empire,,,,Mine,Iron,"Iron, Iron ore pellets",Open pit,1963.0,2016.0,,,,,United States of America
COM00391.00,Endeavor,,,,Mine,Silver,"Silver, Lead, Zinc, Copper",,,,,,,,Australia
COM00392.00,Energy Resources of Australia,,,,Mine,Other (poly)-metallic,Uranium,,,,,,,,Australia
COM00393.00,Ensham,,,,Mine,Coal,Thermal coal,"Open cut, Underground",1993.0,,,,,,Australia
COM00394.00,Ergo,,,,Mine,Gold,Gold,,,,,,,,South Africa
COM00395.00,Ernest Henry and Mount Isa,,,,Mine,Copper,"Copper, Gold",Underground,,,,,,,Australia
COM00396.00,Escobal,,,,Mine,Silver,"Silver, Gold, Zinc, Lead",Underground,2013.0,,inactive,2019.0,,29.2,Guatemala
COM00397.00,Escondida,,,,Mine,Copper,"Copper, Copper cathode, Gold, Silver","Open pit,  Oxide leaching, Sulphide leaching",1990.0,,,,,,Chile
COM00398.00,Eskay Creek,,,,Mine,Gold,Gold,,,,,,,,Canada
COM00399.00,Estevan,"Boundary Dam, Bienfait",,,Mine,Coal,"Lignite, Coal",Surface,1973.0,,,,,,Canada
COM00400.00,Eurallumina,,,,Refinery,Processing,"Alumina, Alumina hydrate",Bayer process plant,,,inactive,2020.0,,,Italy
COM00401.00,EVRAZ VGOK,"Vysokogorsky GOK, EVRAZ Vysokogorsky Ore Mining and Processing Company",,,Mine,Iron,Iron ore,,,,,,,,Russian Federation
COM00402.00,Evrazruda,,,,Mine,Iron,Iron ore,Underground,,,,,,,Russian Federation
COM00403.00,Extension Hill/Iron Hill,Mid-West Operations,,,Mine,Iron,"Direct shipping iron ore, Iron ore",,2011.0,2021.0,,,,,Australia
COM00404.00,Exxaro Coal Central,ECC,,,Mine,Coal,Thermal coal,,,,,,,,South Africa
COM00405.00,Fabrica,,,,Refinery,Processing,Iron ore pellets,,,,,,,,Brazil
COM00406.00,Fairfield Works,,,,"Refinery, Smelter",Processing,Steel,,,,,,,,United States of America
COM00407.00,Falcondo,,,,Mine,Nickel,Nickel,,,,,,,,Dominican Republic
COM00408.00,Falkirk,The Falkirk Mining Company,,,Mine,Coal,Lignite,Surface,1978.0,,,,,186.1452593,United States of America
COM00409.00,Farmersburg,,,,Mine,Coal,Thermal coal,Surface,,2010.0,,,,,United States of America
COM00410.00,Fazenda,Fazenda Brasileiro,,,Mine,Gold,Gold,Open pit,,,,,634.0,,Brazil
COM00411.00,Federal,Federal No. 2,,,Mine,Coal,Thermal coal,Underground,,,,,,,United States of America
COM00412.00,Fernandinho,,,,Mine,Iron,Iron,Open pit,1950.0,,,,,,Brazil
COM00413.00,Ferrexpo Poltava Mining,"FPM, GPL, FYM, Yerystivske, Gorishne-Plavninske-Lavrykivske, Bilanivske, Galeschynske, Vasylivske, Kharchenkivske, Manuilivske, Brovarkivske, Zarudenske",,,Mine,Iron,Iron ore,"Open pit, Pelletizing plant",,,,,,,Ukraine
COM00414.00,Five Forks,Demery Resources Company,,,Mine,Coal,Lignite,Surface,,,,,,,United States of America
COM00415.00,Fjardaal Aluminium Smelter,Fjarðaál Aluminium Smelter,,,Smelter,Processing,Aluminium,,,,,,,,Iceland
COM00416.00,Flint Ridge,,,,Mine,Coal,Coal,Underground,,2012.0,,,,,United States of America
COM00417.00,FNI Cagdianao,,,,Mine,Nickel,Nickel,,2007.0,,,,,,Philippines
COM00418.00,Fort Knox,,,,Mine,Other (poly)-metallic,Gold,Open pit,,,,,,,United States of America
COM00419.00,Fort Site,,,,Refinery,Processing,"Refined Nickel, Refined Cobalt, Fertilizer, Sulphuric acid",,,,,,,,Canada
COM00420.00,Fortaleza,Mineracao Serra da Fortaleza Ltda,,,Mine,Nickel,Nickel,,,,,,,,Brazil
COM00421.00,Fortescue Pilbara Region,"Solomon Hub, Chichester Hub, Western Hub, Cloudbreak, Christmas Creek, Firetail, Kings Valley, Cloudbreak mine, Christmas Creek mine, Firetail mine, Kings Valley mine, Eliwana, Eliwana mine",,,Region,Iron,Iron ore,Open pit,2008.0,,,,,,Australia
COM00422.00,Fortnum Gold Operations,"Fortnum Gold Operations (FGO), FGO",,,Mine,Gold,Gold,"Open pit, Underground, Carbon-in-leach plant",2017.0,,,,,,Australia
COM00423.00,Fos-sur-Mer steel plant,,,,"Smelter, Refinery",Processing,Steel,"Coke oven, sinter plant, blast furnace, basic oxygen converter, continuous casters for slabs, hot strip mill, pickling line",,,,,,,France
COM00424.00,Foxleigh,,,,Mine,Coal,Metallurgical coal,,,,,,,,Australia
COM00425.00,Francisco,,,,Mine,Coal,Thermal coal,"Surface, Underground",2005.0,,,,,,United States of America
COM00426.00,Franke,,,,Mine,Copper,Copper cathodes,Open pit,,,,,,,Chile
COM00427.00,Freda-Rebecca,,,,Mine,Gold,Gold,,,,,,,,Zimbabwe
COM00428.00,Freedom,The Coteau Properties Company,,,Mine,Coal,Lignite,Surface,1983.0,,,,,135.97179309999999,United States of America
COM00429.00,Fresnillo,,,,Mine,Silver,"Silver, Gold, Lead, Zinc",Underground,1554.0,,,,,,Mexico
COM00430.00,Friguia,,,,"Mine, Refinery",Aluminium,"Bauxite, Alumina, Alumina hydrate",,,,,,,,Guinea
COM00431.00,Frontier,,,,Mine,Copper,Copper,Open pit,2007.0,,,,,,DR Congo
COM00432.00,Fruta del Norte,,,,Mine,Other mine,Gold,,,,,,,,Ecuador
COM00433.00,Fujairah Refinery,Fujairah Gold FZC,,,Refinery,Processing,"Copper rod, Gold, Silver","doré anode plant, copper rod plant",2009.0,,,,,,United Arab Emirates
COM00434.00,Fujian Makeng,Fujian Makeng Mining Company Limited,,,Mine,Iron,Iron ore,,,,,,,,China
COM00435.00,Fushun Aluminum,,,,"Smelter, Refinery",Processing,"Aluminium, Anode carbon",,,,,,,,China
COM00436.00,Gabriela Mistral,"División Gabriela Mistral, Gaby",,,Mine,Copper,"Copper, Copper cathodes",Open pit,2008.0,,,,,,Chile
COM00437.00,Galati steel plant,,,,"Smelter, Refinery",Processing,"Steel, steel plates, hot-rolled steel coils, cold rolled steel coils, galvanized steel","Blast furnace, basic oxygen converter, continuous casters for slabs, hot strip mill, heavy plate mills, cold rolling mill, hot dip galvanizing line",,,,,,,Romania
COM00438.00,Galena,,,,Mine,Silver,"Silver, Copper",,,,,,,,United States of America
COM00439.00,Galmoy,,,,Mine,Zinc,"Zinc, Lead, Silver",Underground,,2012.0,,,,,Ireland
COM00440.00,Gansu Hualu,,,,Smelter,Processing,Aluminium,,,,,,,,China
COM00441.00,Gaohe,,,,Mine,Coal,Coal,Underground,,,,,,,China
COM00442.00,Garpenberg,,,,Mine,Zinc,"Zinc, Silver, Lead, Copper, Gold",Underground,,,,,,,Sweden
COM00443.00,Garson,,,,Mine,Nickel,"Nickel, Copper",,,,,,,,Canada
COM00444.00,Gary Works,Gary,,,"Refinery, Smelter",Processing,Steel,Blast furnace,,,,,,,United States of America
COM00445.00,Gateway North,Gateway,,,Mine,Coal,Thermal coal,Underground,,,,,,,United States of America
COM00446.00,Geita,,,,Mine,Gold,Gold,,,,,,,,Tanzania
COM00447.00,GEMCO,Groote Eylandt Mining Company operation,,,Mine,Other mine,Manganese,Open pit,,,,,,,Australia
COM00448.00,Genesee,,,,Mine,Coal,Sub-bituminous coal,Surface,1988.0,,,,,,Canada
COM00449.00,Gent steel plant,,,,"Smelter, Refinery",Processing,"Steel, flat steel","Coke plant, sinter plant, blast furnace, basic oxygen converter, continuous casters for slabs, hot strip mill, ladle furnace, pickling mill, rolling mill",,,,,,,Belgium
COM00450.00,Georgetown,,,,"Smelter, Refinery",Processing,"Steel, wire rod","Electric arc furnace, ladle furnace,billet caster, rod rolling mill",,,,,,,United States of America
COM00451.00,Gerdau Aconorte,Siderúrgica Açonorte,,,"Refinery, Smelter",Processing,"Crude steel, Rebar, merchant bars, wire rod, drawn products, nails","EAF mini-mill, rolling mill, drawing mill, nail and clamp factory",,,,,,,Brazil
COM00452.00,Gerdau Barao de Cocais,,,,"Refinery, Smelter",Processing,"Crude steel, Merchant bars","Integrated/blast furnace, LD converter, rolling mill",,,,,,,Brazil
COM00453.00,Gerdau Cambridge,,,,"Refinery, Smelter",Processing,"Crude steel, Rebar, merchant bars","EAF mini-mill, rolling mill",,,,,,,Canada
COM00454.00,Gerdau Cartersville,,,,"Refinery, Smelter",Processing,"Crude steel, Merchant bars, structural shapes, beams","EAF mini-mill, rolling mill",,,,,,,United States of America
COM00455.00,Gerdau Cearense,,,,"Refinery, Smelter",Processing,"Crude steel, Rebar, merchant bars","EAF mini-mill, rolling mill",,,,,,,Brazil
COM00456.00,Gerdau Charlotte,,,,"Refinery, Smelter",Processing,"Crude steel, Rebar, merchant bars","EAF mini-mill, rolling mill",,,,,,,United States of America
COM00457.00,Gerdau Charqueadas,,,,"Refinery, Smelter",Processing,"Crude steel, Bars, special profiles, wires, wire rod, cold finished bar","EAF mini-mill, rolling mill and finishing",,,,,,,Brazil
COM00458.00,Gerdau Contagem,,,,"Refinery, Smelter",Processing,Pig iron,Blast furnace,,,,,,,Brazil
COM00459.00,Gerdau Cosigua,,,,"Refinery, Smelter",Processing,"Crude steel, Rebar, merchant bars, wire rod, drawn products, nails","EAF mini-mill, rolling mill, drawing mill, nail and clamp factory",,,,,,,Brazil
COM00460.00,Gerdau Divinopolis,,,,"Refinery, Smelter",Processing,"Crude steel, Rebar and merchant bars","Integrated/blast furnace, EOF converter and rolling mill",,,,,,,Brazil
COM00461.00,Gerdau Fort Smith,,,,"Refinery, Smelter",Processing,"Crude steel, Special bars and shapes and cold finished bar","EAF mini-mill, rolling mill and finishing",,,,,,,United States of America
COM00462.00,Gerdau Guaira,iderúrgica Guaíra,,,"Refinery, Smelter",Processing,"Crude steel, Billet",EAF mini-mill,,,,,,,Brazil
COM00463.00,Gerdau Jackson - Michigan,,,,"Refinery, Smelter",Processing,"Crude steel, Special bars and shapes and cold finished bar","EAF mini-mill, rolling mill and finishing",,,,,,,United States of America
COM00464.00,Gerdau Jackson - Tennessee,,,,"Refinery, Smelter",Processing,"Crude steel, Rebar, merchant bars","EAF mini-mill, rolling mill",,,,,,,United States of America
COM00465.00,Gerdau Manitoba - MRM,,,,"Refinery, Smelter",Processing,"Crude steel, Special sections, merchant bars, rebar","EAF mini-mill, rolling mill",,,,,,,Canada
COM00466.00,Gerdau Midlothian,,,,"Refinery, Smelter",Processing,"Crude steel, Rebar, merchant bar, beams","EAF mini-mill, rolling mill",,,,,,,United States of America
COM00467.00,Gerdau Mogi das Cruzes,,,,"Refinery, Smelter",Processing,"Crude steel, Bars, special profiles","EAF mini-mill, rolling mill and finishing",,,,,,,Brazil
COM00468.00,Gerdau Monroe,,,,"Refinery, Smelter",Processing,"Crude steel, Special bars and shapes and cold finished bar","EAF mini-mill, rolling mill and finishing",,,,,,,United States of America
COM00469.00,Gerdau Ouro Branco,Gerdau Acominas,,,"Refinery, Smelter",Processing,"Crude steel, billets, blooms, slabs, wire rod, heavy structural shapes, HRC","Blast furnace, LD converter, rolling mills",,,,,,,Brazil
COM00470.00,Gerdau Petersburg,,,,"Refinery, Smelter",Processing,"Crude steel, Merchant bar, beams","EAF mini-mill, rolling mill",,,,,,,United States of America
COM00471.00,Gerdau Pindamonhangaba,,,,"Refinery, Smelter",Processing,"Crude steel, Bars, wires, wire rod, finished and rolled bar, rolling mill rolls","EAF mini-mill, rolling mill, finishing and foundry",,,,,,,Brazil
COM00472.00,Gerdau Riograndense,,,,"Refinery, Smelter",Processing,"Crude steel, Rebar, merchant bars, wire rod, drawn products, nails","EAF mini-mill, rolling mill, drawing mill, nail and clamp factory",,,,,,,Brazil
COM00473.00,Gerdau Sao Paulo,Acacariguama,,,"Refinery, Smelter",Processing,"Crude steel, Billets, rebars, coil rebar","EAF mini-mill, rolling mill",,,,,,,Brazil
COM00474.00,Gerdau Sete Lagoas,,,,"Refinery, Smelter",Processing,Pig iron,Blast furnace,,,,,,,Brazil
COM00475.00,Gerdau St. Paul,,,,"Refinery, Smelter",Processing,"Crude steel, Rebar, merchant bars, special bars (SBQ), round bars","EAF mini-mill, rolling mill",,,,,,,United States of America
COM00476.00,Gerdau Usiba,,,,"Refinery, Smelter",Processing,"Crude steel, Rebar, merchant bars, wire rod, drawn products","DRI, EAF mini-mill, rolling mill, drawing mill",,,,,,,Brazil
COM00477.00,Gerdau Whitby,,,,"Refinery, Smelter",Processing,"Crude steel, Structural shapes, rebar, merchant bars	 ","EAF mini-mill, rolling mill",,,,,,,Canada
COM00478.00,Gerdau Wilton,,,,"Refinery, Smelter",Processing,"Crude steel, Rebar, merchant bars","EAF mini-mill, rolling mill",,,,,,,United States of America
COM00479.00,Gertrude,,,,Mine,Nickel,"Nickel, Copper",,,,,,,,Canada
COM00480.00,Gibson Complex,Gibson County Coal,,,Mine,Coal,Coal,Underground,,,,,,,United States of America
COM00481.00,Glogow metallurgical complex,,,,"Smelter, Refinery",Processing,"Copper, Copper cathodes, Lead, Silver, Gold, Sulphuric acid",,,,,,,,Poland
COM00482.00,Goedehoop,,,,Mine,Coal,Thermal coal,,,,,,,,South Africa
COM00483.00,Goedgevonden,GGV,,,Mine,Coal,Thermal coal,Open pit,,,,,,,South Africa
COM00484.00,Golden Grove,,,,Mine,Copper,"Zinc, Copper, PGM, Copper, Lead, Gold, Silver","Open pit, Underground",1990.0,,,,,,Australia
COM00485.00,Golden Sunlight,,,,Mine,Gold,Gold,,,,,,,,United States of America
COM00486.00,Goldex,,,,Mine,Gold,Gold,Underground,2008.0,,,,,,Canada
COM00487.00,Goldrush - Fourmile,,,,Mine,Other mine,Gold,,,,construction,2019.0,,,United States of America
COM00488.00,Goldstrike,,,,"Mine, Refinery",Gold,Gold,"Open pit, Underground, Roaster, Autoclaves",,,,,,,United States of America
COM00489.00,Goonyella Riverside,,,,Mine,Coal,"Metallurgical bituminous coal, Thermal bituminous coal",Open pit,1971.0,,,,,,Australia
COM00490.00,Gosowong,Toguraci,,,Mine,Gold,"Gold, Silver","Underground, Open pit",,,,,,,Indonesia
COM00491.00,Gove,,,,"Mine, Refinery",Aluminium,"Bauxite, Alumina",Open pit,1970.0,,,,,,Australia
COM00492.00,Gramalote,,,,Mine,Other mine,Gold,,,,,,,,Colombia
COM00493.00,Grande-Baie,,,,Smelter,Processing,Aluminium,,1980.0,,,,,,Canada
COM00494.00,Granite City Works,,,,"Refinery, Smelter",Processing,Steel,Blast furnace,,,,,,,United States of America
COM00495.00,Granny Smith,,,,Mine,Other mine,Gold,,,,,,,,Australia
COM00496.00,Grasberg,,,,Mine,Copper,"Copper, Gold, Silver","Open pit, Underground",1967.0,,,,,,Indonesia
COM00497.00,Great Lakes Works,,,,"Refinery, Smelter",Processing,Steel,Blast furnace,,,,,,,United States of America
COM00498.00,Great Noligwa,,,,Mine,Gold,Gold,,,,,,,,South Africa
COM00499.00,Greenbrier,,,,Mine,Coal,"Pulverized Coal Injection, Thermal coal",,,,,,,,United States of America
COM00500.00,Greens Creek,,,,Mine,Silver,"Gold, Lead, Silver, Zinc",,,,,,,,United States of America
COM00501.00,Greenside,,,,Mine,Coal,Thermal coal,,,,,,,,South Africa
COM00502.00,Gregory,,,,Mine,Coal,"Thermal bituminous coal, Metallurgical coal",Open pit,1979.0,2012.0,,,,,Australia
COM00503.00,Griffin,,,,Mine,Coal,Thermal coal,,1927.0,,,,,,Australia
COM00504.00,Grootegeluk,,,,Mine,Coal,"Metallurgical coal, Thermal coal",Open cut,,,,,,,South Africa
COM00505.00,Grosvenor,,,,Mine,Coal,Metallurgical coal,,,,,,,,Australia
COM00506.00,Gualcamayo,,,,Mine,Gold,Gold,"Open pit, Underground",2009.0,,,,,,Argentina
COM00507.00,Guanaco and Amancaya,"Guanaco, Amancaya",,,Mine,Gold,"Gold, Silver","Open pit, Underground, agitation leach plant",,,,,,,Chile
COM00508.00,Guelb Moghrein,,,,"Mine, Smelter",Copper,"Copper, Gold",,,,,,,,Mauritania
COM00509.00,Guizhou,,,,"Mine, Refinery, Smelter",Aluminium,"Bauxite, Alumina, Aluminium","Open pit, Underground",1978.0,,active,2019.0,,,China
COM00510.00,Guizhou Huajin Alumina,,,,Refinery,Processing,Alumina,,2014.0,,,,,,China
COM00511.00,Guizhou Huaren Aluminium Smelter,,,,Smelter,Processing,Aluminium,,2017.0,,,,,,China
COM00512.00,Gunnedah,,,,"Mine, Refinery",Coal,Coal,Open cut,2002.0,,active,2020.0,,,Australia
COM00513.00,Gurimbang,,,,Mine,Other mine,Coal,Open pit,,,,,,,Indonesia
COM00514.00,Guston Run,Patriot Mining Company,,,Mine,Coal,Coal,Surface,,2012.0,,,,,United States of America
COM00515.00,Hail Creek,,,,Mine,Coal,"Thermal coal, Hard coking coal",,,,,,,,Australia
COM00516.00,Haile,HGM,,,Mine,Gold,Gold,"Open Pit, Underground",1837.0,,,,,,United States of America
COM00517.00,Halls Creek,Nicolsons,,,Mine,Gold,Gold,Underground,2015.0,,,,,,Australia
COM00518.00,Hamersley - Channar,,,,Mine,Iron,Iron ore,Open Pit,,,,,,,Australia
COM00519.00,Hamersley - Eastern Range,,,,Mine,Iron,Iron ore,Open Pit,,,,,,,Australia
COM00520.00,Hamersley Mines,"Hamersley, Hamersley Iron",,,Mine,Iron,Iron ore,Open Pit,,,,,,,Australia
COM00521.00,Hamilton Complex,Hamilton County Coal,,,Mine,Coal,Coal,Underground,2013.0,,,,,,United States of America
COM00522.00,Hamilton Works,"Stelco Hamilton, Stelco Hamilton Works",,,"Refinery, Smelter",Processing,Steel,Coke battery,,,,,,,Canada
COM00523.00,Haquira,,,,Mine,Other mine,"Copper, Gold, Molybdenum, Silver",,,,Advanced exploration,2018.0,,,Peru
COM00524.00,Haridwar,,,,"Smelter, Refinery",Processing,"Refined Zinc, Refined Lead","Zinc ingot refining plant, Lead ingot refining plant",,,,,,,India
COM00525.00,Harjavalta,Pori,,,Smelter,Processing,"Copper, Nickel, Gold, Silver, Sulphuric acid",,,,,,,,Finland
COM00526.00,Haystack,,,,Mine,Other mine,Sub-bituminous coal,,,,,,,,United States of America
COM00527.00,Hazard,ICG Hazard,,,Mine,Coal,Thermal coal,Surface,,,,,,482.39048,United States of America
COM00528.00,Hebi Zhong Tai,"Hebi Zhong Tai Mining Co., Ltd., Hebi",,,Mine,Coal,Coal,Underground,,,,,,,China
COM00529.00,Hemlo,Williams,,,Mine,Gold,Gold,"Open pit, Underground",,,,,,,Canada
COM00530.00,Henderson,,,,Mine,Other (poly)-metallic,Molybdenum,Open pit,1976.0,,,,67.58323,,United States of America
COM00531.00,Henty,,,,Mine,Other mine,Gold,,,,,,,,Australia
COM00532.00,Hercules,"MINOSA, Hercules Unit",,,Mine,Iron,Iron ore,"Open pit, Underground",,,,,,,Mexico
COM00533.00,Herradura,La Herradura,,,Mine,Gold,"Gold, Silver","Open pit, Heap leach, Merrill-Crowe, Dynamic leaching plant",1997.0,,,,,,Mexico
COM00534.00,Hibbing,Hibbing Taconite,,,Mine,Iron,Iron,Open pit,1976.0,,,,,,United States of America
COM00535.00,Hidden Valley,,,,Mine,Gold,"Gold, Silver",Open pit,,,,,,,Papua New Guinea
COM00536.00,Higginsville Gold Operations,HGO,,,Mine,Gold,Gold,"Open pit, Underground",,,,,,,Australia
COM00537.00,Highland,"Camps/ Highland, Camp",,,Mine,Coal,Thermal coal,Underground,,,,,,,United States of America
COM00538.00,Highland Valley Copper,,,,Mine,Copper,"Copper, Molybdenum",,,,,,,,Canada
COM00539.00,Highvale,Sundance,,,Mine,Coal,Thermal coal,,1970.0,,,,,,Canada
COM00540.00,Hillside,,,,Smelter,Processing,Aluminium,,,,,,,,South Africa
COM00541.00,Hinatuan,Tagana-an Nickel Project,,,Mine,Other (poly)-metallic,Nickel,,,,,,,,Philippines
COM00542.00,Hoedspruit,,,,Mine,Other mine,PGM,,,,Project,2018.0,,,South Africa
COM00543.00,Holt-McDermott,,,,Mine,Gold,Gold,,,,,,,,Canada
COM00544.00,Hope Downs,,,,Mine,Iron,Iron ore,Open Pit,2007.0,,,,,,Australia
COM00545.00,Hopkins Complex,"Hopkins County Coal, Elk Creek",,,Mine,Coal,Coal,Underground,,2016.0,,,,,United States of America
COM00546.00,Hotazel,,,,Mine,Other mine,Manganese,"Underground, Open Pit",,,,,,,South Africa
COM00547.00,Huaron,,,,Mine,Silver,"Silver, Gold, Zinc, Lead, Copper",Underground,,,,,,293.44,Peru
COM00548.00,Huaxing,Shanxi Huaxing,,,"Mine, Refinery",Aluminium,"Bauxite, Alumina",Underground,,,active,2019.0,,,China
COM00549.00,Humphrey,,,,Mine,Coal,Coal,Underground,1956.0,2002.0,,,,,United States of America
COM00550.00,Hunedoara steel plant,,,,"Smelter, Refinery",Processing,Steel,"Electric arc furnace, ladle furnace, continuous caster, section rolling mill",,,,,,,Romania
COM00551.00,Hunter Valley Operations,"Hunter Valley Operations (HVO), HVO, HVO JV, JVMC, West Pit, Howick, Hunter Valley No. 1, Lemington",,,Mine,Coal,"Thermal coal, Semi-soft coking coal",Open cut,,,,,,,Australia
COM00552.00,Huolinhe Holingol,,,,Mine,Coal,Coal,Open pit,,,,,,,China
COM00553.00,Iduapriem,,,,Mine,Gold,Gold,Open pit,,,,,,,Ghana
COM00554.00,Illawarra,,,,Mine,Coal,"Thermal coal, Metallurgical coal",,,,,,,,Australia
COM00555.00,ILO,,,,"Refinery, Smelter",Processing,"Blister anode, Copper anode, Copper cathode, Silver",,,,,,,,Peru
COM00556.00,Iluka Florida/Georgia,,,,Region,Iron,"Zircon, Rutile, Ilmenite, Leucoxene",,,,,,,,United States of America
COM00557.00,Iluka Virginia,,,,"Mine, Refinery",Iron,"Zircon, Ilmenite",,,,,,,,United States of America
COM00558.00,Iluka Western Australia,,,,"Mine, Refinery",Iron,"Zircon, Rutile, Ilmenite, Refined Zircon, Refined Rutile, Monazite, Synthetic Rutile",Open pit,,,,,,,Australia
COM00559.00,Ilyich Steel,PrJSC Ilyich Iron and Steel Works,,,"Refinery, Smelter",Processing,"Iron, Steel","Sinter plant, Blast furnace",,,,,,,Ukraine
COM00560.00,IMMSA - Charcas,,,,Mine,Zinc,"Zinc, Lead, Copper",,1911.0,,,,,,Mexico
COM00561.00,IMMSA - San Martin,,,,Mine,Copper,"Zinc, Lead, Copper","Underground, Flotation plant",,,,,,,Mexico
COM00562.00,IMMSA - Santa Barbara,,,,Mine,Zinc,"Zinc, Lead, Copper","Underground, Flotation plant",,,,,,,Mexico
COM00563.00,IMMSA - Santa Eulalia,,,,Mine,Zinc,"Zinc, Lead",,,,,,,,Mexico
COM00564.00,IMMSA - Taxco,,,,Mine,Zinc,"Zinc, Lead","Underground, Flotation",1918.0,,stopped 31.12.2013,,,,Mexico
COM00565.00,Impumelelo,,,,Mine,Coal,Coal,Underground,2015.0,,,,,,South Africa
COM00566.00,Impunzi,"iMpunzi, ATCOM/ATCOM East",,,Mine,Coal,Thermal coal,,,,,,,,South Africa
COM00567.00,Inaglinskiy,,,,Mine,Coal,Coking coal,Open pit,2016.0,,,,,,Russian Federation
COM00568.00,Indiana Harbor,,,,"Smelter, Refinery",Processing,"Steel, hot-rolled sheet, cold-rolled sheet, hot dip galvanized sheet","Sintering plant, blast furnace, basic oxygen furnaces, slab casters, hot strip mill, tandem mill, temper mill, hot dip galvanizing line, aluminizing line",,,,,,,United States of America
COM00569.00,Ingulets GOK,"InGOK, JSC Ingulets Mining and Processing Works",,,Mine,Iron,Iron,Open pit,1965.0,,,,,,Ukraine
COM00570.00,Intalco Aluminium Smelter,,,,Smelter,Processing,Aluminium,,,,,,,,United States of America
COM00571.00,Integra Coal,,,,Mine,Coal,"Thermal coal, Metallurgical coal","Open Pit, Underground",,,,,,,Australia
COM00572.00,Inyanda,,,,Mine,Coal,Thermal coal,Open pit,,,,,,,South Africa
COM00573.00,Ipatinga,"Intendente Câmara Plant, Usiminas",,,"Refinery, Smelter",Processing,Crude steel,,,,,,,,Brazil
COM00574.00,Irbeysky,,,,Mine,Coal,Coal,Open pit,,,,,,,Russian Federation
COM00575.00,Irkutsk Aluminium Smelter,IrkAZ,,,Smelter,Processing,"Aluminium, Aluminium strips, Aluminium alloys, Aluminium bars, wire rod",,1962.0,,,,,,Russian Federation
COM00576.00,Iron Ore Company of Canada Labrador City,,,,Mine,Iron,Iron ore,,,,,,,,Canada
COM00577.00,Iron Valley,,,,Mine,Iron,Iron,,2015.0,,,,,,Australia
COM00578.00,Irtyshsky,,,,Mine,Copper,"Copper, Zinc, Gold, Silver",Underground,,,,,,,Kazakhstan
COM00579.00,Isaac Plains,,,,Mine,Coal,"Thermal coal, Metallurgical coal",Open pit,,,,,,,Australia
COM00580.00,ISAL,,,,Smelter,Processing,Aluminium,,1969.0,,,,,,Iceland
COM00581.00,Ishihuinca,,,,Mine,Gold,"Gold, Copper, Zinc, Lead",Underground,,,,,,,Peru
COM00582.00,Isibonelo,,,,Mine,Coal,Thermal coal,,,,,,,,South Africa
COM00583.00,Itabira,,,,Mine,Gold,"Iron, Gold","Open Pit, Benefication Plant",,,,,,,Brazil
COM00584.00,Itatiaiucu,,,,Mine,Iron,Iron ore,Open pit,,,,,,,Brazil
COM00585.00,Itmann No. 5 Mine,,,,Mine,Other mine,Metallurgical coal,Underground,,,in development,2019.0,,,United States of America
COM00586.00,Jabal Sayid,,,,Mine,Copper,Copper,,2016.0,,,,,,Saudi Arabia
COM00587.00,Jacinth-Ambrosia,"Jacinth, Ambrosia",,,"Mine, Refinery",Iron,"Zircon, Rutile, Ilmenite",Open pit,2009.0,,,,,,Australia
COM00588.00,Jacobina,,,,Mine,Gold,Gold,Underground,1983.0,,,,,,Brazil
COM00589.00,Jamalco,,,,"Mine, Refinery",Aluminium,"Bauxite, Alumina",Open pit,1963.0,,,,,,Jamaica
COM00590.00,Jaurdi,,,,Mine,Gold,Gold,,,,,,,,Australia
COM00591.00,Jellinbah,Jellinbah East,,,Mine,Coal,"Metallurgical coal, Thermal coal",,,,,,,,Australia
COM00592.00,Jerritt Canyon,,,,Mine,Gold,Gold,,,,,,,,United States of America
COM00593.00,Jewett,,,,Mine,Coal,Lignite,,1985.0,2017.0,,,,,United States of America
COM00594.00,Jharsuguda Aluminium Smelter,,,,Smelter,Processing,"Aluminium, Aluminium ingot, Aluminium billet, Aluminium wire rod, Aluminium slab",,2009.0,,,,,,India
COM00595.00,Jiaozuo,,,,Mine,Aluminium,Bauxite,"Open pit, Underground",,,active,2019.0,,,China
COM00596.00,Jiaozuo Wanfang,,,,Smelter,Processing,Aluminium,,,,,,,,China
COM00597.00,Jimblebar,,,,Mine,Iron,Iron,Open pit,1989.0,,,,,,Australia
COM00598.00,Jingtieshan,,,,Mine,Other mine,Iron ore,,,,,,,,China
COM00599.00,Jinzhong,Inner Mongolia Jinzhong Mining Company Limited,,,Mine,Gold,Gold,,,,,,,,China
COM00600.00,Joao Monlevade,,,,"Smelter, Refinery",Processing,"Steel, wire rod",,,,,,,,Brazil
COM00601.00,Jones Fork Complex,,,,Mine,Coal,Coal,"Underground, Surface",1992.0,,,,,,United States of America
COM00602.00,Jonquiere,,,,Refinery,Processing,Alumina,,,,,,,,Canada
COM00603.00,Julcani,,,,Mine,Silver,"Gold, Silver, Lead, Copper",Underground,1953.0,,,,,,Peru
COM00604.00,Julietta,,,,Mine,Other mine,Gold,,,,,,,,Russian Federation
COM00605.00,Jundee,,,,Mine,Gold,Gold,"Open pit, Underground",,,,,,,Australia
COM00606.00,Jupiter,,,,Mine,Other mine,Coal,"Surface, Underground",,2008.0,,,,,United States of America
COM00607.00,Juruti,,,,Mine,Aluminium,Bauxite,Open pit,2009.0,,,,,,Brazil
COM00608.00,Justice Energy,,,,Mine,Coal,"Coking coal, Thermal coal",Underground,,,,,,,United States of America
COM00609.00,Kabanga,,,,Mine,Other mine,Gold,,,,,,,,Tanzania
COM00610.00,Kachkanar GOK,"EVRAZ KGOK, KGOK",,,Mine,Iron,Iron ore,Open pit,,,,,,,Russian Federation
COM00611.00,Kalgoorlie,"Super Pit, KCGM, Kalgoorlie Consolidated Gold Mines Pty Ltd",,,Mine,Gold,Gold,"Open pit, Underground",1989.0,,,,,,Australia
COM00612.00,Kalgoorlie Smelter,,,,Smelter,Processing,Nickel matte,Smelter,,,,,,,Australia
COM00613.00,Kanawha Eagle,Guyan,,,Mine,Coal,"Thermal coal, Metallurgical coal",Underground,,,,,,,United States of America
COM00614.00,Kandalaksha Aluminium Smelter,,,,Smelter,Processing,"Aluminium, Aluminium billets, wire rod",,1951.0,,,,,,Russian Federation
COM00615.00,Kangala,Kangala Colliery,,,Mine,Coal,Thermal coal,Open pit,2014.0,,,,,,South Africa
COM00616.00,Kangalassky,,,,Mine,Coal,Thermal coal,Open pit,1962.0,,,,,7.7,Russian Federation
COM00617.00,Kanowna Belle,Kanowa,,,Mine,Gold,Gold,,,,,,,,Australia
COM00618.00,Kansanshi,,,,"Mine, Smelter",Copper,"Copper, Gold, Copper cathode",High pressure leaching,,,,,,,Zambia
COM00619.00,Karaganda,,,,Mine,Coal,"Coking coal, Thermal coal",Underground,1996.0,,,,,,Kazakhstan
COM00620.00,Karagaylinskoye,,,,Mine,Coal,Coal,,,,,,,,Russian Federation
COM00621.00,Karakansky-South,,,,Mine,Coal,Coal,Open pit,,,,,,,Russian Federation
COM00622.00,Karelsky Okatysh,Kostomukshinsky,,,Mine,Iron,"Iron, Iron concentrate, Iron ore pellets",,1982.0,,,,,,Russian Federation
COM00623.00,Karouni,,,,Mine,Gold,Gold,Open pit,,,,,,,Guyana
COM00624.00,Katanga Mining Complex,,,,Mine,Copper,"Copper, Cobalt","Underground, Open pit",,,,,,,DR Congo
COM00625.00,Kayad,,,,Mine,Zinc,"Lead, Zinc",Underground,2014.0,,,,,,India
COM00626.00,Kayenta,,,,Mine,Coal,Thermal coal,Surface,,2019.0,,,,,United States of America
COM00627.00,Kazzinc,,,,Region,Zinc,"Zinc, Lead, Copper, Gold, Silver",,,,,,,,Kazakhstan
COM00628.00,Keetac,Keewatin,,,Mine,Iron,"Iron, Iron ore pellets","Open pit, Pellet plant",,,,,,,United States of America
COM00629.00,Kelian,,,,Mine,Gold,Gold,,,,,,,,Indonesia
COM00630.00,Kemmerer,,,,Mine,Coal,Sub-bituminous coal,Surface,1950.0,,,,,,United States of America
COM00631.00,Kensington,,,,Mine,Gold,Gold,Underground,2010.0,,,,,,United States of America
COM00632.00,Kentobe,,,,Mine,Iron,Iron,Open pit,1983.0,,,,,,Kazakhstan
COM00633.00,Kestrel,,,,Mine,Coal,"Thermal coal, Hard coking coal",,,,,,,,Australia
COM00634.00,Kettle River,Kettle river - Buckhorn,,,Mine,Gold,Gold,,,2017.0,,,,,United States of America
COM00635.00,Kevitsa,,,,Mine,Nickel,"Nickel, Copper, Gold, Platinum, Palladium, Cobalt",Open pit,,,,,,,Finland
COM00636.00,Keystone,,,,Mine,Coal,"Coking coal, Thermal coal","Underground, Open pit",,,,,,,United States of America
COM00637.00,Khakas Aluminium Smelter,,,,Smelter,Processing,"Aluminium, Aluminium alloys",,2006.0,,,,,,Russian Federation
COM00638.00,Khumani,"Bruce 544, King 561, Mokaning 560, BKM Project,",,,Mine,Iron,Iron,Open pit,2008.0,,,,,,South Africa
COM00639.00,Khutala,,,,Mine,Coal,Thermal coal,,,,,,,,South Africa
COM00640.00,Khwezela,,,,Mine,Coal,Thermal coal,,,,,,,,South Africa
COM00641.00,Kia-Shaltyr,Kiya Shaltyr Nepheline Syenite,,,Mine,Other mine,Nepheline ore,Open pit,1963.0,,,,,,Russian Federation
COM00642.00,Kibali,,,,Mine,Gold,Gold,"Open pit, Underground",,,,,,,DR Congo
COM00643.00,Kidd,Kidd Creek,,,"Mine, Refinery",Copper,"Zinc, Copper, Silver, Refined Zinc",Underground,,,,,,,Canada
COM00644.00,Kideco,PT Kideco Jaya Agung,,,Mine,Coal,Sub-bituminous coal,Open pit,1982.0,,,,,509.21000000000004,Indonesia
COM00645.00,Kijang,,,,Mine,Aluminium,Bauxite,,,2009.0,,,,,Indonesia
COM00646.00,KIM BLOK,"PT Kuansing Inti Makmur dan Entitas Anak, KIM",,,Mine,Coal,Thermal coal,Open pit,,,,,,26.1,Indonesia
COM00647.00,Kindia,,,,Mine,Aluminium,Bauxite,,,,,,,,Guinea
COM00648.00,Kinsenda,,,,Mine,Copper,Copper,Underground,2018.0,,,,,,DR Congo
COM00649.00,Kinsevere,,,,Mine,Copper,"Copper, Copper cathode","Open pit, HMS, SX-EW",2007.0,,,,,,DR Congo
COM00650.00,Kintap,,,,Mine,Coal,Sub-bituminous coal,Open pit,,,,,,,Indonesia
COM00651.00,Kipoi,,,,Mine,Copper,"Copper, Copper cathode","Open pit, SX-EW plant",2011.0,,,,,,DR Congo
COM00652.00,Kiruna,"Division North, Northern Division",,,Mine,Iron,"Iron, Iron ore pellets",Underground,,,,,,,Sweden
COM00653.00,Kiselevsky,,,,Mine,Coal,Thermal coal,"Open pit, Underground",,,,,,,Russian Federation
COM00654.00,Kitimat,,,,Smelter,Processing,Aluminium,,1954.0,,,,,,Canada
COM00655.00,Kittila,,,,Mine,Gold,"Gold, Silver","Open pit, Underground",2009.0,,,,,,Finland
COM00656.00,Klipspruit,,,,Mine,Coal,Thermal coal,,,,,,,,South Africa
COM00657.00,Kloof,,,,Mine,Gold,Gold,"Underground, Open pit",,,,,,,South Africa
COM00658.00,KMAruda,,,,Mine,Iron,Iron ore,Underground,,,,,,,Russian Federation
COM00659.00,Knott County mines,Calvary,,,Mine,Coal,Coal,Underground,,,,,,,United States of America
COM00660.00,Kokkola,,,,Smelter,Processing,"Zinc, Zinc alloys",,,,,,,,Finland
COM00661.00,Kolomela,,,,Mine,Iron,Iron ore,,,,,,,,South Africa
COM00662.00,Kolwezi,"La Compagnie Minière de Musonoie Global SAS, Noyka",,,Mine,Copper,Copper,Open Pit,2017.0,,,,,3.36,DR Congo
COM00663.00,Komsomolets Donbassa,,,,Mine,Coal,Coal,Underground,,,,,,,Ukraine
COM00664.00,Koniambo,,,,Mine,Nickel,Nickel,,,,,,,,New Caledonia
COM00665.00,Koolan Island,,,,Mine,Iron,Iron ore,Open pit,1965.0,,,,,,Australia
COM00666.00,Koolyanobbing,"Mount Jackson, Windarling",,,Mine,Iron,"Iron, Iron ore lumps, Iron ore fines",Open pit,,,,,,,Australia
COM00667.00,Koornfontein,,,,Mine,Coal,Thermal coal,Underground,,,,,,,South Africa
COM00668.00,Kopanang,,,,Mine,Gold,Gold,,,,,,,,South Africa
COM00669.00,Korba,,,,"Refinery, Smelter",Processing,"Alumina, Aluminium, Aluminium ingot, wire rod, cold-rolled sheets, cold-rolled coils, hot-rolled sheets","Aluminium smelter, Alumina refinery, Continuous rod casters, ingot casting machine, hot rolling mill, cold rolling mill",,,,,,,India
COM00670.00,Korshunov,,,,Mine,Iron,Iron ore,Open pit,,,,,,,Russian Federation
COM00671.00,Kosmurun,,,,Mine,Copper,"Copper, Zinc, Gold, Silver",,,,,,,,Kazakhstan
COM00672.00,Kostromovskaya,OJSC Belon,,,Mine,Coal,Coking coal,Underground,2008.0,,,,,,Russian Federation
COM00673.00,Kounrad,Konyrat,,,Mine,Copper,"Copper, Gold, Silver",,,,,,,,Kazakhstan
COM00674.00,Kovdorskiy GOK,,,,Mine,Iron,"Iron ore, Phosphate",Open pit,,,,,,,Russian Federation
COM00675.00,Krasnodon Coal,"PrJSC Krasnodon Coal Company, Krasnodonvugillia",,,Mine,Coal,Coking coal,Underground,,,,,,,Ukraine
COM00676.00,Krasnogorsky,,,,Mine,Coal,"Thermal coal, Anthracite",Open pit,1954.0,,,,,25.2,Russian Federation
COM00677.00,Krasnoyarsk Aluminium Smelter,,,,Smelter,Processing,"Aluminium, Aluminium slabs, Aluminium ingots, Aluminium T-bars, Aluminium billets",,1964.0,,,,,,Russian Federation
COM00678.00,Krasnoyarskkraiugol,Krasnoyarskkraiugol OAO,,,Company,Coal,Coal,,,,,,,,Russian Federation
COM00679.00,Kriel,,,,Mine,Coal,Thermal coal,,,,,,,,South Africa
COM00680.00,Kroondal,,,,Mine,Other (poly)-metallic,PGM,Underground,,,,,,,South Africa
COM00681.00,Kryvyi Rih,"AMKR, Kirova, Kryvorizhstal, PJSC ArcelorMittal Kryvyi Rih, AM Kryvyi Rih",,,"Mine, Refinery, Smelter",Iron,"Iron, Steel, steel billets, rebars, wire rods, steel angles, merchant steel bar","Open pit, Underground, coke oven batteries, sintering plant, blast furnaces, basic oxygen converters, twin open hearth furnace, continuous billet caster, blooming mill, light section bar mill, wire rod mill",1933.0,,,,,,Ukraine
COM00682.00,KUBAL Aluminium Smelter,"Kubikenborg Aluminium AB, Kubikenborg Aluminium",,,Smelter,Processing,"Aluminium, Aluminium slabs, Aluminium billets",,1942.0,,,,,,Sweden
COM00683.00,Kundana,,,,Mine,Gold,Gold,Underground,,,,,,,Australia
COM00684.00,Kupol,,,,Mine,Gold,"Gold, Silver",Underground,,,,,,,Russian Federation
COM00685.00,Kuprinsky,,,,Mine,Coal,Thermal coal,Open pit,,,,,,,Russian Federation
COM00686.00,Kusheki,Kuu-Chekinsky,,,Mine,Coal,Coal,,,,,,,,Kazakhstan
COM00687.00,Kuzbassrazrezugol,,,,Mine,Coal,Coking coal,,,,,,,,Russian Federation
COM00688.00,Kwinana Alumina Refinery,,,,Refinery,Processing,Alumina,,,,,,,,Australia
COM00689.00,Kylylahti,,,,Mine,Copper,"Copper, Gold, Zinc, Nickel, Cobalt",Underground,,,,,,,Finland
COM00690.00,Kyzyl-Tash Turk,"Russia Longxing Co, Longxing",,,Mine,Zinc,"Zinc, Lead, Copper","Open Pit, Underground",2015.0,,,,,,Russian Federation
COM00691.00,KZN Sands,KwaZulu-Natal Sands,,,Mine,Iron,"Zircon, Rutile, Ilmenite",,,,,,,,South Africa
COM00692.00,La Arena,,,,Mine,Gold,Gold,"Open pit, Leaching plant",,,,,,308.57,Peru
COM00693.00,La Caridad,,,,"Mine, Smelter, Refinery",Copper,"Copper, Molybdenum, Copper Cathode, Silver","Open pit, SX-EW plant",1979.0,,,,,,Mexico
COM00694.00,La Coipa,,,,Mine,Gold,"Gold, Silver",,,,,,,,Chile
COM00695.00,La Colorada,,,,Mine,Silver,"Silver, Gold, Zinc, Lead","Underground, Oxide leach plant",1925.0,,,,,88.4,Mexico
COM00696.00,La India,,,,Mine,Gold,"Gold, Silver",Open pit,2014.0,,,,,,Mexico
COM00697.00,La Perla,"MINOSA, La Perla Unit",,,Mine,Other mine,Iron ore,Open pit,,,,,,,Mexico
COM00698.00,La Zanja,,,,Mine,Gold,"Gold, Silver","Open Pit, Carbon-in-column circuit, Merrill-Crowe circuit",2010.0,,,,,,Peru
COM00699.00,Lagunas Norte,,,,Mine,Gold,"Gold, Silver","Open pit, Heap leach",,,,,,,Peru
COM00700.00,Lake Erie Works,,,,"Refinery, Smelter",Processing,Steel,"Blast furnace, Coke battery",,,,,,,Canada
COM00701.00,Lalor,,,,Mine,Zinc,"Copper, Zinc, Gold, Silver",Underground,,,,,,,Canada
COM00702.00,Lanjigarh Alumina Refinery,,,,Refinery,Processing,Alumina,,2007.0,,,,,,India
COM00703.00,Lannemezan,,,,Smelter,Processing,Aluminium,,,2008.0,,,,,France
COM00704.00,Lanzhou Aluminum,Lanzhou Branch,,,Smelter,Processing,Aluminium,,,,,,,,China
COM00705.00,Lapa,,,,Mine,Gold,Gold,,2009.0,2018.0,,,,,Canada
COM00706.00,LaPlace,,,,"Smelter, Refinery",Processing,Steel,"Electric arc furnace, continuous caster, rolling mill",,,,,,,United States of America
COM00707.00,LaRonde Complex,LaRonde Division,,,Mine,Gold,"Gold, Silver, Zinc, Copper",Underground,1988.0,,,,,,Canada
COM00708.00,Las Bambas,,,,Mine,Copper,"Copper, Gold, Silver, Molybdenum",Open pit,,,,,,,Peru
COM00709.00,Las Truchas,,,,Mine,Iron,Iron,Open pit,1976.0,,,,,,Mexico
COM00710.00,Laterriere,,,,Smelter,Processing,"Aluminium, aluminium slab, remelt, molten metal",,1989.0,,,,,,Canada
COM00711.00,Lati,,,,Mine,Coal,Coal,Open pit,,,,,,,Indonesia
COM00712.00,Lawlers,,,,Mine,Gold,Gold,,,,,,,,Australia
COM00713.00,Lazaro Cardenas steel plant,"ArcelorMittal Mexico, ArcelorMittal Lázaro Cárdenas, AMLC, ArcelorMittal Las Truchas",,,"Smelter, Refinery",Processing,"Steel, steel slab","Pelletizer plant, direct reduced iron plant, electric arc furnace, continuous casting facilities, ladle furnace, coke oven, blast furnace, basic oxygen furnaces converters, rebar rolling mill, wire rod rolling mill",,,,,,,Mexico
COM00714.00,Lebedinsky GOK,LGOK,,,"Mine, Refinery",Iron,"Iron, Iron ore, Iron ore pellets, Hot briquetted Iron",Open pit,1972.0,,,,,,Russian Federation
COM00715.00,Leer,Tygart Valley,,,Mine,Coal,Metallurgical coal,Underground,2013.0,,,,,,United States of America
COM00716.00,Leer South/Sentinel,,,,Mine,Coal,Metallurgical coal,Underground,,,,,,,United States of America
COM00717.00,Leeuwpan,,,,Mine,Coal,Thermal coal,,,,,,,,South Africa
COM00718.00,Legnica metallurgical complex,,,,"Smelter, Refinery",Processing,"Copper, Copper cathodes, Lead, Sulphuric acid, Sulphate, Nickel Sulphate",,,,,,,,Poland
COM00719.00,Leinster,,,,Mine,Other (poly)-metallic,Nickel,"Open Pit, Underground",1979.0,,,,,,Australia
COM00720.00,Lennard Shelf,,,,Mine,Zinc,Nickel,,,,,,,,Australia
COM00721.00,Leonora,Leonora Operations,,,Mine,Gold,Gold,"Underground, Open pit, Carbon in Pulp circuit",2008.0,,,,,,Australia
COM00722.00,Liancheng Branch,,,,Smelter,Processing,Aluminium,,,,,,,,China
COM00723.00,Liberty,Liberty Fuels Company,,,Mine,Coal,Lignite,Surface,2013.0,2017.0,,,,,United States of America
COM00724.00,Lidell,Lidell Coal Operations,,,Mine,Coal,"Metallurgical coal, Thermal coal",Open pit,,,,,,,Australia
COM00725.00,Lihir,,,,Mine,Gold,"Gold, Silver",Open pit,,,,,,,Papua New Guinea
COM00726.00,Liliu,Liliu Mining Area,,,Mine,Coal,Coal,Underground,,,,,,,China
COM00727.00,Line Creek,,,,Mine,Coal,Coal,Surface,,,,,,,Canada
COM00728.00,Lisakovsk,"Lisakovski, Lisakowsk, Lisakovki",,,Mine,Iron,Iron,Open pit,1969.0,,,,,,Kazakhstan
COM00729.00,Lisheen,,,,Mine,Zinc,"Zinc, Lead",Underground,,2015.0,,,,,Ireland
COM00730.00,Lista Aluminium Smelter,,,,Smelter,Processing,Aluminium,,,,,,,,Norway
COM00731.00,Listvyazhnaya,,,,Mine,Coal,Thermal coal,Underground,,,,,,,Russian Federation
COM00732.00,LKAB Southern Division,"Division South, Southern Division",,,Mine,Iron,"Iron, Iron ore pellets","Open pit, Underground",,,,,,,Sweden
COM00733.00,Lobo Marte,,,,Mine,Other mine,Gold,,,,,,,,Chile
COM00734.00,Lochaber,,,,Smelter,Processing,Aluminium,,1929.0,,,,,,United Kingdom
COM00735.00,Logan County,Apogee,,,Mine,Coal,Thermal coal,Surface,,,,,,,United States of America
COM00736.00,Loma de Niquel,,,,Mine,Nickel,Nickel,,,,,,,,Venezuela
COM00737.00,Lomas Bayas,,,,Mine,Copper,"Copper, Silver",Open pit,,,,,,,Chile
COM00738.00,Lone Mountain,,,,Mine,Coal,"Thermal coal, Pulverized Coal Injection",Underground,,,,,,218.5326,United States of America
COM00739.00,Long Canyon,,,,Mine,Gold,Gold,"Open pit, Leaching plant",2016.0,,,,,,United States of America
COM00740.00,Longmen Aluminum,,,,Smelter,Processing,Aluminium,,,,,,,,China
COM00741.00,Longnan,Longnan Zijin,,,Mine,Gold,Gold,,,,,,,,China
COM00742.00,Longyu,,,,Mine,Other mine,"Thermal coal, Metallurgical coal",,,,,,,,China
COM00743.00,Lonshi,,,,Mine,Other (poly)-metallic,Copper,Open Pit,,2009.0,inactive,2008.0,,,DR Congo
COM00744.00,Los Bronces,,,,Mine,Copper,"Copper, Copper cathode",,,,,,,,Chile
COM00745.00,Los Colorados,Huasco Valley,,,Mine,Iron,Iron ore,,1998.0,,,,,,Chile
COM00746.00,Los Filos,,,,Mine,Gold,Gold,"Open pit, Underground",2008.0,,,,,,Mexico
COM00747.00,Los Pelambres,,,,Mine,Copper,"Copper, Molybdenum, Gold, Silver",,1999.0,,,,,,Chile
COM00748.00,Loulo - Gounkoto,,,,Mine,Other mine,Gold,"Open pit, Underground",2005.0,,,,,,Mali
COM00749.00,Lounge Lizard,,,,Mine,Nickel,Nickel,,,,,,,,Australia
COM00750.00,Loveridge,,,,Mine,Coal,"Thermal coal, Metallurgical coal",Underground,1956.0,,,,,,United States of America
COM00751.00,Lubambe,,,,Mine,Copper,Copper,Underground,2013.0,,,,,,Zambia
COM00752.00,Lubin,,,,Mine,Copper,"Copper, Silver, Lead, Gold",Underground,1972.0,,,,,,Poland
COM00753.00,Luchegorsky,"Far Eastern Generating Company OAO, luTEK, Luchegorsky Open Pit Mine, LUTEK OAO",,,Mine,Coal,Coal,Open pit,,,,,,,Russian Federation
COM00754.00,Lumwana,,,,Mine,Copper,Copper,Open pit,,,,,,,Zambia
COM00755.00,Luoyang,,,,Mine,Aluminium,Bauxite,"Open pit, Underground",,,active,2019.0,,,China
COM00756.00,Luyuangou,"Luoning Huatai, Luoning Huatai Mining Development Co",,,Mine,Gold,Gold,,,,,,,,China
COM00757.00,Lynemouth,,,,Smelter,Processing,Aluminium,,,2012.0,,,,,United Kingdom
COM00758.00,Macraes,,,,Mine,Gold,"Gold, Silver","Open pit, Underground, Pressure oxidation plant",1990.0,,,,,,New Zealand
COM00759.00,Mafube,,,,Mine,Coal,Thermal coal,,,,,,,,South Africa
COM00760.00,Mahanadi Coalfields Limited,MCL,,,Mine,Coal,Thermal coal,"Open pit, Underground",,,,,,,India
COM00761.00,Mahoning Valley,,,,Mine,Coal,Coal,Surface,,,,,,,United States of America
COM00762.00,Mainpat,,,,Mine,Aluminium,"Bauxite, Alumina",Open pit,1993.0,,,,,6.39,India
COM00763.00,Mallay,,,,Mine,Silver,"Silver, Lead, Zinc, Gold",,2012.0,,,,,,Peru
COM00764.00,Maly Kuybas,,,,Mine,Iron,Iron ore,Open pit,,,,,,,Russian Federation
COM00765.00,Mamahak,,,,Mine,Coal,Bituminous coal,,,,,,,,Indonesia
COM00766.00,Manantial Espejo,,,,Mine,Gold,"Gold, Silver","Open pit, Underground, leaching plant, Merrill Crowe plant",2008.0,,,,,,Argentina
COM00767.00,Mandalong,,,,Mine,Coal,Coal,Underground,,,,,,,Australia
COM00768.00,Mangoola,,,,Mine,Coal,Thermal coal,Open pit,2011.0,,,,,,Australia
COM00769.00,Mantos Blancos,,,,Mine,Copper,"Copper, Copper cathode",,,,,,,,Chile
COM00770.00,Mantoverde,,,,Mine,Copper,"Copper, Copper cathode",,,,,,,,Chile
COM00771.00,Manzanillo,"MINOSA, Manzanillo Unit",,,Mine,Iron,Iron ore,,,2015.0,,,,,Mexico
COM00772.00,Marathon,,,,Mine,Other mine,PGM,,,,Project,2018.0,,,Canada
COM00773.00,Marcapunta,Marcapunta Norte,,,Mine,Copper,"Silver, Gold, Copper",Underground,,,,,,,Peru
COM00774.00,Mariana,,,,Mine,Iron,Iron,"Open Pit, Benefication Plant",,,,,,,Brazil
COM00775.00,Maricunga,Refugio,,,Mine,Gold,Gold,Open pit,,,,,,,Chile
COM00776.00,Marigold,,,,Mine,Gold,Gold,"Open pit, Heap leach plant, electro-winning plant",1989.0,,,,,,United States of America
COM00777.00,Marlin,,,,Mine,Gold,"Gold, Silver",,2005.0,2017.0,,,,,Guatemala
COM00778.00,Marshall,Caddo Creek Resources,,,Mine,Coal,Lignite,Surface,2014.0,,,,,,United States of America
COM00779.00,Martabe,,,,Mine,Gold,Gold,,2012.0,,,,,,Indonesia
COM00780.00,Martha,,,,Mine,Silver,"Gold, Silver",,,,,,,,Argentina
COM00781.00,Massena West Aluminium Smelter,,,,Smelter,Processing,Aluminium,,,,,,,,United States of America
COM00782.00,Matla,,,,Mine,Coal,Thermal coal,Underground,,,,,,,South Africa
COM00783.00,Maules Creek,,,,Mine,Coal,Coal,Open cut,2015.0,,active,2020.0,,,Australia
COM00784.00,MC Mining Complex,"Excel Mining, Excel Mine No. 5, Excel Mining, Pontiki Coal",,,Mine,Coal,Coal,Underground,,,,,,,United States of America
COM00785.00,McArthur River,,,,Mine,Zinc,"Zinc, Lead, Silver",Open pit,1995.0,,,,,,Australia
COM00786.00,Meadowbank Complex,,,,Mine,Gold,"Gold, Silver",Open pit,2010.0,,,,,,Canada
COM00787.00,Mega Centauro,,,,Mine,Other mine,Gold,Open pit,,,,,,,Mexico
COM00788.00,Meigs,,,,Mine,Coal,Coal,Underground,,2002.0,,,,,United States of America
COM00789.00,Meliadine,,,,Mine,Gold,"Gold, Silver","Open pit, Underground",2019.0,,,,,,Canada
COM00790.00,Mercedes,,,,Mine,Gold,"Gold, Silver",Underground,2012.0,,,,,,Mexico
COM00791.00,Merian,,,,Mine,Gold,Gold,"Open pit, Leaching plant",2016.0,,,,,,Suriname
COM00792.00,Merlin,,,,Mine,Other mine,Diamonds,,,,,,,,Australia
COM00793.00,MetCoal,"Adaro Metcoal Companies, AMC, IndoMet",,,Mine,Coal,Semi-soft coking coal,,2016.0,,,,,,Indonesia
COM00794.00,Metropolitan,,,,Mine,Coal,"Thermal coal, Coking coal, Pulverized Coal Injection",Underground,,,,,,,Australia
COM00795.00,Mettiki Complex,Mountain View,,,Mine,Coal,Coal,Underground,2006.0,,,,,,United States of America
COM00796.00,Mexican IMMSA unit,,,,Region,Zinc,"Copper, Zinc, Lead, Silver",Underground,,,,,,,Mexico
COM00797.00,Meyerton Metalloys Smelter,,,,Smelter,Processing,high and medium carbon ferromanganese alloy,,1939.0,,,,,,South Africa
COM00798.00,Mezhdurechenskiy,,,,Mine,Coal,Coking coal,,,,,,,,Russian Federation
COM00799.00,Mezhegey,Mezhegeyugol,,,Mine,Coal,Metallurgical coal,Underground,2014.0,,care and maintenance,2021.0,,,Russian Federation
COM00800.00,Miami,,,,"Mine, Smelter",Copper,"Copper, Sulphuric acid","Open pit, SX-EW",1915.0,,,,59.48943,,United States of America
COM00801.00,Mianchi,,,,Mine,Aluminium,Bauxite,"Open pit, Underground",,,active,2019.0,,,China
COM00802.00,Miaogou & Sanguikou,"Wulatehouqi, Wulatehouqi Zijin Mining, Wuhou Zijin",,,Mine,Zinc,"Zinc, Lead, Copper, Sulfur, Silver",Underground,,,,,,,China
COM00803.00,MICARE Unit Mines Coahuila,,,,Mine,Coal,Thermal coal,"Open pit, Underground",,,,,,,Mexico
COM00804.00,Michilla,,,,Mine,Copper,"Copper, Copper cathodes",,,2015.0,inactive,2016.0,,,Chile
COM00805.00,Midas,,,,Mine,Other mine,"Gold, Silver",,,,,,,,United States of America
COM00806.00,Middelburg/Wolvekrans,"Wolvekrans Middelburg Complex (WMC), WMC",,,Mine,Coal,Thermal bituminous coal,,,,,,,,South Africa
COM00807.00,Middleback Ranges,Whyalla,,,Mine,Iron,Iron ore,Open pit,,,,,,,Australia
COM00808.00,Middlemount,,,,Mine,Coal,"Coking coal, Pulverized Coal Injection",Surface,2011.0,,,,,,Australia
COM00809.00,Midland Trail,Blue Creek,,,Mine,Coal,Thermal coal,Underground,2009.0,,,,,,United States of America
COM00810.00,Miguel Burnier,"Dom Bosco Complex, Dom Bosco, Varzea do Lopes",,,Mine,Iron,Iron ore,Open pit,,,,,,,Brazil
COM00811.00,Mikhailovsky GOK,MGOK,,,"Mine, Refinery",Iron,"Iron, Iron ore pellets, Iron ore concentrate, Sintering iron ore",Open pit,1960.0,,,,,,Russian Federation
COM00812.00,Miles Branch,,,,Mine,Coal,Coal,Underground,,,,,,,United States of America
COM00813.00,Mill Creek,,,,Mine,Coal,Coal,"Underground, Surface",1994.0,,,,,,United States of America
COM00814.00,Millennium,,,,Mine,Coal,"Coking coal, Pulverized Coal Injection",Surface,,2020.0,,,,,Australia
COM00815.00,Miller Creek Complex,,,,Mine,Coal,Coal,"Underground, Surface",2004.0,2016.0,,,,,United States of America
COM00816.00,Mimosa,,,,Mine,Other (poly)-metallic,PGM,Underground,,,,,,65.94,Zimbabwe
COM00817.00,MIMOSA Unit Mines,,,,Mine,Coal,"Thermal coal, Metallurgical coal","Open pit, Underground",,,,,,,Mexico
COM00818.00,Minas Centrais,,,,Mine,Iron,Iron,"Open Pit, Benefication Plant",,,,,,,Brazil
COM00819.00,Minas Itabirito,,,,Mine,Iron,Iron,"Open Pit, Benefication Plant",,,,,,,Brazil
COM00820.00,Minas-Rio,,,,Mine,Iron,Iron ore,,,,,,,,Brazil
COM00821.00,Mine 84,Mine No. 84,,,Mine,Coal,Coal,Underground,1998.0,,,,,,United States of America
COM00822.00,Minera Florida,,,,Mine,Gold,"Gold, Silver",Underground,,,,,,,Chile
COM00823.00,Mingo Logan,,,,Mine,Coal,Coal,Underground,,,,,,48.5628,United States of America
COM00824.00,Ministro Hales,División Ministro Hales,,,Mine,Copper,"Copper, Silver, Calcine",Open pit,2010.0,,,,,,Chile
COM00825.00,Minntac,"Mt. Iron, Mount Iron, Mountain Iron",,,Mine,Iron,"Iron, Iron ore pellets","Open pit, Pellet plant",,,,,,,United States of America
COM00826.00,Minorca,,,,"Mine, Refinery",Iron,Iron,Open pit,1977.0,,,,,,United States of America
COM00827.00,Minto,,,,Mine,Copper,"Copper, Silver, Gold","Open Pit, Underground",2007.0,,,,,,Canada
COM00828.00,Moa Project,"Moa Nickel, Moa Joint Venture",,,Mine,Nickel,"Nickel, Cobalt","Surface, High-pressure acid leaching plant",1961.0,,,,,123.22,Cuba
COM00829.00,Moab Khotsong,,,,Mine,Gold,Gold,,,,,,,,South Africa
COM00830.00,Moatize,,,,Mine,Coal,"Coal, Metallurgical coal, Thermal coal",Open pit,2011.0,,,,,,Mozambique
COM00831.00,Modikwa,,,,Mine,Other (poly)-metallic,"Platinum, Palladium, Rhodium, Ruthenium, Iridium, Gold, Nickel, Copper, Cobalt",Underground,,,,,,,South Africa
COM00832.00,Mogalakwena,,,,Mine,Other (poly)-metallic,"Platinum, Palladium",,,,,,,,South Africa
COM00833.00,Molodenzhny,,,,Mine,Coal,Coal,,,,,,,,Kazakhstan
COM00834.00,Mont Wright,"Mt Wright, Mont-Wright, Dofasco",,,Mine,Iron,Iron,Open pit,1976.0,,,,,,Canada
COM00835.00,Montcalm,,,,Mine,Nickel,Nickel,,,,,,,,Canada
COM00836.00,Moolarben,,,,Mine,Coal,Thermal coal,"Open cut, Underground",,,,,,,Australia
COM00837.00,Moorvale,,,,Mine,Coal,"Thermal coal, Coking coal, Pulverized Coal Injection",Surface,,,,,,,Australia
COM00838.00,Mopani,,,,Mine,Copper,"Copper, Cobalt",Underground,,,,,,,Zambia
COM00839.00,Moranbah,Moranbah North,,,Mine,Coal,Metallurgical coal,,,,,,,,Australia
COM00840.00,Morenci,,,,Mine,Copper,"Copper, Molybdenum","Open pit, SX-EW",1939.0,,,,281.25955,,United States of America
COM00841.00,Morila,,,,Mine,Gold,Gold,,,,,,,,Mali
COM00842.00,Morococha,,,,Mine,Silver,"Silver, Gold, Zinc, Lead, Copper",Underground,,,,,,105.22,Peru
COM00843.00,Morrison,Sudbury,,,Mine,Copper,"Copper, Nickel, Platinum, Palladium, Gold",Underground,,,,,,,Canada
COM00844.00,Morro da Mina,,,,Mine,Other (poly)-metallic,Manganese,Open pit,1902.0,,,,,,Brazil
COM00845.00,Morro do Felipe,,,,Mine,Other mine,Kaolin,Open pit,,,,,,,Brazil
COM00846.00,Morro do Ouro,,,,Mine,Gold,Gold,,,,,,,,Brazil
COM00847.00,Morro Velho,,,,Mine,Gold,Gold,,,,,,,,Brazil
COM00848.00,Mosjoen Aluminium Smelter,Mosjøen Aluminium Smelter,,,Smelter,Processing,Aluminium,,,,,,,,Norway
COM00849.00,Mototolo,,,,Mine,Other (poly)-metallic,"Platinum, Palladium",,,,,,,,South Africa
COM00850.00,Mount Arthur,New South Wales Energy Coal,,,Mine,Coal,Thermal bituminous coal,Open pit,2002.0,,,,,,Australia
COM00851.00,Mount Garnet,,,,Mine,Copper,"Zinc, Lead, Copper, Silver, gold",,,,,,,,Australia
COM00852.00,Mount Goldsworthy,"Mt Goldsworthy, Mount Goldsworthy Joint Venture",,,Mine,Iron,Iron,Open pit,1966.0,,,,,,Australia
COM00853.00,Mount Keith,,,,Mine,Nickel,Nickel,Open pit,1995.0,,,,,,Australia
COM00854.00,Mount Marion,,,,Mine,Other (poly)-metallic,Lithium,,2016.0,,,,,,Australia
COM00855.00,Mount Monger,,,,Mine,Gold,Gold,"Open pit, Underground",2008.0,,,,,,Australia
COM00856.00,Mount Newman,"Mt Newman, Mt Newman joint venture, Newman",,,Mine,Iron,Iron,Open pit,1969.0,,,,,,Australia
COM00857.00,Mount Thorley Warkworth,,,,Mine,Coal,"Thermal coal, Soft coking coal, semi-soft coking coal",,1981.0,,,,,,Australia
COM00858.00,Mountain Laurel,,,,Mine,Coal,Metallurgical coal,Underground,,,,,,,United States of America
COM00859.00,Mozal,,,,Smelter,Processing,Aluminium,,,,,,,,Mozambique
COM00860.00,Mponeng,,,,Mine,Gold,Gold,,,,,,,,South Africa
COM00861.00,MRN Porto Trombetas,"Mineracao Rio do Norte, Trombetas",,,Mine,Aluminium,Bauxite,,1979.0,,,,,,Brazil
COM00862.00,Mt Cattlin,,,,Mine,Other (poly)-metallic,"Spodumene, Lithium",Open pit,2011.0,,,,,,Australia
COM00863.00,Mt Lyell,Mt.Lyell Min,,,Mine,Copper,Copper,Underground,,,inactive,2019.0,,,Australia
COM00864.00,Mt Magnet,,,,Mine,Gold,Gold,"Underground, Open pit",2012.0,,,,,,Australia
COM00865.00,Mt Muro,,,,Mine,Gold,"Gold, Silver",,,,inactive,2014.0,,479.40000000000003,Indonesia
COM00866.00,Mt Owen/Glendell,Ravensworth East,,,Mine,Coal,"Metallurgical coal, Thermal coal",Open pit,,,,,,,Australia
COM00867.00,Mt Sterling,"East Kentucky, Peelpoplar",,,Mine,Coal,Coal,Surface,,2012.0,,,,,United States of America
COM00868.00,Muhlenberg,,,,Mine,Coal,Bituminous coal,Surface,2009.0,2018.0,,,,,United States of America
COM00869.00,Mulia/Jumbang,,,,Mine,Coal,Bituminous coal,Open pit,,,,,,,Indonesia
COM00870.00,Murowa,,,,Mine,Other mine,Diamonds,,2004.0,,,,,,Zimbabwe
COM00871.00,Murray Basin,,,,"Mine, Refinery",Iron,"Zicron, Rutile, Ilmenite, Leucoxene",,,,,,,,Australia
COM00872.00,Murrin Murrin,,,,Mine,Nickel,"Nickel, Cobalt, Copper",Open pit,1999.0,,,,,,Australia
COM00873.00,Muskingum,,,,Mine,Coal,Coal,Surface,,2002.0,,,,,United States of America
COM00874.00,Musselwhite,,,,Mine,Gold,Gold,Underground,,,,,,,Canada
COM00875.00,Muswellbrook,,,,Mine,Coal,Thermal coal,"Underground, Open cut",2005.0,,,,,,Australia
COM00876.00,Mutanda,,,,Mine,Copper,"Copper, Cobalt",,,,,,,,DR Congo
COM00877.00,Myuna,,,,Mine,Coal,Coal,Underground,,,,,,,Australia
COM00878.00,Nadvoitsy Aluminium Smelter,,,,Smelter,Processing,"Aluminium, Aluminium alloys",,1954.0,,,,,,Russian Federation
COM00879.00,Namakwa Sands,,,,Mine,Iron,"Zircon, Rutile, Ilmenite",Open pit,,,,,,,South Africa
COM00880.00,Namakwa Sands Smelter,,,,Smelter,Processing,"Titanium dioxide slag, Pig Iron",,,,,,,,South Africa
COM00881.00,Namosi,Waisoi,,,Mine,Other mine,"Copper, Gold",Open pit,,,Exploration,2018.0,,,Fiji Islands
COM00882.00,Nanchuan,,,,Mine,Aluminium,Bauxite,Underground,,,inactive,2019.0,,,China
COM00883.00,Nanliang,Nanliang Coal Mine,,,Mine,Coal,Coal,Underground,,,,,,,China
COM00884.00,Narama,Narooma,,,Mine,Coal,Coal,,,,,,,,Australia
COM00885.00,Narrabri,,,,Mine,Coal,Coal,Underground,2012.0,,active,2020.0,,,Australia
COM00886.00,Navachab,,,,Mine,Gold,Gold,,,,,,,,Namibia
COM00887.00,Navajo,,,,Mine,Coal,"Thermal bituminous coal, Sub-bituminous coal",Open pit,1963.0,,,,,,United States of America
COM00888.00,Neryungrinsky,,,,Mine,Coal,"Coking coal, Thermal coal",Open pit,1979.0,,,,,15.3,Russian Federation
COM00889.00,Neves Corvo,,,,Mine,Copper,"Copper, Zinc, Lead, Silver, Tin",Underground,,,,,,,Portugal
COM00890.00,New Clydesdale,"New Clydesdale Colliery, NCC",,,Mine,Coal,Thermal coal,"Open pit, Underground",2017.0,,,,,,South Africa
COM00891.00,New Denmark,,,,Mine,Coal,Thermal coal,,,,,,,,South Africa
COM00892.00,New Lexington,Avondale,,,Mine,Coal,Bituminous coal,Surface,1993.0,,,,,,United States of America
COM00893.00,New Vaal,,,,Mine,Coal,Thermal coal,,,,,,,,South Africa
COM00894.00,Newlands,,,,Mine,Coal,"Metallurgical coal, Thermal coal",Open pit,,,,,,,Australia
COM00895.00,Neyveli I,,,,Mine,Coal,Lignite,Open pit,,,,,,,India
COM00896.00,Neyveli IA,,,,Mine,Coal,Lignite,Open pit,,,,,,,India
COM00897.00,Neyveli II,,,,Mine,Coal,Lignite,Open pit,,,,,,,India
COM00898.00,Nickel West Kwinana refinery,,,,Refinery,Processing,"Nickel briquette, nickel powder",Refinery,,,,,,,Australia
COM00899.00,Nifty,,,,Mine,Copper,Copper,,,,care and maintenance,2019.0,,,Australia
COM00900.00,Nikkelverk,,,,Smelter,Processing,"Refined Nickel, Refined Copper, Refined Cobalt,  Refined Gold, Refined Silver",,,,,,,,Norway
COM00901.00,Nikolaev Alumina,Nikolaev alumina refinery,,,Refinery,Processing,"Alumina, Metallurgical alumina, Alumina pitch, metallic gallium",Bayer process plant,1980.0,,,,,,Ukraine
COM00902.00,Nikolayevsky,,,,Mine,Copper,"Copper, Zinc, Gold, Silver",,,,,,,,Kazakhstan
COM00903.00,Niquelandia,,,,Mine,Other mine,Nickel,,,,,,,,Brazil
COM00904.00,Nkomati,,,,Mine,Nickel,"Nickel, Copper, Cobalt, Palladium, Platinum, Chrome","Open pit, Underground",,,,,,,South Africa
COM00905.00,Noble,,,,Mine,Coal,Bituminous coal,Surface,2006.0,,,,,,United States of America
COM00906.00,Noche Buena,,,,Mine,Gold,"Gold, Silver","Open pit, Heap leach, Merrill-Crowe",2012.0,,,,,,Mexico
COM00907.00,Nooitgedacht,,,,Mine,Coal,Thermal coal,,,,,,,,South Africa
COM00908.00,Nordenhamer Zinkhuette,,,,Smelter,Processing,Refined Nickel,,,,,,,,Germany
COM00909.00,Nornickel Kola Peninsula,,,,Mine,Nickel,"Copper, Nickel, PGM","Underground, Open pit",,,,,,,Russian Federation
COM00910.00,Nornickel Taimyr Peninsula,"Polar Division, Polar Division and Medvezhy Ruchey",,,Mine,Nickel,"Copper, Nickel, PGM","Underground, Open pit",,,,,,,Russian Federation
COM00911.00,Norte Abierto,"Cerro Casale, Caspiche",,,Mine,Other mine,Gold,,,,Project,2019.0,,,Chile
COM00912.00,North Antelope Rochelle,,,,Mine,Coal,Thermal coal,Surface,,,,,,,United States of America
COM00913.00,North Block Complex,NBC,,,Mine,Coal,Thermal coal,Open pit,,,,,,,South Africa
COM00914.00,North Eastern Coalfields,NEC,,,Mine,Coal,Thermal coal,"Open pit, Underground",,,,,,,India
COM00915.00,North Goonyella,"Eaglefield, North Goonyella/Eaglefield",,,Mine,Coal,Coking coal,Underground,,,,,,,Australia
COM00916.00,North Mara,,,,Mine,Gold,Gold,"Open Pit, Underground",,,,,,,Tanzania
COM00917.00,North Urals,"JSC Sevuralboksitruda, SUBR, Cheremukhovskaya-Glubokaya",,,Mine,Aluminium,Bauxite,Underground,,,,,,,Russian Federation
COM00918.00,Northern Coalfields Limited,NCL,,,Mine,Coal,Thermal coal,"Open pit, Underground",,,,,,,India
COM00919.00,Northern GOK,"SevGOK, JSC Severniy Mining and Processing Works",,,Mine,Iron,Iron,Open pit,,,,,,,Ukraine
COM00920.00,Northern Star Kalgoorlie Operations,,,,Mine,Gold,Gold,,,,,,,,Australia
COM00921.00,Northfleet,,,,Smelter,Processing,"Refined Lead, Refined Silver",,,,,,,,United Kingdom
COM00922.00,Northparkes,,,,Mine,Copper,"Copper, Gold",,,,,,,,Australia
COM00923.00,Northshore,,,,Mine,Iron,"Iron, Direct Reduction Iron Pellets",Open pit,1990.0,,,,,,United States of America
COM00924.00,Norwich Park,,,,Mine,Coal,Metallurgical bituminous coal,Open pit,1979.0,2012.0,,,,,Australia
COM00925.00,Novokuznetsk Aluminium Smelter,,,,Smelter,Processing,"Aluminium, Aluminium ingots, Aluminium T-bars, Aluminium billets",,1943.0,,,,,,Russian Federation
COM00926.00,Nueva Rosita Complex,,,,Mine,Coal,"Coal, Metallurgical coke, coke, tar, ammonium sulfate, light crude oil","Open pit, underground, coke facility, coal washing plant",1924.0,,,,,,Mexico
COM00927.00,NuevaUnion,"El Morro, Relincho",,,Mine,Other mine,"Copper, Molybdenum, Gold",,,,,,,,Chile
COM00928.00,Nurkazgan,,,,Mine,Copper,"Copper, Gold, Silver",,,,,,,,Kazakhstan
COM00929.00,Oak Grove,,,,Mine,Coal,Metallurgical coal,Underground,1972.0,,,,,,United States of America
COM00930.00,Oaky Creek,,,,Mine,Coal,Metallurgical coal,Open pit,,,,,,,Australia
COM00931.00,Obed Mountain,,,,Mine,Coal,Bituminous coal,,1984.0,2013.0,,,,,Canada
COM00932.00,Obuasi,,,,Mine,Gold,Gold,Underground,,,,,,,Ghana
COM00933.00,Odda,,,,Smelter,Processing,"Zinc, Zinc alloys",,,,,,,,Norway
COM00934.00,Ok Tedi,,,,Mine,Copper,"Copper, Gold, Silver",Open pit,,,,,,,Papua New Guinea
COM00935.00,Oktyabrskaya,,,,Mine,Coal,Coal,,,,,,,,Russian Federation
COM00936.00,Olcon,Olenegorsky,,,Mine,Iron,"Iron, Iron ore concentrate, Ferrite Strontium Powder","Open pit, Underground",1949.0,,,,,,Russian Federation
COM00937.00,Olympic Dam,,,,"Mine, Refinery, Smelter",Copper,"Copper, Coper Anodes, Copper cathodes, Uranium oxide, Gold, Silver","Underground, Flash Furnace, SX-EW, Grinding circuits",1988.0,,active,2019.0,,,Australia
COM00938.00,Olzherassky,Olzherasskaya-Novaya,,,Mine,Coal,"Thermal coal, Coking coal","Underground, Open pit",2001.0,,,,,41.8,Russian Federation
COM00939.00,Ombilin,"Pertambangan Ombilin, UPO",,,Mine,Coal,Coal,Open pit,,,,,,29.35,Indonesia
COM00940.00,Onca Puma,,,,Mine,Nickel,Nickel,,,,,,,,Brazil
COM00941.00,Optimum,,,,Mine,Coal,Thermal coal,Open pit,,,,,,,South Africa
COM00942.00,Orcopampa,,,,Mine,Gold,"Gold, Silver, Copper","Underground, Carbon-in-leach plant",1967.0,,,,,,Peru
COM00943.00,Orlovsky,,,,Mine,Copper,"Copper, Zinc, Gold, Silver",Underground,,,,,,,Kazakhstan
COM00944.00,Osbourne,,,,Mine,Other mine,Gold,,,,,,,,Australia
COM00945.00,Oskol Electrometallurgical Plant,OEMK,,,"Refinery, Smelter",Processing,"Direct reduction Iron, Steel","Metallisation plant, Pellet plant, DRI plant, Arc furnace",1982.0,,,,,,Russian Federation
COM00946.00,Ostrava steel plant,,,,"Smelter, Refinery",Processing,"Steel, long steel, flat steel","Coke oven batteries, sinter plant, blast furnace, open hearth tandem furnace, continuous caster, hot strip mill, section mills, wire rod mill",,,,,,,Czech Republic
COM00947.00,Ouro Preto Ferroalloys plant,,,,Refinery,Processing,ferro-silicon manganese,furnaces,,,,,,,Brazil
COM00948.00,Ovoid,Voisey's Bay,,,Mine,Nickel,"Nickel, Copper",,,,,,,,Canada
COM00949.00,Oyu Tolgoi,,,,Mine,Copper,"Copper, Gold, Silver",,,,,,,,Mongolia
COM00950.00,Paddington,Norton Gold Fields,,,Mine,Gold,Gold,"Open Pit, Underground",,,,,,,Australia
COM00951.00,Paint Creek,"Winchester, Samples",,,Mine,Coal,"Thermal coal, Metallurgical coal","Surface, Underground",,,,,,,United States of America
COM00952.00,Paintearth,,,,Mine,Coal,Sub-bituminous coal,Surface,1956.0,,,,,,Canada
COM00953.00,Palabora,,,,"Mine, Refinery",Copper,"Copper, Gold, Uranium",,,,,,,,South Africa
COM00954.00,Palmarejo,,,,Mine,Silver,"Gold, Silver","Underground, Open pit",2009.0,,,,,272.33,Mexico
COM00955.00,Pampa Norte,,,,Mine,Copper,"Copper, Copper cathode","Open pit, SX-EW",1994.0,,,,,,Chile
COM00956.00,Panchpatmali,,,,Mine,Aluminium,Bauxite,,,,,,,,India
COM00957.00,Panther,,,,Mine,Coal,Metallurgical coal,Underground,,,,,,,United States of America
COM00958.00,Pantnagar,,,,"Smelter, Refinery",Processing,"Refined Silver, Refined Zinc, Refined Lead","Silver refinery, Zinc ingot refining plant, Lead ingot refining plant",,,,,,,India
COM00959.00,Paracatu,,,,Mine,Gold,Gold,Open pit,,,,,,,Brazil
COM00960.00,Paragominas,,,,Mine,Aluminium,Bauxite,,2007.0,,,,,,Brazil
COM00961.00,Paranam,,,,Refinery,Processing,Alumina,,,,,,,,Suriname
COM00962.00,Paraopeba,,,,Mine,Iron,Iron,"Open Pit, Benefication Plant",,,,,,,Brazil
COM00963.00,Pascua-Lama,,,,Mine,Other mine,Gold,,,,,,,,Chile
COM00964.00,Patos de Minas,,,,Mine,Other mine,Phosphate,Open pit,,,,,,,Brazil
COM00965.00,Pattiki Complex,White County Coal,,,Mine,Coal,Coal,Underground,1980.0,2016.0,,,,,United States of America
COM00966.00,Paulsens,,,,Mine,Gold,Gold,,,,,,,,Australia
COM00967.00,PBS Coal,PBS Coals,,,Mine,Coal,"Coking coal, Thermal coal, Coking coal concentrate",,,,,,,,United States of America
COM00968.00,Peace River Coal,,,,Mine,Coal,Coal,,,,,,,,Canada
COM00969.00,Peak Downs,,,,Mine,Coal,Metallurgical bituminous coal,Open pit,1972.0,,,,,,Australia
COM00970.00,Pena Colorada,,,,Mine,Iron,Iron,Open pit,1974.0,,,,,401.4039172,Mexico
COM00971.00,Penasquito,,,,Mine,Gold,"Gold, Silver, Lead, Zinc",Open pit,2010.0,,,,,458.23,Mexico
COM00972.00,Pend Oreille,,,,Mine,Zinc,"Zinc, Lead",Underground,,,,,,,United States of America
COM00973.00,Penjom,,,,Mine,Gold,Gold,Resin-In-Leach plant,1996.0,,,,,12.2183,Malaysia
COM00974.00,Pennsylvania Mining Complex,,,,Mine,Coal,"Bituminous coal, Metallurgical coal",Underground,1984.0,,,,,,United States of America
COM00975.00,Peranap,Pertambangan Peranap,,,Mine,Coal,Coal,Open pit,,,,,,182.3,Indonesia
COM00976.00,Pering,,,,Mine,Zinc,"Zinc, Lead",,,2003.0,,,,,South Africa
COM00977.00,Perkasa Inakakerta,"PIK, PT Perkasa Inakakerta",,,Mine,Coal,Sub-bituminous coal,Open pit,2007.0,,,,,190.5,Indonesia
COM00978.00,Pervomaysky,Mayskoe,,,Mine,Coal,Thermal coal,,,,,,,,Russian Federation
COM00979.00,Petorca,,,,Mine,Gold,"Silver, Gold",,,,,,,,Chile
COM00980.00,Phil's Creek,,,,Mine,Iron,Iron,,2012.0,2015.0,,,,,Australia
COM00981.00,Phoenix,Phoenix Operation,,,Mine,Copper,"Gold, Copper, Copper cathode","Open pit, SX-EW, carbon-in-leach, copper leach pad",1964.0,,,,,,United States of America
COM00982.00,Pierina,,,,Mine,Gold,Gold,,,,,,,,Peru
COM00983.00,Pilares,,,,Mine,Other mine,Copper,,,,in development,,,,Mexico
COM00984.00,Pingdingshan,,,,Mine,Aluminium,Bauxite,"Open pit, Underground",,,active,2019.0,,,China
COM00985.00,Pingdingshan Tianan Coal,,,,Mine,Coal,Coal,,,,,,,,China
COM00986.00,Pingguo,"Guangxi Plant, Pingguo Plant, Guangxi branch",,,"Mine, Refinery, Smelter",Aluminium,"Bauxite, Alumina, Aluminium",Open pit,1994.0,,active,2019.0,,,China
COM00987.00,Pingshuo,"China Coal Pingshuo Group Company Limited, Pingshou Mining Area",,,Mine,Coal,Coal,"Open pit, Underground",,,,,,,China
COM00988.00,Pinjarra Alumina Refinery,,,,Refinery,Processing,Alumina,,,,,,,,Australia
COM00989.00,Pinnacle Complex,,,,Mine,Coal,Metallurgical coal,Underground,1969.0,,,,,,United States of America
COM00990.00,Pinos Altos,,,,Mine,Gold,"Gold, Silver","Open pit, Underground",2009.0,,,,,,Mexico
COM00991.00,Pinto Valley,,,,Mine,Copper,"Copper, Copper cathode, Molybdenum, Silver, Gold",Open pit,1974.0,,,,,,United States of America
COM00992.00,Pit Bajau Bulungan Kaltara,"PT Garda Tujuh Buana Tbk, GTB, KW 96 JNP 249",,,Mine,Coal,Thermal coal,Open pit,,,,,,7.1000000000000005,Indonesia
COM00993.00,Plainfield,,,,Mine,Coal,Bituminous coal,Surface,1990.0,,,,,,United States of America
COM00994.00,Platinum Mile,,,,Mine,Other (poly)-metallic,PGM,Surface,,,,,,,South Africa
COM00995.00,Plutonic,,,,Mine,Gold,Gold,,,,,,,,Australia
COM00996.00,Pocos de Caldas,,,,"Mine, Refinery",Aluminium,"Bauxite, Alumina",Open pit,1965.0,,,,,,Brazil
COM00997.00,Pogo,Pogo Creek,,,Mine,Gold,Gold,,,,,,,,United States of America
COM00998.00,Point Lisas,,,,"Smelter, Refinery",Processing,"Steel, steel billets, wire rod, direct reduced iron","Rirect reduced iron plant, electric arc furnace, continuous casters, wire rod mill",,,,,,,Trinidad and Tobago
COM00999.00,Poitrel,,,,Mine,Coal,Metallurgical bituminous coal,Open pit,2006.0,,,,,,Australia
COM01000.00,Polkowice-Sieroszowice,,,,Mine,Copper,"Copper, Silver, Lead, Gold",Underground,1996.0,,,,,,Poland
COM01001.00,Polosukhinskaya,,,,Mine,Coal,Coking coal,,,,,,,,Russian Federation
COM01002.00,Pomalaa,Pomalaa-Antam,,,"Mine, Smelter",Nickel,"Nickel, Ferronickel",,,2008.0,,,,,Indonesia
COM01003.00,Pongkor and Cibaliung,,,,Mine,Gold,Gold,,,,,,,,Indonesia
COM01004.00,Poondano,,,,Mine,Iron,Iron,,,2015.0,,,,,Australia
COM01005.00,Poplar River,,,,Mine,Coal,Lignite,Surface,1978.0,,,,,,Canada
COM01006.00,Poracota,,,,Mine,Gold,"Gold, Silver",Underground,2007.0,,,,,,Peru
COM01007.00,Porcupine,,,,Mine,Gold,Gold,"Open pit, Underground",,,,,,,Canada
COM01008.00,Porgera,,,,Mine,Gold,Gold,"Open pit, Underground",,,,,,,Papua New Guinea
COM01009.00,Portland Aluminium Smelter,,,,Smelter,Processing,Aluminium,,,,,,,,Australia
COM01010.00,POSMAC,POSMAC Joint Venture,,,Mine,Other mine,Iron,Open pit,2003.0,,,,,,Australia
COM01011.00,Presidente Vargas Steelworks,,,,"Smelter, Refinery",Processing,"Steel, Coke, Pig iron","Blast furnace, Coke plant, Sinter plant",1946.0,,,,,,Brazil
COM01012.00,Prijedor,"Omarska, Buvac, Jezero, Mamuze",,,Mine,Iron,Iron,Open pit,1916.0,,,,,20.0,Bosnia and Herzegovina
COM01013.00,Princeton,"Low Vol, Mid Vol, XMV Mine, Pocahontas",,,Mine,Coal,"Coal, metallurgical coal, PCI","Underground, Open pit",,,,,,,United States of America
COM01014.00,Prokopyevsky,,,,Mine,Coal,Thermal coal,Open pit,,,,,,,Russian Federation
COM01015.00,Prominent Hill,,,,Mine,Copper,"Copper, Gold, Silver","Underground, Open pit",2009.0,,,,,,Australia
COM01016.00,PT Adaro Indonesia,AI,,,Mine,Coal,Sub-bituminous coal,Open pit,1992.0,,,,,,Indonesia
COM01017.00,PT Adimitra Baratama Nusantara,ABN,,,Mine,Coal,Thermal coal,Open pit,2008.0,,,,,29.900000000000002,Indonesia
COM01018.00,PT Alusentosa,,,,Mine,Other mine,Bauxite,Open pit,,,inactive,2019.0,,,Indonesia
COM01019.00,PT Antang Gunung Meratus,AGM,,,Mine,Coal,Coal,Open pit,1999.0,,,,,224.33,Indonesia
COM01020.00,PT Atlas Resources Tbk,,,,Company,Coal,Coal,,,,,,,,Indonesia
COM01021.00,PT Baramulti Suksessarana Tbk,BSSR,,,Mine,Coal,Coal,Open pit,2010.0,,,,,24.598000000000003,Indonesia
COM01022.00,PT Barasentosa Lestari,BSL,,,Mine,Coal,Thermal coal,Open pit,,,,,,233.0,Indonesia
COM01023.00,PT Batubara Bukit Kendi,,,,Mine,Coal,Coal,Open pit,,,,,,,Indonesia
COM01024.00,PT Bhakti Energi Persada,"PT BEP, BEP",,,Mine,Other mine,Coal,,,,,,,,Indonesia
COM01025.00,PT Bharinto Ekatama,"BEK, Bharinto",,,Mine,Coal,Coal,,2012.0,,,,,173.11,Indonesia
COM01026.00,PT Borneo Indobara,BIB,,,Mine,Coal,Thermal coal,Open pit,,,,,,241.0,Indonesia
COM01027.00,PT Bukit Enim Energi,"PT BEE, BEE",,,Mine,Other mine,Coal,,,,,,,111.3,Indonesia
COM01028.00,PT Central Omega Resources Tbk,,,,Company,Other (poly)-metallic,Nickel,,,,,,,,Indonesia
COM01029.00,PT Gunungbayan Pratamacoal,GBP,,,Mine,Coal,Bituminous coal,Open pit,,,,,,202.75,Indonesia
COM01030.00,PT Indominco Mandiri,"IMM, Indominco",,,Mine,Coal,Coal,"Open pit, Underground",,,,,,241.21,Indonesia
COM01031.00,PT Indomining,IM,,,Mine,Coal,Thermal coal,Open pit,2007.0,,,,,6.83,Indonesia
COM01032.00,PT Insani Baraperkasa,,,,Mine,Coal,Coal,,,,,,,244.77,Indonesia
COM01033.00,PT Internasional Prima Coal,IPC,,,Mine,Coal,Coal,Open pit,2009.0,,,,,,Indonesia
COM01034.00,PT Jorong Barutama Greston,"JBG, Jorong",,,Mine,Coal,Coal,Open pit,,,,,,48.83,Indonesia
COM01035.00,PT Kalmin,,,,Mine,Aluminium,Bauxite,Open pit,,,inactive,2019.0,,,Indonesia
COM01036.00,PT Kaltim Prima Coal,"PT Kaltim Prima Coal, KPC",,,Mine,Coal,"Bituminous coal, Sub-bituminous coal",Open pit,,,,,,849.38,Indonesia
COM01037.00,PT Karya Usaha Pertiwi,KUP,,,Mine,Coal,Thermal coal,Open pit,2018.0,,,,,26.62,Indonesia
COM01038.00,PT Kitadin,"KTD, Kitadin",,,Mine,Coal,Coal,,,,,,,53.11,Indonesia
COM01039.00,PT Mahakam Sumber Jaya,MSJ,,,Mine,Coal,Thermal coal,Open pit,2004.0,,,,,203.8,Indonesia
COM01040.00,PT Mitrabara Adiperdana Tbk,,,,Mine,Coal,Coal,,2008.0,,,,,29.6,Indonesia
COM01041.00,PT Multi Tambangjaya Utama,MUTO,,,Mine,Coal,"Bituminous thermal coal, Bituminous coking coal",Open pit,2016.0,,,,,249.70000000000002,Indonesia
COM01042.00,PT Mustika Indah Permai,"PT MIP, MIP,",,,Mine,Coal,Subbituminous coal,,,,,,,20.0,Indonesia
COM01043.00,PT Santan Batubara,"SBB, SB",,,Mine,Coal,Thermal coal,Open pit,,,,,,142.1,Indonesia
COM01044.00,PT Smelting,,,,"Smelter, Refinery",Processing,"Copper cathode, Copper anode",,1995.0,,,,,,Indonesia
COM01045.00,PT Triaryani,TRA,,,Mine,Coal,Coal,Open pit,2014.0,,,,,21.43,Indonesia
COM01046.00,PT Trisensa Mineral Utama,TMU,,,Mine,Coal,Thermal coal,Open pit,2011.0,,,,,34.14,Indonesia
COM01047.00,PT Trisula Kencana Sakti,TKS,,,Mine,Coal,Thermal coal,Open pit,,,,,,114.55,Indonesia
COM01048.00,PT Trubaindo Coal Mining,"TCM, Trobaindo",,,Mine,Coal,Coal,Open pit,,,,,,226.87,Indonesia
COM01049.00,PT Tuah Turangga Agung,"TTA, PT Dasa Eka Jasatama, DEJ",,,Company,Coal,"Thermal coal, Coking coal",,2006.0,,,,,,Indonesia
COM01050.00,PT Visitama,,,,Mine,Other mine,Bauxite,Open pit,,,inactive,2019.0,,,Indonesia
COM01051.00,Pucarrajo,"Huallanca, Minera Huallanca",,,Mine,Zinc,"Silver, Zinc, Lead",Underground,,,,,,,Peru
COM01052.00,Pueblo Viejo,,,,Mine,Gold,Gold,Open Pit,2013.0,,,,,,Dominican Republic
COM01053.00,Puna,,,,Mine,Silver,"Gold, Silver, Lead, Zinc",,,,,,,,Argentina
COM01054.00,Punitaqui,,,,Mine,Copper,"Copper, Gold, Silver",,,,,,,,Chile
COM01055.00,Pyhäsalmi,,,,Mine,Copper,"Copper, Pyrite, Zinc",,,,,,,,Finland
COM01056.00,Quebrada Blanca,,,,"Mine, Refinery",Copper,Copper,Open pit,,,,,,,Chile
COM01057.00,Quebradona,,,,Mine,Other mine,Copper,,,,,,,,Colombia
COM01058.00,Queensland Alumina,,,,Refinery,Processing,Alumina,,1967.0,,,,,,Australia
COM01059.00,Quellaveco,,,,Mine,Other mine,Copper,,,,,,,,Peru
COM01060.00,Quiruvilca,,,,Mine,Silver,"Silver, Gold, Zinc, Lead, Copper",Underground,1940.0,,,,,,Peru
COM01061.00,Rajpura Dariba,,,,Mine,Zinc,"Lead, Zinc",Underground,1983.0,,,,,,India
COM01062.00,Rampura Agucha,,,,Mine,Zinc,"Lead, Zinc","Open pit, Underground",,,,,,,India
COM01063.00,Ras Al Khair Refinery,,,,"Refinery, Smelter",Processing,"Alumina, Aluminium",,,,,,,,Saudi Arabia
COM01064.00,Raspadskaya,,,,Mine,Coal,Metallurgical coal,,,,,,,,Russian Federation
COM01065.00,Raven,"Slones Branch, Lige Hollow",,,Mine,Coal,Coal,Underground,2006.0,,,,,,United States of America
COM01066.00,Ravensthorpe,,,,Mine,Nickel,"Nickel, Cobalt",,,,,,,,Australia
COM01067.00,Ravenswood,,,,Mine,Gold,Gold,"Open pit, Underground",,,,,,,Australia
COM01068.00,Ravensworth Complex,,,,Mine,Coal,"Metallurgical coal, Thermal coal",Open pit,,,,,,,Australia
COM01069.00,Rawhide,,,,Mine,Gold,Gold,,,,,,,,United States of America
COM01070.00,Rawhide Coal,,,,Mine,Coal,Thermal coal,Surface,,,,,,,United States of America
COM01071.00,Recuperada,,,,Mine,Silver,"Silver, Lead, Zinc",Underground,,,,,,,Peru
COM01072.00,Red Dog,,,,Mine,Zinc,"Zinc, Lead",Open pit,1989.0,,,,,,United States of America
COM01073.00,Red Hills,Mississippi Lignite Mining Company,,,Mine,Coal,Lignite,Surface,2000.0,,,,,27.680796,United States of America
COM01074.00,Red Lake,"Red Lake complex, Red Lake Project, Red Lake Gold Mines",,,Mine,Gold,Gold,Underground,,,,,,,Canada
COM01075.00,Red River,"Oxbow Mine, Red River Mining Company",,,Mine,Coal,Lignite,Surface,,,,,,,United States of America
COM01076.00,Reed,,,,Mine,Copper,"Copper, Zinc, Gold, Silver",Underground,,2018.0,,,,,Canada
COM01077.00,Reefton,,,,Mine,Gold,Gold,Open pit,2007.0,2016.0,,,,,New Zealand
COM01078.00,Reko Diq,,,,Mine,Other mine,Gold,,,,,,,,Pakistan
COM01079.00,Remington,Stockburg No. 2,,,Mine,Coal,Thermal coal,"Surface, Underground",,2009.0,,,,,United States of America
COM01080.00,Rend Lake,,,,Mine,Coal,Coal,Underground,1986.0,,,,,,United States of America
COM01081.00,Renison,,,,Mine,Other (poly)-metallic,"Tin, Copper","Underground, Open pit",,,,,,,Australia
COM01082.00,Riestpruit,,,,Mine,Coal,Thermal coal,,,,,,,,South Africa
COM01083.00,Rio Capim,,,,Mine,Other mine,Kaolin,Open pit,,,,,,,Brazil
COM01084.00,Rio Grande,,,,Mine,Other mine,Gold,,,,Project,2018.0,,,Argentina
COM01085.00,Rio Tinto Kennecott,Kennecott Utah Copper,,,Refinery,Processing,"Copper, Gold, Silver",,,,,,,,United States of America
COM01086.00,Rio Tuba,RTN,,,Mine,Other (poly)-metallic,"Nickel, Cobalt, Iron, Limestone",,,,,,,,Philippines
COM01087.00,Riola/Vermilion Grove,"Vermilion Grove-Riola Mine Complex, Riola No. 1",,,Mine,Coal,Thermal coal,Underground,,,,,,,United States of America
COM01088.00,River View Complex,River View Coal,,,Mine,Coal,Coal,Underground,2009.0,,,,,,United States of America
COM01089.00,Riverdale,,,,"Smelter, Refinery",Processing,"Steel, hot-rolled strip","Basic oxygen furnace, continuous slab caster",,,,,,,United States of America
COM01090.00,Robe River,,,,Mine,Iron,Iron ore,Open Pit,,,,,,,Australia
COM01091.00,Robinson,,,,Mine,Copper,"Copper, Gold, Molybdenum",Open pit,,,,,,,United States of America
COM01092.00,Robinson Run,,,,Mine,Coal,"Thermal coal, Metallurgical coal",Underground,1966.0,,,,,,United States of America
COM01093.00,Rochester,,,,Mine,Silver,"Gold, Silver","Open pit, Heap leaching plant",,,,,,,United States of America
COM01094.00,Rocklick,"Black Oak, Gateway Eagle, Farley Eagle, Harris No. 1",,,Mine,Coal,Metallurgical coal,Underground,,,,,,,United States of America
COM01095.00,Rolleston,,,,Mine,Coal,Thermal coal,Open pit,,,,,,,Australia
COM01096.00,Rönnskär,,,,Smelter,Processing,"Copper, Gold, Silver, Lead, Sulphuric acid, Zinc clinker",,,,,,,,Sweden
COM01097.00,Rosebery,,,,Mine,Zinc,"Zinc, Lead, Copper, Gold, Silver",Underground,1936.0,,,,,,Australia
COM01098.00,Rosemont,,,,Mine,Other mine,Copper,Open pit,,,,,,,United States of America
COM01099.00,Rosh Pinah,,,,Mine,Other (poly)-metallic,"Zinc, Lead",Underground,,,,,,,Namibia
COM01100.00,Rössing,,,,Mine,Other (poly)-metallic,Uranium,Open pit,1976.0,,,,,,Namibia
COM01101.00,Round Mountain,,,,Mine,Other (poly)-metallic,Gold,Heap leaching,,,,,,,United States of America
COM01102.00,Ruashi,,,,Mine,Copper,"Copper, Cobalt, Copper cathode, Cobalt hydroxide","Open cast, SX-EW plant",2007.0,,,,,,DR Congo
COM01103.00,Ruby Hill,,,,Mine,Gold,Gold,,,,,,,,United States of America
COM01104.00,Rudna,,,,Mine,Copper,"Copper, Silver, Lead, Gold",Underground,1974.0,,,,,,Poland
COM01105.00,Rustenburg,,,,Mine,Other (poly)-metallic,"PGM, Platinum","Underground, Open pit",,,,,,,South Africa
COM01106.00,Sadiola,,,,Mine,Gold,Gold,,,,,,,,Mali
COM01107.00,Safford,,,,Mine,Copper,Copper,"Open pit, SX-EW",2007.0,,,,383.24143,,United States of America
COM01108.00,Saint-Jean-de-Maurienne,,,,Smelter,Processing,Aluminium,,,,,,,,France
COM01109.00,Sakhara,,,,Mine,Nickel,Nickel,,,,,,,,Russian Federation
COM01110.00,Sakura Ferroalloys,,,,Smelter,Processing,Ferromanganese,,,,,,,,Malaysia
COM01111.00,Salek,Vostochny coal mine,,,Mine,Coal,Thermal coal,Open pit,,,,,,,Russian Federation
COM01112.00,Salobo,,,,Mine,Copper,"Copper, Gold",Open pit,2012.0,,,,,,Brazil
COM01113.00,Salvador,División Salvador,,,Mine,Copper,"Copper, Copper cathodes, Molybdenum, Gold, Silver","Open pit, Underground",1959.0,,,,,,Chile
COM01114.00,Samarco,,,,Mine,Iron,Iron,Open pit,1977.0,,inactive,2019.0,,,Brazil
COM01115.00,Sambarata,,,,Mine,Coal,Coal,Open pit,,,,,,,Indonesia
COM01116.00,San Andres,,,,Mine,Gold,Gold,,,,,,,,Honduras
COM01117.00,San Bartolome,,,,Mine,Silver,Silver,Open pit,2008.0,,,,,,Bolivia
COM01118.00,San Ciprian Refinery,,,,"Refinery, Smelter",Processing,"Alumina, Aluminium",,,,,,,,Spain
COM01119.00,San Dimas,Luismin,,,Mine,Gold,"Gold, Copper, Silver",,,,,,,,Mexico
COM01120.00,San Jose,,,,Mine,Iron,Iron,Open pit,1946.0,,,,,,Mexico
COM01121.00,San Juan,,,,Mine,Coal,Sub-bituminous coal,,1973.0,,,,,,United States of America
COM01122.00,San Juan de Nieva,,,,Smelter,Processing,Refined Nickel,,,,,,,,Spain
COM01123.00,San Julian,,,,Mine,Silver,"Silver, Gold, Lead, Zinc",Underground,2016.0,,,,,,Mexico
COM01124.00,San Luis Potosi Complex,,,,"Smelter, Refinery",Processing,"Zinc, Copper, Silver, Gold, Cadmium, Sulfuric acid",,,,,,,,Mexico
COM01125.00,San Manuel,,,,Mine,Copper,"Copper, Copper cathode",,,2002.0,,,,,United States of America
COM01126.00,San Martin,,,,Mine,Gold,Gold,,,,,,,,Honduras
COM01127.00,San Miguel,,,,Mine,Coal,Lignite,Surface,1980.0,,,,,,United States of America
COM01128.00,San Vicente,,,,Mine,Silver,"Silver, Gold, Zinc, Lead, Copper",,,,,,,,Bolivia
COM01129.00,Sandstone,Bulchina,,,Mine,Gold,Gold,,,,,,,,Australia
COM01130.00,Sanmenxia,,,,Mine,Aluminium,Bauxite,Underground,,,active,2019.0,,,China
COM01131.00,Santo Domingo,,,,Mine,Other mine,"Copper, Iron, Gold",Open pit,,,,,,,Chile
COM01132.00,Sao Francisco,,,,Mine,Gold,Gold,,,,inactive,2020.0,,,Brazil
COM01133.00,Sao Luis Iron Ore Pellet Operation,,,,Refinery,Processing,Iron ore pellets,,,,,,,,Brazil
COM01134.00,Saraji,,,,Mine,Coal,Metallurgical bituminous coal,Open pit,1974.0,,,,,,Australia
COM01135.00,Sarongga,Sarongan,,,Mine,Coal,Sub-bituminous coal,Open pit,,,,,,,Indonesia
COM01136.00,Sasol Sigma,,,,Mine,Coal,Coal,Underground,,,,,,,South Africa
COM01137.00,Satui,,,,Mine,Coal,Bituminous coal,Open pit,,,,,,,Indonesia
COM01138.00,Saucito,,,,Mine,Silver,"Silver, Gold, Lead, Zinc",Underground,2011.0,,,,,,Mexico
COM01139.00,Savage,Knive River Mine,,,Mine,Coal,Lignite,,1958.0,,,,,,United States of America
COM01140.00,Savuka,,,,Mine,Gold,Gold,,,,,,,,South Africa
COM01141.00,Sayak,,,,Mine,Copper,"Copper, Gold, Silver",,,,,,,,Kazakhstan
COM01142.00,Sayanogorsk Aluminium Smelter,,,,Smelter,Processing,"Aluminium, Aluminium slabs, Aluminium ingots, Aluminium T-bars, Aluminium billets",,1985.0,,,,,,Russian Federation
COM01143.00,Seabee,,,,Mine,Gold,Gold,,1991.0,,,,,,Canada
COM01144.00,Sebree,,,,Smelter,Processing,Aluminium,,,,,,,,United States of America
COM01145.00,Sebree - Onton Complex,"Green River Collieries, Onton No. 9",,,Mine,Coal,Coal,Underground,,2015.0,,,,,United States of America
COM01146.00,Selbaie,,,,Mine,Zinc,"Copper, Zinc, Gold, Silver",Open pit,,2004.0,,,,,Canada
COM01147.00,Selian,,,,Mine,Coal,Coal,Underground,2013.0,,,,,,China
COM01148.00,Senakin,,,,Mine,Coal,Bituminous coal,Open pit,,,,,,571.07,Indonesia
COM01149.00,Seneca,,,,Mine,Coal,Thermal coal,Surface,,2005.0,,,,,United States of America
COM01150.00,Sentinel,,,,Mine,Copper,Copper,,,,,,,,Zambia
COM01151.00,Sepon,,,,Mine,Copper,"Copper, Gold, Copper cathode, Silver","Open pit, Leaching, SX-EW, Carbon-in-leach",,,,,,,Laos
COM01152.00,Serra Azul,,,,Mine,Iron,Iron,Open pit,1946.0,,,,,3.75,Brazil
COM01153.00,Serra Grande,Crixas,,,Mine,Gold,Gold,,,,,,,,Brazil
COM01154.00,Serra Leste,,,,Mine,Iron,Iron,"Open Pit, Benefication Plant",,,,,,,Brazil
COM01155.00,Serra Norte,,,,Mine,Iron,Iron,"Open Pit, Benefication Plant",,,,,,,Brazil
COM01156.00,Serra Sul,,,,Mine,Iron,Iron,"Open Pit, Benefication Plant",,,,,,,Brazil
COM01157.00,Sertao Mineracao LTDA,"SML, SERTÃO MINERAÇÃO LTDA (“SML”) BRAZIL",,,Mine,Gold,Gold,,,2007.0,,,,,Brazil
COM01158.00,Seruyung,,,,Mine,Gold,Gold,Heap leaching plant,2014.0,,,,,35.6,Indonesia
COM01159.00,Sestao steel plant,,,,"Smelter, Refinery",Processing,"Steel, hot-rolled steel, pickled steel, oiled coils","electric arc furnace, continuous slab casters, hot rolling mill, pickling line",,,,,,,Spain
COM01160.00,Shaanxi Binhuang Mining Area,,,,Region,Coal,Coal,,,,,,,,China
COM01161.00,Shaanxi North Shaanxi Mining Area,,,,Region,Coal,Coal,,,,,,,,China
COM01162.00,Shaanxi Weibei Mining Area,,,,Region,Coal,Coal,,,,,,,,China
COM01163.00,Shahta No. 12,,,,Mine,Coal,Coking coal,"Open pit, Underground",,,,,,,Russian Federation
COM01164.00,Shahuindo,,,,Mine,Gold,"Gold, Silver","Open pit, Leaching plant",,,,,,73.39,Peru
COM01165.00,Shandong Huayu,,,,Smelter,Processing,Aluminium,,,,,,,,China
COM01166.00,Shanggong,"Luoyang, Luoyang Kunyu",,,Mine,Gold,"Gold, Silver",Underground,,,,,,,China
COM01167.00,Shanxi Huasheng,,,,Smelter,Processing,Aluminium,,2006.0,,,,,,China
COM01168.00,Shanxi Lu'an Mines,,,,Company,Coal,Coal,,,,,,,,China
COM01169.00,Shanxi New Material,"Shanxi Huaze, Shanxi Branch, Shanxi plant",,,"Refinery, Smelter",Processing,"Alumina, Aluminium",,2003.0,,,,,,China
COM01170.00,Shanxi Zhongrun Aluminium,,,,Smelter,Processing,Aluminium,Electrolytic cells,2015.0,,,,,,China
COM01171.00,Shatyrkul,,,,Mine,Copper,"Copper, Gold, Silver",,,,,,,,Kazakhstan
COM01172.00,Shawinigan,,,,Smelter,Processing,Aluminium,,,,,,,,Canada
COM01173.00,Sheerness,,,,Mine,Coal,Sub-bituminous coal,Surface,1984.0,,,,,,Canada
COM01174.00,Shendong Mines,"Shenhua Shendong Coal Group, Shenhua Shendong Power",,,Mine,Coal,"Coal, Thermal coal",,,,,,,,China
COM01175.00,Shengli Mines,Shenhua Beidian Shengli Energy Co.,,,Mine,Coal,Lignite,Open pit,,,,,,,China
COM01176.00,Shenhua Baotou Coal Chemical Refinery,,,,Refinery,Processing,"Polyethylene, Polypropylene",,,,,,,,China
COM01177.00,Shestaki,,,,Mine,Coal,Coking coal,Open pit,,,,,,,Russian Federation
COM01178.00,Shila-Paula,,,,Mine,Gold,"Gold, Silver",Underground,,,,,,,Peru
COM01179.00,Shilawusu,Haosheng Company,,,Mine,Coal,Thermal coal,Underground,,,,,,,China
COM01180.00,Shoal Creek,,,,Mine,Coal,Coking coal,Underground,,,,,,,United States of America
COM01181.00,Shoemaker,,,,Mine,Coal,Coal,Underground,1966.0,,,,,,United States of America
COM01182.00,Shondoni,Middelbult,,,Mine,Coal,Coal,Underground,,,,,,,South Africa
COM01183.00,Shuguang,"Jilin Hunchun Shuguang, Jilin Hunchun Zijin Mining Co, Hunchun Zijin, Hunchun",,,Mine,Gold,"Gold, Copper","Open Pit, Underground",2003.0,,,,,,China
COM01184.00,Shuiyindong,"Guizhou Zijin, Guizhou Zijin Mining Co",,,Mine,Gold,Gold,Underground,,,,,,,China
COM01185.00,Siana,,,,Mine,Gold,"Gold, Silver",Open Pit,,,,,,,Philippines
COM01186.00,Sibenergougol,,,,Mine,Coal,Thermal coal,Open pit,,,,,,,Russian Federation
COM01187.00,Sibirginsky,Sibirginskaya,,,Mine,Coal,"Coking coal, Thermal coal","Open pit, Underground",1970.0,,,,,18.8,Russian Federation
COM01188.00,Sierra Gorda,,,,Mine,Copper,"Copper, Molybdenum, Gold",Open pit,2015.0,,,,,,Chile
COM01189.00,Sierra Rutile,"Lanti, Gangama, Sembehun",,,"Mine, Refinery",Iron,"Zircon, Rutile, Ilmenite,",,,,,,,,Sierra Leone
COM01190.00,Sierrita,,,,Mine,Copper,"Copper, Molybdenum","Open pit, SX-EW",1959.0,,,,188.99023,,United States of America
COM01191.00,Siguiri,,,,Mine,Gold,Gold,Open pit,,,,,,,Guinea
COM01192.00,Silvassa,,,,Refinery,Processing,"Copper cathode, Copper rod",,,,,,,,India
COM01193.00,Silvertip,,,,Mine,Zinc,"Gold, Silver, Lead, Zinc",,,,,,,,Canada
COM01194.00,Simandou,,,,Mine,Other mine,Iron ore,Open pit,,,,,,,Guinea
COM01195.00,Simberi,,,,Mine,Gold,Gold,Open pit,2008.0,,,,,,Papua New Guinea
COM01196.00,Simoes Filho Ferroalloys plant,,,,Refinery,Processing,"ferro-silicon manganese, ferro-manganese high carbon, ferro-manganese medium carbon alloy","furnaces, converters, sintering plant",,,,,,,Brazil
COM01197.00,Sinclair,,,,Mine,Nickel,Nickel,,,,,,,,Australia
COM01198.00,Sino Iron,,,,Mine,Iron,Iron ore,Open pit,2013.0,,,,,,Australia
COM01199.00,Sishen,,,,Mine,Iron,Iron ore,,,,,,,,South Africa
COM01200.00,Sissingue,,,,Mine,Gold,Gold,"Open pit, Carbon in Leach plant",2018.0,,,,,,Cote d'Ivoire
COM01201.00,Skorpion,,,,"Mine, Refinery",Zinc,"Zinc, Zinc ingots",Open pit,2003.0,,,,,,Namibia
COM01202.00,Skyline,,,,Mine,Coal,Coal,Underground,,,,,,53.540487,United States of America
COM01203.00,Smederevo,"USSS,  U. S. Steel Serbia, USSB",,,"Refinery, Smelter",Processing,Steel,Blast furnace,,,,,,,Serbia
COM01204.00,Sohar,,,,Smelter,Processing,Aluminium,,2008.0,,,,,,Oman
COM01205.00,Soledad-Dipolos,,,,Mine,Gold,"Gold, Silver",Open pit,,2013.0,,,,,Mexico
COM01206.00,Somerville,,,,Mine,Coal,Thermal coal,Surface,,,,,,,United States of America
COM01207.00,Soral,SØRAL,,,Smelter,Processing,Aluminium,,,,,,,,Norway
COM01208.00,Sorowako,,,,Mine,Nickel,Nickel,,,,,,,,Indonesia
COM01209.00,Sossego,,,,Mine,Copper,"Copper, Gold",Open pit,2004.0,,,,,,Brazil
COM01210.00,South Eastern Coalfields Limited,SECL,,,Mine,Coal,"Coking coal, Thermal coal","Open pit, Underground",,,,,,,India
COM01211.00,South Hallsville No. 1,The Sabine Mining Company,,,Mine,Coal,Lignite,Surface,1985.0,,,,,,United States of America
COM01212.00,South Kalgoorlie,,,,Mine,Gold,Gold,"Open pit, Underground",,,,,,,Australia
COM01213.00,South Stock,,,,Mine,Coal,Thermal coal,,,,,,,,South Africa
COM01214.00,South Walker Creek,,,,Mine,Coal,Metallurgical bituminous coal,Open pit,1996.0,,,,,,Australia
COM01215.00,Southern Cross,,,,Mine,Gold,Gold,"Underground, Open pit",,2013.0,,,,,Australia
COM01216.00,Southern GOK,"PJSC Yuzhniy GOK, Yuzhniy GOK, YuGOK",,,Mine,Iron,Iron,,,,,,,,Ukraine
COM01217.00,Southern Iron,Peculiar Knob,,,Mine,Iron,Iron ore,,,2015.0,,,,,Australia
COM01218.00,Southern West Virginia Resources,,,,Mine,Coal,Coal,"Underground, Surface",,,,,,,United States of America
COM01219.00,Southstock,South Witbank,,,Mine,Coal,Coal,,,,,,,,South Africa
COM01220.00,Spinifex Ridge,,,,Mine,Iron,Iron,,,2015.0,,,,,Australia
COM01221.00,Spitzkop,,,,Mine,Coal,Coal,,,,,,,,South Africa
COM01222.00,Spring Creek,,,,Mine,Coal,Thermal coal,Surface,,,,,,,United States of America
COM01223.00,Springvale,,,,Mine,Coal,Coal,Underground,,,,,,,Australia
COM01224.00,Stagdok,,,,Mine,Other mine,Limestone,Open pit,,,,,,,Russian Federation
COM01225.00,Steelton,,,,"Smelter, Refinery",Processing,"Steel, railroad rails, flat bars","Electric arc furnace, bloom caster, ingot teaming facility",,,,,,,United States of America
COM01226.00,Stepnoy,,,,Mine,Coal,Coal,,1993.0,,,,,,Russian Federation
COM01227.00,Stillwater,East Boulder,,,Mine,Other (poly)-metallic,PGM,Underground,,,,,,,United States of America
COM01228.00,Stobie,,,,Mine,Nickel,"Nickel, Copper",,,,,,,,Canada
COM01229.00,Stoilensky,"Stoilensky GOK, SGOK, OJSC Stoilensky GOK",,,"Mine, Refinery",Iron,"Iron ore, Iron pellets","Open pit, Pelletizing facility",,,,,,,Russian Federation
COM01230.00,Storliden,,,,Mine,Zinc,"Copper, Zinc",,,2008.0,,,,,Sweden
COM01231.00,Stratford Duralie,Gloucester,,,Mine,Coal,"Semi-soft coking coal, Thermal coal",Open cut,,,,,,,Australia
COM01232.00,Sudbury Integrated Nickel Operations,Sudbury INO,,,Region,Nickel,Nickel,,,,,,,,Canada
COM01233.00,SUEK Buryatia,,,,Mine,Coal,Hard coal,,,,,,,,Russian Federation
COM01234.00,SUEK Kemerovo,,,,Mine,Coal,Hard coal,,,,,,,,Russian Federation
COM01235.00,SUEK Khabarovsk,"Urgal, Urgalugol OAO",,,Mine,Coal,Hard coal,,,,,,,,Russian Federation
COM01236.00,SUEK Khakassia,,,,Mine,Coal,Hard coal,,,,,,,,Russian Federation
COM01237.00,SUEK Krasnoyarsk,,,,Mine,Coal,Brown coal,,,,,,,,Russian Federation
COM01238.00,SUEK Primorye,Primorskugol OAO,,,Mine,Coal,"Hard coal, Brown coal",,,,,,,,Russian Federation
COM01239.00,SUEK Zabaikalye,,,,Mine,Coal,"Hard coal, Brown coal",,,,,,,,Russian Federation
COM01240.00,Sufco,,,,Mine,Coal,Coal,Underground,,,,,,111.492095,United States of America
COM01241.00,Sukari,,,,Mine,Gold,Gold,"Open pit, Underground",,,,,,160.0,Egypt
COM01242.00,Sukha Balka,,,,Mine,Iron,Iron ore,Underground,,,,,,,Ukraine
COM01243.00,Sunrise Dam,,,,Mine,Gold,Gold,,,,,,,,Australia
COM01244.00,Sycamore and Imperial,"Wolf Run Mining Buckhannon Division, Buckhannon Division, Sycamore No.2, Buckhannon/Spruce Division",,,Mine,Coal,"Coal, Metallurgical coal, Thermal coal",Underground,,,,,,,United States of America
COM01245.00,Syferfontein,,,,Mine,Coal,Coal,Underground,,,,,,,South Africa
COM01246.00,Tabang Project,Tabang Concessions,,,Mine,Coal,Sub-bituminous coal,Open pit,,,,,,,Indonesia
COM01247.00,Taca Taca,,,,Mine,Other mine,"Copper, Gold, Molybdenum",,,,Advanced exploration,2018.0,,,Argentina
COM01248.00,Taganito,TMC,,,Mine,Other (poly)-metallic,Nickel,,,,,,,,Philippines
COM01249.00,Taganito HPAL Nickel Corporation,,,,Refinery,Processing,Refined Nickel,High Pressure Acid Leaching plant,2013.0,,,,,,Philippines
COM01250.00,Tahmoor,,,,Mine,Coal,"Metallurgical coal, Thermal coal",Underground,,,,,,,Australia
COM01251.00,Tajo Norte,Colquijirca,,,Mine,Zinc,"Zinc, Lead, Silver",Open Pit,,,,,,,Peru
COM01252.00,Talabira,,,,Mine,Coal,Coal,Open pit,,,,,,,India
COM01253.00,Taldybulak Levoberezhny,"Altynken, Altynken LLC",,,Mine,Gold,Gold,Underground,2006.0,,,,,,Kyrgyzstan
COM01254.00,Tallering Peak,,,,Mine,Iron,Iron ore,,2003.0,2015.0,,,,,Australia
COM01255.00,Tambomayo,,,,Mine,Gold,"Gold, Silver, Lead, Zinc",Underground,2016.0,,,,,,Peru
COM01256.00,Tanami,,,,Mine,Gold,Gold,Underground,1983.0,,,,,,Australia
COM01257.00,Tanjung Enim,"Tanjung Enim Mining Unit, UPTE",,,Mine,Coal,Coal,Open pit,,,,,,650.98,Indonesia
COM01258.00,Tantahuatay,Coimolache,,,Mine,Gold,"Gold, Silver",Open Pit,2011.0,,,,,,Peru
COM01259.00,Tapira,,,,Mine,Other mine,Phosphate,Open pit,,,,,,,Brazil
COM01260.00,Taquari-Vassouras,,,,Mine,Other (poly)-metallic,Potash,Underground,,,,,,,Brazil
COM01261.00,Tara,,,,Mine,Zinc,"Zinc, Lead, Silver",Underground,,,,,,,Ireland
COM01262.00,Taranto steel plant,Ilva,,,"Smelter, Refinery",Processing,Steel,,,,,,,,Italy
COM01263.00,Tarong,,,,Mine,Coal,"Coal, Thermal coal",,,,,,,,Australia
COM01264.00,Tashan,,,,Mine,Coal,Coal,Underground,2006.0,,,,,,China
COM01265.00,Tasiast,,,,Mine,Other (poly)-metallic,Gold,Open pit,,,,,,,Mauritania
COM01266.00,Tau Lekoa,,,,Mine,Gold,Gold,,,,,,,,South Africa
COM01267.00,TauTona,,,,Mine,Gold,Gold,Underground,,2017.0,,,,,South Africa
COM01268.00,Tayan,,,,"Mine, Refinery",Aluminium,"Bauxite, Chemical grade Alumina, Aluminium hydroxide","Bayer process plant, Open pit",2009.0,,,,,,Indonesia
COM01269.00,Teguh Sinarabadi and Firman Ketaun Perkasa,"TSA, PT Teguh Sinarabadi, FKP, PT Firman Ketaun Perkasa, TSA/FKP",,,Mine,Coal,Bituminous coal,Open pit,2007.0,,,,,162.15,Indonesia
COM01270.00,Telfer,,,,Mine,Gold,"Gold, Copper, Silver","Open pit, Underground",,,,,,,Australia
COM01271.00,TEMCO,Tasmanian Electro Metallurgical Company,,,Smelter,Processing,"High-carbon Ferromanganese, silicomanganese, sinter",,,,,,,,Australia
COM01272.00,Temirtau steel plant,"Ispat Karmet, ArcelorMittal Temirtau JSC",,,"Smelter, Refinery",Processing,"Steel, pig iron, continuous caster slab, continuous caster billet, hot-rolled coil, cold-rolled coil cold-rolled sheets, black plates, covers, tin plates, hot dipped galvanized steel, welded pipes and rebars","coke oven batteries, sinter plant, blast furnaces, basic oxygen converter, continuous slab caster, continuous billet caster, hot strip mill, pickling lines, cold rolling mill, continuous annealing lines, batch annealing areas, skin pass mill, tinning line, hot dip galvanizing line, aluminum-zinc coating lines, color coating line, welded pipe mill, bar mill",,,,,,,Kazakhstan
COM01273.00,Tenke Fungurume,"TFM, Tenke",,,Mine,Copper,"Copper, Cobalt",Open pit,2009.0,,,,,,DR Congo
COM01274.00,Thabazimbi,,,,Mine,Iron,Iron ore,,,,,,,,South Africa
COM01275.00,Thalanga,"Vomacka, West 45, Waterloo",,,Mine,Copper,"Copper, Lead, Zinc, Gold, Silver",,,,,,,,Australia
COM01276.00,The Boliden Area,,,,Mine,Zinc,"Copper, Zinc, Lead, Silver, Gold, Tellurium",,,,,,,,Sweden
COM01277.00,Thompson,,,,Mine,Nickel,Nickel,,,,,,,,Canada
COM01278.00,Thunderbox,TBO,,,Mine,Gold,Gold,,2016.0,,,,,,Australia
COM01279.00,Tia Maria,,,,Mine,Other mine,Copper,,,,in development,,,,Peru
COM01280.00,Tianchi,Shanxi Nenghua,,,Mine,Coal,Thermal coal,Underground,2006.0,,,,,,China
COM01281.00,Tiandeng,,,,"Mine, Refinery",Other (poly)-metallic,"Manganese, Electrolytic manganese metal",Open pit,1956.0,,,,,,China
COM01282.00,Tilden,,,,Mine,Iron,"Iron, Iron ore pellets",Open pit,1974.0,,,,,,United States of America
COM01283.00,Timan,"Vezhayu-Vorykvinskoye, Verkhne-Schugorskoye, Boksit Timana, JSC Bauxite-Timana",,,Mine,Aluminium,Bauxite,Open pit,,,,,,,Russian Federation
COM01284.00,Timmins West & Bell Creek,,,,Mine,Gold,Gold,Underground,2011.0,,,,,17.12,Canada
COM01285.00,Tiwai Point,,,,Smelter,Processing,Aluminium,,,,,,,,New Zealand
COM01286.00,Tohono,,,,Mine,Copper,Copper,,,,,,,,United States of America
COM01287.00,Tomago,,,,Smelter,Processing,Aluminium,,,,,,,,Australia
COM01288.00,Tomusinsky,,,,Mine,Coal,"Coking coal, Thermal coal",Open pit,1959.0,,,,,6.7,Russian Federation
COM01289.00,Tongon,,,,Mine,Other mine,Gold,,,,,,,,Cote d'Ivoire
COM01290.00,Toquepala,,,,Mine,Copper,"Copper, Molybdenum, Copper Cathode, Silver","Open pit, SX-EW plant",1960.0,,,,,,Peru
COM01291.00,Totten,,,,Mine,Nickel,"Nickel, Copper",,,,,,,,Canada
COM01292.00,Touquoy,Atlantic Gold operation,,,Mine,Gold,Gold,"Open pit, Carbon in Leach circuit",2017.0,,,,,,Canada
COM01293.00,Trail Operations,,,,"Refinery, Smelter",Processing,"Zinc, Lead",,,,,,,,Canada
COM01294.00,Tres Valles,,,,Mine,Copper,Copper,"Open Pit, Underground",,,,,,,Chile
COM01295.00,Tritton,Tritton Copper Operations,,,Mine,Copper,"Copper, Gold, Silver",Underground,2004.0,,,,,,Australia
COM01296.00,Tropicana,,,,Mine,Gold,Gold,,,,,,,,Australia
COM01297.00,Tselentis,,,,Mine,Coal,Coal,,,,,,,,South Africa
COM01298.00,Tshikondeni,,,,Mine,Coal,Metallurgical coal,,,,,,,,South Africa
COM01299.00,Tuhup,PT Asmin Koalindo Tuhup,,,Mine,Coal,Metallurgical coal,,2009.0,,,,9.167300000000001,216.3,Indonesia
COM01300.00,Tujuh Bukit,,,,Mine,Gold,"Gold, Copper","Open pit, leaching plant",2017.0,,,,,,Indonesia
COM01301.00,Tulawaka,,,,Mine,Gold,Gold,"Open Pit, Underground",,2013.0,inactive,2020.0,,,Tanzania
COM01302.00,Tunnel Ridge Complex,,,,Mine,Coal,Coal,Underground,2010.0,,,,,,United States of America
COM01303.00,Tuscarawas,"East Canton, Garrett, Schupp, Hunt",,,Mine,Coal,Bituminous coal,Surface,2003.0,,,,,,United States of America
COM01304.00,Tusky,,,,Mine,Other mine,Bituminous coal,Surface,2003.0,,,,,,United States of America
COM01305.00,Tuticorin,,,,"Refinery, Smelter",Processing,"Copper rod, Copper anode, Copper cathode, Sulphuric acid, Phosphoric acid",,,,,,,,India
COM01306.00,Tweefontein,,,,Mine,Coal,Thermal coal,,,,,,,,South Africa
COM01307.00,Twentymile,,,,Mine,Coal,Thermal coal,Underground,,,,,,,United States of America
COM01308.00,Twin Creeks Operation,Turquise Ridge Operations,,,Mine,Gold,Gold,"Open pit, Underground",,,,,,,United States of America
COM01309.00,Twistdraai Thubelisha,"Twistdraai, Thubelisha shaft",,,Mine,Coal,Coal,Underground,,,,,,,South Africa
COM01310.00,Two Rivers,,,,Mine,Other (poly)-metallic,"Platinum, Palladium, Rhodium, Ruthenium, Iridium, Gold, Nickel, Copper, Chrome",Underground,2007.0,,,,,,South Africa
COM01311.00,Tyrone,,,,Mine,Copper,Copper,"Open pit, SX-EW",1967.0,,,,125.85858999999999,,United States of America
COM01312.00,U. S. Steel Kosice,USSK,,,"Refinery, Smelter",Processing,Steel,,,,,,,,Slovakia
COM01313.00,Ubuntu,,,,Mine,Coal,Thermal coal,,2020.0,,,,,,South Africa
COM01314.00,Uchucchacua,,,,Mine,Silver,"Silver, Lead, Zinc, Manganese",Underground,1975.0,,,,,,Peru
COM01315.00,Ulan,,,,Mine,Coal,Thermal coal,"Underground, Open pit",,,,,,,Australia
COM01316.00,Union Reefs,,,,Mine,Gold,Gold,,,2004.0,,,,,Australia
COM01317.00,United,,,,Mine,Coal,Coal,,,,,,,,Australia
COM01318.00,United Coal Company,,,,Region,Coal,"Coking coal, Thermal coal","Undergroung, Open pit",,,,,,,United States of America
COM01319.00,United Taconite,,,,Mine,Iron,"Iron, Iron ore pellets",Open pit,1965.0,,,,,,United States of America
COM01320.00,Unki,,,,Mine,Other (poly)-metallic,"Platinum, Palladium",,,,,,,,Zimbabwe
COM01321.00,Ural Steel,,,,"Refinery, Smelter",Processing,"Pig Iron, Steel","Sinter Plant, Blast furnace",1955.0,,,,,,Russian Federation
COM01322.00,Urals Works,"Urals Aluminium Smelter, Urals Alumina Refinery",,,"Refinery, Smelter",Processing,"Alumina, Alumina hydrate, Aluminium",Bayer process plant,1939.0,,,,,,Russian Federation
COM01323.00,Urucum,,,,Mine,Iron,"Iron, Manganese","Open Pit, Underground, Benefication Plant",,,,,,,Brazil
COM01324.00,V.I. Lenina,,,,Mine,Coal,Coking coal,Underground,1953.0,,,,,11.2,Russian Federation
COM01325.00,Vale New Caledonia,,,,Mine,Nickel,Nickel,,,,,,,,New Caledonia
COM01326.00,Vale Oman Pellet Operation,,,,Refinery,Processing,Iron ore pellets,,,,,,,,Oman
COM01327.00,Vale Tubarao,,,,Refinery,Processing,Iron ore pellets,,,,,,,,Brazil
COM01328.00,Valesul,,,,Smelter,Processing,Aluminium,,,,,,,,Brazil
COM01329.00,Vargem Grande,,,,"Mine, Refinery",Iron,"Iron, Iron ore pellets","Open Pit, Benefication Plant",,,,,,,Brazil
COM01330.00,Vedanta Goa mines,,,,Region,Iron,Iron ore,Open pit,,,,,,,India
COM01331.00,Veladero,,,,Mine,Gold,Gold,,,,,,,,Argentina
COM01332.00,Ventanas,División Ventanas,,,"Smelter, Refinery",Processing,Copper cathodes,,1964.0,,,,,,Chile
COM01333.00,Vergenoeg,,,,Mine,Other mine,Fluorspar,,,,,,,,South Africa
COM01334.00,Viking,,,,Mine,Coal,Thermal coal,Surface,,2014.0,,,,,United States of America
COM01335.00,Vindex,Vindex Energy Corporation,,,Mine,Coal,"Metallurgical coa, Thermal coal",Surface,,2016.0,,,,165.51821,United States of America
COM01336.00,Vinogradovsky,,,,Mine,Coal,Coal,Open pit,,,,,,,Russian Federation
COM01337.00,Vinton,,,,"Smelter, Refinery",Processing,"Steel, rebar, grinding balls","Electric arc furnace, continuous caster, rolling mill",,,,,,,United States of America
COM01338.00,Viper,"Illinois, ICG Illinois",,,Mine,Coal,Thermal coal,Underground,,,,,,,United States of America
COM01339.00,Vizag,,,,Smelter,Processing,Refined Zinc,"Hydrometallurgical zinc smelter, Sulphuric acid plant",1977.0,2012.0,,,,,India
COM01340.00,Volgograd Aluminium Smelter,,,,Smelter,Processing,"Aluminium, Aluminium ingots, flotation cryolite, anode mass, green and fired anode blocks",,1959.0,,,,,,Russian Federation
COM01341.00,Volkhov Aluminium Smelter,,,,Smelter,Processing,Aluminium,,,2013.0,,,,,Russian Federation
COM01342.00,Vorkutaugol,OAO Vorkutaugol,,,Mine,Coal,"Hard coking coal, Semi-soft coking coal, Thermal coal, Coking coal concentrate","Open pit, Underground",1933.0,,,,,,Russian Federation
COM01343.00,VP-8,VP 8,,,Mine,Coal,Coal,Underground,1993.0,,,,,,United States of America
COM01344.00,Vygenhoek,,,,Mine,Other mine,PGM,,,,Project,2018.0,,,South Africa
COM01345.00,Wabush,Wabush Scully,,,Mine,Iron,"Iron, Iron ore pellets",Open pit,1965.0,2014.0,,,,,Canada
COM01346.00,Wafi-Golpu,,,,Mine,Other mine,"Copper, Gold","Open pit, Underground",,,Exploration,2018.0,,,Papua New Guinea
COM01347.00,Wagerup Alumina Refinery,,,,Refinery,Processing,Alumina,,,,,,,,Australia
COM01348.00,Wahana Baratama,"WBM, PT Wahana Baratama Mining",,,Mine,Coal,Bituminous coal,Open pit,2007.0,,,,,78.11,Indonesia
COM01349.00,Waifu,,,,Mine,Other mine,Manganese,,,,,,,,China
COM01350.00,Waihi,,,,Mine,Gold,Gold,"Open Pit, Underground",1988.0,,,,,,New Zealand
COM01351.00,Wambo,,,,Mine,Coal,"Thermal coal, Coking coal","Surface, Underground",,,,,,,Australia
COM01352.00,Warrick Aluminium Smelter,,,,Smelter,Processing,Aluminium,,,,,,,,United States of America
COM01353.00,Warrior Complex,Warrior Coal,,,Mine,Coal,Coal,Underground,1985.0,,,,,,United States of America
COM01354.00,Watagan,,,,Company,Coal,"Semi-soft coking coal, Semi-hard coking coal",,,,,,,,Australia
COM01355.00,Weipa,Weipa/Ely,,,Mine,Aluminium,"Bauxite, Aluminium",,,,,,,,Australia
COM01356.00,Wells,"Black Stallion, Campbell’s Creek No. 10, River’s Edge",,,Mine,Coal,Metallurgical coal,Underground,,,,,,,United States of America
COM01357.00,Wenatchee Aluminium Smelter,,,,Smelter,Processing,Aluminium,,,,,,,,United States of America
COM01358.00,Wenyu,Inner Mongolia Xintai,,,Mine,Coal,Thermal coal,Underground,1997.0,,,,9.4,,China
COM01359.00,Werris Creek,,,,Mine,Coal,Coal,Open cut,2005.0,,active,2020.0,,,Australia
COM01360.00,West Elk,,,,Mine,Coal,Thermal coal,Underground,,,,,,,United States of America
COM01361.00,West Wallsend,,,,Mine,Coal,"Metallurgical coal, Thermal coal",Underground,,2016.0,,,,,Australia
COM01362.00,Western Allegheny,Western Allegheny–Knob Creek,,,Mine,Coal,Coal,Underground,,,,,,,United States of America
COM01363.00,Western Coalfields Limited,WCL,,,Mine,Coal,"Coking coal, Thermal coal","Open pit, Underground",,,,,,,India
COM01364.00,Western Range Project,"ArcelorMittal Liberia, AMLH",,,Mine,Iron,Iron,Open pit,2011.0,,,,,,Liberia
COM01365.00,Westside,,,,Mine,Coal,Thermal coal,Open pit,1992.0,2012.0,,,,,Australia
COM01366.00,Wetar,Wetar/Morowali,,,Mine,Copper,Copper,"Open pit, SX-EW plant",2010.0,,,,,,Indonesia
COM01367.00,Wharf,Golden Reward,,,Mine,Gold,Gold,,,,,,,,United States of America
COM01368.00,Whim Creek,,,,Mine,Copper,Copper,"Open pit, SX-EW",2005.0,,,,,,Australia
COM01369.00,Whitewood,,,,Mine,Coal,Thermal coal,,1956.0,2010.0,,,,,Canada
COM01370.00,Wild Boar,,,,Mine,Coal,Thermal coal,Surface,,,,,,,United States of America
COM01371.00,Wildcat Hills/Cottage Grove,Sugar Camp Coal,,,Mine,Coal,Thermal coal,"Underground, Surface",,2019.0,,,,,United States of America
COM01372.00,Wilkie Creek,,,,Mine,Coal,Thermal coal,Surface,,2010.0,,,,,Australia
COM01373.00,Wilpinjong,,,,Mine,Coal,Thermal coal,Surface,2006.0,,,,,,Australia
COM01374.00,Wiluna,,,,Mine,Gold,Gold,"Open pit, Underground",2016.0,,,,,,Australia
COM01375.00,Windalco,,,,"Mine, Refinery",Aluminium,"Bauxite, Alumina, Alumina hydrate",Open pit,,,,,,,Jamaica
COM01376.00,Windsor,,,,Mine,Coal,Coal,Underground,,2002.0,,,,,United States of America
COM01377.00,Wodgina,,,,Mine,Other (poly)-metallic,Lithium,,,,,,,,Australia
COM01378.00,Worsley,Boddington Bauxite mine,,,"Mine, Refinery",Other mine,"Alumina, Bauxite",,,,,,,,Australia
COM01379.00,Wulagen,"Xinjiang Zijin Zinc Industry, Wuqia Jinwang, Wuqia County Jinwang Mining Development Company Limited",,,Mine,Zinc,"Zinc, Lead",Open Pit,,,,,,,China
COM01380.00,Xiaoguan,,,,Mine,Aluminium,Bauxite,"Open pit, Underground",,,active,2019.0,,,China
COM01381.00,Xiaoyi,,,,Mine,Aluminium,Bauxite,Open pit,,,active,2019.0,,,China
COM01382.00,Xinghua Technology,,,,Refinery,Processing,Alumina,,,,,,,,China
COM01383.00,Xinji Mining Area,,,,Mine,Coal,Coal,,,,,,,,China
COM01384.00,Xinjiang Jinbao,"Xinjiang Jinbao Mining Company Limited, Xinjiang Jinbao Mengku Iron Mine, Xinjiang Mengku Iron Mine",,,Mine,Iron,Iron ore,,2004.0,,,,,,China
COM01385.00,Xuchang,Yuzhong,,,Mine,Aluminium,Bauxite,"Open pit, Underground",,,active,2019.0,,,China
COM01386.00,Yabulu,,,,Refinery,Processing,"Nickel, Cobalt",,,,,,,,Australia
COM01387.00,Yakovlevskiy,"Yakovlevsky GOK, Yakovlev",,,Mine,Iron,Iron,,1997.0,,,,,,Russian Federation
COM01388.00,Yanacocha,,,,Mine,Gold,"Gold, Silver","Open pit, Underground",1993.0,,,,,1218.1169,Peru
COM01389.00,Yancoal International,,,,Mine,Coal,Thermal coal,Open pit,,,,,,,Australia
COM01390.00,Yandi,Yandi Joint venture,,,Mine,Iron,Iron,Open pit,1992.0,,,,,,Australia
COM01391.00,Yangcun,,,,Mine,Coal,Thermal coal,Underground,1988.0,,,,,,China
COM01392.00,Yangquan,,,,Mine,Aluminium,Bauxite,Open pit,,,active,2019.0,,,China
COM01393.00,Yankuang metallurgic coke plant,,,,Refinery,Processing,"Metallurgical coke, methanol, tar oil, benzene",,,,,,,,China
COM01394.00,Yanzhou Shandong Area,The Company,,,Region,Coal,Thermal coal,Underground,,,,,,,China
COM01395.00,Yarrabee,,,,Mine,Coal,Semi-anthracite pulverised coal injection (PCI) coal,Open cut,,,,,,,Australia
COM01396.00,Yarwun,Comalco Alumina Refinery,,,Refinery,Processing,Alumina,,2004.0,,,,,,Australia
COM01397.00,Yatela,,,,Mine,Gold,Gold,Heap leaching plant,,,,,,,Mali
COM01398.00,Yauli,Yauli UEA,,,Mine,Zinc,"Zinc, Silver, Lead, Copper","Open pit, Underground",,,,,,,Peru
COM01399.00,Yauricocha,,,,Mine,Zinc,"Silver, Gold, Zinc, Lead, Copper",Underground,1948.0,,,,,,Peru
COM01400.00,Yenakiieve Steel,PrJSC Yenakiieve Iron and Steel Works,,,"Refinery, Smelter",Processing,"Iron, Steel",,,,,,,,Ukraine
COM01401.00,Yilgarn Project,,,,Mine,Iron,Iron,,,,,,,,Australia
COM01402.00,Yintai Inner Mongolia,,,,Mine,Coal,Coal,,,,,,,,China
COM01403.00,Yixingzhai,"Shanxi Zijin Yixingzhai, Fanshi Yixingzhai Gold Mining Company Limited, Shanxi Zijin",,,Mine,Gold,"Gold, Silver",Underground,,,,,,,China
COM01404.00,Yubileyno-Snegirikhinsky,,,,Mine,Copper,"Copper, Zinc, Gold, Silver",,,2016.0,,,,,Kazakhstan
COM01405.00,Yueyang,"Fujian Wuping Zijin Mining Company Limited, Wuping Zijin",,,Mine,Silver,Silver,,,,,,,,China
COM01406.00,Yunnan Huaxi,"Yunnan Huaxi Mining Company Limited, Yuanyang Huaxi",,,Mine,Silver,Silver,,,,,,,,China
COM01407.00,Yuzhkuzbassugol,,,,Mine,Coal,Metallurgical coal,,,,,,,,Russian Federation
COM01408.00,Yuzhnaya,,,,Mine,Coal,Coking coal,Underground,,,,,,,Russian Federation
COM01409.00,Zafranal,,,,Mine,Other mine,"Gold, Copper",,,,,,,,Peru
COM01410.00,Zaldivar,,,,Mine,Copper,"Copper, Copper cathodes",,,,,,,,Chile
COM01411.00,Zaporizhia Coke,PrJSC Zaporozhcoke,,,Refinery,Processing,Coke,,,,,,,,Ukraine
COM01412.00,Zaporizhstal,Zaporizhstal Group,,,Smelter,Processing,Steel,Blast furnace,,,,,,,Ukraine
COM01413.00,Zaporozhye Alumina Refinery,,,,Refinery,Processing,Alumina,,,,,,,,Ukraine
COM01414.00,Zaragoza steel plant,,,,"Smelter, Refinery",Processing,"Steel, steel rebar, merchant bar","Electric arc furnace, continuous caster, rolling mill",,,,,,,Spain
COM01415.00,Zarechnaya,North-Polysaevskaya,,,Mine,Coal,Coal,Underground,1953.0,,,,,,Russian Federation
COM01416.00,Zawar,,,,Mine,Zinc,"Lead, Zinc",Underground,,,,,,,India
COM01417.00,Zenica steel plant,,,,"Smelter, Refinery",Processing,"Steel, long steel, forged steel","Coke oven batteries, sinter plant, electric arc furnace, blast furnace, basic oxygen converter, continuous caster, ingot caster, rolling mills, forge shop, power plant",,,,,,,Bosnia and Herzegovina
COM01418.00,Zeravshan,"JV Zeravshan LLC, ZGC",,,Mine,Gold,Gold,"Open Pit, Underground",2007.0,,,,,,Tajikistan
COM01419.00,Zhaolou,"Heze Nenghua, Heze Neng Hua Company Ltd.",,,Mine,Coal,Coking coal,Underground,2009.0,,,,,,China
COM01420.00,Zhengzhou Institute,Research Institute,,,"Refinery, Smelter",Processing,"Alumina, Aluminium",,,,,,,,China
COM01421.00,Zhezkazgan Annensky,Annensky,,,Mine,Copper,"Copper, Silver",,,,,,,,Kazakhstan
COM01422.00,Zhezkazgan East and West,,,,Mine,Copper,"Copper, Silver",,,,,,,,Kazakhstan
COM01423.00,Zhezkazgan North,,,,Mine,Copper,"Copper, Silver",,,,,,,,Kazakhstan
COM01424.00,Zhezkazgan Smelter,,,,Smelter,Processing,"Copper cathodes, Copper rod",,,,,,,,Kazakhstan
COM01425.00,Zhezkazgan South and Stepnoy,,,,Mine,Copper,"Copper, Silver",,,,,,,,Kazakhstan
COM01426.00,Zhezkazgan Zhomart,Zhomart,,,Mine,Copper,"Copper, Silver",,,,,,,,Kazakhstan
COM01427.00,Zhongzhou Aluminum,"Zhongzhou branch, Chalco Zhongzhou",,,Refinery,Processing,Alumina,,1993.0,,,,,,China
COM01428.00,Zhunge’er Mines,Shenhua Zhunge’er Energy Co.,,,Mine,Coal,"Coal, Long flame coal",Open pit,,,,,,,China
COM01429.00,Zibulo,Zondagsfontein,,,Mine,Coal,Thermal coal,,,,,,,,South Africa
COM01430.00,Zijinshan,Fujian Zijinshan,,,Mine,Gold,"Gold, Copper, Copper cathodes, Silver",Open Pit,1980.0,,,,30.0,,China
COM01431.00,Zincor,,,,Refinery,Processing,Zinc,,,,,,,,South Africa
COM01432.00,Zinkgruvan,,,,Mine,Zinc,"Lead, Silver, Copper, Zinc",,1857.0,,,,,,Sweden
COM01433.00,Zondernaam,,,,Mine,Other mine,PGM,,,,Project,2018.0,,,South Africa
COM01434.00,Zululand Anthracite Collieries,,,,Mine,Coal,Thermal coal,,,,,,,,South Africa
COM01435.00,Zunyi,"Zunyi Alumina, Zunyi Aluminum",,,"Mine, Refinery, Smelter",Aluminium,"Bauxite, Alumina, Aluminium","Open pit, Underground",,,active,2019.0,,,China
COM00007.01,AGA Mineracao,,Cuiaba,,Mine,Gold,Gold,Underground,,,,,,,Brazil
COM00007.02,AGA Mineracao,,Lamego,,Mine,Gold,Gold,Underground,,,,,,,Brazil
COM00007.03,AGA Mineracao,,Corrego do Sitio 1,,Mine,Gold,Gold,"Open pit, Underground",1989.0,,,,,,Brazil
COM00007.04,AGA Mineracao,,Corrego do Sitio 2,,Mine,Gold,Gold,"Open pit, Underground",1989.0,,,,,,Brazil
COM00009.01,Ahafo,,Ahafo South,,Mine,Gold,Gold,"Open pit, Underground",,,,,,,Ghana
COM00009.02,Ahafo,,Ahafo North,,Mine,Gold,Gold,,,,,,,,Ghana
COM00010.01,AHMSA Monclova Steel Plant,,AHMSA Monclova Steel Plant 1,,"Smelter, Refinery",Processing,Crude Steel,,,,,,,,Mexico
COM00010.02,AHMSA Monclova Steel Plant,,AHMSA Monclova Steel Plant 2,,"Smelter, Refinery",Processing,Crude Steel,,,,,,,,Mexico
COM00024.01,Alpamarca,,Rio Pallanga,,Mine,Silver,,Underground,,,,,,,Peru
COM00024.02,Alpamarca,,Alpamarca,,Mine,Silver,,Open pit,,,,,,,Peru
COM00024.03,Alpamarca,,Romina-Puagjanca,,Mine,Silver,,,,,,,,,Peru
COM00038.01,Amurugol AO,,Erkovetskiy,,Mine,Coal,Coal,Open pit,,,,,,,Russian Federation
COM00038.02,Amurugol AO,,Severo-Vostochniy,,Mine,Coal,Coal,Open pit,,,,,,,Russian Federation
COM00049.01,Antapaccay,,Tintaya,,Mine,Copper,Copper,,,2012.0,,,,,Peru
COM00049.02,Antapaccay,,Coroccohuayco,,Mine,Copper,Copper,,,,,,,,Peru
COM00055.01,Anyuan,,Anyuan,,Mine,Coal,Thermal coal,,2004.0,,,,,,China
COM00055.02,Anyuan,,Zhuanlongwan,,Mine,Coal,Thermal coal,,2016.0,,,,,,China
COM00061.01,ArcelorMittal Gipuzkoa,,Olaberria,,"Smelter, Refinery",Processing,"Electric arc furnace, continuous casters, section rolling mill",,,,,,,,Spain
COM00061.02,ArcelorMittal Gipuzkoa,,Bergara,,"Smelter, Refinery",Processing,"Electric arc furnace, continuous casters, rolling mill",,,,,,,,Spain
COM00061.03,ArcelorMittal Gipuzkoa,,Zumarraga,,"Smelter, Refinery",Processing,"Electric arc furnace, continuous casters, wire rod rolling mill, bar rolling mill",,,,,,,,Spain
COM00070.01,Arvida,,Arvida AP60,,Smelter,Processing,Aluminium high purity,,,,,,,,Canada
COM00070.02,Arvida,,Arvida,,Smelter,Processing,Aluminium,,,,,,,,Canada
COM00086.01,Bakan,,Bakan,,Mine,Gold,Gold,Heap leaching plant,2013.0,,,,,,Indonesia
COM00086.02,Bakan,,North Lanut,,Mine,Gold,Gold,Heap leaching plant,2004.0,,,,,,Indonesia
COM00087.01,Balangan,,PT Semesta Centramas (SCM),,Mine,Coal,Coal,,,,,,,,Indonesia
COM00087.02,Balangan,,PT Laskar Semesta Alam (LSA),,Mine,Coal,Coal,,,,,,,,Indonesia
COM00087.03,Balangan,,PT Paramitha Cipta Sarana (PCS),,Mine,Coal,Coal,,,,,,,,Indonesia
COM00095.01,Baotou Mines,,Shuiquan,Shuiquan Open-cut Mine,Mine,Coal,Coal,,,,,,,,China
COM00095.02,Baotou Mines,,Adaohai,,Mine,Coal,Coal,,,,,,,,China
COM00095.03,Baotou Mines,,Lijiahao,,Mine,Coal,Coal,,,,,,,,China
COM00098.01,Barberton,,Fairview,,Mine,Gold,Gold,,,,,,,,South Africa
COM00098.02,Barberton,,Sheba,,Mine,Gold,Gold,,,,,,,,South Africa
COM00098.03,Barberton,,Consort,,Mine,Gold,Gold,,,,,,,,South Africa
COM00106.01,Bauxite Company of Guyana,,Linden,,Mine,Aluminium,Bauxite,,,,,,,,Guyana
COM00106.02,Bauxite Company of Guyana,,Kwakwani,,Mine,Aluminium,Bauxite,,,,,,,,Guyana
COM00106.03,Bauxite Company of Guyana,,Ituni,,Mine,Aluminium,Bauxite,,,,,,,,Guyana
COM00125.01,Berezovskaya,,Pervomayskaya,,Mine,Coal,Metallurgical coal,,1975.0,,,,,,Russian Federation
COM00129.01,Bharat Coking Coal Limited,,Barora,"Muraidih, Phularitand, Damod, Madhuband",Mine,Coal,Coal,"Open pit, Underground",,,,,,,India
COM00129.02,Bharat Coking Coal Limited,,Block II,"Block 2, Nudkhurkee, Benedih, Jamunia,",Mine,Coal,"Coking coal, Steam coal",,,,,,,,India
COM00129.03,Bharat Coking Coal Limited,,Govindpur,"Katrasgarh, Maheshpur, Kharkhari, Nawagarh, Tundoo",Mine,Coal,Coal,,,,,,,,India
COM00129.04,Bharat Coking Coal Limited,,Katras,"Salanpur, Angarapathra – Ramkanali, West Mudidih-Keshalpur, Gaslitand Katras Chaitudih",Mine,Coal,Coal,"Open pit, Underground",,,,,,,India
COM00129.05,Bharat Coking Coal Limited,,Sijua,"Mudidih, Kankanee, Loyabad, Bansdeopur, Sendra Bansjora, Tetulmari, Nichitpur",Mine,Coal,Coal,,,,,,,,India
COM00129.06,Bharat Coking Coal Limited,,Kusunda,"East Bassuriya, Gondudih Khas Kusunda, New Godhar Kusunda Alkusa, Dhansar Industry, Ena",Mine,Coal,Coal,,,,,,,,India
COM00129.07,Bharat Coking Coal Limited,,PB Area,"Putkee Balihari Project, P.B.Project, KB.10/12, Bhagaband, Gopalichak, Kenduadia",Mine,Coal,Coal,,,,,,,,India
COM00129.08,Bharat Coking Coal Limited,,WJ Area,,Mine,Coal,Coal,,,,,,,,India
COM00129.09,Bharat Coking Coal Limited,,Bastacolla,,Mine,Coal,Coal,,,,,,,,India
COM00129.10,Bharat Coking Coal Limited,,Lodna,,Mine,Coal,Coal,,,,,,,,India
COM00129.11,Bharat Coking Coal Limited,,EJ Area,,Mine,Coal,Coal,,,,,,,,India
COM00129.12,Bharat Coking Coal Limited,,Canch/Victoria,,Mine,Coal,Coal,,,,,,,,India
COM00134.01,Binungan,,Site Binungan,,Mine,Coal,Coal,,,,,,,,Indonesia
COM00134.02,Binungan,,Site Binungan 2,,Mine,Coal,Coal,,,,,,,,Indonesia
COM00134.03,Binungan,,Binungan,,Mine,Coal,Coal,,,,,,,,Indonesia
COM00139.01,Black Mountain,,Black Mountain,,Mine,Other (poly)-metallic,"Zinc, Copper, Lead, Silver",Underground,,,,,,,South Africa
COM00139.02,Black Mountain,,Gamsberg,,Mine,Other (poly)-metallic,"Zinc, Copper, Lead, Silver",Open pit,2019.0,,,,,,South Africa
COM00141.01,Black Thunder,,Black Thunder,,Mine,Coal,Thermal coal,,,,,,,,United States of America
COM00141.02,Black Thunder,,Jacobs Ranch,,Mine,Coal,Thermal coal,,,,,,,,United States of America
COM00148.01,Bluegrass,,Freedom,,Mine,Coal,Thermal coal,Underground,,,,,,,United States of America
COM00148.02,Bluegrass,,Patriot,,Mine,Coal,Thermal coal,Surface,,,,,,,United States of America
COM00181.01,Burbanks,,Coogee,,Mine,Gold,Gold,,,,,,,,Australia
COM00181.02,Burbanks,,Wattle Dam,,Mine,Gold,Gold,Underground,,,,,,,Australia
COM00188.01,Bystrinsky GOK,,Verkhneildikansky,,Mine,Copper,,Open pit,,,,,,,Russian Federation
COM00188.02,Bystrinsky GOK,,Bystrinsky-2,,Mine,Copper,,Open pit,,,,,,,Russian Federation
COM00190.01,Cadia,,Cadia Hill,,Mine,Gold,,,,,,,,,Australia
COM00190.02,Cadia,,Ridgeway,,Mine,Gold,,,,,,,,,Australia
COM00190.03,Cadia,,Cadia East,,Mine,Gold,,,,,,,,,Australia
COM00190.04,Cadia,,Cadia Valley Operations,,Mine,Gold,,,,,,,,,Australia
COM00191.01,Cadiz,,Sandy Ridge,,Mine,Coal,Coal,,,,,,,,United States of America
COM00191.02,Cadiz,,Harrison,"Harrison Resources, Harrison Mining Complex",Mine,Coal,Coal,,,,,,,,United States of America
COM00191.03,Cadiz,,Daron,,Mine,Coal,Coal,,,,,,,,United States of America
COM00191.04,Cadiz,,Harrah,,Mine,Coal,Coal,,,,,,,,United States of America
COM00197.01,Candelaria,,La Espanola,,Mine,Copper,Copper,,,,,,,,Chile
COM00197.02,Candelaria,,Ojos del Salado,,Mine,Copper,Copper,Underground,1929.0,,,,,63.94102,Chile
COM00201.01,Capcoal,,German Creek,,Mine,Coal,"Metallurgical coal, Thermal coal",,,,,,,,Australia
COM00201.02,Capcoal,,Grasstree,,Mine,Coal,Metallurgical coal,,,,,,,,Australia
COM00205.01,Carlin,,Gold Quarry,,Mine,Gold,Gold,Open pit,,,,,,,United States of America
COM00205.02,Carlin,,Emigrant,Rain,Mine,Gold,Gold,Open pit,,2018.0,,,,,United States of America
COM00205.03,Carlin,,Chukar,,Mine,Gold,Gold,Underground,,,,,,,United States of America
COM00205.04,Carlin,,Exodus,,Mine,Gold,Gold,Underground,,,,,,,United States of America
COM00205.05,Carlin,,Pete Bajo,,Mine,Gold,Gold,Underground,,,,,,,United States of America
COM00205.06,Carlin,,Leeville,,Mine,Gold,Gold,Underground,,,,,,,United States of America
COM00205.07,Carlin,,Carlin East,,Mine,Gold,Gold,Underground,,,,,,,United States of America
COM00205.08,Carlin,,Deep Post,,Mine,Gold,Gold,Underground,,,,,,,United States of America
COM00208.01,Carosue Dam,,Karari,,Mine,Gold,Gold,,,,,,,,Australia
COM00208.02,Carosue Dam,,Dervish,,Mine,Gold,Gold,,,,,,,,Australia
COM00210.01,Casa de Pedra,,Pires,,Concentrator,Iron,Iron,,,,,,,,Brazil
COM00210.02,Casa de Pedra,,Engenho,,Mine,Iron,Iron,Open pit,1950.0,,,,,,Brazil
COM00220.01,Centinela,,Esperanza,,Mine,Copper,Copper,,,,,,,,Chile
COM00220.02,Centinela,,El Tesoro,,Mine,Copper,Copper,,,,,,,,Chile
COM00221.01,Central Coalfields Limited,,Govindpur project,,Mine,Coal,Coal,,,,,,,,India
COM00221.02,Central Coalfields Limited,,Kathara,,Mine,Coal,Coal,,,,,,,,India
COM00221.03,Central Coalfields Limited,,Karma,,Mine,Coal,Coal,,,,,,,,India
COM00221.04,Central Coalfields Limited,,Kantaghar,,Mine,Coal,Coal,,,,,,,,India
COM00221.05,Central Coalfields Limited,,Religara,,Mine,Coal,Coal,,,,,,,,India
COM00221.06,Central Coalfields Limited,,Birsa,,Mine,Coal,Coal,,,,,,,,India
COM00221.07,Central Coalfields Limited,,Kedla,,Mine,Coal,Coal,Underground,,,,,,,India
COM00221.08,Central Coalfields Limited,,Kocp,,Mine,Coal,Coal,,,,,,,,India
COM00221.09,Central Coalfields Limited,,Tapin North,,Mine,Coal,Coal,,,,,,,,India
COM00221.10,Central Coalfields Limited,,BGR,,Mine,Coal,Coal,,,,,,,,India
COM00221.11,Central Coalfields Limited,,Rajrappa,,Mine,Coal,Coal,,,,,,,,India
COM00221.12,Central Coalfields Limited,,Piparwar,,Mine,Coal,Coal,,,,,,,,India
COM00221.13,Central Coalfields Limited,,Ashoka,,Mine,Coal,Coal,,,,,,,,India
COM00221.14,Central Coalfields Limited,,Amlo,,Mine,Coal,Coal,,,,,,,,India
COM00221.15,Central Coalfields Limited,,Tarmi,,Mine,Coal,Coal,,,,,,,,India
COM00221.16,Central Coalfields Limited,,Kargali,,Mine,Coal,Coal,,,,,,,,India
COM00221.17,Central Coalfields Limited,,Amrapali,,Mine,Coal,Coal,,,,,,,,India
COM00221.18,Central Coalfields Limited,,Magadh 1,,Mine,Coal,Coal,,,,,,,,India
COM00221.19,Central Coalfields Limited,,Magadh 2,,Mine,Coal,Coal,,,,,,,,India
COM00221.20,Central Coalfields Limited,,Giridih,,Mine,Coal,Coal,,,,,,,,India
COM00222.01,Central GOK,,Hleyevatskyi,,Mine,Iron,Iron,Open pit,,,,,,,Ukraine
COM00222.02,Central GOK,,Petrovskyi,,Mine,Iron,Iron,Open pit,,,,,,,Ukraine
COM00222.03,Central GOK,,Artyomovskyi,,Mine,Iron,Iron,Open pit,,,,,,,Ukraine
COM00222.04,Central GOK,,Ordzhonikidze,,Mine,Iron,Iron,Open pit,,,,,,,Ukraine
COM00223.01,Central Murchison Gold Project,,Meekatharra Gold Operations,,Mine,Gold,Gold,,,,,,,,Australia
COM00223.02,Central Murchison Gold Project,,Cue Gold Operations,,Mine,Gold,Gold,,,,,,,,Australia
COM00227.01,Cerro de Pasco,,Paragsha,,Mine,Zinc,,Underground,,,,,,,Peru
COM00227.02,Cerro de Pasco,,Raúl Rojas,Tajo Raúl Rojas,Mine,Zinc,,Open pit,,,,,,,Peru
COM00227.03,Cerro de Pasco,,Vinchos,,Mine,Zinc,,,,,,,,,Peru
COM00227.04,Cerro de Pasco,,San Sebastian,,Mine,Zinc,,,,,,,,,Peru
COM00230.01,Cerro Negro,,Euroka,,Mine,Gold,Gold,Underground,,,,,,,Argentina
COM00230.02,Cerro Negro,,Mariana Central,,Mine,Gold,Gold,Underground,,,,,,,Argentina
COM00230.03,Cerro Negro,,Mariana Norte,,Mine,Gold,Gold,Underground,,,,,,,Argentina
COM00230.04,Cerro Negro,,Emilia,,Mine,Gold,Gold,Underground,,,,,,,Argentina
COM00230.05,Cerro Negro,,San Marcos,,Mine,Gold,Gold,Underground,,,,,,,Argentina
COM00242.01,Chanderiya Smelter,,Pyrometallurgical lead-zinc smelter,,Smelter,Processing,"Lead, Zinc",,,,,,,,India
COM00242.02,Chanderiya Smelter,,First hydrometallurgical zinc smelter,,Smelter,Processing,Zinc,,,,,,,,India
COM00242.03,Chanderiya Smelter,,Second hydrometallurgical zinc smelter,,Smelter,Processing,Zinc,,,,,,,,India
COM00242.04,Chanderiya Smelter,,Lead smelter,,Smelter,Processing,"Lead, Zinc",,,,,,,,India
COM00250.01,Chibuluma South,,Chifupu,,Mine,Copper,Copper,,,,,,,,Zambia
COM00250.02,Chibuluma South,,Chibuluma South,,Mine,Copper,Copper,,,,,,,,Zambia
COM00257.01,Chungar,,Animon,,Mine,Zinc,,Underground,,,,,,,Peru
COM00257.02,Chungar,,Islay,,Mine,Zinc,,Underground,,,,,,,Peru
COM00257.03,Chungar,,Islay mine processed at Cerro de Pasco,,Mine,Zinc,,Underground,,,,,,,Peru
COM00263.01,Cliffs Logan County Coal,,Powellton,,Mine,Coal,Metallurgical coal,Underground,2008.0,,,,,,United States of America
COM00263.02,Cliffs Logan County Coal,,Lower War Eagle,,Mine,Coal,Metallurgical coal,Underground,2012.0,,,,,,United States of America
COM00263.03,Cliffs Logan County Coal,,The Toney Fork,,Mine,Coal,Thermal coal,Open pit,2005.0,,,,,,United States of America
COM00272.01,Codelco Norte,,Chuquicamata,División Chuquicamata,Mine,Copper,"Copper, Copper cathodes, Gold, Silver",Open pit,1997.0,,,,,,Chile
COM00272.02,Codelco Norte,,Radomiro Tomic,División Radomiro Tomic,Mine,Copper,"Copper, Copper cathodes",Open pit,1915.0,,,,,,Chile
COM00274.01,Coermotibo and Onverdacht,,Coermotibo,,Mine,Aluminium,Bauxite,Open pit,,,,,,,Suriname
COM00274.02,Coermotibo and Onverdacht,,Onverdacht,,Mine,Aluminium,Bauxite,Open pit,,,,,,,Suriname
COM00276.01,Collahuasi,,Rosario,,Mine,Copper,Copper,Open pit,,,,,,,Chile
COM00276.02,Collahuasi,,Ujina,,Mine,Copper,Copper,Open pit,,,,,,,Chile
COM00285.01,Cooke,,Cooke Shaft 1,,Mine,Gold,Gold,Underground,,,,,,,South Africa
COM00285.02,Cooke,,Cooke Shaft 2,,Mine,Gold,Gold,Underground,,,,,,,South Africa
COM00285.03,Cooke,,Cooke Shaft 3,,Mine,Gold,Gold,Underground,,,,,,,South Africa
COM00285.04,Cooke,,Cooke Shaft 4,,Mine,Gold,Gold,Underground,,,,,,,South Africa
COM00293.01,Corridor G,,Job 21,Hobet 21,Mine,Coal,Coal,,,,,,,,United States of America
COM00293.02,Corridor G,,Hill Fork,,Mine,Coal,Coal,,,,,,,,United States of America
COM00294.01,Cortez,,Pipeline,,Mine,Gold,Gold,Open pit,,,,,,,United States of America
COM00294.02,Cortez,,Cortez Hills,,Mine,Gold,Gold,"Open pit, Underground",,,,,,,United States of America
COM00312.01,Darby,,Darby Fork,,Mine,Coal,,,,,,,,,United States of America
COM00312.02,Darby,,Powell Mountain,,Mine,Coal,,,,,,,,,United States of America
COM00314.01,Darling Range Mines,,Huntly,,Mine,Aluminium,Bauxite,Open pit,,,,,,,Australia
COM00314.02,Darling Range Mines,,Willowdale,,Mine,Aluminium,Bauxite,Open pit,,,,,,,Australia
COM00317.01,Datong Coal Industry,,Xinzhou Kiln,,Mine,Coal,Coal,Underground,2006.0,,,,,,China
COM00317.02,Datong Coal Industry,,Meiyukou,,Mine,Coal,Coal,Underground,,,,,,,China
COM00317.03,Datong Coal Industry,,Yanzishan,,Mine,Coal,Coal,Underground,,,,,,,China
COM00317.04,Datong Coal Industry,,Silaogou,,Mine,Coal,Coal,Underground,,,,,,,China
COM00318.01,Datun,,Yaoqiao,,Mine,Coal,Coal,Underground,,,,,,,China
COM00318.02,Datun,,Kongzhuang,,Mine,Coal,Coal,Underground,,,,,,,China
COM00318.03,Datun,,Xuzhuang,,Mine,Coal,Coal,Underground,,,,,,,China
COM00318.04,Datun,,Longdong,,Mine,Coal,Coal,Underground,,,,,,,China
COM00327.01,DeGrussa,,DeGrussa,,Mine,Copper,"Copper, Gold",,,,,,,,Australia
COM00327.02,DeGrussa,,Monty,,Mine,Copper,"Copper, Gold",,,,,,,,Australia
COM00345.01,Drummond Cesar,,La Loma,,Mine,Coal,Coal,Open pit,,,,,,,Colombia
COM00345.02,Drummond Cesar,,El Descanso,,Mine,Coal,Coal,Open pit,,,,,,,Colombia
COM00345.03,Drummond Cesar,,Pribbenow,,Mine,Coal,Coal,Open pit,,,,,,,Colombia
COM00346.01,DTEK Dobropolyeugol,,Dobropilske,Dobropilska,Mine,Coal,Coal,Underground,,,,,,,Ukraine
COM00346.02,DTEK Dobropolyeugol,,Bilozerske,Bilozerskaya,Mine,Coal,Coal,Underground,,,,,,,Ukraine
COM00348.01,DTEK Pavlohradcoal,,Ternivske,,Mine,Coal,Coal,,,,,,,,Ukraine
COM00348.02,DTEK Pavlohradcoal,,Pavlogradske,Pavlohradska,Mine,Coal,Coal,Underground,,,,,,,Ukraine
COM00348.03,DTEK Pavlohradcoal,,Geroiv Kosmosu,Heroes of Space,Mine,Coal,Coal,Underground,,,,,,,Ukraine
COM00348.04,DTEK Pavlohradcoal,,Dniprovske,Dniprovska,Mine,Coal,Coal,Underground,,,,,,,Ukraine
COM00348.05,DTEK Pavlohradcoal,,Pershotravneve,,Mine,Coal,Coal,,,,,,,,Ukraine
COM00349.01,DTEK Rovenkyanthracite,,V. V. Vakhrushev,,Mine,Coal,Coal,Underground,,,,,,,Ukraine
COM00349.02,DTEK Rovenkyanthracite,,M. V. Frunze,,Mine,Coal,Coal,Underground,,,,,,,Ukraine
COM00354.01,Duketon,,Garden Well,,Mine,Gold,Gold,,2012.0,,,,,,Australia
COM00354.02,Duketon,,Rosemont,,Mine,Gold,Gold,,2013.0,,,,,,Australia
COM00354.03,Duketon,,Moolart Well,,Mine,Gold,Gold,,2010.0,,,,,,Australia
COM00361.01,Dynamic Energy,,Job 30,,Mine,Coal,Coal,Open pit,1997.0,,,,,,United States of America
COM00361.02,Dynamic Energy,,Ben’s Creek 1 (Frontier),,Mine,Coal,Coal,Underground,2007.0,,,,,,United States of America
COM00366.01,Eastern Coalfields Limited,,Raniganj,,Mine,Coal,Coal,,,,,,,,India
COM00366.02,Eastern Coalfields Limited,,Mugma/Salanpur,,Mine,Coal,Coal,,,,,,,,India
COM00366.03,Eastern Coalfields Limited,,Adra,,Mine,Coal,Coal,,,,,,,,India
COM00366.04,Eastern Coalfields Limited,,Pirpainti,,Mine,Coal,Coal,,,,,,,,India
COM00366.05,Eastern Coalfields Limited,,Rajmahal,Wharf Wall,Mine,Coal,Coal,,,,,,,,India
COM00366.06,Eastern Coalfields Limited,,Kalidaspur,,Mine,Coal,Coal,,,,,,,,India
COM00366.07,Eastern Coalfields Limited,,Parasea,,Mine,Coal,Coal,,,,,,,,India
COM00366.08,Eastern Coalfields Limited,,Patmohona,,Mine,Coal,Coal,,,,,,,,India
COM00366.09,Eastern Coalfields Limited,,Bonjemehari,,Mine,Coal,Coal,,,,,,,,India
COM00366.10,Eastern Coalfields Limited,,Mohanpur,,Mine,Coal,Coal,,,,,,,,India
COM00366.11,Eastern Coalfields Limited,,Sonepur Bazari,,Mine,Coal,Coal,,,,,,,,India
COM00366.12,Eastern Coalfields Limited,,Khottadih,,Mine,Coal,Coal,,,,,,,,India
COM00366.13,Eastern Coalfields Limited,,Pandaveswar,,Mine,Coal,Coal,,,,,,,,India
COM00366.14,Eastern Coalfields Limited,,Chitra,,Mine,Coal,Coal,,,,,,,,India
COM00369.01,Edna May,,Marda,,Mine,Gold,Gold,,,,,,,,Australia
COM00369.02,Edna May,,Edna May,,Mine,Gold,Gold,,,,,,,,Australia
COM00369.03,Edna May,,Tampia,,Mine,Gold,Gold,,,,,,,,Australia
COM00373.01,El Algarrobo,,Algarrobo,,Mine,Iron,Iron ore,,,,,,,,Chile
COM00373.02,El Algarrobo,,Cristales,,Mine,Iron,Iron ore,,,,,,,,Chile
COM00380.01,El Segundo/Lee Ranch,,El Segundo,,Mine,Coal,Coal,,,,,,,,United States of America
COM00380.02,El Segundo/Lee Ranch,,Lee Ranch,,Mine,Coal,Coal,,,,,,,,United States of America
COM00395.01,Ernest Henry and Mount Isa,,Ernest Henry,,Mine,Copper,"Copper, Gold",Underground,,,,,,,Australia
COM00395.02,Ernest Henry and Mount Isa,,Mount Isa,,"Mine, Smelter",Copper,"Copper, Copper anode, Lead, Zinc, Silver",Underground,,,,,,,Australia
COM00395.03,Ernest Henry and Mount Isa,,Townsville,"CRL, Copper Refinery",Refinery,Copper,Copper cathode,,,,,,,,Australia
COM00397.01,Escondida,,Escondia Norte,,Mine,Copper,Copper,Open pit,,,,,,,Chile
COM00397.02,Escondida,,Escondida,,Mine,Copper,Copper,Open pit,,,,,,,Chile
COM00399.01,Estevan,,Boundary Dam,,Mine,Coal,Coal,,,,,,,,Canada
COM00399.02,Estevan,,Bienfait,,Mine,Coal,Coal,,,,,,,,Canada
COM00401.01,EVRAZ VGOK,,Magnetitovaya,,Mine,Iron,Iron ore,,,,,,,,Russian Federation
COM00401.02,EVRAZ VGOK,,Zapadny,,Mine,Iron,Iron ore,Open pit,,,,,,,Russian Federation
COM00401.03,EVRAZ VGOK,,Estuninskaya,,Mine,Iron,Iron ore,,,,,,,,Russian Federation
COM00401.04,EVRAZ VGOK,,Yuzhnaya iron ore,,Mine,Iron,Iron ore,,,,,,,,Russian Federation
COM00402.01,Evrazruda,,Tashtagol,,Mine,Iron,Iron ore,Underground,,,,,,,Russian Federation
COM00402.02,Evrazruda,,Gorno-Shorskaya,,Mine,Iron,Iron ore,Underground,,,,,,,Russian Federation
COM00402.03,Evrazruda,,Kazskaya,,Mine,Iron,Iron ore,Underground,,,,,,,Russian Federation
COM00404.01,Exxaro Coal Central,,Dorstfontein,"Dorstfontein East, Dorstfontein West",Mine,Coal,Thermal coal,,,,,,,,South Africa
COM00404.02,Exxaro Coal Central,,Forzando,"Forzando North, Forzando South",Mine,Coal,Thermal coal,,,,,,,,South Africa
COM00404.03,Exxaro Coal Central,,Tumelo,,Mine,Coal,Thermal coal,,,,,,,,South Africa
COM00413.01,Ferrexpo Poltava Mining,,Ferrexpo Poltava Mining,,Mine,Iron,Iron ore,Open pit,,,,,,,Ukraine
COM00413.02,Ferrexpo Poltava Mining,,Ferrexpo Yeristovo Mining,"FYM, Yerystivske",Mine,Iron,Iron ore,Open pit,,,,,,,Ukraine
COM00417.01,FNI Cagdianao,,CAGA 2,,Mine,Nickel,Nickel,,2014.0,,,,,,Philippines
COM00417.02,FNI Cagdianao,,CAGA 4,,Mine,Nickel,Nickel,,2004.0,,,,,,Philippines
COM00421.01,Fortescue Pilbara Region,,Cloudbreak,,Mine,Iron,Iron ore,,,,,,,,Australia
COM00421.02,Fortescue Pilbara Region,,Christmas Creek,,Mine,Iron,Iron ore,,,,,,,,Australia
COM00421.03,Fortescue Pilbara Region,,Firetail,,Mine,Iron,Iron ore,,,,,,,,Australia
COM00421.04,Fortescue Pilbara Region,,Kings and Queens,,Mine,Iron,Iron ore,,,,,,,,Australia
COM00421.05,Fortescue Pilbara Region,,Eliwana,,Mine,Iron,Iron ore,,,,,,,,Australia
COM00422.01,Fortnum Gold Operations,,Starlight,,Mine,Gold,Gold,,,,,,,,Australia
COM00422.02,Fortnum Gold Operations,,Yarlarweelor,,Mine,Gold,Gold,,,,,,,,Australia
COM00422.03,Fortnum Gold Operations,,Horseshoe - Cassidy,,Mine,Gold,Gold,,,,,,,,Australia
COM00422.04,Fortnum Gold Operations,,Peak Hill,,Mine,Gold,Gold,,,,,,,,Australia
COM00480.01,Gibson Complex,,Gibson South,,Mine,Coal,Coal,Underground,2014.0,,,,,,United States of America
COM00480.02,Gibson Complex,,Gibson North,,Mine,Coal,Coal,Underground,2000.0,,,,,,United States of America
COM00488.01,Goldstrike,,Betze-Post,,Mine,Gold,Gold,Open pit,,,,,,,United States of America
COM00488.02,Goldstrike,,South Arturo JV,,Mine,Gold,Gold,Open pit,,,,,,,United States of America
COM00488.03,Goldstrike,,Meikle,,Mine,Gold,Gold,,,,,,,,United States of America
COM00488.04,Goldstrike,,Goldstrike Underground,,Mine,Gold,Gold,Underground,,,,,,,United States of America
COM00489.01,Goonyella Riverside,,Goonyella,,Mine,Coal,Thermal bituminous coal,Open pit,1971.0,,,,,,Australia
COM00489.02,Goonyella Riverside,,Riverside,,Mine,Coal,Thermal bituminous coal,Open pit,,,,,,,Australia
COM00502.01,Gregory,,Gregory,,Mine,Coal,Thermal bituminous coal,Open pit,,2012.0,,,,,Australia
COM00502.02,Gregory,,Crinum,,Mine,Coal,Thermal bituminous coal,Underground,,2016.0,,,,,Australia
COM00507.01,Guanaco and Amancaya,,Guanaco,,Mine,Gold,Gold,,2010.0,,,,,,Chile
COM00507.02,Guanaco and Amancaya,,Amancaya,,Mine,Gold,Gold,"Open pit, Underground",2017.0,,,,,,Chile
COM00509.01,Guizhou,,Guizhou No. 1,,Mine,Aluminium,Bauxite,,,,,,,,China
COM00509.02,Guizhou,,Guizhou No. 2,,Mine,Aluminium,Bauxite,,,,,,,,China
COM00509.03,Guizhou,,Baiyun Aluminium Refinery,,Refinery,Aluminium,"Alumina, Aluminium",,,,,,,,China
COM00512.01,Gunnedah,,Tarrawonga,,Mine,Coal,Coal,,,,,,,,Australia
COM00512.02,Gunnedah,,Rocglen,,Mine,Coal,Coal,,,,,,,,Australia
COM00512.03,Gunnedah,,Sunnyside,,Mine,Coal,Coal,,,,,,,,Australia
COM00512.04,Gunnedah,,Gunnedah CHPP,Gunnedah Coal Handling and Preparation Plant,Refinery,Coal,Coal,,,,,,,,Australia
COM00512.05,Gunnedah,,Canyon,,Mine,Coal,Coal,,,2009.0,,,,,Australia
COM00517.01,Halls Creek,,Nicolsons,,Mine,Gold,Gold,Underground,,,,,,,Australia
COM00517.02,Halls Creek,,Wagtail,,Mine,Gold,Gold,Underground,,,,,,,Australia
COM00520.01,Hamersley Mines,,Brockman 2,,Mine,Iron,Iron,Open pit,,,,,,,Australia
COM00520.02,Hamersley Mines,,Brockman 4,,Mine,Iron,Iron,Open pit,,,,,,,Australia
COM00520.03,Hamersley Mines,,Silvergrass,,Mine,Iron,Iron,Open pit,,,,,,,Australia
COM00520.04,Hamersley Mines,,Marandoo,,Mine,Iron,Iron,Open pit,,,,,,,Australia
COM00520.05,Hamersley Mines,,Mount Tom Price,,Mine,Iron,Iron,Open pit,,,,,,,Australia
COM00520.06,Hamersley Mines,,Nammuldi,,Mine,Iron,Iron,Open pit,,,,,,,Australia
COM00520.07,Hamersley Mines,,Paraburdoo,,Mine,Iron,Iron,Open pit,,,,,,,Australia
COM00520.08,Hamersley Mines,,Western Turner Syncline,,Mine,Iron,Iron,Open pit,,,,,,,Australia
COM00520.09,Hamersley Mines,,Yandicoogina,,Mine,Iron,Iron,Open pit,,,,,,,Australia
COM00520.10,Hamersley Mines,,Koodaideri,,Mine,Iron,Iron,Open pit,,,,,,,Australia
COM00520.11,Hamersley Mines,,Turee Central,,Mine,Iron,Iron,Open pit,,,,,,,Australia
COM00544.01,Hope Downs,,Hope Downs 1,,Mine,Iron,Iron,Open pit,,,,,,,Australia
COM00544.02,Hope Downs,,Hope Downs 4,,Mine,Iron,Iron,Open pit,,,,,,,Australia
COM00546.01,Hotazel,,Wessels,,Mine,Other mine,Manganese,,,,,,,,South Africa
COM00546.02,Hotazel,,Mamatwan,,Mine,Other mine,Manganese,,,,,,,,South Africa
COM00552.01,Huolinhe Holingol,,Huolinhe No. 1 North,,Mine,Coal,Coal,Open pit,,,,,,,China
COM00552.02,Huolinhe Holingol,,Huolinhe No. 1 South,,Mine,Coal,Coal,Open pit,,,,,,,China
COM00552.03,Huolinhe Holingol,,Zhahazhuoer,"Zhaha Naoer, Zahannaoer",Mine,Coal,Coal,Open pit,,,,,,,China
COM00554.01,Illawarra,,Bulli,,Mine,Coal,Metallurgical coal,Underground,,,,,,,Australia
COM00554.02,Illawarra,,Wongawilli,,Mine,Coal,Coal,Underground,,,,,,,Australia
COM00558.01,Iluka Western Australia,,Cataby,,Mine,Iron,"Zicron, Rutile, Ilmenite",,2019.0,,,,,,Australia
COM00558.02,Iluka Western Australia,,Narngulu,,Refinery,Iron,"Refined Zircon, Refined Rutile",,,,,,,,Australia
COM00558.03,Iluka Western Australia,,Eneabba,,Mine,Iron,"Monazite, Zircon",,,,,,,,Australia
COM00558.04,Iluka Western Australia,,Capel,,Refinery,Iron,Synthetic Rutile,,,,,,,,Australia
COM00558.05,Iluka Western Australia,,Mid West,,Mine,Iron,,,,,,,,,Australia
COM00558.06,Iluka Western Australia,,South West,,Mine,Iron,,,,,,,,,Australia
COM00560.01,IMMSA - Charcas,,San Bartolo,,Mine,Zinc,"Zinc, Lead, Copper",Underground,,,,,,,Mexico
COM00560.02,IMMSA - Charcas,,Rey-Reina,,Mine,Zinc,"Zinc, Lead, Copper",Underground,,,,,,,Mexico
COM00560.03,IMMSA - Charcas,,La Aurora,,Mine,Zinc,"Zinc, Lead, Copper",Underground,,,,,,,Mexico
COM00562.01,IMMSA - Santa Barbara,,San Diego,,Mine,Zinc,"Zinc, Lead",Underground,,,,,,,Mexico
COM00562.02,IMMSA - Santa Barbara,,Segovedad,,Mine,Zinc,"Zinc, Lead",Underground,,,,,,,Mexico
COM00562.03,IMMSA - Santa Barbara,,Tecolotes,,Mine,Zinc,"Zinc, Lead",Underground,,,,,,,Mexico
COM00564.01,IMMSA - Taxco,,San Antonio,,Mine,Zinc,"Zinc, Lead",Underground,,,,,,,Mexico
COM00564.02,IMMSA - Taxco,,Guerrero,,Mine,Zinc,"Zinc, Lead",Underground,,,,,,,Mexico
COM00564.03,IMMSA - Taxco,,Remedios,,Mine,Zinc,"Zinc, Lead",Underground,,,,,,,Mexico
COM00583.01,Itabira,,Caue,,Mine,Gold,Iron,Open pit,1942.0,,,,,,Brazil
COM00583.02,Itabira,,Conceicao,,Mine,Gold,Iron,Open pit,1957.0,,,,,,Brazil
COM00584.01,Itatiaiucu,,MUSA Oeste,,Mine,Iron,Iron ore,Open pit,,,,,,,Brazil
COM00584.02,Itatiaiucu,,MUSA Central,,Mine,Iron,Iron ore,Open pit,,,,,,,Brazil
COM00584.03,Itatiaiucu,,MUSA Leste,,Mine,Iron,Iron ore,Open pit,,,,,,,Brazil
COM00584.04,Itatiaiucu,,MUSA Pau de Vinho,,Mine,Iron,Iron ore,Open pit,,,,,,,Brazil
COM00589.01,Jamalco,,Mount Oliphant plateau,,Mine,Aluminium,Bauxite,,,,,,,,Jamaica
COM00589.02,Jamalco,,Harmons Valley,,Mine,Aluminium,Bauxite,,,,,,,,Jamaica
COM00589.03,Jamalco,,Halse Hall,,Refinery,Aluminium,Alumina,,,,,,,,Jamaica
COM00597.01,Jimblebar,,Wheelarra,,Mine,Iron,Iron,Open pit,,,,,,,Australia
COM00597.02,Jimblebar,,Jimblebar,,Mine,Iron,Iron,Open pit,,,,,,,Australia
COM00602.01,Jonquiere,,Jonquiere specialty plant,,Refinery,Processing,Alumina,,,,,,,,Canada
COM00602.02,Jonquiere,,Jonquiere,,Refinery,Processing,Alumina,,,,,,,,Canada
COM00608.01,Justice Energy,,Job 38,,Mine,Coal,Coal,Open pit,1982.0,,,,,,United States of America
COM00608.02,Justice Energy,,Justice Energy,,Mine,Coal,Coal,Open pit,,,,,,,United States of America
COM00610.01,Kachkanar GOK,,Glavny,,Mine,Iron,Iron ore,Open pit,1963.0,,,,,,Russian Federation
COM00610.02,Kachkanar GOK,,Zapadny,,Mine,Iron,Iron ore,Open pit,1967.0,,,,,,Russian Federation
COM00610.03,Kachkanar GOK,,Severny,,Mine,Iron,Iron ore,Open pit,1971.0,,,,,,Russian Federation
COM00610.04,Kachkanar GOK,,Yuzhny,,Mine,Iron,Iron ore,Open pit,2015.0,,,,,,Russian Federation
COM00611.01,Kalgoorlie,,Fimiston,,Mine,Gold,Gold,Open pit,,,,,,,Australia
COM00611.02,Kalgoorlie,,Mt. Charlotte,,Mine,Gold,Gold,Underground,,,,,,,Australia
COM00615.01,Kangala,,Wolvenfontein,,Mine,Coal,Thermal coal,,,,,,,,South Africa
COM00615.02,Kangala,,Middelbult,,Mine,Coal,Thermal coal,,,,,,,,South Africa
COM00619.01,Karaganda,,Kostenko,Stakhanovskaya,Mine,Coal,Coal,Underground,1998.0,,,,,,Kazakhstan
COM00619.02,Karaganda,,Kuzembaeva,50-letiya SSSR,Mine,Coal,Coal,Underground,1959.0,,,,,,Kazakhstan
COM00619.03,Karaganda,,Saranskaya,"Sokurskaya, Aktasskaya",Mine,Coal,Coal,Underground,1955.0,,,,,,Kazakhstan
COM00619.04,Karaganda,,Abayskaya,Kalinina,Mine,Coal,Coal,Underground,1961.0,,,,,,Kazakhstan
COM00619.05,Karaganda,,Kazakhstanskaya,,Mine,Coal,Coal,Underground,1969.0,,,,,,Kazakhstan
COM00619.06,Karaganda,,Lenina,Naklonnaya no. 1/2,Mine,Coal,Coal,Underground,1964.0,,,,,,Kazakhstan
COM00619.07,Karaganda,,Shakhtinskaya,,Mine,Coal,Coal,Underground,1973.0,,,,,,Kazakhstan
COM00619.08,Karaganda,,Tentekskaya,,Mine,Coal,Coal,Underground,1979.0,,,,,,Kazakhstan
COM00622.01,Karelsky Okatysh,,Kostomuksha,,Mine,Iron,Iron,,,,,,,,Russian Federation
COM00622.02,Karelsky Okatysh,,Korpanga,,Mine,Iron,Iron,,,,,,,,Russian Federation
COM00624.01,Katanga Mining Complex,,Kamoto,"Kamoto Copper Company SARL, KCC, KCC SARL","Mine, Refinery",Copper,"Copper, Cobalt","Underground, Leaching plant",1969.0,,,,,,DR Congo
COM00624.02,Katanga Mining Complex,,KOV,,Mine,Copper,"Copper, Cobalt",Open pit,1969.0,,,,,,DR Congo
COM00627.01,Kazzinc,,Altyntau Kokshetau,,Mine,Zinc,Gold,,2009.0,,,,,,Kazakhstan
COM00627.02,Kazzinc,,Zhairem,,Mine,Zinc,"Zinc, Lead, Manganese",,,,,,,,Kazakhstan
COM00627.03,Kazzinc,,Ust-Kamenogorsk,,Refinery,Zinc,"Refined Zinc, Refined Lead, Refined Copper, Refined Gold, Refined Silver, Sulphuric Acid","Zinc Refinery, Lead Plant, Copper Plant, Precious metal Plant, Sulphuric Acid Plant",,,,,,,Kazakhstan
COM00627.04,Kazzinc,,Tishinsky,,Mine,Zinc,"Copper, Zinc, Lead",,,,,,,,Kazakhstan
COM00627.05,Kazzinc,,Dolinny,,Mine,Zinc,,,2015.0,,,,,,Kazakhstan
COM00627.06,Kazzinc,,Ridder-Sokolny,,Mine,Zinc,"Gold, Copper, Zinc, Lead",,,,,,,,Kazakhstan
COM00627.07,Kazzinc,,Shubinsky,,Mine,Zinc,"Silver, Gold, Copper, Lead, Zinc",Underground,,,,,,,Kazakhstan
COM00627.08,Kazzinc,,Maleevsky,Altay concentrator,Mine,Zinc,"Copper, Zinc, Lead, Gold, Silver",Underground,2000.0,,,,,,Kazakhstan
COM00631.01,Kensington,,Kensington,,Mine,Gold,Gold,Underground,,,,,,,United States of America
COM00631.02,Kensington,,Jualin,,Mine,Gold,Gold,Underground,,,,,,,United States of America
COM00636.01,Keystone,,Mine 58,,Mine,Coal,Coal,Underground,1998.0,,,,,,United States of America
COM00636.02,Keystone,,Mine 65,,Mine,Coal,Coal,Underground,1998.0,,,,,,United States of America
COM00636.03,Keystone,,Pocahontas No. 11 Contour and Auger No. 2,,Mine,Coal,Coal,Open pit,2013.0,,,,,,United States of America
COM00640.01,Khwezela,,Kleinkopje,,Mine,Coal,Thermal coal,,,,,,,,South Africa
COM00640.02,Khwezela,,Landau,,Mine,Coal,Thermal coal,,,,,,,,South Africa
COM00644.01,Kideco,,Roto North,,Mine,Coal,Coal,,,,,,,,Indonesia
COM00644.02,Kideco,,Roto South,Biu,Mine,Coal,Coal,,,,,,,,Indonesia
COM00644.03,Kideco,,Roto Middle,,Mine,Coal,Coal,,,,,,,,Indonesia
COM00644.04,Kideco,,Susubang,,Mine,Coal,Coal,,,,,,,,Indonesia
COM00644.05,Kideco,,Samarangau,,Mine,Coal,Coal,,,,,,,,Indonesia
COM00670.01,Korshunov,,Korshunovsky,,Mine,Iron,Iron ore,Open pit,1965.0,,,,,4.3,Russian Federation
COM00670.02,Korshunov,,Rudnogorsky,,Mine,Iron,Iron ore,Open pit,1984.0,,,,,5.3,Russian Federation
COM00670.03,Korshunov,,Tatyaninsky,,Mine,Iron,Iron ore,Open pit,1986.0,,,,,1.3,Russian Federation
COM00672.01,Kostromovskaya,,Kostromovskaya,,Mine,Coal,Coking coal,Underground,2008.0,,,,,,Russian Federation
COM00672.02,Kostromovskaya,,Chertinskaya-Koksovaya,,Mine,Coal,Coking coal,Underground,2018.0,,,,,,Russian Federation
COM00675.01,Krasnodon Coal,,Molodogvardeysk,,Mine,Coal,Coking coal,Underground,,,,,,,Ukraine
COM00675.02,Krasnodon Coal,,Samsonivska-Zakhidna,,Mine,Coal,Coking coal,Underground,,,,,,,Ukraine
COM00675.03,Krasnodon Coal,,Duvanna,,Mine,Coal,Coking coal,Underground,,,,,,,Ukraine
COM00678.01,Krasnoyarskkraiugol,,Sayano-Partizanskiy,,Mine,Coal,Coal,Open pit,1991.0,,,,,,Russian Federation
COM00678.02,Krasnoyarskkraiugol,,Abanskiy,,Mine,Coal,Coal,Open pit,,,,,,,Russian Federation
COM00678.03,Krasnoyarskkraiugol,,Pereyaslovskiy,,Mine,Coal,Coal,Open pit,,,,,,87.0,Russian Federation
COM00684.01,Kupol,,Dvoinoye,,Mine,Gold,Gold,,,,,,,,Russian Federation
COM00684.02,Kupol,,Kupol,,Mine,Gold,Gold,,,,,,,,Russian Federation
COM00687.01,Kuzbassrazrezugol,,Kedrovsky,,Mine,Coal,Coking coal,Open pit,,,,,,,Russian Federation
COM00687.02,Kuzbassrazrezugol,,Mokhovsky,,Mine,Coal,Coking coal,Open pit,,,,,,,Russian Federation
COM00687.03,Kuzbassrazrezugol,,Bachatsky,,Mine,Coal,Coking coal,Open pit,,,,,,,Russian Federation
COM00687.04,Kuzbassrazrezugol,,Krasnobrodsky,,Mine,Coal,Coking coal,Open pit,,,,,,,Russian Federation
COM00687.05,Kuzbassrazrezugol,,Taldinsky,,Mine,Coal,Coking coal,Open pit,,,,,,,Russian Federation
COM00687.06,Kuzbassrazrezugol,,Kaltansky,,Mine,Coal,Coking coal,Open pit,,,,,,,Russian Federation
COM00687.07,Kuzbassrazrezugol,,Baykaimskaya,,Mine,Coal,Coking coal,Underground,,,,,,,Russian Federation
COM00693.03,La Caridad,,La Caridad Copper Rod Plant,,Mine,Copper,"Copper, Molybdenum, Silver",Open pit,,,,,,,Mexico
COM00693.04,La Caridad,,La Caridad Processing,,"Smelter, Refinery",Copper,,,,,,,,,Mexico
COM00693.05,La Caridad,,La Caridad Mine,,Refinery,Copper,,,,,,,,,Mexico
COM00701.01,Lalor,,PEN 2 Deposit,,Mine,Zinc,,,,,,,,,Canada
COM00701.02,Lalor,,Lalor,,Mine,Zinc,,,,,,,,,Canada
COM00707.01,LaRonde Complex,,LaRonde Mine,,Mine,Gold,Gold,,,,,,,,Canada
COM00707.02,LaRonde Complex,,LaRonde Zone 5,"Bousquet Zone 5, LZ5",Mine,Gold,Gold,,2017.0,,,,,,Canada
COM00708.01,Las Bambas,,Chalcobamba,,Mine,Copper,"AG, AU, MO",,,,,,,,Peru
COM00708.02,Las Bambas,,Sulfobamba,,Mine,Copper,"AG, AU, MO",,,,,,,,Peru
COM00708.03,Las Bambas,,Ferrobamba,,Mine,Copper,"AG, AU, MO",,,,,,,,Peru
COM00716.01,Leer South/Sentinel,,Sentinel,Philippi Development Division,Mine,Coal,Metallurgical coal,,,,,,,,United States of America
COM00716.02,Leer South/Sentinel,,Leer South,,Mine,Coal,Metallurgical coal,,,,,,,,United States of America
COM00721.01,Leonora,,King of the Hills,,Mine,Gold,Gold,Underground,2011.0,2016.0,,,,,Australia
COM00721.02,Leonora,,Gwalia,,Mine,Gold,Gold,"Underground, Open pit",2008.0,,,,,,Australia
COM00726.01,Liliu,,Shaqu No.1,,Mine,Coal,Coal,Underground,,,,,,,China
COM00726.02,Liliu,,Shaqu No.2,,Mine,Coal,Coal,Underground,,,,,,,China
COM00726.03,Liliu,,Liliu,,Mine,Coal,Coal,Underground,,,,,,,China
COM00732.01,LKAB Southern Division,,Malmberget,,Mine,Iron,Iron,Underground,,,,,,,Sweden
COM00732.02,LKAB Southern Division,,Svappavaara,"Leveäniemi, Gruvberget",Mine,Iron,Iron,Open pit,,,,,,,Sweden
COM00744.01,Los Bronces,,Las Tortolas,,Concentrator,Copper,,,,,,,,,Chile
COM00744.02,Los Bronces,,Confluencia,,Concentrator,Copper,,,,,,,,,Chile
COM00744.03,Los Bronces,,Los Bronces,,Mine,Copper,Copper,,,,,,,,Chile
COM00745.01,Los Colorados,,Reject Plant,,Refinery,Iron,Iron ore pre-concentrate,Tailings processing plant,,,,,,,Chile
COM00745.02,Los Colorados,,Los Colorados,,Mine,Iron,Iron ore,,,,,,,,Chile
COM00746.01,Los Filos,,Los Filos,,Mine,Gold,Gold,"Open pit, underground",,,,,,,Mexico
COM00746.02,Los Filos,,Bermejal,El Bermejal,Mine,Gold,Gold,Open pit,,,,,,,Mexico
COM00748.01,Loulo - Gounkoto,,Yalea,,Mine,Other mine,Gold,Underground,,,,,,,Mali
COM00748.02,Loulo - Gounkoto,,Gara,,Mine,Other mine,Gold,Underground,,,,,,,Mali
COM00748.03,Loulo - Gounkoto,,Gounkoto,,Mine,Other mine,Gold,Open Pit,,,,,,,Mali
COM00748.04,Loulo - Gounkoto,,Loulo,,Mine,Other mine,Gold,,,,,,,,Mali
COM00755.01,Luoyang,,Jiagou,,Mine,Aluminium,Bauxite,Open pit,,,,,,,China
COM00755.02,Luoyang,,Liangwa,,Mine,Aluminium,Bauxite,Underground,,,,,,,China
COM00755.03,Luoyang,,Qingshigou,,Mine,Aluminium,Bauxite,Open pit,,,,,,,China
COM00758.01,Macraes,,Macraes Coronation,,Mine,Gold,Gold,Open pit,,,,,,,New Zealand
COM00758.02,Macraes,,Coronation North,,Mine,Gold,Gold,Open pit,,,,,,,New Zealand
COM00758.03,Macraes,,Innes Mills,,Mine,Gold,Gold,Open pit,,,,,,,New Zealand
COM00758.04,Macraes,,Frasers,,Mine,Gold,Gold,"Open pit, Underground",,,,,,,New Zealand
COM00760.01,Mahanadi Coalfields Limited,,Jagannath,,Mine,Coal,Coal,,,,,,,,India
COM00760.02,Mahanadi Coalfields Limited,,Bharatpur,,Mine,Coal,Coal,,,,,,,,India
COM00760.03,Mahanadi Coalfields Limited,,Hingula,,Mine,Coal,Coal,,,,,,,,India
COM00760.04,Mahanadi Coalfields Limited,,Lingaraj,,Mine,Coal,Coal,,,,,,,,India
COM00760.05,Mahanadi Coalfields Limited,,Kaniha,,Mine,Coal,Coal,,,,,,,,India
COM00760.06,Mahanadi Coalfields Limited,,Talcher,,Mine,Coal,Coal,,,,,,,,India
COM00760.07,Mahanadi Coalfields Limited,,Lakhanpur,,Mine,Coal,Coal,,,,,,,,India
COM00760.08,Mahanadi Coalfields Limited,,IB Valley,,Mine,Coal,Coal,,,,,,,,India
COM00760.09,Mahanadi Coalfields Limited,,Basundhara-Garjanbahal,,Mine,Coal,Coal,,,,,,,,India
COM00760.10,Mahanadi Coalfields Limited,,Kulda-Garajanbahal,,Mine,Coal,Coal,,,,,,,,India
COM00760.11,Mahanadi Coalfields Limited,,Orient,,Mine,Coal,Coal,,,,,,,,India
COM00760.12,Mahanadi Coalfields Limited,,Lajkura,,Mine,Coal,Coal,,,,,,,,India
COM00760.13,Mahanadi Coalfields Limited,,Samaleswari,,Mine,Coal,Coal,,,,,,,,India
COM00774.01,Mariana,,Alegria,,Mine,Iron,Iron,Open pit,2000.0,,,,,,Brazil
COM00774.02,Mariana,,Fabrica Nova,,Mine,Iron,Iron,Open pit,2005.0,,,,,,Brazil
COM00774.03,Mariana,,Fazendao,,Mine,Iron,Iron,Open pit,1976.0,,,,,,Brazil
COM00774.04,Mariana,,Timbopeba,,Mine,Iron,Iron,Open pit,1984.0,,,,,,Brazil
COM00774.05,Mariana,,Capanema/Ouro Fino,,Mine,Iron,Iron,Open pit,1982.0,,,,,,Brazil
COM00786.01,Meadowbank Complex,,Amaruq,,Mine,Gold,Gold,,,,,,,,Canada
COM00786.02,Meadowbank Complex,,Meadowbank,,Mine,Gold,,,,,,,,,Canada
COM00793.01,MetCoal,,Lahai,,Mine,Coal,Coal,,,2019.0,,,,,Indonesia
COM00793.02,MetCoal,,Lampunut,,Mine,Coal,Coal,,2019.0,,,,,,Indonesia
COM00793.03,MetCoal,,Haju,,Mine,Coal,Coal,,,,,,,,Indonesia
COM00795.01,Mettiki Complex,,Mountain View,,Mine,Coal,Coal,Underground,2006.0,,,,,,United States of America
COM00795.02,Mettiki Complex,,Mettiki (MD),,Mine,Coal,Coal,,,,,,,,United States of America
COM00801.01,Mianchi,,Guangou,,Mine,Aluminium,Bauxite,Open pit,,,,,,,China
COM00801.02,Mianchi,,Jiajiawaxi,,Mine,Aluminium,Bauxite,Underground,,,,,,,China
COM00801.03,Mianchi,,Xiangcaiwa,,Mine,Aluminium,Bauxite,"Open pit, Underground",,,,,,,China
COM00806.01,Middelburg/Wolvekrans,,Douglas,,Mine,Coal,Thermal bituminous coal,,,2008.0,,,,,South Africa
COM00806.02,Middelburg/Wolvekrans,,Middelburg/Wolvekrans,,Mine,Coal,,,,,,,,,South Africa
COM00807.01,Middleback Ranges,,Iron Knob,,Mine,Iron,Iron ore,,,,,,,,Australia
COM00807.02,Middleback Ranges,,Ibma Scree,,Mine,Iron,Iron ore,,,,,,,,Australia
COM00807.03,Middleback Ranges,,Iron Baron,,Mine,Iron,Iron ore,,,,,,,,Australia
COM00807.04,Middleback Ranges,,Camel Hills,,Mine,Iron,Iron ore,,,,,,,,Australia
COM00807.05,Middleback Ranges,,Iron Queen,,Mine,Iron,Iron ore,,,,,,,,Australia
COM00807.06,Middleback Ranges,,North Middleback,,Mine,Iron,Iron ore,,,,,,,,Australia
COM00807.07,Middleback Ranges,,Iron Warrior,,Mine,Iron,Iron ore,,,,,,,,Australia
COM00807.08,Middleback Ranges,,Iron Chieftain,,Mine,Iron,Iron ore,,,,,,,,Australia
COM00807.09,Middleback Ranges,,Iron Knight,,Mine,Iron,Iron ore,,,,,,,,Australia
COM00807.10,Middleback Ranges,,Iron Duchess,,Mine,Iron,Iron ore,,,,,,,,Australia
COM00807.11,Middleback Ranges,,Iron Duke,,Mine,Iron,Iron ore,,,,,,,,Australia
COM00810.01,Miguel Burnier,,Miguel Burnier,,Mine,Iron,Iron ore,Open pit,,,,,,,Brazil
COM00810.02,Miguel Burnier,,Varzea do Lopes,Várzea do Lopes Complex,Mine,Iron,Iron ore,Open pit,2009.0,,,,,,Brazil
COM00818.01,Minas Centrais,,Agua Limpa,Agua Limpa/Cururu,Mine,Iron,Iron,Open pit,2000.0,,,,,,Brazil
COM00818.02,Minas Centrais,,Gongo Soco,,Mine,Iron,Iron,Open pit,2000.0,,,,,,Brazil
COM00818.03,Minas Centrais,,Brucutu,,Mine,Iron,Iron,Open pit,1994.0,,,,,,Brazil
COM00818.04,Minas Centrais,,Corrego do Meio,,Mine,Iron,Iron,Open pit,2000.0,,,,,,Brazil
COM00819.01,Minas Itabirito,,Segredo/Joao Pereira,,Mine,Iron,Iron,Open pit,,,,,,,Brazil
COM00819.02,Minas Itabirito,,Sapecado/Galinheiro,,Mine,Iron,Iron,Open pit,,,,,,,Brazil
COM00826.01,Minorca,,Laurentian,,Mine,Iron,Iron,Open pit,,,,,,,United States of America
COM00826.02,Minorca,,East Pits,,Mine,Iron,Iron,Open pit,,,,,,,United States of America
COM00828.01,Moa Project,,Moa Occidental,,Mine,Nickel,"Nickel, Cobalt",Surface,,,active,2019.0,,11.93,Cuba
COM00828.02,Moa Project,,Moa Oriental,,Mine,Nickel,"Nickel, Cobalt",Surface,,,active,2019.0,,15.31,Cuba
COM00828.03,Moa Project,,Yagrumaje Oeste,,Mine,Nickel,"Nickel, Cobalt",Surface,,,active,2019.0,,5.69,Cuba
COM00828.04,Moa Project,,Limestone Mud,,Mine,Nickel,"Nickel, Cobalt",Surface,,,active,2019.0,,8.05,Cuba
COM00828.05,Moa Project,,Camarioca Norte,,Mine,Nickel,"Nickel, Cobalt",Surface,,,active,2019.0,,20.07,Cuba
COM00828.06,Moa Project,,Camarioca Sur,,Mine,Nickel,"Nickel, Cobalt",Surface,,,active,2019.0,,23.67,Cuba
COM00828.07,Moa Project,,Playa la Vaca-Zona Septentrional II,,Mine,Nickel,"Nickel, Cobalt",Surface,,,exploration,2019.0,,7.54,Cuba
COM00828.08,Moa Project,,La Delta,,Mine,Nickel,"Nickel, Cobalt",Surface,,,active,2019.0,,13.0,Cuba
COM00828.09,Moa Project,,Cantarrana,,Mine,Nickel,"Nickel, Cobalt",Surface,,,active,2019.0,,8.71,Cuba
COM00828.10,Moa Project,,Santa Teresita,,Mine,Nickel,"Nickel, Cobalt",Surface,,,exploration,2019.0,,9.25,Cuba
COM00834.01,Mont Wright,,Fire Lake,,Mine,Iron,Iron,Open pit,,,,,,,Canada
COM00834.02,Mont Wright,,Mont Wright,,Mine,Iron,Iron,Open pit,,,,,,,Canada
COM00850.01,Mount Arthur,,Mount Arthur North,,Mine,Coal,Thermal bituminous coal,Open pit,,,,,,,Australia
COM00850.02,Mount Arthur,,Mount Arthur South,,Mine,Coal,Thermal bituminous coal,Open pit,,,,,,,Australia
COM00851.01,Mount Garnet,,Balcooma,,Mine,Copper,,,,,,,,,Australia
COM00851.02,Mount Garnet,,Maitland,,Mine,Copper,,,,,,,,,Australia
COM00851.03,Mount Garnet,,Mount Garnet,,Mine,Copper,,,,,,,,,Australia
COM00851.04,Mount Garnet,,Bald Hill,,Mine,Copper,,,,,,,,,Australia
COM00851.05,Mount Garnet,,Baal Gammon,,Mine,Copper,,,,,,,,,Australia
COM00851.06,Mount Garnet,,Griffiths Hill,,Mine,Copper,,,,,,,,,Australia
COM00851.07,Mount Garnet,,King Vol,,Mine,Copper,,,,,,,,,Australia
COM00851.08,Mount Garnet,,Montevideo,,Mine,Copper,,,,,,,,,Australia
COM00851.09,Mount Garnet,,Mungana,,Mine,Copper,,,,,,,,,Australia
COM00851.10,Mount Garnet,,Red Cap Victoria,,Mine,Copper,,,,,,,,,Australia
COM00851.11,Mount Garnet,,Vomacka,,Mine,Copper,,,,,,,,,Australia
COM00851.12,Mount Garnet,,Copper plant,,Refinery,Copper,,,,,,,,,Australia
COM00851.13,Mount Garnet,,Polymetallic plant,,Refinery,Copper,,,,,,,,,Australia
COM00852.01,Mount Goldsworthy,,Yarrie,,Mine,Iron,Iron,Open pit,,,,,,,Australia
COM00852.02,Mount Goldsworthy,,Nimingarra,,Mine,Iron,Iron,Open pit,,,,,,,Australia
COM00852.03,Mount Goldsworthy,,Mining Area C,,Mine,Iron,Iron,Open pit,2003.0,,,,,,Australia
COM00852.04,Mount Goldsworthy,,Mount Goldsworthy,,Mine,Iron,Iron,Open pit,,,,,,,Australia
COM00855.01,Mount Monger,,Daisy,Daisy Complex,Mine,Gold,Gold,,,,,,,,Australia
COM00855.02,Mount Monger,,Mount Belches,"Santa, Maxwells, CEB, Cock-eyed Bob",Mine,Gold,Gold,,,,,,,,Australia
COM00855.03,Mount Monger,,Aldiss,"Karonie, Harry's Hill, French Kiss",Mine,Gold,Gold,,,,,,,,Australia
COM00856.01,Mount Newman,,Mount Whaleback,,Mine,Iron,Iron,Open pit,,,,,,,Australia
COM00856.02,Mount Newman,,Orebody 18,,Mine,Iron,Iron,Open pit,,,,,,,Australia
COM00856.03,Mount Newman,,Orebody 24,,Mine,Iron,Iron,Open pit,,,,,,,Australia
COM00856.04,Mount Newman,,Orebody 25,,Mine,Iron,Iron,Open pit,,,,,,,Australia
COM00856.05,Mount Newman,,Orebody 29,,Mine,Iron,Iron,Open pit,,,,,,,Australia
COM00856.06,Mount Newman,,Orebody 30,,Mine,Iron,Iron,Open pit,,,,,,,Australia
COM00856.07,Mount Newman,,Orebody 31,,Mine,Iron,Iron,Open pit,,,,,,,Australia
COM00856.08,Mount Newman,,Orebody 32,,Mine,Iron,Iron,Open pit,,,,,,,Australia
COM00856.09,Mount Newman,,Orebody 35,,Mine,Iron,Iron,Open pit,,,,,,,Australia
COM00857.01,Mount Thorley Warkworth,,Mount Thorley,,Mine,Coal,"Thermal coal, Soft coking coal",,,,,,,,Australia
COM00857.02,Mount Thorley Warkworth,,Warkworth,,Mine,Coal,"Thermal coal, Soft coking coal",,,,,,,,Australia
COM00864.01,Mt Magnet,,Vivien,,Mine,Gold,Gold,,,,,,,,Australia
COM00864.02,Mt Magnet,,Mt Magnet,,Mine,Gold,Gold,,,,,,,,Australia
COM00864.03,Mt Magnet,,Penny,,Mine,Gold,Gold,,,,,,,,Australia
COM00864.04,Mt Magnet,,Kathleen Valley,,Mine,Gold,Gold,,2016.0,,,,,,Australia
COM00890.01,New Clydesdale,,Roodekop,,Mine,Coal,Thermal coal,,,,,,,,South Africa
COM00890.02,New Clydesdale,,Diepspruit,,Mine,Coal,Thermal coal,,,,,,,,South Africa
COM00909.01,Nornickel Kola Peninsula,,Severny,Severny Gluboky,Mine,Nickel,,"Open pit, Underground",,,,,,,Russian Federation
COM00909.02,Nornickel Kola Peninsula,,Kaula-Kotselvaara,,Mine,Nickel,,Underground,,,,,,,Russian Federation
COM00910.01,Nornickel Taimyr Peninsula,,Oktyabrsky,,Mine,Nickel,"Copper, Nickel",Underground,,,,,,,Russian Federation
COM00910.02,Nornickel Taimyr Peninsula,,Taimyrsky,,Mine,Nickel,"Copper, Nickel",Underground,,,,,,,Russian Federation
COM00910.03,Nornickel Taimyr Peninsula,,Komsomolsky,,Mine,Nickel,"Copper, Nickel",Underground,,,,,,,Russian Federation
COM00910.04,Nornickel Taimyr Peninsula,,Skalisty,,Mine,Nickel,"Copper, Nickel",Underground,,,,,,,Russian Federation
COM00910.05,Nornickel Taimyr Peninsula,,Mayak,,Mine,Nickel,"Copper, Nickel",Underground,,,,,,,Russian Federation
COM00910.06,Nornickel Taimyr Peninsula,,Zapolyarny,"Norilsk-1 deposit, Medvezhy Ruchey",Mine,Nickel,"Copper, Nickel","Open pit, Underground",,,,,,,Russian Federation
COM00913.01,North Block Complex,,Glisa,,Mine,Coal,Thermal coal,,,,,,,,South Africa
COM00913.02,North Block Complex,,Eerstelingsfontein,,Mine,Coal,Thermal coal,,,,,,,,South Africa
COM00913.03,North Block Complex,,Paardeplaats,,Mine,Coal,Thermal coal,,,,,,,,South Africa
COM00914.01,North Eastern Coalfields,,Tikak,"Tikak East, Tikak West",Mine,Coal,Coal,"Open pit, Underground",1986.0,,,,,,India
COM00914.02,North Eastern Coalfields,,Tirap,,Mine,Coal,Coal,Open pit,1983.0,,,,,,India
COM00914.03,North Eastern Coalfields,,Tipong,,Mine,Coal,Coal,,,,,,,,India
COM00914.04,North Eastern Coalfields,,Baragolai,,Mine,Coal,Coal,,,,,,,,India
COM00914.05,North Eastern Coalfields,,Ledo,,Mine,Coal,Coal,,,,,,,,India
COM00918.01,Northern Coalfields Limited,,Amlohri,,Mine,Coal,Coal,,1987.0,,,,,,India
COM00918.02,Northern Coalfields Limited,,Bina,,Mine,Coal,Coal,,,,,,,,India
COM00918.03,Northern Coalfields Limited,,Block-B,,Mine,Coal,Coal,,,,,,,,India
COM00918.04,Northern Coalfields Limited,,Dudhichua,,Mine,Coal,Coal,,,,,,,,India
COM00918.05,Northern Coalfields Limited,,Jayant,,Mine,Coal,Coal,,,,,,,,India
COM00918.06,Northern Coalfields Limited,,Jhingurda,,Mine,Coal,Coal,,,,,,,,India
COM00918.07,Northern Coalfields Limited,,Kakri,,Mine,Coal,Coal,,,,,,,,India
COM00918.08,Northern Coalfields Limited,,Khadia,,Mine,Coal,Coal,,,,,,,,India
COM00918.09,Northern Coalfields Limited,,Krishnashila,,Mine,Coal,Coal,,,,,,,,India
COM00918.10,Northern Coalfields Limited,,Nigahi,,Mine,Coal,Coal,,,,,,,,India
COM00919.01,Northern GOK,,Annovskiy,,Mine,Iron,Iron,Open pit,,,,,,,Ukraine
COM00919.02,Northern GOK,,Pervomayskiy,,Mine,Iron,Iron,Open pit,,,,,,,Ukraine
COM00920.01,Northern Star Kalgoorlie Operations,,Kundana,,Mine,Gold,Gold,,,,,,,,Australia
COM00920.02,Northern Star Kalgoorlie Operations,,Raleigh,,Mine,Gold,Gold,,,,,,,,Australia
COM00927.01,NuevaUnion,,Relincho,,Mine,Other mine,,,,,,,,,Chile
COM00927.02,NuevaUnion,,La Fortuna,,Mine,Other mine,,,,,,,,,Chile
COM00949.01,Oyu Tolgoi,,Hugo Dummett North,,Mine,Copper,Copper,Underground,,,,,,,Mongolia
COM00949.02,Oyu Tolgoi,,Hugo Dummett North Extension,,Mine,Copper,Copper,Underground,,,,,,,Mongolia
COM00951.01,Paint Creek,,Samples,,Mine,Coal,Coal,,,,,,,,United States of America
COM00951.02,Paint Creek,,Paint Creek,,Mine,Coal,Coal,,,,,,,,United States of America
COM00954.01,Palmarejo,,Guadalupe,,Mine,Silver,"Gold, Silver",Underground,,,,,,,Mexico
COM00954.02,Palmarejo,,Independencia,,Mine,Silver,"Gold, Silver",Underground,,,,,,,Mexico
COM00954.03,Palmarejo,,La Nacion,,Mine,Silver,"Gold, Silver",Underground,,,,,,,Mexico
COM00955.01,Pampa Norte,,Spence,,Mine,Copper,Copper,Open pit,2006.0,,,,,,Chile
COM00955.02,Pampa Norte,,Cerro Colorado,,Mine,Copper,Copper,Open pit,,,,,,,Chile
COM00962.01,Paraopeba,,Jangada,,Mine,Iron,Iron,Open pit,2001.0,,,,,,Brazil
COM00962.02,Paraopeba,,Corrego do Feijao,,Mine,Iron,Iron,Open pit,2003.0,,,,,,Brazil
COM00962.03,Paraopeba,,Capao Xavier,,Mine,Iron,Iron,Open pit,2004.0,,,,,,Brazil
COM00962.04,Paraopeba,,Mar Azul,,Mine,Iron,Iron,Open pit,,,,,,,Brazil
COM00971.01,Penasquito,,Penasco,,Mine,Gold,Gold,Open pit,,,,,,,Mexico
COM00971.02,Penasquito,,Chile Colorado,,Mine,Gold,Gold,Open pit,,,,,,,Mexico
COM00974.01,Pennsylvania Mining Complex,,Bailey Prep plant,,Mine,Coal,Metallurgical coal,Underground,1984.0,,,,,,United States of America
COM00974.02,Pennsylvania Mining Complex,,Bailey,,Mine,Coal,Metallurgical coal,Underground,,,,,,,United States of America
COM00974.03,Pennsylvania Mining Complex,,Enlow Fork,,Mine,Coal,Metallurgical coal,Underground,1989.0,,,,,,United States of America
COM00974.04,Pennsylvania Mining Complex,,Harvey,,Mine,Coal,Metallurgical coal,Underground,2013.0,,,,,,United States of America
COM00981.01,Phoenix,,Phoenix,,Mine,Copper,Gold,Open pit,,,,,,,United States of America
COM00981.02,Phoenix,,Lone Tree,Lone Tree Complex,Mine,Copper,Gold,Open pit,,2007.0,,,,,United States of America
COM00984.01,Pingdingshan,,Ruzhou,,Mine,Aluminium,Bauxite,,,,,,,,China
COM00984.02,Pingdingshan,,Pingdingshan,,Mine,Aluminium,Bauxite,,,,,,,,China
COM00985.01,Pingdingshan Tianan Coal,,Tianan No.1,,Mine,Coal,Coking coal,Underground,,,,,,,China
COM00985.02,Pingdingshan Tianan Coal,,Tianan No.2,,Mine,Coal,Coking coal,Underground,,,,,,,China
COM00985.03,Pingdingshan Tianan Coal,,Tianan No.3,,Mine,Coal,Coal,,,,,,,,China
COM00985.04,Pingdingshan Tianan Coal,,Tianan No.4,,Mine,Coal,Coking coal,Underground,,,,,,,China
COM00985.05,Pingdingshan Tianan Coal,,Tianan No.5,,Mine,Coal,Coking coal,Underground,,,,,,,China
COM00985.06,Pingdingshan Tianan Coal,,Tianan No.6,,Mine,Coal,Coking coal,Underground,,,,,,,China
COM00985.07,Pingdingshan Tianan Coal,,Tianan No.7,,Mine,Coal,Coal,,,,,,,,China
COM00985.08,Pingdingshan Tianan Coal,,Tianan No.8,,Mine,Coal,Coking coal,Underground,,,,,,,China
COM00985.09,Pingdingshan Tianan Coal,,Tianan No.9,,Mine,Coal,Coal,,,,,,,,China
COM00985.10,Pingdingshan Tianan Coal,,Tianan No.10,,Mine,Coal,Coking coal,Underground,,,,,,,China
COM00985.11,Pingdingshan Tianan Coal,,Tianan No.11,,Mine,Coal,Coking coal,Underground,,,,,,,China
COM00985.12,Pingdingshan Tianan Coal,,Tianan No.12,,Mine,Coal,Coking coal,Underground,,,,,,,China
COM00985.13,Pingdingshan Tianan Coal,,Tianan No.13,,Mine,Coal,Coking coal,Underground,,,,,,,China
COM00985.14,Pingdingshan Tianan Coal,,Xiangshan,,Mine,Coal,Coal,,,,,,,,China
COM00985.15,Pingdingshan Tianan Coal,,Wuzhai,"Pioneer-mine, Tianli",Mine,Coal,Coal,,,,,,,,China
COM00985.16,Pingdingshan Tianan Coal,,Cheonan Chaochuan,,Mine,Coal,Coal,,,,,,,,China
COM00985.17,Pingdingshan Tianan Coal,,Pingbao,Shoushan No.1 Coal Mine,Mine,Coal,Coking coal,Underground,,,,,,,China
COM00986.01,Pingguo,,Pinggou East,Quanpo,Mine,Aluminium,Bauxite,,,,,,,,China
COM00986.02,Pingguo,,Pinggou North,Burongcun,Mine,Aluminium,Bauxite,,,,,,,,China
COM00986.03,Pingguo,,Dashan Aluminium Refinery,,Refinery,Aluminium,"Alumina, Aluminium",,,,,,,,China
COM00987.01,Pingshuo,,Antaibao,,Mine,Coal,Coal,Open pit,,,,,,,China
COM00987.02,Pingshuo,,Anjialing,"Anjialing No.1, Anjialing No.2",Mine,Coal,Coal,"Open pit, Underground",,,,,,,China
COM00987.03,Pingshuo,,Jingdong,,Mine,Coal,Coal,,,,,,,,China
COM00987.04,Pingshuo,,Pingshuo,,Mine,Coal,Coal,,,,,,,,China
COM00989.01,Pinnacle Complex,,Pinnacle,,Mine,Coal,Metallurgical coal,Underground,,,,,,,United States of America
COM00989.02,Pinnacle Complex,,Green Ridge,,Mine,Coal,Metallurgical coal,Underground,2004.0,2012.0,,,,,United States of America
COM00990.01,Pinos Altos,,Creston Mascota,,Mine,Gold,Gold,Open pit,,,,,,,Mexico
COM00990.02,Pinos Altos,,Pinos Altos,,Mine,Gold,Gold,Underground,,,,,,,Mexico
COM01000.01,Polkowice-Sieroszowice,,Polkowice,,Mine,Copper,"Copper, Silver, Lead, Gold",Underground,,,,,,,Poland
COM01000.02,Polkowice-Sieroszowice,,Radwanice Wschód,,Mine,Copper,"Copper, Silver, Lead, Gold",Underground,,,,,,,Poland
COM01000.03,Polkowice-Sieroszowice,,Sieroszowice,,Mine,Copper,"Copper, Silver, Lead, Gold",Underground,,,,,,,Poland
COM01000.04,Polkowice-Sieroszowice,,Gaworzyce,,Mine,Copper,"Copper, Silver, Lead, Gold",Underground,,,,,,,Poland
COM01003.01,Pongkor and Cibaliung,,Pongkor,,Mine,Gold,Gold,,,,,,,,Indonesia
COM01003.02,Pongkor and Cibaliung,,Cibaliung,,Mine,Gold,Gold,,,,,,,,Indonesia
COM01007.01,Porcupine,,Hollinger,,Mine,Gold,Gold,Open pit,,,,,,,Canada
COM01007.02,Porcupine,,Hoyle pond,,Mine,Gold,Gold,Underground,,,,,,,Canada
COM01015.01,Prominent Hill,,Malu,,Mine,Copper,,"Open pit, Underground",,,,,,,Australia
COM01015.02,Prominent Hill,,Ankata,,Mine,Copper,,Underground,,,,,,,Australia
COM01016.01,PT Adaro Indonesia,,Paringin,,Mine,Coal,Coal,,,,,,,,Indonesia
COM01016.02,PT Adaro Indonesia,,Tutupan,,Mine,Coal,Coal,,,,,,,,Indonesia
COM01016.03,PT Adaro Indonesia,,Wara,,Mine,Coal,Coal,,,,,,,,Indonesia
COM01016.04,PT Adaro Indonesia,,Angsana,,Mine,Coal,Coal,,,,,,,,Indonesia
COM01019.01,PT Antang Gunung Meratus,,Block 1,,Mine,Coal,Coal,,,,,,,,Indonesia
COM01019.02,PT Antang Gunung Meratus,,Block 2,,Mine,Coal,Coal,,,,,,,,Indonesia
COM01019.03,PT Antang Gunung Meratus,,Block 3,,Mine,Coal,Coal,,,,,,,,Indonesia
COM01019.04,PT Antang Gunung Meratus,,Block 4,,Mine,Coal,Coal,,,,,,,,Indonesia
COM01019.05,PT Antang Gunung Meratus,,Block 5,,Mine,Coal,Coal,,,,,,,,Indonesia
COM01019.06,PT Antang Gunung Meratus,,Block 6,,Mine,Coal,Coal,,,,,,,,Indonesia
COM01020.01,PT Atlas Resources Tbk,,Mutara Hub,,Mine,Coal,Thermal coal,,,,,,,410.0,Indonesia
COM01020.02,PT Atlas Resources Tbk,,Kukar Hub Borneo Minerals,,Mine,Coal,"Thermal coal, Metallurgical coal",,,,,,,9.33,Indonesia
COM01020.03,PT Atlas Resources Tbk,,Kukar Hub Alhasanie,,Mine,Coal,"Thermal coal, Metallurgical coal",,,,,,,13.89,Indonesia
COM01020.04,PT Atlas Resources Tbk,,Berau Hub,,Mine,Coal,Thermal coal,,,,,,,150.0,Indonesia
COM01020.05,PT Atlas Resources Tbk,,Kubar Hub Diva Kencana Borneo,,Mine,Coal,Thermal coal,,,,,,,48.64,Indonesia
COM01020.06,PT Atlas Resources Tbk,,Kubar Hub Karya Borneo Agung,,Mine,Coal,Thermal coal,,,,,,,100.0,Indonesia
COM01020.07,PT Atlas Resources Tbk,,Oku Hub Hanson Energy Bataraja,,Mine,Coal,Coal,,,,,,,40.0,Indonesia
COM01020.08,PT Atlas Resources Tbk,,Oku Hub Ogan Energy,,Mine,Coal,Coal,,,,,,,149.9,Indonesia
COM01020.09,PT Atlas Resources Tbk,,Oku Hub Anugrah Energy,,Mine,Coal,Coal,,,,,,,48.5,Indonesia
COM01020.10,PT Atlas Resources Tbk,,Papua Hub Karya Manunggal,,Mine,Coal,Coal,,,,,,,500.0,Indonesia
COM01020.11,PT Atlas Resources Tbk,,Papua Inti Energi,,Mine,Coal,Coal,,,,,,,500.0,Indonesia
COM01028.01,PT Central Omega Resources Tbk,,PT Mulia Pacifc Resources,MPR,Mine,Other (poly)-metallic,Nickel,,2011.0,,,,,47.800000000000004,Indonesia
COM01028.02,PT Central Omega Resources Tbk,,PT Itamatra Nusantara,IMN,Mine,Other (poly)-metallic,Nickel,,2013.0,,,,,9.74,Indonesia
COM01028.03,PT Central Omega Resources Tbk,,Bumi Konawe Abadi,BKA,Mine,Other (poly)-metallic,Nickel,,2011.0,,,,,4.386,Indonesia
COM01028.04,PT Central Omega Resources Tbk,,PT Mega Buana Resources,MBR,Mine,Other (poly)-metallic,Nickel,,,,,,,,Indonesia
COM01029.01,PT Gunungbayan Pratamacoal,,Block 1,,Mine,Coal,"Bituminous coal, Semi-soft coking coal",,,2019.0,,,,,Indonesia
COM01029.02,PT Gunungbayan Pratamacoal,,Block 2,,Mine,Coal,Bituminous coal,,,,,,,,Indonesia
COM01030.01,PT Indominco Mandiri,,Block 1,,Mine,Coal,Coal,,,,,,,,Indonesia
COM01030.02,PT Indominco Mandiri,,CPP4,,Mine,Coal,Coal,,,,,,,,Indonesia
COM01032.01,PT Insani Baraperkasa,,Blok G Pinang,,Mine,Coal,Coal,,,,,,,9.445,Indonesia
COM01032.02,PT Insani Baraperkasa,,PT Insani Baraperkasa,,Mine,Coal,Coal,,,,,,,,Indonesia
COM01033.01,PT Internasional Prima Coal,,Bantuas,,Mine,Coal,Coal,,,,,,,,Indonesia
COM01033.02,PT Internasional Prima Coal,,Tabalong,,Mine,Coal,Coal,,,,,,,,Indonesia
COM01036.01,PT Kaltim Prima Coal,,Bengalon,,Mine,Coal,Bituminous coal,Open pit,,,,,,76.21000000000001,Indonesia
COM01036.02,PT Kaltim Prima Coal,,Sangatta,,Mine,Coal,"Bituminous coal, Sub-bituminous coal",Open pit,,,,,,,Indonesia
COM01038.01,PT Kitadin,,Tandung Mayang,,Mine,Coal,Coal,,,,,,,,Indonesia
COM01038.02,PT Kitadin,,Embalut,,Mine,Coal,Coal,,,,,,,,Indonesia
COM01040.01,PT Mitrabara Adiperdana Tbk,,PT Mitrabara Adiperdana Tbk,,Mine,Coal,Coal,,,,,,,,Indonesia
COM01040.02,PT Mitrabara Adiperdana Tbk,,PT Baradinamika Mudasukses,,Mine,Coal,Coal,,,,,,,,Indonesia
COM01048.01,PT Trubaindo Coal Mining,,Block 1,,Mine,Coal,Coal,,,,,,,,Indonesia
COM01048.02,PT Trubaindo Coal Mining,,Blok 2 Barat Sim 3000,,Mine,Coal,Coal,,,,,,,,Indonesia
COM01049.01,PT Tuah Turangga Agung,,PT Asmin Bara Bronang,"ABB, Asmin Bara Jaan, ABJ",Mine,Coal,Thermal coal,,2013.0,,,,,,Indonesia
COM01049.02,PT Tuah Turangga Agung,,PT Telen Orbit Prima,"TOP, PT Tuah Turangga Agung",Mine,Coal,Thermal coal,,2010.0,,,,,,Indonesia
COM01049.03,PT Tuah Turangga Agung,,PT Kadya Caraka Mulia,KCM,Mine,Coal,Thermal coal,,2007.0,,,,,,Indonesia
COM01049.04,PT Tuah Turangga Agung,,PT Suprabari Mapanindo Mineral,SMM,Mine,Coal,Coking coal,,2014.0,,,,,,Indonesia
COM01049.05,PT Tuah Turangga Agung,,PT Prima Multi Mineral,PMM,Mine,Coal,Thermal coal,,2007.0,,,,,,Indonesia
COM01049.06,PT Tuah Turangga Agung,,PT Duta Nurcahya,"DN, Duta Sejahtera, DS",Mine,Coal,Thermal coal,,2013.0,,,,,,Indonesia
COM01052.01,Pueblo Viejo,,Moore,,Mine,Gold,Gold,Open Pit,,,,,,,Dominican Republic
COM01052.02,Pueblo Viejo,,Monte Negro,,Mine,Gold,Gold,Open Pit,,,,,,,Dominican Republic
COM01053.01,Puna,,Pirquitas,,Mine,Silver,,,2009.0,,,,,,Argentina
COM01053.02,Puna,,Chinchillas,,Mine,Silver,,Open pit,2018.0,,,,,,Argentina
COM01061.01,Rajpura Dariba,,Sindesar Khurd,,Mine,Zinc,"Lead, Zinc",Underground,2006.0,,,,,,India
COM01061.02,Rajpura Dariba,,Rajpura Dariba,,Mine,Zinc,"Lead, Zinc",Underground,,,,,,,India
COM01064.01,Raspadskaya,,Raspadskaya,,Mine,Coal,Metallurgical coal,Underground,1973.0,,,,,,Russian Federation
COM01064.02,Raspadskaya,,Razrez Raspadsky,Raspadsky,Mine,Coal,Metallurgical coal,Open pit,2004.0,,,,,,Russian Federation
COM01064.03,Raspadskaya,,MUK-96,,Mine,Coal,Metallurgical coal,Underground,,2015.0,,,,,Russian Federation
COM01064.04,Raspadskaya,,Raspadskaya-Koksovaya,,Mine,Coal,Metallurgical coal,Underground,2003.0,,,,,,Russian Federation
COM01074.01,Red Lake,,Red Lake,,Mine,Gold,Gold,Underground,,,,,,,Canada
COM01074.02,Red Lake,,Campbell,,Mine,Gold,Gold,Underground,,,,,,,Canada
COM01074.03,Red Lake,,Cochenour,,Mine,Gold,Gold,Underground,2014.0,,,,,,Canada
COM01077.01,Reefton,,Globe Progress,,Mine,Gold,Gold,Open pit,,,,,,,New Zealand
COM01077.02,Reefton,,General Gordon,,Mine,Gold,Gold,Open pit,,,,,,,New Zealand
COM01077.03,Reefton,,Souvenir,,Mine,Gold,Gold,Open pit,,,,,,,New Zealand
COM01079.01,Remington,,Stockburg 2,,Mine,Coal,Coal,,,,,,,,United States of America
COM01079.02,Remington,,Deskins,,Mine,Coal,Coal,,,,,,,,United States of America
COM01081.01,Renison,,Renison,Renison Bell Mine,Mine,Other (poly)-metallic,Tin,Underground,,,,,,,Australia
COM01081.02,Renison,,Mt Bischoff,,Mine,Other (poly)-metallic,Tin,Open pit,,,care and maintenance,2010.0,,,Australia
COM01090.01,Robe River,,Robe Valley,"Pannawonica, Mesa J, Mesa H",Mine,Iron,Iron,Open pit,,,,,,,Australia
COM01090.02,Robe River,,Robe Valley - Mesa A,,Mine,Iron,Iron,Open pit,,,,,,,Australia
COM01090.03,Robe River,,West Angelas,,Mine,Iron,Iron,Open pit,,,,,,,Australia
COM01094.01,Rocklick,,Rocklick,,Mine,Coal,,,,,,,,,United States of America
COM01094.02,Rocklick,,Harris,,Mine,Coal,,,,,,,,,United States of America
COM01105.01,Rustenburg,,Waterval,,Mine,Other (poly)-metallic,PGM,Underground,,,,,,,South Africa
COM01105.02,Rustenburg,,Khuseleka 1,,Mine,Other (poly)-metallic,PGM,Underground,,,,,,,South Africa
COM01105.03,Rustenburg,,Khuseleka 2,,Mine,Other (poly)-metallic,PGM,Underground,,,,,,,South Africa
COM01105.04,Rustenburg,,Thembelani,,Mine,Other (poly)-metallic,PGM,Underground,,,,,,,South Africa
COM01107.01,Safford,,Lone Star,,Mine,Copper,Copper,,,,,,,,United States of America
COM01107.02,Safford,,Safford,,Mine,Copper,Copper,,,,,,,,United States of America
COM01123.01,San Julian,,Veins,,Mine,Silver,"Silver, Gold",,,,,,,,Mexico
COM01123.02,San Julian,,Disseminated,,Mine,Silver,"Silver, Gold, Lead, Zinc",,,,,,,,Mexico
COM01124.01,San Luis Potosi Complex,,San Luis Potosi Smelter,,Smelter,Processing,,,1925.0,2010.0,,,,,Mexico
COM01124.02,San Luis Potosi Complex,,San Luis Potosi Refinery,,Refinery,Processing,,,1982.0,,,,,,Mexico
COM01136.01,Sasol Sigma,,Mooikraal,,Mine,Coal,Coal,Underground,,,,,,,South Africa
COM01136.02,Sasol Sigma,,Moholo,,Mine,Coal,Coal,,,,,,,,South Africa
COM01143.01,Seabee,,Seabee,,Mine,Gold,Gold,,,,,,,,Canada
COM01143.02,Seabee,,Santoy,,Mine,Gold,Gold,,,,,,,,Canada
COM01143.03,Seabee,,Porky,,Mine,Gold,Gold,,,,,,,,Canada
COM01155.01,Serra Norte,,N4W,,Mine,Iron,Iron,Open pit,,,,,,,Brazil
COM01155.02,Serra Norte,,N4E,,Mine,Iron,Iron,Open pit,,,,,,,Brazil
COM01155.03,Serra Norte,,N5,,Mine,Iron,Iron,Open pit,,,,,,,Brazil
COM01155.04,Serra Norte,,N5-W,,Mine,Iron,Iron,Open pit,,,,,,,Brazil
COM01155.05,Serra Norte,,N5E,,Mine,Iron,Iron,Open pit,,,,,,,Brazil
COM01155.06,Serra Norte,,N5E-N,,Mine,Iron,Iron,Open pit,,,,,,,Brazil
COM01155.07,Serra Norte,,Carajas,,Mine,Iron,Iron,Open pit,,,,,,,Brazil
COM01160.01,Shaanxi Binhuang Mining Area,,Binchang mining area,,Mine,Coal,Coal,,,,,,,,China
COM01160.02,Shaanxi Binhuang Mining Area,,Huangling mining area,,Mine,Coal,Coal,,,,,,,,China
COM01162.01,Shaanxi Weibei Mining Area,,Jiaoping,,Mine,Coal,Coal,,,,,,,,China
COM01162.02,Shaanxi Weibei Mining Area,,Tongchuan,,Mine,Coal,Coal,,,,,,,,China
COM01162.03,Shaanxi Weibei Mining Area,,Pubai,"Jianzhuang, Jianxin",Mine,Coal,Coal,,,,,,,,China
COM01162.04,Shaanxi Weibei Mining Area,,Chenghe,,Mine,Coal,Coal,,,,,,,,China
COM01162.05,Shaanxi Weibei Mining Area,,Han,,Mine,Coal,Coal,,,,,,,,China
COM01168.01,Shanxi Lu'an Mines,,Wangzhuang,,Mine,Coal,Coal,Underground,,,,,,,China
COM01168.02,Shanxi Lu'an Mines,,Changcun,,Mine,Coal,Coal,Underground,,,,,,,China
COM01168.03,Shanxi Lu'an Mines,,Yuwu,,Mine,Coal,Coal,Underground,,,,,,,China
COM01168.04,Shanxi Lu'an Mines,,Zhangcun,,Mine,Coal,Coal,Underground,,,,,,,China
COM01168.05,Shanxi Lu'an Mines,,Wuyang,,Mine,Coal,Coal,Underground,,,,,,,China
COM01168.06,Shanxi Lu'an Mines,,Luning,,Mine,Coal,Coal,Underground,,,,,,,China
COM01168.07,Shanxi Lu'an Mines,,Licun,"Cilin, Cilin Mountain",Mine,Coal,Coal,Underground,,,,,,,China
COM01174.01,Shendong Mines,,Bulianta,,Mine,Coal,Coal,,,,,,,,China
COM01174.02,Shendong Mines,,Daliuta-Huojitu,,Mine,Coal,Coal,,,,,,,,China
COM01174.03,Shendong Mines,,Yujialiang,,Mine,Coal,Coal,,,,,,,,China
COM01174.04,Shendong Mines,,Shangwan,,Mine,Coal,Coal,,,,,,,,China
COM01174.05,Shendong Mines,,Halagou,,Mine,Coal,Coal,,,,,,,,China
COM01174.06,Shendong Mines,,Baode,Kangjiatan,Mine,Coal,Coal,,,,,,,,China
COM01174.07,Shendong Mines,,Shigetai,,Mine,Coal,Coal,,,,,,,,China
COM01174.08,Shendong Mines,,Wulanmulun,,Mine,Coal,Coal,,,,,,,,China
COM01174.09,Shendong Mines,,Jinjie,,Mine,Coal,Coal,,,,,,,,China
COM01174.10,Shendong Mines,,Bu’erta,Buertai,Mine,Coal,Coal,,,,,,,,China
COM01174.11,Shendong Mines,,Wanli,"Changhangou, Wanli No.1 Mine, Wanli Mines",Mine,Coal,Coal,Open pit,,,,,,,China
COM01174.12,Shendong Mines,,Liuta,Liuta mine,Mine,Coal,Coal,,,,,,,,China
COM01174.13,Shendong Mines,,Cuncaota No. 1,Cuncaota No. 1 mine,Mine,Coal,Coal,,,,,,,,China
COM01174.14,Shendong Mines,,Cuncaota No. 2,Cuncaota No. 2 mine,Mine,Coal,Coal,,,,,,,,China
COM01174.15,Shendong Mines,,Huangyuchuan,Huangyuchuan Mine,Mine,Coal,Coal,,,,,,,,China
COM01174.16,Shendong Mines,,Tanggonggou,,Mine,Coal,Coal,,,,,,,,China
COM01174.17,Shendong Mines,,Other Shendong Mines,,Mine,Coal,Coal,,,,,,,,China
COM01178.01,Shila-Paula,,Shila,"Minera Shila, Minera Shila S.A.C.",Mine,Gold,,,,,,,,,Peru
COM01178.02,Shila-Paula,,Paula,Minera Paula,Mine,Gold,,,,,,,,,Peru
COM01195.01,Simberi,,Sorowar,,Mine,Gold,,,,,,,,,Papua New Guinea
COM01195.02,Simberi,,Simberi,,Mine,Gold,,,,,,,,,Papua New Guinea
COM01206.01,Somerville,,Somerville North,,Mine,Coal,Coal,,,,,,,,United States of America
COM01206.02,Somerville,,Somerville South,,Mine,Coal,Coal,,,,,,,,United States of America
COM01206.03,Somerville,,Somerville Central,,Mine,Coal,Coal,,,,,,,,United States of America
COM01210.01,South Eastern Coalfields Limited,,Chirimiri,,Mine,Coal,Coal,,,,,,,,India
COM01210.02,South Eastern Coalfields Limited,,Baikunthpur,,Mine,Coal,Coal,,,,,,,,India
COM01210.03,South Eastern Coalfields Limited,,Bisrampur,,Mine,Coal,Coal,,,,,,,,India
COM01210.04,South Eastern Coalfields Limited,,Hasdeo,,Mine,Coal,Coal,,,,,,,,India
COM01210.05,South Eastern Coalfields Limited,,Bhatgaon,,Mine,Coal,Coal,,,,,,,,India
COM01210.06,South Eastern Coalfields Limited,,Jamuna,,Mine,Coal,Coal,,,,,,,,India
COM01210.07,South Eastern Coalfields Limited,,Sohagpur,,Mine,Coal,Coal,,,,,,,,India
COM01210.08,South Eastern Coalfields Limited,,Johilla,,Mine,Coal,Coal,,,,,,,,India
COM01210.09,South Eastern Coalfields Limited,,Korba,,Mine,Coal,Coal,,,,,,,,India
COM01210.10,South Eastern Coalfields Limited,,Kusmunda,,Mine,Coal,Coal,,,,,,,,India
COM01210.11,South Eastern Coalfields Limited,,Dipka,,Mine,Coal,Coal,,,,,,,,India
COM01210.12,South Eastern Coalfields Limited,,Gevra,,Mine,Coal,Coal,,,,,,,,India
COM01210.13,South Eastern Coalfields Limited,,Raigarh,,Mine,Coal,Coal,,,,,,,,India
COM01210.14,South Eastern Coalfields Limited,,Korea,,Mine,Coal,Coal,,,,,,,,India
COM01210.15,South Eastern Coalfields Limited,,Driver,,Mine,Coal,Coal,,,,,,,,India
COM01210.16,South Eastern Coalfields Limited,,Kurasia,,Mine,Coal,Coal,,,,,,,,India
COM01210.17,South Eastern Coalfields Limited,,Amadand,,Mine,Coal,Coal,,,,,,,,India
COM01210.18,South Eastern Coalfields Limited,,Kurja,,Mine,Coal,Coal,,,,,,,,India
COM01210.19,South Eastern Coalfields Limited,,Bijuri,,Mine,Coal,Coal,,,,,,,,India
COM01210.20,South Eastern Coalfields Limited,,Baherabandh,,Mine,Coal,Coal,,,,,,,,India
COM01210.21,South Eastern Coalfields Limited,,Bhadra,,Mine,Coal,Coal,Underground,,,,,,,India
COM01210.22,South Eastern Coalfields Limited,,Kotma,,Mine,Coal,Coal,,,,,,,,India
COM01210.23,South Eastern Coalfields Limited,,Atul Bhardwaaj,,Mine,Coal,Coal,,,,,,,,India
COM01210.24,South Eastern Coalfields Limited,,Dhanpuri,,Mine,Coal,Coal,,,,,,,,India
COM01210.25,South Eastern Coalfields Limited,,Amlai,,Mine,Coal,Coal,,,,,,,,India
COM01215.01,Southern Cross,,Copperhead,,Mine,Gold,Gold,,,,,,,,Australia
COM01215.02,Southern Cross,,Corinthian,,Mine,Gold,Gold,,,,,,,,Australia
COM01215.03,Southern Cross,,Frasers South,,Mine,Gold,Gold,,,,,,,,Australia
COM01215.04,Southern Cross,,Marvel Loch,,Mine,Gold,Gold,Underground,,,,,,,Australia
COM01215.05,Southern Cross,,Nevoria,,Mine,Gold,Gold,,,,,,,,Australia
COM01232.01,Sudbury Integrated Nickel Operations,,Fraser,,Mine,Nickel,Nickel,,,,,,,,Canada
COM01232.02,Sudbury Integrated Nickel Operations,,Nickel Rim South,,Mine,Nickel,Nickel,,,,,,,,Canada
COM01232.03,Sudbury Integrated Nickel Operations,,Raglan,,Mine,Nickel,Nickel,,,,,,,,Canada
COM01233.01,SUEK Buryatia,,Nikolsky,,Mine,Coal,Hard coal,Open pit,,,,,,,Russian Federation
COM01233.02,SUEK Buryatia,,Tugnuisky,,Mine,Coal,Hard coal,Open pit,,,,,,,Russian Federation
COM01234.01,SUEK Kemerovo,,Kamyshansky,,Mine,Coal,Hard coal,Open pit,,,,,,,Russian Federation
COM01234.02,SUEK Kemerovo,,Kirov,,Mine,Coal,Hard coal,Underground,,,,,,,Russian Federation
COM01234.03,SUEK Kemerovo,,Komsomolets,,Mine,Coal,Hard coal,Underground,,,,,,,Russian Federation
COM01234.04,SUEK Kemerovo,,Polysaevskaya,,Mine,Coal,Hard coal,Underground,,,,,,,Russian Federation
COM01234.05,SUEK Kemerovo,,Ruban,,Mine,Coal,Hard coal,Underground,,,,,,,Russian Federation
COM01234.06,SUEK Kemerovo,,Taldinskaya-Zapadnaya 1,,Mine,Coal,Hard coal,Underground,,,,,,,Russian Federation
COM01234.07,SUEK Kemerovo,,Taldinskaya-Zapadnaya 2,,Mine,Coal,Hard coal,Underground,,,,,,,Russian Federation
COM01234.08,SUEK Kemerovo,,Yalevsky,,Mine,Coal,Hard coal,Underground,,,,,,,Russian Federation
COM01234.09,SUEK Kemerovo,,Zarechny,,Mine,Coal,Hard coal,Open pit,,,,,,,Russian Federation
COM01235.01,SUEK Khabarovsk,,Bureinsky,,Mine,Coal,Hard coal,Open pit,,,,,,,Russian Federation
COM01235.02,SUEK Khabarovsk,,Pravoberezhny,,Mine,Coal,Hard coal,Open pit,,,,,,,Russian Federation
COM01235.03,SUEK Khabarovsk,,Severnaya,,Mine,Coal,Hard coal,Underground,,,,,,,Russian Federation
COM01236.01,SUEK Khakassia,,Abakansky,,Mine,Coal,Hard coal,Open pit,,,,,,,Russian Federation
COM01236.02,SUEK Khakassia,,Chernogorsky,,Mine,Coal,Hard coal,Open pit,,,,,,,Russian Federation
COM01236.03,SUEK Khakassia,,Izykhsky,,Mine,Coal,Hard coal,Open pit,,,,,,,Russian Federation
COM01236.04,SUEK Khakassia,,Vostochno-Beisky,,Mine,Coal,Hard coal,Open pit,,,,,,,Russian Federation
COM01236.05,SUEK Khakassia,,Khakasskaya,,Mine,Coal,Hard coal,Underground,,2017.0,,,,,Russian Federation
COM01237.01,SUEK Krasnoyarsk,,Berezovsky,,Mine,Coal,Brown coal,Open pit,,,,,,,Russian Federation
COM01237.02,SUEK Krasnoyarsk,,Borodinsky,,Mine,Coal,Brown coal,Open pit,,,,,,,Russian Federation
COM01237.03,SUEK Krasnoyarsk,,Nazarovsky,,Mine,Coal,Brown coal,Open pit,,,,,,,Russian Federation
COM01238.01,SUEK Primorye,,Nekkovy,,Mine,Coal,Hard coal,Open pit,2017.0,,,,,,Russian Federation
COM01238.02,SUEK Primorye,,Novoshakhtinskoye,,Mine,Coal,Brown coal,Open pit,,,,,,,Russian Federation
COM01239.01,SUEK Zabaikalye,,Apsatsky,,Mine,Coal,Hard coal,Open pit,,,,,,,Russian Federation
COM01239.02,SUEK Zabaikalye,,Kharanorsky,,Mine,Coal,Brown coal,Open pit,,,,,,,Russian Federation
COM01239.03,SUEK Zabaikalye,,Vostochny,,Mine,Coal,Brown coal,Open pit,,,,,,,Russian Federation
COM01242.01,Sukha Balka,,Yubileynaya,,Mine,Iron,Iron ore,Underground,,,,,,,Ukraine
COM01242.02,Sukha Balka,,Frunze,,Mine,Iron,Iron ore,Underground,,,,,,,Ukraine
COM01244.01,Sycamore and Imperial,,Sycamore No. 2,,Mine,Coal,Coal,,,,,,,,United States of America
COM01244.02,Sycamore and Imperial,,Imperial,,Mine,Coal,"Metallurgical coal, Thermal coal",,2006.0,2012.0,,,,,United States of America
COM01244.03,Sycamore and Imperial,,Sycamore No. 1,Fairfax No. 3,Mine,Coal,Coal,Underground,,2007.0,,,,,United States of America
COM01244.04,Sycamore and Imperial,,Sago,,Mine,Coal,Coal,Underground,1999.0,,,,,,United States of America
COM01246.01,Tabang Project,,Fajar Sakti Prima,"PT Fajar Sakti Prima, FSP",Mine,Coal,Sub-bituminous coal,,,,,,,37.75,Indonesia
COM01246.02,Tabang Project,,Bara Tabang,"PT Bara Tabang, BT",Mine,Coal,Sub-bituminous coal,,,,,,,30.150000000000002,Indonesia
COM01246.03,Tabang Project,,Brian Anjat Sentosa,"PT Brian Anjat Sentosa, BAS",Mine,Coal,Sub-bituminous coal,,,,,,,40.25,Indonesia
COM01257.01,Tanjung Enim,,Air Laya,TAL,Mine,Coal,Coal,,,,,,,28.66,Indonesia
COM01257.02,Tanjung Enim,,Muara Tiga Besar,MTB,Mine,Coal,Coal,,,,,,,,Indonesia
COM01257.03,Tanjung Enim,,Banko Barat & Tengah,,Mine,Coal,Coal,,,,,,,,Indonesia
COM01257.04,Tanjung Enim,,"Banjarsari, Kungkilan, Bunian, Arahan Utara, Arahan Selatan",,Mine,Coal,Coal,,,,,,,,Indonesia
COM01269.01,Teguh Sinarabadi and Firman Ketaun Perkasa,,Teguh Sinarabadi,,Mine,Coal,Bituminous coal,,,,,,,35.050000000000004,Indonesia
COM01269.02,Teguh Sinarabadi and Firman Ketaun Perkasa,,Firman Ketaun Perkasa,,Mine,Coal,Bituminous coal,,,,,,,127.10000000000001,Indonesia
COM01275.01,Thalanga,,Far West,,Mine,Copper,,,,,,,,,Australia
COM01275.02,Thalanga,,Liontown,,Mine,Copper,,,,,,,,,Australia
COM01276.01,The Boliden Area,,Renström,,Mine,Zinc,"Zinc, Copper, Lead, Gold, Silver",,,,,,,,Sweden
COM01276.02,The Boliden Area,,Kristineberg,,Mine,Zinc,"Zinc, Copper, Lead, Gold, Silver",,,,,,,,Sweden
COM01276.03,The Boliden Area,,Kankberg,,Mine,Zinc,"Gold, Tellurium",,,,,,,,Sweden
COM01276.04,The Boliden Area,,Maurliden,,Mine,Zinc,"Zinc, Copper, Lead, Gold, Silver",,,,,,,,Sweden
COM01276.05,The Boliden Area,,Boliden,,Mine,Zinc,,,,,,,,,Sweden
COM01278.01,Thunderbox,,Thunderbox,,Mine,Gold,Gold,,,,,,,,Australia
COM01278.02,Thunderbox,,Rainbow,,Mine,Gold,Gold,,,,,,,,Australia
COM01278.03,Thunderbox,,Otto Bore,,Mine,Gold,Gold,,,,,,,,Australia
COM01278.04,Thunderbox,,Kailis,,Mine,Gold,Gold,,,,,,,,Australia
COM01278.05,Thunderbox,,Bannockburn,,Mine,Gold,Gold,,,,,,,,Australia
COM01278.06,Thunderbox,,Waterloo,,Mine,Gold,Gold,,,,,,,,Australia
COM01284.01,Timmins West & Bell Creek,,Timmins West,,Mine,Gold,Gold,Underground,,2011.0,,,,,Canada
COM01284.02,Timmins West & Bell Creek,,Bell Creek,,Mine,Gold,Gold,Underground,,2012.0,,,,,Canada
COM01292.01,Touquoy,,Beaver Dam,,Mine,Gold,,,,,,,,,Canada
COM01292.02,Touquoy,,Fifteen Mile Stream,,Mine,Gold,,,,,,,,,Canada
COM01292.03,Touquoy,,Cochrane Hill,,Mine,Gold,,,,,,,,,Canada
COM01295.01,Tritton,,Tritton,,Mine,Copper,Copper,Underground,2004.0,,,,,,Australia
COM01295.02,Tritton,,Murrawombie,,Mine,Copper,Copper,"Open pit, Underground",2016.0,,,,,,Australia
COM01295.03,Tritton,,Avoca Tank,,Mine,Copper,Copper,Underground,,,,,,,Australia
COM01295.04,Tritton,,Girilambone,,Mine,Copper,Copper,,,2003.0,,,,,Australia
COM01299.01,Tuhup,,Kohong,,Mine,Coal,Metallurgical coal,,,,,,,,Indonesia
COM01299.02,Tuhup,,Telakon,,Mine,Coal,Metallurgical coal,,,,,,,,Indonesia
COM01302.01,Tunnel Ridge Complex,,Prep plant,,Mine,Coal,Coal,,,,,,,,United States of America
COM01302.02,Tunnel Ridge Complex,,Portal 16,,Mine,Coal,Coal,,,,,,,,United States of America
COM01308.01,Twin Creeks Operation,,Twin Creeks Mine,,Mine,Gold,Gold,"Open Pit, Underground",,,,,,,United States of America
COM01308.02,Twin Creeks Operation,,Turquoise Ridge,,Mine,Gold,Gold,Underground,,,,,,,United States of America
COM01318.01,United Coal Company,,Wellmore Coal Company,,Mine,Coal,Coal,,,,,,,,United States of America
COM01318.02,United Coal Company,,Pocahontas Coal Company,,Mine,Coal,Coal,,,,,,,,United States of America
COM01318.03,United Coal Company,,Affinity Coal Complex,,Mine,Coal,Coal,,,,,,,,United States of America
COM01318.04,United Coal Company,,Carter Roag Coal Company,,Mine,Coal,Coal,,,,,,,,United States of America
COM01327.01,Vale Tubarao,,Tubarao 1 and 2,CVRD 1 and CVRD 2,Refinery,Processing,Iron ore pellets,,,,,,,,Brazil
COM01327.02,Vale Tubarao,,Tubarao 3,Itabrasco,Refinery,Processing,Iron ore pellets,,,,,,,,Brazil
COM01327.03,Vale Tubarao,,Tubarao 4,Hispanobras,Refinery,Processing,Iron ore pellets,,,,,,,,Brazil
COM01327.04,Vale Tubarao,,Tubarao 5 and 6,Nibrasco,Refinery,Processing,Iron ore pellets,,,,,,,,Brazil
COM01327.05,Vale Tubarao,,Tubarao 7,Kobrasco,Refinery,Processing,Iron ore pellets,,,,,,,,Brazil
COM01327.06,Vale Tubarao,,Tubarao 8,,Refinery,Processing,Iron ore pellets,,,,,,,,Brazil
COM01329.01,Vargem Grande,,Tamandua,,Mine,Iron,Iron,Open pit,1993.0,,,,,,Brazil
COM01329.02,Vargem Grande,,Capitao do Mato,,Mine,Iron,Iron,Open pit,1997.0,,,,,,Brazil
COM01329.03,Vargem Grande,,Aboboras,,Mine,Iron,Iron,Open pit,2004.0,,,,,,Brazil
COM01330.01,Vedanta Goa mines,,Codli,,Mine,Iron,Iron ore,Open pit,,,,,,,India
COM01330.02,Vedanta Goa mines,,Sonshi,,Mine,Iron,Iron ore,Open pit,,,,,,,India
COM01330.03,Vedanta Goa mines,,Bicholim,,Mine,Iron,Iron ore,Open pit,,,,,,,India
COM01330.04,Vedanta Goa mines,,Surla,,Mine,Iron,Iron ore,Open pit,,,,,,,India
COM01334.01,Viking,,Corning,,Mine,Coal,Coal,,,,,,,,United States of America
COM01334.02,Viking,,Knot,Knox,Mine,Coal,Coal,,,,,,,,United States of America
COM01342.01,Vorkutaugol,,Vorkutinskoye,,Mine,Coal,Coal,,,,,,,,Russian Federation
COM01342.02,Vorkutaugol,,Vorgashorskoye,,Mine,Coal,Coal,,,,,,,,Russian Federation
COM01342.03,Vorkutaugol,,Yunyaginskoe,,Mine,Coal,Coal,,,,,,,,Russian Federation
COM01346.01,Wafi-Golpu,,Golpu,,Mine,Other mine,"Copper, Gold",Underground,,,,,,,Papua New Guinea
COM01346.02,Wafi-Golpu,,Wafi,,Mine,Other mine,"Copper, Gold",Open pit,,,,,,,Papua New Guinea
COM01346.03,Wafi-Golpu,,Nambonga,,Mine,Other mine,"Copper, Gold",Underground,,,,,,,Papua New Guinea
COM01350.01,Waihi,,Favona,,Mine,Gold,Gold,Underground,,,,,,,New Zealand
COM01350.02,Waihi,,Trio,,Mine,Gold,Gold,Underground,,,,,,,New Zealand
COM01350.03,Waihi,,Correnso,,Mine,Gold,Gold,Underground,,,,,,,New Zealand
COM01350.04,Waihi,,Martha,,Mine,Gold,Gold,Open pit,,,,,,,New Zealand
COM01354.01,Watagan,,Ashton,,Mine,Coal,Semi-soft coking coal,,,,,,,,Australia
COM01354.02,Watagan,,Austar,,Mine,Coal,semi-hard coking coal,,2006.0,,,,,,Australia
COM01354.03,Watagan,,Donaldson,Abel,Mine,Coal,Coal,,,,,,,,Australia
COM01355.01,Weipa,,Amrun,,Mine,Aluminium,Aluminium,Open pit,,,,,,,Australia
COM01355.02,Weipa,,East Weipa and Andoom,,Mine,Aluminium,Aluminium,Open pit,,,,,,,Australia
COM01363.01,Western Coalfields Limited,,Damua,,Mine,Coal,Coal,,,,,,,,India
COM01363.02,Western Coalfields Limited,,Ghodawari,,Mine,Coal,Coal,,,,,,,,India
COM01363.03,Western Coalfields Limited,,Moari,,Mine,Coal,Coal,Underground,,,,,,,India
COM01363.04,Western Coalfields Limited,,Barkuhi,,Mine,Coal,Coal,,,,,,,,India
COM01363.05,Western Coalfields Limited,,Umreth,,Mine,Coal,Coal,,,,,,,,India
COM01363.06,Western Coalfields Limited,,Parasia,,Mine,Coal,Coal,,,,,,,,India
COM01363.07,Western Coalfields Limited,,Urdhan,,Mine,Coal,Coal,,,,,,,,India
COM01363.08,Western Coalfields Limited,,Thisgora,,Mine,Coal,Coal,,,,,,,,India
COM01363.09,Western Coalfields Limited,,Mandla South,,Mine,Coal,Coal,,,,,,,,India
COM01363.10,Western Coalfields Limited,,Kamptee,,Mine,Coal,Coal,,,,,,,,India
COM01363.11,Western Coalfields Limited,,Inder,,Mine,Coal,Coal,,,,,,,,India
COM01363.12,Western Coalfields Limited,,Gondegaon,,Mine,Coal,Coal,,,,,,,,India
COM01363.13,Western Coalfields Limited,,Bhanegaon,,Mine,Coal,Coal,,,,,,,,India
COM01363.14,Western Coalfields Limited,,Singhori,,Mine,Coal,Coal,,,,,,,,India
COM01363.15,Western Coalfields Limited,,Patansaongi,,Mine,Coal,Coal,,,,,,,,India
COM01363.16,Western Coalfields Limited,,Silwara,,Mine,Coal,Coal,,,,,,,,India
COM01363.17,Western Coalfields Limited,,MakaDhokda,,Mine,Coal,Coal,,,,,,,,India
COM01363.18,Western Coalfields Limited,,Majri,,Mine,Coal,Coal,,,,,,,,India
COM01363.19,Western Coalfields Limited,,Wani North,,Mine,Coal,Coal,,,,,,,,India
COM01363.20,Western Coalfields Limited,,Neeljai 2,,Mine,Coal,Coal,,,,,,,,India
COM01363.21,Western Coalfields Limited,,Ghughus,,Mine,Coal,Coal,,,,,,,,India
COM01363.22,Western Coalfields Limited,,Ghonsa,,Mine,Coal,Coal,,,,,,,,India
COM01363.23,Western Coalfields Limited,,Mungoli,,Mine,Coal,Coal,,,,,,,,India
COM01363.24,Western Coalfields Limited,,Penganga,,Mine,Coal,Coal,,,,,,,,India
COM01363.25,Western Coalfields Limited,,Sector 4,,Mine,Coal,Coal,,,,,,,,India
COM01363.26,Western Coalfields Limited,,Bhatadi,,Mine,Coal,Coal,,,,,,,,India
COM01363.27,Western Coalfields Limited,,Padmapur,,Mine,Coal,Coal,,,,,,,,India
COM01363.28,Western Coalfields Limited,,Mahakali,,Mine,Coal,Coal,Underground,,,,,,,India
COM01363.29,Western Coalfields Limited,,Nandgaon,,Mine,Coal,Coal,Underground,,,,,,,India
COM01363.30,Western Coalfields Limited,,Chandrapur,,Mine,Coal,Coal,,,,,,,,India
COM01363.31,Western Coalfields Limited,,Ballarpur,,Mine,Coal,Coal,,,,,,,,India
COM01363.32,Western Coalfields Limited,,Sasti,,Mine,Coal,Coal,,,,,,,,India
COM01363.33,Western Coalfields Limited,,Pauni,,Mine,Coal,Coal,,,,,,,,India
COM01363.34,Western Coalfields Limited,,Sakhari,,Mine,Coal,Coal,,,,,,,,India
COM01364.01,Western Range Project,,Mount Tokadeh,,Mine,Iron,Iron,Open pit,,,,,,,Liberia
COM01364.02,Western Range Project,,Mount Gangra,,Mine,Iron,Iron,Open pit,,,,,,,Liberia
COM01364.03,Western Range Project,,Mount Yuelliton,,Mine,Iron,Iron,Open pit,,,,,,,Liberia
COM01368.01,Whim Creek,,Whim Creek,,Mine,Copper,Copper,Open pit,,,,,,,Australia
COM01368.02,Whim Creek,,Mons Cupri,,Mine,Copper,Copper,Open pit,,,,,,,Australia
COM01371.01,Wildcat Hills/Cottage Grove,,Wildcat Hills,,Mine,Coal,Coal,"Surface, Underground",,,,,,,United States of America
COM01371.02,Wildcat Hills/Cottage Grove,,Cottage Grove,,Mine,Coal,Coal,Surface,,,,,,,United States of America
COM01371.03,Wildcat Hills/Cottage Grove,,Willow Lake,,Mine,Coal,Coal,Underground,,,,,,,United States of America
COM01374.01,Wiluna,,Wiluna,,Mine,Gold,Gold,,,,,,,,Australia
COM01374.02,Wiluna,,Regent,,Mine,Gold,Gold,,,,,,,,Australia
COM01374.03,Wiluna,,Matilda,,Mine,Gold,Gold,,,,,,,,Australia
COM01374.04,Wiluna,,Lake Way,,Mine,Gold,Gold,,,,,,,,Australia
COM01374.05,Wiluna,,Galaxy,,Mine,Gold,Gold,,,,,,,,Australia
COM01375.01,Windalco,,Ewarton,Ewarton Works,"Mine, Refinery",Aluminium,"Bauxite, Alumina, Alumina hydrate",Open pit,,,,,,,Jamaica
COM01375.02,Windalco,,Kirkvine,Kirkvine Works,Mine,Aluminium,Bauxite,Open pit,,,,,,,Jamaica
COM01380.01,Xiaoguan,,Xiaoguan,,Mine,Aluminium,Bauxite,,,,,,,,China
COM01380.02,Xiaoguan,,Xinmi,,Mine,Aluminium,Bauxite,"Open pit, Underground",,,,,,,China
COM01380.03,Xiaoguan,,Gongyi,,Mine,Aluminium,Bauxite,"Open pit, Underground",,,,,,,China
COM01380.04,Xiaoguan,,Dengfeng,,Mine,Aluminium,Bauxite,"Open pit, Underground",,,,,,,China
COM01383.01,Xinji Mining Area,,Xinji No.1,,Mine,Coal,Coal,Underground,,,,,,,China
COM01383.02,Xinji Mining Area,,Xinji No.2,,Mine,Coal,Coal,Underground,,,,,,,China
COM01383.03,Xinji Mining Area,,Liuzhuang,,Mine,Coal,Coal,Underground,,,,,,,China
COM01383.04,Xinji Mining Area,,Kouzidong,Kouzi East,Mine,Coal,Coal,Underground,,,,,,,China
COM01388.01,Yanacocha,,La Quinua,La Quinua Complex,Mine,Gold,Gold,"Open pit, Leach pads",,,,,,,Peru
COM01388.02,Yanacocha,,Yanacocha,Yanacocha Complex,Mine,Gold,Gold,"Open pit, Leach pads",,,,,,,Peru
COM01388.03,Yanacocha,,Carachugo,Carachugo Complex,Mine,Gold,Gold,"Open pit, Leach pads",,,,,,,Peru
COM01388.04,Yanacocha,,Maqui Maqui,,Mine,Gold,Gold,"Open pit, Leach pads",,,,,,,Peru
COM01389.01,Yancoal International,,Cameby Downs,,Mine,Coal,Thermal coal,Open pit,2010.0,,,,,,Australia
COM01389.02,Yancoal International,,Premier,,Mine,Coal,Thermal coal,Open pit,1996.0,,,,,,Australia
COM01394.01,Yanzhou Shandong Area,,Nantun,,Mine,Coal,Thermal coal,Underground,1973.0,,,,,,China
COM01394.02,Yanzhou Shandong Area,,Xinglongzhuang,,Mine,Coal,Thermal coal,Underground,1981.0,,,,,,China
COM01394.03,Yanzhou Shandong Area,,Baodian,,Mine,Coal,Thermal coal,Underground,1986.0,,,,,,China
COM01394.04,Yanzhou Shandong Area,,Dongtan,,Mine,Coal,Thermal coal,Underground,1989.0,,,,,,China
COM01394.05,Yanzhou Shandong Area,,Jining No. 2,,Mine,Coal,Thermal coal,Underground,1997.0,,,,,,China
COM01394.06,Yanzhou Shandong Area,,Jining No. 3,,Mine,Coal,Thermal coal,Underground,2000.0,,,,,,China
COM01398.01,Yauli,,San Cristobal,,Mine,Zinc,,Underground,,,,,,,Peru
COM01398.02,Yauli,,Carahuacra,,Mine,Zinc,,Underground,,,,,,,Peru
COM01398.03,Yauli,,Carahuacra Norte Pit,Gavilán Pit,Mine,Zinc,,,,,,,,,Peru
COM01398.04,Yauli,,Andaychagua,,Mine,Zinc,,Underground,,,,,,,Peru
COM01398.05,Yauli,,Ticlio,,Mine,Zinc,,Underground,,,,,,,Peru
COM01398.06,Yauli,,Toldorumi,,Mine,Zinc,,,,,,,,,Peru
COM01399.01,Yauricocha,,Mina Central,,Mine,Zinc,,,,,,,,,Peru
COM01399.02,Yauricocha,,Esperanza,,Mine,Zinc,,,,,,,,,Peru
COM01399.03,Yauricocha,,Cachi-Cachi,,Mine,Zinc,,,,,,,,,Peru
COM01399.04,Yauricocha,,Mascota,,Mine,Zinc,,,,,,,,,Peru
COM01399.05,Yauricocha,,Cuye,,Mine,Zinc,,,,,,,,,Peru
COM01399.06,Yauricocha,,Cuerpos Pequeños,,Mine,Zinc,,,,,,,,,Peru
COM01401.01,Yilgarn Project,,Carina,,Mine,Iron,Iron,Open pit,2011.0,2018.0,,,,,Australia
COM01401.02,Yilgarn Project,,J4,Jackson 4,Mine,Iron,Iron,,,,,,,,Australia
COM01401.03,Yilgarn Project,,J5,,Mine,Iron,Iron,,,,,,,,Australia
COM01401.04,Yilgarn Project,,Bungalbin East,,Mine,Iron,Iron,,,,,,,,Australia
COM01402.01,Yintai Inner Mongolia,,Suancigou,,Mine,Coal,Coal,Underground,2008.0,,,,,,China
COM01402.02,Yintai Inner Mongolia,,Nalinmiao No. 2 Mine,,Mine,Coal,Coal,Underground,2006.0,,,,,,China
COM01402.03,Yintai Inner Mongolia,,Nalinmiao No. 1 Mine,,Mine,Coal,Coal,Open pit,2008.0,,,,,,China
COM01402.04,Yintai Inner Mongolia,,Hongjingta No. 1 Mine,,Mine,Coal,Coal,Underground,2007.0,,,,,,China
COM01402.05,Yintai Inner Mongolia,,Kaida,,Mine,Coal,Coal,Underground,2008.0,,,,,,China
COM01402.06,Yintai Inner Mongolia,,Dadijing,,Mine,Coal,Coal,Underground,2008.0,,,,,,China
COM01402.07,Yintai Inner Mongolia,,Baoshan,,Mine,Coal,Coal,Underground,2007.0,,,,,,China
COM01402.08,Yintai Inner Mongolia,,Tongda,Dingjiaqu,Mine,Coal,Coal,Underground,2008.0,,,,,,China
COM01402.09,Yintai Inner Mongolia,,Chengyi,,Mine,Coal,Coal,,,,,,,,China
COM01402.10,Yintai Inner Mongolia,,Talahao,,Mine,Coal,Coal,Underground,2016.0,,,,,,China
COM01407.01,Yuzhkuzbassugol,,Alardinskaya,,Mine,Coal,Metallurgical coal,Underground,1957.0,,,,,,Russian Federation
COM01407.02,Yuzhkuzbassugol,,Essaulskaya,Yesaulskaya,Mine,Coal,Metallurgical coal,Underground,1984.0,,,,,,Russian Federation
COM01407.03,Yuzhkuzbassugol,,Osinnikovskaya,,Mine,Coal,Metallurgical coal,Underground,1933.0,,,,,,Russian Federation
COM01407.04,Yuzhkuzbassugol,,Uskovskaya,,Mine,Coal,Metallurgical coal,Underground,2002.0,,,,,,Russian Federation
COM01407.05,Yuzhkuzbassugol,,Yerunakovskaya-VIII,Yerunakovskaya-8,Mine,Coal,Metallurgical coal,Underground,2013.0,,,,,,Russian Federation
COM01416.01,Zawar,,Mochia,,Mine,Zinc,"Lead, Zinc",Underground,,,,,,,India
COM01416.02,Zawar,,Balaria,,Mine,Zinc,"Lead, Zinc",Underground,,,,,,,India
COM01416.03,Zawar,,Zawar Mala,Zawarmala,Mine,Zinc,"Lead, Zinc",Underground,,,,,,,India
COM01416.04,Zawar,,Baroi,,Mine,Zinc,"Lead, Zinc",Underground,,,,,,,India
COM01418.01,Zeravshan,,Jilau,,Mine,Gold,,,,,,,,,Tajikistan
COM01418.02,Zeravshan,,Taror,,Mine,Gold,,,,,,,,,Tajikistan
COM01418.03,Zeravshan,,Khirskhona,,Mine,Gold,,,,,,,,,Tajikistan
COM01418.04,Zeravshan,,Olympic mines,,Mine,Gold,,,,,,,,,Tajikistan
COM01422.01,Zhezkazgan East and West,,Zhezkazgan West,,Mine,Copper,"Copper, Silver",,,,,,,,Kazakhstan
COM01422.02,Zhezkazgan East and West,,Zhezkazgan East,,Mine,Copper,"Copper, Silver",,,,,,,,Kazakhstan
COM01425.01,Zhezkazgan South and Stepnoy,,Zhezkazgan South,,Mine,Copper,"Copper, Silver",,,,,,,,Kazakhstan
COM01425.02,Zhezkazgan South and Stepnoy,,Zhezkazgan Stepnoy,,Mine,Copper,"Copper, Silver",,,,,,,,Kazakhstan
COM01428.01,Zhunge’er Mines,,Heidaigou,,Mine,Coal,Coal,Open pit,,,,,,,China
COM01428.02,Zhunge’er Mines,,Ha’erwusu,Ha’erwusu Branch,Mine,Coal,Coal,Open pit,,,,,,,China
