id,facility_id,year,type,material,value_tonnes
1,COM00001.00,2013,Ore mined,O.bulk,1625532
2,COM00001.00,2013,Ore processed,O.bulk,1625532
3,COM00001.00,2014,Ore mined,O.bulk,1452933
4,COM00001.00,2014,Ore processed,O.bulk,1452933
5,COM00001.00,2015,Ore mined,O.bulk,1235053
6,COM00001.00,2015,Ore processed,O.bulk,1235053
7,COM00001.00,2016,Ore mined,O.bulk,1297829
8,COM00001.00,2016,Ore processed,O.bulk,1297829
9,COM00001.00,2017,Ore mined,O.bulk,1014369
10,COM00001.00,2017,Ore processed,O.bulk,1014369
11,COM00001.00,2018,Ore mined,O.bulk,966567
12,COM00001.00,2018,Ore processed,O.bulk,966567
13,COM00001.00,2019,Ore mined,O.bulk,1109782
14,COM00001.00,2019,Ore processed,O.bulk,1109782
15,COM00002.00,2012,Ore mined,O.Fe,1000000
16,COM00002.00,2012,Ore processed,O.Fe,1000000
17,COM00002.00,2013,Ore mined,O.Fe,0
18,COM00002.00,2013,Ore processed,O.Fe,0
19,COM00002.00,2014,Ore mined,O.Fe,1500000
20,COM00002.00,2014,Ore processed,O.Fe,1500000
21,COM00002.00,2015,Ore mined,O.Fe,600000
22,COM00002.00,2015,Ore processed,O.Fe,600000
23,COM00002.00,2016,Ore mined,O.Fe,3000000
24,COM00002.00,2016,Ore processed,O.Fe,3000000
25,COM00002.00,2017,Ore mined,O.Fe,2100000
26,COM00002.00,2017,Ore processed,O.Fe,2100000
27,COM00002.00,2018,Ore mined,O.Fe,2200000
28,COM00002.00,2018,Ore processed,O.Fe,2200000
29,COM00002.00,2019,Ore mined,O.Fe,4120000
30,COM00002.00,2019,Ore processed,O.Fe,4120000
31,COM00004.00,2008,Ore mined,O.Cu,436000
32,COM00004.00,2008,Ore processed,O.Cu,436000
33,COM00004.00,2009,Ore mined,O.Cu,167000
34,COM00004.00,2009,Ore processed,O.Cu,167000
35,COM00004.00,2010,Ore mined,O.Cu,465000
36,COM00004.00,2010,Ore processed,O.Cu,465000
37,COM00004.00,2011,Ore mined,O.Cu,491000
38,COM00004.00,2011,Ore processed,O.Cu,491000
39,COM00004.00,2012,Ore mined,O.Cu,500000
40,COM00004.00,2012,Ore processed,O.Cu,500000
41,COM00004.00,2013,Ore mined,O.Cu,391000
42,COM00004.00,2013,Ore processed,O.Cu,391000
43,COM00007.00,2003,Ore mined,O.Au,1100000
44,COM00007.00,2003,Ore processed,O.Au,1100000
45,COM00007.00,2004,Ore mined,O.Au,1000000
46,COM00007.00,2004,Ore processed,O.Au,1000000
47,COM00007.00,2005,Ore mined,O.Au,1300000
48,COM00007.00,2005,Ore processed,O.Au,1300000
49,COM00007.00,2006,Ore mined,O.Au,1100000
50,COM00007.00,2006,Ore processed,O.Au,1100000
51,COM00007.00,2007,Ore mined,O.Au,1400000
52,COM00007.00,2007,Ore processed,O.Au,1400000
53,COM00007.00,2008,Ore mined,O.Au,1400000
54,COM00007.00,2008,Ore processed,O.Au,1400000
55,COM00007.00,2009,Ore mined,O.Au,1500000
56,COM00007.00,2009,Ore processed,O.Au,1500000
57,COM00007.00,2010,Ore mined,O.Au,1600000
58,COM00007.00,2010,Ore processed,O.Au,1600000
59,COM00007.00,2011,Ore mined,O.Au,1700000
60,COM00007.00,2011,Ore processed,O.Au,1700000
61,COM00007.00,2012,Ore mined,O.Au,2200000
62,COM00007.00,2012,Ore processed,O.Au,2200000
63,COM00007.00,2013,Ore mined,O.Au,2300000
64,COM00007.00,2013,Ore processed,O.Au,2300000
65,COM00007.00,2014,Ore mined,O.Au,2500000
66,COM00007.00,2014,Ore processed,O.Au,2500000
67,COM00007.00,2015,Ore mined,O.Au,2600000
68,COM00007.00,2015,Ore processed,O.Au,2600000
69,COM00007.00,2016,Ore mined,O.Au,2800000
70,COM00007.00,2016,Ore processed,O.Au,2800000
71,COM00007.00,2017,Ore mined,O.Au,3000000
72,COM00007.00,2017,Ore processed,O.Au,3000000
73,COM00007.00,2018,Ore mined,O.Au,3000000
74,COM00007.00,2018,Ore processed,O.Au,3000000
75,COM00008.00,2005,Ore mined,O.bulk,997224
76,COM00008.00,2005,Ore processed,O.bulk,997224
77,COM00008.00,2006,Ore mined,O.bulk,1550437
78,COM00008.00,2006,Ore processed,O.bulk,1486800
79,COM00008.00,2007,Ore mined,O.bulk,1707330
80,COM00008.00,2007,Ore processed,O.bulk,1668959
81,COM00008.00,2008,Ore mined,O.bulk,1794089
82,COM00008.00,2008,Ore processed,O.bulk,1825212
83,COM00008.00,2009,Ore mined,O.bulk,1441903
84,COM00008.00,2009,Ore processed,O.bulk,1912675
85,COM00008.00,2010,Ore mined,O.bulk,1349336
86,COM00008.00,2010,Ore processed,O.bulk,1435177
87,COM00008.00,2011,Ore mined,O.bulk,24289
88,COM00008.00,2011,Ore processed,O.bulk,0
89,COM00008.00,2012,Ore mined,O.bulk,755000
90,COM00008.00,2012,Ore processed,O.bulk,577000
91,COM00008.00,2013,Ore mined,O.bulk,1785000
92,COM00008.00,2013,Ore processed,O.bulk,1606000
93,COM00008.00,2014,Ore mined,O.bulk,1755000
94,COM00008.00,2014,Ore processed,O.bulk,1660000
95,COM00008.00,2015,Ore mined,O.bulk,616000
96,COM00008.00,2015,Ore processed,O.bulk,1292000
97,COM00009.00,2007,Ore mined,O.Au,8094946
98,COM00009.00,2007,Ore processed,O.Au,7339248
99,COM00009.00,2008,Ore mined,O.Au,11101406
100,COM00009.00,2008,Ore processed,O.Au,7495286
101,COM00009.00,2009,Ore mined,O.Au,10416470
102,COM00009.00,2009,Ore processed,O.Au,7561512
103,COM00009.00,2010,Ore mined,O.Au,11122272
104,COM00009.00,2010,Ore processed,O.Au,7595078
105,COM00009.00,2011,Ore mined,O.Au,14181350
106,COM00009.00,2011,Ore processed,O.Au,7814621
107,COM00009.00,2012,Ore mined,O.Au,12576514
108,COM00009.00,2012,Ore processed,O.Au,7605965
109,COM00009.00,2013,Ore mined,O.Au,16135459
110,COM00009.00,2013,Ore processed,O.Au,7774704
111,COM00009.00,2014,Ore mined,O.Au,11909722
112,COM00009.00,2014,Ore processed,O.Au,7004491
113,COM00009.00,2015,Ore mined,O.Au,6546355
114,COM00009.00,2015,Ore processed,O.Au,6637075
115,COM00009.00,2016,Ore mined,O.Au,5836925
116,COM00009.00,2016,Ore processed,O.Au,7269394
117,COM00009.00,2017,Ore mined,O.Au,6631632
118,COM00009.00,2017,Ore processed,O.Au,6904699
119,COM00009.00,2018,Ore mined,O.Au,7319290
120,COM00009.00,2018,Ore processed,O.Au,6367637
121,COM00009.00,2019,Ore mined,O.Au,7764725
122,COM00009.00,2019,Ore processed,O.Au,6620746
123,COM00013.00,2000,Concentrate,Con.Cu,240202
124,COM00013.00,2000,Ore mined,O.Cu,18219000
125,COM00013.00,2000,Ore processed,O.Cu,18219000
126,COM00013.00,2001,Concentrate,Con.Cu,222129
127,COM00013.00,2001,Ore mined,O.Cu,17718000
128,COM00013.00,2001,Ore processed,O.Cu,17718000
129,COM00013.00,2002,Concentrate,Con.Cu,202290
130,COM00013.00,2002,Ore mined,O.Cu,18601000
131,COM00013.00,2002,Ore processed,O.Cu,18601000
132,COM00013.00,2003,Concentrate,Con.Cu,210789
133,COM00013.00,2003,Ore mined,O.Cu,18022000
134,COM00013.00,2003,Ore processed,O.Cu,18022000
135,COM00013.00,2004,Concentrate,Con.Cu,230554
136,COM00013.00,2004,Ore mined,O.Cu,17663000
137,COM00013.00,2004,Ore processed,O.Cu,17663000
138,COM00013.00,2005,Concentrate,Con.Cu,237179
139,COM00013.00,2005,Ore mined,O.Cu,16674000
140,COM00013.00,2005,Ore processed,O.Cu,16674000
141,COM00013.00,2006,Concentrate,Con.Cu,240054
142,COM00013.00,2006,Ore mined,O.Cu,18481000
143,COM00013.00,2006,Ore processed,O.Cu,18481000
144,COM00013.00,2007,Concentrate,Con.Cu,185302
145,COM00013.00,2007,Ore mined,O.Cu,18178000
146,COM00013.00,2007,Ore processed,O.Cu,18178000
147,COM00013.00,2008,Concentrate,Con.Cu,173624
148,COM00013.00,2008,Ore mined,O.Cu,17813000
149,COM00013.00,2008,Ore processed,O.Cu,17813000
150,COM00013.00,2009,Concentrate,Con.Cu,171000
151,COM00013.00,2009,Ore mined,O.Cu,18791000
152,COM00013.00,2009,Ore processed,O.Cu,18791000
153,COM00013.00,2010,Concentrate,Con.Cu,263000
154,COM00013.00,2010,Ore mined,O.Cu,27596000
155,COM00013.00,2010,Ore processed,O.Cu,27596000
156,COM00013.00,2011,Concentrate,Con.Cu,267000
157,COM00013.00,2011,Ore mined,O.Cu,31541000
158,COM00013.00,2011,Ore processed,O.Cu,31541000
159,COM00013.00,2012,Concentrate,Con.Cu,270000
160,COM00013.00,2012,Ore mined,O.Cu,34321000
161,COM00013.00,2012,Ore processed,O.Cu,34321000
162,COM00013.00,2013,Concentrate,Con.Cu,292000
163,COM00013.00,2013,Ore mined,O.Cu,37070000
164,COM00013.00,2013,Ore processed,O.Cu,37070000
165,COM00013.00,2014,Concentrate,Con.Cu,277000
166,COM00013.00,2014,Ore mined,O.Cu,39090000
167,COM00013.00,2014,Ore processed,O.Cu,39090000
168,COM00013.00,2015,Concentrate,Con.Cu,307000
169,COM00013.00,2015,Ore mined,O.Cu,36361000
170,COM00013.00,2015,Ore processed,O.Cu,36361000
171,COM00013.00,2016,Concentrate,Con.Cu,320000
172,COM00013.00,2016,Ore mined,O.Cu,36051000
173,COM00013.00,2016,Ore processed,O.Cu,36051000
174,COM00013.00,2017,Concentrate,Con.Cu,394000
175,COM00013.00,2017,Ore mined,O.Cu,39045000
176,COM00013.00,2017,Ore processed,O.Cu,39045000
177,COM00013.00,2018,Concentrate,Con.Cu,404000
178,COM00013.00,2018,Ore mined,O.Cu,38472000
179,COM00013.00,2018,Ore processed,O.Cu,38472000
180,COM00014.00,2007,Ore mined,O.Cu,40000
181,COM00014.00,2007,Ore processed,O.Cu,40000
182,COM00014.00,2008,Ore mined,O.Cu,2363000
183,COM00014.00,2008,Ore processed,O.Cu,2363000
184,COM00014.00,2011,Ore mined,O.Cu,501000
185,COM00014.00,2011,Ore processed,O.Cu,501000
186,COM00014.00,2012,Ore mined,O.Cu,1886000
187,COM00014.00,2012,Ore processed,O.Cu,1886000
188,COM00014.00,2013,Ore mined,O.Cu,2163000
189,COM00014.00,2013,Ore processed,O.Cu,2163000
190,COM00014.00,2014,Ore mined,O.Cu,1786000
191,COM00014.00,2014,Ore processed,O.Cu,1786000
192,COM00015.00,2015,Ore mined,O.oxi,3003000
193,COM00015.00,2015,Ore processed,O.oxi,3003000
194,COM00015.00,2016,Ore mined,O.oxi,15989000
195,COM00015.00,2016,Ore mined,O.sul,97000
196,COM00015.00,2016,Ore processed,O.oxi,15989000
197,COM00015.00,2017,Concentrate,Con.Cu,298600
198,COM00015.00,2017,Ore mined,O.oxi,13040000
199,COM00015.00,2017,Ore mined,O.sul,13208000
200,COM00015.00,2017,Ore processed,O.oxi,13040000
201,COM00015.00,2017,Ore processed,O.sul,12941000
202,COM00015.00,2018,Concentrate,Con.Cu,505100
203,COM00015.00,2018,Ore mined,O.oxi,16104000
204,COM00015.00,2018,Ore mined,O.sul,25807000
205,COM00015.00,2018,Ore processed,O.oxi,16104000
206,COM00015.00,2018,Ore processed,O.sul,20766000
207,COM00016.00,2013,Ore mined,O.Au,1732752
208,COM00016.00,2013,Ore processed,O.Au,1613002
209,COM00016.00,2014,Ore mined,O.Au,11387174
210,COM00016.00,2014,Ore processed,O.Au,7731158
211,COM00016.00,2015,Ore mined,O.Au,9366840
212,COM00016.00,2015,Ore processed,O.Au,7249435
213,COM00016.00,2016,Ore mined,O.Au,8980373
214,COM00016.00,2016,Ore processed,O.Au,8415187
215,COM00016.00,2017,Ore mined,O.Au,8217418
216,COM00016.00,2017,Ore processed,O.Au,8412466
217,COM00016.00,2018,Ore mined,O.Au,10622405
218,COM00016.00,2018,Ore processed,O.Au,7771075
219,COM00016.00,2019,Ore mined,O.Au,11652984
220,COM00016.00,2019,Ore processed,O.Au,7856352
221,COM00017.00,2014,Ore mined,O.Al,796813
222,COM00017.00,2014,Ore processed,O.Al,796813
223,COM00017.00,2015,Ore mined,O.Al,2390438
224,COM00017.00,2015,Ore processed,O.Al,2390438
225,COM00017.00,2016,Ore mined,O.Al,3585657
226,COM00017.00,2016,Ore processed,O.Al,3585657
227,COM00017.00,2017,Ore mined,O.Al,3585657
228,COM00017.00,2017,Ore processed,O.Al,3585657
229,COM00017.00,2018,Ore mined,O.Al,4382470
230,COM00017.00,2018,Ore processed,O.Al,4382470
231,COM00017.00,2019,Ore mined,O.Al,4780876
232,COM00017.00,2019,Ore processed,O.Al,4780876
233,COM00018.00,2007,Ore mined,O.bulk,1139899
234,COM00018.00,2007,Ore processed,O.bulk,1139899
235,COM00018.00,2008,Ore mined,O.bulk,1478423
236,COM00018.00,2008,Ore processed,O.bulk,1478423
237,COM00018.00,2009,Ore mined,O.bulk,1671257
238,COM00018.00,2009,Ore processed,O.bulk,1671257
239,COM00018.00,2010,Ore mined,O.bulk,1675952
240,COM00018.00,2010,Ore processed,O.bulk,1675952
241,COM00018.00,2011,Ore mined,O.bulk,1848000
242,COM00018.00,2011,Ore processed,O.bulk,1848000
243,COM00018.00,2012,Ore mined,O.bulk,1698000
244,COM00018.00,2012,Ore processed,O.bulk,1698000
245,COM00018.00,2013,Ore mined,O.bulk,1790000
246,COM00018.00,2013,Ore processed,O.bulk,1790000
247,COM00018.00,2014,Ore mined,O.bulk,1763000
248,COM00018.00,2014,Ore processed,O.bulk,1763000
249,COM00018.00,2015,Ore mined,O.bulk,1799000
250,COM00018.00,2015,Ore processed,O.bulk,1799000
251,COM00018.00,2016,Ore mined,O.bulk,1833000
252,COM00018.00,2016,Ore processed,O.bulk,1833000
253,COM00018.00,2017,Ore mined,O.bulk,452000
254,COM00018.00,2017,Ore processed,O.bulk,452000
255,COM00021.00,2007,Ore mined,O.bulk,161387
256,COM00021.00,2007,Ore processed,O.bulk,11399
257,COM00024.00,2014,Ore mined,O.bulk,603000
258,COM00024.00,2014,Ore processed,O.bulk,603000
259,COM00024.00,2015,Ore mined,O.bulk,879000
260,COM00024.00,2015,Ore processed,O.bulk,879000
261,COM00024.00,2016,Ore mined,O.bulk,910000
262,COM00024.00,2016,Ore processed,O.bulk,910000
263,COM00024.00,2017,Ore mined,O.bulk,958000
264,COM00024.00,2017,Ore processed,O.bulk,958000
265,COM00024.00,2018,Ore mined,O.bulk,438000
266,COM00024.00,2018,Ore processed,O.bulk,948000
267,COM00025.00,2008,Ore mined,O.Al,4923077
268,COM00025.00,2008,Ore processed,O.Al,4923077
269,COM00025.00,2009,Ore mined,O.Al,461538
270,COM00025.00,2009,Ore processed,O.Al,461538
271,COM00025.00,2010,Ore mined,O.Al,0
272,COM00025.00,2010,Ore processed,O.Al,0
273,COM00025.00,2011,Ore mined,O.Al,0
274,COM00025.00,2011,Ore processed,O.Al,0
275,COM00025.00,2012,Ore mined,O.Al,0
276,COM00025.00,2012,Ore processed,O.Al,0
277,COM00025.00,2013,Ore mined,O.Al,0
278,COM00025.00,2013,Ore processed,O.Al,0
279,COM00025.00,2014,Ore mined,O.Al,0
280,COM00025.00,2014,Ore processed,O.Al,0
281,COM00025.00,2015,Ore mined,O.Al,82000
282,COM00025.00,2015,Ore processed,O.Al,82000
283,COM00031.00,2005,Ore mined,O.bulk,33372000
284,COM00031.00,2005,Ore processed,O.bulk,36608000
285,COM00031.00,2006,Ore mined,O.bulk,31001333
286,COM00031.00,2006,Ore processed,O.bulk,36349600
287,COM00031.00,2007,Ore mined,O.bulk,25617067
288,COM00031.00,2007,Ore processed,O.bulk,38606933
289,COM00031.00,2008,Ore mined,O.bulk,28070667
290,COM00031.00,2008,Ore processed,O.bulk,37502133
291,COM00031.00,2009,Ore mined,O.bulk,29304000
292,COM00031.00,2009,Ore processed,O.bulk,37534133
293,COM00031.00,2010,Ore mined,O.bulk,25022933
294,COM00031.00,2010,Ore processed,O.bulk,37427733
295,COM00031.00,2011,Ore mined,O.bulk,22227467
296,COM00031.00,2011,Ore processed,O.bulk,38201067
297,COM00031.00,2012,Ore mined,O.bulk,31390667
298,COM00031.00,2012,Ore processed,O.bulk,39698933
299,COM00031.00,2013,Ore mined,O.bulk,25450933
300,COM00031.00,2013,Ore processed,O.bulk,37370667
301,COM00031.00,2014,Ore mined,O.bulk,16930133
302,COM00031.00,2014,Ore processed,O.bulk,35485333
303,COM00031.00,2015,Ore mined,O.bulk,37938667
304,COM00031.00,2015,Ore processed,O.bulk,33069333
305,COM00031.00,2016,Ore mined,O.bulk,33512000
306,COM00031.00,2016,Ore processed,O.bulk,34664000
307,COM00034.00,2008,Ore mined,O.Fe,712000
308,COM00034.00,2008,Ore processed,O.Fe,712000
309,COM00042.00,2008,Ore mined,O.Au,35438
310,COM00042.00,2008,Ore processed,O.Au,35438
311,COM00042.00,2009,Ore mined,O.Au,213762
312,COM00042.00,2009,Ore processed,O.Au,213762
313,COM00042.00,2010,Ore mined,O.Au,232718
314,COM00042.00,2010,Ore processed,O.Au,232718
315,COM00042.00,2011,Ore mined,O.Au,236545
316,COM00042.00,2011,Ore processed,O.Au,236545
317,COM00042.00,2012,Ore mined,O.Au,256119
318,COM00042.00,2012,Ore processed,O.Au,256119
319,COM00042.00,2013,Ore mined,O.Au,246346
320,COM00042.00,2013,Ore processed,O.Au,246346
321,COM00042.00,2014,Ore mined,O.Au,226425
322,COM00042.00,2014,Ore processed,O.Au,226425
323,COM00042.00,2015,Ore mined,O.Au,199751
324,COM00042.00,2015,Ore processed,O.Au,199751
325,COM00042.00,2016,Ore mined,O.Au,176466
326,COM00042.00,2016,Ore processed,O.Au,176466
327,COM00043.00,2005,Ore mined,O.Fe,900000
328,COM00043.00,2005,Ore processed,O.Fe,900000
329,COM00043.00,2006,Ore mined,O.Fe,1400000
330,COM00043.00,2006,Ore processed,O.Fe,1400000
331,COM00043.00,2007,Ore mined,O.Fe,1300000
332,COM00043.00,2007,Ore processed,O.Fe,1300000
333,COM00043.00,2008,Ore mined,O.Fe,1400000
334,COM00043.00,2008,Ore processed,O.Fe,1400000
335,COM00043.00,2009,Ore mined,O.Fe,800000
336,COM00043.00,2009,Ore processed,O.Fe,800000
337,COM00043.00,2010,Ore mined,O.Fe,3200000
338,COM00043.00,2010,Ore processed,O.Fe,3200000
339,COM00043.00,2011,Concentrate,Oth.sif,1700000
340,COM00043.00,2012,Concentrate,Oth.sif,2340000
341,COM00043.00,2013,Concentrate,Oth.sif,2500000
342,COM00043.00,2014,Concentrate,Oth.sif,2600000
343,COM00043.00,2015,Concentrate,Oth.sif,1500000
344,COM00043.00,2016,Concentrate,Oth.sif,1500000
345,COM00043.00,2017,Concentrate,Oth.sif,1600000
346,COM00043.00,2018,Concentrate,Oth.sif,1500000
347,COM00043.00,2019,Concentrate,Oth.sif,1500000
348,COM00048.00,2001,Ore mined,O.bulk,12900000
349,COM00048.00,2001,Ore processed,O.bulk,12900000
350,COM00048.00,2002,Ore mined,O.bulk,26748000
351,COM00048.00,2002,Ore processed,O.bulk,26748000
352,COM00048.00,2003,Ore mined,O.bulk,26412000
353,COM00048.00,2003,Ore processed,O.bulk,26412000
354,COM00048.00,2004,Ore mined,O.bulk,31255000
355,COM00048.00,2004,Ore processed,O.bulk,31255000
356,COM00048.00,2005,Ore mined,O.bulk,30344000
357,COM00048.00,2005,Ore processed,O.bulk,30344000
358,COM00048.00,2006,Ore mined,O.bulk,30256000
359,COM00048.00,2006,Ore processed,O.bulk,30256000
360,COM00048.00,2007,Ore mined,O.bulk,31174000
361,COM00048.00,2007,Ore processed,O.bulk,31174000
362,COM00048.00,2010,Ore mined,O.bulk,36507000
363,COM00048.00,2010,Ore processed,O.bulk,36507000
364,COM00048.00,2011,Ore mined,O.bulk,37594000
365,COM00048.00,2011,Ore processed,O.bulk,37594000
366,COM00048.00,2012,Ore mined,O.bulk,46483000
367,COM00048.00,2012,Ore processed,O.bulk,46483000
368,COM00048.00,2013,Ore mined,O.bulk,47039000
369,COM00048.00,2013,Ore processed,O.bulk,47039000
370,COM00048.00,2014,Ore mined,O.bulk,50450000
371,COM00048.00,2014,Ore processed,O.bulk,50450000
372,COM00048.00,2015,Ore mined,O.bulk,56196000
373,COM00048.00,2015,Ore processed,O.bulk,56196000
374,COM00048.00,2016,Ore mined,O.bulk,54045000
375,COM00048.00,2016,Ore processed,O.bulk,54045000
376,COM00048.00,2017,Ore mined,O.bulk,51104000
377,COM00048.00,2017,Ore processed,O.bulk,51104000
378,COM00048.00,2018,Ore mined,O.bulk,51247000
379,COM00048.00,2018,Ore processed,O.bulk,51247000
380,COM00049.00,2006,Ore mined,O.Cu,10700000
381,COM00049.00,2006,Ore processed,O.Cu,10700000
382,COM00049.00,2007,Ore mined,O.Cu,11800000
383,COM00049.00,2007,Ore processed,O.Cu,11800000
384,COM00049.00,2008,Ore mined,O.Cu,7100000
385,COM00049.00,2008,Ore processed,O.Cu,7100000
386,COM00049.00,2009,Ore mined,O.Cu,7000000
387,COM00049.00,2009,Ore processed,O.Cu,7000000
388,COM00049.00,2010,Ore mined,O.Cu,7300000
389,COM00049.00,2010,Ore processed,O.Cu,7300000
390,COM00049.00,2011,Ore mined,O.Cu,7300000
391,COM00049.00,2011,Ore processed,O.Cu,7300000
392,COM00050.00,2001,Ore mined,O.bulk,60178
393,COM00050.00,2001,Ore processed,O.bulk,60178
394,COM00050.00,2002,Ore mined,O.bulk,121161
395,COM00050.00,2002,Ore processed,O.bulk,121161
396,COM00050.00,2003,Ore mined,O.bulk,155494
397,COM00050.00,2003,Ore processed,O.bulk,155494
398,COM00050.00,2004,Ore mined,O.bulk,179785
399,COM00050.00,2004,Ore processed,O.bulk,179785
400,COM00050.00,2005,Ore mined,O.bulk,179873
401,COM00050.00,2005,Ore processed,O.bulk,179873
402,COM00050.00,2006,Ore mined,O.bulk,179820
403,COM00050.00,2006,Ore processed,O.bulk,179820
404,COM00050.00,2007,Ore mined,O.bulk,178969
405,COM00050.00,2007,Ore processed,O.bulk,178969
406,COM00050.00,2008,Ore mined,O.bulk,207014
407,COM00050.00,2008,Ore processed,O.bulk,207014
408,COM00050.00,2009,Ore mined,O.bulk,142760
409,COM00050.00,2009,Ore processed,O.bulk,142760
410,COM00050.00,2010,Ore mined,O.bulk,145915
411,COM00050.00,2010,Ore processed,O.bulk,145915
412,COM00050.00,2011,Ore mined,O.bulk,155842
413,COM00050.00,2011,Ore processed,O.bulk,155842
414,COM00050.00,2012,Ore mined,O.bulk,78120
415,COM00050.00,2012,Ore processed,O.bulk,78120
416,COM00050.00,2013,Ore mined,O.bulk,0
417,COM00050.00,2013,Ore processed,O.bulk,0
418,COM00051.00,2018,Concentrate,Con.Cu,22238
419,COM00051.00,2018,Ore mined,O.bulk,539102
420,COM00051.00,2018,Ore processed,O.bulk,384630
421,COM00051.00,2019,Concentrate,Con.Cu,25448
422,COM00051.00,2019,Ore mined,O.bulk,468732
423,COM00051.00,2019,Ore processed,O.bulk,773602
424,COM00054.00,2016,Ore mined,O.Cu,24674000
425,COM00054.00,2016,Ore processed,O.Cu,24674000
426,COM00054.00,2017,Ore mined,O.Cu,29090500
427,COM00054.00,2017,Ore processed,O.Cu,29090500
428,COM00054.00,2018,Ore mined,O.Cu,27265500
429,COM00054.00,2018,Ore processed,O.Cu,27265500
430,COM00054.00,2019,Ore mined,O.Cu,24272500
431,COM00054.00,2019,Ore processed,O.Cu,24272500
432,COM00056.00,2010,Ore mined,O.P,1182000
433,COM00056.00,2010,Ore processed,O.P,1182000
434,COM00056.00,2011,Ore mined,O.P,1231000
435,COM00056.00,2011,Ore processed,O.P,1231000
436,COM00056.00,2012,Ore mined,O.P,1084000
437,COM00056.00,2012,Ore processed,O.P,1084000
438,COM00056.00,2013,Ore mined,O.P,1111000
439,COM00056.00,2013,Ore processed,O.P,1111000
440,COM00069.00,2007,Ore mined,O.bulk,1395000
441,COM00069.00,2007,Ore processed,O.bulk,1395000
442,COM00069.00,2008,Ore mined,O.bulk,1548000
443,COM00069.00,2008,Ore processed,O.bulk,1548000
444,COM00069.00,2009,Ore mined,O.bulk,1198000
445,COM00069.00,2009,Ore processed,O.bulk,1198000
446,COM00069.00,2010,Ore mined,O.bulk,1397000
447,COM00069.00,2010,Ore processed,O.bulk,1397000
448,COM00069.00,2011,Ore mined,O.bulk,1283000
449,COM00069.00,2011,Ore processed,O.bulk,1283000
450,COM00069.00,2012,Ore mined,O.bulk,1540000
451,COM00069.00,2012,Ore processed,O.bulk,1540000
452,COM00069.00,2013,Ore mined,O.bulk,1332000
453,COM00069.00,2013,Ore processed,O.bulk,1332000
454,COM00069.00,2014,Ore mined,O.bulk,1358000
455,COM00069.00,2014,Ore processed,O.bulk,1358000
456,COM00069.00,2015,Ore mined,O.bulk,1289000
457,COM00069.00,2015,Ore processed,O.bulk,1289000
458,COM00069.00,2016,Ore mined,O.bulk,1309000
459,COM00069.00,2016,Ore processed,O.bulk,1309000
460,COM00073.00,2011,Concentrate,Con.Fe,300000
461,COM00073.00,2012,Concentrate,Con.Fe,440000
462,COM00073.00,2013,Concentrate,Con.Fe,400000
463,COM00073.00,2014,Concentrate,Con.Fe,400000
464,COM00073.00,2015,Concentrate,Con.Fe,400000
465,COM00073.00,2016,Concentrate,Con.Fe,500000
466,COM00073.00,2017,Concentrate,Con.Fe,500000
467,COM00073.00,2018,Concentrate,Con.Fe,500000
468,COM00073.00,2019,Concentrate,Con.Fe,600000
469,COM00074.00,2011,Concentrate,Con.Fe,1200000
470,COM00074.00,2012,Concentrate,Con.Fe,640000
471,COM00074.00,2013,Concentrate,Con.Fe,600000
472,COM00074.00,2014,Concentrate,Con.Fe,900000
473,COM00074.00,2015,Concentrate,Con.Fe,800000
474,COM00074.00,2016,Concentrate,Con.Fe,800000
475,COM00074.00,2017,Concentrate,Con.Fe,1000000
476,COM00074.00,2018,Concentrate,Con.Fe,800000
477,COM00074.00,2019,Concentrate,Con.Fe,900000
478,COM00077.00,2000,Ore mined,O.FeTiO3,360000
479,COM00077.00,2000,Ore mined,O.TiO2,28000
480,COM00077.00,2000,Ore mined,O.Zr,74000
481,COM00077.00,2000,Ore processed,O.FeTiO3,360000
482,COM00077.00,2000,Ore processed,O.TiO2,28000
483,COM00077.00,2000,Ore processed,O.Zr,74000
484,COM00077.00,2001,Ore mined,O.FeTiO3,442000
485,COM00077.00,2001,Ore mined,O.TiO2,32000
486,COM00077.00,2001,Ore mined,O.Zr,90000
487,COM00077.00,2001,Ore processed,O.FeTiO3,442000
488,COM00077.00,2001,Ore processed,O.TiO2,32000
489,COM00077.00,2001,Ore processed,O.Zr,90000
490,COM00077.00,2002,Ore mined,O.FeTiO3,446000
491,COM00077.00,2002,Ore mined,O.TiO2,30000
492,COM00077.00,2002,Ore mined,O.Zr,78000
493,COM00077.00,2002,Ore processed,O.FeTiO3,446000
494,COM00077.00,2002,Ore processed,O.TiO2,30000
495,COM00077.00,2002,Ore processed,O.Zr,78000
496,COM00077.00,2003,Ore mined,O.FeTiO3,434000
497,COM00077.00,2003,Ore mined,O.TiO2,34000
498,COM00077.00,2003,Ore mined,O.Zr,80000
499,COM00077.00,2003,Ore processed,O.FeTiO3,434000
500,COM00077.00,2003,Ore processed,O.TiO2,34000
501,COM00077.00,2003,Ore processed,O.Zr,80000
502,COM00077.00,2004,Ore mined,O.FeTiO3,472000
503,COM00077.00,2004,Ore mined,O.TiO2,36000
504,COM00077.00,2004,Ore mined,O.Zr,76000
505,COM00077.00,2004,Ore processed,O.FeTiO3,472000
506,COM00077.00,2004,Ore processed,O.TiO2,36000
507,COM00077.00,2004,Ore processed,O.Zr,76000
508,COM00077.00,2005,Ore mined,O.FeTiO3,440000
509,COM00077.00,2005,Ore mined,O.TiO2,32000
510,COM00077.00,2005,Ore mined,O.Zr,70000
511,COM00077.00,2005,Ore processed,O.FeTiO3,440000
512,COM00077.00,2005,Ore processed,O.TiO2,32000
513,COM00077.00,2005,Ore processed,O.Zr,70000
514,COM00077.00,2006,Ore mined,O.FeTiO3,454000
515,COM00077.00,2006,Ore mined,O.TiO2,36000
516,COM00077.00,2006,Ore mined,O.Zr,72000
517,COM00077.00,2006,Ore processed,O.FeTiO3,454000
518,COM00077.00,2006,Ore processed,O.TiO2,36000
519,COM00077.00,2006,Ore processed,O.Zr,72000
520,COM00077.00,2007,Ore mined,O.FeTiO3,432000
521,COM00077.00,2007,Ore mined,O.TiO2,34000
522,COM00077.00,2007,Ore mined,O.Zr,72000
523,COM00077.00,2007,Ore processed,O.FeTiO3,432000
524,COM00077.00,2007,Ore processed,O.TiO2,34000
525,COM00077.00,2007,Ore processed,O.Zr,72000
526,COM00077.00,2008,Ore mined,O.FeTiO3,348000
527,COM00077.00,2008,Ore mined,O.TiO2,26000
528,COM00077.00,2008,Ore mined,O.Zr,38000
529,COM00077.00,2008,Ore processed,O.FeTiO3,348000
530,COM00077.00,2008,Ore processed,O.TiO2,26000
531,COM00077.00,2008,Ore processed,O.Zr,38000
532,COM00077.00,2009,Ore mined,O.FeTiO3,414000
533,COM00077.00,2009,Ore mined,O.TiO2,32000
534,COM00077.00,2009,Ore mined,O.Zr,66000
535,COM00077.00,2009,Ore processed,O.FeTiO3,414000
536,COM00077.00,2009,Ore processed,O.TiO2,32000
537,COM00077.00,2009,Ore processed,O.Zr,66000
538,COM00077.00,2010,Ore mined,O.FeTiO3,462000
539,COM00077.00,2010,Ore mined,O.TiO2,36000
540,COM00077.00,2010,Ore mined,O.Zr,70000
541,COM00077.00,2010,Ore processed,O.FeTiO3,462000
542,COM00077.00,2010,Ore processed,O.TiO2,36000
543,COM00077.00,2010,Ore processed,O.Zr,70000
544,COM00077.00,2011,Ore mined,O.FeTiO3,452000
545,COM00077.00,2011,Ore mined,O.TiO2,38000
546,COM00077.00,2011,Ore mined,O.Zr,64000
547,COM00077.00,2011,Ore processed,O.FeTiO3,452000
548,COM00077.00,2011,Ore processed,O.TiO2,38000
549,COM00077.00,2011,Ore processed,O.Zr,64000
550,COM00080.00,2008,Ore mined,O.Al,440000
551,COM00080.00,2008,Ore processed,O.Al,440000
552,COM00080.00,2009,Ore mined,O.Al,796000
553,COM00080.00,2009,Ore processed,O.Al,796000
554,COM00082.00,2000,Ore mined,O.Mn,1400000
555,COM00082.00,2000,Ore processed,O.Mn,1400000
556,COM00082.00,2001,Ore mined,O.Mn,1400000
557,COM00082.00,2001,Ore processed,O.Mn,1400000
558,COM00082.00,2002,Ore mined,O.Mn,1751000
559,COM00082.00,2002,Ore processed,O.Mn,1751000
560,COM00082.00,2003,Ore mined,O.Mn,1548000
561,COM00082.00,2003,Ore processed,O.Mn,1548000
562,COM00082.00,2004,Ore mined,O.Mn,2008000
563,COM00082.00,2004,Ore processed,O.Mn,2008000
564,COM00082.00,2005,Ore mined,O.Mn,2236000
565,COM00082.00,2005,Ore processed,O.Mn,2236000
566,COM00082.00,2006,Ore mined,O.Mn,1692000
567,COM00082.00,2006,Ore processed,O.Mn,1692000
568,COM00082.00,2007,Ore mined,O.Mn,945000
569,COM00082.00,2007,Ore processed,O.Mn,945000
570,COM00082.00,2008,Ore mined,O.Mn,2003000
571,COM00082.00,2008,Ore processed,O.Mn,2003000
572,COM00082.00,2009,Ore mined,O.Mn,1382000
573,COM00082.00,2009,Ore processed,O.Mn,1382000
574,COM00082.00,2010,Ore mined,O.Mn,1550000
575,COM00082.00,2010,Ore processed,O.Mn,1550000
576,COM00082.00,2011,Ore mined,O.Mn,2065000
577,COM00082.00,2011,Ore processed,O.Mn,2065000
578,COM00082.00,2012,Ore mined,O.Mn,1863000
579,COM00082.00,2012,Ore processed,O.Mn,1863000
580,COM00082.00,2013,Ore mined,O.Mn,1850000
581,COM00082.00,2013,Ore processed,O.Mn,1850000
582,COM00082.00,2014,Ore mined,O.Mn,1695000
583,COM00082.00,2014,Ore processed,O.Mn,1695000
584,COM00082.00,2015,Ore mined,O.Mn,1706000
585,COM00082.00,2015,Ore processed,O.Mn,1706000
586,COM00082.00,2016,Ore mined,O.Mn,1697000
587,COM00082.00,2016,Ore processed,O.Mn,1697000
588,COM00082.00,2017,Ore mined,O.Mn,1419000
589,COM00082.00,2017,Ore processed,O.Mn,1419000
590,COM00082.00,2018,Ore mined,O.Mn,1028000
591,COM00082.00,2018,Ore processed,O.Mn,1028000
592,COM00082.00,2019,Ore mined,O.Mn,1003000
593,COM00082.00,2019,Ore processed,O.Mn,1003000
594,COM00084.00,2000,Ore mined,O.Cu,69101000
595,COM00084.00,2000,Ore processed,O.Cu,29846000
596,COM00084.00,2001,Ore mined,O.Cu,63680000
597,COM00084.00,2001,Ore processed,O.Cu,696000
598,COM00084.00,2001,Ore processed,O.Cu,31667000
599,COM00084.00,2002,Ore mined,O.Cu,42912000
600,COM00084.00,2002,Ore processed,O.Cu,328000
601,COM00084.00,2002,Ore processed,O.Cu,19783000
602,COM00084.00,2003,Ore mined,O.Cu,48935000
603,COM00084.00,2003,Ore processed,O.Cu,26103000
604,COM00088.00,2016,Ore mined,O.Au,10656000
605,COM00088.00,2016,Ore processed,O.Au,10656000
606,COM00088.00,2017,Ore mined,O.Au,21615000
607,COM00088.00,2017,Ore processed,O.Au,21615000
608,COM00088.00,2018,Ore mined,O.Au,24477000
609,COM00088.00,2018,Ore processed,O.Au,23654000
610,COM00098.00,2005,Ore mined,O.Au,316094
611,COM00098.00,2005,Ore processed,O.Au,316094
612,COM00098.00,2006,Ore mined,O.Au,313779
613,COM00098.00,2006,Ore processed,O.Au,313779
614,COM00098.00,2007,Ore mined,O.Au,330367
615,COM00098.00,2007,Ore processed,O.Au,330367
616,COM00098.00,2008,Ore mined,O.Au,315305
617,COM00098.00,2008,Ore processed,O.Au,315305
618,COM00098.00,2009,Ore mined,O.Au,313952
619,COM00098.00,2009,Ore processed,O.Au,313952
620,COM00100.00,2011,Ore mined,O.Ni,978000
621,COM00100.00,2011,Ore processed,O.Ni,456500
622,COM00100.00,2012,Ore mined,O.Ni,1231700
623,COM00100.00,2012,Ore processed,O.Ni,1422100
624,COM00100.00,2013,Ore mined,O.Ni,1998900
625,COM00100.00,2013,Ore processed,O.Ni,1616300
626,COM00100.00,2014,Ore mined,O.Ni,2510400
627,COM00100.00,2014,Ore processed,O.Ni,1827400
628,COM00100.00,2015,Ore mined,O.Ni,2943600
629,COM00100.00,2015,Ore processed,O.Ni,1472800
630,COM00100.00,2016,Ore mined,O.Ni,2630700
631,COM00100.00,2016,Ore processed,O.Ni,2357100
632,COM00100.00,2017,Ore mined,O.Ni,6272800
633,COM00100.00,2017,Ore processed,O.Ni,2309300
634,COM00100.00,2018,Ore mined,O.Ni,4667200
635,COM00100.00,2018,Ore processed,O.Ni,2264200
636,COM00100.00,2019,Ore mined,O.Ni,4075600
637,COM00100.00,2019,Ore processed,O.Ni,2265700
638,COM00100.00,2020,Ore mined,O.Ni,4197900
639,COM00100.00,2020,Ore processed,O.Ni,2400600
640,COM00104.00,2007,Ore mined,O.Au,26801410
641,COM00104.00,2007,Ore processed,O.Au,42440630
642,COM00104.00,2008,Ore mined,O.Au,69212102
643,COM00104.00,2008,Ore processed,O.Au,34308490
644,COM00104.00,2009,Ore mined,O.Au,110732832
645,COM00104.00,2009,Ore processed,O.Au,40466563
646,COM00104.00,2010,Ore mined,O.Au,25555824
647,COM00104.00,2010,Ore processed,O.Au,43375046
648,COM00104.00,2011,Ore mined,O.Au,6706930
649,COM00104.00,2011,Ore processed,O.Au,32219208
650,COM00104.00,2012,Ore mined,O.Au,1223813
651,COM00104.00,2012,Ore processed,O.Au,32096736
652,COM00104.00,2013,Ore mined,O.Au,27311256
653,COM00104.00,2013,Ore processed,O.Au,31893523
654,COM00104.00,2014,Ore mined,O.Au,63438682
655,COM00104.00,2014,Ore processed,O.Au,22237286
656,COM00104.00,2015,Ore mined,O.Au,91859443
657,COM00104.00,2015,Ore processed,O.Au,42026040
658,COM00106.00,2008,Ore mined,O.Al,1777778
659,COM00106.00,2008,Ore processed,O.Al,1777778
660,COM00106.00,2009,Ore mined,O.Al,1333333
661,COM00106.00,2009,Ore processed,O.Al,1333333
662,COM00106.00,2010,Ore mined,O.Al,823000
663,COM00106.00,2010,Ore processed,O.Al,823000
664,COM00106.00,2011,Ore mined,O.Al,1328000
665,COM00106.00,2011,Ore processed,O.Al,1328000
666,COM00106.00,2012,Ore mined,O.Al,1566000
667,COM00106.00,2012,Ore processed,O.Al,1566000
668,COM00106.00,2013,Ore mined,O.Al,1358000
669,COM00106.00,2013,Ore processed,O.Al,1358000
670,COM00106.00,2014,Ore mined,O.Al,1237000
671,COM00106.00,2014,Ore processed,O.Al,1237000
672,COM00106.00,2015,Ore mined,O.Al,1176000
673,COM00106.00,2015,Ore processed,O.Al,1176000
674,COM00106.00,2016,Ore mined,O.Al,1094000
675,COM00106.00,2016,Ore processed,O.Al,1094000
676,COM00106.00,2017,Ore mined,O.Al,1044000
677,COM00106.00,2017,Ore processed,O.Al,1044000
678,COM00106.00,2018,Ore mined,O.Al,1394000
679,COM00106.00,2018,Ore processed,O.Al,1394000
680,COM00106.00,2019,Ore mined,O.Al,1412000
681,COM00106.00,2019,Ore processed,O.Al,1412000
682,COM00107.00,2010,Ore mined,O.P,791000
683,COM00107.00,2010,Ore processed,O.P,791000
684,COM00107.00,2011,Ore mined,O.P,2544000
685,COM00107.00,2011,Ore processed,O.P,2544000
686,COM00107.00,2012,Ore mined,O.P,3209000
687,COM00107.00,2012,Ore processed,O.P,3209000
688,COM00107.00,2013,Ore mined,O.P,3546000
689,COM00107.00,2013,Ore processed,O.P,3546000
690,COM00110.00,2012,Ore mined,O.Au,3368000
691,COM00110.00,2012,Ore processed,O.Au,3368000
692,COM00110.00,2013,Ore mined,O.Au,4091000
693,COM00110.00,2013,Ore processed,O.Au,4091000
694,COM00110.00,2014,Ore mined,O.Au,4546000
695,COM00110.00,2014,Ore processed,O.Au,4546000
696,COM00110.00,2015,Ore mined,O.Au,4319000
697,COM00110.00,2015,Ore processed,O.Au,4319000
698,COM00110.00,2016,Ore mined,O.Au,4333000
699,COM00110.00,2016,Ore processed,O.Au,4333000
700,COM00110.00,2017,Ore mined,O.Au,3515000
701,COM00110.00,2017,Ore processed,O.Au,3515000
702,COM00110.00,2018,Ore mined,O.Au,2952000
703,COM00110.00,2018,Ore processed,O.Au,2952000
704,COM00114.00,2005,Ore mined,O.Fe,6434000
705,COM00114.00,2005,Ore processed,O.Fe,6434000
706,COM00114.00,2006,Ore mined,O.Fe,5536000
707,COM00114.00,2006,Ore processed,O.Fe,5536000
708,COM00114.00,2007,Ore mined,O.Fe,6675000
709,COM00114.00,2007,Ore processed,O.Fe,6675000
710,COM00114.00,2008,Ore mined,O.Fe,4493000
711,COM00114.00,2008,Ore processed,O.Fe,4493000
712,COM00114.00,2009,Ore mined,O.Fe,2658000
713,COM00114.00,2009,Ore processed,O.Fe,2658000
714,COM00114.00,2010,Ore mined,O.Fe,521000
715,COM00114.00,2010,Ore processed,O.Fe,521000
716,COM00114.00,2011,Ore mined,O.Fe,960000
717,COM00114.00,2011,Ore processed,O.Fe,960000
718,COM00114.00,2012,Ore mined,O.Fe,1389000
719,COM00114.00,2012,Ore processed,O.Fe,1389000
720,COM00114.00,2013,Ore mined,O.Fe,2013000
721,COM00114.00,2013,Ore processed,O.Fe,2013000
722,COM00114.00,2014,Ore mined,O.Fe,2223000
723,COM00114.00,2014,Ore processed,O.Fe,2223000
724,COM00114.00,2015,Ore mined,O.Fe,3427000
725,COM00114.00,2015,Ore processed,O.Fe,3427000
726,COM00114.00,2016,Ore mined,O.Fe,3110000
727,COM00114.00,2016,Ore processed,O.Fe,3110000
728,COM00114.00,2017,Ore mined,O.Fe,3154000
729,COM00114.00,2017,Ore processed,O.Fe,3154000
730,COM00114.00,2018,Ore mined,O.Fe,3884000
731,COM00114.00,2018,Ore processed,O.Fe,3884000
732,COM00114.00,2019,Ore mined,O.Fe,3641000
733,COM00114.00,2019,Ore processed,O.Fe,3641000
734,COM00119.00,2007,Ore mined,O.bulk,211000
735,COM00119.00,2007,Ore processed,O.bulk,211000
736,COM00119.00,2008,Ore mined,O.bulk,163000
737,COM00119.00,2008,Ore processed,O.bulk,163000
738,COM00119.00,2009,Ore mined,O.bulk,0
739,COM00119.00,2009,Ore processed,O.bulk,0
740,COM00119.00,2010,Ore mined,O.bulk,18000
741,COM00119.00,2010,Ore processed,O.bulk,18000
742,COM00119.00,2011,Ore mined,O.bulk,22000
743,COM00119.00,2011,Ore processed,O.bulk,22000
744,COM00122.00,2012,Concentrate,Con.MnO,326000
745,COM00122.00,2012,Ore mined,O.Mn,447000
746,COM00122.00,2012,Ore processed,O.Mn,447000
747,COM00122.00,2013,Concentrate,Con.MnO,381000
748,COM00122.00,2013,Ore mined,O.Mn,514000
749,COM00122.00,2013,Ore processed,O.Mn,514000
750,COM00122.00,2014,Concentrate,Con.MnO,331000
751,COM00122.00,2014,Ore mined,O.Mn,591000
752,COM00122.00,2014,Ore processed,O.Mn,591000
753,COM00122.00,2015,Concentrate,Con.MnO,174000
754,COM00122.00,2015,Ore mined,O.Mn,316000
755,COM00122.00,2015,Ore processed,O.Mn,316000
756,COM00122.00,2016,Concentrate,Con.MnO,0
757,COM00122.00,2016,Ore mined,O.Mn,0
758,COM00122.00,2016,Ore processed,O.Mn,0
759,COM00122.00,2017,Concentrate,Con.MnO,616000
760,COM00122.00,2017,Ore mined,O.Mn,982000
761,COM00122.00,2017,Ore processed,O.Mn,982000
762,COM00122.00,2018,Concentrate,Con.MnO,812000
763,COM00122.00,2018,Ore mined,O.Mn,1276000
764,COM00122.00,2018,Ore processed,O.Mn,1276000
765,COM00122.00,2019,Concentrate,Con.MnO,921000
766,COM00122.00,2019,Ore mined,O.Mn,1574000
767,COM00122.00,2019,Ore processed,O.Mn,1574000
768,COM00130.00,2004,Ore mined,O.Au,2550000
769,COM00130.00,2004,Ore processed,O.Au,2550000
770,COM00130.00,2005,Ore mined,O.Au,2400000
771,COM00130.00,2005,Ore processed,O.Au,2400000
772,COM00130.00,2006,Ore mined,O.Au,2290909
773,COM00130.00,2006,Ore processed,O.Au,2290909
774,COM00136.00,2001,Ore mined,O.Ni,431000
775,COM00136.00,2001,Ore processed,O.Ni,431000
776,COM00136.00,2002,Ore mined,O.Ni,425000
777,COM00136.00,2002,Ore processed,O.Ni,425000
778,COM00136.00,2003,Ore mined,O.Ni,640000
779,COM00136.00,2003,Ore processed,O.Ni,640000
780,COM00136.00,2004,Ore mined,O.Ni,962000
781,COM00136.00,2004,Ore processed,O.Ni,962000
782,COM00136.00,2005,Ore mined,O.Ni,1121000
783,COM00136.00,2005,Ore processed,O.Ni,1121000
784,COM00136.00,2006,Ore mined,O.Ni,1069000
785,COM00136.00,2006,Ore processed,O.Ni,1069000
786,COM00136.00,2007,Ore mined,O.Ni,1164000
787,COM00136.00,2007,Ore processed,O.Ni,1164000
788,COM00136.00,2008,Ore mined,O.Ni,971000
789,COM00136.00,2008,Ore processed,O.Ni,971000
790,COM00136.00,2009,Ore mined,O.Ni,769000
791,COM00136.00,2009,Ore processed,O.Ni,769000
792,COM00136.00,2010,Ore mined,O.Ni,832000
793,COM00136.00,2010,Ore processed,O.Ni,832000
794,COM00136.00,2011,Ore mined,O.Ni,721000
795,COM00136.00,2011,Ore processed,O.Ni,721000
796,COM00136.00,2012,Ore mined,O.Ni,643000
797,COM00136.00,2012,Ore processed,O.Ni,643000
798,COM00136.00,2013,Ore mined,O.Ni,613000
799,COM00136.00,2013,Ore processed,O.Ni,613000
800,COM00136.00,2014,Ore mined,O.Ni,545000
801,COM00136.00,2014,Ore processed,O.Ni,545000
802,COM00136.00,2015,Ore mined,O.Ni,564000
803,COM00136.00,2015,Ore processed,O.Ni,564000
804,COM00136.00,2016,Ore mined,O.Ni,503000
805,COM00136.00,2016,Ore processed,O.Ni,503000
806,COM00136.00,2017,Ore mined,O.Ni,329000
807,COM00136.00,2017,Ore processed,O.Ni,329000
808,COM00136.00,2018,Ore mined,O.Ni,0
809,COM00136.00,2018,Ore processed,O.Ni,0
810,COM00136.00,2019,Ore mined,O.Ni,0
811,COM00136.00,2019,Ore processed,O.Ni,0
812,COM00139.00,2003,Ore mined,O.bulk,1501000
813,COM00139.00,2003,Ore processed,O.bulk,1449000
814,COM00139.00,2004,Ore mined,O.bulk,1518000
815,COM00139.00,2004,Ore processed,O.bulk,1500000
816,COM00139.00,2005,Ore mined,O.bulk,1413000
817,COM00139.00,2005,Ore processed,O.bulk,1350000
818,COM00139.00,2006,Ore mined,O.bulk,1554500
819,COM00139.00,2006,Ore processed,O.bulk,1403800
820,COM00139.00,2007,Ore mined,O.bulk,1065200
821,COM00139.00,2007,Ore processed,O.bulk,1099600
822,COM00139.00,2008,Ore mined,O.bulk,1199800
823,COM00139.00,2008,Ore processed,O.bulk,1204800
824,COM00139.00,2009,Ore mined,O.bulk,1249700
825,COM00139.00,2009,Ore processed,O.bulk,1293200
826,COM00139.00,2010,Concentrate,Con.Pb,71000
827,COM00139.00,2010,Concentrate,Con.Zn,72000
828,COM00139.00,2010,Ore mined,O.bulk,1379000
829,COM00139.00,2010,Ore processed,O.bulk,1379000
830,COM00139.00,2011,Concentrate,Con.Pb,20757
831,COM00139.00,2011,Concentrate,Con.Zn,21720
832,COM00139.00,2011,Ore mined,O.bulk,379756
833,COM00139.00,2011,Ore processed,O.bulk,379756
834,COM00139.00,2012,Concentrate,Con.Pb,74644
835,COM00139.00,2012,Concentrate,Con.Zn,64683
836,COM00139.00,2012,Ore mined,O.bulk,1434088
837,COM00139.00,2012,Ore processed,O.bulk,1434088
838,COM00139.00,2013,Concentrate,Con.Pb,68986
839,COM00139.00,2013,Concentrate,Con.Zn,78457
840,COM00139.00,2013,Ore mined,O.bulk,1518540
841,COM00139.00,2013,Ore processed,O.bulk,1518540
842,COM00139.00,2014,Concentrate,Con.Pb,53221
843,COM00139.00,2014,Concentrate,Con.Zn,59942
844,COM00139.00,2014,Ore mined,O.bulk,1395534
845,COM00139.00,2014,Ore processed,O.bulk,1395534
846,COM00139.00,2015,Concentrate,Con.Pb,45129
847,COM00139.00,2015,Concentrate,Con.Zn,54445
848,COM00139.00,2015,Ore mined,O.bulk,1437562
849,COM00139.00,2015,Ore processed,O.bulk,1437562
850,COM00139.00,2016,Concentrate,Con.Pb,48091
851,COM00139.00,2016,Concentrate,Con.Zn,59006
852,COM00139.00,2016,Ore mined,O.bulk,1579633
853,COM00139.00,2016,Ore processed,O.bulk,1579633
854,COM00139.00,2017,Concentrate,Con.Pb,59518
855,COM00139.00,2017,Concentrate,Con.Zn,58005
856,COM00139.00,2017,Ore mined,O.bulk,1590600
857,COM00139.00,2017,Ore processed,O.bulk,1590600
858,COM00139.00,2018,Concentrate,Con.Pb,65381
859,COM00139.00,2018,Concentrate,Con.Zn,55501
860,COM00139.00,2018,Ore mined,O.bulk,1605892
861,COM00139.00,2018,Ore processed,O.bulk,1605892
862,COM00139.00,2019,Concentrate,Con.Pb,55548
863,COM00139.00,2019,Concentrate,Con.Zn,76002
864,COM00139.00,2019,Ore mined,O.bulk,3162662
865,COM00139.00,2019,Ore processed,O.bulk,3162662
866,COM00140.00,2005,Ore mined,O.Mn,1882000
867,COM00140.00,2005,Ore processed,O.Mn,1882000
868,COM00140.00,2006,Ore mined,O.Mn,2572000
869,COM00140.00,2006,Ore processed,O.Mn,2572000
870,COM00140.00,2007,Ore mined,O.Mn,2847000
871,COM00140.00,2007,Ore processed,O.Mn,2847000
872,COM00140.00,2008,Ore mined,O.Mn,3154000
873,COM00140.00,2008,Ore processed,O.Mn,3154000
874,COM00140.00,2009,Ore mined,O.Mn,3138000
875,COM00140.00,2009,Ore processed,O.Mn,3138000
876,COM00140.00,2010,Ore mined,O.Mn,1973000
877,COM00140.00,2010,Ore processed,O.Mn,1973000
878,COM00140.00,2011,Ore mined,O.Mn,3048000
879,COM00140.00,2011,Ore processed,O.Mn,3048000
880,COM00140.00,2012,Ore mined,O.Mn,3296000
881,COM00140.00,2012,Ore processed,O.Mn,3296000
882,COM00140.00,2013,Ore mined,O.Mn,3199000
883,COM00140.00,2013,Ore processed,O.Mn,3199000
884,COM00140.00,2014,Ore mined,O.Mn,3358000
885,COM00140.00,2014,Ore processed,O.Mn,3358000
886,COM00140.00,2015,Ore mined,O.Mn,3087000
887,COM00140.00,2015,Ore processed,O.Mn,3087000
888,COM00140.00,2016,Ore mined,O.Mn,2934000
889,COM00140.00,2016,Ore processed,O.Mn,2934000
890,COM00140.00,2017,Ore mined,O.Mn,3069000
891,COM00140.00,2017,Ore processed,O.Mn,3069000
892,COM00140.00,2018,Ore mined,O.Mn,3717000
893,COM00140.00,2018,Ore processed,O.Mn,3717000
894,COM00140.00,2019,Ore mined,O.Mn,3409000
895,COM00140.00,2019,Ore processed,O.Mn,3409000
896,COM00146.00,2013,Concentrate,Con.Fe,5994677
897,COM00146.00,2014,Concentrate,Con.Fe,5994677
898,COM00146.00,2018,Concentrate,Con.Fe,623300
899,COM00146.00,2019,Concentrate,Con.Fe,6994500
900,COM00146.00,2019,Ore mined,O.Fe,19711700
901,COM00146.00,2019,Ore processed,O.Fe,18493800
902,COM00146.00,2020,Concentrate,Con.Fe,7903700
903,COM00146.00,2020,Ore mined,O.Fe,20817400
904,COM00146.00,2020,Ore processed,O.Fe,19749800
905,COM00149.00,2002,NM mineral,M.dol,600000
906,COM00149.00,2002,NM mineral,M.lim,1500000
907,COM00149.00,2003,NM mineral,M.dol,800000
908,COM00149.00,2003,NM mineral,M.lim,1600000
909,COM00149.00,2004,NM mineral,M.dol,900000
910,COM00149.00,2004,NM mineral,M.lim,1600000
911,COM00149.00,2005,NM mineral,M.dol,900000
912,COM00149.00,2005,NM mineral,M.lim,1600000
913,COM00149.00,2006,NM mineral,M.dol,900000
914,COM00149.00,2006,NM mineral,M.lim,1600000
915,COM00149.00,2007,NM mineral,M.dol,900000
916,COM00149.00,2007,NM mineral,M.lim,1600000
917,COM00149.00,2008,NM mineral,M.dol,800000
918,COM00149.00,2008,NM mineral,M.lim,1700000
919,COM00149.00,2009,NM mineral,M.dol,800000
920,COM00149.00,2009,NM mineral,M.lim,1700000
921,COM00150.00,2006,Ore mined,O.Al,65821
922,COM00150.00,2006,Ore processed,O.Al,65821
923,COM00150.00,2007,Ore mined,O.Al,331950
924,COM00150.00,2007,Ore processed,O.Al,331950
925,COM00150.00,2008,Ore mined,O.Al,520109
926,COM00150.00,2008,Ore processed,O.Al,520109
927,COM00150.00,2009,Ore mined,O.Al,300250
928,COM00150.00,2009,Ore processed,O.Al,300250
929,COM00150.00,2010,Ore mined,O.Al,300000
930,COM00150.00,2010,Ore processed,O.Al,300000
931,COM00150.00,2011,Ore mined,O.Al,506108
932,COM00150.00,2011,Ore processed,O.Al,506108
933,COM00150.00,2012,Ore mined,O.Al,885261
934,COM00150.00,2012,Ore processed,O.Al,885261
935,COM00150.00,2013,Ore mined,O.Al,705870
936,COM00150.00,2013,Ore processed,O.Al,705870
937,COM00150.00,2014,Ore mined,O.Al,472155
938,COM00150.00,2014,Ore processed,O.Al,472155
939,COM00150.00,2015,Ore mined,O.Al,860710
940,COM00150.00,2015,Ore processed,O.Al,860710
941,COM00150.00,2016,Ore mined,O.Al,1033300
942,COM00150.00,2016,Ore processed,O.Al,1033300
943,COM00150.00,2017,Ore mined,O.Al,1065300
944,COM00150.00,2017,Ore processed,O.Al,1065300
945,COM00150.00,2018,Ore mined,O.Al,581920
946,COM00150.00,2018,Ore processed,O.Al,581920
947,COM00150.00,2019,Ore mined,O.Al,462000
948,COM00150.00,2019,Ore processed,O.Al,462000
949,COM00151.00,2001,Ore mined,O.Au,7800780
950,COM00151.00,2001,Ore processed,O.Au,7800780
951,COM00151.00,2009,Ore mined,O.Au,3677789
952,COM00151.00,2009,Ore processed,O.Au,2250763
953,COM00151.00,2010,Ore mined,O.Au,48569674
954,COM00151.00,2010,Ore processed,O.Au,26619062
955,COM00151.00,2011,Ore mined,O.Au,47973643
956,COM00151.00,2011,Ore processed,O.Au,31726598
957,COM00151.00,2012,Ore mined,O.Au,38596824
958,COM00151.00,2012,Ore processed,O.Au,33395846
959,COM00151.00,2013,Ore mined,O.Au,38569608
960,COM00151.00,2013,Ore processed,O.Au,32695488
961,COM00151.00,2014,Ore mined,O.Au,49279104
962,COM00151.00,2014,Ore processed,O.Au,35462448
963,COM00151.00,2015,Ore mined,O.Au,44584344
964,COM00151.00,2015,Ore processed,O.Au,37221509
965,COM00151.00,2016,Ore mined,O.Au,44923637
966,COM00151.00,2016,Ore processed,O.Au,37932754
967,COM00151.00,2017,Ore mined,O.Au,42718234
968,COM00151.00,2017,Ore processed,O.Au,39004157
969,COM00151.00,2018,Ore mined,O.Au,35301874
970,COM00151.00,2018,Ore processed,O.Au,40237949
971,COM00151.00,2019,Ore mined,O.Au,35112269
972,COM00151.00,2019,Ore processed,O.Au,39810658
973,COM00157.00,2008,Ore mined,O.bulk,126489
974,COM00157.00,2008,Ore processed,O.bulk,126489
975,COM00157.00,2009,Ore mined,O.bulk,89577
976,COM00157.00,2009,Ore processed,O.bulk,89577
977,COM00157.00,2010,Ore mined,O.bulk,104822
978,COM00157.00,2010,Ore processed,O.bulk,104822
979,COM00157.00,2011,Ore mined,O.bulk,136715
980,COM00157.00,2011,Ore processed,O.bulk,136715
981,COM00157.00,2012,Ore mined,O.bulk,312952
982,COM00157.00,2012,Ore processed,O.bulk,312952
983,COM00157.00,2013,Ore mined,O.bulk,377432
984,COM00157.00,2013,Ore processed,O.bulk,377432
985,COM00157.00,2014,Ore mined,O.bulk,665951
986,COM00157.00,2014,Ore processed,O.bulk,665951
987,COM00157.00,2015,Ore mined,O.bulk,830447
988,COM00157.00,2015,Ore processed,O.bulk,830447
989,COM00157.00,2016,Ore mined,O.bulk,950398
990,COM00157.00,2016,Ore processed,O.bulk,950398
991,COM00157.00,2017,Ore mined,O.bulk,887237
992,COM00157.00,2017,Ore processed,O.bulk,887237
993,COM00157.00,2018,Ore mined,O.bulk,1031750
994,COM00157.00,2018,Ore processed,O.bulk,1031750
995,COM00157.00,2019,Ore mined,O.bulk,1269698
996,COM00157.00,2019,Ore processed,O.bulk,1269698
997,COM00159.00,2012,Ore mined,O.bulk,21800000
998,COM00159.00,2012,Ore processed,O.bulk,1900000
999,COM00159.00,2013,Ore mined,O.bulk,1896000
1000,COM00159.00,2013,Ore processed,O.bulk,1896000
1001,COM00159.00,2014,Ore mined,O.bulk,1974000
1002,COM00159.00,2014,Ore processed,O.bulk,1974000
1003,COM00159.00,2015,Ore mined,O.bulk,4990000
1004,COM00159.00,2015,Ore processed,O.bulk,1976000
1005,COM00159.00,2016,Ore mined,O.bulk,1519000
1006,COM00159.00,2016,Ore processed,O.bulk,2510000
1007,COM00159.00,2017,Ore mined,O.bulk,2035000
1008,COM00159.00,2017,Ore processed,O.bulk,2732000
1009,COM00163.00,2015,Ore mined,O.Cu,7099000
1010,COM00163.00,2015,Ore processed,O.Cu,7099000
1011,COM00163.00,2016,Concentrate,Con.Cu,214000
1012,COM00163.00,2016,Ore mined,O.Cu,28272000
1013,COM00163.00,2016,Ore processed,O.Cu,28272000
1014,COM00163.00,2017,Concentrate,Con.Cu,480800
1015,COM00163.00,2017,Ore mined,O.Cu,34612000
1016,COM00163.00,2017,Ore processed,O.Cu,24558000
1017,COM00163.00,2018,Concentrate,Con.Cu,490400
1018,COM00163.00,2018,Ore mined,O.Cu,30722000
1019,COM00163.00,2018,Ore processed,O.Cu,28454000
1020,COM00164.00,2014,Concentrate,Con.Cu,3000
1021,COM00164.00,2014,Ore mined,O.Cu,426000
1022,COM00164.00,2014,Ore processed,O.Cu,426000
1023,COM00164.00,2015,Concentrate,Con.Cu,13000
1024,COM00164.00,2015,Ore mined,O.Cu,449000
1025,COM00164.00,2015,Ore processed,O.Cu,449000
1026,COM00164.00,2016,Concentrate,Con.Cu,34000
1027,COM00164.00,2016,Ore mined,O.Cu,935000
1028,COM00164.00,2016,Ore processed,O.Cu,1034000
1029,COM00164.00,2017,Concentrate,Con.Cu,33900
1030,COM00164.00,2017,Ore mined,O.Cu,921000
1031,COM00164.00,2017,Ore processed,O.Cu,1009000
1032,COM00164.00,2018,Concentrate,Con.Cu,33100
1033,COM00164.00,2018,Ore mined,O.Cu,937000
1034,COM00164.00,2018,Ore processed,O.Cu,1002000
1035,COM00165.00,2008,Ore mined,O.bulk,511000
1036,COM00165.00,2008,Ore processed,O.bulk,511000
1037,COM00165.00,2009,Ore mined,O.bulk,1011000
1038,COM00165.00,2009,Ore processed,O.bulk,1011000
1039,COM00165.00,2010,Ore mined,O.bulk,1062000
1040,COM00165.00,2010,Ore processed,O.bulk,1062000
1041,COM00165.00,2011,Ore mined,O.bulk,1087000
1042,COM00165.00,2011,Ore processed,O.bulk,1087000
1043,COM00168.00,2012,Ore mined,O.bulk,203164
1044,COM00168.00,2012,Ore processed,O.bulk,203164
1045,COM00168.00,2013,Ore mined,O.bulk,2101031
1046,COM00168.00,2013,Ore processed,O.bulk,2101031
1047,COM00168.00,2014,Ore mined,O.bulk,2264111
1048,COM00168.00,2014,Ore processed,O.bulk,2264111
1049,COM00168.00,2015,Ore mined,O.bulk,0
1050,COM00168.00,2015,Ore processed,O.bulk,0
1051,COM00172.00,2006,Ore mined,O.Ag,2075996
1052,COM00172.00,2006,Ore processed,O.Ag,2075996
1053,COM00172.00,2007,Ore mined,O.Ag,1493435
1054,COM00172.00,2007,Ore processed,O.Ag,1493435
1055,COM00172.00,2008,Ore mined,O.Ag,1770914
1056,COM00172.00,2008,Ore processed,O.Ag,1770914
1057,COM00174.00,2006,Ore mined,O.bulk,3600000
1058,COM00174.00,2006,Ore processed,O.bulk,3600000
1059,COM00174.00,2007,Ore mined,O.bulk,3400000
1060,COM00174.00,2007,Ore processed,O.bulk,3400000
1061,COM00174.00,2008,Ore mined,O.bulk,3300000
1062,COM00174.00,2008,Ore processed,O.bulk,3300000
1063,COM00174.00,2009,Ore mined,O.bulk,3300000
1064,COM00174.00,2009,Ore processed,O.bulk,3300000
1065,COM00174.00,2010,Ore mined,O.bulk,3100000
1066,COM00174.00,2010,Ore processed,O.bulk,3100000
1067,COM00174.00,2011,Ore mined,O.bulk,3100000
1068,COM00174.00,2011,Ore processed,O.bulk,3100000
1069,COM00178.00,2005,Concentrate,Con.Cu,436500
1070,COM00178.00,2005,Ore mined,O.bulk,25638000
1071,COM00178.00,2005,Ore mined,O.oxi,52112000
1072,COM00178.00,2005,Ore processed,O.bulk,25622000
1073,COM00178.00,2006,Concentrate,Con.Cu,386000
1074,COM00178.00,2006,Ore mined,O.bulk,22896000
1075,COM00178.00,2006,Ore mined,O.oxi,59678000
1076,COM00178.00,2006,Ore processed,O.bulk,22915000
1077,COM00178.00,2007,Concentrate,Con.Cu,230500
1078,COM00178.00,2007,Ore mined,O.bulk,12545000
1079,COM00178.00,2007,Ore mined,O.oxi,39198000
1080,COM00178.00,2007,Ore processed,O.bulk,12571000
1081,COM00178.00,2008,Concentrate,Con.Cu,24500
1082,COM00178.00,2008,Ore mined,O.bulk,1271000
1083,COM00178.00,2008,Ore mined,O.oxi,2965000
1084,COM00178.00,2008,Ore processed,O.bulk,1233000
1085,COM00178.00,2009,Concentrate,Con.Cu,0
1086,COM00178.00,2009,Ore mined,O.bulk,0
1087,COM00178.00,2009,Ore mined,O.oxi,0
1088,COM00178.00,2009,Ore processed,O.bulk,0
1089,COM00178.00,2010,Concentrate,Con.Cu,0
1090,COM00178.00,2010,Ore mined,O.bulk,656000
1091,COM00178.00,2010,Ore mined,O.oxi,3860000
1092,COM00178.00,2010,Ore processed,O.bulk,0
1093,COM00178.00,2011,Concentrate,Con.Cu,410000
1094,COM00178.00,2011,Ore mined,O.bulk,22444000
1095,COM00178.00,2011,Ore mined,O.oxi,47399000
1096,COM00178.00,2011,Ore processed,O.bulk,21972000
1097,COM00178.00,2012,Concentrate,Con.Cu,511600
1098,COM00178.00,2012,Ore mined,O.bulk,25763000
1099,COM00178.00,2012,Ore mined,O.oxi,66241000
1100,COM00178.00,2012,Ore processed,O.bulk,25748000
1101,COM00178.00,2013,Concentrate,Con.Cu,476500
1102,COM00178.00,2013,Ore mined,O.bulk,25260000
1103,COM00178.00,2013,Ore mined,O.oxi,131559000
1104,COM00178.00,2013,Ore processed,O.bulk,25277000
1105,COM00178.00,2014,Concentrate,Con.Cu,565700
1106,COM00178.00,2014,Concentrate,Con.Mo,4210
1107,COM00178.00,2014,Ore mined,O.bulk,27291000
1108,COM00178.00,2014,Ore mined,O.oxi,142288000
1109,COM00178.00,2014,Ore processed,O.bulk,27278000
1110,COM00178.00,2015,Concentrate,Con.Cu,705000
1111,COM00178.00,2015,Concentrate,Con.Mo,1870
1112,COM00178.00,2015,Ore mined,O.bulk,33726000
1113,COM00178.00,2015,Ore mined,O.oxi,150546000
1114,COM00178.00,2015,Ore processed,O.bulk,33141000
1115,COM00178.00,2016,Concentrate,Con.Cu,1329600
1116,COM00178.00,2016,Concentrate,Con.Mo,3190
1117,COM00178.00,2016,Ore mined,O.bulk,66328000
1118,COM00178.00,2016,Ore mined,O.oxi,123738000
1119,COM00178.00,2016,Ore processed,O.bulk,66112000
1120,COM00178.00,2017,Concentrate,Con.Cu,1361800
1121,COM00178.00,2017,Concentrate,Con.Mo,6740
1122,COM00178.00,2017,Ore mined,O.bulk,69773000
1123,COM00178.00,2017,Ore mined,O.oxi,157802000
1124,COM00178.00,2017,Ore processed,O.bulk,69294000
1125,COM00178.00,2018,Concentrate,Con.Cu,1371100
1126,COM00178.00,2018,Concentrate,Con.Mo,9620
1127,COM00178.00,2018,Ore mined,O.bulk,70464000
1128,COM00178.00,2018,Ore mined,O.oxi,145253000
1129,COM00178.00,2018,Ore processed,O.bulk,70328000
1130,COM00178.00,2019,Concentrate,Con.Cu,1420500
1131,COM00178.00,2019,Concentrate,Con.Mo,11800
1132,COM00178.00,2019,Ore mined,O.bulk,70323000
1133,COM00178.00,2019,Ore mined,O.oxi,141096000
1134,COM00178.00,2019,Ore processed,O.bulk,70371000
1135,COM00180.00,2002,Ore mined,O.Au,1075000
1136,COM00180.00,2002,Ore processed,O.Au,1075000
1137,COM00180.00,2003,Ore mined,O.Au,980000
1138,COM00180.00,2003,Ore processed,O.Au,980000
1139,COM00180.00,2004,Ore mined,O.Au,1123000
1140,COM00180.00,2004,Ore processed,O.Au,1123000
1141,COM00180.00,2005,Ore mined,O.Au,1045000
1142,COM00180.00,2005,Ore processed,O.Au,1045000
1143,COM00180.00,2009,Ore mined,O.Au,967000
1144,COM00180.00,2009,Ore processed,O.Au,959000
1145,COM00180.00,2010,Ore mined,O.Au,958000
1146,COM00180.00,2010,Ore processed,O.Au,954000
1147,COM00180.00,2011,Ore mined,O.Au,1048000
1148,COM00180.00,2011,Ore processed,O.Au,1056000
1149,COM00180.00,2012,Ore mined,O.Au,959000
1150,COM00180.00,2012,Ore processed,O.Au,1012000
1151,COM00180.00,2013,Ore mined,O.Au,872000
1152,COM00180.00,2013,Ore processed,O.Au,871000
1153,COM00180.00,2014,Ore mined,O.Au,909000
1154,COM00180.00,2014,Ore processed,O.Au,906000
1155,COM00180.00,2015,Ore mined,O.Au,993000
1156,COM00180.00,2015,Ore processed,O.Au,983000
1157,COM00180.00,2016,Ore mined,O.Au,909000
1158,COM00180.00,2016,Ore processed,O.Au,933000
1159,COM00180.00,2017,Ore mined,O.Au,596000
1160,COM00180.00,2017,Ore processed,O.Au,612000
1161,COM00180.00,2018,Ore mined,O.Au,0
1162,COM00180.00,2018,Ore processed,O.Au,0
1163,COM00181.00,2006,Ore mined,O.Au,38597
1164,COM00181.00,2006,Ore processed,O.Au,6848
1165,COM00181.00,2007,Ore mined,O.Au,136069
1166,COM00181.00,2007,Ore processed,O.Au,66221
1167,COM00181.00,2008,Ore mined,O.Au,96910
1168,COM00181.00,2008,Ore processed,O.Au,96910
1169,COM00181.00,2009,Ore mined,O.Au,151697
1170,COM00181.00,2009,Ore processed,O.Au,151697
1171,COM00181.00,2010,Ore mined,O.Au,75500
1172,COM00181.00,2010,Ore processed,O.Au,75500
1173,COM00181.00,2011,Ore mined,O.Au,153060
1174,COM00181.00,2011,Ore processed,O.Au,153060
1175,COM00181.00,2012,Ore mined,O.Au,162784
1176,COM00181.00,2012,Ore processed,O.Au,162784
1177,COM00181.00,2013,Ore mined,O.Au,169458
1178,COM00181.00,2013,Ore processed,O.Au,169458
1179,COM00181.00,2014,Ore mined,O.Au,130964
1180,COM00181.00,2014,Ore processed,O.Au,130964
1181,COM00181.00,2015,Ore mined,O.Au,32135
1182,COM00181.00,2015,Ore processed,O.Au,32135
1183,COM00185.00,2001,Ore mined,O.Ni,691000
1184,COM00185.00,2001,Ore processed,O.Ni,691000
1185,COM00185.00,2002,Ore mined,O.Ni,975000
1186,COM00185.00,2002,Ore processed,O.Ni,975000
1187,COM00185.00,2003,Ore mined,O.Ni,1164000
1188,COM00185.00,2003,Ore processed,O.Ni,1164000
1189,COM00185.00,2004,Ore mined,O.Ni,1243600
1190,COM00185.00,2004,Ore processed,O.Ni,1243600
1191,COM00185.00,2005,Ore mined,O.Ni,901600
1192,COM00185.00,2005,Ore processed,O.Ni,901600
1193,COM00185.00,2006,Ore mined,O.Ni,1240300
1194,COM00185.00,2006,Ore processed,O.Ni,1240300
1195,COM00185.00,2007,Ore mined,O.Ni,1591300
1196,COM00185.00,2007,Ore processed,O.Ni,1591300
1197,COM00185.00,2008,Ore mined,O.Ni,1436400
1198,COM00185.00,2008,Ore processed,O.Ni,1436400
1199,COM00185.00,2009,Ore mined,O.Ni,1679300
1200,COM00185.00,2009,Ore processed,O.Ni,1679300
1201,COM00185.00,2010,Ore mined,O.Ni,2014300
1202,COM00185.00,2010,Ore processed,O.Ni,2014300
1203,COM00185.00,2011,Ore mined,O.Ni,2063400
1204,COM00185.00,2011,Ore processed,O.Ni,2063400
1205,COM00185.00,2012,Ore mined,O.Ni,1031500
1206,COM00185.00,2012,Ore processed,O.Ni,1031500
1207,COM00186.00,2009,Ore mined,O.Au,5034000
1208,COM00186.00,2009,Ore processed,O.Au,2671000
1209,COM00186.00,2010,Ore mined,O.Au,4285000
1210,COM00186.00,2010,Ore processed,O.Au,3553000
1211,COM00186.00,2011,Ore mined,O.Au,3545000
1212,COM00186.00,2011,Ore processed,O.Au,2993000
1213,COM00186.00,2012,Ore mined,O.Au,4223000
1214,COM00186.00,2012,Ore processed,O.Au,3715000
1215,COM00186.00,2013,Ore mined,O.Au,3753000
1216,COM00186.00,2013,Ore processed,O.Au,4400000
1217,COM00186.00,2014,Ore mined,O.Au,4692000
1218,COM00186.00,2014,Ore processed,O.Au,4086000
1219,COM00186.00,2015,Ore mined,O.Au,5658000
1220,COM00186.00,2015,Ore processed,O.Au,4085000
1221,COM00186.00,2016,Ore mined,O.Au,5317000
1222,COM00186.00,2016,Ore processed,O.Au,4404000
1223,COM00186.00,2017,Ore mined,O.Au,9309000
1224,COM00186.00,2017,Ore processed,O.Au,4256000
1225,COM00186.00,2018,Ore mined,O.Au,391000
1226,COM00186.00,2018,Ore processed,O.Au,4526000
1227,COM00188.00,2018,Concentrate,Con.Fe,346000
1228,COM00188.00,2018,Ore mined,O.bulk,7860000
1229,COM00188.00,2018,Ore processed,O.bulk,3800000
1230,COM00188.00,2019,Concentrate,Con.Fe,1311000
1231,COM00188.00,2019,Ore mined,O.bulk,10490000
1232,COM00188.00,2019,Ore processed,O.bulk,7500000
1233,COM00190.00,2005,Ore mined,O.bulk,82650000
1234,COM00190.00,2005,Ore processed,O.bulk,22090000
1235,COM00190.00,2006,Ore mined,O.bulk,57400000
1236,COM00190.00,2006,Ore processed,O.bulk,21000000
1237,COM00190.00,2007,Ore mined,O.bulk,53100000
1238,COM00190.00,2007,Ore processed,O.bulk,22300000
1239,COM00190.00,2012,Ore mined,O.bulk,16000000
1240,COM00190.00,2012,Ore processed,O.bulk,20900000
1241,COM00190.00,2013,Ore mined,O.bulk,11344000
1242,COM00190.00,2013,Ore processed,O.bulk,25478000
1243,COM00190.00,2014,Ore mined,O.bulk,16893000
1244,COM00190.00,2014,Ore processed,O.bulk,20024000
1245,COM00190.00,2016,Ore mined,O.bulk,23327000
1246,COM00190.00,2016,Ore processed,O.bulk,22021000
1247,COM00190.00,2017,Ore mined,O.bulk,18853000
1248,COM00190.00,2017,Ore processed,O.bulk,24024000
1249,COM00190.00,2018,Ore mined,O.bulk,22102000
1250,COM00190.00,2018,Ore processed,O.bulk,21145000
1251,COM00192.00,2009,Ore mined,O.Ni,394675
1252,COM00192.00,2009,Ore processed,O.Ni,394675
1253,COM00192.00,2010,Ore mined,O.Ni,631428
1254,COM00192.00,2010,Ore processed,O.Ni,631428
1255,COM00192.00,2011,Ore mined,O.Ni,1003416
1256,COM00192.00,2011,Ore processed,O.Ni,1003416
1257,COM00192.00,2012,Ore mined,O.Ni,907383
1258,COM00192.00,2012,Ore processed,O.Ni,907383
1259,COM00192.00,2013,Ore mined,O.Ni,593311
1260,COM00192.00,2013,Ore processed,O.Ni,593311
1261,COM00192.00,2014,Ore mined,O.Ni,1093984
1262,COM00192.00,2014,Ore processed,O.Ni,1093984
1263,COM00192.00,2015,Ore mined,O.Ni,2092514
1264,COM00192.00,2015,Ore processed,O.Ni,2092514
1265,COM00192.00,2016,Ore mined,O.Ni,1985566
1266,COM00192.00,2016,Ore processed,O.Ni,1985566
1267,COM00192.00,2017,Ore mined,O.Ni,2370674
1268,COM00192.00,2017,Ore processed,O.Ni,2370674
1269,COM00192.00,2018,Ore mined,O.Ni,3523152
1270,COM00192.00,2018,Ore processed,O.Ni,3523152
1271,COM00192.00,2019,Ore mined,O.Ni,3411056
1272,COM00192.00,2019,Ore processed,O.Ni,3411056
1273,COM00193.00,2011,Ore mined,O.Fe,891000
1274,COM00193.00,2011,Ore processed,O.Fe,891000
1275,COM00193.00,2012,Ore mined,O.Fe,1530000
1276,COM00193.00,2012,Ore processed,O.Fe,1530000
1277,COM00193.00,2013,Ore mined,O.Fe,1734000
1278,COM00193.00,2013,Ore processed,O.Fe,1734000
1279,COM00193.00,2014,Ore mined,O.Fe,1644000
1280,COM00193.00,2014,Ore processed,O.Fe,1644000
1281,COM00194.00,2010,Ore mined,O.P,545000
1282,COM00194.00,2010,Ore processed,O.P,545000
1283,COM00194.00,2011,Ore mined,O.P,582000
1284,COM00194.00,2011,Ore processed,O.P,582000
1285,COM00194.00,2012,Ore mined,O.P,550000
1286,COM00194.00,2012,Ore processed,O.P,550000
1287,COM00194.00,2013,Ore mined,O.P,640000
1288,COM00194.00,2013,Ore processed,O.P,640000
1289,COM00196.00,2015,Ore mined,O.bulk,19089526
1290,COM00196.00,2015,Ore processed,O.bulk,19089526
1291,COM00196.00,2016,Ore mined,O.bulk,19641392
1292,COM00196.00,2016,Ore processed,O.bulk,19641392
1293,COM00196.00,2017,Ore mined,O.bulk,20357606
1294,COM00196.00,2017,Ore processed,O.bulk,20357606
1295,COM00196.00,2018,Ore mined,O.bulk,20483740
1296,COM00196.00,2018,Ore processed,O.bulk,20483740
1297,COM00196.00,2019,Ore mined,O.bulk,21049062
1298,COM00196.00,2019,Ore processed,O.bulk,21049062
1299,COM00197.00,2000,Ore mined,O.Cu,128464000
1300,COM00197.00,2000,Ore processed,O.Cu,26165000
1301,COM00197.00,2001,Ore mined,O.Cu,126509000
1302,COM00197.00,2001,Ore processed,O.Cu,27365000
1303,COM00197.00,2002,Ore mined,O.Cu,109211000
1304,COM00197.00,2002,Ore processed,O.Cu,28507000
1305,COM00197.00,2003,Ore mined,O.Cu,108442000
1306,COM00197.00,2003,Ore processed,O.Cu,26407000
1307,COM00197.00,2015,Ore mined,O.Cu,33922000
1308,COM00197.00,2015,Ore processed,O.Cu,30133000
1309,COM00197.00,2016,Ore mined,O.Cu,30915000
1310,COM00197.00,2016,Ore processed,O.Cu,31938000
1311,COM00197.00,2017,Ore mined,O.Cu,28005000
1312,COM00197.00,2017,Ore processed,O.Cu,29435000
1313,COM00197.00,2018,Ore mined,O.Cu,17799000
1314,COM00197.00,2018,Ore processed,O.Cu,27585000
1315,COM00197.00,2019,Ore mined,O.Cu,28753000
1316,COM00197.00,2019,Ore processed,O.Cu,26287000
1317,COM00198.00,2000,Ore mined,O.bulk,1618000
1318,COM00198.00,2000,Ore processed,O.bulk,1604000
1319,COM00198.00,2001,Ore mined,O.bulk,1861000
1320,COM00198.00,2001,Ore processed,O.bulk,1781000
1321,COM00198.00,2002,Ore mined,O.bulk,2240000
1322,COM00198.00,2002,Ore processed,O.bulk,2176000
1323,COM00198.00,2003,Ore mined,O.bulk,2393000
1324,COM00198.00,2003,Ore processed,O.bulk,2312000
1325,COM00198.00,2004,Ore mined,O.bulk,2746000
1326,COM00198.00,2004,Ore processed,O.bulk,2609000
1327,COM00198.00,2005,Ore mined,O.bulk,3437000
1328,COM00198.00,2005,Ore processed,O.bulk,3089000
1329,COM00198.00,2006,Ore mined,O.bulk,3092000
1330,COM00198.00,2006,Ore processed,O.bulk,3020000
1331,COM00198.00,2007,Ore mined,O.bulk,2383000
1332,COM00198.00,2007,Ore processed,O.bulk,2348000
1333,COM00198.00,2008,Ore mined,O.bulk,3151000
1334,COM00198.00,2008,Ore processed,O.bulk,2800000
1335,COM00198.00,2009,Ore mined,O.bulk,3204000
1336,COM00198.00,2009,Ore processed,O.bulk,3015000
1337,COM00198.00,2010,Ore mined,O.bulk,3230000
1338,COM00198.00,2010,Ore processed,O.bulk,3141000
1339,COM00198.00,2011,Ore mined,O.bulk,3110000
1340,COM00198.00,2011,Ore processed,O.bulk,3090000
1341,COM00198.00,2012,Ore mined,O.bulk,3233000
1342,COM00198.00,2012,Ore processed,O.bulk,3337000
1343,COM00198.00,2013,Ore mined,O.bulk,3146000
1344,COM00198.00,2013,Ore processed,O.bulk,3145000
1345,COM00198.00,2014,Ore mined,O.bulk,3446000
1346,COM00198.00,2014,Ore processed,O.bulk,3202000
1347,COM00198.00,2015,Ore mined,O.bulk,3418000
1348,COM00198.00,2015,Ore processed,O.bulk,3289000
1349,COM00198.00,2016,Ore mined,O.bulk,3289000
1350,COM00198.00,2016,Ore processed,O.bulk,3149000
1351,COM00198.00,2017,Ore mined,O.bulk,2909000
1352,COM00198.00,2017,Ore processed,O.bulk,3036000
1353,COM00198.00,2018,Ore mined,O.bulk,2463000
1354,COM00198.00,2018,Ore processed,O.bulk,2355000
1355,COM00198.00,2019,Ore mined,O.bulk,2725000
1356,COM00198.00,2019,Ore processed,O.bulk,2495000
1357,COM00205.00,2007,Ore mined,O.Au,17580629
1358,COM00205.00,2007,Ore processed,O.Au,17580629
1359,COM00205.00,2008,Ore mined,O.Au,19845000
1360,COM00205.00,2008,Ore processed,O.Au,19845000
1361,COM00205.00,2009,Ore mined,O.Au,11323670
1362,COM00205.00,2009,Ore processed,O.Au,11323670
1363,COM00205.00,2010,Ore mined,O.Au,4978714
1364,COM00205.00,2010,Ore processed,O.Au,4978714
1365,COM00205.00,2011,Ore mined,O.Au,17637782
1366,COM00205.00,2011,Ore processed,O.Au,17637782
1367,COM00205.00,2012,Ore mined,O.Au,18154886
1368,COM00205.00,2012,Ore processed,O.Au,18154886
1369,COM00205.00,2013,Ore mined,O.Au,27377482
1370,COM00205.00,2013,Ore processed,O.Au,27377482
1371,COM00205.00,2014,Ore mined,O.Au,21433507
1372,COM00205.00,2014,Ore processed,O.Au,21433507
1373,COM00205.00,2015,Ore mined,O.Au,20921846
1374,COM00205.00,2015,Ore processed,O.Au,20921846
1375,COM00205.00,2016,Ore mined,O.Au,24041707
1376,COM00205.00,2016,Ore processed,O.Au,24041707
1377,COM00205.00,2017,Ore mined,O.Au,29150150
1378,COM00205.00,2017,Ore processed,O.Au,29150150
1379,COM00205.00,2018,Ore mined,O.Au,18554962
1380,COM00205.00,2018,Ore processed,O.Au,18554962
1381,COM00207.00,2010,Ore mined,O.bulk,9685000
1382,COM00207.00,2010,Ore processed,O.bulk,9685000
1383,COM00207.00,2011,Ore mined,O.bulk,14751000
1384,COM00207.00,2011,Ore processed,O.bulk,14751000
1385,COM00207.00,2012,Ore mined,O.bulk,16723000
1386,COM00207.00,2012,Ore processed,O.bulk,16723000
1387,COM00207.00,2013,Ore mined,O.bulk,18048000
1388,COM00207.00,2013,Ore processed,O.bulk,18048000
1389,COM00207.00,2014,Ore mined,O.bulk,17676000
1390,COM00207.00,2014,Ore processed,O.bulk,17676000
1391,COM00207.00,2015,Ore mined,O.bulk,17309000
1392,COM00207.00,2015,Ore processed,O.bulk,17309000
1393,COM00207.00,2016,Ore mined,O.bulk,17861000
1394,COM00207.00,2016,Ore processed,O.bulk,17861000
1395,COM00207.00,2017,Ore mined,O.bulk,17274000
1396,COM00207.00,2017,Ore processed,O.bulk,17274000
1397,COM00207.00,2018,Ore mined,O.bulk,18466000
1398,COM00207.00,2018,Ore processed,O.bulk,18466000
1399,COM00208.00,2013,Ore mined,O.Au,2500582
1400,COM00208.00,2013,Ore processed,O.Au,2500582
1401,COM00208.00,2014,Ore mined,O.Au,2569000
1402,COM00208.00,2014,Ore processed,O.Au,2569000
1403,COM00208.00,2015,Ore mined,O.Au,2314000
1404,COM00208.00,2015,Ore processed,O.Au,2314000
1405,COM00208.00,2016,Ore mined,O.Au,2321000
1406,COM00208.00,2016,Ore processed,O.Au,2321000
1407,COM00208.00,2017,Ore mined,O.Au,2469000
1408,COM00208.00,2017,Ore processed,O.Au,2469000
1409,COM00208.00,2018,Ore mined,O.Au,1718000
1410,COM00208.00,2018,Ore processed,O.Au,2479000
1411,COM00208.00,2019,Ore mined,O.Au,1976000
1412,COM00208.00,2019,Ore processed,O.Au,2437000
1413,COM00208.00,2020,Ore mined,O.Au,2395000
1414,COM00208.00,2020,Ore processed,O.Au,2394000
1415,COM00210.00,2002,Concentrate,Con.Fe,12300000
1416,COM00210.00,2002,Ore mined,O.Fe,15900000
1417,COM00210.00,2002,Ore processed,O.Fe,15900000
1418,COM00210.00,2003,Concentrate,Con.Fe,14100000
1419,COM00210.00,2003,Ore mined,O.Fe,18100000
1420,COM00210.00,2003,Ore processed,O.Fe,18100000
1421,COM00210.00,2004,Concentrate,Con.Fe,15500000
1422,COM00210.00,2004,Ore mined,O.Fe,20600000
1423,COM00210.00,2004,Ore processed,O.Fe,20600000
1424,COM00210.00,2005,Concentrate,Con.Fe,13700000
1425,COM00210.00,2005,Ore mined,O.Fe,19000000
1426,COM00210.00,2005,Ore processed,O.Fe,19000000
1427,COM00210.00,2006,Concentrate,Con.Fe,13100000
1428,COM00210.00,2006,Ore mined,O.Fe,17500000
1429,COM00210.00,2006,Ore processed,O.Fe,17500000
1430,COM00210.00,2007,Concentrate,Con.Fe,15000000
1431,COM00210.00,2007,Ore mined,O.Fe,21600000
1432,COM00210.00,2007,Ore processed,O.Fe,19300000
1433,COM00210.00,2008,Concentrate,Con.Fe,17000000
1434,COM00210.00,2008,Ore mined,O.Fe,19900000
1435,COM00210.00,2008,Ore processed,O.Fe,19500000
1436,COM00210.00,2009,Concentrate,Con.Fe,17100000
1437,COM00210.00,2009,Ore mined,O.Fe,27000000
1438,COM00210.00,2009,Ore processed,O.Fe,27000000
1439,COM00210.00,2010,Concentrate,Con.Fe,21600000
1440,COM00210.00,2011,Concentrate,Con.Fe,25800000
1441,COM00210.00,2012,Concentrate,Con.Fe,23900000
1442,COM00210.00,2013,Concentrate,Con.Fe,18800000
1443,COM00210.00,2014,Concentrate,Con.Fe,25450000
1444,COM00210.00,2015,Concentrate,Con.Fe,27840000
1445,COM00210.00,2016,Concentrate,Con.Fe,32170000
1446,COM00210.00,2017,Concentrate,Con.Fe,29920000
1447,COM00210.00,2018,Concentrate,Con.Fe,27880000
1448,COM00210.00,2019,Concentrate,Con.Fe,32090000
1449,COM00211.00,2011,Ore mined,O.bulk,239551
1450,COM00211.00,2011,Ore processed,O.bulk,81481
1451,COM00211.00,2012,Ore mined,O.bulk,463177
1452,COM00211.00,2012,Ore processed,O.bulk,315670
1453,COM00211.00,2013,Ore mined,O.bulk,422419
1454,COM00211.00,2013,Ore processed,O.bulk,427709
1455,COM00211.00,2014,Ore mined,O.bulk,606368
1456,COM00211.00,2014,Ore processed,O.bulk,519661
1457,COM00211.00,2015,Ore mined,O.bulk,187328
1458,COM00211.00,2015,Ore processed,O.bulk,509489
1459,COM00211.00,2017,Ore mined,O.bulk,321999
1460,COM00211.00,2017,Ore processed,O.bulk,321999
1461,COM00211.00,2018,Ore mined,O.bulk,166336
1462,COM00211.00,2018,Ore processed,O.bulk,181242
1463,COM00211.00,2019,Ore mined,O.bulk,33318
1464,COM00211.00,2019,Ore processed,O.bulk,39545
1465,COM00212.00,2003,Ore mined,O.Nb,559100
1466,COM00212.00,2003,Ore processed,O.Nb,529700
1467,COM00212.00,2004,Ore mined,O.Nb,568100
1468,COM00212.00,2004,Ore processed,O.Nb,572500
1469,COM00212.00,2005,Ore mined,O.Nb,723100
1470,COM00212.00,2005,Ore processed,O.Nb,672300
1471,COM00212.00,2006,Ore mined,O.Nb,795400
1472,COM00212.00,2006,Ore processed,O.Nb,813900
1473,COM00212.00,2007,Ore mined,O.Nb,852500
1474,COM00212.00,2007,Ore processed,O.Nb,831700
1475,COM00212.00,2008,Ore mined,O.Nb,768100
1476,COM00212.00,2008,Ore processed,O.Nb,818100
1477,COM00212.00,2009,Ore mined,O.Nb,906700
1478,COM00212.00,2009,Ore processed,O.Nb,873500
1479,COM00212.00,2010,Ore mined,O.Nb,1209400
1480,COM00212.00,2010,Ore processed,O.Nb,909300
1481,COM00213.00,2010,Ore mined,O.P,626000
1482,COM00213.00,2010,Ore processed,O.P,626000
1483,COM00213.00,2011,Ore mined,O.P,947000
1484,COM00213.00,2011,Ore processed,O.P,947000
1485,COM00213.00,2012,Ore mined,O.P,1026000
1486,COM00213.00,2012,Ore processed,O.P,1026000
1487,COM00213.00,2013,Ore mined,O.P,1057000
1488,COM00213.00,2013,Ore processed,O.P,1057000
1489,COM00216.00,2013,Ore mined,O.bulk,1333000
1490,COM00216.00,2013,Ore processed,O.bulk,1333000
1491,COM00216.00,2014,Ore mined,O.bulk,1341000
1492,COM00216.00,2014,Ore processed,O.bulk,1341000
1493,COM00216.00,2015,Ore mined,O.bulk,1229000
1494,COM00216.00,2015,Ore processed,O.bulk,1229000
1495,COM00216.00,2016,Ore mined,O.bulk,1285000
1496,COM00216.00,2016,Ore processed,O.bulk,1285000
1497,COM00216.00,2017,Ore mined,O.bulk,946000
1498,COM00216.00,2017,Ore processed,O.bulk,946000
1499,COM00216.00,2018,Ore mined,O.bulk,1007000
1500,COM00216.00,2018,Ore processed,O.bulk,1007000
1501,COM00217.00,2001,Ore mined,O.Al,11987000
1502,COM00217.00,2001,Ore processed,O.Al,11987000
1503,COM00217.00,2002,Ore mined,O.Al,12041000
1504,COM00217.00,2002,Ore processed,O.Al,12041000
1505,COM00217.00,2003,Ore mined,O.Al,12060000
1506,COM00217.00,2003,Ore processed,O.Al,12060000
1507,COM00217.00,2008,Ore mined,O.Al,13181000
1508,COM00217.00,2008,Ore processed,O.Al,13181000
1509,COM00217.00,2009,Ore mined,O.Al,11216000
1510,COM00217.00,2009,Ore processed,O.Al,11216000
1511,COM00217.00,2010,Ore mined,O.Al,12041000
1512,COM00217.00,2010,Ore processed,O.Al,12041000
1513,COM00217.00,2011,Ore mined,O.Al,12517000
1514,COM00217.00,2011,Ore processed,O.Al,12517000
1515,COM00217.00,2012,Ore mined,O.Al,14001000
1516,COM00217.00,2012,Ore processed,O.Al,14001000
1517,COM00217.00,2013,Ore mined,O.Al,15437000
1518,COM00217.00,2013,Ore processed,O.Al,15437000
1519,COM00217.00,2014,Ore mined,O.Al,15803000
1520,COM00217.00,2014,Ore processed,O.Al,15803000
1521,COM00217.00,2015,Ore mined,O.Al,14615000
1522,COM00217.00,2015,Ore processed,O.Al,14615000
1523,COM00217.00,2016,Ore mined,O.Al,16023000
1524,COM00217.00,2016,Ore processed,O.Al,16023000
1525,COM00217.00,2017,Ore mined,O.Al,15409000
1526,COM00217.00,2017,Ore processed,O.Al,15409000
1527,COM00217.00,2018,Ore mined,O.Al,13039000
1528,COM00217.00,2018,Ore processed,O.Al,13039000
1529,COM00219.00,2015,Concentrate,Con.Fe,330000
1530,COM00219.00,2016,Concentrate,Con.Fe,330000
1531,COM00219.00,2017,Concentrate,Con.Fe,240000
1532,COM00219.00,2018,Concentrate,Con.Fe,340000
1533,COM00220.00,2001,Ore mined,O.Cu,6460500
1534,COM00220.00,2001,Ore processed,O.Cu,6460500
1535,COM00220.00,2002,Ore mined,O.Cu,7482500
1536,COM00220.00,2002,Ore processed,O.Cu,7482500
1537,COM00220.00,2003,Ore mined,O.Cu,8066500
1538,COM00220.00,2003,Ore processed,O.Cu,8066500
1539,COM00220.00,2004,Ore mined,O.Cu,9271000
1540,COM00220.00,2004,Ore processed,O.Cu,9271000
1541,COM00220.00,2005,Ore mined,O.Cu,9928000
1542,COM00220.00,2005,Ore processed,O.Cu,9928000
1543,COM00220.00,2006,Ore mined,O.Cu,10475500
1544,COM00220.00,2006,Ore processed,O.Cu,10475500
1545,COM00220.00,2007,Ore mined,O.Cu,9782000
1546,COM00220.00,2007,Ore processed,O.Cu,9782000
1547,COM00220.00,2008,Ore mined,O.Cu,10402500
1548,COM00220.00,2008,Ore processed,O.Cu,10402500
1549,COM00220.00,2009,Ore mined,O.Cu,9563000
1550,COM00220.00,2009,Ore processed,O.Cu,9563000
1551,COM00220.00,2010,Ore mined,O.Cu,9636000
1552,COM00220.00,2010,Ore processed,O.Cu,9636000
1553,COM00220.00,2011,Concentrate,Con.Cu,367200
1554,COM00220.00,2011,Ore mined,O.Cu,8687000
1555,COM00220.00,2011,Ore mined,O.Cu,20330500
1556,COM00220.00,2011,Ore processed,O.Cu,8687000
1557,COM00220.00,2011,Ore processed,O.Cu,20330500
1558,COM00220.00,2012,Ore mined,O.Cu,7263500
1559,COM00220.00,2012,Ore mined,O.Cu,29601500
1560,COM00220.00,2012,Ore processed,O.Cu,7263500
1561,COM00220.00,2012,Ore processed,O.Cu,29601500
1562,COM00220.00,2013,Ore mined,O.Cu,7774500
1563,COM00220.00,2013,Ore mined,O.Cu,31828000
1564,COM00220.00,2013,Ore processed,O.Cu,7774500
1565,COM00220.00,2013,Ore processed,O.Cu,31828000
1566,COM00220.00,2014,Ore mined,O.Cu,9198000
1567,COM00220.00,2014,Ore mined,O.Cu,31317000
1568,COM00220.00,2014,Ore processed,O.Cu,9198000
1569,COM00220.00,2014,Ore processed,O.Cu,31317000
1570,COM00220.00,2015,Ore mined,O.Cu,9271000
1571,COM00220.00,2015,Ore mined,O.Cu,30733000
1572,COM00220.00,2015,Ore processed,O.Cu,9271000
1573,COM00220.00,2015,Ore processed,O.Cu,30733000
1574,COM00220.00,2016,Ore mined,O.Cu,8066500
1575,COM00220.00,2016,Ore mined,O.Cu,33616500
1576,COM00220.00,2016,Ore processed,O.Cu,8066500
1577,COM00220.00,2016,Ore processed,O.Cu,33616500
1578,COM00220.00,2017,Ore mined,O.Cu,10256500
1579,COM00220.00,2017,Ore mined,O.Cu,32740500
1580,COM00220.00,2017,Ore processed,O.Cu,10256500
1581,COM00220.00,2017,Ore processed,O.Cu,32740500
1582,COM00220.00,2018,Ore mined,O.Cu,16607500
1583,COM00220.00,2018,Ore mined,O.Cu,35332000
1584,COM00220.00,2018,Ore processed,O.Cu,16607500
1585,COM00220.00,2018,Ore processed,O.Cu,35332000
1586,COM00220.00,2019,Ore mined,O.Cu,17666000
1587,COM00220.00,2019,Ore mined,O.Cu,33908500
1588,COM00220.00,2019,Ore processed,O.Cu,17666000
1589,COM00220.00,2019,Ore processed,O.Cu,33908500
1590,COM00222.00,2009,Concentrate,Con.Fe,4900000
1591,COM00222.00,2010,Concentrate,Con.Fe,6100000
1592,COM00222.00,2011,Concentrate,Con.Fe,6184000
1593,COM00222.00,2012,Concentrate,Con.Fe,6389000
1594,COM00222.00,2013,Concentrate,Con.Fe,6412000
1595,COM00222.00,2014,Concentrate,Con.Fe,6412000
1596,COM00222.00,2015,Concentrate,Con.Fe,6154000
1597,COM00222.00,2016,Concentrate,Con.Fe,5224000
1598,COM00222.00,2017,Concentrate,Con.Fe,4669000
1599,COM00222.00,2018,Concentrate,Con.Fe,4415000
1600,COM00222.00,2019,Concentrate,Con.Fe,4439000
1601,COM00223.00,2002,Ore mined,O.Au,1386084
1602,COM00223.00,2002,Ore processed,O.Au,1888829
1603,COM00223.00,2003,Ore mined,O.Au,483041
1604,COM00223.00,2003,Ore processed,O.Au,2284599
1605,COM00223.00,2004,Ore mined,O.Au,0
1606,COM00223.00,2004,Ore processed,O.Au,1711300
1607,COM00223.00,2016,Ore mined,O.Au,1096663
1608,COM00223.00,2016,Ore processed,O.Au,925069
1609,COM00223.00,2017,Ore mined,O.Au,1550040
1610,COM00223.00,2017,Ore processed,O.Au,1516658
1611,COM00223.00,2018,Ore mined,O.Au,1661027
1612,COM00223.00,2018,Ore processed,O.Au,1831410
1613,COM00223.00,2019,Ore mined,O.Au,1913417
1614,COM00223.00,2019,Ore processed,O.Au,2480026
1615,COM00223.00,2020,Ore mined,O.Au,2304628
1616,COM00223.00,2020,Ore processed,O.Au,2779765
1617,COM00224.00,2012,Ore mined,O.bulk,5204013
1618,COM00224.00,2012,Ore processed,O.bulk,5413520
1619,COM00224.00,2013,Ore mined,O.bulk,6947259
1620,COM00224.00,2013,Ore processed,O.bulk,7096282
1621,COM00224.00,2014,Ore mined,O.bulk,7273064
1622,COM00224.00,2014,Ore processed,O.bulk,7109879
1623,COM00224.00,2015,Ore mined,O.bulk,4589601
1624,COM00224.00,2015,Ore processed,O.bulk,6811181
1625,COM00224.00,2016,Ore mined,O.bulk,118951
1626,COM00224.00,2016,Ore processed,O.bulk,118951
1627,COM00226.00,2000,Ore mined,O.bulk,297240
1628,COM00226.00,2000,Ore processed,O.bulk,297240
1629,COM00226.00,2001,Ore mined,O.bulk,0
1630,COM00226.00,2001,Ore processed,O.bulk,0
1631,COM00226.00,2002,Ore mined,O.bulk,314428
1632,COM00226.00,2002,Ore processed,O.bulk,314428
1633,COM00226.00,2003,Ore mined,O.bulk,451015
1634,COM00226.00,2003,Ore processed,O.bulk,451015
1635,COM00226.00,2004,Ore mined,O.bulk,442003
1636,COM00226.00,2004,Ore processed,O.bulk,442003
1637,COM00226.00,2005,Ore mined,O.bulk,366232
1638,COM00226.00,2005,Ore processed,O.bulk,366232
1639,COM00226.00,2006,Ore mined,O.bulk,388595
1640,COM00226.00,2006,Ore processed,O.bulk,388595
1641,COM00226.00,2007,Ore mined,O.bulk,351429
1642,COM00226.00,2007,Ore processed,O.bulk,351429
1643,COM00226.00,2008,Ore mined,O.bulk,214465
1644,COM00226.00,2008,Ore processed,O.bulk,214465
1645,COM00227.00,2009,Ore mined,O.bulk,3510000
1646,COM00227.00,2009,Ore processed,O.bulk,3510000
1647,COM00227.00,2010,Ore mined,O.bulk,3330000
1648,COM00227.00,2010,Ore processed,O.bulk,3330000
1649,COM00227.00,2011,Ore mined,O.bulk,2550000
1650,COM00227.00,2011,Ore processed,O.bulk,2550000
1651,COM00227.00,2012,Ore mined,O.bulk,1888698
1652,COM00227.00,2012,Ore mined,O.FeS,668301
1653,COM00227.00,2012,Ore processed,O.bulk,1888698
1654,COM00227.00,2012,Ore processed,O.FeS,668301
1655,COM00227.00,2013,Ore mined,O.bulk,653000
1656,COM00227.00,2013,Ore processed,O.bulk,653000
1657,COM00227.00,2014,Ore mined,O.bulk,588000
1658,COM00227.00,2014,Ore mined,O.oxi,239000
1659,COM00227.00,2014,Ore processed,O.bulk,588000
1660,COM00227.00,2014,Ore processed,O.oxi,239000
1661,COM00227.00,2015,Ore mined,O.bulk,287200
1662,COM00227.00,2015,Ore mined,O.oxi,743000
1663,COM00227.00,2015,Ore processed,O.bulk,287200
1664,COM00227.00,2015,Ore processed,O.oxi,743000
1665,COM00227.00,2016,Ore mined,O.bulk,0
1666,COM00227.00,2016,Ore processed,O.bulk,233000
1667,COM00227.00,2016,Ore processed,O.oxi,900000
1668,COM00227.00,2017,Ore mined,O.bulk,0
1669,COM00227.00,2017,Ore processed,O.bulk,1059
1670,COM00227.00,2017,Ore processed,O.oxi,872000
1671,COM00227.00,2018,Ore mined,O.bulk,0
1672,COM00227.00,2018,Ore processed,O.bulk,1314
1673,COM00227.00,2018,Ore processed,O.oxi,914000
1674,COM00228.00,2018,Ore mined,O.Ni,3744745
1675,COM00228.00,2018,Ore processed,O.Ni,2724725
1676,COM00228.00,2019,Ore mined,O.Ni,2280280
1677,COM00228.00,2019,Ore processed,O.Ni,2740741
1678,COM00229.00,2018,Ore mined,O.bulk,210644
1679,COM00229.00,2018,Ore processed,O.bulk,199602
1680,COM00229.00,2019,Ore mined,O.bulk,352332
1681,COM00229.00,2019,Ore processed,O.bulk,367334
1682,COM00230.00,2014,Ore mined,O.bulk,375200
1683,COM00230.00,2014,Ore processed,O.bulk,375200
1684,COM00230.00,2015,Ore mined,O.bulk,845000
1685,COM00230.00,2015,Ore processed,O.bulk,1256000
1686,COM00230.00,2016,Ore mined,O.bulk,811000
1687,COM00230.00,2016,Ore processed,O.bulk,827000
1688,COM00230.00,2017,Ore mined,O.bulk,1031000
1689,COM00230.00,2017,Ore processed,O.bulk,1031000
1690,COM00230.00,2018,Ore mined,O.bulk,1126000
1691,COM00230.00,2018,Ore processed,O.bulk,1126000
1692,COM00231.00,2014,Concentrate,Con.Fe,1020000
1693,COM00231.00,2015,Concentrate,Con.Fe,3212000
1694,COM00231.00,2016,Concentrate,Con.Fe,4220000
1695,COM00231.00,2017,Concentrate,Con.Fe,4190000
1696,COM00231.00,2018,Concentrate,Con.Fe,3724000
1697,COM00231.00,2019,Concentrate,Con.Fe,3224000
1698,COM00232.00,2001,Ore mined,O.Au,432432
1699,COM00232.00,2001,Ore processed,O.Au,432432
1700,COM00232.00,2002,Ore mined,O.Au,648649
1701,COM00232.00,2002,Ore processed,O.Au,648649
1702,COM00232.00,2003,Ore mined,O.Au,972973
1703,COM00232.00,2003,Ore processed,O.Au,972973
1704,COM00232.00,2004,Ore mined,O.Au,972973
1705,COM00232.00,2004,Ore processed,O.Au,972973
1706,COM00232.00,2005,Ore mined,O.Au,972973
1707,COM00232.00,2005,Ore processed,O.Au,972973
1708,COM00232.00,2006,Ore mined,O.Au,972973
1709,COM00232.00,2006,Ore processed,O.Au,972973
1710,COM00232.00,2007,Ore mined,O.Au,972973
1711,COM00232.00,2007,Ore processed,O.Au,972973
1712,COM00232.00,2008,Ore mined,O.Au,972973
1713,COM00232.00,2008,Ore processed,O.Au,972973
1714,COM00232.00,2009,Ore mined,O.Au,972973
1715,COM00232.00,2009,Ore processed,O.Au,972973
1716,COM00232.00,2010,Ore mined,O.Au,1081081
1717,COM00232.00,2010,Ore processed,O.Au,1081081
1718,COM00232.00,2011,Ore mined,O.Au,1081081
1719,COM00232.00,2011,Ore processed,O.Au,1081081
1720,COM00232.00,2012,Ore mined,O.Au,1837838
1721,COM00232.00,2012,Ore processed,O.Au,1837838
1722,COM00232.00,2013,Ore mined,O.Au,2486486
1723,COM00232.00,2013,Ore processed,O.Au,2486486
1724,COM00232.00,2014,Ore mined,O.Au,3243243
1725,COM00232.00,2014,Ore processed,O.Au,3243243
1726,COM00232.00,2015,Ore mined,O.Au,3351351
1727,COM00232.00,2015,Ore processed,O.Au,3351351
1728,COM00232.00,2016,Ore mined,O.Au,3135135
1729,COM00232.00,2016,Ore processed,O.Au,3135135
1730,COM00232.00,2017,Ore mined,O.Au,3351351
1731,COM00232.00,2017,Ore processed,O.Au,3351351
1732,COM00232.00,2018,Ore mined,O.Au,2918919
1733,COM00232.00,2018,Ore processed,O.Au,2918919
1734,COM00233.00,2000,Ore mined,O.Cu,61400000
1735,COM00233.00,2000,Ore processed,O.Cu,17833000
1736,COM00233.00,2001,Ore mined,O.Cu,68685000
1737,COM00233.00,2001,Ore processed,O.Cu,23436000
1738,COM00233.00,2002,Ore mined,O.Cu,75982000
1739,COM00233.00,2002,Ore processed,O.Cu,24096000
1740,COM00233.00,2003,Ore mined,O.Cu,72965000
1741,COM00233.00,2003,Ore processed,O.Cu,21014000
1742,COM00241.00,2010,Ore mined,O.Al,495000
1743,COM00241.00,2010,Ore processed,O.Al,495000
1744,COM00241.00,2011,Ore mined,O.Al,969900
1745,COM00241.00,2011,Ore processed,O.Al,969900
1746,COM00241.00,2012,Ore mined,O.Al,1005400
1747,COM00241.00,2012,Ore processed,O.Al,1005400
1748,COM00241.00,2013,Ore mined,O.Al,1767000
1749,COM00241.00,2013,Ore processed,O.Al,1767000
1750,COM00241.00,2014,Ore mined,O.Al,1967000
1751,COM00241.00,2014,Ore processed,O.Al,1967000
1752,COM00241.00,2015,Ore mined,O.Al,2837000
1753,COM00241.00,2015,Ore processed,O.Al,2837000
1754,COM00241.00,2016,Ore mined,O.Al,1430000
1755,COM00241.00,2016,Ore processed,O.Al,1430000
1756,COM00241.00,2017,Ore mined,O.Al,289000
1757,COM00241.00,2017,Ore processed,O.Al,289000
1758,COM00241.00,2018,Ore mined,O.Al,1320000
1759,COM00241.00,2018,Ore processed,O.Al,1320000
1760,COM00241.00,2019,Ore mined,O.Al,560000
1761,COM00241.00,2019,Ore processed,O.Al,560000
1762,COM00243.00,2012,Ore mined,O.Mn,162000
1763,COM00243.00,2012,Ore processed,O.Mn,162000
1764,COM00243.00,2013,Ore mined,O.Mn,95300
1765,COM00243.00,2013,Ore processed,O.Mn,95300
1766,COM00243.00,2014,Ore mined,O.Mn,0
1767,COM00243.00,2014,Ore processed,O.Mn,0
1768,COM00243.00,2015,Ore mined,O.Mn,9000
1769,COM00243.00,2015,Ore processed,O.Mn,9000
1770,COM00243.00,2016,Ore mined,O.Mn,95000
1771,COM00243.00,2016,Ore processed,O.Mn,95000
1772,COM00243.00,2017,Ore mined,O.Mn,213000
1773,COM00243.00,2017,Ore processed,O.Mn,213000
1774,COM00243.00,2018,Ore mined,O.Mn,153000
1775,COM00243.00,2018,Ore processed,O.Mn,153000
1776,COM00243.00,2019,Ore mined,O.Mn,202000
1777,COM00243.00,2019,Ore processed,O.Mn,202000
1778,COM00244.00,2006,Concentrate,Con.bulk,0
1779,COM00244.00,2006,Ore mined,O.bulk,877197
1780,COM00244.00,2006,Ore processed,O.bulk,825586
1781,COM00244.00,2007,Concentrate,Con.bulk,201339
1782,COM00244.00,2007,Ore mined,O.bulk,18651162
1783,COM00244.00,2007,Ore processed,O.bulk,12693868
1784,COM00244.00,2008,Concentrate,Con.bulk,244301
1785,COM00244.00,2008,Ore mined,O.bulk,14521140
1786,COM00244.00,2008,Ore processed,O.bulk,14942848
1787,COM00244.00,2009,Concentrate,Con.bulk,248940
1788,COM00244.00,2009,Ore mined,O.bulk,16998887
1789,COM00244.00,2009,Ore processed,O.bulk,17307429
1790,COM00244.00,2010,Concentrate,Con.bulk,264195
1791,COM00244.00,2010,Ore mined,O.bulk,21482527
1792,COM00244.00,2010,Ore processed,O.bulk,19195578
1793,COM00244.00,2011,Concentrate,Con.bulk,264195
1794,COM00244.00,2011,Ore mined,O.bulk,21482527
1795,COM00244.00,2011,Ore processed,O.bulk,19195578
1796,COM00244.00,2012,Concentrate,Con.bulk,297294
1797,COM00244.00,2012,Ore mined,O.bulk,22084779
1798,COM00244.00,2012,Ore processed,O.bulk,20581385
1799,COM00244.00,2013,Concentrate,Con.bulk,239811
1800,COM00244.00,2013,Ore mined,O.bulk,21833258
1801,COM00244.00,2013,Ore processed,O.bulk,21347439
1802,COM00244.00,2014,Concentrate,Con.bulk,245779
1803,COM00244.00,2014,Ore mined,O.bulk,18828710
1804,COM00244.00,2014,Ore processed,O.bulk,20360659
1805,COM00244.00,2015,Concentrate,Con.bulk,242523
1806,COM00244.00,2015,Ore mined,O.bulk,19959943
1807,COM00244.00,2015,Ore processed,O.bulk,19896894
1808,COM00244.00,2016,Concentrate,Con.bulk,216332
1809,COM00244.00,2016,Ore mined,O.bulk,17223764
1810,COM00244.00,2016,Ore processed,O.bulk,19779013
1811,COM00244.00,2017,Concentrate,Con.bulk,242126
1812,COM00244.00,2017,Ore mined,O.bulk,34163445
1813,COM00244.00,2017,Ore processed,O.bulk,23000557
1814,COM00244.00,2018,Concentrate,Con.bulk,243129
1815,COM00244.00,2018,Ore mined,O.bulk,33787816
1816,COM00244.00,2018,Ore processed,O.bulk,22929227
1817,COM00250.00,2006,Ore mined,O.Cu,363311
1818,COM00250.00,2006,Ore processed,O.Cu,363311
1819,COM00250.00,2007,Ore mined,O.Cu,503880
1820,COM00250.00,2007,Ore processed,O.Cu,503880
1821,COM00250.00,2008,Ore mined,O.Cu,555575
1822,COM00250.00,2008,Ore processed,O.Cu,555575
1823,COM00250.00,2009,Ore mined,O.Cu,568187
1824,COM00250.00,2009,Ore processed,O.Cu,568187
1825,COM00250.00,2010,Ore mined,O.Cu,571090
1826,COM00250.00,2010,Ore processed,O.Cu,571090
1827,COM00250.00,2011,Ore mined,O.Cu,559824
1828,COM00250.00,2011,Ore processed,O.Cu,559824
1829,COM00253.00,2000,Ore mined,O.Cu,61519000
1830,COM00253.00,2000,Ore processed,O.Cu,12875000
1831,COM00253.00,2000,Ore processed,O.Cu,13889000
1832,COM00253.00,2001,Ore mined,O.Cu,59277000
1833,COM00253.00,2001,Ore processed,O.Cu,31009000
1834,COM00253.00,2001,Ore processed,O.Cu,3109000
1835,COM00253.00,2002,Ore mined,O.Cu,220000
1836,COM00253.00,2002,Ore processed,O.Cu,198000
1837,COM00253.00,2003,Ore mined,O.Cu,12299000
1838,COM00253.00,2003,Ore processed,O.Cu,11066000
1839,COM00254.00,2010,Ore mined,O.Au,1308000
1840,COM00254.00,2010,Ore processed,O.Au,1142000
1841,COM00254.00,2011,Ore mined,O.Au,3893000
1842,COM00254.00,2011,Ore processed,O.Au,3572000
1843,COM00254.00,2012,Ore mined,O.Au,4728000
1844,COM00254.00,2012,Ore processed,O.Au,3381000
1845,COM00254.00,2013,Ore mined,O.Au,3786000
1846,COM00254.00,2013,Ore processed,O.Au,3360000
1847,COM00254.00,2014,Ore mined,O.Au,3221000
1848,COM00254.00,2014,Ore processed,O.Au,3144000
1849,COM00254.00,2015,Ore mined,O.Au,3046000
1850,COM00254.00,2015,Ore processed,O.Au,3492000
1851,COM00254.00,2016,Ore mined,O.Au,2722000
1852,COM00254.00,2016,Ore processed,O.Au,3458000
1853,COM00254.00,2017,Ore mined,O.Au,2410000
1854,COM00254.00,2017,Ore processed,O.Au,3438000
1855,COM00254.00,2018,Ore mined,O.Au,2013000
1856,COM00254.00,2018,Ore processed,O.Au,3506000
1857,COM00257.00,2009,Ore mined,O.bulk,1430000
1858,COM00257.00,2009,Ore processed,O.bulk,1430000
1859,COM00257.00,2010,Ore mined,O.bulk,1480000
1860,COM00257.00,2010,Ore processed,O.bulk,1480000
1861,COM00257.00,2011,Ore mined,O.bulk,1530000
1862,COM00257.00,2011,Ore processed,O.bulk,1530000
1863,COM00257.00,2012,Ore mined,O.bulk,1743800
1864,COM00257.00,2012,Ore processed,O.bulk,98896
1865,COM00257.00,2013,Ore mined,O.bulk,2014000
1866,COM00257.00,2013,Ore processed,O.bulk,2014000
1867,COM00257.00,2014,Ore mined,O.bulk,2138000
1868,COM00257.00,2014,Ore processed,O.bulk,2138000
1869,COM00257.00,2015,Ore mined,O.bulk,2008000
1870,COM00257.00,2015,Ore processed,O.bulk,2008000
1871,COM00257.00,2016,Ore mined,O.bulk,2015000
1872,COM00257.00,2016,Ore processed,O.bulk,2015000
1873,COM00257.00,2017,Ore mined,O.bulk,1838000
1874,COM00257.00,2017,Ore processed,O.bulk,1838000
1875,COM00257.00,2018,Ore mined,O.bulk,1690000
1876,COM00257.00,2018,Ore processed,O.bulk,1690000
1877,COM00258.00,2010,Ore mined,O.bulk,860000
1878,COM00258.00,2010,Ore processed,O.bulk,860000
1879,COM00258.00,2011,Ore mined,O.bulk,967000
1880,COM00258.00,2011,Ore processed,O.bulk,967000
1881,COM00258.00,2012,Ore mined,O.bulk,1113000
1882,COM00258.00,2012,Ore processed,O.bulk,1113000
1883,COM00258.00,2013,Ore mined,O.bulk,1242000
1884,COM00258.00,2013,Ore processed,O.bulk,1242000
1885,COM00258.00,2014,Ore mined,O.bulk,1341000
1886,COM00258.00,2014,Ore processed,O.bulk,1341000
1887,COM00258.00,2015,Ore mined,O.bulk,1329000
1888,COM00258.00,2015,Ore processed,O.bulk,1329000
1889,COM00258.00,2016,Ore mined,O.bulk,1275000
1890,COM00258.00,2016,Ore processed,O.bulk,1275000
1891,COM00258.00,2017,Ore mined,O.bulk,1302000
1892,COM00258.00,2017,Ore processed,O.bulk,1302000
1893,COM00258.00,2018,Ore mined,O.bulk,1324000
1894,COM00258.00,2018,Ore processed,O.bulk,1324000
1895,COM00269.00,2013,Ore mined,O.Cu,1253000
1896,COM00269.00,2013,Ore processed,O.Cu,1253000
1897,COM00269.00,2014,Ore mined,O.Cu,1539000
1898,COM00269.00,2014,Ore processed,O.Cu,1539000
1899,COM00269.00,2015,Ore mined,O.Cu,1500000
1900,COM00269.00,2015,Ore processed,O.Cu,1500000
1901,COM00269.00,2016,Ore mined,O.Cu,1538000
1902,COM00269.00,2016,Ore processed,O.Cu,1538000
1903,COM00269.00,2017,Ore mined,O.Cu,1619000
1904,COM00269.00,2017,Ore processed,O.Cu,1619000
1905,COM00269.00,2018,Ore mined,O.Cu,1544000
1906,COM00269.00,2018,Ore processed,O.Cu,1544000
1907,COM00271.00,2006,Concentrate,Con.Fe,1400000
1908,COM00271.00,2007,Concentrate,Con.Fe,1400000
1909,COM00271.00,2008,Concentrate,Con.Fe,800000
1910,COM00273.00,2003,Ore mined,O.Ni,500600
1911,COM00273.00,2003,Ore processed,O.Ni,530300
1912,COM00273.00,2004,Ore mined,O.Ni,403000
1913,COM00273.00,2004,Ore processed,O.Ni,521300
1914,COM00273.00,2005,Ore mined,O.Ni,528600
1915,COM00273.00,2005,Ore processed,O.Ni,521400
1916,COM00273.00,2006,Ore mined,O.Ni,487600
1917,COM00273.00,2006,Ore processed,O.Ni,518600
1918,COM00273.00,2007,Ore mined,O.Ni,539300
1919,COM00273.00,2007,Ore processed,O.Ni,522600
1920,COM00273.00,2008,Ore mined,O.Ni,498400
1921,COM00273.00,2008,Ore processed,O.Ni,475900
1922,COM00273.00,2009,Ore mined,O.Ni,547700
1923,COM00273.00,2009,Ore processed,O.Ni,512000
1924,COM00273.00,2010,Ore mined,O.Ni,493900
1925,COM00273.00,2010,Ore processed,O.Ni,488300
1926,COM00273.00,2011,Ore mined,O.Ni,549900
1927,COM00273.00,2011,Ore processed,O.Ni,562900
1928,COM00273.00,2012,Ore mined,O.Ni,612600
1929,COM00273.00,2012,Ore processed,O.Ni,581100
1930,COM00273.00,2013,Ore mined,O.Ni,6800
1931,COM00273.00,2013,Ore processed,O.Ni,602400
1932,COM00273.00,2014,Ore mined,O.Ni,6800
1933,COM00273.00,2014,Ore processed,O.Ni,593600
1934,COM00273.00,2015,Ore mined,O.Ni,8600
1935,COM00273.00,2015,Ore processed,O.Ni,591100
1936,COM00273.00,2016,Ore mined,O.Ni,6800
1937,COM00273.00,2016,Ore processed,O.Ni,589600
1938,COM00273.00,2017,Ore mined,O.Ni,7500
1939,COM00273.00,2017,Ore processed,O.Ni,587000
1940,COM00273.00,2018,Ore mined,O.Ni,8400
1941,COM00273.00,2018,Ore processed,O.Ni,581400
1942,COM00273.00,2019,Ore mined,O.Ni,40300
1943,COM00273.00,2019,Ore processed,O.Ni,570500
1944,COM00273.00,2020,Ore mined,O.Ni,3200
1945,COM00273.00,2020,Ore processed,O.Ni,581300
1946,COM00274.00,2012,Ore mined,O.Al,3000000
1947,COM00274.00,2012,Ore processed,O.Al,3000000
1948,COM00274.00,2013,Ore mined,O.Al,2700000
1949,COM00274.00,2013,Ore processed,O.Al,2700000
1950,COM00274.00,2014,Ore mined,O.Al,2700000
1951,COM00274.00,2014,Ore processed,O.Al,2700000
1952,COM00274.00,2015,Ore mined,O.Al,1600000
1953,COM00274.00,2015,Ore processed,O.Al,1600000
1954,COM00275.00,2001,Ore mined,O.bulk,1173000
1955,COM00275.00,2001,Ore processed,O.bulk,1173000
1956,COM00275.00,2002,Ore mined,O.bulk,1084000
1957,COM00275.00,2002,Ore processed,O.bulk,1084000
1958,COM00275.00,2003,Ore mined,O.bulk,870000
1959,COM00275.00,2003,Ore processed,O.bulk,870000
1960,COM00275.00,2004,Ore mined,O.bulk,1210000
1961,COM00275.00,2004,Ore processed,O.bulk,1210000
1962,COM00275.00,2005,Ore mined,O.bulk,1401000
1963,COM00275.00,2005,Ore processed,O.bulk,1401000
1964,COM00275.00,2006,Ore mined,O.bulk,1348000
1965,COM00275.00,2006,Ore processed,O.bulk,1348000
1966,COM00275.00,2007,Ore mined,O.bulk,1408000
1967,COM00275.00,2007,Ore processed,O.bulk,1408000
1968,COM00275.00,2008,Ore mined,O.bulk,1425000
1969,COM00275.00,2008,Ore processed,O.bulk,1425000
1970,COM00275.00,2009,Ore mined,O.bulk,624000
1971,COM00275.00,2009,Ore processed,O.bulk,624000
1972,COM00275.00,2010,Ore mined,O.bulk,786000
1973,COM00275.00,2010,Ore processed,O.bulk,786000
1974,COM00275.00,2011,Ore mined,O.bulk,1363000
1975,COM00275.00,2011,Ore processed,O.bulk,1363000
1976,COM00275.00,2012,Ore mined,O.bulk,1062000
1977,COM00275.00,2012,Ore processed,O.bulk,1062000
1978,COM00275.00,2013,Ore mined,O.bulk,1515000
1979,COM00275.00,2013,Ore processed,O.bulk,1515000
1980,COM00275.00,2014,Ore mined,O.bulk,1385000
1981,COM00275.00,2014,Ore processed,O.bulk,1385000
1982,COM00275.00,2015,Ore mined,O.bulk,1309000
1983,COM00275.00,2015,Ore processed,O.bulk,1309000
1984,COM00275.00,2016,Ore mined,O.bulk,1209000
1985,COM00275.00,2016,Ore processed,O.bulk,1209000
1986,COM00275.00,2017,Ore mined,O.bulk,1007000
1987,COM00275.00,2017,Ore processed,O.bulk,1007000
1988,COM00275.00,2018,Ore mined,O.bulk,618000
1989,COM00275.00,2018,Ore processed,O.bulk,618000
1990,COM00275.00,2019,Ore mined,O.bulk,1102000
1991,COM00275.00,2019,Ore processed,O.bulk,1102000
1992,COM00276.00,2003,Concentrate,Con.Cu,861600
1993,COM00276.00,2003,Ore mined,O.Cu,27680000
1994,COM00276.00,2003,Ore processed,O.oxi,6355000
1995,COM00276.00,2003,Ore processed,O.sul,24415000
1996,COM00276.00,2004,Concentrate,Con.Cu,1280400
1997,COM00276.00,2004,Ore mined,O.Cu,50342000
1998,COM00276.00,2004,Ore processed,O.oxi,6610000
1999,COM00276.00,2004,Ore processed,O.sul,34844000
2000,COM00276.00,2005,Concentrate,Con.Cu,1234000
2001,COM00276.00,2005,Ore mined,O.Cu,40705000
2002,COM00276.00,2005,Ore processed,O.oxi,6461000
2003,COM00276.00,2005,Ore processed,O.sul,36659000
2004,COM00276.00,2006,Concentrate,Con.Cu,1312400
2005,COM00276.00,2006,Ore mined,O.Cu,45843300
2006,COM00276.00,2006,Ore processed,O.oxi,6390300
2007,COM00276.00,2006,Ore processed,O.sul,41347700
2008,COM00276.00,2007,Concentrate,Con.Cu,1346000
2009,COM00276.00,2007,Ore mined,O.Cu,61969800
2010,COM00276.00,2007,Ore processed,O.oxi,7129200
2011,COM00276.00,2007,Ore processed,O.sul,43679900
2012,COM00276.00,2008,Concentrate,Con.Cu,1574000
2013,COM00276.00,2008,Ore mined,O.Cu,57699800
2014,COM00276.00,2008,Ore processed,O.oxi,7317400
2015,COM00276.00,2008,Ore processed,O.sul,42377400
2016,COM00276.00,2009,Concentrate,Con.Cu,1837900
2017,COM00276.00,2009,Ore mined,O.Cu,71197800
2018,COM00276.00,2009,Ore processed,O.oxi,7293800
2019,COM00276.00,2009,Ore processed,O.sul,45348300
2020,COM00276.00,2010,Concentrate,Con.Cu,1789300
2021,COM00276.00,2010,Ore mined,O.Cu,84060000
2022,COM00276.00,2010,Ore processed,O.oxi,7226800
2023,COM00276.00,2010,Ore processed,O.sul,48119900
2024,COM00276.00,2011,Concentrate,Con.Cu,1535800
2025,COM00276.00,2011,Ore mined,O.bulk,11797300
2026,COM00276.00,2011,Ore mined,O.oxi,906800
2027,COM00276.00,2011,Ore mined,O.sul,32535900
2028,COM00276.00,2011,Ore processed,O.oxi,8075800
2029,COM00276.00,2011,Ore processed,O.sul,47747400
2030,COM00276.00,2012,Concentrate,Con.Cu,934800
2031,COM00276.00,2012,Ore mined,O.bulk,54370100
2032,COM00276.00,2012,Ore mined,O.oxi,2733600
2033,COM00276.00,2012,Ore mined,O.sul,17293800
2034,COM00276.00,2012,Ore processed,O.oxi,8081400
2035,COM00276.00,2012,Ore processed,O.sul,43618600
2036,COM00276.00,2013,Ore mined,O.bulk,80955500
2037,COM00276.00,2013,Ore processed,O.oxi,7028900
2038,COM00276.00,2013,Ore processed,O.sul,4755900
2039,COM00276.00,2014,Ore mined,O.bulk,65845300
2040,COM00276.00,2014,Ore processed,O.oxi,6657500
2041,COM00276.00,2014,Ore processed,O.sul,48936100
2042,COM00276.00,2015,Ore mined,O.bulk,79573500
2043,COM00276.00,2015,Ore processed,O.oxi,4653900
2044,COM00276.00,2015,Ore processed,O.sul,43790600
2045,COM00276.00,2016,Ore mined,O.bulk,67602600
2046,COM00276.00,2016,Ore processed,O.sul,49406800
2047,COM00276.00,2017,Ore mined,O.bulk,120565100
2048,COM00276.00,2017,Ore processed,O.sul,121846000
2049,COM00276.00,2018,Ore mined,O.bulk,106019500
2050,COM00276.00,2018,Ore processed,O.sul,136724700
2051,COM00277.00,2006,Ore mined,O.Sn,40253
2052,COM00277.00,2006,Ore processed,O.Sn,45376
2053,COM00277.00,2007,Ore mined,O.Sn,251530
2054,COM00277.00,2007,Ore processed,O.Sn,251130
2055,COM00277.00,2008,Ore mined,O.Sn,232003
2056,COM00277.00,2008,Ore processed,O.Sn,232297
2057,COM00282.00,2005,Ore mined,O.bulk,437798
2058,COM00282.00,2005,Ore processed,O.bulk,437798
2059,COM00282.00,2006,Ore mined,O.bulk,447547
2060,COM00282.00,2006,Ore processed,O.bulk,447547
2061,COM00282.00,2007,Ore mined,O.bulk,420381
2062,COM00282.00,2007,Ore processed,O.bulk,420381
2063,COM00282.00,2008,Ore mined,O.bulk,355076
2064,COM00282.00,2008,Ore processed,O.bulk,355076
2065,COM00282.00,2009,Ore mined,O.bulk,345349
2066,COM00282.00,2009,Ore processed,O.bulk,345349
2067,COM00283.00,2015,Concentrate,Con.bulk,399189
2068,COM00283.00,2015,Ore mined,O.bulk,25828849
2069,COM00283.00,2015,Ore processed,O.bulk,23522010
2070,COM00283.00,2016,Concentrate,Con.bulk,527296
2071,COM00283.00,2016,Ore mined,O.bulk,26519954
2072,COM00283.00,2016,Ore processed,O.bulk,27032775
2073,COM00283.00,2017,Concentrate,Con.bulk,479858
2074,COM00283.00,2017,Ore mined,O.bulk,29982808
2075,COM00283.00,2017,Ore processed,O.bulk,28743952
2076,COM00283.00,2018,Concentrate,Con.bulk,512984
2077,COM00283.00,2018,Ore mined,O.bulk,34372156
2078,COM00283.00,2018,Ore processed,O.bulk,31282610
2079,COM00283.00,2019,Concentrate,Con.bulk,487772
2080,COM00283.00,2019,Ore mined,O.bulk,33308369
2081,COM00283.00,2019,Ore processed,O.bulk,31387281
2082,COM00285.00,2014,Ore mined,O.Au,3672000
2083,COM00285.00,2014,Ore processed,O.Au,3672000
2084,COM00285.00,2015,Ore mined,O.Au,5793000
2085,COM00285.00,2015,Ore processed,O.Au,5793000
2086,COM00285.00,2016,Ore mined,O.Au,5201000
2087,COM00285.00,2016,Ore processed,O.Au,5201000
2088,COM00285.00,2017,Ore mined,O.Au,3722000
2089,COM00285.00,2017,Ore processed,O.Au,3722000
2090,COM00285.00,2018,Ore mined,O.Au,4092000
2091,COM00285.00,2018,Ore processed,O.Au,4092000
2092,COM00288.00,2001,Ore mined,O.bulk,889000
2093,COM00288.00,2001,Ore processed,O.bulk,889000
2094,COM00288.00,2002,Ore mined,O.bulk,986000
2095,COM00288.00,2002,Ore processed,O.bulk,986000
2096,COM00288.00,2003,Ore mined,O.bulk,701000
2097,COM00288.00,2003,Ore processed,O.bulk,701000
2098,COM00288.00,2004,Ore mined,O.bulk,1085000
2099,COM00288.00,2004,Ore processed,O.bulk,1085000
2100,COM00288.00,2005,Ore mined,O.bulk,1261000
2101,COM00288.00,2005,Ore processed,O.bulk,1261000
2102,COM00288.00,2006,Ore mined,O.bulk,1341000
2103,COM00288.00,2006,Ore processed,O.bulk,1341000
2104,COM00288.00,2007,Ore mined,O.bulk,1078000
2105,COM00288.00,2007,Ore processed,O.bulk,1078000
2106,COM00288.00,2008,Ore mined,O.bulk,1165000
2107,COM00288.00,2008,Ore processed,O.bulk,1165000
2108,COM00288.00,2009,Ore mined,O.bulk,524000
2109,COM00288.00,2009,Ore processed,O.bulk,524000
2110,COM00288.00,2010,Ore mined,O.bulk,326000
2111,COM00288.00,2010,Ore processed,O.bulk,326000
2112,COM00288.00,2011,Ore mined,O.bulk,892000
2113,COM00288.00,2011,Ore processed,O.bulk,892000
2114,COM00288.00,2012,Ore mined,O.bulk,792000
2115,COM00288.00,2012,Ore processed,O.bulk,792000
2116,COM00288.00,2013,Ore mined,O.bulk,913000
2117,COM00288.00,2013,Ore processed,O.bulk,913000
2118,COM00288.00,2014,Ore mined,O.bulk,1053000
2119,COM00288.00,2014,Ore processed,O.bulk,1053000
2120,COM00288.00,2015,Ore mined,O.bulk,1138000
2121,COM00288.00,2015,Ore processed,O.bulk,1138000
2122,COM00288.00,2016,Ore mined,O.bulk,979000
2123,COM00288.00,2016,Ore processed,O.bulk,979000
2124,COM00288.00,2017,Ore mined,O.bulk,814000
2125,COM00288.00,2017,Ore processed,O.bulk,814000
2126,COM00288.00,2018,Ore mined,O.bulk,746000
2127,COM00288.00,2018,Ore processed,O.bulk,746000
2128,COM00288.00,2019,Ore mined,O.bulk,644000
2129,COM00288.00,2019,Ore processed,O.bulk,644000
2130,COM00289.00,2001,Ore mined,O.bulk,964000
2131,COM00289.00,2001,Ore processed,O.bulk,964000
2132,COM00289.00,2002,Ore mined,O.bulk,1035000
2133,COM00289.00,2002,Ore processed,O.bulk,1035000
2134,COM00289.00,2003,Ore mined,O.bulk,769000
2135,COM00289.00,2003,Ore processed,O.bulk,769000
2136,COM00289.00,2004,Ore mined,O.bulk,838000
2137,COM00289.00,2004,Ore processed,O.bulk,838000
2138,COM00289.00,2005,Ore mined,O.bulk,890000
2139,COM00289.00,2005,Ore processed,O.bulk,890000
2140,COM00289.00,2006,Ore mined,O.bulk,879000
2141,COM00289.00,2006,Ore processed,O.bulk,879000
2142,COM00289.00,2007,Ore mined,O.bulk,883000
2143,COM00289.00,2007,Ore processed,O.bulk,883000
2144,COM00289.00,2008,Ore mined,O.bulk,771000
2145,COM00289.00,2008,Ore processed,O.bulk,771000
2146,COM00289.00,2009,Ore mined,O.bulk,78000
2147,COM00289.00,2009,Ore processed,O.bulk,78000
2148,COM00294.00,2014,Ore mined,O.Au,25957000
2149,COM00294.00,2014,Ore processed,O.Au,25957000
2150,COM00294.00,2015,Ore mined,O.Au,22406000
2151,COM00294.00,2015,Ore processed,O.Au,22406000
2152,COM00294.00,2016,Ore mined,O.Au,25112000
2153,COM00294.00,2016,Ore processed,O.Au,25112000
2154,COM00295.00,2001,Ore mined,O.Fe,642000
2155,COM00295.00,2001,Ore processed,O.Fe,642000
2156,COM00295.00,2002,Ore mined,O.Fe,858000
2157,COM00295.00,2002,Ore processed,O.Fe,858000
2158,COM00295.00,2003,Ore mined,O.Fe,1074000
2159,COM00295.00,2003,Ore processed,O.Fe,1074000
2160,COM00295.00,2004,Ore mined,O.Fe,1301000
2161,COM00295.00,2004,Ore processed,O.Fe,1301000
2162,COM00295.00,2005,Ore mined,O.Fe,1410000
2163,COM00295.00,2005,Ore processed,O.Fe,1410000
2164,COM00295.00,2006,Ore mined,O.Fe,1982000
2165,COM00295.00,2006,Ore processed,O.Fe,1982000
2166,COM00295.00,2007,Ore mined,O.Fe,1777000
2167,COM00295.00,2007,Ore processed,O.Fe,1777000
2168,COM00295.00,2008,Ore mined,O.Fe,2032000
2169,COM00295.00,2008,Ore processed,O.Fe,2032000
2170,COM00295.00,2009,Ore mined,O.Fe,1932000
2171,COM00295.00,2009,Ore processed,O.Fe,1932000
2172,COM00295.00,2010,Ore mined,O.Fe,2800000
2173,COM00295.00,2010,Ore processed,O.Fe,2800000
2174,COM00295.00,2011,Ore mined,O.Fe,4100000
2175,COM00295.00,2011,Ore processed,O.Fe,4100000
2176,COM00295.00,2012,Ore mined,O.Fe,4600000
2177,COM00295.00,2012,Ore processed,O.Fe,4600000
2178,COM00295.00,2013,Ore mined,O.Fe,4500000
2179,COM00295.00,2013,Ore processed,O.Fe,4500000
2180,COM00295.00,2014,Ore mined,O.Fe,3800000
2181,COM00295.00,2014,Ore processed,O.Fe,3800000
2182,COM00295.00,2015,Ore mined,O.Fe,2800000
2183,COM00295.00,2015,Ore processed,O.Fe,2800000
2184,COM00295.00,2016,Ore mined,O.Fe,1900000
2185,COM00295.00,2016,Ore processed,O.Fe,1900000
2186,COM00295.00,2017,Ore mined,O.Fe,2400000
2187,COM00295.00,2017,Ore processed,O.Fe,2400000
2188,COM00295.00,2018,Ore mined,O.Fe,2500000
2189,COM00295.00,2018,Ore processed,O.Fe,2500000
2190,COM00295.00,2019,Ore mined,O.Fe,2400000
2191,COM00295.00,2019,Ore processed,O.Fe,2400000
2192,COM00296.00,2008,Ore mined,O.Ni,226000
2193,COM00296.00,2008,Ore processed,O.Ni,226000
2194,COM00296.00,2009,Ore mined,O.Ni,383000
2195,COM00296.00,2009,Ore processed,O.Ni,383000
2196,COM00296.00,2010,Ore mined,O.Ni,383000
2197,COM00296.00,2010,Ore processed,O.Ni,383000
2198,COM00296.00,2011,Ore mined,O.Ni,437000
2199,COM00296.00,2011,Ore processed,O.Ni,437000
2200,COM00299.00,2007,Ore mined,O.bulk,484641
2201,COM00299.00,2007,Ore processed,O.bulk,461933
2202,COM00299.00,2008,Concentrate,Con.Cu,53293
2203,COM00299.00,2008,Concentrate,Con.Pb,4705
2204,COM00299.00,2008,Concentrate,Con.Zn,10610
2205,COM00299.00,2008,Ore mined,O.bulk,825909
2206,COM00299.00,2008,Ore processed,O.bulk,833176
2207,COM00299.00,2009,Concentrate,Con.Cu,66977
2208,COM00299.00,2009,Concentrate,Con.Pb,6575
2209,COM00299.00,2009,Concentrate,Con.Zn,15008
2210,COM00299.00,2009,Ore mined,O.bulk,972599
2211,COM00299.00,2009,Ore processed,O.bulk,975728
2212,COM00299.00,2010,Concentrate,Con.Cu,64356
2213,COM00299.00,2010,Concentrate,Con.Pb,6282
2214,COM00299.00,2010,Concentrate,Con.Zn,16448
2215,COM00299.00,2010,Ore mined,O.bulk,978954
2216,COM00299.00,2010,Ore processed,O.bulk,981682
2217,COM00299.00,2011,Concentrate,Con.Cu,70650
2218,COM00299.00,2011,Concentrate,Con.Pb,2796
2219,COM00299.00,2011,Concentrate,Con.Zn,16720
2220,COM00299.00,2011,Ore mined,O.bulk,1110104
2221,COM00299.00,2011,Ore processed,O.bulk,1097759
2222,COM00299.00,2012,Concentrate,Con.Cu,81305
2223,COM00299.00,2012,Concentrate,Con.Pb,2216
2224,COM00299.00,2012,Concentrate,Con.Zn,16057
2225,COM00299.00,2012,Ore mined,O.bulk,1171000
2226,COM00299.00,2012,Ore processed,O.bulk,1173000
2227,COM00299.00,2013,Concentrate,Con.Cu,81351
2228,COM00299.00,2013,Concentrate,Con.Pb,2205
2229,COM00299.00,2013,Concentrate,Con.Zn,16928
2230,COM00299.00,2013,Ore mined,O.bulk,1209000
2231,COM00299.00,2013,Ore processed,O.bulk,1206000
2232,COM00299.00,2014,Concentrate,Con.Cu,77734
2233,COM00299.00,2014,Concentrate,Con.Pb,1950
2234,COM00299.00,2014,Concentrate,Con.Zn,14100
2235,COM00299.00,2014,Ore mined,O.bulk,1216000
2236,COM00299.00,2014,Ore processed,O.bulk,1228000
2237,COM00299.00,2015,Concentrate,Con.Cu,60826
2238,COM00299.00,2015,Concentrate,Con.Pb,1166
2239,COM00299.00,2015,Concentrate,Con.Zn,12453
2240,COM00299.00,2015,Ore mined,O.bulk,1079000
2241,COM00299.00,2015,Ore processed,O.bulk,1080000
2242,COM00299.00,2016,Concentrate,Con.Cu,53744
2243,COM00299.00,2016,Concentrate,Con.Pb,222
2244,COM00299.00,2016,Concentrate,Con.Zn,8866
2245,COM00299.00,2016,Ore mined,O.bulk,996000
2246,COM00299.00,2016,Ore processed,O.bulk,1001000
2247,COM00299.00,2017,Concentrate,Con.Cu,61473
2248,COM00299.00,2017,Concentrate,Con.Pb,81
2249,COM00299.00,2017,Concentrate,Con.Zn,8919
2250,COM00299.00,2017,Ore mined,O.bulk,912000
2251,COM00299.00,2017,Ore processed,O.bulk,912000
2252,COM00299.00,2018,Concentrate,Con.Cu,62949
2253,COM00299.00,2018,Concentrate,Con.Zn,14300
2254,COM00299.00,2018,Ore mined,O.bulk,989000
2255,COM00299.00,2018,Ore processed,O.bulk,986000
2256,COM00299.00,2019,Concentrate,Con.Cu,61270
2257,COM00299.00,2019,Concentrate,Con.Zn,17297
2258,COM00299.00,2019,Ore mined,O.bulk,1143000
2259,COM00299.00,2019,Ore processed,O.bulk,1146000
2260,COM00300.00,2005,Ore mined,O.Au,140000
2261,COM00300.00,2005,Ore processed,O.Au,130000
2262,COM00300.00,2006,Ore mined,O.Au,320000
2263,COM00300.00,2006,Ore processed,O.Au,320000
2264,COM00300.00,2007,Ore mined,O.Au,380000
2265,COM00300.00,2007,Ore processed,O.Au,390000
2266,COM00301.00,2001,Ore mined,O.bulk,1019000
2267,COM00301.00,2001,Ore processed,O.bulk,1019000
2268,COM00301.00,2002,Ore mined,O.bulk,912000
2269,COM00301.00,2002,Ore processed,O.bulk,912000
2270,COM00301.00,2003,Ore mined,O.bulk,713000
2271,COM00301.00,2003,Ore processed,O.bulk,713000
2272,COM00301.00,2004,Ore mined,O.bulk,968000
2273,COM00301.00,2004,Ore processed,O.bulk,968000
2274,COM00301.00,2005,Ore mined,O.bulk,988000
2275,COM00301.00,2005,Ore processed,O.bulk,988000
2276,COM00301.00,2006,Ore mined,O.bulk,997000
2277,COM00301.00,2006,Ore processed,O.bulk,997000
2278,COM00301.00,2007,Ore mined,O.bulk,963000
2279,COM00301.00,2007,Ore processed,O.bulk,963000
2280,COM00301.00,2008,Ore mined,O.bulk,1001000
2281,COM00301.00,2008,Ore processed,O.bulk,1001000
2282,COM00301.00,2009,Ore mined,O.bulk,395000
2283,COM00301.00,2009,Ore processed,O.bulk,395000
2284,COM00301.00,2010,Ore mined,O.bulk,426000
2285,COM00301.00,2010,Ore processed,O.bulk,426000
2286,COM00301.00,2011,Ore mined,O.bulk,991000
2287,COM00301.00,2011,Ore processed,O.bulk,991000
2288,COM00301.00,2012,Ore mined,O.bulk,797000
2289,COM00301.00,2012,Ore processed,O.bulk,797000
2290,COM00301.00,2013,Ore mined,O.bulk,915000
2291,COM00301.00,2013,Ore processed,O.bulk,915000
2292,COM00301.00,2014,Ore mined,O.bulk,903000
2293,COM00301.00,2014,Ore processed,O.bulk,903000
2294,COM00301.00,2015,Ore mined,O.bulk,774000
2295,COM00301.00,2015,Ore processed,O.bulk,774000
2296,COM00301.00,2016,Ore mined,O.bulk,832000
2297,COM00301.00,2016,Ore processed,O.bulk,832000
2298,COM00301.00,2017,Ore mined,O.bulk,595000
2299,COM00301.00,2017,Ore processed,O.bulk,595000
2300,COM00301.00,2018,Ore mined,O.bulk,608000
2301,COM00301.00,2018,Ore processed,O.bulk,608000
2302,COM00301.00,2019,Ore mined,O.bulk,613000
2303,COM00301.00,2019,Ore processed,O.bulk,613000
2304,COM00302.00,2001,Ore mined,O.Au,11300000
2305,COM00302.00,2001,Ore processed,O.Au,11300000
2306,COM00302.00,2002,Ore mined,O.Au,12400000
2307,COM00302.00,2002,Ore processed,O.Au,12400000
2308,COM00302.00,2003,Ore mined,O.Au,17100000
2309,COM00302.00,2003,Ore processed,O.Au,17100000
2310,COM00302.00,2004,Ore mined,O.Au,18200000
2311,COM00302.00,2004,Ore processed,O.Au,18200000
2312,COM00302.00,2005,Ore mined,O.Au,19200000
2313,COM00302.00,2005,Ore processed,O.Au,19200000
2314,COM00302.00,2006,Ore mined,O.Au,21800000
2315,COM00302.00,2006,Ore processed,O.Au,21800000
2316,COM00302.00,2007,Ore mined,O.Au,20900000
2317,COM00302.00,2007,Ore processed,O.Au,20900000
2318,COM00302.00,2008,Ore mined,O.Au,22100000
2319,COM00302.00,2008,Ore processed,O.Au,22100000
2320,COM00302.00,2009,Ore mined,O.Au,18700000
2321,COM00302.00,2009,Ore processed,O.Au,18700000
2322,COM00302.00,2010,Ore mined,O.Au,20600000
2323,COM00302.00,2010,Ore processed,O.Au,20600000
2324,COM00302.00,2011,Ore mined,O.Au,20300000
2325,COM00302.00,2011,Ore processed,O.Au,20300000
2326,COM00302.00,2012,Ore mined,O.Au,20900000
2327,COM00302.00,2012,Ore processed,O.Au,20900000
2328,COM00302.00,2013,Ore mined,O.Au,20800000
2329,COM00302.00,2013,Ore processed,O.Au,20800000
2330,COM00302.00,2014,Ore mined,O.Au,19300000
2331,COM00302.00,2014,Ore processed,O.Au,19300000
2332,COM00302.00,2016,Ore mined,O.Au,19825042
2333,COM00302.00,2016,Ore processed,O.Au,19825042
2334,COM00302.00,2017,Ore mined,O.Au,19594613
2335,COM00302.00,2017,Ore processed,O.Au,19594613
2336,COM00302.00,2018,Ore mined,O.Au,17653205
2337,COM00302.00,2018,Ore processed,O.Au,17653205
2338,COM00302.00,2019,Ore mined,O.Au,21093307
2339,COM00302.00,2019,Ore processed,O.Au,21093307
2340,COM00303.00,2004,Ore mined,O.FeTiO3,29992
2341,COM00303.00,2004,Ore mined,O.TiO2,15602
2342,COM00303.00,2004,Ore mined,O.Zr,11504
2343,COM00303.00,2004,Ore processed,O.FeTiO3,29992
2344,COM00303.00,2004,Ore processed,O.TiO2,15602
2345,COM00303.00,2004,Ore processed,O.Zr,11504
2346,COM00303.00,2005,Ore mined,O.FeTiO3,160469
2347,COM00303.00,2005,Ore mined,O.TiO2,71500
2348,COM00303.00,2005,Ore mined,O.Zr,53389
2349,COM00303.00,2005,Ore processed,O.FeTiO3,160469
2350,COM00303.00,2005,Ore processed,O.TiO2,71500
2351,COM00303.00,2005,Ore processed,O.Zr,53389
2352,COM00303.00,2006,Ore mined,O.FeTiO3,176802
2353,COM00303.00,2006,Ore mined,O.TiO2,72217
2354,COM00303.00,2006,Ore mined,O.Zr,52963
2355,COM00303.00,2006,Ore processed,O.FeTiO3,176802
2356,COM00303.00,2006,Ore processed,O.TiO2,72217
2357,COM00303.00,2006,Ore processed,O.Zr,52963
2358,COM00303.00,2007,Ore mined,O.FeTiO3,174413
2359,COM00303.00,2007,Ore mined,O.TiO2,79545
2360,COM00303.00,2007,Ore mined,O.Zr,60561
2361,COM00303.00,2007,Ore processed,O.FeTiO3,174413
2362,COM00303.00,2007,Ore processed,O.TiO2,79545
2363,COM00303.00,2007,Ore processed,O.Zr,60561
2364,COM00305.00,2000,Ore mined,O.bulk,30475000
2365,COM00305.00,2000,Ore processed,O.bulk,30475000
2366,COM00305.00,2001,Ore mined,O.bulk,30221000
2367,COM00305.00,2001,Ore processed,O.bulk,30221000
2368,COM00305.00,2002,Concentrate,Con.Cu,651200
2369,COM00305.00,2002,Ore mined,O.bulk,29756000
2370,COM00305.00,2002,Ore processed,O.bulk,29756000
2371,COM00305.00,2003,Concentrate,Con.Cu,710000
2372,COM00305.00,2003,Ore mined,O.bulk,29798000
2373,COM00305.00,2003,Ore processed,O.bulk,29798000
2374,COM00305.00,2004,Concentrate,Con.Cu,752900
2375,COM00305.00,2004,Ore mined,O.bulk,29319000
2376,COM00305.00,2004,Ore processed,O.bulk,29319000
2377,COM00305.00,2005,Concentrate,Con.Cu,619200
2378,COM00305.00,2005,Concentrate,Con.Mo,9500
2379,COM00305.00,2005,Ore mined,O.bulk,29544000
2380,COM00305.00,2005,Ore mined,O.oxi,0
2381,COM00305.00,2005,Ore processed,O.bulk,29621000
2382,COM00305.00,2006,Concentrate,Con.Cu,666700
2383,COM00305.00,2006,Concentrate,Con.Mo,6400
2384,COM00305.00,2006,Ore mined,O.bulk,28299000
2385,COM00305.00,2006,Ore mined,O.oxi,41600
2386,COM00305.00,2006,Ore processed,O.bulk,28228000
2387,COM00305.00,2007,Concentrate,Con.Cu,706700
2388,COM00305.00,2007,Concentrate,Con.Mo,7000
2389,COM00305.00,2007,Ore mined,O.bulk,28310000
2390,COM00305.00,2007,Ore mined,O.oxi,0
2391,COM00305.00,2007,Ore processed,O.bulk,28352000
2392,COM00305.00,2008,Concentrate,Con.Cu,759100
2393,COM00305.00,2008,Concentrate,Con.Mo,8100
2394,COM00305.00,2008,Ore mined,O.bulk,30217000
2395,COM00305.00,2008,Ore mined,O.oxi,0
2396,COM00305.00,2008,Ore processed,O.bulk,30250000
2397,COM00305.00,2009,Concentrate,Con.Cu,718900
2398,COM00305.00,2009,Concentrate,Con.Mo,9600
2399,COM00305.00,2009,Ore mined,O.bulk,32030000
2400,COM00305.00,2009,Ore mined,O.oxi,11000
2401,COM00305.00,2009,Ore processed,O.bulk,32049000
2402,COM00305.00,2010,Concentrate,Con.Cu,620700
2403,COM00305.00,2010,Concentrate,Con.Mo,9700
2404,COM00305.00,2010,Ore mined,O.bulk,31461000
2405,COM00305.00,2010,Ore mined,O.oxi,10000
2406,COM00305.00,2010,Ore processed,O.bulk,31419000
2407,COM00305.00,2011,Concentrate,Con.Cu,542300
2408,COM00305.00,2011,Concentrate,Con.Mo,5200
2409,COM00305.00,2011,Ore mined,O.bulk,29073000
2410,COM00305.00,2011,Ore mined,O.oxi,3096000
2411,COM00305.00,2011,Ore processed,O.bulk,28946000
2412,COM00305.00,2012,Concentrate,Con.Cu,620700
2413,COM00305.00,2012,Concentrate,Con.Mo,5400
2414,COM00305.00,2012,Ore mined,O.bulk,28708000
2415,COM00305.00,2012,Ore mined,O.oxi,554000
2416,COM00305.00,2012,Ore processed,O.bulk,28732000
2417,COM00305.00,2013,Concentrate,Con.Cu,659800
2418,COM00305.00,2013,Concentrate,Con.Mo,5800
2419,COM00305.00,2013,Ore mined,O.bulk,29269000
2420,COM00305.00,2013,Ore mined,O.oxi,3071000
2421,COM00305.00,2013,Ore processed,O.bulk,29353000
2422,COM00305.00,2014,Concentrate,Con.Cu,702100
2423,COM00305.00,2014,Concentrate,Con.Mo,7400
2424,COM00305.00,2014,Ore mined,O.bulk,30555000
2425,COM00305.00,2014,Ore mined,O.oxi,1898000
2426,COM00305.00,2014,Ore processed,O.bulk,30555000
2427,COM00305.00,2015,Concentrate,Con.Cu,694600
2428,COM00305.00,2015,Concentrate,Con.Mo,8200
2429,COM00305.00,2015,Ore mined,O.bulk,30956000
2430,COM00305.00,2015,Ore mined,O.oxi,0
2431,COM00305.00,2015,Ore processed,O.bulk,31093000
2432,COM00305.00,2016,Concentrate,Con.Cu,656500
2433,COM00305.00,2016,Concentrate,Con.Mo,7100
2434,COM00305.00,2016,Ore mined,O.bulk,30825000
2435,COM00305.00,2016,Ore mined,O.oxi,0
2436,COM00305.00,2016,Ore processed,O.bulk,30681000
2437,COM00305.00,2017,Concentrate,Con.Cu,607500
2438,COM00305.00,2017,Concentrate,Con.Mo,5800
2439,COM00305.00,2017,Ore mined,O.bulk,29769000
2440,COM00305.00,2017,Ore mined,O.oxi,0
2441,COM00305.00,2017,Ore processed,O.bulk,29751000
2442,COM00305.00,2018,Concentrate,Con.Cu,660700
2443,COM00305.00,2018,Concentrate,Con.Mo,5800
2444,COM00305.00,2018,Ore mined,O.bulk,29571000
2445,COM00305.00,2018,Ore mined,O.oxi,1122000
2446,COM00305.00,2018,Ore processed,O.bulk,29575000
2447,COM00305.00,2019,Concentrate,Con.Cu,625500
2448,COM00305.00,2019,Concentrate,Con.Mo,6100
2449,COM00305.00,2019,Ore mined,O.bulk,29017000
2450,COM00305.00,2019,Ore mined,O.oxi,1513000
2451,COM00305.00,2019,Ore processed,O.bulk,29056000
2452,COM00310.00,2008,Ore mined,O.bulk,11378
2453,COM00310.00,2008,Ore processed,O.bulk,11378
2454,COM00310.00,2009,Ore mined,O.bulk,6232
2455,COM00310.00,2009,Ore processed,O.bulk,6232
2456,COM00310.00,2010,Ore mined,O.bulk,24737
2457,COM00310.00,2010,Ore processed,O.bulk,24737
2458,COM00310.00,2011,Ore mined,O.bulk,31954
2459,COM00310.00,2011,Ore processed,O.bulk,31954
2460,COM00310.00,2012,Ore mined,O.bulk,84028
2461,COM00310.00,2012,Ore processed,O.bulk,84028
2462,COM00310.00,2013,Ore mined,O.bulk,106853
2463,COM00310.00,2013,Ore processed,O.bulk,106853
2464,COM00310.00,2014,Ore mined,O.bulk,155269
2465,COM00310.00,2014,Ore processed,O.bulk,155269
2466,COM00310.00,2015,Ore mined,O.bulk,202033
2467,COM00310.00,2015,Ore processed,O.bulk,202033
2468,COM00310.00,2016,Ore mined,O.bulk,186898
2469,COM00310.00,2016,Ore processed,O.bulk,186898
2470,COM00310.00,2017,Ore mined,O.bulk,88011
2471,COM00310.00,2017,Ore processed,O.bulk,88011
2472,COM00310.00,2018,Ore mined,O.bulk,186889
2473,COM00310.00,2018,Ore processed,O.bulk,186889
2474,COM00310.00,2019,Ore mined,O.bulk,285236
2475,COM00310.00,2019,Ore processed,O.bulk,285236
2476,COM00314.00,2012,Ore mined,O.Al,31800000
2477,COM00314.00,2012,Ore processed,O.Al,31800000
2478,COM00314.00,2013,Ore mined,O.Al,31400000
2479,COM00314.00,2013,Ore processed,O.Al,31400000
2480,COM00314.00,2014,Ore mined,O.Al,31400000
2481,COM00314.00,2014,Ore processed,O.Al,31400000
2482,COM00314.00,2015,Ore mined,O.Al,31700000
2483,COM00314.00,2015,Ore processed,O.Al,31700000
2484,COM00314.00,2016,Ore mined,O.Al,32400000
2485,COM00314.00,2016,Ore processed,O.Al,32400000
2486,COM00314.00,2017,Ore mined,O.Al,33200000
2487,COM00314.00,2017,Ore processed,O.Al,33200000
2488,COM00314.00,2018,Ore mined,O.Al,33500000
2489,COM00314.00,2018,Ore processed,O.Al,33500000
2490,COM00314.00,2019,Ore mined,O.Al,34700000
2491,COM00314.00,2019,Ore processed,O.Al,34700000
2492,COM00315.00,2002,Ore mined,O.Au,849000
2493,COM00315.00,2002,Ore processed,O.Au,849000
2494,COM00315.00,2003,Ore mined,O.Au,879000
2495,COM00315.00,2003,Ore processed,O.Au,879000
2496,COM00315.00,2004,Ore mined,O.Au,861000
2497,COM00315.00,2004,Ore processed,O.Au,861000
2498,COM00315.00,2005,Ore mined,O.Au,859000
2499,COM00315.00,2005,Ore processed,O.Au,859000
2500,COM00315.00,2018,Ore mined,O.Au,402271
2501,COM00315.00,2018,Ore processed,O.Au,458835
2502,COM00315.00,2019,Ore mined,O.Au,496896
2503,COM00315.00,2019,Ore processed,O.Au,496896
2504,COM00315.00,2020,Ore mined,O.Au,574980
2505,COM00315.00,2020,Ore processed,O.Au,574980
2506,COM00321.00,2012,Concentrate,Con.MnCO3,761000
2507,COM00321.00,2012,Concentrate,Con.MnO,55000
2508,COM00321.00,2012,Ore mined,O.Mn,1266000
2509,COM00321.00,2012,Ore processed,O.Mn,1266000
2510,COM00321.00,2013,Concentrate,Con.MnCO3,867000
2511,COM00321.00,2013,Concentrate,Con.MnO,90000
2512,COM00321.00,2013,Ore mined,O.Mn,1455000
2513,COM00321.00,2013,Ore processed,O.Mn,1455000
2514,COM00321.00,2014,Concentrate,Con.MnCO3,927000
2515,COM00321.00,2014,Concentrate,Con.MnO,103000
2516,COM00321.00,2014,Ore mined,O.Mn,1907000
2517,COM00321.00,2014,Ore processed,O.Mn,1907000
2518,COM00321.00,2015,Concentrate,Con.MnCO3,929000
2519,COM00321.00,2015,Concentrate,Con.MnO,78000
2520,COM00321.00,2015,Ore mined,O.Mn,1147000
2521,COM00321.00,2015,Ore processed,O.Mn,1147000
2522,COM00321.00,2016,Concentrate,Con.MnCO3,1002000
2523,COM00321.00,2016,Concentrate,Con.MnO,125000
2524,COM00321.00,2016,Ore mined,O.Mn,1505000
2525,COM00321.00,2016,Ore processed,O.Mn,1505000
2526,COM00321.00,2017,Concentrate,Con.MnCO3,938000
2527,COM00321.00,2017,Concentrate,Con.MnO,131000
2528,COM00321.00,2017,Ore mined,O.Mn,1800000
2529,COM00321.00,2017,Ore processed,O.Mn,1800000
2530,COM00321.00,2018,Concentrate,Con.MnCO3,1024000
2531,COM00321.00,2018,Concentrate,Con.MnO,26000
2532,COM00321.00,2018,Ore mined,O.Mn,1875000
2533,COM00321.00,2018,Ore processed,O.Mn,1875000
2534,COM00321.00,2019,Concentrate,Con.MnCO3,948000
2535,COM00321.00,2019,Ore mined,O.Mn,1646000
2536,COM00321.00,2019,Ore processed,O.Mn,1646000
2537,COM00326.00,2019,Ore mined,O.bulk,633896
2538,COM00326.00,2019,Ore processed,O.bulk,607116
2539,COM00326.00,2020,Ore mined,O.bulk,707899
2540,COM00326.00,2020,Ore processed,O.bulk,659353
2541,COM00327.00,2012,Ore mined,O.Cu,17000
2542,COM00327.00,2012,Ore mined,O.oxi,2061000
2543,COM00327.00,2012,Ore mined,O.sul,28000
2544,COM00327.00,2012,Ore processed,O.Cu,17000
2545,COM00327.00,2012,Ore processed,O.oxi,2061000
2546,COM00327.00,2012,Ore processed,O.sul,28000
2547,COM00327.00,2013,Concentrate,Con.bulk,144602
2548,COM00327.00,2013,Ore mined,O.bulk,1103791
2549,COM00327.00,2013,Ore mined,O.Cu,127951
2550,COM00327.00,2013,Ore mined,O.oxi,3559
2551,COM00327.00,2013,Ore processed,O.bulk,935118
2552,COM00327.00,2013,Ore processed,O.Cu,128730
2553,COM00327.00,2014,Concentrate,Con.bulk,278454
2554,COM00327.00,2014,Ore mined,O.bulk,1496686
2555,COM00327.00,2014,Ore processed,O.bulk,1490954
2556,COM00327.00,2015,Concentrate,Con.bulk,275446
2557,COM00327.00,2015,Ore mined,O.bulk,1474782
2558,COM00327.00,2015,Ore processed,O.bulk,1465523
2559,COM00327.00,2016,Concentrate,Con.bulk,278171
2560,COM00327.00,2016,Ore mined,O.bulk,1593168
2561,COM00327.00,2016,Ore processed,O.bulk,1572862
2562,COM00327.00,2017,Concentrate,Con.bulk,275078
2563,COM00327.00,2017,Ore mined,O.bulk,1530301
2564,COM00327.00,2017,Ore processed,O.bulk,1623952
2565,COM00327.00,2018,Concentrate,Con.bulk,268093
2566,COM00327.00,2018,Ore mined,O.bulk,1665860
2567,COM00327.00,2018,Ore processed,O.bulk,1641244
2568,COM00327.00,2019,Concentrate,Con.bulk,287336
2569,COM00327.00,2019,Ore mined,O.bulk,1624988
2570,COM00327.00,2019,Ore processed,O.bulk,1619714
2571,COM00327.00,2020,Concentrate,Con.bulk,303607
2572,COM00327.00,2020,Ore mined,O.bulk,1669533
2573,COM00327.00,2020,Ore processed,O.bulk,1600122
2574,COM00331.00,2018,Ore mined,O.Al,840000
2575,COM00331.00,2018,Ore processed,O.Al,840000
2576,COM00331.00,2019,Ore mined,O.Al,2780000
2577,COM00331.00,2019,Ore processed,O.Al,2780000
2578,COM00333.00,2013,Ore mined,O.Au,2578295
2579,COM00333.00,2013,Ore processed,O.Au,2578295
2580,COM00333.00,2014,Ore mined,O.Au,3111516
2581,COM00333.00,2014,Ore processed,O.Au,3111516
2582,COM00333.00,2015,Ore mined,O.Au,7064000
2583,COM00333.00,2015,Ore processed,O.Au,3581000
2584,COM00333.00,2016,Ore mined,O.Au,9199000
2585,COM00333.00,2016,Ore processed,O.Au,3500000
2586,COM00333.00,2017,Ore mined,O.Au,3764000
2587,COM00333.00,2017,Ore processed,O.Au,3500000
2588,COM00333.00,2018,Ore mined,O.Au,991000
2589,COM00333.00,2018,Ore processed,O.Au,3500000
2590,COM00333.00,2019,Ore mined,O.Au,1173000
2591,COM00333.00,2019,Ore processed,O.Au,2656000
2592,COM00337.00,2009,NM mineral,M.dol,1600000
2593,COM00337.00,2010,NM mineral,M.dol,1500000
2594,COM00337.00,2011,NM mineral,M.dol,2100000
2595,COM00337.00,2013,NM mineral,M.dol,2300000
2596,COM00337.00,2016,NM mineral,M.dol,3600000
2597,COM00337.00,2017,NM mineral,M.dol,2300000
2598,COM00337.00,2019,NM mineral,M.dol,2500000
2599,COM00338.00,2008,Ore mined,O.bulk,2928975
2600,COM00338.00,2008,Ore processed,O.bulk,1124174
2601,COM00338.00,2009,Ore mined,O.bulk,6373148
2602,COM00338.00,2009,Ore processed,O.bulk,5545592
2603,COM00338.00,2010,Ore mined,O.bulk,5888752
2604,COM00338.00,2010,Ore processed,O.bulk,5554293
2605,COM00338.00,2011,Ore mined,O.bulk,8343791
2606,COM00338.00,2011,Ore processed,O.bulk,6041410
2607,COM00338.00,2012,Ore mined,O.bulk,5796000
2608,COM00338.00,2012,Ore processed,O.bulk,5796000
2609,COM00338.00,2013,Ore mined,O.bulk,5352000
2610,COM00338.00,2013,Ore processed,O.bulk,5352000
2611,COM00338.00,2014,Ore mined,O.bulk,6054000
2612,COM00338.00,2014,Ore processed,O.bulk,6054000
2613,COM00338.00,2015,Ore mined,O.bulk,6109000
2614,COM00338.00,2015,Ore processed,O.bulk,6109000
2615,COM00338.00,2016,Ore mined,O.bulk,6306000
2616,COM00338.00,2016,Ore processed,O.bulk,6306000
2617,COM00338.00,2017,Ore mined,O.bulk,6605000
2618,COM00338.00,2017,Ore processed,O.bulk,6605000
2619,COM00338.00,2018,Ore mined,O.bulk,6903000
2620,COM00338.00,2018,Ore processed,O.bulk,6903000
2621,COM00338.00,2019,Ore mined,O.bulk,6777000
2622,COM00338.00,2019,Ore processed,O.bulk,6777000
2623,COM00344.00,2012,Ore mined,O.Au,4735000
2624,COM00344.00,2012,Ore processed,O.Au,4735000
2625,COM00344.00,2013,Ore mined,O.Au,5310000
2626,COM00344.00,2013,Ore processed,O.Au,5310000
2627,COM00344.00,2014,Ore mined,O.Au,5364000
2628,COM00344.00,2014,Ore processed,O.Au,5364000
2629,COM00344.00,2015,Ore mined,O.Au,5772000
2630,COM00344.00,2015,Ore processed,O.Au,5772000
2631,COM00344.00,2016,Ore mined,O.Au,5971000
2632,COM00344.00,2016,Ore processed,O.Au,5971000
2633,COM00344.00,2017,Ore mined,O.Au,6042000
2634,COM00344.00,2017,Ore processed,O.Au,6042000
2635,COM00344.00,2018,Ore mined,O.Au,3143000
2636,COM00344.00,2018,Ore processed,O.Au,3143000
2637,COM00351.00,2010,Ore mined,O.bulk,636000
2638,COM00351.00,2010,Ore processed,O.bulk,636000
2639,COM00351.00,2011,Ore mined,O.bulk,606000
2640,COM00351.00,2011,Ore processed,O.bulk,606000
2641,COM00351.00,2013,Ore mined,O.bulk,595000
2642,COM00351.00,2013,Ore processed,O.bulk,595000
2643,COM00351.00,2014,Ore mined,O.bulk,658000
2644,COM00351.00,2014,Ore processed,O.bulk,658000
2645,COM00351.00,2015,Ore mined,O.bulk,310000
2646,COM00351.00,2015,Ore processed,O.bulk,310000
2647,COM00352.00,2018,Ore mined,O.bulk,1473804
2648,COM00352.00,2018,Ore processed,O.bulk,1755847
2649,COM00354.00,2011,Ore mined,O.Au,2027872
2650,COM00354.00,2011,Ore processed,O.Au,1972179
2651,COM00354.00,2012,Ore mined,O.Au,2557001
2652,COM00354.00,2012,Ore processed,O.Au,2541158
2653,COM00354.00,2013,Ore mined,O.Au,6147476
2654,COM00354.00,2013,Ore processed,O.Au,6373417
2655,COM00354.00,2014,Ore mined,O.Au,9504693
2656,COM00354.00,2014,Ore processed,O.Au,8585777
2657,COM00354.00,2015,Ore mined,O.Au,11070000
2658,COM00354.00,2015,Ore processed,O.Au,9840000
2659,COM00354.00,2016,Ore mined,O.Au,10790000
2660,COM00354.00,2016,Ore processed,O.Au,10250000
2661,COM00354.00,2017,Ore mined,O.Au,10850000
2662,COM00354.00,2017,Ore processed,O.Au,9780000
2663,COM00354.00,2018,Ore mined,O.Au,10550000
2664,COM00354.00,2018,Ore processed,O.Au,10040000
2665,COM00354.00,2019,Ore mined,O.Au,10140000
2666,COM00354.00,2019,Ore processed,O.Au,9430000
2667,COM00354.00,2020,Ore mined,O.Au,9980000
2668,COM00354.00,2020,Ore processed,O.Au,9370000
2669,COM00360.00,2004,Concentrate,Con.Cr,960000
2670,COM00360.00,2005,Concentrate,Con.Cr,920000
2671,COM00360.00,2006,Concentrate,Con.Cr,820000
2672,COM00360.00,2007,Concentrate,Con.Cr,1010000
2673,COM00360.00,2008,Concentrate,Con.Cr,1240000
2674,COM00360.00,2009,Concentrate,Con.Cr,1030000
2675,COM00360.00,2010,Concentrate,Con.Cr,780000
2676,COM00360.00,2011,Concentrate,Con.Cr,1250000
2677,COM00360.00,2012,Concentrate,Con.Cr,1500000
2678,COM00360.00,2013,Concentrate,Con.Cr,1030000
2679,COM00360.00,2013,Ore mined,O.Cr,1600000
2680,COM00360.00,2013,Ore processed,O.Cr,1600000
2681,COM00360.00,2014,Concentrate,Con.Cr,1070000
2682,COM00360.00,2014,Ore mined,O.Cr,1610000
2683,COM00360.00,2014,Ore processed,O.Cr,1610000
2684,COM00360.00,2015,Concentrate,Con.Cr,1110000
2685,COM00360.00,2015,Ore mined,O.Cr,1770000
2686,COM00360.00,2015,Ore processed,O.Cr,1770000
2687,COM00360.00,2016,Concentrate,Con.Cr,1200000
2688,COM00360.00,2016,Ore mined,O.Cr,1960000
2689,COM00360.00,2016,Ore processed,O.Cr,1960000
2690,COM00360.00,2017,Concentrate,Con.Cr,1310000
2691,COM00360.00,2017,Ore mined,O.Cr,2040000
2692,COM00360.00,2017,Ore processed,O.Cr,2040000
2693,COM00360.00,2018,Concentrate,Con.Cr,1619000
2694,COM00360.00,2019,Concentrate,Con.Cr,1551000
2695,COM00363.00,2014,Ore mined,O.bulk,198000
2696,COM00363.00,2014,Ore processed,O.bulk,174000
2697,COM00363.00,2015,Ore mined,O.bulk,740000
2698,COM00363.00,2015,Ore processed,O.bulk,746000
2699,COM00363.00,2016,Ore mined,O.bulk,745000
2700,COM00363.00,2016,Ore processed,O.bulk,748000
2701,COM00363.00,2017,Ore mined,O.bulk,760000
2702,COM00363.00,2017,Ore processed,O.bulk,754000
2703,COM00363.00,2018,Ore mined,O.bulk,753000
2704,COM00363.00,2018,Ore processed,O.bulk,754000
2705,COM00363.00,2019,Ore mined,O.bulk,748000
2706,COM00363.00,2019,Ore processed,O.bulk,747000
2707,COM00368.00,2012,Ore mined,O.Au,4864000
2708,COM00368.00,2012,Ore mined,O.oxi,2444000
2709,COM00368.00,2012,Ore processed,O.Au,3688000
2710,COM00368.00,2013,Ore mined,O.Au,6162417
2711,COM00368.00,2013,Ore mined,O.oxi,836887
2712,COM00368.00,2013,Ore processed,O.Au,5647341
2713,COM00368.00,2014,Ore mined,O.Au,6100615
2714,COM00368.00,2014,Ore mined,O.oxi,47792
2715,COM00368.00,2014,Ore processed,O.Au,6650421
2716,COM00368.00,2015,Ore mined,O.Au,6152571
2717,COM00368.00,2015,Ore processed,O.Au,6393748
2718,COM00368.00,2016,Ore mined,O.Au,5305791
2719,COM00368.00,2016,Ore processed,O.Au,6608457
2720,COM00368.00,2017,Ore mined,O.Au,7631852
2721,COM00368.00,2017,Ore processed,O.Au,6828460
2722,COM00368.00,2018,Ore mined,O.Au,10190371
2723,COM00368.00,2018,Ore processed,O.Au,7134985
2724,COM00368.00,2019,Ore mined,O.Au,7037887
2725,COM00368.00,2019,Ore processed,O.Au,6680083
2726,COM00368.00,2020,Ore mined,O.Au,5631707
2727,COM00368.00,2020,Ore processed,O.Au,6943145
2728,COM00369.00,2018,Ore mined,O.Au,2079000
2729,COM00369.00,2018,Ore processed,O.Au,2010000
2730,COM00369.00,2019,Ore mined,O.Au,574000
2731,COM00369.00,2019,Ore processed,O.Au,2842000
2732,COM00369.00,2020,Ore mined,O.Au,705000
2733,COM00369.00,2020,Ore processed,O.Au,2262000
2734,COM00371.00,2004,NM mineral,O.dig,4446000
2735,COM00371.00,2005,NM mineral,O.dig,4595000
2736,COM00371.00,2012,NM mineral,O.dig,4482000
2737,COM00372.00,2000,Ore mined,O.Cu,67786000
2738,COM00372.00,2000,Ore processed,O.Cu,62042000
2739,COM00372.00,2001,Ore mined,O.Cu,82737000
2740,COM00372.00,2001,Ore processed,O.Cu,75875000
2741,COM00372.00,2002,Ore mined,O.Cu,76831000
2742,COM00372.00,2002,Ore processed,O.Cu,71224000
2743,COM00372.00,2003,Ore mined,O.Cu,87682000
2744,COM00372.00,2003,Ore processed,O.Cu,80604000
2745,COM00373.00,2006,Concentrate,Con.Fe,70000
2746,COM00373.00,2007,Concentrate,Con.Fe,347000
2747,COM00373.00,2008,Concentrate,Con.Fe,665000
2748,COM00373.00,2009,Concentrate,Con.Fe,389000
2749,COM00373.00,2010,Concentrate,Con.Fe,559000
2750,COM00373.00,2011,Concentrate,Con.Fe,622000
2751,COM00373.00,2012,Concentrate,Con.Fe,616000
2752,COM00373.00,2013,Concentrate,Con.Fe,482000
2753,COM00373.00,2014,Concentrate,Con.Fe,453000
2754,COM00373.00,2015,Concentrate,Con.Fe,344000
2755,COM00376.00,2008,Ore mined,O.bulk,1084953
2756,COM00376.00,2008,Ore processed,O.bulk,1124566
2757,COM00376.00,2009,Ore mined,O.bulk,1314759
2758,COM00376.00,2009,Ore processed,O.bulk,1271594
2759,COM00376.00,2010,Ore mined,O.bulk,1301877
2760,COM00376.00,2010,Ore processed,O.bulk,1301877
2761,COM00376.00,2011,Ore mined,O.bulk,1307351
2762,COM00376.00,2011,Ore processed,O.bulk,1452090
2763,COM00376.00,2012,Ore mined,O.bulk,1442245
2764,COM00376.00,2012,Ore processed,O.bulk,1415292
2765,COM00376.00,2013,Ore mined,O.bulk,1376428
2766,COM00376.00,2013,Ore processed,O.bulk,1422054
2767,COM00376.00,2014,Ore mined,O.bulk,1499030
2768,COM00376.00,2014,Ore processed,O.bulk,1475858
2769,COM00376.00,2015,Ore mined,O.bulk,1177506
2770,COM00376.00,2015,Ore processed,O.bulk,1418130
2771,COM00376.00,2016,Ore mined,O.bulk,1302998
2772,COM00376.00,2016,Ore processed,O.bulk,1421241
2773,COM00376.00,2017,Ore mined,O.bulk,1018007
2774,COM00376.00,2017,Ore processed,O.bulk,1041200
2775,COM00376.00,2018,Ore mined,O.bulk,975379
2776,COM00376.00,2018,Ore processed,O.bulk,1103835
2777,COM00376.00,2019,Ore mined,O.bulk,1010081
2778,COM00376.00,2019,Ore processed,O.bulk,1290239
2779,COM00378.00,2003,Concentrate,Con.bulk,1088000
2780,COM00378.00,2003,Concentrate,Con.Fe,827000
2781,COM00378.00,2004,Concentrate,Con.bulk,1048000
2782,COM00378.00,2004,Concentrate,Con.Fe,1090000
2783,COM00378.00,2005,Concentrate,Con.bulk,901000
2784,COM00378.00,2005,Concentrate,Con.Fe,978000
2785,COM00378.00,2006,Concentrate,Con.bulk,1519000
2786,COM00378.00,2006,Concentrate,Con.Fe,824000
2787,COM00378.00,2007,Concentrate,Con.bulk,1495000
2788,COM00378.00,2007,Concentrate,Con.Fe,482000
2789,COM00378.00,2008,Concentrate,Con.bulk,1400000
2790,COM00378.00,2008,Concentrate,Con.Fe,320000
2791,COM00378.00,2009,Concentrate,Con.bulk,1597000
2792,COM00378.00,2009,Concentrate,Con.Fe,195000
2793,COM00378.00,2010,Concentrate,Con.bulk,1692000
2794,COM00378.00,2010,Concentrate,Con.Fe,469000
2795,COM00378.00,2011,Concentrate,Con.bulk,1883000
2796,COM00378.00,2011,Concentrate,Con.Fe,1576000
2797,COM00378.00,2012,Concentrate,Con.bulk,1711000
2798,COM00378.00,2012,Concentrate,Con.Fe,1963000
2799,COM00378.00,2013,Concentrate,Con.bulk,1431000
2800,COM00378.00,2013,Concentrate,Con.Fe,773000
2801,COM00378.00,2014,Concentrate,Con.bulk,1229000
2802,COM00378.00,2014,Concentrate,Con.Fe,269000
2803,COM00378.00,2015,Concentrate,Con.bulk,1121000
2804,COM00378.00,2015,Concentrate,Con.Fe,7000
2805,COM00378.00,2016,Concentrate,Con.bulk,1107000
2806,COM00378.00,2016,Concentrate,Con.Fe,246000
2807,COM00378.00,2017,Concentrate,Con.bulk,1499000
2808,COM00378.00,2017,Concentrate,Con.Fe,80000
2809,COM00378.00,2018,Concentrate,Con.bulk,1657000
2810,COM00378.00,2018,Concentrate,Con.Fe,99000
2811,COM00378.00,2019,Concentrate,Con.bulk,1585000
2812,COM00378.00,2019,Concentrate,Con.Fe,162000
2813,COM00378.00,2019,Concentrate,Oth.sif,431000
2814,COM00379.00,2005,Ore mined,O.Au,2141400
2815,COM00379.00,2005,Ore processed,O.Au,1668100
2816,COM00379.00,2006,Ore mined,O.Au,2633600
2817,COM00379.00,2006,Ore processed,O.Au,2107700
2818,COM00379.00,2007,Ore mined,O.Au,2693500
2819,COM00379.00,2007,Ore processed,O.Au,2165400
2820,COM00379.00,2008,Ore mined,O.Au,2524800
2821,COM00379.00,2008,Ore processed,O.Au,2106600
2822,COM00379.00,2009,Ore mined,O.Au,2480200
2823,COM00379.00,2009,Ore processed,O.Au,2106200
2824,COM00379.00,2010,Ore mined,O.Au,2540900
2825,COM00379.00,2010,Ore processed,O.Au,2050300
2826,COM00379.00,2011,Ore mined,O.Au,2109200
2827,COM00379.00,2011,Ore processed,O.Au,2075900
2828,COM00379.00,2012,Ore mined,O.Au,2270300
2829,COM00379.00,2012,Ore processed,O.Au,1992300
2830,COM00379.00,2013,Ore mined,O.Au,2247000
2831,COM00379.00,2013,Ore processed,O.Au,1930800
2832,COM00379.00,2014,Ore mined,O.Au,1271400
2833,COM00379.00,2014,Ore processed,O.Au,1161100
2834,COM00381.00,2003,Concentrate,Con.Cu,228600
2835,COM00381.00,2003,Ore mined,O.Cu,4778000
2836,COM00381.00,2003,Ore mined,O.sul,3267000
2837,COM00381.00,2003,Ore processed,O.oxi,531000
2838,COM00381.00,2003,Ore processed,O.sul,6581000
2839,COM00381.00,2004,Concentrate,Con.Cu,216700
2840,COM00381.00,2004,Ore mined,O.Cu,6032000
2841,COM00381.00,2004,Ore mined,O.sul,2687000
2842,COM00381.00,2004,Ore processed,O.oxi,661000
2843,COM00381.00,2004,Ore processed,O.sul,6976000
2844,COM00381.00,2005,Concentrate,Con.Cu,210500
2845,COM00381.00,2005,Ore mined,O.Cu,3291000
2846,COM00381.00,2005,Ore mined,O.sul,1996000
2847,COM00381.00,2005,Ore processed,O.oxi,665000
2848,COM00381.00,2005,Ore processed,O.sul,7004000
2849,COM00381.00,2006,Concentrate,Con.Cu,222900
2850,COM00381.00,2006,Ore mined,O.Cu,5923100
2851,COM00381.00,2006,Ore mined,O.sul,2028600
2852,COM00381.00,2006,Ore processed,O.oxi,654200
2853,COM00381.00,2006,Ore processed,O.sul,7527700
2854,COM00381.00,2007,Concentrate,Con.Cu,229700
2855,COM00381.00,2007,Ore mined,O.Cu,6359600
2856,COM00381.00,2007,Ore mined,O.sul,1514900
2857,COM00381.00,2007,Ore processed,O.oxi,791900
2858,COM00381.00,2007,Ore processed,O.sul,7400900
2859,COM00381.00,2008,Concentrate,Con.Cu,174100
2860,COM00381.00,2008,Ore mined,O.Cu,5327500
2861,COM00381.00,2008,Ore mined,O.sul,1312700
2862,COM00381.00,2008,Ore processed,O.oxi,821800
2863,COM00381.00,2008,Ore processed,O.sul,7179700
2864,COM00381.00,2009,Concentrate,Con.Cu,158700
2865,COM00381.00,2009,Ore mined,O.Cu,7854100
2866,COM00381.00,2009,Ore mined,O.sul,1501000
2867,COM00381.00,2009,Ore processed,O.oxi,1689700
2868,COM00381.00,2009,Ore processed,O.sul,7481500
2869,COM00381.00,2010,Concentrate,Con.Cu,174000
2870,COM00381.00,2010,Ore mined,O.Cu,591300
2871,COM00381.00,2010,Ore mined,O.sul,1390200
2872,COM00381.00,2010,Ore processed,O.oxi,1532200
2873,COM00381.00,2010,Ore processed,O.sul,7176100
2874,COM00381.00,2011,Concentrate,Con.Cu,171900
2875,COM00381.00,2011,Ore mined,O.Cu,10197700
2876,COM00381.00,2011,Ore processed,O.oxi,1887000
2877,COM00381.00,2011,Ore processed,O.sul,7209100
2878,COM00381.00,2012,Concentrate,Con.Cu,190400
2879,COM00381.00,2012,Ore mined,O.Cu,8544500
2880,COM00381.00,2012,Ore processed,O.oxi,1091900
2881,COM00381.00,2012,Ore processed,O.sul,7782300
2882,COM00381.00,2013,Ore mined,O.Cu,8576700
2883,COM00381.00,2013,Ore processed,O.Cu,7312500
2884,COM00381.00,2014,Ore mined,O.Cu,3118400
2885,COM00381.00,2014,Ore processed,O.Cu,7203600
2886,COM00381.00,2015,Ore mined,O.Cu,5208100
2887,COM00381.00,2015,Ore processed,O.Cu,5965400
2888,COM00381.00,2016,Ore mined,O.Cu,7339100
2889,COM00381.00,2016,Ore processed,O.Cu,6964400
2890,COM00381.00,2017,Ore mined,O.Cu,5338400
2891,COM00381.00,2017,Ore processed,O.Cu,7395100
2892,COM00381.00,2018,Ore mined,O.Cu,11613000
2893,COM00381.00,2018,Ore processed,O.Cu,7598200
2894,COM00381.00,2019,Ore mined,O.Cu,12128100
2895,COM00381.00,2019,Ore processed,O.Cu,7438500
2896,COM00381.00,2020,Ore mined,O.Cu,7160500
2897,COM00381.00,2020,Ore processed,O.Cu,6921700
2898,COM00383.00,2010,Concentrate,Con.Fe,1800000
2899,COM00383.00,2011,Concentrate,Con.Fe,2000000
2900,COM00383.00,2012,Concentrate,Con.Fe,2150000
2901,COM00383.00,2013,Concentrate,Con.Fe,2200000
2902,COM00383.00,2014,Concentrate,Con.Fe,2300000
2903,COM00383.00,2015,Concentrate,Con.Fe,1700000
2904,COM00383.00,2016,Concentrate,Con.Fe,0
2905,COM00383.00,2017,Concentrate,Con.Fe,1800000
2906,COM00383.00,2018,Concentrate,Con.Fe,1600000
2907,COM00383.00,2019,Concentrate,Con.Fe,300000
2908,COM00386.00,2015,Ore mined,O.Au,1381000
2909,COM00386.00,2015,Ore processed,O.Au,1707000
2910,COM00386.00,2016,Ore mined,O.Au,1688000
2911,COM00386.00,2016,Ore processed,O.Au,1688000
2912,COM00386.00,2017,Ore mined,O.Au,1812000
2913,COM00386.00,2017,Ore processed,O.Au,1812000
2914,COM00386.00,2018,Ore mined,O.Au,1875000
2915,COM00386.00,2018,Ore processed,O.Au,1875000
2916,COM00388.00,2001,Ore mined,O.bulk,261000
2917,COM00388.00,2001,Ore processed,O.bulk,261000
2918,COM00388.00,2002,Ore mined,O.bulk,268000
2919,COM00388.00,2002,Ore processed,O.bulk,268000
2920,COM00388.00,2010,Ore mined,O.bulk,86000
2921,COM00388.00,2010,Ore processed,O.bulk,86000
2922,COM00388.00,2011,Ore mined,O.bulk,131000
2923,COM00388.00,2011,Ore processed,O.bulk,131000
2924,COM00388.00,2012,Ore mined,O.bulk,371000
2925,COM00388.00,2012,Ore processed,O.bulk,371000
2926,COM00388.00,2013,Ore mined,O.bulk,109000
2927,COM00388.00,2013,Ore processed,O.bulk,109000
2928,COM00388.00,2014,Ore mined,O.bulk,181000
2929,COM00388.00,2014,Ore processed,O.bulk,181000
2930,COM00388.00,2015,Ore mined,O.bulk,165000
2931,COM00388.00,2015,Ore processed,O.bulk,165000
2932,COM00388.00,2016,Ore mined,O.bulk,75000
2933,COM00388.00,2016,Ore processed,O.bulk,75000
2934,COM00390.00,2000,Concentrate,Con.Fe,7600000
2935,COM00390.00,2001,Concentrate,Con.Fe,5791468
2936,COM00390.00,2002,Concentrate,Con.Fe,3657769
2937,COM00390.00,2003,Concentrate,Con.Fe,5283444
2938,COM00390.00,2004,Concentrate,Con.Fe,5486654
2939,COM00390.00,2005,Concentrate,Con.Fe,4877026
2940,COM00390.00,2006,Concentrate,Con.Fe,4978630
2941,COM00390.00,2007,Concentrate,Con.Fe,4978630
2942,COM00390.00,2008,Concentrate,Con.Fe,4673816
2943,COM00390.00,2013,Concentrate,Con.Fe,3048141
2944,COM00390.00,2014,Concentrate,Con.Fe,4369002
2945,COM00390.00,2015,Concentrate,Con.Fe,3048141
2946,COM00390.00,2016,Concentrate,Con.Fe,2844932
2947,COM00391.00,2005,Ore mined,O.Ag,420151
2948,COM00391.00,2005,Ore processed,O.Ag,420151
2949,COM00391.00,2006,Ore mined,O.Ag,680504
2950,COM00391.00,2006,Ore processed,O.Ag,680504
2951,COM00391.00,2007,Ore mined,O.Ag,1040429
2952,COM00391.00,2007,Ore processed,O.Ag,1040429
2953,COM00391.00,2008,Ore mined,O.Ag,934750
2954,COM00391.00,2008,Ore processed,O.Ag,934750
2955,COM00391.00,2009,Ore mined,O.Ag,501499
2956,COM00391.00,2009,Ore processed,O.Ag,501499
2957,COM00391.00,2010,Ore mined,O.Ag,592901
2958,COM00391.00,2010,Ore processed,O.Ag,592901
2959,COM00391.00,2011,Ore mined,O.Ag,674899
2960,COM00391.00,2011,Ore processed,O.Ag,674899
2961,COM00391.00,2012,Ore mined,O.Ag,717785
2962,COM00391.00,2012,Ore processed,O.Ag,717785
2963,COM00391.00,2013,Ore mined,O.Ag,717700
2964,COM00391.00,2013,Ore processed,O.Ag,717700
2965,COM00391.00,2014,Ore mined,O.Ag,719132
2966,COM00391.00,2014,Ore processed,O.Ag,719132
2967,COM00391.00,2015,Ore mined,O.Ag,696107
2968,COM00391.00,2015,Ore processed,O.Ag,696107
2969,COM00391.00,2016,Ore mined,O.Ag,199067
2970,COM00391.00,2016,Ore processed,O.Ag,199067
2971,COM00394.00,2001,Ore mined,O.Au,41300000
2972,COM00394.00,2001,Ore processed,O.Au,41300000
2973,COM00394.00,2002,Ore mined,O.Au,32800000
2974,COM00394.00,2002,Ore processed,O.Au,32800000
2975,COM00395.00,2002,Concentrate,Con.Cu,720750
2976,COM00395.00,2002,Ore mined,O.Cu,15302226
2977,COM00395.00,2002,Ore mined,O.Zn,3100000
2978,COM00395.00,2002,Ore processed,O.Cu,15681584
2979,COM00395.00,2003,Concentrate,Con.Cu,713499
2980,COM00395.00,2003,Ore mined,O.Cu,14888513
2981,COM00395.00,2003,Ore mined,O.Zn,3000000
2982,COM00395.00,2003,Ore processed,O.Cu,15465685
2983,COM00395.00,2004,Ore mined,O.Cu,16300000
2984,COM00395.00,2004,Ore mined,O.Zn,3200000
2985,COM00395.00,2004,Ore processed,O.Cu,16300000
2986,COM00395.00,2004,Ore processed,O.Zn,3200000
2987,COM00395.00,2005,Ore mined,O.Cu,17000000
2988,COM00395.00,2005,Ore mined,O.Zn,4400000
2989,COM00395.00,2005,Ore processed,O.Cu,17000000
2990,COM00395.00,2005,Ore processed,O.Zn,4400000
2991,COM00395.00,2006,Ore mined,O.Cu,17000000
2992,COM00395.00,2006,Ore mined,O.Zn,4600000
2993,COM00395.00,2006,Ore processed,O.Cu,17000000
2994,COM00395.00,2006,Ore processed,O.Zn,4600000
2995,COM00395.00,2007,Ore mined,O.Cu,17500000
2996,COM00395.00,2007,Ore mined,O.Zn,5100000
2997,COM00395.00,2007,Ore processed,O.Cu,17500000
2998,COM00395.00,2007,Ore processed,O.Zn,5100000
2999,COM00395.00,2008,Ore mined,O.Cu,17300000
3000,COM00395.00,2008,Ore mined,O.Zn,6400000
3001,COM00395.00,2008,Ore processed,O.Cu,17300000
3002,COM00395.00,2008,Ore processed,O.Zn,6400000
3003,COM00395.00,2009,Ore mined,O.Cu,14000000
3004,COM00395.00,2009,Ore mined,O.Zn,7400000
3005,COM00395.00,2009,Ore processed,O.Cu,14000000
3006,COM00395.00,2009,Ore processed,O.Zn,7400000
3007,COM00395.00,2010,Ore mined,O.Cu,15900000
3008,COM00395.00,2010,Ore mined,O.Zn,9100000
3009,COM00395.00,2010,Ore processed,O.Cu,15900000
3010,COM00395.00,2010,Ore processed,O.Zn,9100000
3011,COM00395.00,2011,Ore mined,O.Cu,16300000
3012,COM00395.00,2011,Ore mined,O.Zn,9100000
3013,COM00395.00,2011,Ore processed,O.Cu,16300000
3014,COM00395.00,2011,Ore processed,O.Zn,9100000
3015,COM00396.00,2015,Concentrate,Con.Pb,23800
3016,COM00396.00,2015,Concentrate,Con.Zn,28100
3017,COM00396.00,2016,Concentrate,Con.Pb,22500
3018,COM00396.00,2016,Concentrate,Con.Zn,27600
3019,COM00396.00,2017,Concentrate,Con.Pb,9400
3020,COM00396.00,2017,Concentrate,Con.Zn,11300
3021,COM00398.00,2002,Ore mined,O.Au,256000
3022,COM00398.00,2002,Ore processed,O.Au,256000
3023,COM00398.00,2003,Ore mined,O.Au,275000
3024,COM00398.00,2003,Ore processed,O.Au,275000
3025,COM00398.00,2004,Ore mined,O.Au,263000
3026,COM00398.00,2004,Ore processed,O.Au,263000
3027,COM00398.00,2005,Ore mined,O.Au,199000
3028,COM00398.00,2005,Ore processed,O.Au,199000
3029,COM00401.00,2002,Concentrate,O.Fe,2000000
3030,COM00401.00,2003,Concentrate,O.Fe,2400000
3031,COM00401.00,2004,Concentrate,Con.Fe,1492000
3032,COM00401.00,2004,Concentrate,O.Fe,2918000
3033,COM00401.00,2005,Concentrate,O.Fe,2520000
3034,COM00401.00,2006,Concentrate,O.Fe,2420000
3035,COM00401.00,2007,Concentrate,Con.Fe,2737000
3036,COM00401.00,2008,Concentrate,Con.Fe,1663000
3037,COM00401.00,2011,Concentrate,Con.Fe,2400000
3038,COM00401.00,2011,Ore mined,O.Fe,4400000
3039,COM00401.00,2011,Ore processed,O.Fe,4400000
3040,COM00401.00,2012,Concentrate,Con.Fe,1200000
3041,COM00401.00,2012,Concentrate,O.Fe,1100000
3042,COM00401.00,2012,Ore mined,O.Fe,4600000
3043,COM00401.00,2012,Ore processed,O.Fe,4600000
3044,COM00402.00,2002,Concentrate,O.Fe,4700000
3045,COM00402.00,2003,Concentrate,O.Fe,5000000
3046,COM00402.00,2004,Concentrate,Con.Fe,2139000
3047,COM00402.00,2004,Concentrate,O.Fe,3323000
3048,COM00402.00,2005,Concentrate,Con.Fe,2400000
3049,COM00402.00,2005,Concentrate,O.Fe,3200000
3050,COM00402.00,2006,Concentrate,Con.Fe,2520000
3051,COM00402.00,2006,Concentrate,O.Fe,3160000
3052,COM00402.00,2007,Concentrate,Con.Fe,5506000
3053,COM00402.00,2008,Concentrate,Con.Fe,7358000
3054,COM00402.00,2011,Concentrate,Con.Fe,4900000
3055,COM00402.00,2011,Ore mined,O.Fe,11700000
3056,COM00402.00,2011,Ore processed,O.Fe,11700000
3057,COM00402.00,2012,Concentrate,Con.Fe,4400000
3058,COM00402.00,2012,Ore mined,O.Fe,11000000
3059,COM00402.00,2012,Ore processed,O.Fe,11000000
3060,COM00402.00,2013,Concentrate,Con.Fe,3900000
3061,COM00402.00,2013,Ore mined,O.Fe,10200000
3062,COM00402.00,2013,Ore processed,O.Fe,10200000
3063,COM00402.00,2014,Concentrate,Con.Fe,3100000
3064,COM00402.00,2014,Ore mined,O.Fe,5700000
3065,COM00402.00,2014,Ore processed,O.Fe,5700000
3066,COM00402.00,2015,Concentrate,Con.Fe,3730000
3067,COM00402.00,2015,Ore mined,O.Fe,7900000
3068,COM00402.00,2015,Ore processed,O.Fe,7900000
3069,COM00403.00,2011,Ore mined,O.Fe,300000
3070,COM00403.00,2011,Ore processed,O.Fe,300000
3071,COM00403.00,2012,Concentrate,Con.Fe,1646000
3072,COM00403.00,2012,Ore mined,O.Fe,2368000
3073,COM00403.00,2012,Ore processed,O.Fe,2368000
3074,COM00403.00,2013,Concentrate,Con.Fe,2467000
3075,COM00403.00,2013,Ore mined,O.Fe,2532000
3076,COM00403.00,2013,Ore processed,O.Fe,2532000
3077,COM00403.00,2014,Concentrate,Con.Fe,2735000
3078,COM00403.00,2014,Ore mined,O.Fe,2917000
3079,COM00403.00,2014,Ore processed,O.Fe,2917000
3080,COM00403.00,2015,Concentrate,Con.Fe,3512000
3081,COM00403.00,2015,Ore mined,O.Fe,4233000
3082,COM00403.00,2015,Ore processed,O.Fe,4233000
3083,COM00403.00,2016,Concentrate,Con.Fe,3895000
3084,COM00403.00,2016,Ore mined,O.Fe,4595000
3085,COM00403.00,2016,Ore processed,O.Fe,4595000
3086,COM00403.00,2017,Concentrate,Con.Fe,3291000
3087,COM00403.00,2017,Ore mined,O.Fe,1899000
3088,COM00403.00,2017,Ore processed,O.Fe,1899000
3089,COM00403.00,2018,Concentrate,Con.Fe,3507000
3090,COM00403.00,2018,Ore mined,O.Fe,4085000
3091,COM00403.00,2018,Ore processed,O.Fe,4085000
3092,COM00403.00,2019,Concentrate,Con.Fe,2473000
3093,COM00403.00,2019,Ore mined,O.Fe,1892000
3094,COM00403.00,2019,Ore processed,O.Fe,1892000
3095,COM00403.00,2020,Concentrate,Con.Fe,2325000
3096,COM00403.00,2020,Ore mined,O.Fe,0
3097,COM00403.00,2020,Ore processed,O.Fe,0
3098,COM00407.00,2006,Ore mined,O.Ni,4100000
3099,COM00407.00,2006,Ore processed,O.Ni,4100000
3100,COM00407.00,2007,Ore mined,O.Ni,4100000
3101,COM00407.00,2007,Ore processed,O.Ni,4100000
3102,COM00407.00,2008,Ore mined,O.Ni,2700000
3103,COM00407.00,2008,Ore processed,O.Ni,2700000
3104,COM00407.00,2009,Ore mined,O.Ni,0
3105,COM00407.00,2009,Ore processed,O.Ni,0
3106,COM00407.00,2010,Ore mined,O.Ni,0
3107,COM00407.00,2010,Ore processed,O.Ni,0
3108,COM00407.00,2011,Ore mined,O.Ni,1100000
3109,COM00407.00,2011,Ore processed,O.Ni,1100000
3110,COM00410.00,2006,Ore mined,O.Au,977478
3111,COM00410.00,2006,Ore processed,O.Au,977478
3112,COM00410.00,2007,Ore mined,O.Au,1198709
3113,COM00410.00,2007,Ore processed,O.Au,1041778
3114,COM00410.00,2008,Ore mined,O.Au,1107710
3115,COM00410.00,2008,Ore processed,O.Au,1121025
3116,COM00410.00,2009,Ore mined,O.Au,1155247
3117,COM00410.00,2009,Ore processed,O.Au,1179595
3118,COM00410.00,2010,Ore mined,O.Au,1105340
3119,COM00410.00,2010,Ore processed,O.Au,1110204
3120,COM00410.00,2011,Ore mined,O.Au,983848
3121,COM00410.00,2011,Ore processed,O.Au,936459
3122,COM00410.00,2012,Ore mined,O.Au,1018911
3123,COM00410.00,2012,Ore processed,O.Au,1048489
3124,COM00412.00,2010,Concentrate,Con.Fe,500000
3125,COM00412.00,2011,Concentrate,Con.Fe,700000
3126,COM00412.00,2012,Concentrate,Con.Fe,500000
3127,COM00412.00,2013,Concentrate,Con.Fe,600000
3128,COM00412.00,2014,Concentrate,Con.Fe,600000
3129,COM00412.00,2015,Concentrate,Con.Fe,0
3130,COM00412.00,2016,Concentrate,Con.Fe,0
3131,COM00412.00,2017,Concentrate,Con.Fe,30000
3132,COM00412.00,2018,Concentrate,Con.Fe,650000
3133,COM00412.00,2019,Concentrate,Con.Fe,610000
3134,COM00413.00,2007,Concentrate,Con.Fe,8793000
3135,COM00413.00,2008,Concentrate,Con.Fe,8608000
3136,COM00413.00,2009,Concentrate,Con.Fe,8609000
3137,COM00413.00,2010,Concentrate,Con.Fe,9033000
3138,COM00413.00,2011,Concentrate,Con.Fe,9063000
3139,COM00413.00,2012,Concentrate,Con.Fe,9409000
3140,COM00413.00,2013,Concentrate,Con.Fe,10466000
3141,COM00413.00,2014,Concentrate,Con.Fe,10670000
3142,COM00413.00,2015,Concentrate,Con.Fe,11258000
3143,COM00413.00,2016,Concentrate,Con.Fe,11072000
3144,COM00413.00,2017,Concentrate,Con.Fe,10394000
3145,COM00413.00,2018,Concentrate,Con.Fe,10506000
3146,COM00413.00,2019,Concentrate,Con.Fe,10519000
3147,COM00417.00,2007,Ore mined,O.Ni,470207
3148,COM00417.00,2007,Ore processed,O.Ni,470207
3149,COM00417.00,2008,Ore mined,O.Ni,506477
3150,COM00417.00,2008,Ore processed,O.Ni,506477
3151,COM00417.00,2009,Ore mined,O.Ni,1954343
3152,COM00417.00,2009,Ore processed,O.Ni,1954343
3153,COM00417.00,2010,Ore mined,O.Ni,3406802
3154,COM00417.00,2010,Ore processed,O.Ni,3406802
3155,COM00417.00,2011,Ore mined,O.Ni,4353698
3156,COM00417.00,2011,Ore processed,O.Ni,4353698
3157,COM00417.00,2012,Ore mined,O.Ni,5928637
3158,COM00417.00,2012,Ore processed,O.Ni,5928637
3159,COM00417.00,2013,Ore mined,O.Ni,4501229
3160,COM00417.00,2013,Ore processed,O.Ni,4501229
3161,COM00417.00,2014,Ore mined,O.Ni,6302992
3162,COM00417.00,2014,Ore processed,O.Ni,6302992
3163,COM00417.00,2015,Ore mined,O.Ni,5778290
3164,COM00417.00,2015,Ore processed,O.Ni,5778290
3165,COM00417.00,2016,Ore mined,O.Ni,3523620
3166,COM00417.00,2016,Ore processed,O.Ni,3523620
3167,COM00417.00,2017,Ore mined,O.Ni,5992559
3168,COM00417.00,2017,Ore processed,O.Ni,5992559
3169,COM00418.00,2003,Ore mined,O.Au,12739000
3170,COM00418.00,2003,Ore processed,O.Au,13685000
3171,COM00418.00,2004,Ore mined,O.Au,10927000
3172,COM00418.00,2004,Ore processed,O.Au,13239000
3173,COM00418.00,2005,Ore mined,O.Au,12683000
3174,COM00418.00,2005,Ore processed,O.Au,13050000
3175,COM00418.00,2006,Ore mined,O.Au,14514000
3176,COM00418.00,2006,Ore processed,O.Au,13462000
3177,COM00418.00,2007,Ore mined,O.Au,20518000
3178,COM00418.00,2007,Ore processed,O.Au,12722000
3179,COM00418.00,2008,Ore mined,O.Au,27112000
3180,COM00418.00,2008,Ore processed,O.Au,13769000
3181,COM00418.00,2009,Ore mined,O.Au,25052000
3182,COM00418.00,2009,Ore processed,O.Au,16224000
3183,COM00418.00,2010,Ore mined,O.Au,19790000
3184,COM00418.00,2010,Ore processed,O.Au,12528000
3185,COM00418.00,2010,Ore processed,O.Au,13207000
3186,COM00418.00,2011,Ore mined,O.Au,8036000
3187,COM00418.00,2011,Ore processed,O.Au,17575000
3188,COM00418.00,2011,Ore processed,O.Au,13503000
3189,COM00418.00,2012,Ore mined,O.Au,25937000
3190,COM00418.00,2012,Ore processed,O.Au,29950000
3191,COM00418.00,2012,Ore processed,O.Au,13203000
3192,COM00418.00,2013,Ore mined,O.Au,21634000
3193,COM00418.00,2013,Ore processed,O.Au,29751000
3194,COM00418.00,2013,Ore processed,O.Au,12668000
3195,COM00418.00,2014,Ore mined,O.Au,14886000
3196,COM00418.00,2014,Ore processed,O.Au,25848000
3197,COM00418.00,2014,Ore processed,O.Au,13538000
3198,COM00418.00,2015,Ore mined,O.Au,22761000
3199,COM00418.00,2015,Ore processed,O.Au,25218000
3200,COM00418.00,2015,Ore processed,O.Au,13446000
3201,COM00418.00,2016,Ore mined,O.Au,31750000
3202,COM00418.00,2016,Ore processed,O.Au,29142000
3203,COM00418.00,2016,Ore processed,O.Au,13218000
3204,COM00418.00,2017,Ore mined,O.Au,26362000
3205,COM00418.00,2017,Ore processed,O.Au,20267000
3206,COM00418.00,2017,Ore processed,O.Au,12469000
3207,COM00418.00,2018,Ore mined,O.Au,24646000
3208,COM00418.00,2018,Ore processed,O.Au,16307000
3209,COM00418.00,2018,Ore processed,O.Au,11790000
3210,COM00421.00,2008,Ore mined,O.Fe,1600000
3211,COM00421.00,2008,Ore processed,O.Fe,1600000
3212,COM00421.00,2009,Ore mined,O.Fe,30000000
3213,COM00421.00,2009,Ore processed,O.Fe,30000000
3214,COM00421.00,2010,Ore mined,O.Fe,39000000
3215,COM00421.00,2010,Ore processed,O.Fe,39000000
3216,COM00421.00,2011,Ore mined,O.Fe,44200000
3217,COM00421.00,2011,Ore processed,O.Fe,40600000
3218,COM00421.00,2012,Ore mined,O.Fe,64600000
3219,COM00421.00,2012,Ore processed,O.Fe,53900000
3220,COM00421.00,2013,Ore mined,O.Fe,94600000
3221,COM00421.00,2013,Ore processed,O.Fe,76100000
3222,COM00421.00,2014,Ore mined,O.Fe,140400000
3223,COM00421.00,2014,Ore processed,O.Fe,126000000
3224,COM00421.00,2015,Ore mined,O.Fe,164100000
3225,COM00421.00,2015,Ore processed,O.Fe,153600000
3226,COM00421.00,2016,Ore mined,O.Fe,181000000
3227,COM00421.00,2016,Ore processed,O.Fe,168000000
3228,COM00421.00,2017,Ore mined,O.Fe,198000000
3229,COM00421.00,2017,Ore processed,O.Fe,172000000
3230,COM00421.00,2018,Ore mined,O.Fe,185000000
3231,COM00421.00,2018,Ore processed,O.Fe,166000000
3232,COM00421.00,2019,Ore mined,O.Fe,207000000
3233,COM00421.00,2019,Ore processed,O.Fe,177000000
3234,COM00421.00,2020,Ore mined,O.Fe,204000000
3235,COM00421.00,2020,Ore processed,O.Fe,176000000
3236,COM00422.00,2017,Ore mined,O.Au,47931
3237,COM00422.00,2017,Ore processed,O.Au,70505
3238,COM00422.00,2018,Ore mined,O.Au,606449
3239,COM00422.00,2018,Ore processed,O.Au,845180
3240,COM00422.00,2019,Ore mined,O.Au,868145
3241,COM00422.00,2019,Ore processed,O.Au,849853
3242,COM00422.00,2020,Ore mined,O.Au,497578
3243,COM00422.00,2020,Ore processed,O.Au,865254
3244,COM00429.00,2010,Ore mined,O.bulk,2554000
3245,COM00429.00,2010,Ore processed,O.bulk,2554000
3246,COM00429.00,2011,Ore mined,O.bulk,2584000
3247,COM00429.00,2011,Ore processed,O.bulk,2584000
3248,COM00429.00,2012,Ore mined,O.bulk,2738000
3249,COM00429.00,2012,Ore processed,O.bulk,2738000
3250,COM00429.00,2013,Ore mined,O.bulk,2703000
3251,COM00429.00,2013,Ore processed,O.bulk,2703000
3252,COM00429.00,2014,Ore mined,O.bulk,2625000
3253,COM00429.00,2014,Ore processed,O.bulk,2625000
3254,COM00429.00,2015,Ore mined,O.bulk,2410000
3255,COM00429.00,2015,Ore processed,O.bulk,2410000
3256,COM00429.00,2016,Ore mined,O.bulk,2373000
3257,COM00429.00,2016,Ore processed,O.bulk,2373000
3258,COM00429.00,2017,Ore mined,O.bulk,2447000
3259,COM00429.00,2017,Ore processed,O.bulk,2447000
3260,COM00429.00,2018,Ore mined,O.bulk,2443000
3261,COM00429.00,2018,Ore processed,O.bulk,2443000
3262,COM00430.00,2008,Ore mined,O.Al,2000000
3263,COM00430.00,2008,Ore processed,O.Al,2000000
3264,COM00430.00,2009,Ore mined,O.Al,1700000
3265,COM00430.00,2009,Ore processed,O.Al,1700000
3266,COM00430.00,2010,Ore mined,O.Al,2120000
3267,COM00430.00,2010,Ore processed,O.Al,2120000
3268,COM00430.00,2011,Ore mined,O.Al,1921000
3269,COM00430.00,2011,Ore processed,O.Al,1921000
3270,COM00430.00,2012,Ore mined,O.Al,491000
3271,COM00430.00,2012,Ore processed,O.Al,491000
3272,COM00430.00,2013,Ore mined,O.Al,0
3273,COM00430.00,2013,Ore processed,O.Al,0
3274,COM00430.00,2014,Ore mined,O.Al,0
3275,COM00430.00,2014,Ore processed,O.Al,0
3276,COM00430.00,2015,Ore mined,O.Al,0
3277,COM00430.00,2015,Ore processed,O.Al,0
3278,COM00430.00,2016,Ore mined,O.Al,0
3279,COM00430.00,2016,Ore processed,O.Al,0
3280,COM00430.00,2017,Ore mined,O.Al,0
3281,COM00430.00,2017,Ore processed,O.Al,0
3282,COM00430.00,2018,Ore mined,O.Al,720000
3283,COM00430.00,2018,Ore processed,O.Al,720000
3284,COM00430.00,2019,Ore mined,O.Al,1304000
3285,COM00430.00,2019,Ore processed,O.Al,1304000
3286,COM00431.00,2007,Ore mined,O.Cu,3725000
3287,COM00431.00,2007,Ore processed,O.sul,835000
3288,COM00431.00,2008,Ore mined,O.Cu,6521000
3289,COM00431.00,2008,Ore processed,O.sul,7122000
3290,COM00431.00,2009,Ore mined,O.sul,8068000
3291,COM00431.00,2009,Ore processed,O.sul,8068000
3292,COM00431.00,2010,Ore mined,O.sul,5425000
3293,COM00431.00,2010,Ore processed,O.sul,5425000
3294,COM00434.00,2017,Concentrate,Con.Fe,1253012
3295,COM00434.00,2018,Ore mined,O.Fe,1204819
3296,COM00434.00,2018,Ore processed,O.Fe,1204819
3297,COM00438.00,2000,Ore mined,O.Ag,185591
3298,COM00438.00,2000,Ore processed,O.Ag,185591
3299,COM00438.00,2001,Ore mined,O.Ag,179892
3300,COM00438.00,2001,Ore processed,O.Ag,179892
3301,COM00438.00,2002,Ore mined,O.Ag,216621
3302,COM00438.00,2002,Ore processed,O.Ag,216621
3303,COM00438.00,2003,Ore mined,O.Ag,149445
3304,COM00438.00,2003,Ore processed,O.Ag,149445
3305,COM00438.00,2004,Ore mined,O.Ag,153691
3306,COM00438.00,2004,Ore processed,O.Ag,153691
3307,COM00438.00,2005,Ore mined,O.Ag,116577
3308,COM00438.00,2005,Ore processed,O.Ag,116577
3309,COM00439.00,2004,Ore mined,O.bulk,641290
3310,COM00439.00,2004,Ore processed,O.bulk,641290
3311,COM00439.00,2005,Ore mined,O.bulk,644058
3312,COM00439.00,2005,Ore processed,O.bulk,644058
3313,COM00439.00,2006,Ore mined,O.bulk,605438
3314,COM00439.00,2006,Ore processed,O.bulk,616536
3315,COM00439.00,2007,Ore mined,O.bulk,453444
3316,COM00439.00,2007,Ore processed,O.bulk,446908
3317,COM00439.00,2008,Ore mined,O.bulk,494860
3318,COM00439.00,2008,Ore processed,O.bulk,496953
3319,COM00439.00,2009,Ore mined,O.bulk,172903
3320,COM00439.00,2009,Ore processed,O.bulk,190871
3321,COM00439.00,2010,Ore mined,O.bulk,139681
3322,COM00439.00,2010,Ore processed,O.bulk,0
3323,COM00439.00,2011,Ore mined,O.bulk,302446
3324,COM00439.00,2011,Ore processed,O.bulk,0
3325,COM00442.00,2000,Concentrate,Con.Cu,3588
3326,COM00442.00,2000,Concentrate,Con.Pb,20580
3327,COM00442.00,2000,Concentrate,Con.Zn,59666
3328,COM00442.00,2000,Ore mined,O.bulk,976000
3329,COM00442.00,2000,Ore processed,O.bulk,976000
3330,COM00442.00,2001,Concentrate,Con.Cu,3384
3331,COM00442.00,2001,Concentrate,Con.Pb,19489
3332,COM00442.00,2001,Concentrate,Con.Zn,61126
3333,COM00442.00,2001,Ore mined,O.bulk,984000
3334,COM00442.00,2001,Ore processed,O.bulk,984000
3335,COM00442.00,2002,Concentrate,Con.Cu,3320
3336,COM00442.00,2002,Concentrate,Con.Pb,20589
3337,COM00442.00,2002,Concentrate,Con.Zn,67142
3338,COM00442.00,2002,Ore mined,O.bulk,1058000
3339,COM00442.00,2002,Ore processed,O.bulk,1058000
3340,COM00442.00,2003,Concentrate,Con.Cu,2563
3341,COM00442.00,2003,Concentrate,Con.Pb,22257
3342,COM00442.00,2003,Concentrate,Con.Zn,80748
3343,COM00442.00,2003,Ore mined,O.bulk,1062000
3344,COM00442.00,2003,Ore processed,O.bulk,1062000
3345,COM00442.00,2004,Concentrate,Con.Cu,2610
3346,COM00442.00,2004,Concentrate,Con.Pb,26378
3347,COM00442.00,2004,Concentrate,Con.Zn,99922
3348,COM00442.00,2004,Ore mined,O.bulk,1074000
3349,COM00442.00,2004,Ore processed,O.bulk,1074000
3350,COM00442.00,2005,Concentrate,Con.Cu,2576
3351,COM00442.00,2005,Concentrate,Con.Pb,27934
3352,COM00442.00,2005,Concentrate,Con.Zn,106238
3353,COM00442.00,2005,Ore mined,O.bulk,1102000
3354,COM00442.00,2005,Ore processed,O.bulk,1102000
3355,COM00442.00,2006,Concentrate,Con.Cu,2572
3356,COM00442.00,2006,Concentrate,Con.Pb,29498
3357,COM00442.00,2006,Concentrate,Con.Zn,112602
3358,COM00442.00,2006,Ore mined,O.bulk,1182000
3359,COM00442.00,2006,Ore processed,O.bulk,1182000
3360,COM00442.00,2007,Concentrate,Con.Cu,3086
3361,COM00442.00,2007,Concentrate,Con.Pb,35849
3362,COM00442.00,2007,Concentrate,Con.Zn,132125
3363,COM00442.00,2007,Ore mined,O.bulk,1255000
3364,COM00442.00,2007,Ore processed,O.bulk,1255000
3365,COM00442.00,2008,Concentrate,Con.Cu,2853
3366,COM00442.00,2008,Concentrate,Con.Pb,41311
3367,COM00442.00,2008,Concentrate,Con.Zn,157962
3368,COM00442.00,2008,Ore mined,O.bulk,1365000
3369,COM00442.00,2008,Ore processed,O.bulk,1365000
3370,COM00442.00,2009,Concentrate,Con.Cu,3000
3371,COM00442.00,2009,Concentrate,Con.Pb,44000
3372,COM00442.00,2009,Concentrate,Con.Zn,167000
3373,COM00442.00,2009,Ore mined,O.bulk,1394000
3374,COM00442.00,2009,Ore processed,O.bulk,1394000
3375,COM00442.00,2010,Concentrate,Con.Cu,3000
3376,COM00442.00,2010,Concentrate,Con.Pb,41000
3377,COM00442.00,2010,Concentrate,Con.Zn,160000
3378,COM00442.00,2010,Ore mined,O.bulk,1443000
3379,COM00442.00,2010,Ore processed,O.bulk,1443000
3380,COM00442.00,2011,Concentrate,Con.Cu,2000
3381,COM00442.00,2011,Concentrate,Con.Pb,39000
3382,COM00442.00,2011,Concentrate,Con.Zn,148000
3383,COM00442.00,2011,Ore mined,O.bulk,1456000
3384,COM00442.00,2011,Ore processed,O.bulk,1456000
3385,COM00442.00,2012,Concentrate,Con.Cu,2000
3386,COM00442.00,2012,Concentrate,Con.Pb,35000
3387,COM00442.00,2012,Concentrate,Con.Zn,136000
3388,COM00442.00,2012,Ore mined,O.bulk,1484000
3389,COM00442.00,2012,Ore processed,O.bulk,1484000
3390,COM00442.00,2013,Concentrate,Con.Cu,3000
3391,COM00442.00,2013,Concentrate,Con.Pb,36000
3392,COM00442.00,2013,Concentrate,Con.Zn,127000
3393,COM00442.00,2013,Ore mined,O.bulk,1495000
3394,COM00442.00,2013,Ore processed,O.bulk,1495000
3395,COM00442.00,2014,Concentrate,Con.Cu,5000
3396,COM00442.00,2014,Concentrate,Con.Pb,60000
3397,COM00442.00,2014,Concentrate,Con.Zn,182000
3398,COM00442.00,2014,Ore mined,O.bulk,2224000
3399,COM00442.00,2014,Ore processed,O.bulk,2224000
3400,COM00442.00,2015,Concentrate,Con.Cu,5000
3401,COM00442.00,2015,Concentrate,Con.Pb,60000
3402,COM00442.00,2015,Concentrate,Con.Zn,196000
3403,COM00442.00,2015,Ore mined,O.bulk,2367000
3404,COM00442.00,2015,Ore processed,O.bulk,2367000
3405,COM00442.00,2016,Concentrate,Con.Cu,5000
3406,COM00442.00,2016,Concentrate,Con.Pb,54000
3407,COM00442.00,2016,Concentrate,Con.Zn,200000
3408,COM00442.00,2016,Ore mined,O.bulk,2622000
3409,COM00442.00,2016,Ore processed,O.bulk,2622000
3410,COM00442.00,2017,Concentrate,Con.Cu,5000
3411,COM00442.00,2017,Concentrate,Con.Pb,55000
3412,COM00442.00,2017,Concentrate,Con.Zn,201000
3413,COM00442.00,2017,Ore mined,O.bulk,2634000
3414,COM00442.00,2017,Ore processed,O.bulk,2634000
3415,COM00442.00,2018,Concentrate,Con.Cu,5000
3416,COM00442.00,2018,Concentrate,Con.Pb,50000
3417,COM00442.00,2018,Concentrate,Con.Zn,191000
3418,COM00442.00,2018,Ore mined,O.bulk,2622000
3419,COM00442.00,2018,Ore processed,O.bulk,2622000
3420,COM00443.00,2001,Ore mined,O.bulk,631000
3421,COM00443.00,2001,Ore processed,O.bulk,631000
3422,COM00443.00,2002,Ore mined,O.bulk,584000
3423,COM00443.00,2002,Ore processed,O.bulk,584000
3424,COM00443.00,2003,Ore mined,O.bulk,434000
3425,COM00443.00,2003,Ore processed,O.bulk,434000
3426,COM00443.00,2004,Ore mined,O.bulk,610000
3427,COM00443.00,2004,Ore processed,O.bulk,610000
3428,COM00443.00,2005,Ore mined,O.bulk,721000
3429,COM00443.00,2005,Ore processed,O.bulk,721000
3430,COM00443.00,2006,Ore mined,O.bulk,721000
3431,COM00443.00,2006,Ore processed,O.bulk,721000
3432,COM00443.00,2007,Ore mined,O.bulk,692000
3433,COM00443.00,2007,Ore processed,O.bulk,692000
3434,COM00443.00,2008,Ore mined,O.bulk,840000
3435,COM00443.00,2008,Ore processed,O.bulk,840000
3436,COM00443.00,2009,Ore mined,O.bulk,328000
3437,COM00443.00,2009,Ore processed,O.bulk,328000
3438,COM00443.00,2010,Ore mined,O.bulk,246000
3439,COM00443.00,2010,Ore processed,O.bulk,246000
3440,COM00443.00,2011,Ore mined,O.bulk,640000
3441,COM00443.00,2011,Ore processed,O.bulk,640000
3442,COM00443.00,2012,Ore mined,O.bulk,643000
3443,COM00443.00,2012,Ore processed,O.bulk,643000
3444,COM00443.00,2013,Ore mined,O.bulk,815000
3445,COM00443.00,2013,Ore processed,O.bulk,815000
3446,COM00443.00,2014,Ore mined,O.bulk,678000
3447,COM00443.00,2014,Ore processed,O.bulk,678000
3448,COM00443.00,2015,Ore mined,O.bulk,778000
3449,COM00443.00,2015,Ore processed,O.bulk,778000
3450,COM00443.00,2016,Ore mined,O.bulk,711000
3451,COM00443.00,2016,Ore processed,O.bulk,711000
3452,COM00443.00,2017,Ore mined,O.bulk,635000
3453,COM00443.00,2017,Ore processed,O.bulk,635000
3454,COM00443.00,2018,Ore mined,O.bulk,655000
3455,COM00443.00,2018,Ore processed,O.bulk,655000
3456,COM00443.00,2019,Ore mined,O.bulk,641000
3457,COM00443.00,2019,Ore processed,O.bulk,641000
3458,COM00446.00,2001,Ore mined,O.Au,4600000
3459,COM00446.00,2001,Ore processed,O.Au,4600000
3460,COM00446.00,2002,Ore mined,O.Au,5000000
3461,COM00446.00,2002,Ore processed,O.Au,5000000
3462,COM00446.00,2003,Ore mined,O.Au,5800000
3463,COM00446.00,2003,Ore processed,O.Au,5800000
3464,COM00446.00,2004,Ore mined,O.Au,5640000
3465,COM00446.00,2004,Ore processed,O.Au,5640000
3466,COM00446.00,2005,Ore mined,O.Au,6100000
3467,COM00446.00,2005,Ore processed,O.Au,6100000
3468,COM00446.00,2006,Ore mined,O.Au,5700000
3469,COM00446.00,2006,Ore processed,O.Au,5700000
3470,COM00446.00,2007,Ore mined,O.Au,5100000
3471,COM00446.00,2007,Ore processed,O.Au,5100000
3472,COM00446.00,2008,Ore mined,O.Au,4300000
3473,COM00446.00,2008,Ore processed,O.Au,4300000
3474,COM00446.00,2009,Ore mined,O.Au,4500000
3475,COM00446.00,2009,Ore processed,O.Au,4500000
3476,COM00446.00,2010,Ore mined,O.Au,4700000
3477,COM00446.00,2010,Ore processed,O.Au,4700000
3478,COM00446.00,2011,Ore mined,O.Au,3900000
3479,COM00446.00,2011,Ore processed,O.Au,3900000
3480,COM00446.00,2012,Ore mined,O.Au,4800000
3481,COM00446.00,2012,Ore processed,O.Au,4800000
3482,COM00446.00,2013,Ore mined,O.Au,4000000
3483,COM00446.00,2013,Ore processed,O.Au,4000000
3484,COM00446.00,2014,Ore mined,O.Au,5200000
3485,COM00446.00,2014,Ore processed,O.Au,5200000
3486,COM00446.00,2015,Ore mined,O.Au,5200000
3487,COM00446.00,2015,Ore processed,O.Au,5200000
3488,COM00446.00,2016,Ore mined,O.Au,5400000
3489,COM00446.00,2016,Ore processed,O.Au,5400000
3490,COM00446.00,2017,Ore mined,O.Au,5400000
3491,COM00446.00,2017,Ore processed,O.Au,5400000
3492,COM00446.00,2018,Ore mined,O.Au,5300000
3493,COM00446.00,2018,Ore processed,O.Au,5300000
3494,COM00479.00,2002,Ore mined,O.bulk,156000
3495,COM00479.00,2002,Ore processed,O.bulk,156000
3496,COM00479.00,2003,Ore mined,O.bulk,453000
3497,COM00479.00,2003,Ore processed,O.bulk,453000
3498,COM00479.00,2004,Ore mined,O.bulk,504000
3499,COM00479.00,2004,Ore processed,O.bulk,504000
3500,COM00479.00,2005,Ore mined,O.bulk,474000
3501,COM00479.00,2005,Ore processed,O.bulk,474000
3502,COM00479.00,2006,Ore mined,O.bulk,207000
3503,COM00479.00,2006,Ore processed,O.bulk,207000
3504,COM00479.00,2007,Ore mined,O.bulk,12000
3505,COM00479.00,2007,Ore processed,O.bulk,12000
3506,COM00479.00,2008,Ore mined,O.bulk,124000
3507,COM00479.00,2008,Ore processed,O.bulk,124000
3508,COM00479.00,2009,Ore mined,O.bulk,0
3509,COM00479.00,2009,Ore processed,O.bulk,0
3510,COM00479.00,2010,Ore mined,O.bulk,0
3511,COM00479.00,2010,Ore processed,O.bulk,0
3512,COM00479.00,2011,Ore mined,O.bulk,0
3513,COM00479.00,2011,Ore processed,O.bulk,0
3514,COM00479.00,2012,Ore mined,O.bulk,36000
3515,COM00479.00,2012,Ore processed,O.bulk,36000
3516,COM00479.00,2013,Ore mined,O.bulk,196000
3517,COM00479.00,2013,Ore processed,O.bulk,196000
3518,COM00484.00,2010,Ore mined,O.bulk,1354026
3519,COM00484.00,2010,Ore processed,O.bulk,1597026
3520,COM00484.00,2011,Ore mined,O.bulk,1705622
3521,COM00484.00,2011,Ore processed,O.bulk,1566511
3522,COM00484.00,2012,Ore mined,O.bulk,1703886
3523,COM00484.00,2012,Ore processed,O.bulk,1668080
3524,COM00484.00,2013,Ore mined,O.bulk,2443716
3525,COM00484.00,2013,Ore processed,O.bulk,1766157
3526,COM00484.00,2014,Ore mined,O.bulk,1739111
3527,COM00484.00,2014,Ore processed,O.bulk,1262975
3528,COM00484.00,2015,Ore mined,O.bulk,1807866
3529,COM00484.00,2015,Ore processed,O.bulk,1562232
3530,COM00486.00,2008,Ore mined,O.Au,1118543
3531,COM00486.00,2008,Ore processed,O.Au,1118543
3532,COM00486.00,2009,Ore mined,O.Au,2614645
3533,COM00486.00,2009,Ore processed,O.Au,2614645
3534,COM00486.00,2010,Ore mined,O.Au,2781564
3535,COM00486.00,2010,Ore processed,O.Au,2781564
3536,COM00486.00,2011,Ore mined,O.Au,2476515
3537,COM00486.00,2011,Ore processed,O.Au,2476515
3538,COM00486.00,2012,Ore mined,O.Au,0
3539,COM00486.00,2012,Ore processed,O.Au,0
3540,COM00486.00,2013,Ore mined,O.Au,527654
3541,COM00486.00,2013,Ore processed,O.Au,527654
3542,COM00486.00,2014,Ore mined,O.Au,2116777
3543,COM00486.00,2014,Ore processed,O.Au,2116777
3544,COM00486.00,2015,Ore mined,O.Au,2312567
3545,COM00486.00,2015,Ore processed,O.Au,2312567
3546,COM00486.00,2016,Ore mined,O.Au,2545300
3547,COM00486.00,2016,Ore processed,O.Au,2545300
3548,COM00486.00,2017,Ore mined,O.Au,2572014
3549,COM00486.00,2017,Ore processed,O.Au,2572014
3550,COM00486.00,2018,Ore mined,O.Au,2624682
3551,COM00486.00,2018,Ore processed,O.Au,2624682
3552,COM00486.00,2019,Ore mined,O.Au,2784524
3553,COM00486.00,2019,Ore processed,O.Au,2784524
3554,COM00488.00,2002,Ore mined,O.Au,11960000
3555,COM00488.00,2002,Ore processed,O.Au,11960000
3556,COM00488.00,2003,Ore mined,O.Au,11663000
3557,COM00488.00,2003,Ore processed,O.Au,11663000
3558,COM00488.00,2004,Ore mined,O.Au,12345000
3559,COM00488.00,2004,Ore processed,O.Au,12345000
3560,COM00488.00,2005,Ore mined,O.Au,11585000
3561,COM00488.00,2005,Ore processed,O.Au,11585000
3562,COM00488.00,2014,Ore mined,O.Au,5307000
3563,COM00488.00,2014,Ore processed,O.Au,5307000
3564,COM00488.00,2015,Ore mined,O.Au,6752000
3565,COM00488.00,2015,Ore processed,O.Au,6752000
3566,COM00488.00,2016,Ore mined,O.Au,7361000
3567,COM00488.00,2016,Ore processed,O.Au,7361000
3568,COM00490.00,2005,Ore mined,O.bulk,15000000
3569,COM00490.00,2005,Ore processed,O.bulk,250000
3570,COM00490.00,2006,Ore mined,O.bulk,7300000
3571,COM00490.00,2006,Ore processed,O.bulk,267000
3572,COM00490.00,2007,Ore mined,O.bulk,690000
3573,COM00490.00,2007,Ore processed,O.bulk,310000
3574,COM00490.00,2012,Ore mined,O.bulk,7100000
3575,COM00490.00,2012,Ore processed,O.bulk,700000
3576,COM00490.00,2013,Ore mined,O.bulk,6793000
3577,COM00490.00,2013,Ore processed,O.bulk,869000
3578,COM00490.00,2014,Ore mined,O.bulk,1042000
3579,COM00490.00,2014,Ore processed,O.bulk,826000
3580,COM00490.00,2015,Ore mined,O.bulk,716000
3581,COM00490.00,2015,Ore processed,O.bulk,738000
3582,COM00490.00,2016,Ore mined,O.bulk,416000
3583,COM00490.00,2016,Ore processed,O.bulk,479000
3584,COM00490.00,2017,Ore mined,O.bulk,564000
3585,COM00490.00,2017,Ore processed,O.bulk,565000
3586,COM00490.00,2018,Ore mined,O.bulk,679000
3587,COM00490.00,2018,Ore processed,O.bulk,704000
3588,COM00491.00,2008,Ore mined,O.Al,6245000
3589,COM00491.00,2008,Ore processed,O.Al,6245000
3590,COM00491.00,2009,Ore mined,O.Al,7185000
3591,COM00491.00,2009,Ore processed,O.Al,7185000
3592,COM00491.00,2010,Ore mined,O.Al,7190000
3593,COM00491.00,2010,Ore processed,O.Al,7190000
3594,COM00491.00,2011,Ore mined,O.Al,7246000
3595,COM00491.00,2011,Ore processed,O.Al,7246000
3596,COM00491.00,2012,Ore mined,O.Al,7944000
3597,COM00491.00,2012,Ore processed,O.Al,7944000
3598,COM00491.00,2013,Ore mined,O.Al,8029000
3599,COM00491.00,2013,Ore processed,O.Al,8029000
3600,COM00491.00,2014,Ore mined,O.Al,6528000
3601,COM00491.00,2014,Ore processed,O.Al,6528000
3602,COM00491.00,2015,Ore mined,O.Al,7497000
3603,COM00491.00,2015,Ore processed,O.Al,7497000
3604,COM00491.00,2016,Ore mined,O.Al,9091000
3605,COM00491.00,2016,Ore processed,O.Al,9091000
3606,COM00491.00,2017,Ore mined,O.Al,11201000
3607,COM00491.00,2017,Ore processed,O.Al,11201000
3608,COM00491.00,2018,Ore mined,O.Al,12540000
3609,COM00491.00,2018,Ore processed,O.Al,12540000
3610,COM00498.00,2001,Ore mined,O.Au,2500000
3611,COM00498.00,2001,Ore processed,O.Au,2500000
3612,COM00498.00,2002,Ore mined,O.Au,2500000
3613,COM00498.00,2002,Ore processed,O.Au,2500000
3614,COM00498.00,2003,Ore mined,O.Au,2400000
3615,COM00498.00,2003,Ore processed,O.Au,2400000
3616,COM00498.00,2004,Ore mined,O.Au,2400000
3617,COM00498.00,2004,Ore processed,O.Au,2400000
3618,COM00498.00,2005,Ore mined,O.Au,2300000
3619,COM00498.00,2005,Ore processed,O.Au,2300000
3620,COM00498.00,2006,Ore mined,O.Au,2400000
3621,COM00498.00,2006,Ore processed,O.Au,2400000
3622,COM00498.00,2007,Ore mined,O.Au,2000000
3623,COM00498.00,2007,Ore processed,O.Au,2000000
3624,COM00498.00,2008,Ore mined,O.Au,1400000
3625,COM00498.00,2008,Ore processed,O.Au,1400000
3626,COM00498.00,2009,Ore mined,O.Au,800000
3627,COM00498.00,2009,Ore processed,O.Au,800000
3628,COM00498.00,2010,Ore mined,O.Au,700000
3629,COM00498.00,2010,Ore processed,O.Au,700000
3630,COM00498.00,2011,Ore mined,O.Au,500000
3631,COM00498.00,2011,Ore processed,O.Au,500000
3632,COM00498.00,2012,Ore mined,O.Au,500000
3633,COM00498.00,2012,Ore processed,O.Au,500000
3634,COM00498.00,2013,Ore mined,O.Au,400000
3635,COM00498.00,2013,Ore processed,O.Au,400000
3636,COM00498.00,2014,Ore mined,O.Au,400000
3637,COM00498.00,2014,Ore processed,O.Au,400000
3638,COM00506.00,2009,Ore mined,O.Au,3294175
3639,COM00506.00,2009,Ore processed,O.Au,3370057
3640,COM00506.00,2010,Ore mined,O.Au,8845992
3641,COM00506.00,2010,Ore processed,O.Au,7528690
3642,COM00506.00,2011,Ore mined,O.Au,7580950
3643,COM00506.00,2011,Ore processed,O.Au,7578156
3644,COM00506.00,2012,Ore mined,O.Au,9720842
3645,COM00506.00,2012,Ore processed,O.Au,7742140
3646,COM00506.00,2013,Ore mined,O.Au,4005487
3647,COM00506.00,2013,Ore processed,O.Au,6568912
3648,COM00506.00,2014,Ore mined,O.Au,6843580
3649,COM00506.00,2014,Ore processed,O.Au,6775855
3650,COM00506.00,2015,Ore mined,O.Au,7675814
3651,COM00506.00,2015,Ore processed,O.Au,7536115
3652,COM00506.00,2016,Ore mined,O.Au,8387882
3653,COM00506.00,2016,Ore processed,O.Au,7570007
3654,COM00507.00,2012,Ore mined,O.bulk,387032
3655,COM00507.00,2012,Ore processed,O.bulk,387032
3656,COM00507.00,2013,Ore mined,O.bulk,356777
3657,COM00507.00,2013,Ore processed,O.bulk,356777
3658,COM00507.00,2014,Ore mined,O.bulk,457795
3659,COM00507.00,2014,Ore processed,O.bulk,457795
3660,COM00507.00,2015,Ore mined,O.bulk,430480
3661,COM00507.00,2015,Ore processed,O.bulk,430480
3662,COM00507.00,2016,Ore mined,O.bulk,502257
3663,COM00507.00,2016,Ore processed,O.bulk,502257
3664,COM00507.00,2017,Ore mined,O.bulk,706859
3665,COM00507.00,2017,Ore processed,O.bulk,706859
3666,COM00507.00,2018,Ore mined,O.bulk,295481
3667,COM00507.00,2018,Ore processed,O.bulk,278447
3668,COM00507.00,2019,Ore mined,O.bulk,250986
3669,COM00507.00,2019,Ore processed,O.bulk,253024
3670,COM00508.00,2006,Ore mined,O.sul,400000
3671,COM00508.00,2006,Ore processed,O.sul,400000
3672,COM00508.00,2007,Ore mined,O.sul,2325000
3673,COM00508.00,2007,Ore processed,O.sul,1853000
3674,COM00508.00,2008,Ore mined,O.sul,3184000
3675,COM00508.00,2008,Ore processed,O.sul,2072000
3676,COM00508.00,2009,Ore mined,O.sul,2287000
3677,COM00508.00,2009,Ore processed,O.sul,2287000
3678,COM00508.00,2010,Ore mined,O.sul,2796000
3679,COM00508.00,2010,Ore processed,O.sul,2796000
3680,COM00508.00,2011,Ore mined,O.sul,2691000
3681,COM00508.00,2011,Ore processed,O.sul,2691000
3682,COM00508.00,2012,Ore mined,O.sul,3062000
3683,COM00508.00,2012,Ore processed,O.sul,3062000
3684,COM00508.00,2013,Ore mined,O.sul,2847000
3685,COM00508.00,2013,Ore processed,O.sul,2847000
3686,COM00508.00,2014,Ore mined,O.sul,3057000
3687,COM00508.00,2014,Ore processed,O.sul,3057000
3688,COM00508.00,2015,Ore mined,O.sul,4015000
3689,COM00508.00,2015,Ore processed,O.sul,4015000
3690,COM00508.00,2016,Ore mined,O.sul,3898000
3691,COM00508.00,2016,Ore processed,O.sul,3898000
3692,COM00508.00,2017,Ore mined,O.sul,3389000
3693,COM00508.00,2017,Ore processed,O.sul,3389000
3694,COM00508.00,2018,Concentrate,Con.Fe,425389
3695,COM00508.00,2018,Ore mined,O.sul,3684000
3696,COM00508.00,2018,Ore processed,O.sul,3684000
3697,COM00509.00,2002,Ore mined,O.Al,339000
3698,COM00509.00,2002,Ore processed,O.Al,339000
3699,COM00509.00,2003,Ore mined,O.Al,199000
3700,COM00509.00,2003,Ore processed,O.Al,199000
3701,COM00509.00,2004,Ore mined,O.Al,167300
3702,COM00509.00,2004,Ore processed,O.Al,167300
3703,COM00509.00,2005,Ore mined,O.Al,176000
3704,COM00509.00,2005,Ore processed,O.Al,176000
3705,COM00509.00,2008,Ore mined,O.Al,887300
3706,COM00509.00,2008,Ore processed,O.Al,887300
3707,COM00509.00,2009,Ore mined,O.Al,774400
3708,COM00509.00,2009,Ore processed,O.Al,774400
3709,COM00509.00,2010,Ore mined,O.Al,824000
3710,COM00509.00,2010,Ore processed,O.Al,824000
3711,COM00509.00,2011,Ore mined,O.Al,1061800
3712,COM00509.00,2011,Ore processed,O.Al,1061800
3713,COM00509.00,2012,Ore mined,O.Al,810000
3714,COM00509.00,2012,Ore processed,O.Al,810000
3715,COM00509.00,2013,Ore mined,O.Al,1080000
3716,COM00509.00,2013,Ore processed,O.Al,1080000
3717,COM00509.00,2014,Ore mined,O.Al,651000
3718,COM00509.00,2014,Ore processed,O.Al,651000
3719,COM00509.00,2015,Ore mined,O.Al,1312000
3720,COM00509.00,2015,Ore processed,O.Al,1312000
3721,COM00509.00,2016,Ore mined,O.Al,1468000
3722,COM00509.00,2016,Ore processed,O.Al,1468000
3723,COM00509.00,2017,Ore mined,O.Al,1410000
3724,COM00509.00,2017,Ore processed,O.Al,1410000
3725,COM00509.00,2018,Ore mined,O.Al,2092000
3726,COM00509.00,2018,Ore processed,O.Al,2092000
3727,COM00509.00,2019,Ore mined,O.Al,1921000
3728,COM00509.00,2019,Ore processed,O.Al,1921000
3729,COM00516.00,2017,Ore mined,O.Au,2710000
3730,COM00516.00,2017,Ore processed,O.Au,1836000
3731,COM00516.00,2018,Ore mined,O.Au,2780000
3732,COM00516.00,2018,Ore processed,O.Au,2392000
3733,COM00516.00,2019,Ore mined,O.Au,3217000
3734,COM00516.00,2019,Ore processed,O.Au,3204000
3735,COM00517.00,2016,Ore mined,O.Au,76637
3736,COM00517.00,2016,Ore processed,O.Au,78730
3737,COM00517.00,2017,Ore mined,O.Au,220515
3738,COM00517.00,2017,Ore processed,O.Au,167156
3739,COM00517.00,2018,Ore mined,O.Au,256583
3740,COM00517.00,2018,Ore processed,O.Au,230893
3741,COM00517.00,2019,Ore mined,O.Au,249486
3742,COM00517.00,2019,Ore processed,O.Au,213845
3743,COM00517.00,2020,Ore mined,O.Au,229514
3744,COM00517.00,2020,Ore processed,O.Au,227787
3745,COM00518.00,2001,Ore mined,O.Fe,11088000
3746,COM00518.00,2001,Ore processed,O.Fe,11088000
3747,COM00518.00,2002,Ore mined,O.Fe,10594000
3748,COM00518.00,2002,Ore processed,O.Fe,10594000
3749,COM00518.00,2003,Ore mined,O.Fe,10347000
3750,COM00518.00,2003,Ore processed,O.Fe,10347000
3751,COM00518.00,2004,Ore mined,O.Fe,9759000
3752,COM00518.00,2004,Ore processed,O.Fe,9759000
3753,COM00518.00,2005,Ore mined,O.Fe,8644000
3754,COM00518.00,2005,Ore processed,O.Fe,8644000
3755,COM00518.00,2006,Ore mined,O.Fe,9798000
3756,COM00518.00,2006,Ore processed,O.Fe,9798000
3757,COM00518.00,2007,Ore mined,O.Fe,10549000
3758,COM00518.00,2007,Ore processed,O.Fe,10549000
3759,COM00518.00,2008,Ore mined,O.Fe,10382000
3760,COM00518.00,2008,Ore processed,O.Fe,10382000
3761,COM00518.00,2009,Ore mined,O.Fe,11041000
3762,COM00518.00,2009,Ore processed,O.Fe,11041000
3763,COM00518.00,2010,Ore mined,O.Fe,11016000
3764,COM00518.00,2010,Ore processed,O.Fe,11016000
3765,COM00518.00,2011,Ore mined,O.Fe,11015000
3766,COM00518.00,2011,Ore processed,O.Fe,11015000
3767,COM00518.00,2012,Ore mined,O.Fe,10947000
3768,COM00518.00,2012,Ore processed,O.Fe,10947000
3769,COM00518.00,2013,Ore mined,O.Fe,11047000
3770,COM00518.00,2013,Ore processed,O.Fe,11047000
3771,COM00518.00,2014,Ore mined,O.Fe,10913000
3772,COM00518.00,2014,Ore processed,O.Fe,10913000
3773,COM00518.00,2015,Ore mined,O.Fe,10561000
3774,COM00518.00,2015,Ore processed,O.Fe,10561000
3775,COM00518.00,2016,Ore mined,O.Fe,9731000
3776,COM00518.00,2016,Ore processed,O.Fe,9731000
3777,COM00518.00,2017,Ore mined,O.Fe,10798000
3778,COM00518.00,2017,Ore processed,O.Fe,10798000
3779,COM00518.00,2018,Ore mined,O.Fe,7173000
3780,COM00518.00,2018,Ore processed,O.Fe,7173000
3781,COM00519.00,2004,Ore mined,O.Fe,2970000
3782,COM00519.00,2004,Ore processed,O.Fe,2970000
3783,COM00519.00,2005,Ore mined,O.Fe,6559000
3784,COM00519.00,2005,Ore processed,O.Fe,6559000
3785,COM00519.00,2006,Ore mined,O.Fe,8215000
3786,COM00519.00,2006,Ore processed,O.Fe,8215000
3787,COM00519.00,2007,Ore mined,O.Fe,6932000
3788,COM00519.00,2007,Ore processed,O.Fe,6932000
3789,COM00519.00,2008,Ore mined,O.Fe,8186000
3790,COM00519.00,2008,Ore processed,O.Fe,8186000
3791,COM00519.00,2009,Ore mined,O.Fe,9318000
3792,COM00519.00,2009,Ore processed,O.Fe,9318000
3793,COM00519.00,2010,Ore mined,O.Fe,9206000
3794,COM00519.00,2010,Ore processed,O.Fe,9206000
3795,COM00519.00,2011,Ore mined,O.Fe,9385000
3796,COM00519.00,2011,Ore processed,O.Fe,9385000
3797,COM00519.00,2012,Ore mined,O.Fe,9303000
3798,COM00519.00,2012,Ore processed,O.Fe,9303000
3799,COM00519.00,2013,Ore mined,O.Fe,10052000
3800,COM00519.00,2013,Ore processed,O.Fe,10052000
3801,COM00520.00,2001,Ore mined,O.Fe,58828000
3802,COM00520.00,2001,Ore processed,O.Fe,58828000
3803,COM00520.00,2002,Ore mined,O.Fe,57563000
3804,COM00520.00,2002,Ore processed,O.Fe,57563000
3805,COM00520.00,2003,Ore mined,O.Fe,63056000
3806,COM00520.00,2003,Ore processed,O.Fe,63056000
3807,COM00520.00,2004,Ore mined,O.Fe,65407000
3808,COM00520.00,2004,Ore processed,O.Fe,65407000
3809,COM00520.00,2005,Ore mined,O.Fe,74387000
3810,COM00520.00,2005,Ore processed,O.Fe,74387000
3811,COM00520.00,2006,Ore mined,O.Fe,79208000
3812,COM00520.00,2006,Ore processed,O.Fe,79208000
3813,COM00520.00,2007,Ore mined,O.Fe,94567000
3814,COM00520.00,2007,Ore processed,O.Fe,94567000
3815,COM00520.00,2008,Ore mined,O.Fe,95553000
3816,COM00520.00,2008,Ore processed,O.Fe,95553000
3817,COM00520.00,2009,Ore mined,O.Fe,106808000
3818,COM00520.00,2009,Ore processed,O.Fe,106808000
3819,COM00520.00,2010,Ore mined,O.Fe,112706000
3820,COM00520.00,2010,Ore processed,O.Fe,112706000
3821,COM00520.00,2011,Ore mined,O.Fe,121525000
3822,COM00520.00,2011,Ore processed,O.Fe,121525000
3823,COM00520.00,2012,Ore mined,O.Fe,126630000
3824,COM00520.00,2012,Ore processed,O.Fe,126630000
3825,COM00520.00,2013,Ore mined,O.Fe,143347000
3826,COM00520.00,2013,Ore processed,O.Fe,143347000
3827,COM00520.00,2014,Ore mined,O.Fe,163163000
3828,COM00520.00,2014,Ore processed,O.Fe,163163000
3829,COM00520.00,2015,Ore mined,O.Fe,189421000
3830,COM00520.00,2015,Ore processed,O.Fe,189421000
3831,COM00520.00,2016,Ore mined,O.Fe,205902000
3832,COM00520.00,2016,Ore processed,O.Fe,205902000
3833,COM00520.00,2017,Ore mined,O.Fe,206760000
3834,COM00520.00,2017,Ore processed,O.Fe,206760000
3835,COM00520.00,2018,Ore mined,O.Fe,220612000
3836,COM00520.00,2018,Ore processed,O.Fe,220612000
3837,COM00529.00,2002,Ore mined,O.Au,1906000
3838,COM00529.00,2002,Ore processed,O.Au,1906000
3839,COM00529.00,2003,Ore mined,O.Au,1971000
3840,COM00529.00,2003,Ore processed,O.Au,1971000
3841,COM00529.00,2004,Ore mined,O.Au,2019000
3842,COM00529.00,2004,Ore processed,O.Au,2019000
3843,COM00529.00,2005,Ore mined,O.Au,1931000
3844,COM00529.00,2005,Ore processed,O.Au,1931000
3845,COM00532.00,2015,Concentrate,Con.Fe,3640000
3846,COM00532.00,2016,Concentrate,Con.Fe,3570000
3847,COM00532.00,2017,Concentrate,Con.Fe,3090000
3848,COM00532.00,2018,Concentrate,Con.Fe,3390000
3849,COM00533.00,2010,Ore mined,O.bulk,16616000
3850,COM00533.00,2010,Ore processed,O.bulk,16616000
3851,COM00533.00,2011,Ore mined,O.bulk,21020000
3852,COM00533.00,2011,Ore processed,O.bulk,21020000
3853,COM00533.00,2012,Ore mined,O.bulk,24641000
3854,COM00533.00,2012,Ore processed,O.bulk,24641000
3855,COM00533.00,2013,Ore mined,O.bulk,14363000
3856,COM00533.00,2013,Ore processed,O.bulk,14363000
3857,COM00533.00,2014,Ore mined,O.bulk,22305000
3858,COM00533.00,2014,Ore processed,O.bulk,22305000
3859,COM00533.00,2015,Ore mined,O.bulk,22875000
3860,COM00533.00,2015,Ore processed,O.bulk,22875000
3861,COM00533.00,2016,Ore mined,O.bulk,25159000
3862,COM00533.00,2016,Ore processed,O.bulk,25159000
3863,COM00533.00,2017,Ore mined,O.bulk,26027000
3864,COM00533.00,2017,Ore processed,O.bulk,26027000
3865,COM00533.00,2018,Ore mined,O.bulk,22157000
3866,COM00533.00,2018,Ore processed,O.bulk,22157000
3867,COM00534.00,2000,Concentrate,Con.Fe,8200000
3868,COM00534.00,2001,Concentrate,Con.Fe,6197887
3869,COM00534.00,2002,Concentrate,Con.Fe,7823562
3870,COM00534.00,2003,Concentrate,Con.Fe,8128376
3871,COM00534.00,2004,Concentrate,Con.Fe,8433190
3872,COM00534.00,2005,Concentrate,Con.Fe,8636400
3873,COM00534.00,2006,Concentrate,Con.Fe,8433190
3874,COM00534.00,2007,Concentrate,Con.Fe,7518748
3875,COM00534.00,2008,Concentrate,Con.Fe,8346709
3876,COM00534.00,2009,Concentrate,Con.Fe,1765650
3877,COM00534.00,2010,Concentrate,Con.Fe,5939005
3878,COM00534.00,2011,Concentrate,Con.Fe,7900000
3879,COM00534.00,2011,Ore mined,O.Fe,28800000
3880,COM00534.00,2011,Ore processed,O.Fe,28800000
3881,COM00534.00,2012,Concentrate,Con.Fe,8100000
3882,COM00534.00,2012,Ore mined,O.Fe,29500000
3883,COM00534.00,2012,Ore processed,O.Fe,29500000
3884,COM00534.00,2013,Concentrate,Con.Fe,7700000
3885,COM00534.00,2013,Ore mined,O.Fe,28100000
3886,COM00534.00,2013,Ore processed,O.Fe,28100000
3887,COM00534.00,2014,Concentrate,Con.Fe,7700000
3888,COM00534.00,2014,Ore mined,O.Fe,27300000
3889,COM00534.00,2014,Ore processed,O.Fe,27300000
3890,COM00534.00,2015,Concentrate,Con.Fe,8100000
3891,COM00534.00,2015,Ore mined,O.Fe,29800000
3892,COM00534.00,2015,Ore processed,O.Fe,29800000
3893,COM00534.00,2016,Concentrate,Con.Fe,8300000
3894,COM00534.00,2016,Ore mined,O.Fe,30700000
3895,COM00534.00,2016,Ore processed,O.Fe,30700000
3896,COM00534.00,2017,Concentrate,Con.Fe,7800000
3897,COM00534.00,2017,Ore mined,O.Fe,28300000
3898,COM00534.00,2017,Ore processed,O.Fe,28300000
3899,COM00534.00,2018,Concentrate,Con.Fe,7800000
3900,COM00534.00,2018,Ore mined,O.Fe,29200000
3901,COM00534.00,2018,Ore processed,O.Fe,29200000
3902,COM00534.00,2019,Concentrate,Con.Fe,7500000
3903,COM00534.00,2019,Ore mined,O.Fe,28400000
3904,COM00534.00,2019,Ore processed,O.Fe,28400000
3905,COM00535.00,2012,Ore mined,O.bulk,21000000
3906,COM00535.00,2012,Ore processed,O.bulk,3600000
3907,COM00535.00,2013,Ore mined,O.bulk,21738000
3908,COM00535.00,2013,Ore processed,O.bulk,3688000
3909,COM00535.00,2014,Ore mined,O.bulk,21508000
3910,COM00535.00,2014,Ore processed,O.bulk,4002000
3911,COM00535.00,2016,Ore mined,O.bulk,8954000
3912,COM00535.00,2016,Ore processed,O.bulk,3456000
3913,COM00536.00,2015,Ore mined,O.Au,1187951
3914,COM00536.00,2015,Ore processed,O.Au,1027025
3915,COM00536.00,2016,Ore mined,O.Au,1015459
3916,COM00536.00,2016,Ore processed,O.Au,1114145
3917,COM00536.00,2017,Ore mined,O.Au,952576
3918,COM00536.00,2017,Ore processed,O.Au,1232184
3919,COM00536.00,2018,Ore mined,O.Au,784004
3920,COM00536.00,2018,Ore processed,O.Au,1189400
3921,COM00536.00,2019,Ore mined,O.Au,718161
3922,COM00536.00,2019,Ore processed,O.Au,709002
3923,COM00538.00,2000,Ore mined,O.Cu,85012000
3924,COM00538.00,2000,Ore processed,O.Cu,49694000
3925,COM00538.00,2001,Ore mined,O.Cu,78886000
3926,COM00538.00,2001,Ore processed,O.Cu,48892000
3927,COM00538.00,2002,Ore mined,O.Cu,75982000
3928,COM00538.00,2002,Ore processed,O.Cu,49868000
3929,COM00538.00,2003,Ore mined,O.Cu,67494000
3930,COM00538.00,2003,Ore processed,O.Cu,49030000
3931,COM00538.00,2004,Ore mined,O.Cu,65837000
3932,COM00538.00,2004,Ore processed,O.Cu,50623000
3933,COM00538.00,2005,Ore mined,O.Cu,50666000
3934,COM00538.00,2005,Ore processed,O.Cu,50666000
3935,COM00538.00,2006,Ore mined,O.Cu,45356000
3936,COM00538.00,2006,Ore processed,O.Cu,45356000
3937,COM00538.00,2007,Ore mined,O.Cu,42593000
3938,COM00538.00,2007,Ore processed,O.Cu,42593000
3939,COM00538.00,2010,Ore mined,O.Cu,42488000
3940,COM00538.00,2010,Ore processed,O.Cu,42488000
3941,COM00538.00,2011,Ore mined,O.Cu,42284000
3942,COM00538.00,2011,Ore processed,O.Cu,42284000
3943,COM00538.00,2012,Ore mined,O.Cu,45383000
3944,COM00538.00,2012,Ore processed,O.Cu,45383000
3945,COM00538.00,2013,Ore mined,O.Cu,44861000
3946,COM00538.00,2013,Ore processed,O.Cu,44861000
3947,COM00538.00,2014,Ore mined,O.Cu,49932000
3948,COM00538.00,2014,Ore processed,O.Cu,49932000
3949,COM00538.00,2015,Ore mined,O.Cu,47257000
3950,COM00538.00,2015,Ore processed,O.Cu,47257000
3951,COM00538.00,2016,Ore mined,O.Cu,49499000
3952,COM00538.00,2016,Ore processed,O.Cu,49499000
3953,COM00538.00,2017,Ore mined,O.Cu,52285000
3954,COM00538.00,2017,Ore processed,O.Cu,52285000
3955,COM00538.00,2018,Ore mined,O.Cu,51888000
3956,COM00538.00,2018,Ore processed,O.Cu,51888000
3957,COM00541.00,2009,Ore mined,O.Ni,408051
3958,COM00541.00,2009,Ore processed,O.Ni,408051
3959,COM00541.00,2010,Ore mined,O.Ni,2433832
3960,COM00541.00,2010,Ore processed,O.Ni,2433832
3961,COM00541.00,2011,Ore mined,O.Ni,2699079
3962,COM00541.00,2011,Ore processed,O.Ni,2699079
3963,COM00541.00,2012,Ore mined,O.Ni,2321425
3964,COM00541.00,2012,Ore processed,O.Ni,2321425
3965,COM00541.00,2013,Ore mined,O.Ni,2904194
3966,COM00541.00,2013,Ore processed,O.Ni,2904194
3967,COM00541.00,2014,Ore mined,O.Ni,3311577
3968,COM00541.00,2014,Ore processed,O.Ni,3311577
3969,COM00541.00,2015,Ore mined,O.Ni,3362550
3970,COM00541.00,2015,Ore processed,O.Ni,3362550
3971,COM00541.00,2016,Ore mined,O.Ni,2951579
3972,COM00541.00,2016,Ore processed,O.Ni,2951579
3973,COM00541.00,2017,Ore mined,O.Ni,2426223
3974,COM00541.00,2017,Ore processed,O.Ni,2426223
3975,COM00541.00,2018,Ore mined,O.Ni,2795188
3976,COM00541.00,2018,Ore processed,O.Ni,2795188
3977,COM00541.00,2019,Ore mined,O.Ni,2595717
3978,COM00541.00,2019,Ore processed,O.Ni,2595717
3979,COM00543.00,2002,Ore mined,O.Au,520000
3980,COM00543.00,2002,Ore processed,O.Au,520000
3981,COM00543.00,2003,Ore mined,O.Au,559000
3982,COM00543.00,2003,Ore processed,O.Au,559000
3983,COM00544.00,2007,Ore mined,O.Fe,64000
3984,COM00544.00,2007,Ore processed,O.Fe,64000
3985,COM00544.00,2008,Ore mined,O.Fe,10936000
3986,COM00544.00,2008,Ore processed,O.Fe,10936000
3987,COM00544.00,2009,Ore mined,O.Fe,20634000
3988,COM00544.00,2009,Ore processed,O.Fe,20634000
3989,COM00544.00,2010,Ore mined,O.Fe,31720000
3990,COM00544.00,2010,Ore processed,O.Fe,31720000
3991,COM00544.00,2011,Ore mined,O.Fe,31740000
3992,COM00544.00,2011,Ore processed,O.Fe,31740000
3993,COM00544.00,2012,Ore mined,O.Fe,30793000
3994,COM00544.00,2012,Ore processed,O.Fe,30793000
3995,COM00544.00,2013,Ore mined,O.Fe,33788000
3996,COM00544.00,2013,Ore processed,O.Fe,33788000
3997,COM00544.00,2014,Ore mined,O.Fe,42715000
3998,COM00544.00,2014,Ore processed,O.Fe,42715000
3999,COM00544.00,2015,Ore mined,O.Fe,44745000
4000,COM00544.00,2015,Ore processed,O.Fe,44745000
4001,COM00544.00,2016,Ore mined,O.Fe,47010000
4002,COM00544.00,2016,Ore processed,O.Fe,47010000
4003,COM00544.00,2017,Ore mined,O.Fe,46941000
4004,COM00544.00,2017,Ore processed,O.Fe,46941000
4005,COM00544.00,2018,Ore mined,O.Fe,45368000
4006,COM00544.00,2018,Ore processed,O.Fe,45368000
4007,COM00547.00,2002,Ore mined,O.bulk,606300
4008,COM00547.00,2002,Ore processed,O.bulk,606300
4009,COM00547.00,2003,Ore mined,O.bulk,605790
4010,COM00547.00,2003,Ore processed,O.bulk,605790
4011,COM00547.00,2004,Ore mined,O.bulk,635845
4012,COM00547.00,2004,Ore processed,O.bulk,635845
4013,COM00547.00,2005,Ore mined,O.bulk,639849
4014,COM00547.00,2005,Ore processed,O.bulk,639849
4015,COM00547.00,2006,Ore mined,O.bulk,693285
4016,COM00547.00,2006,Ore processed,O.bulk,693285
4017,COM00547.00,2007,Ore mined,O.bulk,750799
4018,COM00547.00,2007,Ore processed,O.bulk,750799
4019,COM00547.00,2008,Ore mined,O.bulk,732146
4020,COM00547.00,2008,Ore processed,O.bulk,732146
4021,COM00547.00,2009,Ore mined,O.bulk,699420
4022,COM00547.00,2009,Ore processed,O.bulk,699420
4023,COM00547.00,2010,Ore mined,O.bulk,704094
4024,COM00547.00,2010,Ore processed,O.bulk,704094
4025,COM00547.00,2011,Ore mined,O.bulk,614000
4026,COM00547.00,2011,Ore processed,O.bulk,614000
4027,COM00547.00,2012,Ore mined,O.bulk,683000
4028,COM00547.00,2012,Ore processed,O.bulk,683000
4029,COM00547.00,2013,Ore mined,O.bulk,802000
4030,COM00547.00,2013,Ore processed,O.bulk,802000
4031,COM00547.00,2014,Ore mined,O.bulk,893000
4032,COM00547.00,2014,Ore processed,O.bulk,893000
4033,COM00547.00,2015,Ore mined,O.bulk,895000
4034,COM00547.00,2015,Ore processed,O.bulk,895000
4035,COM00547.00,2016,Ore mined,O.bulk,904000
4036,COM00547.00,2016,Ore processed,O.bulk,904000
4037,COM00547.00,2017,Ore mined,O.bulk,928000
4038,COM00547.00,2017,Ore processed,O.bulk,928000
4039,COM00547.00,2018,Ore mined,O.bulk,935000
4040,COM00547.00,2018,Ore processed,O.bulk,935000
4041,COM00547.00,2019,Ore mined,O.bulk,994000
4042,COM00547.00,2019,Ore processed,O.bulk,994000
4043,COM00548.00,2013,Ore mined,O.Al,760000
4044,COM00548.00,2013,Ore processed,O.Al,760000
4045,COM00548.00,2014,Ore mined,O.Al,1301000
4046,COM00548.00,2014,Ore processed,O.Al,1301000
4047,COM00548.00,2015,Ore mined,O.Al,2020000
4048,COM00548.00,2015,Ore processed,O.Al,2020000
4049,COM00548.00,2019,Ore mined,O.Al,2018000
4050,COM00548.00,2019,Ore processed,O.Al,2018000
4051,COM00553.00,2004,Ore mined,O.Au,3880800
4052,COM00553.00,2004,Ore processed,O.Au,3880800
4053,COM00553.00,2005,Ore mined,O.Au,3764706
4054,COM00553.00,2005,Ore processed,O.Au,3764706
4055,COM00553.00,2006,Ore mined,O.Au,3529412
4056,COM00553.00,2006,Ore processed,O.Au,3529412
4057,COM00553.00,2007,Ore mined,O.Au,3111111
4058,COM00553.00,2007,Ore processed,O.Au,3111111
4059,COM00553.00,2008,Ore mined,O.Au,3500000
4060,COM00553.00,2008,Ore processed,O.Au,3500000
4061,COM00553.00,2009,Ore mined,O.Au,3400000
4062,COM00553.00,2009,Ore processed,O.Au,3400000
4063,COM00553.00,2010,Ore mined,O.Au,3400000
4064,COM00553.00,2010,Ore processed,O.Au,3400000
4065,COM00553.00,2011,Ore mined,O.Au,4300000
4066,COM00553.00,2011,Ore processed,O.Au,4300000
4067,COM00553.00,2012,Ore mined,O.Au,4600000
4068,COM00553.00,2012,Ore processed,O.Au,4600000
4069,COM00553.00,2013,Ore mined,O.Au,4800000
4070,COM00553.00,2013,Ore processed,O.Au,4800000
4071,COM00553.00,2014,Ore mined,O.Au,4900000
4072,COM00553.00,2014,Ore processed,O.Au,4900000
4073,COM00553.00,2015,Ore mined,O.Au,4700000
4074,COM00553.00,2015,Ore processed,O.Au,4700000
4075,COM00553.00,2016,Ore mined,O.Au,5100000
4076,COM00553.00,2016,Ore processed,O.Au,5100000
4077,COM00553.00,2017,Ore mined,O.Au,5100000
4078,COM00553.00,2017,Ore processed,O.Au,5100000
4079,COM00553.00,2018,Ore mined,O.Au,5300000
4080,COM00553.00,2018,Ore processed,O.Au,5300000
4081,COM00556.00,2004,Ore mined,O.FeTiO3,33600
4082,COM00556.00,2004,Ore mined,O.leu,30147
4083,COM00556.00,2004,Ore mined,O.TiO2,22916
4084,COM00556.00,2004,Ore mined,O.Zr,27753
4085,COM00556.00,2004,Ore processed,O.FeTiO3,33600
4086,COM00556.00,2004,Ore processed,O.leu,30147
4087,COM00556.00,2004,Ore processed,O.TiO2,22916
4088,COM00556.00,2004,Ore processed,O.Zr,27753
4089,COM00556.00,2005,Ore mined,O.FeTiO3,35760
4090,COM00556.00,2005,Ore mined,O.leu,33947
4091,COM00556.00,2005,Ore mined,O.TiO2,28215
4092,COM00556.00,2005,Ore mined,O.Zr,29568
4093,COM00556.00,2005,Ore processed,O.FeTiO3,35760
4094,COM00556.00,2005,Ore processed,O.leu,33947
4095,COM00556.00,2005,Ore processed,O.TiO2,28215
4096,COM00556.00,2005,Ore processed,O.Zr,29568
4097,COM00556.00,2006,Ore mined,O.FeTiO3,10748
4098,COM00556.00,2006,Ore mined,O.leu,17365
4099,COM00556.00,2006,Ore mined,O.TiO2,10627
4100,COM00556.00,2006,Ore mined,O.Zr,15419
4101,COM00556.00,2006,Ore processed,O.FeTiO3,10748
4102,COM00556.00,2006,Ore processed,O.leu,17365
4103,COM00556.00,2006,Ore processed,O.TiO2,10627
4104,COM00556.00,2006,Ore processed,O.Zr,15419
4105,COM00556.00,2007,Ore mined,O.Zr,17030
4106,COM00556.00,2007,Ore processed,O.Zr,17030
4107,COM00556.00,2008,Ore mined,O.Zr,13700
4108,COM00556.00,2008,Ore processed,O.Zr,13700
4109,COM00556.00,2009,Ore mined,O.Zr,2300
4110,COM00556.00,2009,Ore processed,O.Zr,2300
4111,COM00557.00,2004,Ore mined,O.FeTiO3,262439
4112,COM00557.00,2004,Ore mined,O.Zr,74127
4113,COM00557.00,2004,Ore processed,O.FeTiO3,262439
4114,COM00557.00,2004,Ore processed,O.Zr,74127
4115,COM00557.00,2005,Ore mined,O.FeTiO3,269661
4116,COM00557.00,2005,Ore mined,O.Zr,69189
4117,COM00557.00,2005,Ore processed,O.FeTiO3,269661
4118,COM00557.00,2005,Ore processed,O.Zr,69189
4119,COM00557.00,2006,Ore mined,O.FeTiO3,245131
4120,COM00557.00,2006,Ore mined,O.Zr,67635
4121,COM00557.00,2006,Ore processed,O.FeTiO3,245131
4122,COM00557.00,2006,Ore processed,O.Zr,67635
4123,COM00557.00,2007,Ore mined,O.FeTiO3,225503
4124,COM00557.00,2007,Ore mined,O.Zr,63537
4125,COM00557.00,2007,Ore processed,O.FeTiO3,225503
4126,COM00557.00,2007,Ore processed,O.Zr,63537
4127,COM00557.00,2008,Ore mined,O.FeTiO3,239100
4128,COM00557.00,2008,Ore mined,O.Zr,70700
4129,COM00557.00,2008,Ore processed,O.FeTiO3,239100
4130,COM00557.00,2008,Ore processed,O.Zr,70700
4131,COM00557.00,2009,Ore mined,O.FeTiO3,182900
4132,COM00557.00,2009,Ore mined,O.Zr,45200
4133,COM00557.00,2009,Ore processed,O.FeTiO3,182900
4134,COM00557.00,2009,Ore processed,O.Zr,45200
4135,COM00557.00,2010,Ore mined,O.FeTiO3,251500
4136,COM00557.00,2010,Ore mined,O.Zr,58200
4137,COM00557.00,2010,Ore processed,O.FeTiO3,251500
4138,COM00557.00,2010,Ore processed,O.Zr,58200
4139,COM00557.00,2011,Ore mined,O.FeTiO3,288100
4140,COM00557.00,2011,Ore mined,O.Zr,60300
4141,COM00557.00,2011,Ore processed,O.FeTiO3,288100
4142,COM00557.00,2011,Ore processed,O.Zr,60300
4143,COM00557.00,2012,Ore mined,O.FeTiO3,214700
4144,COM00557.00,2012,Ore mined,O.Zr,49400
4145,COM00557.00,2012,Ore processed,O.FeTiO3,214700
4146,COM00557.00,2012,Ore processed,O.Zr,49400
4147,COM00557.00,2013,Ore mined,O.FeTiO3,189600
4148,COM00557.00,2013,Ore mined,O.Zr,39600
4149,COM00557.00,2013,Ore processed,O.FeTiO3,189600
4150,COM00557.00,2013,Ore processed,O.Zr,39600
4151,COM00557.00,2014,Ore mined,O.FeTiO3,94800
4152,COM00557.00,2014,Ore mined,O.Zr,25100
4153,COM00557.00,2014,Ore processed,O.FeTiO3,94800
4154,COM00557.00,2014,Ore processed,O.Zr,25100
4155,COM00557.00,2015,Ore mined,O.FeTiO3,145100
4156,COM00557.00,2015,Ore mined,O.Zr,37300
4157,COM00557.00,2015,Ore processed,O.FeTiO3,145100
4158,COM00557.00,2015,Ore processed,O.Zr,37300
4159,COM00558.00,2001,Ore mined,O.FeTiO3,1102900
4160,COM00558.00,2001,Ore mined,O.leu,12550
4161,COM00558.00,2001,Ore mined,O.TiO2,84062
4162,COM00558.00,2001,Ore mined,O.Zr,225800
4163,COM00558.00,2001,Ore processed,O.FeTiO3,1102900
4164,COM00558.00,2001,Ore processed,O.leu,12550
4165,COM00558.00,2001,Ore processed,O.TiO2,84062
4166,COM00558.00,2001,Ore processed,O.Zr,225800
4167,COM00558.00,2002,Ore mined,O.FeTiO3,1053800
4168,COM00558.00,2002,Ore mined,O.leu,11320
4169,COM00558.00,2002,Ore mined,O.TiO2,90260
4170,COM00558.00,2002,Ore mined,O.Zr,259376
4171,COM00558.00,2002,Ore processed,O.FeTiO3,1053800
4172,COM00558.00,2002,Ore processed,O.leu,11320
4173,COM00558.00,2002,Ore processed,O.TiO2,90260
4174,COM00558.00,2002,Ore processed,O.Zr,259376
4175,COM00558.00,2003,Ore mined,O.FeTiO3,1051247
4176,COM00558.00,2003,Ore mined,O.leu,13702
4177,COM00558.00,2003,Ore mined,O.TiO2,69713
4178,COM00558.00,2003,Ore mined,O.Zr,301131
4179,COM00558.00,2003,Ore processed,O.FeTiO3,1051247
4180,COM00558.00,2003,Ore processed,O.leu,13702
4181,COM00558.00,2003,Ore processed,O.TiO2,69713
4182,COM00558.00,2003,Ore processed,O.Zr,301131
4183,COM00558.00,2004,Ore mined,O.FeTiO3,981501
4184,COM00558.00,2004,Ore mined,O.leu,30239
4185,COM00558.00,2004,Ore mined,O.TiO2,66507
4186,COM00558.00,2004,Ore mined,O.Zr,283288
4187,COM00558.00,2004,Ore processed,O.FeTiO3,981501
4188,COM00558.00,2004,Ore processed,O.leu,30239
4189,COM00558.00,2004,Ore processed,O.TiO2,66507
4190,COM00558.00,2004,Ore processed,O.Zr,283288
4191,COM00558.00,2005,Ore mined,O.FeTiO3,1126340
4192,COM00558.00,2005,Ore mined,O.leu,24490
4193,COM00558.00,2005,Ore mined,O.TiO2,74342
4194,COM00558.00,2005,Ore mined,O.Zr,266085
4195,COM00558.00,2005,Ore processed,O.FeTiO3,1126340
4196,COM00558.00,2005,Ore processed,O.leu,24490
4197,COM00558.00,2005,Ore processed,O.TiO2,74342
4198,COM00558.00,2005,Ore processed,O.Zr,266085
4199,COM00558.00,2006,Ore mined,O.FeTiO3,1254761
4200,COM00558.00,2006,Ore mined,O.leu,23537
4201,COM00558.00,2006,Ore mined,O.TiO2,89916
4202,COM00558.00,2006,Ore mined,O.Zr,309665
4203,COM00558.00,2006,Ore processed,O.FeTiO3,1254761
4204,COM00558.00,2006,Ore processed,O.leu,23537
4205,COM00558.00,2006,Ore processed,O.TiO2,89916
4206,COM00558.00,2006,Ore processed,O.Zr,309665
4207,COM00558.00,2007,Ore mined,O.FeTiO3,1234268
4208,COM00558.00,2007,Ore mined,O.leu,23353
4209,COM00558.00,2007,Ore mined,O.TiO2,77171
4210,COM00558.00,2007,Ore mined,O.Zr,244463
4211,COM00558.00,2007,Ore processed,O.FeTiO3,1234268
4212,COM00558.00,2007,Ore processed,O.leu,23353
4213,COM00558.00,2007,Ore processed,O.TiO2,77171
4214,COM00558.00,2007,Ore processed,O.Zr,244463
4215,COM00558.00,2008,Ore mined,O.FeTiO3,988100
4216,COM00558.00,2008,Ore mined,O.leu,10600
4217,COM00558.00,2008,Ore mined,O.TiO2,73800
4218,COM00558.00,2008,Ore mined,O.Zr,188000
4219,COM00558.00,2008,Ore processed,O.FeTiO3,988100
4220,COM00558.00,2008,Ore processed,O.leu,10600
4221,COM00558.00,2008,Ore processed,O.TiO2,73800
4222,COM00558.00,2008,Ore processed,O.Zr,188000
4223,COM00558.00,2009,Ore mined,O.FeTiO3,643300
4224,COM00558.00,2009,Ore mined,O.leu,6000
4225,COM00558.00,2009,Ore mined,O.TiO2,60900
4226,COM00558.00,2009,Ore mined,O.Zr,145600
4227,COM00558.00,2009,Ore processed,O.FeTiO3,643300
4228,COM00558.00,2009,Ore processed,O.leu,6000
4229,COM00558.00,2009,Ore processed,O.TiO2,60900
4230,COM00558.00,2009,Ore processed,O.Zr,145600
4231,COM00558.00,2010,Ore mined,O.FeTiO3,62000
4232,COM00558.00,2010,Ore mined,O.TiO2,10000
4233,COM00558.00,2010,Ore mined,O.Zr,12800
4234,COM00558.00,2010,Ore processed,O.FeTiO3,62000
4235,COM00558.00,2010,Ore processed,O.TiO2,10000
4236,COM00558.00,2010,Ore processed,O.Zr,12800
4237,COM00558.00,2011,Ore mined,O.FeTiO3,99700
4238,COM00558.00,2011,Ore mined,O.Zr,9300
4239,COM00558.00,2011,Ore processed,O.FeTiO3,99700
4240,COM00558.00,2011,Ore processed,O.Zr,9300
4241,COM00558.00,2012,Ore mined,O.FeTiO3,200200
4242,COM00558.00,2012,Ore mined,O.TiO2,23100
4243,COM00558.00,2012,Ore mined,O.Zr,20000
4244,COM00558.00,2012,Ore processed,O.FeTiO3,200200
4245,COM00558.00,2012,Ore processed,O.TiO2,23100
4246,COM00558.00,2012,Ore processed,O.Zr,20000
4247,COM00558.00,2013,Ore mined,O.FeTiO3,142700
4248,COM00558.00,2013,Ore mined,O.TiO2,17000
4249,COM00558.00,2013,Ore mined,O.Zr,38400
4250,COM00558.00,2013,Ore processed,O.FeTiO3,142700
4251,COM00558.00,2013,Ore processed,O.TiO2,17000
4252,COM00558.00,2013,Ore processed,O.Zr,38400
4253,COM00558.00,2014,Ore mined,O.FeTiO3,800
4254,COM00558.00,2014,Ore mined,O.TiO2,200
4255,COM00558.00,2014,Ore mined,O.Zr,27100
4256,COM00558.00,2014,Ore processed,O.FeTiO3,800
4257,COM00558.00,2014,Ore processed,O.TiO2,200
4258,COM00558.00,2014,Ore processed,O.Zr,27100
4259,COM00558.00,2015,Ore mined,O.FeTiO3,113500
4260,COM00558.00,2015,Ore mined,O.TiO2,8800
4261,COM00558.00,2015,Ore mined,O.Zr,47300
4262,COM00558.00,2015,Ore processed,O.FeTiO3,113500
4263,COM00558.00,2015,Ore processed,O.TiO2,8800
4264,COM00558.00,2015,Ore processed,O.Zr,47300
4265,COM00558.00,2016,Ore mined,O.FeTiO3,175400
4266,COM00558.00,2016,Ore mined,O.TiO2,8900
4267,COM00558.00,2016,Ore mined,O.Zr,60700
4268,COM00558.00,2016,Ore processed,O.FeTiO3,175400
4269,COM00558.00,2016,Ore processed,O.TiO2,8900
4270,COM00558.00,2016,Ore processed,O.Zr,60700
4271,COM00558.00,2017,Ore mined,O.FeTiO3,153500
4272,COM00558.00,2017,Ore mined,O.TiO2,7100
4273,COM00558.00,2017,Ore mined,O.Zr,23000
4274,COM00558.00,2017,Ore processed,O.FeTiO3,153500
4275,COM00558.00,2017,Ore processed,O.TiO2,7100
4276,COM00558.00,2017,Ore processed,O.Zr,23000
4277,COM00558.00,2018,Ore mined,O.FeTiO3,168100
4278,COM00558.00,2018,Ore mined,O.TiO2,3700
4279,COM00558.00,2018,Ore mined,O.Zr,38700
4280,COM00558.00,2018,Ore processed,O.FeTiO3,168100
4281,COM00558.00,2018,Ore processed,O.TiO2,3700
4282,COM00558.00,2018,Ore processed,O.Zr,38700
4283,COM00558.00,2019,Ore mined,O.FeTiO3,152400
4284,COM00558.00,2019,Ore mined,O.TiO2,15600
4285,COM00558.00,2019,Ore mined,O.Zr,53500
4286,COM00558.00,2019,Ore processed,O.FeTiO3,152400
4287,COM00558.00,2019,Ore processed,O.TiO2,15600
4288,COM00558.00,2019,Ore processed,O.Zr,53500
4289,COM00560.00,2005,Concentrate,Con.Cu,2900
4290,COM00560.00,2005,Concentrate,Con.Pb,6000
4291,COM00560.00,2005,Concentrate,Con.Zn,123600
4292,COM00560.00,2005,Ore mined,O.bulk,1328000
4293,COM00560.00,2005,Ore processed,O.bulk,1328000
4294,COM00560.00,2006,Concentrate,Con.Cu,4200
4295,COM00560.00,2006,Concentrate,Con.Pb,4600
4296,COM00560.00,2006,Concentrate,Con.Zn,117800
4297,COM00560.00,2006,Ore mined,O.bulk,1343000
4298,COM00560.00,2006,Ore processed,O.bulk,1343000
4299,COM00560.00,2007,Concentrate,Con.Cu,4200
4300,COM00560.00,2007,Concentrate,Con.Pb,7600
4301,COM00560.00,2007,Concentrate,Con.Zn,112400
4302,COM00560.00,2007,Ore mined,O.bulk,1259000
4303,COM00560.00,2007,Ore processed,O.bulk,1259000
4304,COM00560.00,2008,Concentrate,Con.Cu,3600
4305,COM00560.00,2008,Concentrate,Con.Pb,9800
4306,COM00560.00,2008,Concentrate,Con.Zn,109500
4307,COM00560.00,2008,Ore mined,O.bulk,1169000
4308,COM00560.00,2008,Ore processed,O.bulk,1169000
4309,COM00560.00,2009,Concentrate,Con.Cu,3200
4310,COM00560.00,2009,Concentrate,Con.Pb,7900
4311,COM00560.00,2009,Concentrate,Con.Zn,108900
4312,COM00560.00,2009,Ore mined,O.bulk,1162000
4313,COM00560.00,2009,Ore processed,O.bulk,1162000
4314,COM00560.00,2010,Concentrate,Con.Cu,3100
4315,COM00560.00,2010,Concentrate,Con.Pb,6800
4316,COM00560.00,2010,Concentrate,Con.Zn,101800
4317,COM00560.00,2010,Ore mined,O.bulk,1165000
4318,COM00560.00,2010,Ore processed,O.bulk,1165000
4319,COM00560.00,2011,Concentrate,Con.Cu,3700
4320,COM00560.00,2011,Concentrate,Con.Pb,5000
4321,COM00560.00,2011,Concentrate,Con.Zn,94000
4322,COM00560.00,2011,Ore mined,O.bulk,1124000
4323,COM00560.00,2011,Ore processed,O.bulk,1124000
4324,COM00560.00,2012,Concentrate,Con.Cu,4700
4325,COM00560.00,2012,Concentrate,Con.Pb,4000
4326,COM00560.00,2012,Concentrate,Con.Zn,93000
4327,COM00560.00,2012,Ore mined,O.bulk,1164000
4328,COM00560.00,2012,Ore processed,O.bulk,1164000
4329,COM00560.00,2013,Concentrate,Con.Cu,9600
4330,COM00560.00,2013,Concentrate,Con.Pb,2000
4331,COM00560.00,2013,Concentrate,Con.Zn,84000
4332,COM00560.00,2013,Ore mined,O.bulk,1180000
4333,COM00560.00,2013,Ore processed,O.bulk,1180000
4334,COM00561.00,2005,Concentrate,Con.Cu,39200
4335,COM00561.00,2005,Concentrate,Con.Pb,2400
4336,COM00561.00,2005,Concentrate,Con.Zn,36700
4337,COM00561.00,2005,Ore mined,O.bulk,1231000
4338,COM00561.00,2005,Ore processed,O.bulk,1231000
4339,COM00561.00,2006,Concentrate,Con.Cu,27900
4340,COM00561.00,2006,Concentrate,Con.Pb,2600
4341,COM00561.00,2006,Concentrate,Con.Zn,29900
4342,COM00561.00,2006,Ore mined,O.bulk,926000
4343,COM00561.00,2006,Ore processed,O.bulk,926000
4344,COM00561.00,2007,Concentrate,Con.Cu,17600
4345,COM00561.00,2007,Concentrate,Con.Pb,1100
4346,COM00561.00,2007,Concentrate,Con.Zn,16000
4347,COM00561.00,2007,Ore mined,O.bulk,625000
4348,COM00561.00,2007,Ore processed,O.bulk,625000
4349,COM00562.00,2005,Concentrate,Con.Cu,14300
4350,COM00562.00,2005,Concentrate,Con.Pb,20500
4351,COM00562.00,2005,Concentrate,Con.Zn,54200
4352,COM00562.00,2005,Ore mined,O.bulk,1487000
4353,COM00562.00,2005,Ore processed,O.bulk,1487000
4354,COM00562.00,2006,Concentrate,Con.Cu,14300
4355,COM00562.00,2006,Concentrate,Con.Pb,20100
4356,COM00562.00,2006,Concentrate,Con.Zn,48600
4357,COM00562.00,2006,Ore mined,O.bulk,1484000
4358,COM00562.00,2006,Ore processed,O.bulk,1484000
4359,COM00562.00,2007,Concentrate,Con.Cu,15100
4360,COM00562.00,2007,Concentrate,Con.Pb,19500
4361,COM00562.00,2007,Concentrate,Con.Zn,48600
4362,COM00562.00,2007,Ore mined,O.bulk,1450000
4363,COM00562.00,2007,Ore processed,O.bulk,1450000
4364,COM00562.00,2008,Concentrate,Con.Cu,14800
4365,COM00562.00,2008,Concentrate,Con.Pb,19400
4366,COM00562.00,2008,Concentrate,Con.Zn,55900
4367,COM00562.00,2008,Ore mined,O.bulk,1461000
4368,COM00562.00,2008,Ore processed,O.bulk,1461000
4369,COM00562.00,2009,Concentrate,Con.Cu,15500
4370,COM00562.00,2009,Concentrate,Con.Pb,22700
4371,COM00562.00,2009,Concentrate,Con.Zn,59400
4372,COM00562.00,2009,Ore mined,O.bulk,1542000
4373,COM00562.00,2009,Ore processed,O.bulk,1542000
4374,COM00562.00,2010,Concentrate,Con.Cu,15300
4375,COM00562.00,2010,Concentrate,Con.Pb,24300
4376,COM00562.00,2010,Concentrate,Con.Zn,63700
4377,COM00562.00,2010,Ore mined,O.bulk,1578000
4378,COM00562.00,2010,Ore processed,O.bulk,1578000
4379,COM00562.00,2011,Concentrate,Con.Cu,14600
4380,COM00562.00,2011,Concentrate,Con.Pb,24000
4381,COM00562.00,2011,Concentrate,Con.Zn,58000
4382,COM00562.00,2011,Ore mined,O.bulk,1553000
4383,COM00562.00,2011,Ore processed,O.bulk,1553000
4384,COM00562.00,2012,Concentrate,Con.Cu,15000
4385,COM00562.00,2012,Concentrate,Con.Pb,28000
4386,COM00562.00,2012,Concentrate,Con.Zn,61000
4387,COM00562.00,2012,Ore mined,O.bulk,1590000
4388,COM00562.00,2012,Ore processed,O.bulk,1590000
4389,COM00562.00,2013,Concentrate,Con.Cu,14400
4390,COM00562.00,2013,Concentrate,Con.Pb,30000
4391,COM00562.00,2013,Concentrate,Con.Zn,64000
4392,COM00562.00,2013,Ore mined,O.bulk,1595000
4393,COM00562.00,2013,Ore processed,O.bulk,1595000
4394,COM00563.00,2005,Concentrate,Con.Pb,4600
4395,COM00563.00,2005,Concentrate,Con.Zn,24800
4396,COM00563.00,2005,Ore mined,O.bulk,210000
4397,COM00563.00,2005,Ore processed,O.bulk,210000
4398,COM00563.00,2006,Concentrate,Con.Pb,7100
4399,COM00563.00,2006,Concentrate,Con.Zn,26100
4400,COM00563.00,2006,Ore mined,O.bulk,244000
4401,COM00563.00,2006,Ore processed,O.bulk,244000
4402,COM00563.00,2007,Concentrate,Con.Pb,8500
4403,COM00563.00,2007,Concentrate,Con.Zn,28100
4404,COM00563.00,2007,Ore mined,O.bulk,281000
4405,COM00563.00,2007,Ore processed,O.bulk,281000
4406,COM00563.00,2008,Concentrate,Con.Pb,9100
4407,COM00563.00,2008,Concentrate,Con.Zn,28700
4408,COM00563.00,2008,Ore mined,O.bulk,293000
4409,COM00563.00,2008,Ore processed,O.bulk,293000
4410,COM00563.00,2009,Concentrate,Con.Pb,9800
4411,COM00563.00,2009,Concentrate,Con.Zn,30800
4412,COM00563.00,2009,Ore mined,O.bulk,306200
4413,COM00563.00,2009,Ore processed,O.bulk,306200
4414,COM00563.00,2010,Concentrate,Con.Pb,5400
4415,COM00563.00,2010,Concentrate,Con.Zn,14300
4416,COM00563.00,2010,Ore mined,O.bulk,150300
4417,COM00563.00,2010,Ore processed,O.bulk,150300
4418,COM00563.00,2011,Concentrate,Con.Pb,5000
4419,COM00563.00,2011,Concentrate,Con.Zn,0
4420,COM00563.00,2011,Ore mined,O.bulk,154300
4421,COM00563.00,2011,Ore processed,O.bulk,154300
4422,COM00563.00,2012,Concentrate,Con.Pb,4000
4423,COM00563.00,2012,Concentrate,Con.Zn,13000
4424,COM00563.00,2012,Ore mined,O.bulk,154300
4425,COM00563.00,2012,Ore processed,O.bulk,154300
4426,COM00563.00,2013,Concentrate,Con.Pb,9000
4427,COM00563.00,2013,Concentrate,Con.Zn,38000
4428,COM00563.00,2013,Ore mined,O.bulk,290400
4429,COM00563.00,2013,Ore processed,O.bulk,290400
4430,COM00564.00,2005,Concentrate,Con.Pb,5100
4431,COM00564.00,2005,Concentrate,Con.Zn,25000
4432,COM00564.00,2005,Ore mined,O.bulk,363000
4433,COM00564.00,2005,Ore processed,O.bulk,363000
4434,COM00564.00,2006,Concentrate,Con.Pb,4600
4435,COM00564.00,2006,Concentrate,Con.Zn,29700
4436,COM00564.00,2006,Ore mined,O.bulk,411000
4437,COM00564.00,2006,Ore processed,O.bulk,411000
4438,COM00564.00,2007,Concentrate,Con.Pb,2400
4439,COM00564.00,2007,Concentrate,Con.Zn,17700
4440,COM00564.00,2007,Ore mined,O.bulk,248000
4441,COM00564.00,2007,Ore processed,O.bulk,248000
4442,COM00569.00,2008,Concentrate,Con.Fe,12600000
4443,COM00569.00,2009,Concentrate,Con.Fe,11300000
4444,COM00569.00,2010,Concentrate,Con.Fe,15400000
4445,COM00569.00,2011,Concentrate,Con.Fe,15133000
4446,COM00569.00,2012,Concentrate,Con.Fe,15277000
4447,COM00569.00,2013,Concentrate,Con.Fe,15344000
4448,COM00569.00,2014,Concentrate,Con.Fe,15056000
4449,COM00569.00,2015,Concentrate,Con.Fe,12903000
4450,COM00569.00,2016,Concentrate,Con.Fe,12783000
4451,COM00569.00,2017,Concentrate,Con.Fe,11429000
4452,COM00569.00,2018,Concentrate,Con.Fe,12278000
4453,COM00569.00,2019,Concentrate,Con.Fe,12344000
4454,COM00576.00,2001,Ore mined,O.Fe,14562000
4455,COM00576.00,2001,Ore processed,O.Fe,14562000
4456,COM00576.00,2002,Ore mined,O.Fe,12758000
4457,COM00576.00,2002,Ore processed,O.Fe,12758000
4458,COM00576.00,2003,Ore mined,O.Fe,14225000
4459,COM00576.00,2003,Ore processed,O.Fe,14225000
4460,COM00576.00,2004,Ore mined,O.Fe,11139000
4461,COM00576.00,2004,Ore processed,O.Fe,11139000
4462,COM00576.00,2005,Ore mined,O.Fe,15647000
4463,COM00576.00,2005,Ore processed,O.Fe,15647000
4464,COM00576.00,2006,Ore mined,O.Fe,16080000
4465,COM00576.00,2006,Ore processed,O.Fe,16080000
4466,COM00576.00,2007,Ore mined,O.Fe,13229000
4467,COM00576.00,2007,Ore processed,O.Fe,13229000
4468,COM00576.00,2008,Ore mined,O.Fe,15830000
4469,COM00576.00,2008,Ore processed,O.Fe,15830000
4470,COM00576.00,2009,Ore mined,O.Fe,13844000
4471,COM00576.00,2009,Ore processed,O.Fe,13844000
4472,COM00576.00,2010,Ore mined,O.Fe,14710000
4473,COM00576.00,2010,Ore processed,O.Fe,14710000
4474,COM00576.00,2011,Ore mined,O.Fe,13457000
4475,COM00576.00,2011,Ore processed,O.Fe,13457000
4476,COM00576.00,2012,Ore mined,O.Fe,14079000
4477,COM00576.00,2012,Ore processed,O.Fe,14079000
4478,COM00576.00,2013,Ore mined,O.Fe,15368000
4479,COM00576.00,2013,Ore processed,O.Fe,15368000
4480,COM00576.00,2014,Ore mined,O.Fe,14775000
4481,COM00576.00,2014,Ore processed,O.Fe,14775000
4482,COM00576.00,2015,Ore mined,O.Fe,17691000
4483,COM00576.00,2015,Ore processed,O.Fe,17691000
4484,COM00576.00,2016,Ore mined,O.Fe,18155000
4485,COM00576.00,2016,Ore processed,O.Fe,18155000
4486,COM00576.00,2017,Ore mined,O.Fe,19016000
4487,COM00576.00,2017,Ore processed,O.Fe,19016000
4488,COM00576.00,2018,Ore mined,O.Fe,15245000
4489,COM00576.00,2018,Ore processed,O.Fe,15245000
4490,COM00577.00,2015,Ore mined,O.Fe,4121000
4491,COM00577.00,2015,Ore processed,O.Fe,4121000
4492,COM00577.00,2016,Ore mined,O.Fe,7268000
4493,COM00577.00,2016,Ore processed,O.Fe,7268000
4494,COM00577.00,2017,Ore mined,O.Fe,8003000
4495,COM00577.00,2017,Ore processed,O.Fe,8003000
4496,COM00577.00,2018,Ore mined,O.Fe,7617000
4497,COM00577.00,2018,Ore processed,O.Fe,7617000
4498,COM00577.00,2019,Ore mined,O.Fe,6133000
4499,COM00577.00,2019,Ore processed,O.Fe,6133000
4500,COM00577.00,2020,Ore mined,O.Fe,6158000
4501,COM00577.00,2020,Ore processed,O.Fe,6158000
4502,COM00578.00,2007,Concentrate,Con.Cu,29000
4503,COM00578.00,2007,Concentrate,Con.Zn,17000
4504,COM00578.00,2007,Ore mined,O.bulk,390000
4505,COM00578.00,2007,Ore processed,O.bulk,390000
4506,COM00578.00,2008,Concentrate,Con.Cu,33000
4507,COM00578.00,2008,Concentrate,Con.Zn,24000
4508,COM00578.00,2008,Ore mined,O.bulk,481000
4509,COM00578.00,2008,Ore processed,O.bulk,481000
4510,COM00578.00,2009,Concentrate,Con.Cu,35000
4511,COM00578.00,2009,Concentrate,Con.Zn,25000
4512,COM00578.00,2009,Ore mined,O.bulk,480000
4513,COM00578.00,2009,Ore processed,O.bulk,480000
4514,COM00578.00,2010,Concentrate,Con.Cu,28000
4515,COM00578.00,2010,Concentrate,Con.Zn,19000
4516,COM00578.00,2010,Ore mined,O.bulk,425000
4517,COM00578.00,2010,Ore processed,O.bulk,425000
4518,COM00578.00,2011,Concentrate,Con.Cu,35000
4519,COM00578.00,2011,Concentrate,Con.Zn,22000
4520,COM00578.00,2011,Ore mined,O.bulk,578000
4521,COM00578.00,2011,Ore processed,O.bulk,578000
4522,COM00578.00,2012,Concentrate,Con.Cu,37000
4523,COM00578.00,2012,Concentrate,Con.Zn,22000
4524,COM00578.00,2012,Ore mined,O.bulk,610000
4525,COM00578.00,2012,Ore processed,O.bulk,610000
4526,COM00578.00,2013,Concentrate,Con.Cu,39000
4527,COM00578.00,2013,Concentrate,Con.Zn,28000
4528,COM00578.00,2013,Ore mined,O.bulk,626000
4529,COM00578.00,2013,Ore processed,O.bulk,626000
4530,COM00578.00,2014,Ore mined,O.Cu,637000
4531,COM00578.00,2014,Ore processed,O.Cu,637000
4532,COM00578.00,2015,Ore mined,O.Cu,655000
4533,COM00578.00,2015,Ore processed,O.Cu,655000
4534,COM00578.00,2016,Ore mined,O.Cu,632000
4535,COM00578.00,2016,Ore processed,O.Cu,632000
4536,COM00581.00,2000,Ore mined,O.bulk,42418
4537,COM00581.00,2000,Ore processed,O.bulk,42418
4538,COM00581.00,2001,Ore mined,O.bulk,20337
4539,COM00581.00,2001,Ore processed,O.bulk,20337
4540,COM00581.00,2002,Ore mined,O.bulk,38416
4541,COM00581.00,2002,Ore processed,O.bulk,38416
4542,COM00581.00,2003,Ore mined,O.bulk,57463
4543,COM00581.00,2003,Ore processed,O.bulk,57463
4544,COM00581.00,2004,Ore mined,O.bulk,60213
4545,COM00581.00,2004,Ore processed,O.bulk,60213
4546,COM00581.00,2005,Ore mined,O.bulk,65435
4547,COM00581.00,2005,Ore processed,O.bulk,65435
4548,COM00581.00,2006,Ore mined,O.bulk,66705
4549,COM00581.00,2006,Ore processed,O.bulk,66705
4550,COM00581.00,2007,Ore mined,O.bulk,54740
4551,COM00581.00,2007,Ore processed,O.bulk,54740
4552,COM00581.00,2008,Ore mined,O.bulk,30349
4553,COM00581.00,2008,Ore processed,O.bulk,30349
4554,COM00581.00,2009,Ore mined,O.bulk,3055
4555,COM00581.00,2009,Ore processed,O.bulk,3055
4556,COM00581.00,2010,Ore mined,O.bulk,4708
4557,COM00581.00,2010,Ore processed,O.bulk,4708
4558,COM00581.00,2011,Ore mined,O.bulk,8092
4559,COM00581.00,2011,Ore processed,O.bulk,8092
4560,COM00581.00,2012,Ore mined,O.bulk,17751
4561,COM00581.00,2012,Ore processed,O.bulk,17751
4562,COM00583.00,2000,Ore mined,O.Fe,39900000
4563,COM00583.00,2000,Ore processed,O.Fe,39900000
4564,COM00583.00,2001,Ore mined,O.Fe,38900000
4565,COM00583.00,2001,Ore processed,O.Fe,38900000
4566,COM00583.00,2002,Ore mined,O.Fe,40700000
4567,COM00583.00,2002,Ore processed,O.Fe,40700000
4568,COM00583.00,2003,Ore mined,O.Fe,43100000
4569,COM00583.00,2003,Ore processed,O.Fe,43100000
4570,COM00583.00,2004,Ore mined,O.Fe,43600000
4571,COM00583.00,2004,Ore processed,O.Fe,43600000
4572,COM00583.00,2005,Ore mined,O.Fe,45700000
4573,COM00583.00,2005,Ore processed,O.Fe,45700000
4574,COM00583.00,2006,Ore mined,O.Fe,47000000
4575,COM00583.00,2006,Ore processed,O.Fe,47000000
4576,COM00583.00,2007,Ore mined,O.Fe,46700000
4577,COM00583.00,2007,Ore processed,O.Fe,46700000
4578,COM00583.00,2008,Ore mined,O.Fe,41800000
4579,COM00583.00,2008,Ore processed,O.Fe,41800000
4580,COM00583.00,2009,Ore mined,O.Fe,31100000
4581,COM00583.00,2009,Ore processed,O.Fe,31100000
4582,COM00583.00,2010,Ore mined,O.Fe,38700000
4583,COM00583.00,2010,Ore processed,O.Fe,38700000
4584,COM00583.00,2011,Ore mined,O.Fe,40000000
4585,COM00583.00,2011,Ore processed,O.Fe,40000000
4586,COM00583.00,2012,Ore mined,O.Fe,37700000
4587,COM00583.00,2012,Ore processed,O.Fe,37700000
4588,COM00583.00,2013,Ore mined,O.Fe,34000000
4589,COM00583.00,2013,Ore processed,O.Fe,34000000
4590,COM00583.00,2014,Ore mined,O.Fe,35800000
4591,COM00583.00,2014,Ore processed,O.Fe,35800000
4592,COM00583.00,2015,Ore mined,O.Fe,35600000
4593,COM00583.00,2015,Ore processed,O.Fe,35600000
4594,COM00583.00,2016,Ore mined,O.Fe,33400000
4595,COM00583.00,2016,Ore processed,O.Fe,33400000
4596,COM00583.00,2017,Ore mined,O.Fe,37800000
4597,COM00583.00,2017,Ore processed,O.Fe,37800000
4598,COM00583.00,2018,Ore mined,O.Fe,41700000
4599,COM00583.00,2018,Ore processed,O.Fe,41700000
4600,COM00583.00,2019,Ore mined,O.Fe,35900000
4601,COM00583.00,2019,Ore processed,O.Fe,35900000
4602,COM00584.00,2008,Ore mined,O.Fe,3816000
4603,COM00584.00,2008,Ore processed,O.Fe,3816000
4604,COM00584.00,2009,Ore mined,O.Fe,5476000
4605,COM00584.00,2009,Ore processed,O.Fe,5476000
4606,COM00584.00,2010,Ore mined,O.Fe,6837000
4607,COM00584.00,2010,Ore processed,O.Fe,6837000
4608,COM00584.00,2011,Ore mined,O.Fe,6328000
4609,COM00584.00,2011,Ore processed,O.Fe,6328000
4610,COM00584.00,2012,Ore mined,O.Fe,6652000
4611,COM00584.00,2012,Ore processed,O.Fe,6652000
4612,COM00584.00,2013,Ore mined,O.Fe,6520000
4613,COM00584.00,2013,Ore processed,O.Fe,6520000
4614,COM00584.00,2014,Ore mined,O.Fe,6067000
4615,COM00584.00,2014,Ore processed,O.Fe,6067000
4616,COM00584.00,2015,Ore mined,O.Fe,3868000
4617,COM00584.00,2015,Ore processed,O.Fe,3868000
4618,COM00584.00,2016,Ore mined,O.Fe,2751000
4619,COM00584.00,2016,Ore processed,O.Fe,2751000
4620,COM00584.00,2017,Ore mined,O.Fe,3962000
4621,COM00584.00,2017,Ore processed,O.Fe,3962000
4622,COM00584.00,2018,Ore mined,O.Fe,5645000
4623,COM00584.00,2018,Ore processed,O.Fe,5645000
4624,COM00584.00,2019,Ore mined,O.Fe,7389000
4625,COM00584.00,2019,Ore processed,O.Fe,7389000
4626,COM00587.00,2010,Ore mined,O.FeTiO3,120800
4627,COM00587.00,2010,Ore mined,O.TiO2,10200
4628,COM00587.00,2010,Ore mined,O.Zr,150900
4629,COM00587.00,2010,Ore processed,O.FeTiO3,120800
4630,COM00587.00,2010,Ore processed,O.TiO2,10200
4631,COM00587.00,2010,Ore processed,O.Zr,150900
4632,COM00587.00,2011,Ore mined,O.FeTiO3,174300
4633,COM00587.00,2011,Ore mined,O.TiO2,56400
4634,COM00587.00,2011,Ore mined,O.Zr,313700
4635,COM00587.00,2011,Ore processed,O.FeTiO3,174300
4636,COM00587.00,2011,Ore processed,O.TiO2,56400
4637,COM00587.00,2011,Ore processed,O.Zr,313700
4638,COM00587.00,2012,Ore mined,O.FeTiO3,90400
4639,COM00587.00,2012,Ore mined,O.TiO2,26900
4640,COM00587.00,2012,Ore mined,O.Zr,138200
4641,COM00587.00,2012,Ore processed,O.FeTiO3,90400
4642,COM00587.00,2012,Ore processed,O.TiO2,26900
4643,COM00587.00,2012,Ore processed,O.Zr,138200
4644,COM00587.00,2013,Ore mined,O.FeTiO3,68500
4645,COM00587.00,2013,Ore mined,O.TiO2,16300
4646,COM00587.00,2013,Ore mined,O.Zr,147300
4647,COM00587.00,2013,Ore processed,O.FeTiO3,68500
4648,COM00587.00,2013,Ore processed,O.TiO2,16300
4649,COM00587.00,2013,Ore processed,O.Zr,147300
4650,COM00587.00,2014,Ore mined,O.FeTiO3,101800
4651,COM00587.00,2014,Ore mined,O.TiO2,29500
4652,COM00587.00,2014,Ore mined,O.Zr,212400
4653,COM00587.00,2014,Ore processed,O.FeTiO3,101800
4654,COM00587.00,2014,Ore processed,O.TiO2,29500
4655,COM00587.00,2014,Ore processed,O.Zr,212400
4656,COM00587.00,2015,Ore mined,O.FeTiO3,117500
4657,COM00587.00,2015,Ore mined,O.TiO2,31100
4658,COM00587.00,2015,Ore mined,O.Zr,249700
4659,COM00587.00,2015,Ore processed,O.FeTiO3,117500
4660,COM00587.00,2015,Ore processed,O.TiO2,31100
4661,COM00587.00,2015,Ore processed,O.Zr,249700
4662,COM00587.00,2016,Ore mined,O.FeTiO3,113000
4663,COM00587.00,2016,Ore mined,O.TiO2,37600
4664,COM00587.00,2016,Ore mined,O.Zr,247000
4665,COM00587.00,2016,Ore processed,O.FeTiO3,113000
4666,COM00587.00,2016,Ore processed,O.TiO2,37600
4667,COM00587.00,2016,Ore processed,O.Zr,247000
4668,COM00587.00,2017,Ore mined,O.FeTiO3,117600
4669,COM00587.00,2017,Ore mined,O.TiO2,34700
4670,COM00587.00,2017,Ore mined,O.Zr,213500
4671,COM00587.00,2017,Ore processed,O.FeTiO3,117600
4672,COM00587.00,2017,Ore processed,O.TiO2,34700
4673,COM00587.00,2017,Ore processed,O.Zr,213500
4674,COM00587.00,2018,Ore mined,O.FeTiO3,121700
4675,COM00587.00,2018,Ore mined,O.TiO2,38000
4676,COM00587.00,2018,Ore mined,O.Zr,289100
4677,COM00587.00,2018,Ore processed,O.FeTiO3,121700
4678,COM00587.00,2018,Ore processed,O.TiO2,38000
4679,COM00587.00,2018,Ore processed,O.Zr,289100
4680,COM00587.00,2019,Ore mined,O.FeTiO3,107000
4681,COM00587.00,2019,Ore mined,O.TiO2,31200
4682,COM00587.00,2019,Ore mined,O.Zr,260200
4683,COM00587.00,2019,Ore processed,O.FeTiO3,107000
4684,COM00587.00,2019,Ore processed,O.TiO2,31200
4685,COM00587.00,2019,Ore processed,O.Zr,260200
4686,COM00588.00,2006,Ore mined,O.Au,1102188
4687,COM00588.00,2006,Ore processed,O.Au,1094143
4688,COM00588.00,2007,Ore mined,O.Au,1044312
4689,COM00588.00,2007,Ore processed,O.Au,1040174
4690,COM00588.00,2008,Ore mined,O.Au,1509679
4691,COM00588.00,2008,Ore processed,O.Au,1388086
4692,COM00588.00,2009,Ore mined,O.Au,2004936
4693,COM00588.00,2009,Ore processed,O.Au,1996989
4694,COM00588.00,2010,Ore mined,O.Au,2158097
4695,COM00588.00,2010,Ore processed,O.Au,2158096
4696,COM00588.00,2011,Ore mined,O.Au,2148473
4697,COM00588.00,2011,Ore processed,O.Au,2148275
4698,COM00588.00,2012,Ore mined,O.Au,2109613
4699,COM00588.00,2012,Ore processed,O.Au,2104683
4700,COM00588.00,2013,Ore mined,O.Au,1569937
4701,COM00588.00,2013,Ore processed,O.Au,1575629
4702,COM00588.00,2014,Ore mined,O.Au,1419932
4703,COM00588.00,2014,Ore processed,O.Au,1419031
4704,COM00588.00,2015,Ore mined,O.Au,1481461
4705,COM00588.00,2015,Ore processed,O.Au,1469095
4706,COM00588.00,2016,Ore mined,O.Au,1803064
4707,COM00588.00,2016,Ore processed,O.Au,1802914
4708,COM00588.00,2017,Ore mined,O.Au,2007572
4709,COM00588.00,2017,Ore processed,O.Au,1978409
4710,COM00588.00,2018,Ore mined,O.Au,2093413
4711,COM00588.00,2018,Ore processed,O.Au,2035214
4712,COM00588.00,2019,Ore mined,O.Au,2298631
4713,COM00588.00,2019,Ore processed,O.Au,2254793
4714,COM00589.00,2012,Ore mined,O.Al,1800000
4715,COM00589.00,2012,Ore processed,O.Al,1800000
4716,COM00589.00,2013,Ore mined,O.Al,1800000
4717,COM00589.00,2013,Ore processed,O.Al,1800000
4718,COM00592.00,2001,Ore mined,O.Au,1285714
4719,COM00592.00,2001,Ore processed,O.Au,1285714
4720,COM00592.00,2002,Ore mined,O.Au,1285714
4721,COM00592.00,2002,Ore processed,O.Au,1285714
4722,COM00592.00,2003,Ore mined,O.Au,1428571
4723,COM00592.00,2003,Ore processed,O.Au,1428571
4724,COM00595.00,2008,Ore mined,O.Al,24300
4725,COM00595.00,2008,Ore processed,O.Al,24300
4726,COM00595.00,2009,Ore mined,O.Al,218000
4727,COM00595.00,2009,Ore processed,O.Al,218000
4728,COM00595.00,2010,Ore mined,O.Al,383000
4729,COM00595.00,2010,Ore processed,O.Al,383000
4730,COM00595.00,2011,Ore mined,O.Al,304400
4731,COM00595.00,2011,Ore processed,O.Al,304400
4732,COM00595.00,2012,Ore mined,O.Al,312100
4733,COM00595.00,2012,Ore processed,O.Al,312100
4734,COM00595.00,2013,Ore mined,O.Al,202000
4735,COM00595.00,2013,Ore processed,O.Al,202000
4736,COM00595.00,2014,Ore mined,O.Al,184000
4737,COM00595.00,2014,Ore processed,O.Al,184000
4738,COM00595.00,2015,Ore mined,O.Al,124000
4739,COM00595.00,2015,Ore processed,O.Al,124000
4740,COM00595.00,2016,Ore mined,O.Al,432000
4741,COM00595.00,2016,Ore processed,O.Al,432000
4742,COM00595.00,2017,Ore mined,O.Al,430000
4743,COM00595.00,2017,Ore processed,O.Al,430000
4744,COM00595.00,2018,Ore mined,O.Al,360000
4745,COM00595.00,2018,Ore processed,O.Al,360000
4746,COM00595.00,2019,Ore mined,O.Al,111000
4747,COM00595.00,2019,Ore processed,O.Al,111000
4748,COM00597.00,2000,Ore mined,O.Fe,4923000
4749,COM00597.00,2000,Ore processed,O.Fe,4923000
4750,COM00597.00,2001,Ore mined,O.Fe,4641000
4751,COM00597.00,2001,Ore processed,O.Fe,4641000
4752,COM00597.00,2002,Ore mined,O.Fe,5201000
4753,COM00597.00,2002,Ore processed,O.Fe,5201000
4754,COM00597.00,2003,Ore mined,O.Fe,5418000
4755,COM00597.00,2003,Ore processed,O.Fe,5418000
4756,COM00597.00,2004,Ore mined,O.Fe,6355000
4757,COM00597.00,2004,Ore processed,O.Fe,6355000
4758,COM00597.00,2005,Ore mined,O.Fe,7487059
4759,COM00597.00,2005,Ore processed,O.Fe,7487059
4760,COM00597.00,2006,Ore mined,O.Fe,7494118
4761,COM00597.00,2006,Ore processed,O.Fe,7494118
4762,COM00597.00,2007,Ore mined,O.Fe,6420000
4763,COM00597.00,2007,Ore processed,O.Fe,6420000
4764,COM00597.00,2014,Ore mined,O.Fe,21278294
4765,COM00597.00,2014,Ore processed,O.Fe,21278294
4766,COM00597.00,2015,Ore mined,O.Fe,39104882
4767,COM00597.00,2015,Ore processed,O.Fe,39104882
4768,COM00597.00,2016,Ore mined,O.Fe,45418235
4769,COM00597.00,2016,Ore processed,O.Fe,45418235
4770,COM00597.00,2017,Ore mined,O.Fe,53738235
4771,COM00597.00,2017,Ore processed,O.Fe,53738235
4772,COM00597.00,2018,Ore mined,O.Fe,60224647
4773,COM00597.00,2018,Ore processed,O.Fe,60224647
4774,COM00597.00,2019,Ore mined,O.Fe,58733059
4775,COM00597.00,2019,Ore processed,O.Fe,58733059
4776,COM00603.00,2000,Ore mined,O.bulk,5300
4777,COM00603.00,2000,Ore processed,O.bulk,5300
4778,COM00603.00,2001,Ore mined,O.bulk,38500
4779,COM00603.00,2001,Ore processed,O.bulk,38500
4780,COM00603.00,2002,Ore mined,O.bulk,61500
4781,COM00603.00,2002,Ore processed,O.bulk,61500
4782,COM00603.00,2003,Ore mined,O.bulk,37650
4783,COM00603.00,2003,Ore processed,O.bulk,37650
4784,COM00603.00,2004,Ore mined,O.bulk,58900
4785,COM00603.00,2004,Ore processed,O.bulk,58900
4786,COM00603.00,2005,Ore mined,O.bulk,73700
4787,COM00603.00,2005,Ore processed,O.bulk,73700
4788,COM00603.00,2006,Ore mined,O.bulk,80450
4789,COM00603.00,2006,Ore processed,O.bulk,80450
4790,COM00603.00,2007,Ore mined,O.bulk,89100
4791,COM00603.00,2007,Ore processed,O.bulk,89100
4792,COM00603.00,2008,Ore mined,O.bulk,95700
4793,COM00603.00,2008,Ore processed,O.bulk,95700
4794,COM00603.00,2009,Ore mined,O.bulk,112000
4795,COM00603.00,2009,Ore processed,O.bulk,112000
4796,COM00603.00,2010,Ore mined,O.bulk,127500
4797,COM00603.00,2010,Ore processed,O.bulk,127500
4798,COM00603.00,2011,Ore mined,O.bulk,140300
4799,COM00603.00,2011,Ore processed,O.bulk,140300
4800,COM00603.00,2012,Ore mined,O.bulk,128657
4801,COM00603.00,2012,Ore processed,O.bulk,128657
4802,COM00603.00,2013,Ore mined,O.bulk,148683
4803,COM00603.00,2013,Ore processed,O.bulk,148683
4804,COM00603.00,2014,Ore mined,O.bulk,167750
4805,COM00603.00,2014,Ore processed,O.bulk,167750
4806,COM00603.00,2015,Ore mined,O.bulk,177948
4807,COM00603.00,2015,Ore processed,O.bulk,177948
4808,COM00603.00,2016,Ore mined,O.bulk,173865
4809,COM00603.00,2016,Ore processed,O.bulk,173865
4810,COM00603.00,2017,Ore mined,O.bulk,130854
4811,COM00603.00,2017,Ore processed,O.bulk,130854
4812,COM00603.00,2018,Ore mined,O.bulk,109025
4813,COM00603.00,2018,Ore processed,O.bulk,109025
4814,COM00603.00,2019,Ore mined,O.bulk,123818
4815,COM00603.00,2019,Ore processed,O.bulk,123818
4816,COM00605.00,2007,Ore mined,O.Au,1819843
4817,COM00605.00,2007,Ore processed,O.Au,1657454
4818,COM00605.00,2008,Ore mined,O.Au,1038744
4819,COM00605.00,2008,Ore processed,O.Au,1484179
4820,COM00605.00,2009,Ore mined,O.Au,1077754
4821,COM00605.00,2009,Ore processed,O.Au,1603930
4822,COM00605.00,2010,Ore mined,O.Au,1027858
4823,COM00605.00,2010,Ore processed,O.Au,1581250
4824,COM00605.00,2011,Ore mined,O.Au,873634
4825,COM00605.00,2011,Ore processed,O.Au,1321790
4826,COM00605.00,2012,Ore mined,O.Au,1078661
4827,COM00605.00,2012,Ore processed,O.Au,1475107
4828,COM00605.00,2013,Ore mined,O.Au,1140350
4829,COM00605.00,2013,Ore processed,O.Au,1623888
4830,COM00605.00,2015,Ore mined,O.Au,1249632
4831,COM00605.00,2015,Ore processed,O.Au,1286272
4832,COM00605.00,2016,Ore mined,O.Au,1245354
4833,COM00605.00,2016,Ore processed,O.Au,1290366
4834,COM00605.00,2017,Ore mined,O.Au,1473241
4835,COM00605.00,2017,Ore processed,O.Au,1527479
4836,COM00605.00,2018,Ore mined,O.Au,1678592
4837,COM00605.00,2018,Ore processed,O.Au,1839273
4838,COM00605.00,2019,Ore mined,O.Au,2306946
4839,COM00605.00,2019,Ore processed,O.Au,2207099
4840,COM00605.00,2020,Ore mined,O.Au,3464189
4841,COM00605.00,2020,Ore processed,O.Au,2299724
4842,COM00607.00,2010,Ore mined,O.Al,2600000
4843,COM00607.00,2010,Ore processed,O.Al,2600000
4844,COM00607.00,2011,Ore mined,O.Al,3800000
4845,COM00607.00,2011,Ore processed,O.Al,3800000
4846,COM00607.00,2012,Ore mined,O.Al,3800000
4847,COM00607.00,2012,Ore processed,O.Al,3800000
4848,COM00607.00,2013,Ore mined,O.Al,3900000
4849,COM00607.00,2013,Ore processed,O.Al,3900000
4850,COM00607.00,2014,Ore mined,O.Al,4800000
4851,COM00607.00,2014,Ore processed,O.Al,4800000
4852,COM00607.00,2015,Ore mined,O.Al,4700000
4853,COM00607.00,2015,Ore processed,O.Al,4700000
4854,COM00607.00,2016,Ore mined,O.Al,5200000
4855,COM00607.00,2016,Ore processed,O.Al,5200000
4856,COM00607.00,2017,Ore mined,O.Al,5600000
4857,COM00607.00,2017,Ore processed,O.Al,5600000
4858,COM00607.00,2018,Ore mined,O.Al,5700000
4859,COM00607.00,2018,Ore processed,O.Al,5700000
4860,COM00607.00,2019,Ore mined,O.Al,6000000
4861,COM00607.00,2019,Ore processed,O.Al,6000000
4862,COM00610.00,2002,Concentrate,Con.Fe,7500000
4863,COM00610.00,2003,Concentrate,Con.Fe,8000000
4864,COM00610.00,2004,Concentrate,Con.Fe,5587000
4865,COM00610.00,2004,Concentrate,O.Fe,2848000
4866,COM00610.00,2005,Concentrate,Con.Fe,5200000
4867,COM00610.00,2005,Concentrate,O.Fe,2900000
4868,COM00610.00,2006,Concentrate,Con.Fe,8890000
4869,COM00610.00,2006,Ore mined,O.Fe,51000000
4870,COM00610.00,2006,Ore processed,O.Fe,51000000
4871,COM00610.00,2007,Concentrate,Con.Fe,9257000
4872,COM00610.00,2008,Concentrate,Con.Fe,8635000
4873,COM00610.00,2011,Concentrate,Con.Fe,5900000
4874,COM00610.00,2011,Concentrate,O.Fe,3500000
4875,COM00610.00,2011,Ore mined,O.Fe,54400000
4876,COM00610.00,2011,Ore processed,O.Fe,54400000
4877,COM00610.00,2012,Concentrate,Con.Fe,9700000
4878,COM00610.00,2012,Ore mined,O.Fe,55500000
4879,COM00610.00,2012,Ore processed,O.Fe,55500000
4880,COM00610.00,2013,Concentrate,Con.Fe,9800000
4881,COM00610.00,2013,Ore mined,O.Fe,56800000
4882,COM00610.00,2013,Ore processed,O.Fe,56800000
4883,COM00610.00,2014,Concentrate,Con.Fe,9800000
4884,COM00610.00,2014,Ore mined,O.Fe,58100000
4885,COM00610.00,2014,Ore processed,O.Fe,58100000
4886,COM00610.00,2015,Concentrate,Con.Fe,6510000
4887,COM00610.00,2015,Concentrate,O.Fe,3529000
4888,COM00610.00,2015,Ore mined,O.Fe,59000000
4889,COM00610.00,2015,Ore processed,O.Fe,59000000
4890,COM00610.00,2018,Concentrate,Con.Fe,6500000
4891,COM00610.00,2018,Concentrate,O.Fe,3500000
4892,COM00610.00,2018,Ore mined,O.Fe,58500000
4893,COM00610.00,2018,Ore processed,O.Fe,58500000
4894,COM00610.00,2019,Concentrate,Con.Fe,6200000
4895,COM00610.00,2019,Concentrate,O.Fe,3500000
4896,COM00610.00,2019,Ore mined,O.Fe,57900000
4897,COM00610.00,2019,Ore processed,O.Fe,57900000
4898,COM00611.00,2002,Ore mined,O.Au,14102000
4899,COM00611.00,2002,Ore processed,O.Au,14102000
4900,COM00611.00,2003,Ore mined,O.Au,14342000
4901,COM00611.00,2003,Ore processed,O.Au,14342000
4902,COM00611.00,2004,Ore mined,O.Au,14284000
4903,COM00611.00,2004,Ore processed,O.Au,14284000
4904,COM00611.00,2005,Ore mined,O.Au,14628000
4905,COM00611.00,2005,Ore processed,O.Au,14628000
4906,COM00611.00,2007,Ore mined,O.Au,12604637
4907,COM00611.00,2007,Ore processed,O.Au,11842589
4908,COM00611.00,2008,Ore mined,O.Au,13190688
4909,COM00611.00,2008,Ore processed,O.Au,11641190
4910,COM00611.00,2009,Ore mined,O.Au,11592202
4911,COM00611.00,2009,Ore processed,O.Au,11786342
4912,COM00611.00,2010,Ore mined,O.Au,13765853
4913,COM00611.00,2010,Ore processed,O.Au,12154666
4914,COM00611.00,2011,Ore mined,O.Au,13676947
4915,COM00611.00,2011,Ore processed,O.Au,12029472
4916,COM00611.00,2012,Ore mined,O.Au,11806301
4917,COM00611.00,2012,Ore processed,O.Au,11742797
4918,COM00611.00,2013,Ore mined,O.Au,11211178
4919,COM00611.00,2013,Ore processed,O.Au,11837146
4920,COM00611.00,2014,Ore mined,O.Au,10416470
4921,COM00611.00,2014,Ore processed,O.Au,11617603
4922,COM00611.00,2015,Ore mined,O.Au,13666061
4923,COM00611.00,2015,Ore processed,O.Au,11550470
4924,COM00611.00,2016,Ore mined,O.Au,16743283
4925,COM00611.00,2016,Ore processed,O.Au,12958445
4926,COM00611.00,2017,Ore mined,O.Au,15173827
4927,COM00611.00,2017,Ore processed,O.Au,12831437
4928,COM00611.00,2018,Ore mined,O.Au,9456653
4929,COM00611.00,2018,Ore processed,O.Au,13158029
4930,COM00611.00,2019,Ore mined,O.Au,6544541
4931,COM00611.00,2019,Ore processed,O.Au,12461299
4932,COM00617.00,2015,Ore mined,O.Au,658243
4933,COM00617.00,2015,Ore processed,O.Au,766015
4934,COM00617.00,2016,Ore mined,O.Au,748610
4935,COM00617.00,2016,Ore processed,O.Au,802395
4936,COM00618.00,2004,Ore mined,O.Cu,1346000
4937,COM00618.00,2004,Ore processed,O.Cu,1346000
4938,COM00618.00,2005,Ore mined,O.Cu,7288000
4939,COM00618.00,2005,Ore processed,O.oxi,2689000
4940,COM00618.00,2005,Ore processed,O.sul,1521000
4941,COM00618.00,2006,Ore mined,O.Cu,9534000
4942,COM00618.00,2006,Ore processed,O.oxi,4771000
4943,COM00618.00,2006,Ore processed,O.sul,4410000
4944,COM00618.00,2007,Ore mined,O.Cu,15488000
4945,COM00618.00,2007,Ore processed,O.oxi,5765000
4946,COM00618.00,2007,Ore processed,O.sul,6132000
4947,COM00618.00,2008,Ore mined,O.Cu,19090000
4948,COM00618.00,2008,Ore processed,O.oxi,5972000
4949,COM00618.00,2008,Ore processed,O.sul,9219000
4950,COM00618.00,2009,Ore mined,O.bulk,3588000
4951,COM00618.00,2009,Ore mined,O.oxi,5661000
4952,COM00618.00,2009,Ore mined,O.sul,11994000
4953,COM00618.00,2009,Ore processed,O.bulk,3588000
4954,COM00618.00,2009,Ore processed,O.oxi,5661000
4955,COM00618.00,2009,Ore processed,O.sul,11994000
4956,COM00618.00,2010,Ore mined,O.bulk,5462000
4957,COM00618.00,2010,Ore mined,O.oxi,5674000
4958,COM00618.00,2010,Ore mined,O.sul,10382000
4959,COM00618.00,2010,Ore processed,O.bulk,5462000
4960,COM00618.00,2010,Ore processed,O.oxi,5674000
4961,COM00618.00,2010,Ore processed,O.sul,10382000
4962,COM00618.00,2011,Ore mined,O.bulk,8377000
4963,COM00618.00,2011,Ore mined,O.oxi,6072000
4964,COM00618.00,2011,Ore mined,O.sul,8855000
4965,COM00618.00,2011,Ore processed,O.bulk,8377000
4966,COM00618.00,2011,Ore processed,O.oxi,6072000
4967,COM00618.00,2011,Ore processed,O.sul,8855000
4968,COM00618.00,2012,Ore mined,O.bulk,8561000
4969,COM00618.00,2012,Ore mined,O.oxi,6210000
4970,COM00618.00,2012,Ore mined,O.sul,9254000
4971,COM00618.00,2012,Ore processed,O.bulk,8561000
4972,COM00618.00,2012,Ore processed,O.oxi,6210000
4973,COM00618.00,2012,Ore processed,O.sul,9254000
4974,COM00618.00,2013,Ore mined,O.bulk,7677000
4975,COM00618.00,2013,Ore mined,O.oxi,6662000
4976,COM00618.00,2013,Ore mined,O.sul,11089000
4977,COM00618.00,2013,Ore processed,O.bulk,7677000
4978,COM00618.00,2013,Ore processed,O.oxi,6662000
4979,COM00618.00,2013,Ore processed,O.sul,11089000
4980,COM00618.00,2014,Ore mined,O.bulk,9413000
4981,COM00618.00,2014,Ore mined,O.oxi,7977000
4982,COM00618.00,2014,Ore mined,O.sul,7944000
4983,COM00618.00,2014,Ore processed,O.bulk,9413000
4984,COM00618.00,2014,Ore processed,O.oxi,7977000
4985,COM00618.00,2014,Ore processed,O.sul,7944000
4986,COM00618.00,2015,Ore mined,O.bulk,10949000
4987,COM00618.00,2015,Ore mined,O.oxi,6795000
4988,COM00618.00,2015,Ore mined,O.sul,8296000
4989,COM00618.00,2015,Ore processed,O.bulk,10949000
4990,COM00618.00,2015,Ore processed,O.oxi,6795000
4991,COM00618.00,2015,Ore processed,O.sul,8296000
4992,COM00618.00,2016,Ore mined,O.bulk,7953000
4993,COM00618.00,2016,Ore mined,O.oxi,7076000
4994,COM00618.00,2016,Ore mined,O.sul,11988000
4995,COM00618.00,2016,Ore processed,O.bulk,7953000
4996,COM00618.00,2016,Ore processed,O.oxi,7076000
4997,COM00618.00,2016,Ore processed,O.sul,11988000
4998,COM00618.00,2017,Ore mined,O.bulk,7997000
4999,COM00618.00,2017,Ore mined,O.oxi,6916000
5000,COM00618.00,2017,Ore mined,O.sul,12970000
5001,COM00618.00,2017,Ore processed,O.bulk,7997000
5002,COM00618.00,2017,Ore processed,O.oxi,6916000
5003,COM00618.00,2017,Ore processed,O.sul,12970000
5004,COM00618.00,2018,Ore mined,O.bulk,8186000
5005,COM00618.00,2018,Ore mined,O.oxi,6916000
5006,COM00618.00,2018,Ore mined,O.sul,12978000
5007,COM00618.00,2018,Ore processed,O.bulk,8186000
5008,COM00618.00,2018,Ore processed,O.oxi,6916000
5009,COM00618.00,2018,Ore processed,O.sul,12978000
5010,COM00622.00,2004,Concentrate,Con.Fe,8006000
5011,COM00622.00,2005,Concentrate,Con.Fe,8800000
5012,COM00622.00,2006,Concentrate,Con.Fe,9443996
5013,COM00622.00,2007,Concentrate,Con.Fe,10044542
5014,COM00622.00,2008,Concentrate,Con.Fe,9304468
5015,COM00622.00,2009,Concentrate,Con.Fe,8533214
5016,COM00622.00,2010,Concentrate,Con.Fe,9797203
5017,COM00622.00,2011,Concentrate,Con.Fe,10051406
5018,COM00622.00,2012,Concentrate,Con.Fe,10439413
5019,COM00622.00,2013,Concentrate,Con.Fe,10455510
5020,COM00622.00,2014,Concentrate,Con.Fe,10617584
5021,COM00622.00,2015,Concentrate,Con.Fe,10603728
5022,COM00622.00,2016,Concentrate,Con.Fe,10842369
5023,COM00622.00,2017,Concentrate,Con.Fe,11133219
5024,COM00622.00,2018,Concentrate,Con.Fe,11268000
5025,COM00622.00,2019,Concentrate,Con.Fe,10749000
5026,COM00623.00,2016,Ore mined,O.Au,356772
5027,COM00623.00,2016,Ore processed,O.Au,356772
5028,COM00623.00,2017,Ore mined,O.Au,783291
5029,COM00623.00,2017,Ore processed,O.Au,828893
5030,COM00623.00,2018,Ore mined,O.Au,996529
5031,COM00623.00,2018,Ore processed,O.Au,871660
5032,COM00623.00,2019,Ore mined,O.Au,811664
5033,COM00623.00,2019,Ore processed,O.Au,888198
5034,COM00623.00,2020,Ore mined,O.Au,371531
5035,COM00623.00,2020,Ore processed,O.Au,567782
5036,COM00625.00,2014,Concentrate,Con.Pb,1703
5037,COM00625.00,2014,Concentrate,Con.Zn,22061
5038,COM00625.00,2014,Ore mined,O.bulk,149286
5039,COM00625.00,2014,Ore processed,O.bulk,149286
5040,COM00625.00,2015,Concentrate,Con.Pb,2223
5041,COM00625.00,2015,Concentrate,Con.Zn,30309
5042,COM00625.00,2015,Ore mined,O.bulk,372000
5043,COM00625.00,2015,Ore processed,O.bulk,372000
5044,COM00625.00,2016,Concentrate,Con.Pb,12953
5045,COM00625.00,2016,Concentrate,Con.Zn,151298
5046,COM00625.00,2016,Ore mined,O.bulk,760100
5047,COM00625.00,2016,Ore processed,O.bulk,760100
5048,COM00625.00,2017,Concentrate,Con.Pb,15597
5049,COM00625.00,2017,Concentrate,Con.Zn,164332
5050,COM00625.00,2017,Ore mined,O.bulk,1000000
5051,COM00625.00,2017,Ore processed,O.bulk,1000000
5052,COM00625.00,2018,Concentrate,Con.Pb,18665
5053,COM00625.00,2018,Concentrate,Con.Zn,196692
5054,COM00625.00,2018,Ore mined,O.bulk,1200000
5055,COM00625.00,2018,Ore processed,O.bulk,1200000
5056,COM00625.00,2019,Concentrate,Con.Pb,17947
5057,COM00625.00,2019,Concentrate,Con.Zn,191950
5058,COM00625.00,2019,Ore mined,O.bulk,1199823
5059,COM00625.00,2019,Ore processed,O.bulk,1199823
5060,COM00628.00,2004,Concentrate,Con.Fe,5443200
5061,COM00628.00,2005,Concentrate,Con.Fe,5261760
5062,COM00628.00,2006,Concentrate,Con.Fe,5261760
5063,COM00628.00,2007,Concentrate,Con.Fe,5171040
5064,COM00628.00,2008,Concentrate,Con.Fe,4626720
5065,COM00628.00,2009,Concentrate,Con.Fe,0
5066,COM00628.00,2010,Concentrate,Con.Fe,4898880
5067,COM00628.00,2011,Concentrate,Con.Fe,4989600
5068,COM00628.00,2012,Concentrate,Con.Fe,5261760
5069,COM00628.00,2013,Concentrate,Con.Fe,5080320
5070,COM00628.00,2014,Concentrate,Con.Fe,5261760
5071,COM00628.00,2015,Concentrate,Con.Fe,1723680
5072,COM00628.00,2016,Concentrate,Con.Fe,0
5073,COM00628.00,2017,Concentrate,Con.Fe,4626720
5074,COM00628.00,2018,Concentrate,Con.Fe,5352480
5075,COM00628.00,2019,Concentrate,Con.Fe,5261760
5076,COM00631.00,2010,Ore mined,O.Au,157878
5077,COM00631.00,2010,Ore processed,O.Au,157878
5078,COM00631.00,2011,Ore mined,O.Au,376796
5079,COM00631.00,2011,Ore processed,O.Au,376796
5080,COM00631.00,2012,Ore mined,O.Au,358144
5081,COM00631.00,2012,Ore processed,O.Au,358144
5082,COM00631.00,2013,Ore mined,O.Au,502332
5083,COM00631.00,2013,Ore processed,O.Au,502332
5084,COM00631.00,2014,Ore mined,O.Au,576943
5085,COM00631.00,2014,Ore processed,O.Au,576943
5086,COM00631.00,2015,Ore mined,O.Au,599173
5087,COM00631.00,2015,Ore processed,O.Au,599173
5088,COM00631.00,2016,Ore mined,O.Au,562654
5089,COM00631.00,2016,Ore processed,O.Au,562654
5090,COM00631.00,2017,Ore mined,O.Au,606669
5091,COM00631.00,2017,Ore processed,O.Au,606669
5092,COM00631.00,2018,Ore mined,O.Au,581568
5093,COM00631.00,2018,Ore processed,O.Au,581568
5094,COM00631.00,2019,Ore mined,O.Au,597281
5095,COM00631.00,2019,Ore processed,O.Au,597281
5096,COM00632.00,2011,Concentrate,Con.Fe,700000
5097,COM00632.00,2012,Concentrate,Con.Fe,680000
5098,COM00632.00,2013,Concentrate,Con.Fe,700000
5099,COM00632.00,2014,Concentrate,Con.Fe,700000
5100,COM00632.00,2015,Concentrate,Con.Fe,700000
5101,COM00632.00,2016,Concentrate,Con.Fe,500000
5102,COM00632.00,2017,Concentrate,Con.Fe,400000
5103,COM00632.00,2018,Concentrate,Con.Fe,600000
5104,COM00632.00,2019,Concentrate,Con.Fe,400000
5105,COM00634.00,2008,Ore mined,O.Au,36000
5106,COM00634.00,2008,Ore processed,O.Au,77000
5107,COM00634.00,2009,Ore mined,O.Au,286000
5108,COM00634.00,2009,Ore processed,O.Au,282000
5109,COM00634.00,2010,Ore mined,O.Au,438000
5110,COM00634.00,2010,Ore processed,O.Au,436000
5111,COM00634.00,2011,Ore mined,O.Au,450000
5112,COM00634.00,2011,Ore processed,O.Au,443000
5113,COM00634.00,2012,Ore mined,O.Au,386000
5114,COM00634.00,2012,Ore processed,O.Au,405000
5115,COM00634.00,2013,Ore mined,O.Au,367000
5116,COM00634.00,2013,Ore processed,O.Au,404000
5117,COM00634.00,2014,Ore mined,O.Au,347000
5118,COM00634.00,2014,Ore processed,O.Au,394000
5119,COM00634.00,2015,Ore mined,O.Au,369000
5120,COM00634.00,2015,Ore processed,O.Au,437000
5121,COM00634.00,2016,Ore mined,O.Au,438000
5122,COM00634.00,2016,Ore processed,O.Au,441000
5123,COM00635.00,2012,Ore mined,O.bulk,3138000
5124,COM00635.00,2012,Ore processed,O.bulk,3138000
5125,COM00635.00,2013,Ore mined,O.bulk,6314000
5126,COM00635.00,2013,Ore processed,O.bulk,6314000
5127,COM00635.00,2014,Ore mined,O.bulk,6711000
5128,COM00635.00,2014,Ore processed,O.bulk,6711000
5129,COM00635.00,2015,Ore mined,O.bulk,6665000
5130,COM00635.00,2015,Ore processed,O.bulk,6665000
5131,COM00635.00,2016,Ore mined,O.bulk,7392000
5132,COM00635.00,2016,Ore processed,O.bulk,7392000
5133,COM00635.00,2017,Concentrate,Con.Cu,112000
5134,COM00635.00,2017,Concentrate,Con.Ni,139000
5135,COM00635.00,2017,Ore mined,O.bulk,7911000
5136,COM00635.00,2017,Ore processed,O.bulk,7911000
5137,COM00635.00,2018,Concentrate,Con.Cu,110000
5138,COM00635.00,2018,Concentrate,Con.Ni,145000
5139,COM00635.00,2018,Ore mined,O.bulk,7582000
5140,COM00635.00,2018,Ore processed,O.bulk,7582000
5141,COM00638.00,2008,Ore mined,O.Fe,1848000
5142,COM00638.00,2008,Ore processed,O.Fe,1848000
5143,COM00638.00,2009,Ore mined,O.Fe,6646000
5144,COM00638.00,2009,Ore processed,O.Fe,6646000
5145,COM00638.00,2010,Ore mined,O.Fe,8765000
5146,COM00638.00,2010,Ore processed,O.Fe,8765000
5147,COM00638.00,2011,Ore mined,O.Fe,8725000
5148,COM00638.00,2011,Ore processed,O.Fe,8725000
5149,COM00638.00,2012,Ore mined,O.Fe,11555000
5150,COM00638.00,2012,Ore processed,O.Fe,11555000
5151,COM00638.00,2013,Ore mined,O.Fe,13167000
5152,COM00638.00,2013,Ore processed,O.Fe,13167000
5153,COM00638.00,2014,Ore mined,O.Fe,12930000
5154,COM00638.00,2014,Ore processed,O.Fe,12930000
5155,COM00638.00,2015,Ore mined,O.Fe,12649000
5156,COM00638.00,2015,Ore processed,O.Fe,12649000
5157,COM00638.00,2016,Ore mined,O.Fe,13616000
5158,COM00638.00,2016,Ore processed,O.Fe,13616000
5159,COM00638.00,2017,Ore mined,O.Fe,14560000
5160,COM00638.00,2017,Ore processed,O.Fe,14560000
5161,COM00638.00,2018,Ore mined,O.Fe,14694000
5162,COM00638.00,2018,Ore processed,O.Fe,14694000
5163,COM00638.00,2019,Ore mined,O.Fe,14145000
5164,COM00638.00,2019,Ore processed,O.Fe,14145000
5165,COM00641.00,2010,Ore mined,O.nep,4854000
5166,COM00641.00,2010,Ore processed,O.nep,4854000
5167,COM00641.00,2011,Ore mined,O.nep,4608000
5168,COM00641.00,2011,Ore processed,O.nep,4608000
5169,COM00641.00,2012,Ore mined,O.nep,4947000
5170,COM00641.00,2012,Ore processed,O.nep,4947000
5171,COM00641.00,2013,Ore mined,O.nep,4662000
5172,COM00641.00,2013,Ore processed,O.nep,4662000
5173,COM00641.00,2014,Ore mined,O.nep,4396000
5174,COM00641.00,2014,Ore processed,O.nep,4396000
5175,COM00641.00,2015,Ore mined,O.nep,4111000
5176,COM00641.00,2015,Ore processed,O.nep,4111000
5177,COM00641.00,2016,Ore mined,O.nep,4432000
5178,COM00641.00,2016,Ore processed,O.nep,4432000
5179,COM00641.00,2017,Ore mined,O.nep,4332000
5180,COM00641.00,2017,Ore processed,O.nep,4332000
5181,COM00641.00,2018,Ore mined,O.nep,4294000
5182,COM00641.00,2018,Ore processed,O.nep,4294000
5183,COM00641.00,2019,Ore mined,O.nep,4244000
5184,COM00641.00,2019,Ore processed,O.nep,4244000
5185,COM00642.00,2013,Ore mined,O.Au,888889
5186,COM00642.00,2013,Ore processed,O.Au,888889
5187,COM00642.00,2014,Ore mined,O.Au,5555556
5188,COM00642.00,2014,Ore processed,O.Au,5555556
5189,COM00642.00,2015,Ore mined,O.Au,6888889
5190,COM00642.00,2015,Ore processed,O.Au,6888889
5191,COM00642.00,2016,Ore mined,O.Au,7333333
5192,COM00642.00,2016,Ore processed,O.Au,7333333
5193,COM00642.00,2017,Ore mined,O.Au,7555556
5194,COM00642.00,2017,Ore processed,O.Au,7555556
5195,COM00642.00,2018,Ore mined,O.Au,8222222
5196,COM00642.00,2018,Ore processed,O.Au,8222222
5197,COM00645.00,2000,Ore mined,O.Al,1150776
5198,COM00645.00,2000,Ore processed,O.Al,1150776
5199,COM00645.00,2001,Ore mined,O.Al,1237006
5200,COM00645.00,2001,Ore processed,O.Al,1237006
5201,COM00645.00,2002,Ore mined,O.Al,1283485
5202,COM00645.00,2002,Ore processed,O.Al,1283485
5203,COM00645.00,2003,Ore mined,O.Al,1262705
5204,COM00645.00,2003,Ore processed,O.Al,1262705
5205,COM00645.00,2004,Ore mined,O.Al,1330827
5206,COM00645.00,2004,Ore processed,O.Al,1330827
5207,COM00645.00,2005,Ore mined,O.Al,1441899
5208,COM00645.00,2005,Ore processed,O.Al,1441899
5209,COM00645.00,2006,Ore mined,O.Al,1501937
5210,COM00645.00,2006,Ore processed,O.Al,1501937
5211,COM00645.00,2007,Ore mined,O.Al,1251147
5212,COM00645.00,2007,Ore processed,O.Al,1251147
5213,COM00645.00,2008,Ore mined,O.Al,1152322
5214,COM00645.00,2008,Ore processed,O.Al,1152322
5215,COM00645.00,2009,Ore mined,O.Al,783097
5216,COM00645.00,2009,Ore processed,O.Al,783097
5217,COM00647.00,2008,Ore mined,O.Al,3200000
5218,COM00647.00,2008,Ore processed,O.Al,3200000
5219,COM00647.00,2009,Ore mined,O.Al,2700000
5220,COM00647.00,2009,Ore processed,O.Al,2700000
5221,COM00647.00,2010,Ore mined,O.Al,2945000
5222,COM00647.00,2010,Ore processed,O.Al,2945000
5223,COM00647.00,2011,Ore mined,O.Al,3002000
5224,COM00647.00,2011,Ore processed,O.Al,3002000
5225,COM00647.00,2012,Ore mined,O.Al,3331000
5226,COM00647.00,2012,Ore processed,O.Al,3331000
5227,COM00647.00,2013,Ore mined,O.Al,3326000
5228,COM00647.00,2013,Ore processed,O.Al,3326000
5229,COM00647.00,2014,Ore mined,O.Al,3379000
5230,COM00647.00,2014,Ore processed,O.Al,3379000
5231,COM00647.00,2015,Ore mined,O.Al,3499000
5232,COM00647.00,2015,Ore processed,O.Al,3499000
5233,COM00647.00,2016,Ore mined,O.Al,3538000
5234,COM00647.00,2016,Ore processed,O.Al,3538000
5235,COM00647.00,2017,Ore mined,O.Al,3124000
5236,COM00647.00,2017,Ore processed,O.Al,3124000
5237,COM00647.00,2018,Ore mined,O.Al,3451000
5238,COM00647.00,2018,Ore processed,O.Al,3451000
5239,COM00647.00,2019,Ore mined,O.Al,3121000
5240,COM00647.00,2019,Ore processed,O.Al,3121000
5241,COM00649.00,2012,Ore mined,O.Cu,797164
5242,COM00649.00,2012,Ore processed,O.Cu,923849
5243,COM00649.00,2013,Ore mined,O.Cu,2592960
5244,COM00649.00,2013,Ore processed,O.Cu,1588563
5245,COM00649.00,2014,Ore mined,O.Cu,2792664
5246,COM00649.00,2014,Ore processed,O.Cu,1798258
5247,COM00649.00,2015,Ore mined,O.Cu,2207304
5248,COM00649.00,2015,Ore processed,O.Cu,2183905
5249,COM00649.00,2016,Ore mined,O.Cu,2009298
5250,COM00649.00,2016,Ore processed,O.Cu,2294530
5251,COM00649.00,2017,Ore mined,O.Cu,2466139
5252,COM00649.00,2017,Ore processed,O.Cu,2274305
5253,COM00649.00,2018,Ore mined,O.Cu,3054844
5254,COM00649.00,2018,Ore processed,O.Cu,2407267
5255,COM00651.00,2011,Ore mined,O.Cu,658899
5256,COM00651.00,2011,Ore processed,O.Cu,386437
5257,COM00651.00,2012,Ore mined,O.Cu,940282
5258,COM00651.00,2012,Ore processed,O.Cu,1009694
5259,COM00651.00,2013,Ore mined,O.Cu,1348571
5260,COM00651.00,2013,Ore processed,O.Cu,978810
5261,COM00651.00,2014,Ore mined,O.Cu,695206
5262,COM00651.00,2014,Ore processed,O.Cu,695206
5263,COM00651.00,2015,Ore mined,O.Cu,1102399
5264,COM00651.00,2015,Ore processed,O.Cu,1102399
5265,COM00651.00,2016,Ore mined,O.Cu,1290095
5266,COM00651.00,2016,Ore processed,O.Cu,1290095
5267,COM00651.00,2017,Ore mined,O.Cu,115146
5268,COM00651.00,2017,Ore processed,O.Cu,840948
5269,COM00651.00,2018,Ore mined,O.Cu,752800
5270,COM00651.00,2018,Ore processed,O.Cu,425561
5271,COM00651.00,2019,Ore mined,O.Cu,750193
5272,COM00651.00,2019,Ore processed,O.Cu,750193
5273,COM00652.00,2009,Concentrate,Con.Fe,8600000
5274,COM00652.00,2010,Concentrate,Con.Fe,13100000
5275,COM00652.00,2011,Concentrate,Con.Fe,13800000
5276,COM00652.00,2015,Concentrate,Con.Fe,13800000
5277,COM00652.00,2016,Concentrate,Con.Fe,15200000
5278,COM00652.00,2017,Concentrate,Con.Fe,16100000
5279,COM00652.00,2018,Concentrate,Con.Fe,15000000
5280,COM00652.00,2019,Concentrate,Con.Fe,14700000
5281,COM00655.00,2009,Ore mined,O.bulk,960365
5282,COM00655.00,2009,Ore processed,O.bulk,960365
5283,COM00655.00,2010,Ore mined,O.bulk,960365
5284,COM00655.00,2010,Ore processed,O.bulk,960365
5285,COM00655.00,2011,Ore mined,O.bulk,1030764
5286,COM00655.00,2011,Ore processed,O.bulk,1030764
5287,COM00655.00,2012,Ore mined,O.bulk,1090365
5288,COM00655.00,2012,Ore processed,O.bulk,1090365
5289,COM00655.00,2013,Ore mined,O.bulk,934224
5290,COM00655.00,2013,Ore processed,O.bulk,934224
5291,COM00655.00,2014,Ore mined,O.bulk,1156400
5292,COM00655.00,2014,Ore processed,O.bulk,1156400
5293,COM00655.00,2015,Ore mined,O.bulk,1464038
5294,COM00655.00,2015,Ore processed,O.bulk,1464038
5295,COM00655.00,2016,Ore mined,O.bulk,1666732
5296,COM00655.00,2016,Ore processed,O.bulk,1666732
5297,COM00655.00,2017,Ore mined,O.bulk,1684626
5298,COM00655.00,2017,Ore processed,O.bulk,1684626
5299,COM00655.00,2018,Ore mined,O.bulk,1827335
5300,COM00655.00,2018,Ore processed,O.bulk,1827335
5301,COM00655.00,2019,Ore mined,O.bulk,1590902
5302,COM00655.00,2019,Ore processed,O.bulk,1590902
5303,COM00657.00,2012,Ore mined,O.Au,4082000
5304,COM00657.00,2012,Ore processed,O.Au,4082000
5305,COM00657.00,2013,Ore mined,O.Au,4223000
5306,COM00657.00,2013,Ore processed,O.Au,4223000
5307,COM00657.00,2014,Ore mined,O.Au,4653000
5308,COM00657.00,2014,Ore processed,O.Au,4653000
5309,COM00657.00,2015,Ore mined,O.Au,3977000
5310,COM00657.00,2015,Ore processed,O.Au,3977000
5311,COM00657.00,2016,Ore mined,O.Au,4676000
5312,COM00657.00,2016,Ore processed,O.Au,4676000
5313,COM00657.00,2017,Ore mined,O.Au,5844000
5314,COM00657.00,2017,Ore processed,O.Au,5844000
5315,COM00657.00,2018,Ore mined,O.Au,7108000
5316,COM00657.00,2018,Ore processed,O.Au,7108000
5317,COM00658.00,2004,Concentrate,Con.Fe,1822000
5318,COM00658.00,2005,Concentrate,Con.Fe,1851000
5319,COM00658.00,2006,Concentrate,Con.Fe,1850900
5320,COM00658.00,2007,Concentrate,Con.Fe,2057000
5321,COM00658.00,2008,Concentrate,Con.Fe,2104000
5322,COM00658.00,2012,Concentrate,Con.Fe,2241000
5323,COM00658.00,2012,Ore mined,O.Fe,4800000
5324,COM00658.00,2012,Ore processed,O.Fe,4800000
5325,COM00658.00,2013,Concentrate,Con.Fe,2201000
5326,COM00658.00,2013,Ore mined,O.Fe,4828000
5327,COM00658.00,2013,Ore processed,O.Fe,4828000
5328,COM00658.00,2014,Concentrate,Con.Fe,2181000
5329,COM00658.00,2014,Ore mined,O.Fe,4885000
5330,COM00658.00,2014,Ore processed,O.Fe,4885000
5331,COM00658.00,2015,Concentrate,Con.Fe,2227000
5332,COM00658.00,2015,Ore mined,O.Fe,4962000
5333,COM00658.00,2015,Ore processed,O.Fe,4962000
5334,COM00658.00,2016,Concentrate,Con.Fe,2249000
5335,COM00658.00,2016,Ore mined,O.Fe,5023000
5336,COM00658.00,2016,Ore processed,O.Fe,5023000
5337,COM00658.00,2017,Concentrate,Con.Fe,2250000
5338,COM00658.00,2017,Ore mined,O.Fe,5100000
5339,COM00658.00,2017,Ore processed,O.Fe,5100000
5340,COM00658.00,2018,Concentrate,Con.Fe,2207000
5341,COM00658.00,2019,Concentrate,Con.Fe,2112000
5342,COM00658.00,2020,Concentrate,Con.Fe,2066000
5343,COM00661.00,2013,Ore mined,O.Fe,10808700
5344,COM00661.00,2013,Ore processed,O.Fe,10808700
5345,COM00661.00,2014,Ore mined,O.Fe,11568100
5346,COM00661.00,2014,Ore processed,O.Fe,11568100
5347,COM00661.00,2015,Ore mined,O.Fe,12054400
5348,COM00661.00,2015,Ore processed,O.Fe,12054400
5349,COM00661.00,2016,Ore mined,O.Fe,12726300
5350,COM00661.00,2016,Ore processed,O.Fe,12726300
5351,COM00661.00,2017,Ore mined,O.Fe,13863300
5352,COM00661.00,2017,Ore processed,O.Fe,13863300
5353,COM00661.00,2018,Ore mined,O.Fe,13859700
5354,COM00661.00,2018,Ore processed,O.Fe,13859700
5355,COM00661.00,2019,Ore mined,O.Fe,13213300
5356,COM00661.00,2019,Ore processed,O.Fe,13213300
5357,COM00661.00,2020,Ore mined,O.Fe,11667500
5358,COM00661.00,2020,Ore processed,O.Fe,11667500
5359,COM00665.00,2007,Concentrate,Con.Fe,274000
5360,COM00665.00,2007,Ore mined,O.Fe,559000
5361,COM00665.00,2007,Ore processed,O.Fe,559000
5362,COM00665.00,2008,Concentrate,Con.Fe,2973000
5363,COM00665.00,2008,Ore mined,O.Fe,3047000
5364,COM00665.00,2008,Ore processed,O.Fe,3047000
5365,COM00665.00,2009,Concentrate,Con.Fe,2926000
5366,COM00665.00,2009,Ore mined,O.Fe,3524000
5367,COM00665.00,2009,Ore processed,O.Fe,3524000
5368,COM00665.00,2010,Concentrate,Con.Fe,3473000
5369,COM00665.00,2010,Ore mined,O.Fe,3473000
5370,COM00665.00,2010,Ore processed,O.Fe,3473000
5371,COM00665.00,2011,Concentrate,Con.Fe,2314000
5372,COM00665.00,2011,Ore mined,O.Fe,2523000
5373,COM00665.00,2011,Ore processed,O.Fe,2523000
5374,COM00665.00,2012,Concentrate,Con.Fe,3164000
5375,COM00665.00,2012,Ore mined,O.Fe,2959000
5376,COM00665.00,2012,Ore processed,O.Fe,2959000
5377,COM00665.00,2013,Concentrate,Con.Fe,2786000
5378,COM00665.00,2013,Ore mined,O.Fe,1856000
5379,COM00665.00,2013,Ore processed,O.Fe,1856000
5380,COM00665.00,2014,Concentrate,Con.Fe,4810000
5381,COM00665.00,2014,Ore mined,O.Fe,2848000
5382,COM00665.00,2014,Ore processed,O.Fe,2848000
5383,COM00665.00,2015,Concentrate,Con.Fe,1881000
5384,COM00665.00,2015,Ore mined,O.Fe,1643000
5385,COM00665.00,2015,Ore processed,O.Fe,1643000
5386,COM00665.00,2016,Concentrate,Con.Fe,1286000
5387,COM00665.00,2016,Ore mined,O.Fe,1381000
5388,COM00665.00,2016,Ore processed,O.Fe,1381000
5389,COM00665.00,2017,Ore mined,O.Fe,0
5390,COM00665.00,2017,Ore processed,O.Fe,0
5391,COM00665.00,2018,Ore mined,O.Fe,0
5392,COM00665.00,2018,Ore processed,O.Fe,0
5393,COM00665.00,2019,Concentrate,Con.Fe,431000
5394,COM00665.00,2019,Ore mined,O.Fe,552000
5395,COM00665.00,2019,Ore processed,O.Fe,552000
5396,COM00665.00,2020,Concentrate,Con.Fe,2371000
5397,COM00665.00,2020,Ore mined,O.Fe,2765000
5398,COM00665.00,2020,Ore processed,O.Fe,2765000
5399,COM00666.00,2006,Concentrate,Con.Fe,7000000
5400,COM00666.00,2007,Concentrate,Con.Fe,7700000
5401,COM00666.00,2008,Concentrate,Con.Fe,7300000
5402,COM00666.00,2013,Concentrate,Con.Fe,11100000
5403,COM00666.00,2014,Concentrate,Con.Fe,11400000
5404,COM00666.00,2015,Concentrate,Con.Fe,11700000
5405,COM00666.00,2016,Concentrate,Con.Fe,11800000
5406,COM00666.00,2017,Concentrate,Con.Fe,10100000
5407,COM00666.00,2019,Ore mined,O.Fe,3353000
5408,COM00666.00,2019,Ore processed,O.Fe,3353000
5409,COM00666.00,2020,Ore mined,O.Fe,7890000
5410,COM00666.00,2020,Ore processed,O.Fe,7890000
5411,COM00668.00,2001,Ore mined,O.Au,2100000
5412,COM00668.00,2001,Ore processed,O.Au,2100000
5413,COM00668.00,2002,Ore mined,O.Au,2200000
5414,COM00668.00,2002,Ore processed,O.Au,2200000
5415,COM00668.00,2003,Ore mined,O.Au,2200000
5416,COM00668.00,2003,Ore processed,O.Au,2200000
5417,COM00668.00,2004,Ore mined,O.Au,2000000
5418,COM00668.00,2004,Ore processed,O.Au,2000000
5419,COM00668.00,2005,Ore mined,O.Au,2000000
5420,COM00668.00,2005,Ore processed,O.Au,2000000
5421,COM00668.00,2006,Ore mined,O.Au,2000000
5422,COM00668.00,2006,Ore processed,O.Au,2000000
5423,COM00668.00,2007,Ore mined,O.Au,1800000
5424,COM00668.00,2007,Ore processed,O.Au,1800000
5425,COM00668.00,2008,Ore mined,O.Au,1600000
5426,COM00668.00,2008,Ore processed,O.Au,1600000
5427,COM00668.00,2009,Ore mined,O.Au,1500000
5428,COM00668.00,2009,Ore processed,O.Au,1500000
5429,COM00668.00,2010,Ore mined,O.Au,1600000
5430,COM00668.00,2010,Ore processed,O.Au,1600000
5431,COM00668.00,2011,Ore mined,O.Au,1500000
5432,COM00668.00,2011,Ore processed,O.Au,1500000
5433,COM00668.00,2012,Ore mined,O.Au,900000
5434,COM00668.00,2012,Ore processed,O.Au,900000
5435,COM00668.00,2013,Ore mined,O.Au,1000000
5436,COM00668.00,2013,Ore processed,O.Au,1000000
5437,COM00668.00,2014,Ore mined,O.Au,800000
5438,COM00668.00,2014,Ore processed,O.Au,800000
5439,COM00668.00,2015,Ore mined,O.Au,700000
5440,COM00668.00,2015,Ore processed,O.Au,700000
5441,COM00668.00,2016,Ore mined,O.Au,600000
5442,COM00668.00,2016,Ore processed,O.Au,600000
5443,COM00668.00,2017,Ore mined,O.Au,600000
5444,COM00668.00,2017,Ore processed,O.Au,600000
5445,COM00670.00,2001,Concentrate,Con.Fe,3545000
5446,COM00670.00,2001,Ore mined,O.Fe,9438000
5447,COM00670.00,2001,Ore processed,O.Fe,9438000
5448,COM00670.00,2002,Concentrate,Con.Fe,1454000
5449,COM00670.00,2002,Ore mined,O.Fe,4269000
5450,COM00670.00,2002,Ore processed,O.Fe,4269000
5451,COM00670.00,2003,Concentrate,Con.Fe,3509000
5452,COM00670.00,2003,Ore mined,O.Fe,8372000
5453,COM00670.00,2003,Ore processed,O.Fe,8372000
5454,COM00670.00,2004,Concentrate,Con.Fe,3876000
5455,COM00670.00,2004,Ore mined,O.Fe,10203000
5456,COM00670.00,2004,Ore processed,O.Fe,10203000
5457,COM00670.00,2005,Concentrate,Con.Fe,4522000
5458,COM00670.00,2005,Ore mined,O.Fe,11333000
5459,COM00670.00,2005,Ore processed,O.Fe,11333000
5460,COM00670.00,2006,Concentrate,Con.Fe,4976000
5461,COM00670.00,2006,Ore mined,O.Fe,11639000
5462,COM00670.00,2006,Ore processed,O.Fe,11639000
5463,COM00670.00,2007,Concentrate,Con.Fe,4963000
5464,COM00670.00,2007,Ore mined,O.Fe,12795000
5465,COM00670.00,2007,Ore processed,O.Fe,12795000
5466,COM00670.00,2008,Concentrate,Con.Fe,4700000
5467,COM00670.00,2008,Ore mined,O.Fe,11723000
5468,COM00670.00,2008,Ore processed,O.Fe,11723000
5469,COM00670.00,2009,Concentrate,Con.Fe,4200000
5470,COM00670.00,2009,Ore mined,O.Fe,11300000
5471,COM00670.00,2009,Ore processed,O.Fe,11300000
5472,COM00670.00,2010,Concentrate,Con.Fe,4200000
5473,COM00670.00,2010,Ore mined,O.Fe,11100000
5474,COM00670.00,2010,Ore processed,O.Fe,11100000
5475,COM00670.00,2011,Concentrate,Con.Fe,4500000
5476,COM00670.00,2011,Ore mined,O.Fe,12800000
5477,COM00670.00,2011,Ore processed,O.Fe,12800000
5478,COM00670.00,2012,Concentrate,Con.Fe,4400000
5479,COM00670.00,2012,Ore mined,O.Fe,12600000
5480,COM00670.00,2012,Ore processed,O.Fe,12600000
5481,COM00670.00,2013,Concentrate,Con.Fe,4300000
5482,COM00670.00,2013,Ore mined,O.Fe,12600000
5483,COM00670.00,2013,Ore processed,O.Fe,12600000
5484,COM00670.00,2014,Concentrate,Con.Fe,3200000
5485,COM00670.00,2014,Ore mined,O.Fe,9200000
5486,COM00670.00,2014,Ore processed,O.Fe,9200000
5487,COM00670.00,2015,Concentrate,Con.Fe,2700000
5488,COM00670.00,2015,Ore mined,O.Fe,7800000
5489,COM00670.00,2015,Ore processed,O.Fe,7800000
5490,COM00670.00,2016,Concentrate,Con.Fe,2700000
5491,COM00670.00,2016,Ore mined,O.Fe,8200000
5492,COM00670.00,2016,Ore processed,O.Fe,8200000
5493,COM00670.00,2017,Concentrate,Con.Fe,2500000
5494,COM00670.00,2017,Ore mined,O.Fe,8000000
5495,COM00670.00,2017,Ore processed,O.Fe,8000000
5496,COM00670.00,2018,Concentrate,Con.Fe,2000000
5497,COM00670.00,2018,Ore mined,O.Fe,6800000
5498,COM00670.00,2018,Ore processed,O.Fe,6800000
5499,COM00670.00,2019,Concentrate,Con.Fe,2500000
5500,COM00670.00,2019,Ore mined,O.Fe,6500000
5501,COM00670.00,2019,Ore processed,O.Fe,6500000
5502,COM00670.00,2020,Concentrate,Con.Fe,2100000
5503,COM00670.00,2020,Ore mined,O.Fe,7000000
5504,COM00670.00,2020,Ore processed,O.Fe,7000000
5505,COM00671.00,2007,Ore mined,O.Cu,1464000
5506,COM00671.00,2007,Ore processed,O.Cu,1464000
5507,COM00671.00,2008,Ore mined,O.Cu,299000
5508,COM00671.00,2008,Ore processed,O.Cu,299000
5509,COM00673.00,2007,Ore mined,O.Cu,403000
5510,COM00673.00,2007,Ore processed,O.Cu,403000
5511,COM00673.00,2008,Ore mined,O.Cu,874000
5512,COM00673.00,2008,Ore processed,O.Cu,874000
5513,COM00673.00,2012,Ore mined,O.Cu,2784000
5514,COM00673.00,2012,Ore processed,O.Cu,2784000
5515,COM00673.00,2013,Ore mined,O.Cu,4810000
5516,COM00673.00,2013,Ore processed,O.Cu,4810000
5517,COM00673.00,2014,Ore mined,O.Cu,3995000
5518,COM00673.00,2014,Ore processed,O.Cu,3995000
5519,COM00674.00,2004,Concentrate,Con.Fe,5272000
5520,COM00674.00,2005,Concentrate,Con.Fe,5794000
5521,COM00674.00,2006,Concentrate,Con.Fe,5613200
5522,COM00674.00,2007,Concentrate,Con.Fe,5242000
5523,COM00674.00,2008,Concentrate,Con.Fe,5423000
5524,COM00674.00,2016,Concentrate,Con.Fe,6300000
5525,COM00680.00,2016,Ore mined,O.pgm,2732000
5526,COM00680.00,2016,Ore processed,O.pgm,2732000
5527,COM00680.00,2017,Ore mined,O.pgm,7556000
5528,COM00680.00,2017,Ore processed,O.pgm,7556000
5529,COM00680.00,2018,Ore mined,O.pgm,7730000
5530,COM00680.00,2018,Ore processed,O.pgm,7730000
5531,COM00681.00,2008,Concentrate,Con.Fe,7800000
5532,COM00681.00,2008,Concentrate,Oth.sif,1600000
5533,COM00681.00,2009,Concentrate,Con.Fe,7000000
5534,COM00681.00,2009,Concentrate,Oth.sif,1200000
5535,COM00681.00,2010,Concentrate,Con.Fe,8900000
5536,COM00681.00,2010,Concentrate,Oth.sif,1100000
5537,COM00681.00,2011,Concentrate,Con.Fe,9600000
5538,COM00681.00,2011,Concentrate,Oth.sif,1100000
5539,COM00681.00,2011,Ore mined,O.Fe,24500000
5540,COM00681.00,2011,Ore processed,O.Fe,24500000
5541,COM00681.00,2012,Concentrate,Con.Fe,9790000
5542,COM00681.00,2012,Concentrate,Oth.sif,910000
5543,COM00681.00,2012,Ore mined,O.Fe,24900000
5544,COM00681.00,2012,Ore processed,O.Fe,24900000
5545,COM00681.00,2013,Concentrate,Con.Fe,10200000
5546,COM00681.00,2013,Concentrate,Oth.sif,1000000
5547,COM00681.00,2013,Ore mined,O.Fe,25500000
5548,COM00681.00,2013,Ore processed,O.Fe,25500000
5549,COM00681.00,2014,Concentrate,Con.Fe,9900000
5550,COM00681.00,2014,Concentrate,Oth.sif,1000000
5551,COM00681.00,2014,Ore mined,O.Fe,25200000
5552,COM00681.00,2014,Ore processed,O.Fe,25200000
5553,COM00681.00,2015,Concentrate,Con.Fe,10100000
5554,COM00681.00,2015,Concentrate,Oth.sif,900000
5555,COM00681.00,2015,Ore mined,O.Fe,24500000
5556,COM00681.00,2015,Ore processed,O.Fe,24500000
5557,COM00681.00,2016,Concentrate,Con.Fe,9000000
5558,COM00681.00,2016,Concentrate,Oth.sif,900000
5559,COM00681.00,2016,Ore mined,O.Fe,21700000
5560,COM00681.00,2016,Ore processed,O.Fe,21700000
5561,COM00681.00,2017,Concentrate,Con.Fe,9100000
5562,COM00681.00,2017,Concentrate,Oth.sif,800000
5563,COM00681.00,2017,Ore mined,O.Fe,22000000
5564,COM00681.00,2017,Ore processed,O.Fe,22000000
5565,COM00681.00,2018,Concentrate,Con.Fe,9300000
5566,COM00681.00,2018,Concentrate,Oth.sif,900000
5567,COM00681.00,2018,Ore mined,O.Fe,23200000
5568,COM00681.00,2018,Ore processed,O.Fe,23200000
5569,COM00681.00,2019,Concentrate,Con.Fe,9800000
5570,COM00681.00,2019,Concentrate,Oth.sif,800000
5571,COM00681.00,2019,Ore mined,O.Fe,24500000
5572,COM00681.00,2019,Ore processed,O.Fe,24500000
5573,COM00683.00,2015,Ore mined,O.Au,354105
5574,COM00683.00,2015,Ore processed,O.Au,315885
5575,COM00683.00,2016,Ore mined,O.Au,463161
5576,COM00683.00,2016,Ore processed,O.Au,454617
5577,COM00684.00,2008,Ore mined,O.Au,463000
5578,COM00684.00,2008,Ore processed,O.Au,618000
5579,COM00684.00,2009,Ore mined,O.Au,1090000
5580,COM00684.00,2009,Ore processed,O.Au,1144000
5581,COM00684.00,2010,Ore mined,O.Au,1331000
5582,COM00684.00,2010,Ore processed,O.Au,1163000
5583,COM00684.00,2011,Ore mined,O.Au,1287000
5584,COM00684.00,2011,Ore processed,O.Au,1238000
5585,COM00684.00,2012,Ore mined,O.Au,1260000
5586,COM00684.00,2012,Ore processed,O.Au,1299000
5587,COM00684.00,2013,Ore mined,O.Au,1492000
5588,COM00684.00,2013,Ore processed,O.Au,1435000
5589,COM00684.00,2014,Ore mined,O.Au,1742000
5590,COM00684.00,2014,Ore processed,O.Au,1665000
5591,COM00684.00,2015,Ore mined,O.Au,1897000
5592,COM00684.00,2015,Ore processed,O.Au,1680000
5593,COM00684.00,2016,Ore mined,O.Au,2002000
5594,COM00684.00,2016,Ore processed,O.Au,1710000
5595,COM00684.00,2017,Ore mined,O.Au,1915000
5596,COM00684.00,2017,Ore processed,O.Au,1733000
5597,COM00684.00,2018,Ore mined,O.Au,1636000
5598,COM00684.00,2018,Ore processed,O.Au,1721000
5599,COM00689.00,2015,Concentrate,Con.Cu,62144
5600,COM00689.00,2015,Concentrate,Con.Zn,5177
5601,COM00689.00,2015,Ore mined,O.bulk,733000
5602,COM00689.00,2015,Ore processed,O.bulk,733000
5603,COM00689.00,2016,Concentrate,Con.Cu,51155
5604,COM00689.00,2016,Concentrate,Con.Zn,5283
5605,COM00689.00,2016,Ore mined,O.bulk,797000
5606,COM00689.00,2016,Ore processed,O.bulk,797000
5607,COM00689.00,2017,Concentrate,Con.Cu,51440
5608,COM00689.00,2017,Concentrate,Con.Zn,3799
5609,COM00689.00,2017,Ore mined,O.bulk,809000
5610,COM00689.00,2017,Ore processed,O.bulk,809000
5611,COM00689.00,2018,Concentrate,Con.Cu,42107
5612,COM00689.00,2018,Concentrate,Con.Zn,2334
5613,COM00689.00,2018,Ore mined,O.bulk,785000
5614,COM00689.00,2018,Ore processed,O.bulk,785000
5615,COM00691.00,2002,Ore mined,O.FeTiO3,44000
5616,COM00691.00,2002,Ore mined,O.TiO2,19000
5617,COM00691.00,2002,Ore mined,O.Zr,45000
5618,COM00691.00,2002,Ore processed,O.FeTiO3,44000
5619,COM00691.00,2002,Ore processed,O.TiO2,19000
5620,COM00691.00,2002,Ore processed,O.Zr,45000
5621,COM00691.00,2003,Ore mined,O.FeTiO3,176000
5622,COM00691.00,2003,Ore mined,O.TiO2,17000
5623,COM00691.00,2003,Ore mined,O.Zr,50000
5624,COM00691.00,2003,Ore processed,O.FeTiO3,176000
5625,COM00691.00,2003,Ore processed,O.TiO2,17000
5626,COM00691.00,2003,Ore processed,O.Zr,50000
5627,COM00691.00,2004,Ore mined,O.FeTiO3,262000
5628,COM00691.00,2004,Ore mined,O.TiO2,20000
5629,COM00691.00,2004,Ore mined,O.Zr,49000
5630,COM00691.00,2004,Ore processed,O.FeTiO3,262000
5631,COM00691.00,2004,Ore processed,O.TiO2,20000
5632,COM00691.00,2004,Ore processed,O.Zr,49000
5633,COM00691.00,2005,Ore mined,O.FeTiO3,356000
5634,COM00691.00,2005,Ore mined,O.TiO2,23000
5635,COM00691.00,2005,Ore mined,O.Zr,47000
5636,COM00691.00,2005,Ore processed,O.FeTiO3,356000
5637,COM00691.00,2005,Ore processed,O.TiO2,23000
5638,COM00691.00,2005,Ore processed,O.Zr,47000
5639,COM00691.00,2006,Ore mined,O.FeTiO3,319000
5640,COM00691.00,2006,Ore mined,O.TiO2,25000
5641,COM00691.00,2006,Ore mined,O.Zr,50000
5642,COM00691.00,2006,Ore processed,O.FeTiO3,319000
5643,COM00691.00,2006,Ore processed,O.TiO2,25000
5644,COM00691.00,2006,Ore processed,O.Zr,50000
5645,COM00691.00,2007,Ore mined,O.FeTiO3,367000
5646,COM00691.00,2007,Ore mined,O.TiO2,17000
5647,COM00691.00,2007,Ore mined,O.Zr,34000
5648,COM00691.00,2007,Ore processed,O.FeTiO3,367000
5649,COM00691.00,2007,Ore processed,O.TiO2,17000
5650,COM00691.00,2007,Ore processed,O.Zr,34000
5651,COM00691.00,2008,Ore mined,O.FeTiO3,229000
5652,COM00691.00,2008,Ore mined,O.TiO2,19000
5653,COM00691.00,2008,Ore mined,O.Zr,34000
5654,COM00691.00,2008,Ore processed,O.FeTiO3,229000
5655,COM00691.00,2008,Ore processed,O.TiO2,19000
5656,COM00691.00,2008,Ore processed,O.Zr,34000
5657,COM00691.00,2009,Ore mined,O.FeTiO3,368000
5658,COM00691.00,2009,Ore mined,O.TiO2,20000
5659,COM00691.00,2009,Ore mined,O.Zr,36000
5660,COM00691.00,2009,Ore processed,O.FeTiO3,368000
5661,COM00691.00,2009,Ore processed,O.TiO2,20000
5662,COM00691.00,2009,Ore processed,O.Zr,36000
5663,COM00691.00,2010,Ore mined,O.FeTiO3,236000
5664,COM00691.00,2010,Ore mined,O.TiO2,17000
5665,COM00691.00,2010,Ore mined,O.Zr,32000
5666,COM00691.00,2010,Ore processed,O.FeTiO3,236000
5667,COM00691.00,2010,Ore processed,O.TiO2,17000
5668,COM00691.00,2010,Ore processed,O.Zr,32000
5669,COM00691.00,2011,Ore mined,O.FeTiO3,168000
5670,COM00691.00,2011,Ore mined,O.TiO2,17000
5671,COM00691.00,2011,Ore mined,O.Zr,28000
5672,COM00691.00,2011,Ore processed,O.FeTiO3,168000
5673,COM00691.00,2011,Ore processed,O.TiO2,17000
5674,COM00691.00,2011,Ore processed,O.Zr,28000
5675,COM00692.00,2011,Ore mined,O.bulk,3700000
5676,COM00692.00,2011,Ore processed,O.bulk,2500000
5677,COM00692.00,2012,Ore mined,O.bulk,8300000
5678,COM00692.00,2012,Ore processed,O.bulk,8000000
5679,COM00692.00,2013,Ore mined,O.bulk,13800000
5680,COM00692.00,2013,Ore processed,O.bulk,13100000
5681,COM00692.00,2014,Ore mined,O.bulk,15300000
5682,COM00692.00,2014,Ore processed,O.bulk,16200000
5683,COM00692.00,2015,Ore mined,O.bulk,12800000
5684,COM00692.00,2015,Ore processed,O.bulk,13100000
5685,COM00692.00,2016,Ore mined,O.bulk,15700000
5686,COM00692.00,2016,Ore processed,O.bulk,15300000
5687,COM00692.00,2017,Ore mined,O.bulk,12900000
5688,COM00692.00,2017,Ore processed,O.bulk,12900000
5689,COM00692.00,2019,Ore mined,O.bulk,13151254
5690,COM00692.00,2019,Ore processed,O.bulk,13151254
5691,COM00693.00,2005,Concentrate,Con.Cu,449600
5692,COM00693.00,2005,Concentrate,Con.Mo,7400
5693,COM00693.00,2005,Ore mined,O.bulk,31551000
5694,COM00693.00,2005,Ore mined,O.oxi,29969000
5695,COM00693.00,2005,Ore processed,O.bulk,31644000
5696,COM00693.00,2006,Concentrate,Con.Cu,227800
5697,COM00693.00,2006,Concentrate,Con.Mo,4500
5698,COM00693.00,2006,Ore mined,O.bulk,16872000
5699,COM00693.00,2006,Ore mined,O.oxi,19109000
5700,COM00693.00,2006,Ore processed,O.bulk,16637000
5701,COM00693.00,2007,Concentrate,Con.Cu,423000
5702,COM00693.00,2007,Concentrate,Con.Mo,11200
5703,COM00693.00,2007,Ore mined,O.bulk,30970000
5704,COM00693.00,2007,Ore mined,O.oxi,30017000
5705,COM00693.00,2007,Ore processed,O.bulk,31129000
5706,COM00693.00,2008,Concentrate,Con.Cu,421500
5707,COM00693.00,2008,Concentrate,Con.Mo,13700
5708,COM00693.00,2008,Ore mined,O.bulk,31779000
5709,COM00693.00,2008,Ore mined,O.oxi,38053000
5710,COM00693.00,2008,Ore processed,O.bulk,31587000
5711,COM00693.00,2009,Concentrate,Con.Cu,453700
5712,COM00693.00,2009,Concentrate,Con.Mo,18000
5713,COM00693.00,2009,Ore mined,O.bulk,32952000
5714,COM00693.00,2009,Ore mined,O.oxi,35093000
5715,COM00693.00,2009,Ore processed,O.bulk,33099000
5716,COM00693.00,2010,Concentrate,Con.Cu,431200
5717,COM00693.00,2010,Concentrate,Con.Mo,19200
5718,COM00693.00,2010,Ore mined,O.bulk,33344000
5719,COM00693.00,2010,Ore mined,O.oxi,29463000
5720,COM00693.00,2010,Ore processed,O.bulk,33196000
5721,COM00693.00,2011,Concentrate,Con.Cu,458800
5722,COM00693.00,2011,Concentrate,Con.Mo,19500
5723,COM00693.00,2011,Ore mined,O.bulk,33185000
5724,COM00693.00,2011,Ore mined,O.oxi,32333000
5725,COM00693.00,2011,Ore processed,O.bulk,33201000
5726,COM00693.00,2012,Concentrate,Con.Cu,461500
5727,COM00693.00,2012,Concentrate,Con.Mo,20300
5728,COM00693.00,2012,Ore mined,O.bulk,33556000
5729,COM00693.00,2012,Ore mined,O.oxi,34848000
5730,COM00693.00,2012,Ore processed,O.bulk,33434000
5731,COM00693.00,2013,Concentrate,Con.Cu,459600
5732,COM00693.00,2013,Concentrate,Con.Mo,21800
5733,COM00693.00,2013,Ore mined,O.bulk,33570000
5734,COM00693.00,2013,Ore mined,O.oxi,30426000
5735,COM00693.00,2013,Ore processed,O.bulk,33629000
5736,COM00693.00,2014,Concentrate,Con.Cu,458800
5737,COM00693.00,2014,Concentrate,Con.Mo,20200
5738,COM00693.00,2014,Ore mined,O.bulk,34251000
5739,COM00693.00,2014,Ore mined,O.oxi,31164000
5740,COM00693.00,2014,Ore processed,O.bulk,34427000
5741,COM00693.00,2015,Concentrate,Con.Cu,455200
5742,COM00693.00,2015,Concentrate,Con.Mo,18900
5743,COM00693.00,2015,Ore mined,O.bulk,34445000
5744,COM00693.00,2015,Ore mined,O.oxi,32758000
5745,COM00693.00,2015,Ore processed,O.bulk,34468000
5746,COM00693.00,2016,Concentrate,Con.Cu,447100
5747,COM00693.00,2016,Concentrate,Con.Mo,18700
5748,COM00693.00,2016,Ore mined,O.bulk,34648000
5749,COM00693.00,2016,Ore mined,O.oxi,41342000
5750,COM00693.00,2016,Ore processed,O.bulk,34539000
5751,COM00693.00,2017,Concentrate,Con.Cu,443300
5752,COM00693.00,2017,Concentrate,Con.Mo,18300
5753,COM00693.00,2017,Ore mined,O.bulk,34699000
5754,COM00693.00,2017,Ore mined,O.oxi,36540000
5755,COM00693.00,2017,Ore processed,O.bulk,34548000
5756,COM00693.00,2018,Concentrate,Con.Cu,446200
5757,COM00693.00,2018,Concentrate,Con.Mo,18000
5758,COM00693.00,2018,Ore mined,O.bulk,34675000
5759,COM00693.00,2018,Ore mined,O.oxi,30764000
5760,COM00693.00,2018,Ore processed,O.bulk,34548000
5761,COM00693.00,2019,Concentrate,Con.Cu,446200
5762,COM00693.00,2019,Concentrate,Con.Mo,18800
5763,COM00693.00,2019,Ore mined,O.bulk,34401000
5764,COM00693.00,2019,Ore mined,O.oxi,28457000
5765,COM00693.00,2019,Ore processed,O.bulk,34648000
5766,COM00694.00,2003,Ore mined,O.Au,4644000
5767,COM00694.00,2003,Ore processed,O.Au,6466909
5768,COM00694.00,2004,Ore mined,O.Au,3769000
5769,COM00694.00,2004,Ore processed,O.Au,6562000
5770,COM00694.00,2005,Ore mined,O.Au,3450000
5771,COM00694.00,2005,Ore processed,O.Au,6496000
5772,COM00694.00,2006,Ore mined,O.Au,2751000
5773,COM00694.00,2006,Ore processed,O.Au,5126000
5774,COM00694.00,2007,Ore mined,O.Au,3774000
5775,COM00694.00,2007,Ore processed,O.Au,3546000
5776,COM00694.00,2008,Ore mined,O.Au,2350000
5777,COM00694.00,2008,Ore processed,O.Au,4918000
5778,COM00694.00,2009,Ore mined,O.Au,3164000
5779,COM00694.00,2009,Ore processed,O.Au,4907000
5780,COM00694.00,2010,Ore mined,O.Au,3985000
5781,COM00694.00,2010,Ore processed,O.Au,4445000
5782,COM00694.00,2011,Ore mined,O.Au,2137000
5783,COM00694.00,2011,Ore processed,O.Au,4278000
5784,COM00694.00,2012,Ore mined,O.Au,2989000
5785,COM00694.00,2012,Ore processed,O.Au,5441000
5786,COM00695.00,2002,Ore mined,O.bulk,50662
5787,COM00695.00,2002,Ore processed,O.bulk,50662
5788,COM00695.00,2003,Ore mined,O.bulk,99115
5789,COM00695.00,2003,Ore processed,O.bulk,99115
5790,COM00695.00,2004,Ore mined,O.bulk,171155
5791,COM00695.00,2004,Ore processed,O.bulk,171155
5792,COM00695.00,2005,Ore mined,O.bulk,211854
5793,COM00695.00,2005,Ore processed,O.bulk,211854
5794,COM00695.00,2006,Ore mined,O.bulk,233743
5795,COM00695.00,2006,Ore processed,O.bulk,233743
5796,COM00695.00,2007,Ore mined,O.bulk,331067
5797,COM00695.00,2007,Ore processed,O.bulk,331067
5798,COM00695.00,2008,Ore mined,O.bulk,377844
5799,COM00695.00,2008,Ore processed,O.bulk,377844
5800,COM00695.00,2009,Ore mined,O.bulk,324916
5801,COM00695.00,2009,Ore processed,O.bulk,324916
5802,COM00695.00,2010,Ore mined,O.bulk,345697
5803,COM00695.00,2010,Ore processed,O.bulk,345697
5804,COM00695.00,2011,Ore mined,O.bulk,405000
5805,COM00695.00,2011,Ore processed,O.bulk,405000
5806,COM00695.00,2012,Ore mined,O.bulk,420000
5807,COM00695.00,2012,Ore processed,O.bulk,420000
5808,COM00695.00,2013,Ore mined,O.bulk,449000
5809,COM00695.00,2013,Ore processed,O.bulk,449000
5810,COM00695.00,2014,Ore mined,O.bulk,471000
5811,COM00695.00,2014,Ore processed,O.bulk,471000
5812,COM00695.00,2015,Ore mined,O.bulk,485000
5813,COM00695.00,2015,Ore processed,O.bulk,485000
5814,COM00695.00,2016,Ore mined,O.bulk,529000
5815,COM00695.00,2016,Ore processed,O.bulk,529000
5816,COM00695.00,2017,Ore mined,O.bulk,655000
5817,COM00695.00,2017,Ore processed,O.bulk,655000
5818,COM00695.00,2018,Ore mined,O.bulk,726000
5819,COM00695.00,2018,Ore processed,O.bulk,726000
5820,COM00695.00,2019,Ore mined,O.bulk,768700
5821,COM00695.00,2019,Ore processed,O.bulk,768700
5822,COM00696.00,2014,Ore mined,O.bulk,4773190
5823,COM00696.00,2014,Ore processed,O.bulk,4773190
5824,COM00696.00,2015,Ore mined,O.bulk,5371419
5825,COM00696.00,2015,Ore processed,O.bulk,5371419
5826,COM00696.00,2016,Ore mined,O.bulk,5837404
5827,COM00696.00,2016,Ore processed,O.bulk,5837404
5828,COM00696.00,2017,Ore mined,O.bulk,5965250
5829,COM00696.00,2017,Ore processed,O.bulk,5965250
5830,COM00696.00,2018,Ore mined,O.bulk,6127526
5831,COM00696.00,2018,Ore processed,O.bulk,6127526
5832,COM00696.00,2019,Ore mined,O.bulk,5402415
5833,COM00696.00,2019,Ore processed,O.bulk,5402415
5834,COM00698.00,2010,Ore mined,O.bulk,64047
5835,COM00698.00,2010,Ore processed,O.bulk,64047
5836,COM00698.00,2011,Ore mined,O.bulk,8408399
5837,COM00698.00,2011,Ore processed,O.bulk,8408399
5838,COM00698.00,2012,Ore mined,O.bulk,9281699
5839,COM00698.00,2012,Ore processed,O.bulk,9281699
5840,COM00698.00,2013,Ore mined,O.bulk,9038561
5841,COM00698.00,2013,Ore processed,O.bulk,9038561
5842,COM00698.00,2014,Ore mined,O.bulk,7501654
5843,COM00698.00,2014,Ore processed,O.bulk,7501654
5844,COM00698.00,2015,Ore mined,O.bulk,8576614
5845,COM00698.00,2015,Ore processed,O.bulk,8576614
5846,COM00698.00,2016,Ore mined,O.bulk,9317652
5847,COM00698.00,2016,Ore processed,O.bulk,9317652
5848,COM00698.00,2017,Ore mined,O.bulk,10694942
5849,COM00698.00,2017,Ore processed,O.bulk,10694942
5850,COM00698.00,2018,Ore mined,O.bulk,5702881
5851,COM00698.00,2018,Ore processed,O.bulk,5702881
5852,COM00698.00,2019,Ore mined,O.bulk,1577645
5853,COM00698.00,2019,Ore processed,O.bulk,1577645
5854,COM00699.00,2005,Ore mined,O.Au,14269000
5855,COM00699.00,2005,Ore processed,O.Au,14269000
5856,COM00699.00,2014,Ore mined,O.Au,22110000
5857,COM00699.00,2014,Ore processed,O.Au,22110000
5858,COM00699.00,2015,Ore mined,O.Au,21880000
5859,COM00699.00,2015,Ore processed,O.Au,21880000
5860,COM00699.00,2016,Ore mined,O.Au,17253000
5861,COM00699.00,2016,Ore processed,O.Au,17253000
5862,COM00699.00,2017,Ore mined,O.Au,17874000
5863,COM00699.00,2017,Ore processed,O.Au,17874000
5864,COM00699.00,2018,Ore mined,O.Au,8837000
5865,COM00699.00,2018,Ore processed,O.Au,8837000
5866,COM00701.00,2013,Ore mined,O.bulk,400590
5867,COM00701.00,2013,Ore processed,O.bulk,400590
5868,COM00701.00,2014,Ore mined,O.bulk,551883
5869,COM00701.00,2014,Ore processed,O.bulk,551883
5870,COM00701.00,2015,Ore mined,O.bulk,934277
5871,COM00701.00,2015,Ore processed,O.bulk,934277
5872,COM00701.00,2016,Ore mined,O.bulk,1086362
5873,COM00701.00,2016,Ore processed,O.bulk,1086362
5874,COM00701.00,2017,Ore mined,O.bulk,1293418
5875,COM00701.00,2017,Ore processed,O.bulk,1293418
5876,COM00701.00,2018,Ore mined,O.bulk,1260241
5877,COM00701.00,2018,Ore processed,O.bulk,1260241
5878,COM00701.00,2019,Ore mined,O.bulk,1536780
5879,COM00701.00,2019,Ore processed,O.bulk,1536780
5880,COM00705.00,2009,Ore mined,O.Au,299430
5881,COM00705.00,2009,Ore processed,O.Au,299430
5882,COM00705.00,2010,Ore mined,O.Au,551739
5883,COM00705.00,2010,Ore processed,O.Au,551739
5884,COM00705.00,2011,Ore mined,O.Au,620712
5885,COM00705.00,2011,Ore processed,O.Au,620712
5886,COM00705.00,2012,Ore mined,O.Au,640306
5887,COM00705.00,2012,Ore processed,O.Au,640306
5888,COM00705.00,2013,Ore mined,O.Au,640422
5889,COM00705.00,2013,Ore processed,O.Au,640422
5890,COM00705.00,2014,Ore mined,O.Au,638800
5891,COM00705.00,2014,Ore processed,O.Au,638800
5892,COM00705.00,2015,Ore mined,O.Au,559926
5893,COM00705.00,2015,Ore processed,O.Au,559926
5894,COM00705.00,2016,Ore mined,O.Au,592683
5895,COM00705.00,2016,Ore processed,O.Au,592683
5896,COM00705.00,2017,Ore mined,O.Au,398248
5897,COM00705.00,2017,Ore processed,O.Au,398248
5898,COM00705.00,2018,Ore mined,O.Au,311013
5899,COM00705.00,2018,Ore processed,O.Au,311013
5900,COM00707.00,2000,Ore mined,O.bulk,1415888
5901,COM00707.00,2000,Ore processed,O.bulk,1415888
5902,COM00707.00,2001,Ore mined,O.bulk,1805249
5903,COM00707.00,2001,Ore processed,O.bulk,1805249
5904,COM00707.00,2002,Ore mined,O.bulk,1963129
5905,COM00707.00,2002,Ore processed,O.bulk,1963129
5906,COM00707.00,2003,Ore mined,O.bulk,2448580
5907,COM00707.00,2003,Ore processed,O.bulk,2448580
5908,COM00707.00,2004,Ore mined,O.bulk,2700650
5909,COM00707.00,2004,Ore processed,O.bulk,2700650
5910,COM00707.00,2005,Ore mined,O.bulk,2671811
5911,COM00707.00,2005,Ore processed,O.bulk,2671811
5912,COM00707.00,2006,Ore mined,O.bulk,2673080
5913,COM00707.00,2006,Ore processed,O.bulk,2673080
5914,COM00707.00,2007,Ore mined,O.bulk,2673463
5915,COM00707.00,2007,Ore processed,O.bulk,2673463
5916,COM00707.00,2008,Ore mined,O.bulk,2638691
5917,COM00707.00,2008,Ore processed,O.bulk,2638691
5918,COM00707.00,2009,Ore mined,O.bulk,2545831
5919,COM00707.00,2009,Ore processed,O.bulk,2545831
5920,COM00707.00,2010,Ore mined,O.bulk,2592252
5921,COM00707.00,2010,Ore processed,O.bulk,2592252
5922,COM00707.00,2011,Ore mined,O.bulk,2406342
5923,COM00707.00,2011,Ore processed,O.bulk,2406342
5924,COM00707.00,2012,Ore mined,O.bulk,2358499
5925,COM00707.00,2012,Ore processed,O.bulk,2358499
5926,COM00707.00,2013,Ore mined,O.bulk,2319132
5927,COM00707.00,2013,Ore processed,O.bulk,2319132
5928,COM00707.00,2014,Ore mined,O.bulk,2085300
5929,COM00707.00,2014,Ore processed,O.bulk,2085300
5930,COM00707.00,2015,Ore mined,O.bulk,2241424
5931,COM00707.00,2015,Ore processed,O.bulk,2241424
5932,COM00707.00,2016,Ore mined,O.bulk,2240144
5933,COM00707.00,2016,Ore processed,O.bulk,2240144
5934,COM00707.00,2017,Ore mined,O.Au,7709
5935,COM00707.00,2017,Ore mined,O.bulk,2246114
5936,COM00707.00,2017,Ore processed,O.Au,7709
5937,COM00707.00,2017,Ore processed,O.bulk,2246114
5938,COM00707.00,2018,Ore mined,O.Au,224643
5939,COM00707.00,2018,Ore mined,O.bulk,2108068
5940,COM00707.00,2018,Ore processed,O.Au,224643
5941,COM00707.00,2018,Ore processed,O.bulk,2108068
5942,COM00707.00,2019,Ore mined,O.Au,869568
5943,COM00707.00,2019,Ore mined,O.bulk,2057187
5944,COM00707.00,2019,Ore processed,O.Au,869568
5945,COM00707.00,2019,Ore processed,O.bulk,2057187
5946,COM00708.00,2016,Ore mined,O.Cu,46910080
5947,COM00708.00,2016,Ore processed,O.Cu,46502808
5948,COM00708.00,2017,Ore mined,O.Cu,52873113
5949,COM00708.00,2017,Ore processed,O.Cu,51497642
5950,COM00708.00,2018,Ore mined,O.Cu,57439971
5951,COM00708.00,2018,Ore processed,O.Cu,49443867
5952,COM00709.00,2008,Concentrate,Con.Fe,2300000
5953,COM00709.00,2009,Concentrate,Con.Fe,1300000
5954,COM00709.00,2010,Concentrate,Con.Fe,2100000
5955,COM00709.00,2011,Concentrate,Con.Fe,2600000
5956,COM00709.00,2012,Concentrate,Con.Fe,2930000
5957,COM00709.00,2013,Concentrate,Con.Fe,2600000
5958,COM00709.00,2014,Concentrate,Con.Fe,2500000
5959,COM00709.00,2015,Concentrate,Con.Fe,1800000
5960,COM00709.00,2016,Concentrate,Con.Fe,1400000
5961,COM00709.00,2017,Concentrate,Con.Fe,1600000
5962,COM00709.00,2018,Concentrate,Con.Fe,1100000
5963,COM00709.00,2019,Concentrate,Con.Fe,1400000
5964,COM00712.00,2002,Ore mined,O.Au,718000
5965,COM00712.00,2002,Ore processed,O.Au,718000
5966,COM00712.00,2003,Ore mined,O.Au,806000
5967,COM00712.00,2003,Ore processed,O.Au,806000
5968,COM00712.00,2004,Ore mined,O.Au,866000
5969,COM00712.00,2004,Ore processed,O.Au,866000
5970,COM00712.00,2005,Ore mined,O.Au,888000
5971,COM00712.00,2005,Ore processed,O.Au,888000
5972,COM00714.00,2004,Concentrate,Con.Fe,20074000
5973,COM00714.00,2005,Concentrate,Con.Fe,20564000
5974,COM00714.00,2006,Concentrate,Con.Fe,21012400
5975,COM00714.00,2007,Concentrate,Con.Fe,21007000
5976,COM00714.00,2008,Concentrate,Con.Fe,19732000
5977,COM00714.00,2010,Concentrate,Con.Fe,19829000
5978,COM00714.00,2011,Concentrate,Con.Fe,21765000
5979,COM00714.00,2012,Concentrate,Con.Fe,21209000
5980,COM00714.00,2013,Concentrate,Con.Fe,20262000
5981,COM00714.00,2014,Concentrate,Con.Fe,20505000
5982,COM00714.00,2015,Concentrate,Con.Fe,21151000
5983,COM00714.00,2016,Concentrate,Con.Fe,21777000
5984,COM00714.00,2017,Concentrate,Con.Fe,21851000
5985,COM00714.00,2018,Concentrate,Con.Fe,21867000
5986,COM00714.00,2019,Concentrate,Con.Fe,21813000
5987,COM00719.00,2018,Concentrate,Con.Ni,299400
5988,COM00719.00,2019,Concentrate,Con.Ni,244200
5989,COM00721.00,2009,Ore mined,O.Au,676750
5990,COM00721.00,2009,Ore processed,O.Au,835843
5991,COM00721.00,2010,Ore mined,O.Au,621930
5992,COM00721.00,2010,Ore processed,O.Au,632573
5993,COM00721.00,2011,Ore mined,O.Au,713365
5994,COM00721.00,2011,Ore processed,O.Au,698317
5995,COM00721.00,2012,Ore mined,O.Au,1119675
5996,COM00721.00,2012,Ore processed,O.Au,1169581
5997,COM00721.00,2013,Ore mined,O.Au,1166000
5998,COM00721.00,2013,Ore processed,O.Au,1274000
5999,COM00721.00,2014,Ore mined,O.Au,1283000
6000,COM00721.00,2014,Ore processed,O.Au,1365000
6001,COM00721.00,2015,Ore mined,O.Au,1359000
6002,COM00721.00,2015,Ore processed,O.Au,1323000
6003,COM00721.00,2016,Ore mined,O.Au,924000
6004,COM00721.00,2016,Ore processed,O.Au,1027000
6005,COM00721.00,2017,Ore mined,O.Au,790000
6006,COM00721.00,2017,Ore processed,O.Au,828000
6007,COM00721.00,2018,Ore mined,O.Au,679000
6008,COM00721.00,2018,Ore processed,O.Au,711000
6009,COM00721.00,2019,Ore mined,O.Au,1028355
6010,COM00721.00,2019,Ore processed,O.Au,652000
6011,COM00721.00,2020,Ore mined,O.Au,1264121
6012,COM00721.00,2020,Ore processed,O.Au,771000
6013,COM00725.00,2012,Ore mined,O.Au,31300000
6014,COM00725.00,2012,Ore processed,O.Au,6000000
6015,COM00725.00,2013,Ore mined,O.Au,29605000
6016,COM00725.00,2013,Ore processed,O.Au,6941000
6017,COM00725.00,2014,Ore mined,O.Au,16166000
6018,COM00725.00,2014,Ore processed,O.Au,10057000
6019,COM00725.00,2015,Ore mined,O.Au,6622000
6020,COM00725.00,2015,Ore processed,O.Au,10768000
6021,COM00725.00,2016,Ore mined,O.Au,20213000
6022,COM00725.00,2016,Ore processed,O.Au,12093000
6023,COM00725.00,2017,Ore mined,O.Au,13389000
6024,COM00725.00,2017,Ore processed,O.Au,13001000
6025,COM00725.00,2018,Ore mined,O.Au,11273000
6026,COM00725.00,2018,Ore processed,O.Au,14274000
6027,COM00728.00,2011,Concentrate,Con.Fe,1800000
6028,COM00728.00,2012,Concentrate,Con.Fe,2270000
6029,COM00728.00,2013,Concentrate,Con.Fe,2100000
6030,COM00728.00,2014,Concentrate,Con.Fe,1600000
6031,COM00728.00,2015,Concentrate,Con.Fe,900000
6032,COM00728.00,2016,Concentrate,Con.Fe,700000
6033,COM00728.00,2017,Concentrate,Con.Fe,700000
6034,COM00728.00,2018,Concentrate,Con.Fe,700000
6035,COM00728.00,2019,Concentrate,Con.Fe,900000
6036,COM00729.00,2003,Ore mined,O.bulk,1522000
6037,COM00729.00,2003,Ore processed,O.bulk,1521000
6038,COM00729.00,2004,Ore mined,O.bulk,1475000
6039,COM00729.00,2004,Ore processed,O.bulk,1460000
6040,COM00729.00,2005,Ore mined,O.bulk,1527000
6041,COM00729.00,2005,Ore processed,O.bulk,146100
6042,COM00729.00,2006,Ore mined,O.bulk,1605900
6043,COM00729.00,2006,Ore processed,O.bulk,1527600
6044,COM00729.00,2007,Ore mined,O.bulk,1584700
6045,COM00729.00,2007,Ore processed,O.bulk,1513600
6046,COM00729.00,2008,Ore mined,O.bulk,1561900
6047,COM00729.00,2008,Ore processed,O.bulk,1516900
6048,COM00729.00,2009,Ore mined,O.bulk,1534500
6049,COM00729.00,2009,Ore processed,O.bulk,1526200
6050,COM00729.00,2010,Concentrate,Con.Pb,34000
6051,COM00729.00,2010,Concentrate,Con.Zn,326000
6052,COM00729.00,2010,Ore mined,O.bulk,1588000
6053,COM00729.00,2010,Ore processed,O.bulk,1588000
6054,COM00729.00,2011,Concentrate,Con.Pb,11376
6055,COM00729.00,2011,Concentrate,Con.Zn,78615
6056,COM00729.00,2011,Ore mined,O.bulk,311266
6057,COM00729.00,2011,Ore processed,O.bulk,311266
6058,COM00729.00,2012,Concentrate,Con.Pb,49053
6059,COM00729.00,2012,Concentrate,Con.Zn,343196
6060,COM00729.00,2012,Ore mined,O.bulk,1564237
6061,COM00729.00,2012,Ore processed,O.bulk,1564237
6062,COM00729.00,2013,Concentrate,Con.Pb,39129
6063,COM00729.00,2013,Concentrate,Con.Zn,317413
6064,COM00729.00,2013,Ore mined,O.bulk,1644537
6065,COM00729.00,2013,Ore processed,O.bulk,1644537
6066,COM00729.00,2014,Concentrate,Con.Pb,34409
6067,COM00729.00,2014,Concentrate,Con.Zn,282159
6068,COM00729.00,2014,Ore mined,O.bulk,1401741
6069,COM00729.00,2014,Ore processed,O.bulk,1401741
6070,COM00729.00,2015,Concentrate,Con.Pb,30956
6071,COM00729.00,2015,Concentrate,Con.Zn,244354
6072,COM00729.00,2015,Ore mined,O.bulk,1375069
6073,COM00729.00,2015,Ore processed,O.bulk,1375069
6074,COM00729.00,2016,Concentrate,Con.Pb,14371
6075,COM00729.00,2016,Concentrate,Con.Zn,135611
6076,COM00729.00,2016,Ore mined,O.bulk,849618
6077,COM00729.00,2016,Ore processed,O.bulk,849618
6078,COM00732.00,2009,Concentrate,Con.Fe,9100000
6079,COM00732.00,2010,Concentrate,Con.Fe,12200000
6080,COM00732.00,2011,Concentrate,Con.Fe,12300000
6081,COM00732.00,2015,Concentrate,Con.Fe,10700000
6082,COM00732.00,2016,Concentrate,Con.Fe,11700000
6083,COM00732.00,2017,Concentrate,Con.Fe,11200000
6084,COM00732.00,2018,Concentrate,Con.Fe,11900000
6085,COM00732.00,2019,Concentrate,Con.Fe,12600000
6086,COM00736.00,2003,Ore mined,O.Ni,1208000
6087,COM00736.00,2003,Ore processed,O.Ni,1216000
6088,COM00736.00,2004,Ore mined,O.Ni,1265000
6089,COM00736.00,2004,Ore processed,O.Ni,1204000
6090,COM00736.00,2005,Ore mined,O.Ni,1317000
6091,COM00736.00,2005,Ore processed,O.Ni,1169000
6092,COM00736.00,2006,Ore mined,O.Ni,1324300
6093,COM00736.00,2006,Ore processed,O.Ni,1205000
6094,COM00736.00,2007,Ore mined,O.Ni,1183200
6095,COM00736.00,2007,Ore processed,O.Ni,1096100
6096,COM00736.00,2008,Ore mined,O.Ni,811000
6097,COM00736.00,2008,Ore processed,O.Ni,676800
6098,COM00736.00,2009,Ore mined,O.Ni,822700
6099,COM00736.00,2009,Ore processed,O.Ni,641800
6100,COM00736.00,2010,Ore mined,O.Ni,714200
6101,COM00736.00,2010,Ore processed,O.Ni,798000
6102,COM00736.00,2011,Ore mined,O.Ni,1302600
6103,COM00736.00,2011,Ore processed,O.Ni,1014200
6104,COM00736.00,2012,Ore mined,O.Ni,432900
6105,COM00736.00,2012,Ore processed,O.Ni,767400
6106,COM00739.00,2016,Ore mined,O.Au,647741
6107,COM00739.00,2016,Ore processed,O.Au,647741
6108,COM00739.00,2017,Ore mined,O.Au,3968093
6109,COM00739.00,2017,Ore processed,O.Au,3968093
6110,COM00739.00,2018,Ore mined,O.Au,4848984
6111,COM00739.00,2018,Ore processed,O.Au,4848984
6112,COM00743.00,2002,Ore mined,O.oxi,1195000
6113,COM00743.00,2002,Ore processed,O.oxi,1195000
6114,COM00743.00,2003,Ore mined,O.oxi,711000
6115,COM00743.00,2003,Ore processed,O.oxi,711000
6116,COM00743.00,2004,Ore mined,O.oxi,669000
6117,COM00743.00,2004,Ore processed,O.oxi,669000
6118,COM00743.00,2005,Ore mined,O.oxi,981000
6119,COM00743.00,2005,Ore processed,O.oxi,981000
6120,COM00743.00,2006,Ore mined,O.oxi,520000
6121,COM00743.00,2006,Ore processed,O.oxi,520000
6122,COM00743.00,2007,Ore mined,O.oxi,352000
6123,COM00743.00,2007,Ore processed,O.oxi,352000
6124,COM00743.00,2008,Ore mined,O.oxi,140000
6125,COM00743.00,2008,Ore processed,O.oxi,140000
6126,COM00743.00,2009,Ore mined,O.oxi,0
6127,COM00743.00,2009,Ore processed,O.oxi,0
6128,COM00743.00,2010,Ore mined,O.oxi,327000
6129,COM00743.00,2010,Ore processed,O.oxi,327000
6130,COM00744.00,2003,Concentrate,Con.Cu,553800
6131,COM00744.00,2003,Ore mined,O.Cu,44577000
6132,COM00744.00,2003,Ore processed,O.Cu,19514000
6133,COM00744.00,2004,Concentrate,Con.Cu,549000
6134,COM00744.00,2004,Ore mined,O.Cu,50182000
6135,COM00744.00,2004,Ore processed,O.Cu,20572000
6136,COM00744.00,2005,Concentrate,Con.Cu,510000
6137,COM00744.00,2005,Ore mined,O.Cu,50082000
6138,COM00744.00,2005,Ore processed,O.Cu,21034000
6139,COM00744.00,2006,Concentrate,Con.Cu,555900
6140,COM00744.00,2006,Ore mined,O.Cu,57884200
6141,COM00744.00,2006,Ore processed,O.Cu,20514700
6142,COM00744.00,2007,Concentrate,Con.Cu,607400
6143,COM00744.00,2007,Ore mined,O.Cu,62247300
6144,COM00744.00,2007,Ore processed,O.Cu,21125300
6145,COM00744.00,2008,Concentrate,Con.Cu,677900
6146,COM00744.00,2008,Ore mined,O.Cu,57054000
6147,COM00744.00,2008,Ore processed,O.Cu,20012700
6148,COM00744.00,2009,Concentrate,Con.Cu,676100
6149,COM00744.00,2009,Ore mined,O.Cu,40484600
6150,COM00744.00,2009,Ore processed,O.Cu,20512300
6151,COM00744.00,2010,Concentrate,Con.Cu,598300
6152,COM00744.00,2010,Ore mined,O.Cu,63288000
6153,COM00744.00,2010,Ore processed,O.Cu,18909400
6154,COM00744.00,2011,Concentrate,Con.Cu,658300
6155,COM00744.00,2011,Ore mined,O.Cu,57103100
6156,COM00744.00,2011,Ore processed,O.Cu,23925100
6157,COM00744.00,2012,Concentrate,Con.Cu,1195500
6158,COM00744.00,2012,Ore mined,O.Cu,67620700
6159,COM00744.00,2012,Ore processed,O.Cu,45854900
6160,COM00744.00,2013,Ore mined,O.Cu,74159500
6161,COM00744.00,2013,Ore processed,O.sul,51960500
6162,COM00744.00,2014,Ore mined,O.Cu,83902300
6163,COM00744.00,2014,Ore processed,O.sul,54147700
6164,COM00744.00,2015,Ore mined,O.Cu,89511100
6165,COM00744.00,2015,Ore processed,O.sul,45396900
6166,COM00744.00,2016,Ore mined,O.Cu,85299000
6167,COM00744.00,2016,Ore processed,O.sul,47697000
6168,COM00744.00,2017,Ore mined,O.sul,49339600
6169,COM00744.00,2017,Ore processed,O.sul,46040000
6170,COM00744.00,2018,Ore mined,O.sul,59207400
6171,COM00744.00,2018,Ore processed,O.sul,50583000
6172,COM00744.00,2019,Ore mined,O.sul,39211300
6173,COM00744.00,2019,Ore processed,O.sul,42034800
6174,COM00744.00,2020,Ore mined,O.sul,65915300
6175,COM00744.00,2020,Ore processed,O.sul,42008400
6176,COM00745.00,2011,Ore mined,O.Fe,10563000
6177,COM00745.00,2011,Ore processed,O.Fe,10563000
6178,COM00745.00,2012,Ore mined,O.Fe,10336000
6179,COM00745.00,2012,Ore processed,O.Fe,10336000
6180,COM00745.00,2013,Ore mined,O.Fe,10750000
6181,COM00745.00,2013,Ore processed,O.Fe,10750000
6182,COM00745.00,2014,Ore mined,O.Fe,13613000
6183,COM00745.00,2014,Ore processed,O.Fe,13613000
6184,COM00745.00,2015,Ore mined,O.Fe,13945000
6185,COM00745.00,2015,Ore processed,O.Fe,13945000
6186,COM00745.00,2016,Ore mined,O.Fe,13804000
6187,COM00745.00,2016,Ore processed,O.Fe,13804000
6188,COM00745.00,2017,Ore mined,O.Fe,13078000
6189,COM00745.00,2017,Ore processed,O.Fe,13078000
6190,COM00745.00,2018,Ore mined,O.Fe,11064000
6191,COM00745.00,2018,Ore processed,O.Fe,11064000
6192,COM00745.00,2019,Ore mined,O.Fe,5813000
6193,COM00745.00,2019,Ore processed,O.Fe,5813000
6194,COM00746.00,2007,Ore mined,O.Au,141500
6195,COM00746.00,2007,Ore processed,O.Au,141500
6196,COM00746.00,2008,Ore mined,O.Au,22209500
6197,COM00746.00,2008,Ore processed,O.Au,22180100
6198,COM00746.00,2009,Ore mined,O.Au,25093600
6199,COM00746.00,2009,Ore processed,O.Au,25424400
6200,COM00746.00,2010,Ore mined,O.Au,27499700
6201,COM00746.00,2010,Ore processed,O.Au,28055300
6202,COM00746.00,2011,Ore mined,O.Au,26271800
6203,COM00746.00,2011,Ore processed,O.Au,26565800
6204,COM00746.00,2012,Ore mined,O.Au,29328600
6205,COM00746.00,2012,Ore processed,O.Au,29589000
6206,COM00746.00,2013,Ore mined,O.Au,27682200
6207,COM00746.00,2013,Ore processed,O.Au,28113300
6208,COM00746.00,2014,Ore mined,O.Au,23262100
6209,COM00746.00,2014,Ore processed,O.Au,23264300
6210,COM00746.00,2015,Ore mined,O.Au,18738100
6211,COM00746.00,2015,Ore processed,O.Au,18606700
6212,COM00747.00,2000,Concentrate,Con.Cu,714500
6213,COM00747.00,2000,Ore mined,O.Cu,33981500
6214,COM00747.00,2000,Ore processed,O.Cu,33981500
6215,COM00747.00,2001,Concentrate,Con.Cu,856900
6216,COM00747.00,2001,Ore mined,O.Cu,38215500
6217,COM00747.00,2001,Ore processed,O.Cu,38215500
6218,COM00747.00,2002,Concentrate,Con.Cu,811800
6219,COM00747.00,2002,Ore mined,O.Cu,40332500
6220,COM00747.00,2002,Ore processed,O.Cu,40332500
6221,COM00747.00,2003,Concentrate,Con.Cu,826500
6222,COM00747.00,2003,Ore mined,O.Cu,41354500
6223,COM00747.00,2003,Ore processed,O.Cu,41354500
6224,COM00747.00,2004,Concentrate,Con.Cu,948800
6225,COM00747.00,2004,Ore mined,O.Cu,45953500
6226,COM00747.00,2004,Ore processed,O.Cu,45953500
6227,COM00747.00,2005,Concentrate,Con.Cu,865100
6228,COM00747.00,2005,Ore mined,O.Cu,46756500
6229,COM00747.00,2005,Ore processed,O.Cu,46756500
6230,COM00747.00,2006,Concentrate,Con.Cu,842600
6231,COM00747.00,2006,Ore mined,O.Cu,46501000
6232,COM00747.00,2006,Ore processed,O.Cu,46501000
6233,COM00747.00,2007,Concentrate,Con.Cu,872100
6234,COM00747.00,2007,Ore mined,O.Cu,46099500
6235,COM00747.00,2007,Ore processed,O.Cu,46099500
6236,COM00747.00,2008,Concentrate,Con.Cu,1135200
6237,COM00747.00,2008,Ore mined,O.Cu,49932000
6238,COM00747.00,2008,Ore processed,O.Cu,49932000
6239,COM00747.00,2009,Concentrate,Con.Cu,951100
6240,COM00747.00,2009,Ore mined,O.Cu,47158000
6241,COM00747.00,2009,Ore processed,O.Cu,47158000
6242,COM00747.00,2010,Concentrate,Con.Cu,1160700
6243,COM00747.00,2010,Ore mined,O.Cu,58181000
6244,COM00747.00,2010,Ore processed,O.Cu,58181000
6245,COM00747.00,2011,Concentrate,Con.Cu,1228000
6246,COM00747.00,2011,Ore mined,O.Cu,64459000
6247,COM00747.00,2011,Ore processed,O.Cu,64459000
6248,COM00747.00,2012,Ore mined,O.Cu,65809500
6249,COM00747.00,2012,Ore processed,O.Cu,65809500
6250,COM00747.00,2013,Ore mined,O.Cu,64678000
6251,COM00747.00,2013,Ore processed,O.Cu,64678000
6252,COM00747.00,2014,Ore mined,O.Cu,64349500
6253,COM00747.00,2014,Ore processed,O.Cu,64349500
6254,COM00747.00,2015,Ore mined,O.Cu,61393000
6255,COM00747.00,2015,Ore processed,O.Cu,61393000
6256,COM00747.00,2016,Ore mined,O.Cu,56794000
6257,COM00747.00,2016,Ore processed,O.Cu,56794000
6258,COM00747.00,2017,Ore mined,O.Cu,58984000
6259,COM00747.00,2017,Ore processed,O.Cu,58984000
6260,COM00747.00,2018,Ore mined,O.Cu,61721500
6261,COM00747.00,2018,Ore processed,O.Cu,61721500
6262,COM00747.00,2019,Ore mined,O.Cu,61247000
6263,COM00747.00,2019,Ore processed,O.Cu,61247000
6264,COM00749.00,2012,Concentrate,Con.Ni,9028
6265,COM00749.00,2012,Ore mined,O.Ni,34426
6266,COM00749.00,2012,Ore processed,O.Ni,34426
6267,COM00751.00,2013,Concentrate,Con.Cu,40331
6268,COM00751.00,2013,Ore mined,O.Cu,1000000
6269,COM00751.00,2013,Ore processed,O.Cu,1047000
6270,COM00751.00,2014,Concentrate,Con.Cu,57009
6271,COM00751.00,2014,Ore mined,O.Cu,1439000
6272,COM00751.00,2014,Ore processed,O.Cu,1558000
6273,COM00751.00,2015,Concentrate,Con.Cu,61902
6274,COM00751.00,2015,Ore mined,O.Cu,1599000
6275,COM00751.00,2015,Ore processed,O.Cu,1650000
6276,COM00751.00,2016,Concentrate,Con.Cu,51391
6277,COM00751.00,2016,Ore mined,O.Cu,1221000
6278,COM00751.00,2016,Ore processed,O.Cu,1277000
6279,COM00751.00,2017,Concentrate,Con.Cu,44680
6280,COM00751.00,2017,Ore mined,O.Cu,1005000
6281,COM00751.00,2017,Ore processed,O.Cu,1013000
6282,COM00755.00,2002,Ore mined,O.Al,0
6283,COM00755.00,2002,Ore processed,O.Al,0
6284,COM00755.00,2003,Ore mined,O.Al,0
6285,COM00755.00,2003,Ore processed,O.Al,0
6286,COM00755.00,2004,Ore mined,O.Al,263000
6287,COM00755.00,2004,Ore processed,O.Al,263000
6288,COM00755.00,2005,Ore mined,O.Al,219000
6289,COM00755.00,2005,Ore processed,O.Al,219000
6290,COM00755.00,2008,Ore mined,O.Al,752000
6291,COM00755.00,2008,Ore processed,O.Al,752000
6292,COM00755.00,2009,Ore mined,O.Al,721200
6293,COM00755.00,2009,Ore processed,O.Al,721200
6294,COM00755.00,2010,Ore mined,O.Al,950000
6295,COM00755.00,2010,Ore processed,O.Al,950000
6296,COM00755.00,2011,Ore mined,O.Al,735000
6297,COM00755.00,2011,Ore processed,O.Al,735000
6298,COM00755.00,2012,Ore mined,O.Al,579800
6299,COM00755.00,2012,Ore processed,O.Al,579800
6300,COM00755.00,2013,Ore mined,O.Al,713000
6301,COM00755.00,2013,Ore processed,O.Al,713000
6302,COM00755.00,2014,Ore mined,O.Al,668000
6303,COM00755.00,2014,Ore processed,O.Al,668000
6304,COM00755.00,2015,Ore mined,O.Al,928000
6305,COM00755.00,2015,Ore processed,O.Al,928000
6306,COM00755.00,2016,Ore mined,O.Al,989000
6307,COM00755.00,2016,Ore processed,O.Al,989000
6308,COM00755.00,2017,Ore mined,O.Al,779000
6309,COM00755.00,2017,Ore processed,O.Al,779000
6310,COM00755.00,2018,Ore mined,O.Al,460000
6311,COM00755.00,2018,Ore processed,O.Al,460000
6312,COM00755.00,2019,Ore mined,O.Al,379000
6313,COM00755.00,2019,Ore processed,O.Al,379000
6314,COM00758.00,2002,Ore mined,O.Au,3892241
6315,COM00758.00,2002,Ore processed,O.Au,4471851
6316,COM00758.00,2003,Ore mined,O.Au,4263746
6317,COM00758.00,2003,Ore processed,O.Au,4813128
6318,COM00758.00,2004,Ore mined,O.Au,4297781
6319,COM00758.00,2004,Ore processed,O.Au,5042969
6320,COM00758.00,2005,Ore mined,O.Au,4648903
6321,COM00758.00,2005,Ore processed,O.Au,4989306
6322,COM00758.00,2006,Ore mined,O.Au,5678195
6323,COM00758.00,2006,Ore processed,O.Au,5513634
6324,COM00758.00,2007,Ore mined,O.Au,5564873
6325,COM00758.00,2007,Ore processed,O.Au,5564873
6326,COM00758.00,2008,Ore mined,O.Au,5545008
6327,COM00758.00,2008,Ore processed,O.Au,5545008
6328,COM00758.00,2009,Ore mined,O.Au,5635537
6329,COM00758.00,2009,Ore processed,O.Au,5635537
6330,COM00758.00,2010,Ore mined,O.Au,5458607
6331,COM00758.00,2010,Ore processed,O.Au,5458607
6332,COM00758.00,2011,Ore mined,O.Au,5817001
6333,COM00758.00,2011,Ore processed,O.Au,5817001
6334,COM00758.00,2012,Ore mined,O.Au,5789255
6335,COM00758.00,2012,Ore processed,O.Au,5789255
6336,COM00758.00,2013,Ore mined,O.Au,5811868
6337,COM00758.00,2013,Ore processed,O.Au,5811868
6338,COM00758.00,2014,Ore mined,O.Au,5669729
6339,COM00758.00,2014,Ore processed,O.Au,5669729
6340,COM00758.00,2015,Ore mined,O.Au,5608000
6341,COM00758.00,2015,Ore processed,O.Au,7752000
6342,COM00758.00,2016,Ore mined,O.Au,4971000
6343,COM00758.00,2016,Ore processed,O.Au,6068000
6344,COM00758.00,2017,Ore mined,O.Au,5072000
6345,COM00758.00,2017,Ore processed,O.Au,5878000
6346,COM00758.00,2018,Ore mined,O.Au,6314000
6347,COM00758.00,2018,Ore processed,O.Au,5897000
6348,COM00758.00,2019,Ore mined,O.Au,6456000
6349,COM00758.00,2019,Ore processed,O.Au,5917000
6350,COM00762.00,2006,Ore mined,O.Al,565301
6351,COM00762.00,2006,Ore processed,O.Al,565301
6352,COM00762.00,2007,Ore mined,O.Al,665495
6353,COM00762.00,2007,Ore processed,O.Al,665495
6354,COM00762.00,2008,Ore mined,O.Al,628925
6355,COM00762.00,2008,Ore processed,O.Al,628925
6356,COM00762.00,2009,Ore mined,O.Al,571422
6357,COM00762.00,2009,Ore processed,O.Al,571422
6358,COM00762.00,2010,Ore mined,O.Al,486429
6359,COM00762.00,2010,Ore processed,O.Al,486429
6360,COM00762.00,2011,Ore mined,O.Al,564608
6361,COM00762.00,2011,Ore processed,O.Al,564608
6362,COM00762.00,2012,Ore mined,O.Al,620193
6363,COM00762.00,2012,Ore processed,O.Al,620193
6364,COM00762.00,2013,Ore mined,O.Al,230137
6365,COM00762.00,2013,Ore processed,O.Al,230137
6366,COM00762.00,2014,Ore mined,O.Al,0
6367,COM00762.00,2014,Ore processed,O.Al,0
6368,COM00762.00,2015,Ore mined,O.Al,0
6369,COM00762.00,2015,Ore processed,O.Al,0
6370,COM00762.00,2016,Ore mined,O.Al,455
6371,COM00762.00,2016,Ore processed,O.Al,455
6372,COM00762.00,2017,Ore mined,O.Al,73170
6373,COM00762.00,2017,Ore processed,O.Al,73170
6374,COM00762.00,2018,Ore mined,O.Al,589320
6375,COM00762.00,2018,Ore processed,O.Al,589320
6376,COM00762.00,2019,Ore mined,O.Al,0
6377,COM00762.00,2019,Ore processed,O.Al,0
6378,COM00763.00,2012,Ore mined,O.bulk,103570
6379,COM00763.00,2012,Ore processed,O.bulk,103570
6380,COM00763.00,2013,Ore mined,O.bulk,161567
6381,COM00763.00,2013,Ore processed,O.bulk,161567
6382,COM00763.00,2014,Ore mined,O.bulk,148058
6383,COM00763.00,2014,Ore processed,O.bulk,148058
6384,COM00763.00,2015,Ore mined,O.bulk,158124
6385,COM00763.00,2015,Ore processed,O.bulk,158124
6386,COM00763.00,2016,Ore mined,O.bulk,204035
6387,COM00763.00,2016,Ore processed,O.bulk,204035
6388,COM00763.00,2017,Ore mined,O.bulk,170519
6389,COM00763.00,2017,Ore processed,O.bulk,170519
6390,COM00763.00,2018,Ore mined,O.bulk,92450
6391,COM00763.00,2018,Ore processed,O.bulk,92450
6392,COM00764.00,2011,Ore mined,O.Fe,2473000
6393,COM00764.00,2011,Ore processed,O.Fe,2473000
6394,COM00764.00,2012,Ore mined,O.Fe,2500000
6395,COM00764.00,2012,Ore processed,O.Fe,2500000
6396,COM00764.00,2013,Ore mined,O.Fe,2500000
6397,COM00764.00,2013,Ore processed,O.Fe,2500000
6398,COM00764.00,2014,Ore mined,O.Fe,2400000
6399,COM00764.00,2014,Ore processed,O.Fe,2400000
6400,COM00764.00,2019,Ore mined,O.Fe,2769000
6401,COM00764.00,2019,Ore processed,O.Fe,2769000
6402,COM00764.00,2020,Ore mined,O.Fe,2893000
6403,COM00764.00,2020,Ore processed,O.Fe,2893000
6404,COM00766.00,2009,Ore mined,O.bulk,632949
6405,COM00766.00,2009,Ore processed,O.bulk,632949
6406,COM00766.00,2010,Ore mined,O.bulk,717463
6407,COM00766.00,2010,Ore processed,O.bulk,717463
6408,COM00766.00,2011,Ore mined,O.bulk,697000
6409,COM00766.00,2011,Ore processed,O.bulk,697000
6410,COM00766.00,2012,Ore mined,O.bulk,734000
6411,COM00766.00,2012,Ore processed,O.bulk,734000
6412,COM00766.00,2013,Ore mined,O.bulk,720000
6413,COM00766.00,2013,Ore processed,O.bulk,720000
6414,COM00766.00,2014,Ore mined,O.bulk,797000
6415,COM00766.00,2014,Ore processed,O.bulk,797000
6416,COM00766.00,2015,Ore mined,O.bulk,775000
6417,COM00766.00,2015,Ore processed,O.bulk,775000
6418,COM00766.00,2016,Ore mined,O.bulk,754000
6419,COM00766.00,2016,Ore processed,O.bulk,754000
6420,COM00766.00,2017,Ore mined,O.bulk,793000
6421,COM00766.00,2017,Ore processed,O.bulk,793000
6422,COM00766.00,2018,Ore mined,O.bulk,804000
6423,COM00766.00,2018,Ore processed,O.bulk,804000
6424,COM00766.00,2019,Ore mined,O.bulk,708600
6425,COM00766.00,2019,Ore processed,O.bulk,708600
6426,COM00769.00,2003,Concentrate,Con.Cu,110200
6427,COM00769.00,2003,Ore mined,O.Cu,8819000
6428,COM00769.00,2003,Ore mined,O.oxi,4738000
6429,COM00769.00,2003,Ore mined,O.sul,4021000
6430,COM00769.00,2003,Ore processed,O.Cu,8819000
6431,COM00769.00,2003,Ore processed,O.oxi,4738000
6432,COM00769.00,2003,Ore processed,O.sul,4021000
6433,COM00769.00,2004,Concentrate,Con.Cu,94400
6434,COM00769.00,2004,Ore mined,O.Cu,9359000
6435,COM00769.00,2004,Ore mined,O.oxi,4476000
6436,COM00769.00,2004,Ore mined,O.sul,4103000
6437,COM00769.00,2004,Ore processed,O.Cu,9359000
6438,COM00769.00,2004,Ore processed,O.oxi,4476000
6439,COM00769.00,2004,Ore processed,O.sul,4103000
6440,COM00769.00,2005,Concentrate,Con.Cu,105300
6441,COM00769.00,2005,Ore mined,O.Cu,5337000
6442,COM00769.00,2005,Ore mined,O.oxi,4535000
6443,COM00769.00,2005,Ore mined,O.sul,3954000
6444,COM00769.00,2005,Ore processed,O.Cu,5337000
6445,COM00769.00,2005,Ore processed,O.oxi,4535000
6446,COM00769.00,2005,Ore processed,O.sul,3954000
6447,COM00769.00,2006,Concentrate,Con.Cu,123800
6448,COM00769.00,2006,Ore mined,O.Cu,6307300
6449,COM00769.00,2006,Ore mined,O.oxi,4533800
6450,COM00769.00,2006,Ore mined,O.sul,3979800
6451,COM00769.00,2006,Ore processed,O.Cu,6307300
6452,COM00769.00,2006,Ore processed,O.oxi,4533800
6453,COM00769.00,2006,Ore processed,O.sul,3979800
6454,COM00769.00,2007,Concentrate,Con.Cu,105900
6455,COM00769.00,2007,Ore mined,O.Cu,5862900
6456,COM00769.00,2007,Ore mined,O.oxi,4587900
6457,COM00769.00,2007,Ore mined,O.sul,3879800
6458,COM00769.00,2007,Ore processed,O.Cu,5862900
6459,COM00769.00,2007,Ore processed,O.oxi,4587900
6460,COM00769.00,2007,Ore processed,O.sul,3879800
6461,COM00769.00,2008,Concentrate,Con.Cu,132300
6462,COM00769.00,2008,Ore mined,O.Cu,5003000
6463,COM00769.00,2008,Ore mined,O.oxi,4694800
6464,COM00769.00,2008,Ore mined,O.sul,4311100
6465,COM00769.00,2008,Ore processed,O.Cu,5003000
6466,COM00769.00,2008,Ore processed,O.oxi,4694800
6467,COM00769.00,2008,Ore processed,O.sul,4311100
6468,COM00769.00,2009,Concentrate,Con.Cu,125100
6469,COM00769.00,2009,Ore mined,O.Cu,3360000
6470,COM00769.00,2009,Ore mined,O.oxi,4361300
6471,COM00769.00,2009,Ore mined,O.sul,4248100
6472,COM00769.00,2009,Ore processed,O.Cu,3360000
6473,COM00769.00,2009,Ore processed,O.oxi,4361300
6474,COM00769.00,2009,Ore processed,O.sul,4248100
6475,COM00769.00,2010,Concentrate,Con.Cu,119300
6476,COM00769.00,2010,Ore mined,O.Cu,5628900
6477,COM00769.00,2010,Ore mined,O.oxi,4380900
6478,COM00769.00,2010,Ore mined,O.sul,3924700
6479,COM00769.00,2010,Ore processed,O.Cu,5628900
6480,COM00769.00,2010,Ore processed,O.oxi,4380900
6481,COM00769.00,2010,Ore processed,O.sul,3924700
6482,COM00769.00,2011,Concentrate,Con.Cu,119000
6483,COM00769.00,2011,Ore mined,O.Cu,7624300
6484,COM00769.00,2011,Ore processed,O.Cu,5109400
6485,COM00769.00,2011,Ore processed,O.oxi,4563400
6486,COM00769.00,2011,Ore processed,O.sul,4186600
6487,COM00769.00,2012,Concentrate,Con.Cu,83000
6488,COM00769.00,2012,Ore mined,O.Cu,6527100
6489,COM00769.00,2012,Ore processed,O.Cu,5900200
6490,COM00769.00,2012,Ore processed,O.oxi,4512100
6491,COM00769.00,2012,Ore processed,O.sul,4393200
6492,COM00769.00,2013,Ore mined,O.sul,4329600
6493,COM00769.00,2013,Ore processed,O.sul,4329600
6494,COM00769.00,2014,Ore mined,O.sul,4402400
6495,COM00769.00,2014,Ore processed,O.sul,4402400
6496,COM00769.00,2015,Ore mined,O.sul,2835500
6497,COM00769.00,2015,Ore processed,O.sul,2835500
6498,COM00770.00,2003,Ore mined,O.Cu,6048000
6499,COM00770.00,2003,Ore mined,O.oxi,9001000
6500,COM00770.00,2003,Ore processed,O.Cu,6048000
6501,COM00770.00,2003,Ore processed,O.oxi,9001000
6502,COM00770.00,2004,Ore mined,O.Cu,7028000
6503,COM00770.00,2004,Ore mined,O.oxi,9017000
6504,COM00770.00,2004,Ore processed,O.Cu,7028000
6505,COM00770.00,2004,Ore processed,O.oxi,9017000
6506,COM00770.00,2005,Ore mined,O.Cu,3625000
6507,COM00770.00,2005,Ore mined,O.oxi,9439000
6508,COM00770.00,2005,Ore processed,O.Cu,3625000
6509,COM00770.00,2005,Ore processed,O.oxi,9439000
6510,COM00770.00,2006,Ore mined,O.Cu,4879900
6511,COM00770.00,2006,Ore mined,O.oxi,9502300
6512,COM00770.00,2006,Ore processed,O.Cu,4879900
6513,COM00770.00,2006,Ore processed,O.oxi,9502300
6514,COM00770.00,2007,Ore mined,O.Cu,5511100
6515,COM00770.00,2007,Ore mined,O.oxi,9280700
6516,COM00770.00,2007,Ore processed,O.Cu,5511100
6517,COM00770.00,2007,Ore processed,O.oxi,9280700
6518,COM00770.00,2008,Ore mined,O.Cu,4300400
6519,COM00770.00,2008,Ore mined,O.oxi,9556900
6520,COM00770.00,2008,Ore processed,O.Cu,4300400
6521,COM00770.00,2008,Ore processed,O.oxi,9556900
6522,COM00770.00,2009,Ore mined,O.Cu,4058000
6523,COM00770.00,2009,Ore mined,O.oxi,9676300
6524,COM00770.00,2009,Ore processed,O.Cu,4058000
6525,COM00770.00,2009,Ore processed,O.oxi,9676300
6526,COM00770.00,2010,Ore mined,O.Cu,5237000
6527,COM00770.00,2010,Ore mined,O.oxi,9223200
6528,COM00770.00,2010,Ore processed,O.Cu,5237000
6529,COM00770.00,2010,Ore processed,O.oxi,9223200
6530,COM00770.00,2011,Ore mined,O.Cu,10060100
6531,COM00770.00,2011,Ore processed,O.Cu,8025300
6532,COM00770.00,2011,Ore processed,O.oxi,10012200
6533,COM00770.00,2012,Ore mined,O.Cu,10642500
6534,COM00770.00,2012,Ore processed,O.Cu,8671700
6535,COM00770.00,2012,Ore processed,O.oxi,10460400
6536,COM00770.00,2013,Ore mined,O.Cu,8280400
6537,COM00770.00,2013,Ore mined,O.oxi,10385200
6538,COM00770.00,2013,Ore processed,O.Cu,8280400
6539,COM00770.00,2013,Ore processed,O.oxi,10385200
6540,COM00770.00,2014,Ore mined,O.Cu,8646100
6541,COM00770.00,2014,Ore mined,O.oxi,10312800
6542,COM00770.00,2014,Ore processed,O.Cu,8646100
6543,COM00770.00,2014,Ore processed,O.oxi,10312800
6544,COM00770.00,2015,Ore mined,O.Cu,5944800
6545,COM00770.00,2015,Ore mined,O.oxi,6605300
6546,COM00770.00,2015,Ore processed,O.Cu,5944800
6547,COM00770.00,2015,Ore processed,O.oxi,6605300
6548,COM00771.00,2015,Concentrate,Con.Fe,20000
6549,COM00771.00,2016,Concentrate,Con.Fe,50000
6550,COM00773.00,2007,Ore mined,O.bulk,69845
6551,COM00773.00,2007,Ore processed,O.bulk,69845
6552,COM00773.00,2008,Ore mined,O.bulk,354993
6553,COM00773.00,2008,Ore processed,O.bulk,354993
6554,COM00773.00,2009,Ore mined,O.bulk,384410
6555,COM00773.00,2009,Ore processed,O.bulk,384410
6556,COM00773.00,2010,Ore mined,O.bulk,946659
6557,COM00773.00,2010,Ore processed,O.bulk,946659
6558,COM00773.00,2011,Ore mined,O.bulk,1961759
6559,COM00773.00,2011,Ore processed,O.bulk,1961759
6560,COM00773.00,2012,Ore mined,O.bulk,1853310
6561,COM00773.00,2012,Ore processed,O.bulk,1853310
6562,COM00773.00,2013,Ore mined,O.bulk,1880690
6563,COM00773.00,2013,Ore processed,O.bulk,1880690
6564,COM00773.00,2014,Ore mined,O.bulk,2773738
6565,COM00773.00,2014,Ore processed,O.bulk,2773738
6566,COM00773.00,2015,Ore mined,O.bulk,1962627
6567,COM00773.00,2015,Ore processed,O.bulk,1962627
6568,COM00773.00,2016,Ore mined,O.bulk,2597926
6569,COM00773.00,2016,Ore processed,O.bulk,2597926
6570,COM00773.00,2017,Ore mined,O.bulk,2517673
6571,COM00773.00,2017,Ore processed,O.bulk,2517673
6572,COM00773.00,2018,Ore mined,O.bulk,3204262
6573,COM00773.00,2018,Ore processed,O.bulk,3204262
6574,COM00773.00,2019,Ore mined,O.bulk,2926124
6575,COM00773.00,2019,Ore processed,O.bulk,2926124
6576,COM00774.00,2000,Ore mined,O.Fe,23500000
6577,COM00774.00,2000,Ore processed,O.Fe,23500000
6578,COM00774.00,2001,Ore mined,O.Fe,20100000
6579,COM00774.00,2001,Ore processed,O.Fe,20100000
6580,COM00774.00,2002,Ore mined,O.Fe,19900000
6581,COM00774.00,2002,Ore processed,O.Fe,19900000
6582,COM00774.00,2003,Ore mined,O.Fe,22400000
6583,COM00774.00,2003,Ore processed,O.Fe,22400000
6584,COM00774.00,2004,Ore mined,O.Fe,19000000
6585,COM00774.00,2004,Ore processed,O.Fe,19000000
6586,COM00774.00,2005,Ore mined,O.Fe,25500000
6587,COM00774.00,2005,Ore processed,O.Fe,25500000
6588,COM00774.00,2006,Ore mined,O.Fe,29600000
6589,COM00774.00,2006,Ore processed,O.Fe,29600000
6590,COM00774.00,2007,Ore mined,O.Fe,33100000
6591,COM00774.00,2007,Ore processed,O.Fe,33100000
6592,COM00774.00,2008,Ore mined,O.Fe,36100000
6593,COM00774.00,2008,Ore processed,O.Fe,36100000
6594,COM00774.00,2009,Ore mined,O.Fe,28900000
6595,COM00774.00,2009,Ore processed,O.Fe,28900000
6596,COM00774.00,2010,Ore mined,O.Fe,36700000
6597,COM00774.00,2010,Ore processed,O.Fe,36700000
6598,COM00774.00,2011,Ore mined,O.Fe,39000000
6599,COM00774.00,2011,Ore processed,O.Fe,39000000
6600,COM00774.00,2012,Ore mined,O.Fe,37200000
6601,COM00774.00,2012,Ore processed,O.Fe,37200000
6602,COM00774.00,2013,Ore mined,O.Fe,37600000
6603,COM00774.00,2013,Ore processed,O.Fe,37600000
6604,COM00774.00,2014,Ore mined,O.Fe,39400000
6605,COM00774.00,2014,Ore processed,O.Fe,39400000
6606,COM00774.00,2015,Ore mined,O.Fe,36100000
6607,COM00774.00,2015,Ore processed,O.Fe,36100000
6608,COM00774.00,2016,Ore mined,O.Fe,28400000
6609,COM00774.00,2016,Ore processed,O.Fe,28400000
6610,COM00774.00,2017,Ore mined,O.Fe,33100000
6611,COM00774.00,2017,Ore processed,O.Fe,33100000
6612,COM00774.00,2018,Ore mined,O.Fe,26700000
6613,COM00774.00,2018,Ore processed,O.Fe,26700000
6614,COM00774.00,2019,Ore mined,O.Fe,11300000
6615,COM00774.00,2019,Ore processed,O.Fe,11300000
6616,COM00775.00,2005,Ore mined,O.Au,5800000
6617,COM00775.00,2005,Ore processed,O.Au,5800000
6618,COM00775.00,2006,Ore mined,O.Au,14832000
6619,COM00775.00,2006,Ore processed,O.Au,14721000
6620,COM00775.00,2007,Ore mined,O.Au,14333000
6621,COM00775.00,2007,Ore processed,O.Au,13691000
6622,COM00775.00,2008,Ore mined,O.Au,14971000
6623,COM00775.00,2008,Ore processed,O.Au,15027000
6624,COM00775.00,2009,Ore mined,O.Au,15099000
6625,COM00775.00,2009,Ore processed,O.Au,15613000
6626,COM00775.00,2010,Ore mined,O.Au,14929000
6627,COM00775.00,2010,Ore processed,O.Au,14267000
6628,COM00775.00,2011,Ore mined,O.Au,15394000
6629,COM00775.00,2011,Ore processed,O.Au,15258000
6630,COM00775.00,2012,Ore mined,O.Au,18412000
6631,COM00775.00,2012,Ore processed,O.Au,15193000
6632,COM00775.00,2013,Ore mined,O.Au,18236000
6633,COM00775.00,2013,Ore processed,O.Au,15058000
6634,COM00775.00,2014,Ore mined,O.Au,16900000
6635,COM00775.00,2014,Ore processed,O.Au,16018000
6636,COM00775.00,2015,Ore mined,O.Au,12261000
6637,COM00775.00,2015,Ore processed,O.Au,12790000
6638,COM00775.00,2016,Ore mined,O.Au,6059000
6639,COM00775.00,2016,Ore processed,O.Au,6508000
6640,COM00776.00,2005,Ore mined,O.Au,8205247
6641,COM00776.00,2005,Ore processed,O.Au,8205247
6642,COM00776.00,2006,Ore mined,O.Au,8664018
6643,COM00776.00,2006,Ore processed,O.Au,8664318
6644,COM00776.00,2007,Ore mined,O.Au,9274363
6645,COM00776.00,2007,Ore processed,O.Au,9274363
6646,COM00776.00,2008,Ore mined,O.Au,9694603
6647,COM00776.00,2008,Ore processed,O.Au,9624138
6648,COM00776.00,2009,Ore mined,O.Au,11995652
6649,COM00776.00,2009,Ore processed,O.Au,11995652
6650,COM00776.00,2010,Ore mined,O.Au,9239280
6651,COM00776.00,2010,Ore processed,O.Au,9239280
6652,COM00776.00,2011,Ore mined,O.Au,12888156
6653,COM00776.00,2011,Ore processed,O.Au,12888156
6654,COM00776.00,2012,Ore mined,O.Au,11978711
6655,COM00776.00,2012,Ore processed,O.Au,11978861
6656,COM00776.00,2015,Ore mined,O.Au,20538000
6657,COM00776.00,2015,Ore processed,O.Au,20538000
6658,COM00776.00,2016,Ore mined,O.Au,23613000
6659,COM00776.00,2016,Ore processed,O.Au,23613000
6660,COM00776.00,2017,Ore mined,O.Au,25589000
6661,COM00776.00,2017,Ore processed,O.Au,25589000
6662,COM00776.00,2018,Ore mined,O.Au,27526000
6663,COM00776.00,2018,Ore processed,O.Au,27526000
6664,COM00776.00,2019,Ore mined,O.Au,25676000
6665,COM00776.00,2019,Ore processed,O.Au,25676000
6666,COM00777.00,2005,Ore mined,O.bulk,116000
6667,COM00777.00,2005,Ore processed,O.bulk,116000
6668,COM00777.00,2006,Ore mined,O.bulk,1088800
6669,COM00777.00,2006,Ore processed,O.bulk,1088800
6670,COM00777.00,2007,Ore mined,O.bulk,1772600
6671,COM00777.00,2007,Ore processed,O.bulk,1772600
6672,COM00777.00,2008,Ore mined,O.bulk,1845000
6673,COM00777.00,2008,Ore processed,O.bulk,1845000
6674,COM00777.00,2009,Ore mined,O.bulk,2161000
6675,COM00777.00,2009,Ore processed,O.bulk,2161000
6676,COM00777.00,2010,Ore mined,O.bulk,1599700
6677,COM00777.00,2010,Ore processed,O.bulk,1599700
6678,COM00777.00,2011,Ore mined,O.bulk,1685600
6679,COM00777.00,2011,Ore processed,O.bulk,1685600
6680,COM00777.00,2012,Ore mined,O.bulk,1936300
6681,COM00777.00,2012,Ore processed,O.bulk,1936300
6682,COM00777.00,2013,Ore mined,O.bulk,1941900
6683,COM00777.00,2013,Ore processed,O.bulk,1941900
6684,COM00777.00,2014,Ore mined,O.bulk,1933900
6685,COM00777.00,2014,Ore processed,O.bulk,1933900
6686,COM00777.00,2015,Ore mined,O.bulk,1310000
6687,COM00777.00,2015,Ore processed,O.bulk,1310000
6688,COM00777.00,2016,Ore mined,O.bulk,1006000
6689,COM00777.00,2016,Ore processed,O.bulk,1006000
6690,COM00779.00,2018,Ore mined,O.Au,5700000
6691,COM00779.00,2018,Ore processed,O.Au,5600000
6692,COM00779.00,2019,Ore mined,O.Au,5900000
6693,COM00779.00,2019,Ore processed,O.Au,6000000
6694,COM00779.00,2020,Ore mined,O.Au,6100000
6695,COM00779.00,2020,Ore processed,O.Au,6100000
6696,COM00780.00,2005,Ore mined,O.bulk,32018
6697,COM00780.00,2005,Ore processed,O.bulk,32018
6698,COM00780.00,2006,Ore mined,O.bulk,32517
6699,COM00780.00,2006,Ore processed,O.bulk,32517
6700,COM00780.00,2007,Ore mined,O.bulk,33609
6701,COM00780.00,2007,Ore processed,O.bulk,33609
6702,COM00780.00,2008,Ore mined,O.bulk,52514
6703,COM00780.00,2008,Ore processed,O.bulk,52514
6704,COM00780.00,2009,Ore mined,O.bulk,99768
6705,COM00780.00,2009,Ore processed,O.bulk,99768
6706,COM00780.00,2010,Ore mined,O.bulk,51167
6707,COM00780.00,2010,Ore processed,O.bulk,51167
6708,COM00785.00,2002,Ore mined,O.Zn,1400000
6709,COM00785.00,2002,Ore processed,O.Zn,1400000
6710,COM00785.00,2003,Ore mined,O.Zn,1600000
6711,COM00785.00,2003,Ore processed,O.Zn,1600000
6712,COM00785.00,2004,Ore mined,O.Zn,1500000
6713,COM00785.00,2004,Ore processed,O.Zn,1500000
6714,COM00785.00,2005,Ore mined,O.Zn,1700000
6715,COM00785.00,2005,Ore processed,O.Zn,1700000
6716,COM00785.00,2006,Ore mined,O.Zn,1800000
6717,COM00785.00,2006,Ore processed,O.Zn,1800000
6718,COM00785.00,2007,Ore mined,O.Zn,1900000
6719,COM00785.00,2007,Ore processed,O.Zn,1900000
6720,COM00785.00,2008,Ore mined,O.Zn,2000000
6721,COM00785.00,2008,Ore processed,O.Zn,2000000
6722,COM00785.00,2009,Ore mined,O.Zn,2100000
6723,COM00785.00,2009,Ore processed,O.Zn,2100000
6724,COM00785.00,2010,Ore mined,O.Zn,2200000
6725,COM00785.00,2010,Ore processed,O.Zn,2200000
6726,COM00785.00,2011,Ore mined,O.Zn,2300000
6727,COM00785.00,2011,Ore processed,O.Zn,2300000
6728,COM00786.00,2010,Ore mined,O.bulk,2000792
6729,COM00786.00,2010,Ore processed,O.bulk,2000792
6730,COM00786.00,2011,Ore mined,O.bulk,2977722
6731,COM00786.00,2011,Ore processed,O.bulk,2977722
6732,COM00786.00,2012,Ore mined,O.bulk,3820911
6733,COM00786.00,2012,Ore processed,O.bulk,3820911
6734,COM00786.00,2013,Ore mined,O.bulk,4142840
6735,COM00786.00,2013,Ore processed,O.bulk,4142840
6736,COM00786.00,2014,Ore mined,O.bulk,4129100
6737,COM00786.00,2014,Ore processed,O.bulk,4129100
6738,COM00786.00,2015,Ore mined,O.bulk,4032852
6739,COM00786.00,2015,Ore processed,O.bulk,4032852
6740,COM00786.00,2016,Ore mined,O.bulk,3915102
6741,COM00786.00,2016,Ore processed,O.bulk,3915102
6742,COM00786.00,2017,Ore mined,O.bulk,3853034
6743,COM00786.00,2017,Ore processed,O.bulk,3853034
6744,COM00786.00,2018,Ore mined,O.bulk,3262040
6745,COM00786.00,2018,Ore processed,O.bulk,3262040
6746,COM00786.00,2019,Ore mined,O.bulk,2750306
6747,COM00786.00,2019,Ore processed,O.bulk,2750306
6748,COM00789.00,2019,Ore mined,O.bulk,1036746
6749,COM00789.00,2019,Ore processed,O.bulk,1036746
6750,COM00790.00,2012,Ore mined,O.bulk,513684
6751,COM00790.00,2012,Ore processed,O.bulk,603188
6752,COM00790.00,2013,Ore mined,O.bulk,640967
6753,COM00790.00,2013,Ore processed,O.bulk,670867
6754,COM00790.00,2014,Ore mined,O.bulk,648568
6755,COM00790.00,2014,Ore processed,O.bulk,681833
6756,COM00791.00,2016,Ore mined,O.Au,6538190
6757,COM00791.00,2016,Ore processed,O.Au,2874917
6758,COM00791.00,2017,Ore mined,O.Au,12061224
6759,COM00791.00,2017,Ore processed,O.Au,13623422
6760,COM00791.00,2018,Ore mined,O.Au,15134818
6761,COM00791.00,2018,Ore processed,O.Au,14184072
6762,COM00791.00,2019,Ore mined,O.Au,12671770
6763,COM00791.00,2019,Ore processed,O.Au,14699362
6764,COM00796.00,2014,Concentrate,Con.Cu,20100
6765,COM00796.00,2014,Concentrate,Con.Pb,36100
6766,COM00796.00,2014,Concentrate,Con.Zn,124000
6767,COM00796.00,2014,Ore mined,O.bulk,2471000
6768,COM00796.00,2014,Ore processed,O.bulk,2471000
6769,COM00796.00,2015,Concentrate,Con.Cu,23500
6770,COM00796.00,2015,Concentrate,Con.Pb,32800
6771,COM00796.00,2015,Concentrate,Con.Zn,115000
6772,COM00796.00,2015,Ore mined,O.bulk,2631000
6773,COM00796.00,2015,Ore processed,O.bulk,2631000
6774,COM00796.00,2016,Concentrate,Con.Cu,24900
6775,COM00796.00,2016,Concentrate,Con.Pb,40700
6776,COM00796.00,2016,Concentrate,Con.Zn,140000
6777,COM00796.00,2016,Ore mined,O.bulk,3031000
6778,COM00796.00,2016,Ore processed,O.bulk,3031000
6779,COM00796.00,2017,Concentrate,Con.Cu,21300
6780,COM00796.00,2017,Concentrate,Con.Pb,33600
6781,COM00796.00,2017,Concentrate,Con.Zn,129200
6782,COM00796.00,2017,Ore mined,O.bulk,2871000
6783,COM00796.00,2017,Ore processed,O.bulk,2871000
6784,COM00796.00,2018,Concentrate,Con.Cu,23500
6785,COM00796.00,2018,Concentrate,Con.Pb,39100
6786,COM00796.00,2018,Concentrate,Con.Zn,135300
6787,COM00796.00,2018,Ore mined,O.bulk,3277000
6788,COM00796.00,2018,Ore processed,O.bulk,3277000
6789,COM00796.00,2019,Concentrate,Con.Cu,33900
6790,COM00796.00,2019,Concentrate,Con.Pb,43800
6791,COM00796.00,2019,Concentrate,Con.Zn,146700
6792,COM00796.00,2019,Ore mined,O.bulk,3911000
6793,COM00796.00,2019,Ore processed,O.bulk,3911000
6794,COM00800.00,2000,Ore mined,O.Cu,46446000
6795,COM00800.00,2000,Ore processed,O.Cu,11032000
6796,COM00800.00,2001,Ore mined,O.Cu,32702000
6797,COM00800.00,2001,Ore processed,O.Cu,10208000
6798,COM00801.00,2002,Ore mined,O.Al,0
6799,COM00801.00,2002,Ore processed,O.Al,0
6800,COM00801.00,2003,Ore mined,O.Al,2000
6801,COM00801.00,2003,Ore processed,O.Al,2000
6802,COM00801.00,2004,Ore mined,O.Al,200
6803,COM00801.00,2004,Ore processed,O.Al,200
6804,COM00801.00,2005,Ore mined,O.Al,207000
6805,COM00801.00,2005,Ore processed,O.Al,207000
6806,COM00801.00,2008,Ore mined,O.Al,814600
6807,COM00801.00,2008,Ore processed,O.Al,814600
6808,COM00801.00,2009,Ore mined,O.Al,1141400
6809,COM00801.00,2009,Ore processed,O.Al,1141400
6810,COM00801.00,2010,Ore mined,O.Al,741000
6811,COM00801.00,2010,Ore processed,O.Al,741000
6812,COM00801.00,2011,Ore mined,O.Al,310400
6813,COM00801.00,2011,Ore processed,O.Al,310400
6814,COM00801.00,2012,Ore mined,O.Al,266000
6815,COM00801.00,2012,Ore processed,O.Al,266000
6816,COM00801.00,2013,Ore mined,O.Al,413000
6817,COM00801.00,2013,Ore processed,O.Al,413000
6818,COM00801.00,2014,Ore mined,O.Al,358000
6819,COM00801.00,2014,Ore processed,O.Al,358000
6820,COM00801.00,2015,Ore mined,O.Al,441000
6821,COM00801.00,2015,Ore processed,O.Al,441000
6822,COM00801.00,2016,Ore mined,O.Al,453000
6823,COM00801.00,2016,Ore processed,O.Al,453000
6824,COM00801.00,2017,Ore mined,O.Al,408000
6825,COM00801.00,2017,Ore processed,O.Al,408000
6826,COM00801.00,2018,Ore mined,O.Al,405000
6827,COM00801.00,2018,Ore processed,O.Al,405000
6828,COM00801.00,2019,Ore mined,O.Al,375000
6829,COM00801.00,2019,Ore processed,O.Al,375000
6830,COM00804.00,2000,Ore mined,O.Cu,4307000
6831,COM00804.00,2000,Ore processed,O.Cu,4307000
6832,COM00804.00,2001,Ore mined,O.Cu,4453000
6833,COM00804.00,2001,Ore processed,O.Cu,4453000
6834,COM00804.00,2002,Ore mined,O.Cu,4891000
6835,COM00804.00,2002,Ore processed,O.Cu,4891000
6836,COM00804.00,2003,Ore mined,O.Cu,5694000
6837,COM00804.00,2003,Ore processed,O.Cu,5694000
6838,COM00804.00,2004,Ore mined,O.Cu,5876500
6839,COM00804.00,2004,Ore processed,O.Cu,5876500
6840,COM00804.00,2005,Ore mined,O.Cu,5438500
6841,COM00804.00,2005,Ore processed,O.Cu,5438500
6842,COM00804.00,2006,Ore mined,O.Cu,5548000
6843,COM00804.00,2006,Ore processed,O.Cu,5548000
6844,COM00804.00,2007,Ore mined,O.Cu,5402000
6845,COM00804.00,2007,Ore processed,O.Cu,5402000
6846,COM00804.00,2008,Ore mined,O.Cu,5657500
6847,COM00804.00,2008,Ore processed,O.Cu,5657500
6848,COM00804.00,2009,Ore mined,O.Cu,5511500
6849,COM00804.00,2009,Ore processed,O.Cu,5511500
6850,COM00804.00,2010,Ore mined,O.Cu,5146500
6851,COM00804.00,2010,Ore processed,O.Cu,5146500
6852,COM00804.00,2011,Ore mined,O.Cu,4562500
6853,COM00804.00,2011,Ore processed,O.Cu,4562500
6854,COM00804.00,2012,Ore mined,O.Cu,4197500
6855,COM00804.00,2012,Ore processed,O.Cu,4197500
6856,COM00804.00,2013,Ore mined,O.Cu,4380000
6857,COM00804.00,2013,Ore processed,O.Cu,4380000
6858,COM00804.00,2014,Ore mined,O.Cu,4453000
6859,COM00804.00,2014,Ore processed,O.Cu,4453000
6860,COM00804.00,2015,Ore mined,O.Cu,2153500
6861,COM00804.00,2015,Ore processed,O.Cu,2153500
6862,COM00807.00,2000,Ore mined,O.Fe,3115000
6863,COM00807.00,2000,Ore processed,O.Fe,3115000
6864,COM00807.00,2001,Ore mined,O.Fe,909000
6865,COM00807.00,2001,Ore processed,O.Fe,909000
6866,COM00807.00,2005,Ore mined,O.Fe,3600000
6867,COM00807.00,2005,Ore processed,O.Fe,3600000
6868,COM00807.00,2006,Ore mined,O.Fe,3000000
6869,COM00807.00,2006,Ore processed,O.Fe,3000000
6870,COM00807.00,2008,Ore mined,O.Fe,4460000
6871,COM00807.00,2008,Ore processed,O.Fe,4460000
6872,COM00807.00,2009,Ore mined,O.Fe,5070000
6873,COM00807.00,2009,Ore processed,O.Fe,5070000
6874,COM00807.00,2010,Ore mined,O.Fe,6030000
6875,COM00807.00,2010,Ore processed,O.Fe,6030000
6876,COM00807.00,2011,Ore mined,O.Fe,6040000
6877,COM00807.00,2011,Ore processed,O.Fe,6040000
6878,COM00807.00,2012,Ore mined,O.Fe,6885000
6879,COM00807.00,2012,Ore processed,O.Fe,6885000
6880,COM00807.00,2013,Ore mined,O.Fe,8332000
6881,COM00807.00,2013,Ore processed,O.Fe,8332000
6882,COM00807.00,2014,Ore mined,O.Fe,7955000
6883,COM00807.00,2014,Ore processed,O.Fe,7955000
6884,COM00807.00,2015,Ore mined,O.Fe,9766000
6885,COM00807.00,2015,Ore processed,O.Fe,9766000
6886,COM00810.00,2010,Ore mined,O.Fe,3000000
6887,COM00810.00,2010,Ore processed,O.Fe,3000000
6888,COM00810.00,2011,Ore mined,O.Fe,3650000
6889,COM00810.00,2011,Ore processed,O.Fe,3650000
6890,COM00810.00,2012,Ore mined,O.Fe,4755000
6891,COM00810.00,2012,Ore processed,O.Fe,4755000
6892,COM00810.00,2013,Ore mined,O.Fe,5586000
6893,COM00810.00,2013,Ore processed,O.Fe,5586000
6894,COM00810.00,2014,Ore mined,O.Fe,7623000
6895,COM00810.00,2014,Ore processed,O.Fe,7623000
6896,COM00810.00,2015,Ore mined,O.Fe,7419000
6897,COM00810.00,2015,Ore processed,O.Fe,7419000
6898,COM00810.00,2016,Ore mined,O.Fe,8647000
6899,COM00810.00,2016,Ore processed,O.Fe,8647000
6900,COM00810.00,2017,Ore mined,O.Fe,7265000
6901,COM00810.00,2017,Ore processed,O.Fe,7265000
6902,COM00810.00,2018,Ore mined,O.Fe,7317000
6903,COM00810.00,2018,Ore processed,O.Fe,7317000
6904,COM00810.00,2019,Ore mined,O.Fe,6130000
6905,COM00810.00,2019,Ore processed,O.Fe,6130000
6906,COM00811.00,2004,Concentrate,Con.Fe,16602000
6907,COM00811.00,2005,Concentrate,Con.Fe,15169000
6908,COM00811.00,2006,Concentrate,Con.Fe,17106100
6909,COM00811.00,2007,Concentrate,Con.Fe,17313000
6910,COM00811.00,2008,Concentrate,Con.Fe,15718000
6911,COM00811.00,2010,Concentrate,Con.Fe,15311000
6912,COM00811.00,2010,Ore mined,O.Fe,1692000
6913,COM00811.00,2010,Ore processed,O.Fe,1692000
6914,COM00811.00,2011,Concentrate,Con.Fe,16418000
6915,COM00811.00,2011,Ore mined,O.Fe,1966000
6916,COM00811.00,2011,Ore processed,O.Fe,1966000
6917,COM00811.00,2012,Concentrate,Con.Fe,17001000
6918,COM00811.00,2012,Ore mined,O.Fe,1571000
6919,COM00811.00,2012,Ore processed,O.Fe,1571000
6920,COM00811.00,2013,Concentrate,Con.Fe,16610000
6921,COM00811.00,2013,Ore mined,O.Fe,1499000
6922,COM00811.00,2013,Ore processed,O.Fe,1499000
6923,COM00811.00,2014,Concentrate,Con.Fe,16730000
6924,COM00811.00,2014,Ore mined,O.Fe,1512000
6925,COM00811.00,2014,Ore processed,O.Fe,1512000
6926,COM00811.00,2015,Concentrate,Con.Fe,16835000
6927,COM00811.00,2015,Ore mined,O.Fe,1478000
6928,COM00811.00,2015,Ore processed,O.Fe,1478000
6929,COM00811.00,2016,Concentrate,Con.Fe,16925000
6930,COM00811.00,2016,Ore mined,O.Fe,1995000
6931,COM00811.00,2016,Ore processed,O.Fe,1995000
6932,COM00811.00,2017,Concentrate,Con.Fe,16542000
6933,COM00811.00,2017,Ore mined,O.Fe,1902000
6934,COM00811.00,2017,Ore processed,O.Fe,1902000
6935,COM00811.00,2018,Concentrate,Con.Fe,16782000
6936,COM00811.00,2018,Ore mined,O.Fe,1710000
6937,COM00811.00,2018,Ore processed,O.Fe,1710000
6938,COM00811.00,2019,Concentrate,Con.Fe,16784000
6939,COM00811.00,2019,Ore mined,O.Fe,1645000
6940,COM00811.00,2019,Ore processed,O.Fe,1645000
6941,COM00816.00,2016,Ore mined,O.pgm,1012000
6942,COM00816.00,2016,Ore processed,O.pgm,1012000
6943,COM00816.00,2017,Ore mined,O.pgm,2770000
6944,COM00816.00,2017,Ore processed,O.pgm,2770000
6945,COM00816.00,2018,Ore mined,O.pgm,2804000
6946,COM00816.00,2018,Ore processed,O.pgm,2804000
6947,COM00818.00,2000,Ore mined,O.Fe,11800000
6948,COM00818.00,2000,Ore processed,O.Fe,11800000
6949,COM00818.00,2001,Ore mined,O.Fe,10400000
6950,COM00818.00,2001,Ore processed,O.Fe,10400000
6951,COM00818.00,2002,Ore mined,O.Fe,11300000
6952,COM00818.00,2002,Ore processed,O.Fe,11300000
6953,COM00818.00,2003,Ore mined,O.Fe,10000000
6954,COM00818.00,2003,Ore processed,O.Fe,10000000
6955,COM00818.00,2004,Ore mined,O.Fe,17400000
6956,COM00818.00,2004,Ore processed,O.Fe,17400000
6957,COM00818.00,2005,Ore mined,O.Fe,18300000
6958,COM00818.00,2005,Ore processed,O.Fe,18300000
6959,COM00818.00,2006,Ore mined,O.Fe,18600000
6960,COM00818.00,2006,Ore processed,O.Fe,18600000
6961,COM00818.00,2007,Ore mined,O.Fe,32600000
6962,COM00818.00,2007,Ore processed,O.Fe,32600000
6963,COM00818.00,2008,Ore mined,O.Fe,36100000
6964,COM00818.00,2008,Ore processed,O.Fe,36100000
6965,COM00818.00,2009,Ore mined,O.Fe,27700000
6966,COM00818.00,2009,Ore processed,O.Fe,27700000
6967,COM00818.00,2010,Ore mined,O.Fe,41500000
6968,COM00818.00,2010,Ore processed,O.Fe,41500000
6969,COM00818.00,2011,Ore mined,O.Fe,41200000
6970,COM00818.00,2011,Ore processed,O.Fe,41200000
6971,COM00818.00,2012,Ore mined,O.Fe,40700000
6972,COM00818.00,2012,Ore processed,O.Fe,40700000
6973,COM00818.00,2013,Ore mined,O.Fe,37800000
6974,COM00818.00,2013,Ore processed,O.Fe,37800000
6975,COM00818.00,2014,Ore mined,O.Fe,33700000
6976,COM00818.00,2014,Ore processed,O.Fe,33700000
6977,COM00818.00,2015,Ore mined,O.Fe,41300000
6978,COM00818.00,2015,Ore processed,O.Fe,41300000
6979,COM00818.00,2016,Ore mined,O.Fe,40900000
6980,COM00818.00,2016,Ore processed,O.Fe,40900000
6981,COM00818.00,2017,Ore mined,O.Fe,37600000
6982,COM00818.00,2017,Ore processed,O.Fe,37600000
6983,COM00818.00,2018,Ore mined,O.Fe,36000000
6984,COM00818.00,2018,Ore processed,O.Fe,36000000
6985,COM00818.00,2019,Ore mined,O.Fe,25900000
6986,COM00818.00,2019,Ore processed,O.Fe,25900000
6987,COM00819.00,2002,Ore mined,O.Fe,16800000
6988,COM00819.00,2002,Ore processed,O.Fe,16800000
6989,COM00819.00,2003,Ore mined,O.Fe,22500000
6990,COM00819.00,2003,Ore processed,O.Fe,22500000
6991,COM00819.00,2004,Ore mined,O.Fe,24200000
6992,COM00819.00,2004,Ore processed,O.Fe,24200000
6993,COM00819.00,2005,Ore mined,O.Fe,25600000
6994,COM00819.00,2005,Ore processed,O.Fe,25600000
6995,COM00819.00,2006,Ore mined,O.Fe,28600000
6996,COM00819.00,2006,Ore processed,O.Fe,28600000
6997,COM00819.00,2007,Ore mined,O.Fe,29200000
6998,COM00819.00,2007,Ore processed,O.Fe,29200000
6999,COM00819.00,2008,Ore mined,O.Fe,27200000
7000,COM00819.00,2008,Ore processed,O.Fe,27200000
7001,COM00819.00,2009,Ore mined,O.Fe,18200000
7002,COM00819.00,2009,Ore processed,O.Fe,18200000
7003,COM00819.00,2010,Ore mined,O.Fe,30100000
7004,COM00819.00,2010,Ore processed,O.Fe,30100000
7005,COM00819.00,2011,Ore mined,O.Fe,30400000
7006,COM00819.00,2011,Ore processed,O.Fe,30400000
7007,COM00819.00,2012,Ore mined,O.Fe,31800000
7008,COM00819.00,2012,Ore processed,O.Fe,31800000
7009,COM00819.00,2013,Ore mined,O.Fe,31000000
7010,COM00819.00,2013,Ore processed,O.Fe,31000000
7011,COM00819.00,2014,Ore mined,O.Fe,41000000
7012,COM00819.00,2014,Ore processed,O.Fe,41000000
7013,COM00819.00,2015,Ore mined,O.Fe,41400000
7014,COM00819.00,2015,Ore processed,O.Fe,41400000
7015,COM00819.00,2016,Ore mined,O.Fe,40100000
7016,COM00819.00,2016,Ore processed,O.Fe,40100000
7017,COM00820.00,2014,Ore mined,O.Fe,687700
7018,COM00820.00,2014,Ore processed,O.Fe,687700
7019,COM00820.00,2015,Ore mined,O.Fe,9174200
7020,COM00820.00,2015,Ore processed,O.Fe,9174200
7021,COM00820.00,2016,Ore mined,O.Fe,16140900
7022,COM00820.00,2016,Ore processed,O.Fe,16140900
7023,COM00822.00,2008,Ore mined,O.bulk,471798
7024,COM00822.00,2008,Ore processed,O.bulk,468012
7025,COM00822.00,2009,Ore mined,O.bulk,718603
7026,COM00822.00,2009,Ore processed,O.bulk,723061
7027,COM00822.00,2010,Ore mined,O.bulk,761386
7028,COM00822.00,2010,Ore processed,O.bulk,779836
7029,COM00822.00,2011,Ore mined,O.bulk,848373
7030,COM00822.00,2011,Ore processed,O.bulk,920388
7031,COM00822.00,2012,Ore mined,O.bulk,859953
7032,COM00822.00,2012,Ore processed,O.bulk,902788
7033,COM00822.00,2013,Ore mined,O.bulk,798062
7034,COM00822.00,2013,Ore processed,O.bulk,1754785
7035,COM00822.00,2014,Ore mined,O.bulk,841485
7036,COM00822.00,2014,Ore processed,O.bulk,1729861
7037,COM00822.00,2015,Ore mined,O.bulk,858666
7038,COM00822.00,2015,Ore processed,O.bulk,1857010
7039,COM00822.00,2016,Ore mined,O.bulk,862132
7040,COM00822.00,2016,Ore processed,O.bulk,1662161
7041,COM00822.00,2017,Ore mined,O.bulk,801250
7042,COM00822.00,2017,Ore processed,O.bulk,1033295
7043,COM00822.00,2018,Ore mined,O.bulk,792706
7044,COM00822.00,2018,Ore processed,O.bulk,792706
7045,COM00822.00,2019,Ore mined,O.bulk,715288
7046,COM00822.00,2019,Ore processed,O.bulk,745671
7047,COM00825.00,2000,Concentrate,Con.Fe,14787360
7048,COM00825.00,2001,Concentrate,Con.Fe,13154400
7049,COM00825.00,2002,Concentrate,Con.Fe,15150240
7050,COM00825.00,2003,Concentrate,Con.Fe,14333760
7051,COM00825.00,2004,Concentrate,Con.Fe,15331680
7052,COM00825.00,2005,Concentrate,Con.Fe,14968800
7053,COM00825.00,2006,Concentrate,Con.Fe,14787360
7054,COM00825.00,2007,Concentrate,Con.Fe,13698720
7055,COM00825.00,2008,Concentrate,Con.Fe,14605920
7056,COM00825.00,2009,Concentrate,Con.Fe,7711200
7057,COM00825.00,2010,Concentrate,Con.Fe,13245120
7058,COM00825.00,2011,Concentrate,Con.Fe,14152320
7059,COM00825.00,2012,Concentrate,Con.Fe,14152320
7060,COM00825.00,2013,Concentrate,Con.Fe,14605920
7061,COM00825.00,2014,Concentrate,Con.Fe,14878080
7062,COM00825.00,2015,Concentrate,Con.Fe,12337920
7063,COM00825.00,2016,Concentrate,Con.Fe,13608000
7064,COM00825.00,2017,Concentrate,Con.Fe,14515200
7065,COM00825.00,2018,Concentrate,Con.Fe,14424480
7066,COM00825.00,2019,Concentrate,Con.Fe,13063680
7067,COM00826.00,2008,Concentrate,Con.Fe,2800000
7068,COM00826.00,2009,Concentrate,Con.Fe,1500000
7069,COM00826.00,2010,Concentrate,Con.Fe,2800000
7070,COM00826.00,2011,Concentrate,Con.Fe,2800000
7071,COM00826.00,2011,Ore mined,O.Fe,8700000
7072,COM00826.00,2011,Ore processed,O.Fe,8700000
7073,COM00826.00,2012,Concentrate,Con.Fe,2900000
7074,COM00826.00,2012,Ore mined,O.Fe,8900000
7075,COM00826.00,2012,Ore processed,O.Fe,8900000
7076,COM00826.00,2013,Concentrate,Con.Fe,2900000
7077,COM00826.00,2013,Ore mined,O.Fe,9000000
7078,COM00826.00,2013,Ore processed,O.Fe,9000000
7079,COM00826.00,2014,Concentrate,Con.Fe,2700000
7080,COM00826.00,2014,Ore mined,O.Fe,8900000
7081,COM00826.00,2014,Ore processed,O.Fe,8900000
7082,COM00826.00,2015,Concentrate,Con.Fe,2700000
7083,COM00826.00,2015,Ore mined,O.Fe,8900000
7084,COM00826.00,2015,Ore processed,O.Fe,8900000
7085,COM00826.00,2016,Concentrate,Con.Fe,2800000
7086,COM00826.00,2016,Ore mined,O.Fe,8800000
7087,COM00826.00,2016,Ore processed,O.Fe,8800000
7088,COM00826.00,2017,Concentrate,Con.Fe,2900000
7089,COM00826.00,2017,Ore mined,O.Fe,8700000
7090,COM00826.00,2017,Ore processed,O.Fe,8700000
7091,COM00826.00,2018,Concentrate,Con.Fe,2800000
7092,COM00826.00,2018,Ore mined,O.Fe,8600000
7093,COM00826.00,2018,Ore processed,O.Fe,8600000
7094,COM00826.00,2019,Concentrate,Con.Fe,2800000
7095,COM00826.00,2019,Ore mined,O.Fe,8500000
7096,COM00826.00,2019,Ore processed,O.Fe,8500000
7097,COM00827.00,2007,Concentrate,Con.bulk,12630
7098,COM00827.00,2007,Ore mined,O.bulk,750000
7099,COM00827.00,2007,Ore processed,O.bulk,238446
7100,COM00827.00,2008,Concentrate,Con.bulk,53148
7101,COM00827.00,2008,Ore mined,O.bulk,1158520
7102,COM00827.00,2008,Ore processed,O.bulk,809426
7103,COM00827.00,2009,Concentrate,Con.bulk,59863
7104,COM00827.00,2009,Ore mined,O.bulk,1151088
7105,COM00827.00,2009,Ore processed,O.bulk,1031190
7106,COM00827.00,2010,Concentrate,Con.bulk,46633
7107,COM00827.00,2010,Ore mined,O.bulk,1494752
7108,COM00827.00,2010,Ore processed,O.bulk,915051
7109,COM00827.00,2011,Concentrate,Con.bulk,45952
7110,COM00827.00,2011,Ore mined,O.bulk,728253
7111,COM00827.00,2011,Ore processed,O.bulk,1258308
7112,COM00827.00,2012,Concentrate,Con.Cu,43423
7113,COM00827.00,2012,Ore mined,O.bulk,943000
7114,COM00827.00,2012,Ore processed,O.bulk,1342000
7115,COM00827.00,2013,Concentrate,Con.Cu,46303
7116,COM00827.00,2013,Ore mined,O.bulk,2013000
7117,COM00827.00,2013,Ore processed,O.bulk,1402000
7118,COM00827.00,2014,Concentrate,Con.Cu,50246
7119,COM00827.00,2014,Ore mined,O.bulk,818000
7120,COM00827.00,2014,Ore processed,O.bulk,1439000
7121,COM00827.00,2015,Concentrate,Con.Cu,45703
7122,COM00827.00,2015,Ore mined,O.bulk,840000
7123,COM00827.00,2015,Ore processed,O.bulk,1388000
7124,COM00827.00,2016,Concentrate,Con.Cu,70348
7125,COM00827.00,2016,Ore mined,O.bulk,1752000
7126,COM00827.00,2016,Ore processed,O.bulk,1491000
7127,COM00827.00,2017,Concentrate,Con.Cu,37372
7128,COM00827.00,2017,Ore mined,O.bulk,1269000
7129,COM00827.00,2017,Ore processed,O.bulk,1439000
7130,COM00827.00,2018,Concentrate,Con.Cu,27383
7131,COM00827.00,2018,Ore mined,O.bulk,831000
7132,COM00827.00,2018,Ore processed,O.bulk,907000
7133,COM00828.00,2010,Ore mined,M.lat,3600000
7134,COM00828.00,2010,Ore processed,M.lat,3600000
7135,COM00828.00,2011,Ore mined,M.lat,3590000
7136,COM00828.00,2011,Ore processed,M.lat,3590000
7137,COM00828.00,2012,Ore mined,M.lat,3400000
7138,COM00828.00,2012,Ore processed,M.lat,3400000
7139,COM00828.00,2013,Ore mined,M.lat,3200000
7140,COM00828.00,2013,Ore processed,M.lat,3200000
7141,COM00828.00,2014,Ore mined,M.lat,3540000
7142,COM00828.00,2014,Ore processed,M.lat,3540000
7143,COM00828.00,2015,Ore mined,M.lat,3470000
7144,COM00828.00,2015,Ore processed,M.lat,3470000
7145,COM00828.00,2016,Ore mined,M.lat,3180000
7146,COM00828.00,2016,Ore processed,M.lat,3180000
7147,COM00828.00,2017,Ore mined,M.lat,3440000
7148,COM00828.00,2017,Ore processed,M.lat,3440000
7149,COM00828.00,2018,Ore mined,M.lat,4210000
7150,COM00828.00,2018,Ore processed,M.lat,4210000
7151,COM00828.00,2019,Ore mined,M.lat,4550000
7152,COM00828.00,2019,Ore processed,M.lat,4550000
7153,COM00829.00,2006,Ore mined,O.Au,200000
7154,COM00829.00,2006,Ore processed,O.Au,200000
7155,COM00829.00,2007,Ore mined,O.Au,300000
7156,COM00829.00,2007,Ore processed,O.Au,300000
7157,COM00829.00,2008,Ore mined,O.Au,600000
7158,COM00829.00,2008,Ore processed,O.Au,600000
7159,COM00829.00,2009,Ore mined,O.Au,800000
7160,COM00829.00,2009,Ore processed,O.Au,800000
7161,COM00829.00,2010,Ore mined,O.Au,1000000
7162,COM00829.00,2010,Ore processed,O.Au,1000000
7163,COM00829.00,2011,Ore mined,O.Au,900000
7164,COM00829.00,2011,Ore processed,O.Au,900000
7165,COM00829.00,2012,Ore mined,O.Au,600000
7166,COM00829.00,2012,Ore processed,O.Au,600000
7167,COM00829.00,2013,Ore mined,O.Au,700000
7168,COM00829.00,2013,Ore processed,O.Au,700000
7169,COM00829.00,2014,Ore mined,O.Au,700000
7170,COM00829.00,2014,Ore processed,O.Au,700000
7171,COM00829.00,2015,Ore mined,O.Au,900000
7172,COM00829.00,2015,Ore processed,O.Au,900000
7173,COM00829.00,2016,Ore mined,O.Au,1000000
7174,COM00829.00,2016,Ore processed,O.Au,1000000
7175,COM00829.00,2017,Ore mined,O.Au,1100000
7176,COM00829.00,2017,Ore processed,O.Au,1100000
7177,COM00831.00,2005,Ore mined,O.pgm,2460000
7178,COM00831.00,2005,Ore processed,O.pgm,2460000
7179,COM00831.00,2006,Ore mined,O.pgm,2510000
7180,COM00831.00,2006,Ore processed,O.pgm,2510000
7181,COM00831.00,2007,Ore mined,O.pgm,2320000
7182,COM00831.00,2007,Ore processed,O.pgm,2320000
7183,COM00831.00,2008,Ore mined,O.pgm,2460000
7184,COM00831.00,2008,Ore processed,O.pgm,2460000
7185,COM00831.00,2009,Ore mined,O.pgm,2460000
7186,COM00831.00,2009,Ore processed,O.pgm,2460000
7187,COM00831.00,2010,Ore mined,O.pgm,2270000
7188,COM00831.00,2010,Ore processed,O.pgm,2270000
7189,COM00831.00,2011,Ore mined,O.pgm,2300000
7190,COM00831.00,2011,Ore processed,O.pgm,2300000
7191,COM00831.00,2012,Ore mined,O.pgm,2180000
7192,COM00831.00,2012,Ore processed,O.pgm,2180000
7193,COM00831.00,2013,Ore mined,O.pgm,2330000
7194,COM00831.00,2013,Ore processed,O.pgm,2330000
7195,COM00831.00,2014,Ore mined,O.pgm,2100000
7196,COM00831.00,2014,Ore processed,O.pgm,2100000
7197,COM00831.00,2015,Ore mined,O.pgm,1860000
7198,COM00831.00,2015,Ore processed,O.pgm,1860000
7199,COM00831.00,2016,Ore mined,O.pgm,2050000
7200,COM00831.00,2016,Ore processed,O.pgm,2050000
7201,COM00831.00,2017,Ore mined,O.pgm,2010000
7202,COM00831.00,2017,Ore processed,O.pgm,2010000
7203,COM00831.00,2018,Ore mined,O.pgm,2430000
7204,COM00831.00,2018,Ore processed,O.pgm,2430000
7205,COM00831.00,2019,Ore mined,O.pgm,2290000
7206,COM00831.00,2019,Ore processed,O.pgm,2290000
7207,COM00834.00,2008,Concentrate,Con.Fe,13800000
7208,COM00834.00,2009,Concentrate,Con.Fe,13100000
7209,COM00834.00,2010,Concentrate,Con.Fe,15100000
7210,COM00834.00,2011,Concentrate,Con.Fe,15100000
7211,COM00834.00,2011,Ore mined,O.Fe,43300000
7212,COM00834.00,2011,Ore processed,O.Fe,43300000
7213,COM00834.00,2012,Concentrate,Con.Fe,15040000
7214,COM00834.00,2012,Ore mined,O.Fe,46900000
7215,COM00834.00,2012,Ore processed,O.Fe,46900000
7216,COM00834.00,2013,Concentrate,Con.Fe,18000000
7217,COM00834.00,2013,Ore mined,O.Fe,58600000
7218,COM00834.00,2013,Ore processed,O.Fe,58600000
7219,COM00834.00,2014,Concentrate,Con.Fe,23300000
7220,COM00834.00,2014,Ore mined,O.Fe,66800000
7221,COM00834.00,2014,Ore processed,O.Fe,66800000
7222,COM00834.00,2015,Concentrate,Con.Fe,25900000
7223,COM00834.00,2015,Ore mined,O.Fe,70700000
7224,COM00834.00,2015,Ore processed,O.Fe,70700000
7225,COM00834.00,2016,Concentrate,Con.Fe,25000000
7226,COM00834.00,2016,Ore mined,O.Fe,68600000
7227,COM00834.00,2016,Ore processed,O.Fe,68600000
7228,COM00834.00,2017,Concentrate,Con.Fe,25300000
7229,COM00834.00,2017,Ore mined,O.Fe,66800000
7230,COM00834.00,2017,Ore processed,O.Fe,66800000
7231,COM00834.00,2018,Concentrate,Con.Fe,24500000
7232,COM00834.00,2018,Ore mined,O.Fe,70700000
7233,COM00834.00,2018,Ore processed,O.Fe,70700000
7234,COM00834.00,2019,Concentrate,Con.Fe,23800000
7235,COM00834.00,2019,Ore mined,O.Fe,66400000
7236,COM00834.00,2019,Ore processed,O.Fe,66400000
7237,COM00835.00,2006,Ore mined,O.Ni,891000
7238,COM00835.00,2006,Ore processed,O.Ni,891000
7239,COM00835.00,2007,Ore mined,O.Ni,941000
7240,COM00835.00,2007,Ore processed,O.Ni,941000
7241,COM00835.00,2008,Ore mined,O.Ni,927000
7242,COM00835.00,2008,Ore processed,O.Ni,927000
7243,COM00835.00,2009,Ore mined,O.Ni,226000
7244,COM00835.00,2009,Ore processed,O.Ni,226000
7245,COM00840.00,2000,Ore mined,O.Cu,274871000
7246,COM00840.00,2000,Ore processed,O.Cu,236696000
7247,COM00840.00,2000,Ore processed,O.Cu,26698000
7248,COM00840.00,2001,Ore mined,O.Cu,281474000
7249,COM00840.00,2001,Ore processed,O.Cu,258202000
7250,COM00840.00,2001,Ore processed,O.Cu,4301000
7251,COM00840.00,2002,Ore mined,O.Cu,248505000
7252,COM00840.00,2002,Ore processed,O.Cu,241955000
7253,COM00840.00,2003,Ore mined,O.Cu,237338000
7254,COM00840.00,2003,Ore processed,O.Cu,228940000
7255,COM00841.00,2001,Ore mined,O.Au,2750000
7256,COM00841.00,2001,Ore processed,O.Au,2750000
7257,COM00841.00,2002,Ore mined,O.Au,2750000
7258,COM00841.00,2002,Ore processed,O.Au,2750000
7259,COM00841.00,2003,Ore mined,O.Au,3250000
7260,COM00841.00,2003,Ore processed,O.Au,3250000
7261,COM00841.00,2004,Ore mined,O.Au,3500000
7262,COM00841.00,2004,Ore processed,O.Au,3500000
7263,COM00841.00,2005,Ore mined,O.Au,3750000
7264,COM00841.00,2005,Ore processed,O.Au,3750000
7265,COM00841.00,2006,Ore mined,O.Au,4250000
7266,COM00841.00,2006,Ore processed,O.Au,4250000
7267,COM00841.00,2007,Ore mined,O.Au,4250000
7268,COM00841.00,2007,Ore processed,O.Au,4250000
7269,COM00841.00,2008,Ore mined,O.Au,4250000
7270,COM00841.00,2008,Ore processed,O.Au,4250000
7271,COM00841.00,2009,Ore mined,O.Au,4250000
7272,COM00841.00,2009,Ore processed,O.Au,4250000
7273,COM00841.00,2010,Ore mined,O.Au,4250000
7274,COM00841.00,2010,Ore processed,O.Au,4250000
7275,COM00841.00,2011,Ore mined,O.Au,4500000
7276,COM00841.00,2011,Ore processed,O.Au,4500000
7277,COM00841.00,2012,Ore mined,O.Au,4500000
7278,COM00841.00,2012,Ore processed,O.Au,4500000
7279,COM00841.00,2013,Ore mined,O.Au,3500000
7280,COM00841.00,2013,Ore processed,O.Au,3500000
7281,COM00841.00,2014,Ore mined,O.Au,3250000
7282,COM00841.00,2014,Ore processed,O.Au,3250000
7283,COM00841.00,2015,Ore mined,O.Au,3000000
7284,COM00841.00,2015,Ore processed,O.Au,3000000
7285,COM00841.00,2016,Ore mined,O.Au,3750000
7286,COM00841.00,2016,Ore processed,O.Au,3750000
7287,COM00841.00,2017,Ore mined,O.Au,5500000
7288,COM00841.00,2017,Ore processed,O.Au,5500000
7289,COM00841.00,2018,Ore mined,O.Au,5000000
7290,COM00841.00,2018,Ore processed,O.Au,5000000
7291,COM00842.00,2000,Ore mined,O.bulk,656318
7292,COM00842.00,2000,Ore processed,O.bulk,656318
7293,COM00842.00,2001,Ore mined,O.bulk,606980
7294,COM00842.00,2001,Ore processed,O.bulk,606980
7295,COM00842.00,2002,Ore mined,O.bulk,550075
7296,COM00842.00,2002,Ore processed,O.bulk,550075
7297,COM00842.00,2003,Ore mined,O.bulk,529651
7298,COM00842.00,2003,Ore processed,O.bulk,529651
7299,COM00842.00,2005,Ore mined,O.bulk,537380
7300,COM00842.00,2005,Ore processed,O.bulk,537380
7301,COM00842.00,2006,Ore mined,O.bulk,652205
7302,COM00842.00,2006,Ore processed,O.bulk,652205
7303,COM00842.00,2007,Ore mined,O.bulk,682194
7304,COM00842.00,2007,Ore processed,O.bulk,682194
7305,COM00842.00,2008,Ore mined,O.bulk,649863
7306,COM00842.00,2008,Ore processed,O.bulk,649863
7307,COM00842.00,2009,Ore mined,O.bulk,692847
7308,COM00842.00,2009,Ore processed,O.bulk,692847
7309,COM00842.00,2010,Ore mined,O.bulk,672255
7310,COM00842.00,2010,Ore processed,O.bulk,672255
7311,COM00842.00,2011,Ore mined,O.bulk,523861
7312,COM00842.00,2011,Ore processed,O.bulk,523861
7313,COM00842.00,2012,Ore mined,O.bulk,580260
7314,COM00842.00,2012,Ore processed,O.bulk,580260
7315,COM00842.00,2013,Ore mined,O.bulk,620802
7316,COM00842.00,2013,Ore processed,O.bulk,620802
7317,COM00842.00,2014,Ore mined,O.bulk,613218
7318,COM00842.00,2014,Ore processed,O.bulk,613218
7319,COM00842.00,2015,Ore mined,O.bulk,690141
7320,COM00842.00,2015,Ore processed,O.bulk,690141
7321,COM00842.00,2016,Ore mined,O.bulk,729144
7322,COM00842.00,2016,Ore processed,O.bulk,729144
7323,COM00842.00,2017,Ore mined,O.bulk,733478
7324,COM00842.00,2017,Ore processed,O.bulk,733478
7325,COM00842.00,2018,Ore mined,O.bulk,728061
7326,COM00842.00,2018,Ore processed,O.bulk,728061
7327,COM00842.00,2019,Ore mined,O.bulk,743445
7328,COM00842.00,2019,Ore processed,O.bulk,743445
7329,COM00844.00,2002,Ore mined,O.Mn,100000
7330,COM00844.00,2002,Ore processed,O.Mn,100000
7331,COM00844.00,2003,Ore mined,O.Mn,100000
7332,COM00844.00,2003,Ore processed,O.Mn,100000
7333,COM00844.00,2004,Ore mined,O.Mn,200000
7334,COM00844.00,2004,Ore processed,O.Mn,200000
7335,COM00844.00,2005,Ore mined,O.Mn,300000
7336,COM00844.00,2005,Ore processed,O.Mn,300000
7337,COM00844.00,2006,Ore mined,O.Mn,200000
7338,COM00844.00,2006,Ore processed,O.Mn,200000
7339,COM00844.00,2007,Ore mined,O.Mn,100000
7340,COM00844.00,2007,Ore processed,O.Mn,100000
7341,COM00844.00,2008,Ore mined,O.Mn,100000
7342,COM00844.00,2008,Ore processed,O.Mn,100000
7343,COM00844.00,2009,Ore mined,O.Mn,100000
7344,COM00844.00,2009,Ore processed,O.Mn,100000
7345,COM00844.00,2010,Ore mined,O.Mn,100000
7346,COM00844.00,2010,Ore processed,O.Mn,100000
7347,COM00844.00,2011,Ore mined,O.Mn,100000
7348,COM00844.00,2011,Ore processed,O.Mn,100000
7349,COM00844.00,2012,Ore mined,O.Mn,200000
7350,COM00844.00,2012,Ore processed,O.Mn,200000
7351,COM00844.00,2013,Ore mined,O.Mn,100000
7352,COM00844.00,2013,Ore processed,O.Mn,100000
7353,COM00844.00,2014,Ore mined,O.Mn,100000
7354,COM00844.00,2014,Ore processed,O.Mn,100000
7355,COM00844.00,2015,Ore mined,O.Mn,0
7356,COM00844.00,2015,Ore processed,O.Mn,0
7357,COM00844.00,2016,Ore mined,O.Mn,0
7358,COM00844.00,2016,Ore processed,O.Mn,0
7359,COM00844.00,2017,Ore mined,O.Mn,100000
7360,COM00844.00,2017,Ore processed,O.Mn,100000
7361,COM00844.00,2018,Ore mined,O.Mn,100000
7362,COM00844.00,2018,Ore processed,O.Mn,100000
7363,COM00844.00,2019,Ore mined,O.Mn,200000
7364,COM00844.00,2019,Ore processed,O.Mn,200000
7365,COM00845.00,2006,NM mineral,M.kao,755000
7366,COM00845.00,2007,NM mineral,M.kao,714000
7367,COM00847.00,2001,Ore mined,O.Au,1000000
7368,COM00847.00,2001,Ore processed,O.Au,1000000
7369,COM00847.00,2002,Ore mined,O.Au,1000000
7370,COM00847.00,2002,Ore processed,O.Au,1000000
7371,COM00851.00,2004,Concentrate,Con.Cu,7366
7372,COM00851.00,2004,Concentrate,Con.Pb,19066
7373,COM00851.00,2004,Concentrate,Con.Zn,64299
7374,COM00851.00,2004,Ore mined,O.bulk,315378
7375,COM00851.00,2004,Ore processed,O.bulk,315378
7376,COM00851.00,2005,Concentrate,Con.Cu,8307
7377,COM00851.00,2005,Concentrate,Con.Pb,24085
7378,COM00851.00,2005,Concentrate,Con.Zn,96077
7379,COM00851.00,2005,Ore mined,O.bulk,294292
7380,COM00851.00,2005,Ore processed,O.bulk,294292
7381,COM00851.00,2006,Concentrate,Con.Cu,27597
7382,COM00851.00,2006,Concentrate,Con.Pb,16278
7383,COM00851.00,2006,Concentrate,Con.Zn,69272
7384,COM00851.00,2006,Ore mined,O.bulk,436492
7385,COM00851.00,2006,Ore processed,O.bulk,436492
7386,COM00851.00,2007,Concentrate,Con.Cu,44176
7387,COM00851.00,2007,Concentrate,Con.Pb,19294
7388,COM00851.00,2007,Concentrate,Con.Zn,74129
7389,COM00851.00,2007,Ore mined,O.bulk,721591
7390,COM00851.00,2007,Ore processed,O.bulk,721591
7391,COM00851.00,2008,Concentrate,Con.Cu,42374
7392,COM00851.00,2008,Concentrate,Con.Pb,13597
7393,COM00851.00,2008,Concentrate,Con.Zn,80305
7394,COM00851.00,2008,Ore mined,O.bulk,771409
7395,COM00851.00,2008,Ore processed,O.bulk,771409
7396,COM00851.00,2009,Concentrate,Con.Cu,67433
7397,COM00851.00,2009,Concentrate,Con.Pb,3259
7398,COM00851.00,2009,Concentrate,Con.Zn,54741
7399,COM00851.00,2009,Ore mined,O.bulk,741706
7400,COM00851.00,2009,Ore processed,O.bulk,741706
7401,COM00851.00,2010,Concentrate,Con.Cu,68021
7402,COM00851.00,2010,Concentrate,Con.Pb,2844
7403,COM00851.00,2010,Concentrate,Con.Zn,88697
7404,COM00851.00,2010,Ore mined,O.bulk,905130
7405,COM00851.00,2010,Ore processed,O.bulk,905130
7406,COM00851.00,2012,Concentrate,Con.Cu,39585
7407,COM00851.00,2012,Concentrate,Con.Pb,2162
7408,COM00851.00,2012,Concentrate,Con.Zn,59230
7409,COM00851.00,2012,Ore mined,O.bulk,749502
7410,COM00851.00,2012,Ore processed,O.bulk,749502
7411,COM00852.00,2000,Ore mined,O.Fe,7502353
7412,COM00852.00,2000,Ore processed,O.Fe,7502353
7413,COM00852.00,2001,Ore mined,O.Fe,7769412
7414,COM00852.00,2001,Ore processed,O.Fe,7769412
7415,COM00852.00,2002,Ore mined,O.Fe,7584706
7416,COM00852.00,2002,Ore processed,O.Fe,7584706
7417,COM00852.00,2003,Ore mined,O.Fe,7896471
7418,COM00852.00,2003,Ore processed,O.Fe,7896471
7419,COM00852.00,2004,Ore mined,O.Fe,13552941
7420,COM00852.00,2004,Ore processed,O.Fe,13552941
7421,COM00852.00,2005,Ore mined,O.Fe,25055294
7422,COM00852.00,2005,Ore processed,O.Fe,25055294
7423,COM00852.00,2006,Ore mined,O.Fe,28504706
7424,COM00852.00,2006,Ore processed,O.Fe,28504706
7425,COM00852.00,2007,Ore mined,O.Fe,25074118
7426,COM00852.00,2007,Ore processed,O.Fe,25074118
7427,COM00852.00,2008,Ore mined,O.Fe,33024706
7428,COM00852.00,2008,Ore processed,O.Fe,33024706
7429,COM00852.00,2009,Ore mined,O.Fe,43445882
7430,COM00852.00,2009,Ore processed,O.Fe,43445882
7431,COM00852.00,2010,Ore mined,O.Fe,47500000
7432,COM00852.00,2010,Ore processed,O.Fe,47500000
7433,COM00852.00,2011,Ore mined,O.Fe,48225882
7434,COM00852.00,2011,Ore processed,O.Fe,48225882
7435,COM00852.00,2012,Ore mined,O.Fe,50815294
7436,COM00852.00,2012,Ore processed,O.Fe,50815294
7437,COM00852.00,2013,Ore mined,O.Fe,53909412
7438,COM00852.00,2013,Ore processed,O.Fe,53909412
7439,COM00852.00,2014,Ore mined,O.Fe,56230588
7440,COM00852.00,2014,Ore processed,O.Fe,56230588
7441,COM00852.00,2015,Ore mined,O.Fe,58816471
7442,COM00852.00,2015,Ore processed,O.Fe,58816471
7443,COM00852.00,2016,Ore mined,O.Fe,55057647
7444,COM00852.00,2016,Ore processed,O.Fe,55057647
7445,COM00852.00,2017,Ore mined,O.Fe,57345882
7446,COM00852.00,2017,Ore processed,O.Fe,57345882
7447,COM00852.00,2018,Ore mined,O.Fe,60608235
7448,COM00852.00,2018,Ore processed,O.Fe,60608235
7449,COM00852.00,2019,Ore mined,O.Fe,55811765
7450,COM00852.00,2019,Ore processed,O.Fe,55811765
7451,COM00853.00,2002,Ore mined,Con.Ni,11000000
7452,COM00853.00,2002,Ore processed,Con.Ni,11000000
7453,COM00853.00,2003,Ore mined,Con.Ni,11200000
7454,COM00853.00,2003,Ore processed,Con.Ni,11200000
7455,COM00853.00,2004,Ore mined,Con.Ni,11200000
7456,COM00853.00,2004,Ore processed,Con.Ni,11200000
7457,COM00853.00,2018,Concentrate,Con.Ni,204800
7458,COM00853.00,2019,Concentrate,Con.Ni,200400
7459,COM00854.00,2017,Concentrate,Con.Li,156000
7460,COM00854.00,2018,Concentrate,Con.Li,435000
7461,COM00854.00,2019,Concentrate,Con.Li,423000
7462,COM00854.00,2020,Concentrate,Con.Li,496000
7463,COM00855.00,2008,Ore mined,O.Au,27554
7464,COM00855.00,2008,Ore processed,O.Au,21085
7465,COM00855.00,2009,Ore mined,O.Au,162863
7466,COM00855.00,2009,Ore processed,O.Au,160103
7467,COM00855.00,2010,Ore mined,O.Au,339916
7468,COM00855.00,2010,Ore processed,O.Au,315343
7469,COM00855.00,2011,Ore mined,O.Au,405525
7470,COM00855.00,2011,Ore processed,O.Au,356684
7471,COM00855.00,2012,Ore mined,O.Au,717076
7472,COM00855.00,2012,Ore processed,O.Au,517105
7473,COM00855.00,2013,Ore mined,O.Au,1091100
7474,COM00855.00,2013,Ore processed,O.Au,1367318
7475,COM00855.00,2014,Ore mined,O.Au,1028326
7476,COM00855.00,2014,Ore processed,O.Au,1931486
7477,COM00855.00,2015,Ore mined,O.Au,688085
7478,COM00855.00,2015,Ore processed,O.Au,1215308
7479,COM00855.00,2016,Ore mined,O.Au,1286196
7480,COM00855.00,2016,Ore processed,O.Au,1236600
7481,COM00855.00,2017,Ore mined,O.Au,1306508
7482,COM00855.00,2017,Ore processed,O.Au,1300152
7483,COM00855.00,2018,Ore mined,O.Au,1269722
7484,COM00855.00,2018,Ore processed,O.Au,1256120
7485,COM00855.00,2019,Ore mined,O.Au,1419100
7486,COM00855.00,2019,Ore processed,O.Au,1229195
7487,COM00855.00,2020,Ore mined,O.Au,1755539
7488,COM00855.00,2020,Ore processed,O.Au,1233922
7489,COM00856.00,2000,Ore mined,O.Fe,22818824
7490,COM00856.00,2000,Ore processed,O.Fe,22818824
7491,COM00856.00,2001,Ore mined,O.Fe,24649412
7492,COM00856.00,2001,Ore processed,O.Fe,24649412
7493,COM00856.00,2002,Ore mined,O.Fe,27498824
7494,COM00856.00,2002,Ore processed,O.Fe,27498824
7495,COM00856.00,2003,Ore mined,O.Fe,25832941
7496,COM00856.00,2003,Ore processed,O.Fe,25832941
7497,COM00856.00,2004,Ore mined,O.Fe,28777647
7498,COM00856.00,2004,Ore processed,O.Fe,28777647
7499,COM00856.00,2005,Ore mined,O.Fe,30277647
7500,COM00856.00,2005,Ore processed,O.Fe,30277647
7501,COM00856.00,2006,Ore mined,O.Fe,29145882
7502,COM00856.00,2006,Ore processed,O.Fe,29145882
7503,COM00856.00,2007,Ore mined,O.Fe,34477647
7504,COM00856.00,2007,Ore processed,O.Fe,34477647
7505,COM00856.00,2008,Ore mined,O.Fe,41704706
7506,COM00856.00,2008,Ore processed,O.Fe,41704706
7507,COM00856.00,2009,Ore mined,O.Fe,36882353
7508,COM00856.00,2009,Ore processed,O.Fe,36882353
7509,COM00856.00,2010,Ore mined,O.Fe,37761176
7510,COM00856.00,2010,Ore processed,O.Fe,37761176
7511,COM00856.00,2011,Ore mined,O.Fe,53229412
7512,COM00856.00,2011,Ore processed,O.Fe,53229412
7513,COM00856.00,2012,Ore mined,O.Fe,60383529
7514,COM00856.00,2012,Ore processed,O.Fe,60383529
7515,COM00856.00,2013,Ore mined,O.Fe,62349412
7516,COM00856.00,2013,Ore processed,O.Fe,62349412
7517,COM00856.00,2014,Ore mined,O.Fe,66958824
7518,COM00856.00,2014,Ore processed,O.Fe,66958824
7519,COM00856.00,2015,Ore mined,O.Fe,74937647
7520,COM00856.00,2015,Ore processed,O.Fe,74937647
7521,COM00856.00,2016,Ore mined,O.Fe,77577647
7522,COM00856.00,2016,Ore processed,O.Fe,77577647
7523,COM00856.00,2017,Ore mined,O.Fe,80332941
7524,COM00856.00,2017,Ore processed,O.Fe,80332941
7525,COM00856.00,2018,Ore mined,O.Fe,78907059
7526,COM00856.00,2018,Ore processed,O.Fe,78907059
7527,COM00856.00,2019,Ore mined,O.Fe,78378824
7528,COM00856.00,2019,Ore processed,O.Fe,78378824
7529,COM00860.00,2001,Ore mined,O.Au,1600000
7530,COM00860.00,2001,Ore processed,O.Au,1600000
7531,COM00860.00,2002,Ore mined,O.Au,1700000
7532,COM00860.00,2002,Ore processed,O.Au,1700000
7533,COM00860.00,2003,Ore mined,O.Au,1700000
7534,COM00860.00,2003,Ore processed,O.Au,1700000
7535,COM00860.00,2004,Ore mined,O.Au,1700000
7536,COM00860.00,2004,Ore processed,O.Au,1700000
7537,COM00860.00,2005,Ore mined,O.Au,1700000
7538,COM00860.00,2005,Ore processed,O.Au,1700000
7539,COM00860.00,2006,Ore mined,O.Au,1900000
7540,COM00860.00,2006,Ore processed,O.Au,1900000
7541,COM00860.00,2007,Ore mined,O.Au,1900000
7542,COM00860.00,2007,Ore processed,O.Au,1900000
7543,COM00860.00,2008,Ore mined,O.Au,1900000
7544,COM00860.00,2008,Ore processed,O.Au,1900000
7545,COM00860.00,2009,Ore mined,O.Au,1900000
7546,COM00860.00,2009,Ore processed,O.Au,1900000
7547,COM00860.00,2010,Ore mined,O.Au,1800000
7548,COM00860.00,2010,Ore processed,O.Au,1800000
7549,COM00860.00,2011,Ore mined,O.Au,1600000
7550,COM00860.00,2011,Ore processed,O.Au,1600000
7551,COM00860.00,2012,Ore mined,O.Au,1300000
7552,COM00860.00,2012,Ore processed,O.Au,1300000
7553,COM00860.00,2013,Ore mined,O.Au,1600000
7554,COM00860.00,2013,Ore processed,O.Au,1600000
7555,COM00860.00,2014,Ore mined,O.Au,1100000
7556,COM00860.00,2014,Ore processed,O.Au,1100000
7557,COM00860.00,2015,Ore mined,O.Au,800000
7558,COM00860.00,2015,Ore processed,O.Au,800000
7559,COM00860.00,2016,Ore mined,O.Au,1100000
7560,COM00860.00,2016,Ore processed,O.Au,1100000
7561,COM00860.00,2017,Ore mined,O.Au,1000000
7562,COM00860.00,2017,Ore processed,O.Au,1000000
7563,COM00860.00,2018,Ore mined,O.Au,1200000
7564,COM00860.00,2018,Ore processed,O.Au,1200000
7565,COM00861.00,2008,Ore mined,O.Al,18063000
7566,COM00861.00,2008,Ore processed,O.Al,18063000
7567,COM00861.00,2009,Ore mined,O.Al,15645000
7568,COM00861.00,2009,Ore processed,O.Al,15645000
7569,COM00861.00,2010,Ore mined,O.Al,15435000
7570,COM00861.00,2010,Ore processed,O.Al,15435000
7571,COM00861.00,2011,Ore mined,O.Al,15224000
7572,COM00861.00,2011,Ore processed,O.Al,15224000
7573,COM00861.00,2012,Ore mined,O.Al,15512000
7574,COM00861.00,2012,Ore processed,O.Al,15512000
7575,COM00861.00,2013,Ore mined,O.Al,15729000
7576,COM00861.00,2013,Ore processed,O.Al,15729000
7577,COM00861.00,2014,Ore mined,O.Al,16376000
7578,COM00861.00,2014,Ore processed,O.Al,16376000
7579,COM00861.00,2015,Ore mined,O.Al,16162000
7580,COM00861.00,2015,Ore processed,O.Al,16162000
7581,COM00861.00,2016,Ore mined,O.Al,16462000
7582,COM00861.00,2016,Ore processed,O.Al,16462000
7583,COM00861.00,2017,Ore mined,O.Al,14698000
7584,COM00861.00,2017,Ore processed,O.Al,14698000
7585,COM00861.00,2018,Ore mined,O.Al,13134000
7586,COM00861.00,2018,Ore processed,O.Al,13134000
7587,COM00862.00,2011,Concentrate,Con.Li,63863
7588,COM00862.00,2011,Concentrate,Con.Ta,464
7589,COM00862.00,2011,Ore mined,O.Li,616714
7590,COM00862.00,2011,Ore processed,O.Li,628779
7591,COM00862.00,2012,Concentrate,Con.Li,54047
7592,COM00862.00,2012,Concentrate,Con.Ta,638
7593,COM00862.00,2012,Ore mined,O.Li,454912
7594,COM00862.00,2012,Ore processed,O.Li,453004
7595,COM00862.00,2013,Ore mined,O.Li,0
7596,COM00862.00,2013,Ore processed,O.Li,0
7597,COM00862.00,2014,Ore mined,O.Li,0
7598,COM00862.00,2014,Ore processed,O.Li,0
7599,COM00862.00,2015,Ore mined,O.Li,0
7600,COM00862.00,2015,Ore processed,O.Li,0
7601,COM00862.00,2016,Concentrate,Con.Li,9700
7602,COM00862.00,2017,Concentrate,Con.Li,155679
7603,COM00862.00,2017,Ore mined,O.Li,1321715
7604,COM00862.00,2017,Ore processed,O.Li,1371365
7605,COM00862.00,2018,Concentrate,Con.Li,156689
7606,COM00862.00,2018,Ore mined,O.Li,1777720
7607,COM00862.00,2018,Ore processed,O.Li,1703503
7608,COM00862.00,2019,Concentrate,Con.Li,191570
7609,COM00862.00,2019,Ore mined,O.Li,1790049
7610,COM00862.00,2019,Ore processed,O.Li,1695369
7611,COM00863.00,2006,Concentrate,Con.Cu,105690
7612,COM00863.00,2006,Ore mined,O.Cu,2605969
7613,COM00863.00,2006,Ore processed,O.Cu,2605969
7614,COM00863.00,2007,Concentrate,Con.Cu,100966
7615,COM00863.00,2007,Ore mined,O.Cu,2486525
7616,COM00863.00,2007,Ore processed,O.Cu,2486525
7617,COM00863.00,2008,Concentrate,Con.Cu,99388
7618,COM00863.00,2008,Ore mined,O.Cu,2545504
7619,COM00863.00,2008,Ore processed,O.Cu,2545504
7620,COM00863.00,2009,Concentrate,Con.Cu,98761
7621,COM00863.00,2009,Ore mined,O.Cu,2558094
7622,COM00863.00,2009,Ore processed,O.Cu,2558094
7623,COM00863.00,2010,Concentrate,Con.Cu,84227
7624,COM00863.00,2010,Ore mined,O.Cu,1875969
7625,COM00863.00,2010,Ore processed,O.Cu,1875969
7626,COM00863.00,2011,Concentrate,Con.Cu,83940
7627,COM00863.00,2011,Ore mined,O.Cu,1976177
7628,COM00863.00,2011,Ore processed,O.Cu,1976177
7629,COM00863.00,2012,Concentrate,Con.Cu,85339
7630,COM00863.00,2012,Ore mined,O.Cu,2067407
7631,COM00863.00,2012,Ore processed,O.Cu,2067407
7632,COM00863.00,2013,Concentrate,Con.Cu,98682
7633,COM00863.00,2013,Ore mined,O.Cu,2519464
7634,COM00863.00,2013,Ore processed,O.Cu,2519464
7635,COM00863.00,2014,Concentrate,Con.Cu,67386
7636,COM00863.00,2014,Ore mined,O.Cu,1739223
7637,COM00863.00,2014,Ore processed,O.Cu,1739223
7638,COM00864.00,2012,Ore mined,O.Au,518716
7639,COM00864.00,2012,Ore processed,O.Au,518716
7640,COM00864.00,2013,Ore mined,O.Au,1616343
7641,COM00864.00,2013,Ore processed,O.Au,1616343
7642,COM00864.00,2014,Ore mined,O.Au,1603470
7643,COM00864.00,2014,Ore processed,O.Au,1603470
7644,COM00864.00,2015,Ore mined,O.Au,1633417
7645,COM00864.00,2015,Ore processed,O.Au,1633417
7646,COM00864.00,2016,Ore mined,O.Au,1694883
7647,COM00864.00,2016,Ore processed,O.Au,1694883
7648,COM00864.00,2017,Ore mined,O.Au,1913952
7649,COM00864.00,2017,Ore processed,O.Au,1913952
7650,COM00864.00,2018,Ore mined,O.Au,1208000
7651,COM00864.00,2018,Ore processed,O.Au,1742000
7652,COM00864.00,2019,Ore mined,O.Au,2339000
7653,COM00864.00,2019,Ore processed,O.Au,1962000
7654,COM00864.00,2020,Ore mined,O.Au,3442000
7655,COM00864.00,2020,Ore processed,O.Au,1973000
7656,COM00865.00,2006,Ore mined,O.bulk,358747
7657,COM00865.00,2006,Ore processed,O.bulk,322883
7658,COM00865.00,2007,Ore mined,O.bulk,359470
7659,COM00865.00,2007,Ore processed,O.bulk,376179
7660,COM00865.00,2008,Ore mined,O.bulk,277428
7661,COM00865.00,2008,Ore processed,O.bulk,213284
7662,COM00865.00,2009,Ore mined,O.bulk,622100
7663,COM00865.00,2009,Ore processed,O.bulk,652050
7664,COM00865.00,2010,Ore mined,O.bulk,602563
7665,COM00865.00,2010,Ore processed,O.bulk,615544
7666,COM00865.00,2011,Ore mined,O.bulk,325035
7667,COM00865.00,2011,Ore processed,O.bulk,325035
7668,COM00865.00,2012,Ore mined,O.bulk,653409
7669,COM00865.00,2012,Ore processed,O.bulk,653409
7670,COM00865.00,2013,Ore mined,O.bulk,1084243
7671,COM00865.00,2013,Ore processed,O.bulk,1084243
7672,COM00865.00,2014,Ore mined,O.bulk,74845
7673,COM00865.00,2014,Ore processed,O.bulk,74845
7674,COM00871.00,2007,Ore mined,O.FeTiO3,2278
7675,COM00871.00,2007,Ore mined,O.TiO2,128254
7676,COM00871.00,2007,Ore mined,O.Zr,59334
7677,COM00871.00,2007,Ore processed,O.FeTiO3,2278
7678,COM00871.00,2007,Ore processed,O.TiO2,128254
7679,COM00871.00,2007,Ore processed,O.Zr,59334
7680,COM00871.00,2008,Ore mined,O.leu,5800
7681,COM00871.00,2008,Ore mined,O.TiO2,66300
7682,COM00871.00,2008,Ore mined,O.Zr,112700
7683,COM00871.00,2008,Ore processed,O.leu,5800
7684,COM00871.00,2008,Ore processed,O.TiO2,66300
7685,COM00871.00,2008,Ore processed,O.Zr,112700
7686,COM00871.00,2009,Ore mined,O.FeTiO3,12500
7687,COM00871.00,2009,Ore mined,O.leu,8300
7688,COM00871.00,2009,Ore mined,O.TiO2,66200
7689,COM00871.00,2009,Ore mined,O.Zr,69900
7690,COM00871.00,2009,Ore processed,O.FeTiO3,12500
7691,COM00871.00,2009,Ore processed,O.leu,8300
7692,COM00871.00,2009,Ore processed,O.TiO2,66200
7693,COM00871.00,2009,Ore processed,O.Zr,69900
7694,COM00871.00,2010,Ore mined,O.FeTiO3,56800
7695,COM00871.00,2010,Ore mined,O.TiO2,198400
7696,COM00871.00,2010,Ore mined,O.Zr,157600
7697,COM00871.00,2010,Ore processed,O.FeTiO3,56800
7698,COM00871.00,2010,Ore processed,O.TiO2,198400
7699,COM00871.00,2010,Ore processed,O.Zr,157600
7700,COM00871.00,2011,Ore mined,O.FeTiO3,99500
7701,COM00871.00,2011,Ore mined,O.TiO2,224900
7702,COM00871.00,2011,Ore mined,O.Zr,218300
7703,COM00871.00,2011,Ore processed,O.FeTiO3,99500
7704,COM00871.00,2011,Ore processed,O.TiO2,224900
7705,COM00871.00,2011,Ore processed,O.Zr,218300
7706,COM00871.00,2012,Ore mined,O.FeTiO3,168800
7707,COM00871.00,2012,Ore mined,O.TiO2,170300
7708,COM00871.00,2012,Ore mined,O.Zr,135600
7709,COM00871.00,2012,Ore processed,O.FeTiO3,168800
7710,COM00871.00,2012,Ore processed,O.TiO2,170300
7711,COM00871.00,2012,Ore processed,O.Zr,135600
7712,COM00871.00,2013,Ore mined,O.FeTiO3,183700
7713,COM00871.00,2013,Ore mined,O.TiO2,93700
7714,COM00871.00,2013,Ore mined,O.Zr,59800
7715,COM00871.00,2013,Ore processed,O.FeTiO3,183700
7716,COM00871.00,2013,Ore processed,O.TiO2,93700
7717,COM00871.00,2013,Ore processed,O.Zr,59800
7718,COM00871.00,2014,Ore mined,O.FeTiO3,168000
7719,COM00871.00,2014,Ore mined,O.TiO2,147500
7720,COM00871.00,2014,Ore mined,O.Zr,93000
7721,COM00871.00,2014,Ore processed,O.FeTiO3,168000
7722,COM00871.00,2014,Ore processed,O.TiO2,147500
7723,COM00871.00,2014,Ore processed,O.Zr,93000
7724,COM00871.00,2015,Ore mined,O.FeTiO3,90000
7725,COM00871.00,2015,Ore mined,O.TiO2,96600
7726,COM00871.00,2015,Ore mined,O.Zr,54300
7727,COM00871.00,2015,Ore processed,O.FeTiO3,90000
7728,COM00871.00,2015,Ore processed,O.TiO2,96600
7729,COM00871.00,2015,Ore processed,O.Zr,54300
7730,COM00871.00,2016,Ore mined,O.FeTiO3,37800
7731,COM00871.00,2016,Ore mined,O.TiO2,62300
7732,COM00871.00,2016,Ore mined,O.Zr,39300
7733,COM00871.00,2016,Ore processed,O.FeTiO3,37800
7734,COM00871.00,2016,Ore processed,O.TiO2,62300
7735,COM00871.00,2016,Ore processed,O.Zr,39300
7736,COM00871.00,2017,Ore mined,O.FeTiO3,119400
7737,COM00871.00,2017,Ore mined,O.TiO2,92700
7738,COM00871.00,2017,Ore mined,O.Zr,57200
7739,COM00871.00,2017,Ore processed,O.FeTiO3,119400
7740,COM00871.00,2017,Ore processed,O.TiO2,92700
7741,COM00871.00,2017,Ore processed,O.Zr,57200
7742,COM00871.00,2018,Ore mined,O.FeTiO3,50800
7743,COM00871.00,2018,Ore mined,O.Zr,100
7744,COM00871.00,2018,Ore processed,O.FeTiO3,50800
7745,COM00871.00,2018,Ore processed,O.Zr,100
7746,COM00874.00,2003,Ore mined,O.Au,1340727
7747,COM00874.00,2003,Ore processed,O.Au,1340727
7748,COM00874.00,2004,Ore mined,O.Au,2340000
7749,COM00874.00,2004,Ore processed,O.Au,1459000
7750,COM00874.00,2005,Ore mined,O.Au,1390000
7751,COM00874.00,2005,Ore processed,O.Au,1477000
7752,COM00874.00,2006,Ore mined,O.Au,1301000
7753,COM00874.00,2006,Ore processed,O.Au,1301000
7754,COM00874.00,2007,Ore mined,O.Au,1326000
7755,COM00874.00,2007,Ore processed,O.Au,1326000
7756,COM00874.00,2008,Ore mined,O.Au,1236800
7757,COM00874.00,2008,Ore processed,O.Au,1236800
7758,COM00874.00,2009,Ore mined,O.Au,1289500
7759,COM00874.00,2009,Ore processed,O.Au,1289500
7760,COM00874.00,2010,Ore mined,O.Au,1446800
7761,COM00874.00,2010,Ore processed,O.Au,1446800
7762,COM00874.00,2011,Ore mined,O.Au,1327300
7763,COM00874.00,2011,Ore processed,O.Au,1327300
7764,COM00874.00,2012,Ore mined,O.Au,1299600
7765,COM00874.00,2012,Ore processed,O.Au,1299600
7766,COM00874.00,2013,Ore mined,O.Au,1391800
7767,COM00874.00,2013,Ore processed,O.Au,1391800
7768,COM00874.00,2014,Ore mined,O.Au,1221200
7769,COM00874.00,2014,Ore processed,O.Au,1221200
7770,COM00874.00,2015,Ore mined,O.Au,1209000
7771,COM00874.00,2015,Ore processed,O.Au,1209000
7772,COM00874.00,2016,Ore mined,O.Au,1188000
7773,COM00874.00,2016,Ore processed,O.Au,1188000
7774,COM00874.00,2017,Ore mined,O.Au,1221000
7775,COM00874.00,2017,Ore processed,O.Au,1221000
7776,COM00874.00,2018,Ore mined,O.Au,1106000
7777,COM00874.00,2018,Ore processed,O.Au,1106000
7778,COM00879.00,2003,Ore mined,O.FeTiO3,314600
7779,COM00879.00,2003,Ore mined,O.TiO2,20400
7780,COM00879.00,2003,Ore mined,O.Zr,93300
7781,COM00879.00,2003,Ore processed,O.FeTiO3,314600
7782,COM00879.00,2003,Ore processed,O.TiO2,20400
7783,COM00879.00,2003,Ore processed,O.Zr,93300
7784,COM00879.00,2004,Ore mined,O.FeTiO3,320600
7785,COM00879.00,2004,Ore mined,O.TiO2,23700
7786,COM00879.00,2004,Ore processed,O.FeTiO3,320600
7787,COM00879.00,2004,Ore processed,O.TiO2,23700
7788,COM00879.00,2005,Ore mined,O.FeTiO3,316100
7789,COM00879.00,2005,Ore mined,O.TiO2,29100
7790,COM00879.00,2005,Ore mined,O.Zr,128600
7791,COM00879.00,2005,Ore processed,O.FeTiO3,316100
7792,COM00879.00,2005,Ore processed,O.TiO2,29100
7793,COM00879.00,2005,Ore processed,O.Zr,128600
7794,COM00879.00,2006,Ore mined,O.FeTiO3,272200
7795,COM00879.00,2006,Ore mined,O.TiO2,28200
7796,COM00879.00,2006,Ore mined,O.Zr,128400
7797,COM00879.00,2006,Ore processed,O.FeTiO3,272200
7798,COM00879.00,2006,Ore processed,O.TiO2,28200
7799,COM00879.00,2006,Ore processed,O.Zr,128400
7800,COM00879.00,2007,Ore mined,O.FeTiO3,300300
7801,COM00879.00,2007,Ore mined,O.TiO2,24500
7802,COM00879.00,2007,Ore mined,O.Zr,114800
7803,COM00879.00,2007,Ore processed,O.FeTiO3,300300
7804,COM00879.00,2007,Ore processed,O.TiO2,24500
7805,COM00879.00,2007,Ore processed,O.Zr,114800
7806,COM00879.00,2008,Ore mined,O.FeTiO3,240900
7807,COM00879.00,2008,Ore mined,O.TiO2,19100
7808,COM00879.00,2008,Ore mined,O.Zr,97400
7809,COM00879.00,2008,Ore processed,O.FeTiO3,240900
7810,COM00879.00,2008,Ore processed,O.TiO2,19100
7811,COM00879.00,2008,Ore processed,O.Zr,97400
7812,COM00879.00,2009,Ore mined,O.FeTiO3,244000
7813,COM00879.00,2009,Ore mined,O.TiO2,26000
7814,COM00879.00,2009,Ore mined,O.Zr,116000
7815,COM00879.00,2009,Ore processed,O.FeTiO3,244000
7816,COM00879.00,2009,Ore processed,O.TiO2,26000
7817,COM00879.00,2009,Ore processed,O.Zr,116000
7818,COM00879.00,2010,Ore mined,O.FeTiO3,251000
7819,COM00879.00,2010,Ore mined,O.TiO2,28000
7820,COM00879.00,2010,Ore mined,O.Zr,129000
7821,COM00879.00,2010,Ore processed,O.FeTiO3,251000
7822,COM00879.00,2010,Ore processed,O.TiO2,28000
7823,COM00879.00,2010,Ore processed,O.Zr,129000
7824,COM00879.00,2011,Ore mined,O.FeTiO3,377000
7825,COM00879.00,2011,Ore mined,O.TiO2,31000
7826,COM00879.00,2011,Ore mined,O.Zr,135000
7827,COM00879.00,2011,Ore processed,O.FeTiO3,377000
7828,COM00879.00,2011,Ore processed,O.TiO2,31000
7829,COM00879.00,2011,Ore processed,O.Zr,135000
7830,COM00882.00,2010,Ore mined,O.Al,117000
7831,COM00882.00,2010,Ore processed,O.Al,117000
7832,COM00882.00,2011,Ore mined,O.Al,317700
7833,COM00882.00,2011,Ore processed,O.Al,317700
7834,COM00882.00,2012,Ore mined,O.Al,690000
7835,COM00882.00,2012,Ore processed,O.Al,690000
7836,COM00882.00,2013,Ore mined,O.Al,990000
7837,COM00882.00,2013,Ore processed,O.Al,990000
7838,COM00882.00,2014,Ore mined,O.Al,304000
7839,COM00882.00,2014,Ore processed,O.Al,304000
7840,COM00886.00,2001,Ore mined,O.Au,1300000
7841,COM00886.00,2001,Ore processed,O.Au,1300000
7842,COM00886.00,2002,Ore mined,O.Au,1400000
7843,COM00886.00,2002,Ore processed,O.Au,1400000
7844,COM00886.00,2003,Ore mined,O.Au,1300000
7845,COM00886.00,2003,Ore processed,O.Au,1300000
7846,COM00886.00,2004,Ore mined,O.Au,1300000
7847,COM00886.00,2004,Ore processed,O.Au,1300000
7848,COM00886.00,2005,Ore mined,O.Au,1200000
7849,COM00886.00,2005,Ore processed,O.Au,1200000
7850,COM00886.00,2006,Ore mined,O.Au,1500000
7851,COM00886.00,2006,Ore processed,O.Au,1500000
7852,COM00886.00,2007,Ore mined,O.Au,1600000
7853,COM00886.00,2007,Ore processed,O.Au,1600000
7854,COM00886.00,2008,Ore mined,O.Au,1500000
7855,COM00886.00,2008,Ore processed,O.Au,1500000
7856,COM00886.00,2009,Ore mined,O.Au,1300000
7857,COM00886.00,2009,Ore processed,O.Au,1300000
7858,COM00886.00,2010,Ore mined,O.Au,1500000
7859,COM00886.00,2010,Ore processed,O.Au,1500000
7860,COM00886.00,2011,Ore mined,O.Au,1500000
7861,COM00886.00,2011,Ore processed,O.Au,1500000
7862,COM00886.00,2012,Ore mined,O.Au,1400000
7863,COM00886.00,2012,Ore processed,O.Au,1400000
7864,COM00886.00,2013,Ore mined,O.Au,1400000
7865,COM00886.00,2013,Ore processed,O.Au,1400000
7866,COM00886.00,2014,Ore mined,O.Au,1400000
7867,COM00886.00,2014,Ore processed,O.Au,1400000
7868,COM00889.00,2005,Ore mined,O.bulk,2168000
7869,COM00889.00,2005,Ore processed,O.bulk,2041000
7870,COM00889.00,2006,Ore mined,O.Cu,1951557
7871,COM00889.00,2006,Ore mined,O.Zn,155715
7872,COM00889.00,2006,Ore processed,O.Cu,1946853
7873,COM00889.00,2006,Ore processed,O.Zn,147674
7874,COM00889.00,2007,Ore mined,O.Cu,2184205
7875,COM00889.00,2007,Ore mined,O.Zn,399003
7876,COM00889.00,2007,Ore processed,O.Cu,2180764
7877,COM00889.00,2007,Ore processed,O.Zn,396719
7878,COM00889.00,2008,Ore mined,O.Cu,2395516
7879,COM00889.00,2008,Ore mined,O.Zn,407046
7880,COM00889.00,2008,Ore processed,O.Cu,2409966
7881,COM00889.00,2008,Ore processed,O.Zn,398985
7882,COM00889.00,2009,Ore mined,O.Cu,2509460
7883,COM00889.00,2009,Ore mined,O.Zn,0
7884,COM00889.00,2009,Ore processed,O.Cu,2569603
7885,COM00889.00,2009,Ore processed,O.Zn,0
7886,COM00889.00,2010,Ore mined,O.Cu,2537927
7887,COM00889.00,2010,Ore mined,O.Zn,74295
7888,COM00889.00,2010,Ore processed,O.Cu,2499563
7889,COM00889.00,2010,Ore processed,O.Zn,100331
7890,COM00889.00,2011,Ore mined,O.Cu,3126005
7891,COM00889.00,2011,Ore mined,O.Zn,86202
7892,COM00889.00,2011,Ore processed,O.Cu,3197783
7893,COM00889.00,2011,Ore processed,O.Zn,63074
7894,COM00889.00,2012,Ore mined,O.Cu,2507000
7895,COM00889.00,2012,Ore mined,O.Zn,530000
7896,COM00889.00,2012,Ore processed,O.Cu,2512000
7897,COM00889.00,2012,Ore processed,O.Zn,543000
7898,COM00889.00,2013,Ore mined,O.Cu,2535000
7899,COM00889.00,2013,Ore mined,O.Zn,968000
7900,COM00889.00,2013,Ore processed,O.Cu,2525000
7901,COM00889.00,2013,Ore processed,O.Zn,974000
7902,COM00889.00,2014,Ore mined,O.Cu,2540000
7903,COM00889.00,2014,Ore mined,O.Zn,1119000
7904,COM00889.00,2014,Ore processed,O.Cu,2503000
7905,COM00889.00,2014,Ore processed,O.Zn,1102000
7906,COM00889.00,2015,Ore mined,O.Cu,2501000
7907,COM00889.00,2015,Ore mined,O.Zn,1000000
7908,COM00889.00,2015,Ore processed,O.Cu,2542000
7909,COM00889.00,2015,Ore processed,O.Zn,1014000
7910,COM00889.00,2016,Ore mined,O.Cu,2351000
7911,COM00889.00,2016,Ore mined,O.Zn,1041000
7912,COM00889.00,2016,Ore processed,O.Cu,2386000
7913,COM00889.00,2016,Ore processed,O.Zn,1039000
7914,COM00889.00,2017,Ore mined,O.Cu,2110000
7915,COM00889.00,2017,Ore mined,O.Zn,996000
7916,COM00889.00,2017,Ore processed,O.Cu,2122000
7917,COM00889.00,2017,Ore processed,O.Zn,1000000
7918,COM00889.00,2018,Ore mined,O.Cu,2693000
7919,COM00889.00,2018,Ore mined,O.Zn,1119000
7920,COM00889.00,2018,Ore processed,O.Cu,2692000
7921,COM00889.00,2018,Ore processed,O.Zn,1125000
7922,COM00889.00,2019,Ore mined,O.Cu,2702000
7923,COM00889.00,2019,Ore mined,O.Zn,1153000
7924,COM00889.00,2019,Ore processed,O.Cu,2679000
7925,COM00889.00,2019,Ore processed,O.Zn,1137000
7926,COM00899.00,2016,Ore mined,O.Cu,1675277
7927,COM00899.00,2016,Ore processed,O.Cu,1662690
7928,COM00899.00,2017,Ore mined,O.Cu,1354444
7929,COM00899.00,2017,Ore processed,O.Cu,1371478
7930,COM00899.00,2018,Ore mined,O.Cu,1474190
7931,COM00899.00,2018,Ore processed,O.Cu,1477892
7932,COM00899.00,2019,Ore mined,O.Cu,966590
7933,COM00899.00,2019,Ore processed,O.Cu,968277
7934,COM00902.00,2007,Ore mined,O.bulk,574000
7935,COM00902.00,2007,Ore processed,O.bulk,574000
7936,COM00902.00,2008,Ore mined,O.bulk,532000
7937,COM00902.00,2008,Ore processed,O.bulk,532000
7938,COM00902.00,2009,Ore mined,O.bulk,603000
7939,COM00902.00,2009,Ore processed,O.bulk,603000
7940,COM00902.00,2010,Ore mined,O.bulk,556000
7941,COM00902.00,2010,Ore processed,O.bulk,556000
7942,COM00902.00,2011,Ore mined,O.bulk,581000
7943,COM00902.00,2011,Ore processed,O.bulk,581000
7944,COM00902.00,2012,Ore mined,O.bulk,208000
7945,COM00902.00,2012,Ore processed,O.bulk,208000
7946,COM00904.00,2005,Ore mined,O.bulk,346000
7947,COM00904.00,2005,Ore processed,O.bulk,346000
7948,COM00904.00,2006,Ore mined,O.bulk,373000
7949,COM00904.00,2006,Ore mined,O.Cr,304000
7950,COM00904.00,2006,Ore processed,O.bulk,373000
7951,COM00904.00,2006,Ore processed,O.Cr,304000
7952,COM00904.00,2007,Ore mined,O.bulk,318000
7953,COM00904.00,2007,Ore mined,O.Cr,584000
7954,COM00904.00,2007,Ore processed,O.bulk,318000
7955,COM00904.00,2007,Ore processed,O.Cr,584000
7956,COM00904.00,2008,Ore mined,O.bulk,1070000
7957,COM00904.00,2008,Ore mined,O.Cr,1146000
7958,COM00904.00,2008,Ore processed,O.bulk,1070000
7959,COM00904.00,2008,Ore processed,O.Cr,1146000
7960,COM00904.00,2009,Concentrate,Con.Cr,51000
7961,COM00904.00,2009,Ore mined,O.bulk,1259000
7962,COM00904.00,2009,Ore mined,O.Cr,661000
7963,COM00904.00,2009,Ore processed,O.bulk,1259000
7964,COM00904.00,2009,Ore processed,O.Cr,661000
7965,COM00904.00,2010,Concentrate,Con.Cr,314000
7966,COM00904.00,2010,Ore mined,O.bulk,3308000
7967,COM00904.00,2010,Ore mined,O.Cr,502000
7968,COM00904.00,2010,Ore processed,O.bulk,3308000
7969,COM00904.00,2010,Ore processed,O.Cr,502000
7970,COM00904.00,2011,Concentrate,Con.Cr,381000
7971,COM00904.00,2011,Ore mined,O.bulk,5259000
7972,COM00904.00,2011,Ore mined,O.Cr,335000
7973,COM00904.00,2011,Ore processed,O.bulk,5259000
7974,COM00904.00,2011,Ore processed,O.Cr,335000
7975,COM00904.00,2012,Concentrate,Con.Cr,441000
7976,COM00904.00,2012,Ore mined,O.bulk,6388000
7977,COM00904.00,2012,Ore processed,O.bulk,6388000
7978,COM00904.00,2013,Concentrate,Con.Cr,225000
7979,COM00904.00,2013,Ore mined,O.bulk,7588000
7980,COM00904.00,2013,Ore processed,O.bulk,7588000
7981,COM00904.00,2014,Concentrate,Con.Cr,342000
7982,COM00904.00,2014,Ore mined,O.bulk,7930000
7983,COM00904.00,2014,Ore processed,O.bulk,7930000
7984,COM00904.00,2015,Concentrate,Con.Cr,377000
7985,COM00904.00,2015,Ore mined,O.bulk,8030000
7986,COM00904.00,2015,Ore processed,O.bulk,8030000
7987,COM00904.00,2016,Concentrate,Con.Cr,273000
7988,COM00904.00,2016,Ore mined,O.bulk,8240000
7989,COM00904.00,2016,Ore processed,O.bulk,8240000
7990,COM00904.00,2017,Concentrate,Con.Cr,241000
7991,COM00904.00,2017,Ore mined,O.bulk,7490000
7992,COM00904.00,2017,Ore processed,O.bulk,7490000
7993,COM00904.00,2018,Concentrate,Con.Cr,328000
7994,COM00904.00,2018,Ore mined,O.bulk,8040000
7995,COM00904.00,2018,Ore processed,O.bulk,8040000
7996,COM00904.00,2019,Concentrate,Con.Cr,442000
7997,COM00904.00,2019,Ore mined,O.bulk,8150000
7998,COM00904.00,2019,Ore processed,O.bulk,8150000
7999,COM00906.00,2012,Ore mined,O.bulk,8447000
8000,COM00906.00,2012,Ore processed,O.bulk,8447000
8001,COM00906.00,2013,Ore mined,O.bulk,12284000
8002,COM00906.00,2013,Ore processed,O.bulk,12284000
8003,COM00906.00,2014,Ore mined,O.bulk,15607000
8004,COM00906.00,2014,Ore processed,O.bulk,15607000
8005,COM00906.00,2015,Ore mined,O.bulk,17400000
8006,COM00906.00,2015,Ore processed,O.bulk,17400000
8007,COM00906.00,2016,Ore mined,O.bulk,17432000
8008,COM00906.00,2016,Ore processed,O.bulk,17432000
8009,COM00906.00,2017,Ore mined,O.bulk,17821000
8010,COM00906.00,2017,Ore processed,O.bulk,17821000
8011,COM00906.00,2018,Ore mined,O.bulk,18196000
8012,COM00906.00,2018,Ore processed,O.bulk,18196000
8013,COM00909.00,2006,Ore mined,O.bulk,7634000
8014,COM00909.00,2006,Ore processed,O.bulk,7634000
8015,COM00909.00,2007,Ore mined,O.bulk,7636000
8016,COM00909.00,2007,Ore processed,O.bulk,7636000
8017,COM00909.00,2008,Ore mined,O.bulk,8149000
8018,COM00909.00,2008,Ore processed,O.bulk,8149000
8019,COM00909.00,2009,Ore mined,O.bulk,7892000
8020,COM00909.00,2009,Ore processed,O.bulk,7892000
8021,COM00909.00,2010,Ore mined,O.bulk,8336000
8022,COM00909.00,2010,Ore processed,O.bulk,8336000
8023,COM00909.00,2011,Ore mined,O.bulk,8147100
8024,COM00909.00,2011,Ore processed,O.bulk,8147100
8025,COM00909.00,2012,Ore mined,O.bulk,7948000
8026,COM00909.00,2012,Ore processed,O.bulk,7948000
8027,COM00909.00,2013,Ore mined,O.bulk,8041200
8028,COM00909.00,2013,Ore processed,O.bulk,8041200
8029,COM00909.00,2014,Ore mined,O.bulk,8041164
8030,COM00909.00,2014,Ore processed,O.bulk,8041164
8031,COM00909.00,2015,Ore mined,O.bulk,7962226
8032,COM00909.00,2015,Ore processed,O.bulk,7962226
8033,COM00909.00,2016,Ore mined,O.bulk,7615518
8034,COM00909.00,2016,Ore processed,O.bulk,7615518
8035,COM00909.00,2017,Ore mined,O.bulk,7600000
8036,COM00909.00,2017,Ore processed,O.bulk,7600000
8037,COM00909.00,2018,Ore mined,O.bulk,7900000
8038,COM00909.00,2018,Ore processed,O.bulk,7900000
8039,COM00909.00,2019,Ore mined,O.bulk,7900000
8040,COM00909.00,2019,Ore processed,O.bulk,7900000
8041,COM00910.00,2006,Ore mined,O.bulk,14127000
8042,COM00910.00,2006,Ore processed,O.bulk,14127000
8043,COM00910.00,2007,Ore mined,O.bulk,15037000
8044,COM00910.00,2007,Ore processed,O.bulk,15037000
8045,COM00910.00,2008,Ore mined,O.bulk,15034000
8046,COM00910.00,2008,Ore processed,O.bulk,15034000
8047,COM00910.00,2009,Ore mined,O.bulk,15298000
8048,COM00910.00,2009,Ore processed,O.bulk,15298000
8049,COM00910.00,2010,Ore mined,O.bulk,16118000
8050,COM00910.00,2010,Ore processed,O.bulk,16118000
8051,COM00910.00,2011,Ore mined,O.bulk,16589200
8052,COM00910.00,2011,Ore processed,O.bulk,16589200
8053,COM00910.00,2012,Ore mined,O.bulk,16676500
8054,COM00910.00,2012,Ore processed,O.bulk,16676500
8055,COM00910.00,2013,Ore mined,O.bulk,16738600
8056,COM00910.00,2013,Ore processed,O.bulk,16738600
8057,COM00910.00,2014,Ore mined,O.bulk,17044443
8058,COM00910.00,2014,Ore processed,O.bulk,17044443
8059,COM00910.00,2015,Ore mined,O.bulk,17327569
8060,COM00910.00,2015,Ore processed,O.bulk,17327569
8061,COM00910.00,2016,Ore mined,O.bulk,17244210
8062,COM00910.00,2016,Ore processed,O.bulk,17244210
8063,COM00910.00,2017,Ore mined,O.bulk,17400000
8064,COM00910.00,2017,Ore processed,O.bulk,17400000
8065,COM00910.00,2018,Ore mined,O.bulk,17300000
8066,COM00910.00,2018,Ore processed,O.bulk,17300000
8067,COM00910.00,2019,Ore mined,O.bulk,18400000
8068,COM00910.00,2019,Ore processed,O.bulk,18400000
8069,COM00916.00,2009,Ore mined,O.Au,2605000
8070,COM00916.00,2009,Ore processed,O.Au,2605000
8071,COM00916.00,2010,Ore mined,O.Au,2860000
8072,COM00916.00,2010,Ore processed,O.Au,2860000
8073,COM00916.00,2011,Ore mined,O.Au,3070000
8074,COM00916.00,2011,Ore processed,O.Au,3070000
8075,COM00916.00,2012,Ore mined,O.Au,2786000
8076,COM00916.00,2012,Ore processed,O.Au,2786000
8077,COM00916.00,2013,Ore mined,O.Au,2643000
8078,COM00916.00,2013,Ore processed,O.Au,2643000
8079,COM00916.00,2014,Ore mined,O.Au,2569000
8080,COM00916.00,2014,Ore processed,O.Au,2804000
8081,COM00916.00,2015,Ore mined,O.Au,3659000
8082,COM00916.00,2015,Ore processed,O.Au,2833000
8083,COM00916.00,2016,Ore mined,O.Au,3192000
8084,COM00916.00,2016,Ore processed,O.Au,2830000
8085,COM00916.00,2017,Ore mined,O.Au,3801000
8086,COM00916.00,2017,Ore processed,O.Au,2841000
8087,COM00916.00,2018,Ore mined,O.Au,3657000
8088,COM00916.00,2018,Ore processed,O.Au,2847000
8089,COM00917.00,2008,Ore mined,O.Al,3300000
8090,COM00917.00,2008,Ore processed,O.Al,3300000
8091,COM00917.00,2009,Ore mined,O.Al,3400000
8092,COM00917.00,2009,Ore processed,O.Al,3400000
8093,COM00917.00,2010,Ore mined,O.Al,3091000
8094,COM00917.00,2010,Ore processed,O.Al,3091000
8095,COM00917.00,2011,Ore mined,O.Al,3350000
8096,COM00917.00,2011,Ore processed,O.Al,3350000
8097,COM00917.00,2012,Ore mined,O.Al,2954000
8098,COM00917.00,2012,Ore processed,O.Al,2954000
8099,COM00917.00,2013,Ore mined,O.Al,2498000
8100,COM00917.00,2013,Ore processed,O.Al,2498000
8101,COM00917.00,2014,Ore mined,O.Al,2774000
8102,COM00917.00,2014,Ore processed,O.Al,2774000
8103,COM00917.00,2015,Ore mined,O.Al,2537000
8104,COM00917.00,2015,Ore processed,O.Al,2537000
8105,COM00917.00,2016,Ore mined,O.Al,2367000
8106,COM00917.00,2016,Ore processed,O.Al,2367000
8107,COM00917.00,2017,Ore mined,O.Al,2360000
8108,COM00917.00,2017,Ore processed,O.Al,2360000
8109,COM00917.00,2018,Ore mined,O.Al,2326000
8110,COM00917.00,2018,Ore processed,O.Al,2326000
8111,COM00917.00,2019,Ore mined,O.Al,2353000
8112,COM00917.00,2019,Ore processed,O.Al,2353000
8113,COM00919.00,2009,Concentrate,Con.Fe,13000000
8114,COM00919.00,2010,Concentrate,Con.Fe,14200000
8115,COM00919.00,2011,Concentrate,Con.Fe,14424000
8116,COM00919.00,2012,Concentrate,Con.Fe,14558000
8117,COM00919.00,2013,Concentrate,Con.Fe,15000000
8118,COM00919.00,2014,Concentrate,Con.Fe,13420000
8119,COM00919.00,2015,Concentrate,Con.Fe,13152000
8120,COM00919.00,2016,Concentrate,Con.Fe,11634000
8121,COM00919.00,2017,Concentrate,Con.Fe,11366000
8122,COM00919.00,2018,Concentrate,Con.Fe,10660000
8123,COM00919.00,2019,Concentrate,Con.Fe,12245000
8124,COM00920.00,2017,Ore mined,O.Au,1362236
8125,COM00920.00,2017,Ore processed,O.Au,1454578
8126,COM00920.00,2018,Ore mined,O.Au,1963768
8127,COM00920.00,2018,Ore processed,O.Au,2028158
8128,COM00920.00,2019,Ore mined,O.Au,2983567
8129,COM00920.00,2019,Ore processed,O.Au,2993777
8130,COM00920.00,2020,Ore mined,O.Au,3052606
8131,COM00920.00,2020,Ore processed,O.Au,3398461
8132,COM00923.00,2000,Concentrate,Con.Fe,4300000
8133,COM00923.00,2001,Concentrate,Con.Fe,2844932
8134,COM00923.00,2002,Concentrate,Con.Fe,4267397
8135,COM00923.00,2003,Concentrate,Con.Fe,4877026
8136,COM00923.00,2004,Concentrate,Con.Fe,5080235
8137,COM00923.00,2005,Concentrate,Con.Fe,4978630
8138,COM00923.00,2006,Concentrate,Con.Fe,5181840
8139,COM00923.00,2007,Concentrate,Con.Fe,5283444
8140,COM00923.00,2008,Concentrate,Con.Fe,5588258
8141,COM00923.00,2013,Concentrate,Con.Fe,3962583
8142,COM00923.00,2014,Concentrate,Con.Fe,5283444
8143,COM00923.00,2015,Concentrate,Con.Fe,4369002
8144,COM00923.00,2016,Concentrate,Con.Fe,3251350
8145,COM00923.00,2017,Concentrate,Con.Fe,5385049
8146,COM00923.00,2018,Concentrate,Con.Fe,5689863
8147,COM00923.00,2019,Concentrate,Con.Fe,5283444
8148,COM00928.00,2007,Ore mined,O.Cu,1842000
8149,COM00928.00,2007,Ore processed,O.Cu,1842000
8150,COM00928.00,2008,Ore mined,O.Cu,575000
8151,COM00928.00,2008,Ore processed,O.Cu,575000
8152,COM00928.00,2009,Ore mined,O.Cu,1729000
8153,COM00928.00,2009,Ore processed,O.Cu,1729000
8154,COM00928.00,2010,Ore mined,O.Cu,2190000
8155,COM00928.00,2010,Ore processed,O.Cu,2190000
8156,COM00928.00,2011,Ore mined,O.Cu,2686000
8157,COM00928.00,2011,Ore processed,O.Cu,2686000
8158,COM00928.00,2012,Ore mined,O.Cu,2662000
8159,COM00928.00,2012,Ore processed,O.Cu,2662000
8160,COM00928.00,2013,Ore mined,O.Cu,3167000
8161,COM00928.00,2013,Ore processed,O.Cu,3167000
8162,COM00928.00,2014,Ore mined,O.Cu,2570000
8163,COM00928.00,2014,Ore processed,O.Cu,2570000
8164,COM00932.00,2004,Ore mined,O.Au,3900000
8165,COM00932.00,2004,Ore processed,O.Au,3900000
8166,COM00932.00,2005,Ore mined,O.Au,4700000
8167,COM00932.00,2005,Ore processed,O.Au,4700000
8168,COM00932.00,2006,Ore mined,O.Au,6200000
8169,COM00932.00,2006,Ore processed,O.Au,6200000
8170,COM00932.00,2007,Ore mined,O.Au,6000000
8171,COM00932.00,2007,Ore processed,O.Au,6000000
8172,COM00932.00,2008,Ore mined,O.Au,5600000
8173,COM00932.00,2008,Ore processed,O.Au,5600000
8174,COM00932.00,2009,Ore mined,O.Au,4600000
8175,COM00932.00,2009,Ore processed,O.Au,4600000
8176,COM00932.00,2010,Ore mined,O.Au,2600000
8177,COM00932.00,2010,Ore processed,O.Au,2600000
8178,COM00932.00,2011,Ore mined,O.Au,2000000
8179,COM00932.00,2011,Ore processed,O.Au,2000000
8180,COM00932.00,2012,Ore mined,O.Au,2100000
8181,COM00932.00,2012,Ore processed,O.Au,2100000
8182,COM00932.00,2013,Ore mined,O.Au,1700000
8183,COM00932.00,2013,Ore processed,O.Au,1700000
8184,COM00932.00,2014,Ore mined,O.Au,2200000
8185,COM00932.00,2014,Ore processed,O.Au,2200000
8186,COM00932.00,2015,Ore mined,O.Au,1000000
8187,COM00932.00,2015,Ore processed,O.Au,1000000
8188,COM00934.00,2002,Concentrate,Con.Cu,719863
8189,COM00934.00,2003,Concentrate,Con.Cu,671477
8190,COM00934.00,2003,Ore mined,O.Cu,28594000
8191,COM00934.00,2003,Ore processed,O.Cu,28219000
8192,COM00934.00,2004,Concentrate,Con.Cu,627762
8193,COM00934.00,2004,Ore mined,O.Cu,26311000
8194,COM00934.00,2004,Ore processed,O.Cu,26221000
8195,COM00934.00,2005,Concentrate,Con.Cu,711215
8196,COM00934.00,2005,Ore mined,O.Cu,25351000
8197,COM00934.00,2005,Ore processed,O.Cu,25351000
8198,COM00934.00,2006,Concentrate,Con.Cu,622158
8199,COM00934.00,2006,Ore mined,O.Cu,27561000
8200,COM00934.00,2006,Ore processed,O.Cu,27561000
8201,COM00934.00,2007,Ore mined,O.Cu,25771000
8202,COM00934.00,2007,Ore processed,O.Cu,25771000
8203,COM00934.00,2008,Concentrate,Con.Cu,573761
8204,COM00934.00,2008,Ore mined,O.Cu,21534000
8205,COM00934.00,2008,Ore processed,O.Cu,21663000
8206,COM00934.00,2009,Concentrate,Con.Cu,624275
8207,COM00934.00,2009,Ore mined,O.Cu,21348000
8208,COM00934.00,2009,Ore processed,O.Cu,22585000
8209,COM00934.00,2010,Concentrate,Con.Cu,620480
8210,COM00934.00,2010,Ore mined,O.Cu,22088000
8211,COM00934.00,2010,Ore processed,O.Cu,22191000
8212,COM00934.00,2011,Concentrate,Con.Cu,494879
8213,COM00934.00,2011,Ore mined,O.Cu,21342000
8214,COM00934.00,2011,Ore processed,O.Cu,19460000
8215,COM00934.00,2012,Concentrate,Con.Cu,482875
8216,COM00934.00,2012,Ore mined,O.Cu,17773000
8217,COM00934.00,2012,Ore processed,O.Cu,22602000
8218,COM00934.00,2014,Concentrate,Con.Cu,308000
8219,COM00934.00,2014,Ore mined,O.Cu,16800000
8220,COM00934.00,2014,Ore processed,O.Cu,16800000
8221,COM00934.00,2015,Concentrate,Con.Cu,186000
8222,COM00934.00,2015,Ore mined,O.Cu,11800000
8223,COM00934.00,2015,Ore processed,O.Cu,11800000
8224,COM00934.00,2016,Concentrate,Con.Cu,320000
8225,COM00934.00,2016,Ore mined,O.Cu,16100000
8226,COM00934.00,2016,Ore processed,O.Cu,16100000
8227,COM00934.00,2017,Concentrate,Con.Cu,437000
8228,COM00934.00,2017,Ore mined,O.Cu,20100000
8229,COM00934.00,2017,Ore processed,O.Cu,20100000
8230,COM00934.00,2018,Concentrate,Con.Cu,394000
8231,COM00934.00,2018,Ore mined,O.Cu,18900000
8232,COM00934.00,2018,Ore processed,O.Cu,18900000
8233,COM00934.00,2019,Concentrate,Con.Cu,412000
8234,COM00934.00,2019,Ore mined,O.Cu,18700000
8235,COM00934.00,2019,Ore processed,O.Cu,18700000
8236,COM00936.00,2004,Concentrate,Con.Fe,3620000
8237,COM00936.00,2005,Concentrate,Con.Fe,3900000
8238,COM00936.00,2006,Concentrate,Con.Fe,4473728
8239,COM00936.00,2007,Concentrate,Con.Fe,4650932
8240,COM00936.00,2008,Concentrate,Con.Fe,4674215
8241,COM00936.00,2009,Concentrate,Con.Fe,5096155
8242,COM00936.00,2010,Concentrate,Con.Fe,4027167
8243,COM00936.00,2011,Concentrate,Con.Fe,4763870
8244,COM00936.00,2012,Concentrate,Con.Fe,4759702
8245,COM00936.00,2013,Concentrate,Con.Fe,4617835
8246,COM00936.00,2014,Concentrate,Con.Fe,4429995
8247,COM00936.00,2015,Concentrate,Con.Fe,4142906
8248,COM00936.00,2016,Concentrate,Con.Fe,4103000
8249,COM00936.00,2017,Concentrate,Con.Fe,4132000
8250,COM00936.00,2018,Concentrate,Con.Fe,4300000
8251,COM00936.00,2019,Concentrate,Con.Fe,4352000
8252,COM00937.00,2006,Ore mined,O.bulk,9635000
8253,COM00937.00,2006,Ore processed,O.bulk,9635000
8254,COM00937.00,2007,Ore mined,O.bulk,8614000
8255,COM00937.00,2007,Ore processed,O.bulk,8614000
8256,COM00937.00,2008,Ore mined,O.bulk,9586000
8257,COM00937.00,2008,Ore processed,O.bulk,9586000
8258,COM00937.00,2009,Ore mined,O.bulk,9883000
8259,COM00937.00,2009,Ore processed,O.bulk,9883000
8260,COM00937.00,2010,Ore mined,O.bulk,5089000
8261,COM00937.00,2010,Ore processed,O.bulk,5089000
8262,COM00937.00,2011,Ore mined,O.bulk,10330000
8263,COM00937.00,2011,Ore processed,O.bulk,10330000
8264,COM00937.00,2012,Ore mined,O.bulk,9581000
8265,COM00937.00,2012,Ore processed,O.bulk,9581000
8266,COM00937.00,2013,Ore mined,O.bulk,9900000
8267,COM00937.00,2013,Ore processed,O.bulk,9900000
8268,COM00937.00,2014,Ore mined,O.bulk,10120000
8269,COM00937.00,2014,Ore processed,O.bulk,10120000
8270,COM00937.00,2015,Ore mined,O.bulk,7928000
8271,COM00937.00,2015,Ore processed,O.bulk,7928000
8272,COM00937.00,2016,Ore mined,O.bulk,9699000
8273,COM00937.00,2016,Ore processed,O.bulk,9699000
8274,COM00937.00,2017,Ore mined,O.bulk,8604000
8275,COM00937.00,2017,Ore processed,O.bulk,8604000
8276,COM00937.00,2018,Ore mined,O.bulk,7215000
8277,COM00937.00,2018,Ore processed,O.bulk,7215000
8278,COM00937.00,2019,Ore mined,O.bulk,7965000
8279,COM00937.00,2019,Ore processed,O.bulk,7965000
8280,COM00940.00,2010,Ore mined,O.Ni,1259000
8281,COM00940.00,2010,Ore processed,O.Ni,1259000
8282,COM00940.00,2011,Ore mined,O.Ni,1466000
8283,COM00940.00,2011,Ore processed,O.Ni,1466000
8284,COM00940.00,2012,Ore mined,O.Ni,1975000
8285,COM00940.00,2012,Ore processed,O.Ni,1975000
8286,COM00940.00,2013,Ore mined,O.Ni,263000
8287,COM00940.00,2013,Ore processed,O.Ni,263000
8288,COM00940.00,2014,Ore mined,O.Ni,1358000
8289,COM00940.00,2014,Ore processed,O.Ni,1358000
8290,COM00940.00,2015,Ore mined,O.Ni,1024000
8291,COM00940.00,2015,Ore processed,O.Ni,1024000
8292,COM00940.00,2016,Ore mined,O.Ni,1710000
8293,COM00940.00,2016,Ore processed,O.Ni,1710000
8294,COM00940.00,2017,Ore mined,O.Ni,964000
8295,COM00940.00,2017,Ore processed,O.Ni,964000
8296,COM00940.00,2018,Ore mined,O.Ni,0
8297,COM00940.00,2018,Ore processed,O.Ni,0
8298,COM00940.00,2019,Ore mined,O.Ni,321000
8299,COM00940.00,2019,Ore processed,O.Ni,321000
8300,COM00942.00,2000,Ore mined,O.bulk,255350
8301,COM00942.00,2000,Ore processed,O.bulk,255350
8302,COM00942.00,2001,Ore mined,O.bulk,349350
8303,COM00942.00,2001,Ore processed,O.bulk,349350
8304,COM00942.00,2002,Ore mined,O.bulk,350951
8305,COM00942.00,2002,Ore processed,O.bulk,350951
8306,COM00942.00,2003,Ore mined,O.bulk,393210
8307,COM00942.00,2003,Ore processed,O.bulk,393210
8308,COM00942.00,2004,Ore mined,O.bulk,431241
8309,COM00942.00,2004,Ore processed,O.bulk,431241
8310,COM00942.00,2005,Ore mined,O.bulk,461091
8311,COM00942.00,2005,Ore processed,O.bulk,461091
8312,COM00942.00,2006,Ore mined,O.bulk,467953
8313,COM00942.00,2006,Ore processed,O.bulk,467953
8314,COM00942.00,2007,Ore mined,O.bulk,478669
8315,COM00942.00,2007,Ore processed,O.bulk,478669
8316,COM00942.00,2008,Ore mined,O.bulk,483376
8317,COM00942.00,2008,Ore processed,O.bulk,483376
8318,COM00942.00,2009,Ore mined,O.bulk,484621
8319,COM00942.00,2009,Ore processed,O.bulk,484621
8320,COM00942.00,2010,Ore mined,O.bulk,484767
8321,COM00942.00,2010,Ore processed,O.bulk,484767
8322,COM00942.00,2011,Ore mined,O.bulk,499732
8323,COM00942.00,2011,Ore processed,O.bulk,499732
8324,COM00942.00,2012,Ore mined,O.bulk,461437
8325,COM00942.00,2012,Ore processed,O.bulk,461437
8326,COM00942.00,2013,Ore mined,O.bulk,443537
8327,COM00942.00,2013,Ore processed,O.bulk,443537
8328,COM00942.00,2014,Ore mined,O.bulk,454694
8329,COM00942.00,2014,Ore processed,O.bulk,454694
8330,COM00942.00,2015,Ore mined,O.bulk,458222
8331,COM00942.00,2015,Ore processed,O.bulk,458222
8332,COM00942.00,2016,Ore mined,O.bulk,464366
8333,COM00942.00,2016,Ore processed,O.bulk,464366
8334,COM00942.00,2017,Ore mined,O.bulk,500580
8335,COM00942.00,2017,Ore processed,O.bulk,500580
8336,COM00942.00,2018,Ore mined,O.bulk,353891
8337,COM00942.00,2018,Ore processed,O.bulk,353891
8338,COM00942.00,2019,Ore mined,O.bulk,127079
8339,COM00942.00,2019,Ore processed,O.bulk,127079
8340,COM00943.00,2007,Concentrate,Con.Cu,284000
8341,COM00943.00,2007,Concentrate,Con.Zn,91000
8342,COM00943.00,2007,Ore mined,O.bulk,1231000
8343,COM00943.00,2007,Ore processed,O.bulk,1231000
8344,COM00943.00,2008,Concentrate,Con.Cu,343000
8345,COM00943.00,2008,Concentrate,Con.Zn,109000
8346,COM00943.00,2008,Ore mined,O.bulk,1528000
8347,COM00943.00,2008,Ore processed,O.bulk,1528000
8348,COM00943.00,2009,Concentrate,Con.Cu,340000
8349,COM00943.00,2009,Concentrate,Con.Zn,121000
8350,COM00943.00,2009,Ore mined,O.bulk,1621000
8351,COM00943.00,2009,Ore processed,O.bulk,1621000
8352,COM00943.00,2010,Concentrate,Con.Cu,267000
8353,COM00943.00,2010,Concentrate,Con.Zn,126000
8354,COM00943.00,2010,Ore mined,O.bulk,1538000
8355,COM00943.00,2010,Ore processed,O.bulk,1538000
8356,COM00943.00,2011,Concentrate,Con.Cu,278000
8357,COM00943.00,2011,Concentrate,Con.Zn,95000
8358,COM00943.00,2011,Ore mined,O.bulk,1566000
8359,COM00943.00,2011,Ore processed,O.bulk,1566000
8360,COM00943.00,2012,Concentrate,Con.Cu,235000
8361,COM00943.00,2012,Concentrate,Con.Zn,112000
8362,COM00943.00,2012,Ore mined,O.bulk,1558000
8363,COM00943.00,2012,Ore processed,O.bulk,1558000
8364,COM00943.00,2013,Concentrate,Con.Cu,261000
8365,COM00943.00,2013,Concentrate,Con.Zn,132000
8366,COM00943.00,2013,Ore mined,O.bulk,1557000
8367,COM00943.00,2013,Ore processed,O.bulk,1557000
8368,COM00943.00,2014,Concentrate,Con.Cu,179000
8369,COM00943.00,2014,Concentrate,Con.Zn,135000
8370,COM00943.00,2014,Ore mined,O.bulk,1548000
8371,COM00943.00,2014,Ore processed,O.bulk,1548000
8372,COM00943.00,2015,Concentrate,Con.Cu,254000
8373,COM00943.00,2015,Concentrate,Con.Zn,100000
8374,COM00943.00,2015,Ore mined,O.bulk,1417000
8375,COM00943.00,2015,Ore processed,O.bulk,1417000
8376,COM00943.00,2016,Concentrate,Con.Cu,218700
8377,COM00943.00,2016,Concentrate,Con.Zn,88000
8378,COM00943.00,2016,Ore mined,O.bulk,1260000
8379,COM00943.00,2016,Ore processed,O.bulk,1262000
8380,COM00943.00,2017,Concentrate,Con.Cu,175700
8381,COM00943.00,2017,Ore mined,O.bulk,1067000
8382,COM00943.00,2017,Ore processed,O.bulk,1067000
8383,COM00943.00,2018,Concentrate,Con.Cu,172900
8384,COM00943.00,2018,Ore mined,O.bulk,1087000
8385,COM00943.00,2018,Ore processed,O.bulk,1087000
8386,COM00943.00,2019,Concentrate,Con.Cu,142000
8387,COM00943.00,2019,Ore mined,O.bulk,969000
8388,COM00943.00,2019,Ore processed,O.bulk,969000
8389,COM00948.00,2005,Ore mined,O.bulk,351000
8390,COM00948.00,2005,Ore processed,O.bulk,351000
8391,COM00948.00,2006,Ore mined,O.bulk,1507000
8392,COM00948.00,2006,Ore processed,O.bulk,1507000
8393,COM00948.00,2007,Ore mined,O.bulk,2147000
8394,COM00948.00,2007,Ore processed,O.bulk,2147000
8395,COM00948.00,2008,Ore mined,O.bulk,2385000
8396,COM00948.00,2008,Ore processed,O.bulk,2385000
8397,COM00948.00,2009,Ore mined,O.bulk,990000
8398,COM00948.00,2009,Ore processed,O.bulk,990000
8399,COM00948.00,2010,Ore mined,O.bulk,1510000
8400,COM00948.00,2010,Ore processed,O.bulk,1510000
8401,COM00948.00,2011,Ore mined,O.bulk,2366000
8402,COM00948.00,2011,Ore processed,O.bulk,2366000
8403,COM00948.00,2012,Ore mined,O.bulk,2351000
8404,COM00948.00,2012,Ore processed,O.bulk,2351000
8405,COM00948.00,2013,Ore mined,O.bulk,2318000
8406,COM00948.00,2013,Ore processed,O.bulk,2318000
8407,COM00948.00,2014,Ore mined,O.bulk,2243000
8408,COM00948.00,2014,Ore processed,O.bulk,2243000
8409,COM00948.00,2015,Ore mined,O.bulk,2328000
8410,COM00948.00,2015,Ore processed,O.bulk,2328000
8411,COM00948.00,2016,Ore mined,O.bulk,2392000
8412,COM00948.00,2016,Ore processed,O.bulk,2392000
8413,COM00948.00,2017,Ore mined,O.bulk,2378000
8414,COM00948.00,2017,Ore processed,O.bulk,2378000
8415,COM00948.00,2018,Ore mined,O.bulk,1895000
8416,COM00948.00,2018,Ore processed,O.bulk,1895000
8417,COM00948.00,2019,Ore mined,O.bulk,2116000
8418,COM00948.00,2019,Ore processed,O.bulk,2116000
8419,COM00954.00,2009,Ore mined,O.bulk,966629
8420,COM00954.00,2009,Ore processed,O.bulk,966629
8421,COM00954.00,2010,Ore mined,O.bulk,1665082
8422,COM00954.00,2010,Ore processed,O.bulk,1665082
8423,COM00954.00,2011,Ore mined,O.bulk,1563156
8424,COM00954.00,2011,Ore processed,O.bulk,1563156
8425,COM00954.00,2012,Ore mined,O.bulk,1918153
8426,COM00954.00,2012,Ore processed,O.bulk,1918153
8427,COM00954.00,2013,Ore mined,O.bulk,2107117
8428,COM00954.00,2013,Ore processed,O.bulk,2107117
8429,COM00954.00,2014,Ore mined,O.bulk,1936952
8430,COM00954.00,2014,Ore processed,O.bulk,1936952
8431,COM00954.00,2015,Ore mined,O.bulk,1466641
8432,COM00954.00,2015,Ore processed,O.bulk,1466641
8433,COM00954.00,2016,Ore mined,O.bulk,978767
8434,COM00954.00,2016,Ore processed,O.bulk,978767
8435,COM00954.00,2017,Ore mined,O.bulk,1359368
8436,COM00954.00,2017,Ore processed,O.bulk,1359368
8437,COM00954.00,2018,Ore mined,O.bulk,1254178
8438,COM00954.00,2018,Ore processed,O.bulk,1254178
8439,COM00954.00,2019,Ore mined,O.bulk,1593004
8440,COM00954.00,2019,Ore processed,O.bulk,1593004
8441,COM00955.00,2001,Ore mined,O.Cu,13720000
8442,COM00955.00,2001,Ore processed,O.Cu,13720000
8443,COM00955.00,2002,Ore mined,O.Cu,14688000
8444,COM00955.00,2002,Ore processed,O.Cu,14688000
8445,COM00955.00,2003,Ore mined,O.Cu,15747000
8446,COM00955.00,2003,Ore processed,O.Cu,15747000
8447,COM00955.00,2004,Ore mined,O.Cu,16781000
8448,COM00955.00,2004,Ore processed,O.Cu,16781000
8449,COM00955.00,2005,Ore mined,O.Cu,15603000
8450,COM00955.00,2005,Ore processed,O.Cu,15603000
8451,COM00955.00,2006,Ore mined,O.Cu,16448000
8452,COM00955.00,2006,Ore processed,O.Cu,16448000
8453,COM00955.00,2007,Ore mined,O.Cu,29359000
8454,COM00955.00,2007,Ore processed,O.Cu,29359000
8455,COM00955.00,2008,Ore mined,O.Cu,34362000
8456,COM00955.00,2008,Ore processed,O.Cu,34362000
8457,COM00955.00,2009,Ore mined,O.Cu,34841000
8458,COM00955.00,2009,Ore processed,O.Cu,34841000
8459,COM00955.00,2010,Ore mined,O.Cu,32312000
8460,COM00955.00,2010,Ore processed,O.Cu,32312000
8461,COM00955.00,2011,Ore mined,O.Cu,36668000
8462,COM00955.00,2011,Ore processed,O.Cu,36668000
8463,COM00955.00,2012,Ore mined,O.Cu,34551000
8464,COM00955.00,2012,Ore processed,O.Cu,34551000
8465,COM00955.00,2013,Ore mined,O.Cu,33512000
8466,COM00955.00,2013,Ore processed,O.Cu,33512000
8467,COM00955.00,2014,Ore mined,O.Cu,35344000
8468,COM00955.00,2014,Ore processed,O.Cu,35344000
8469,COM00955.00,2015,Ore mined,O.Cu,34768000
8470,COM00955.00,2015,Ore processed,O.Cu,34768000
8471,COM00955.00,2016,Ore mined,O.Cu,37202000
8472,COM00955.00,2016,Ore processed,O.Cu,37202000
8473,COM00955.00,2017,Ore mined,O.Cu,35266000
8474,COM00955.00,2017,Ore processed,O.Cu,35266000
8475,COM00955.00,2018,Ore mined,O.Cu,37747000
8476,COM00955.00,2018,Ore processed,O.Cu,37747000
8477,COM00955.00,2019,Ore mined,O.Cu,39558000
8478,COM00955.00,2019,Ore processed,O.Cu,39558000
8479,COM00956.00,2008,Ore mined,O.Al,4684684
8480,COM00956.00,2008,Ore processed,O.Al,4684684
8481,COM00956.00,2009,Ore mined,O.Al,4700027
8482,COM00956.00,2009,Ore processed,O.Al,4700027
8483,COM00956.00,2010,Ore mined,O.Al,4878888
8484,COM00956.00,2010,Ore processed,O.Al,4878888
8485,COM00956.00,2011,Ore mined,O.Al,4823908
8486,COM00956.00,2011,Ore processed,O.Al,4823908
8487,COM00956.00,2012,Ore mined,O.Al,5002626
8488,COM00956.00,2012,Ore processed,O.Al,5002626
8489,COM00956.00,2013,Ore mined,O.Al,5419391
8490,COM00956.00,2013,Ore processed,O.Al,5419391
8491,COM00956.00,2014,Ore mined,O.Al,6292677
8492,COM00956.00,2014,Ore processed,O.Al,6292677
8493,COM00956.00,2015,Ore mined,O.Al,5739120
8494,COM00956.00,2015,Ore processed,O.Al,5739120
8495,COM00956.00,2016,Ore mined,O.Al,6340142
8496,COM00956.00,2016,Ore processed,O.Al,6340142
8497,COM00956.00,2017,Ore mined,O.Al,6825000
8498,COM00956.00,2017,Ore processed,O.Al,6825000
8499,COM00956.00,2018,Ore mined,O.Al,7025109
8500,COM00956.00,2018,Ore processed,O.Al,7025109
8501,COM00956.00,2019,Ore mined,O.Al,7230546
8502,COM00956.00,2019,Ore processed,O.Al,7230546
8503,COM00959.00,2003,Ore mined,O.Au,18832364
8504,COM00959.00,2003,Ore processed,O.Au,18426545
8505,COM00959.00,2004,Ore mined,O.Au,17281000
8506,COM00959.00,2004,Ore processed,O.Au,17342000
8507,COM00959.00,2005,Ore mined,O.Au,17157000
8508,COM00959.00,2005,Ore processed,O.Au,16945000
8509,COM00959.00,2006,Ore mined,O.Au,17637000
8510,COM00959.00,2006,Ore processed,O.Au,18137000
8511,COM00959.00,2007,Ore mined,O.Au,19883000
8512,COM00959.00,2007,Ore processed,O.Au,19285000
8513,COM00959.00,2008,Ore mined,O.Au,20575000
8514,COM00959.00,2008,Ore processed,O.Au,20307000
8515,COM00959.00,2009,Ore mined,O.Au,41256000
8516,COM00959.00,2009,Ore processed,O.Au,39744000
8517,COM00959.00,2010,Ore mined,O.Au,44902000
8518,COM00959.00,2010,Ore processed,O.Au,42658000
8519,COM00959.00,2011,Ore mined,O.Au,44434000
8520,COM00959.00,2011,Ore processed,O.Au,44532000
8521,COM00959.00,2012,Ore mined,O.Au,55000000
8522,COM00959.00,2012,Ore processed,O.Au,52976000
8523,COM00959.00,2013,Ore mined,O.Au,56431000
8524,COM00959.00,2013,Ore processed,O.Au,55699000
8525,COM00959.00,2014,Ore mined,O.Au,53584000
8526,COM00959.00,2014,Ore processed,O.Au,51397000
8527,COM00959.00,2015,Ore mined,O.Au,47750000
8528,COM00959.00,2015,Ore processed,O.Au,45277000
8529,COM00959.00,2016,Ore mined,O.Au,47206000
8530,COM00959.00,2016,Ore processed,O.Au,46816000
8531,COM00959.00,2017,Ore mined,O.Au,27770000
8532,COM00959.00,2017,Ore processed,O.Au,37623000
8533,COM00959.00,2018,Ore mined,O.Au,47910000
8534,COM00959.00,2018,Ore processed,O.Au,54141000
8535,COM00960.00,2007,Ore mined,O.Al,1900000
8536,COM00960.00,2007,Ore processed,O.Al,1900000
8537,COM00960.00,2008,Ore mined,O.Al,4400000
8538,COM00960.00,2008,Ore processed,O.Al,4400000
8539,COM00960.00,2009,Ore mined,O.Al,6200000
8540,COM00960.00,2009,Ore processed,O.Al,6200000
8541,COM00960.00,2010,Ore mined,O.Al,7500000
8542,COM00960.00,2010,Ore processed,O.Al,7500000
8543,COM00960.00,2011,Ore mined,O.Al,8200000
8544,COM00960.00,2011,Ore processed,O.Al,8200000
8545,COM00960.00,2012,Ore mined,O.Al,9200000
8546,COM00960.00,2012,Ore processed,O.Al,9200000
8547,COM00960.00,2013,Ore mined,O.Al,7600000
8548,COM00960.00,2013,Ore processed,O.Al,7600000
8549,COM00960.00,2014,Ore mined,O.Al,9500000
8550,COM00960.00,2014,Ore processed,O.Al,9500000
8551,COM00960.00,2015,Ore mined,O.Al,10100000
8552,COM00960.00,2015,Ore processed,O.Al,10100000
8553,COM00960.00,2016,Ore mined,O.Al,11100000
8554,COM00960.00,2016,Ore processed,O.Al,11100000
8555,COM00960.00,2017,Ore mined,O.Al,11400000
8556,COM00960.00,2017,Ore processed,O.Al,11400000
8557,COM00960.00,2018,Ore mined,O.Al,6200000
8558,COM00960.00,2018,Ore processed,O.Al,6200000
8559,COM00960.00,2019,Ore mined,O.Al,7400000
8560,COM00960.00,2019,Ore processed,O.Al,7400000
8561,COM00962.00,2002,Ore mined,O.Fe,8800000
8562,COM00962.00,2002,Ore processed,O.Fe,8800000
8563,COM00962.00,2003,Ore mined,O.Fe,10200000
8564,COM00962.00,2003,Ore processed,O.Fe,10200000
8565,COM00962.00,2004,Ore mined,O.Fe,15500000
8566,COM00962.00,2004,Ore processed,O.Fe,15500000
8567,COM00962.00,2005,Ore mined,O.Fe,23200000
8568,COM00962.00,2005,Ore processed,O.Fe,23200000
8569,COM00962.00,2006,Ore mined,O.Fe,26500000
8570,COM00962.00,2006,Ore processed,O.Fe,26500000
8571,COM00962.00,2007,Ore mined,O.Fe,32400000
8572,COM00962.00,2007,Ore processed,O.Fe,32400000
8573,COM00962.00,2008,Ore mined,O.Fe,29700000
8574,COM00962.00,2008,Ore processed,O.Fe,29700000
8575,COM00962.00,2009,Ore mined,O.Fe,16500000
8576,COM00962.00,2009,Ore processed,O.Fe,16500000
8577,COM00962.00,2010,Ore mined,O.Fe,22600000
8578,COM00962.00,2010,Ore processed,O.Fe,22600000
8579,COM00962.00,2011,Ore mined,O.Fe,24400000
8580,COM00962.00,2011,Ore processed,O.Fe,24400000
8581,COM00962.00,2012,Ore mined,O.Fe,25800000
8582,COM00962.00,2012,Ore processed,O.Fe,25800000
8583,COM00962.00,2013,Ore mined,O.Fe,26100000
8584,COM00962.00,2013,Ore processed,O.Fe,26100000
8585,COM00962.00,2014,Ore mined,O.Fe,31200000
8586,COM00962.00,2014,Ore processed,O.Fe,31200000
8587,COM00962.00,2015,Ore mined,O.Fe,28100000
8588,COM00962.00,2015,Ore processed,O.Fe,28100000
8589,COM00962.00,2016,Ore mined,O.Fe,26400000
8590,COM00962.00,2016,Ore processed,O.Fe,26400000
8591,COM00962.00,2017,Ore mined,O.Fe,42100000
8592,COM00962.00,2017,Ore processed,O.Fe,42100000
8593,COM00962.00,2018,Ore mined,O.Fe,41000000
8594,COM00962.00,2018,Ore processed,O.Fe,41000000
8595,COM00962.00,2019,Ore mined,O.Fe,24700000
8596,COM00962.00,2019,Ore processed,O.Fe,24700000
8597,COM00964.00,2010,Ore mined,O.P,43000
8598,COM00964.00,2010,Ore processed,O.P,43000
8599,COM00964.00,2011,Ore mined,O.P,44000
8600,COM00964.00,2011,Ore processed,O.P,44000
8601,COM00964.00,2012,Ore mined,O.P,44000
8602,COM00964.00,2012,Ore processed,O.P,44000
8603,COM00964.00,2013,Ore mined,O.P,53000
8604,COM00964.00,2013,Ore processed,O.P,53000
8605,COM00966.00,2011,Ore mined,O.Au,250885
8606,COM00966.00,2011,Ore processed,O.Au,287072
8607,COM00966.00,2012,Ore mined,O.Au,336877
8608,COM00966.00,2012,Ore processed,O.Au,336877
8609,COM00966.00,2013,Ore mined,O.Au,507757
8610,COM00966.00,2013,Ore processed,O.Au,412360
8611,COM00966.00,2014,Ore mined,O.Au,510244
8612,COM00966.00,2014,Ore processed,O.Au,464777
8613,COM00966.00,2015,Ore mined,O.Au,455655
8614,COM00966.00,2015,Ore processed,O.Au,483456
8615,COM00966.00,2016,Ore mined,O.Au,398812
8616,COM00966.00,2016,Ore processed,O.Au,386570
8617,COM00966.00,2017,Ore mined,O.Au,352029
8618,COM00966.00,2017,Ore processed,O.Au,434246
8619,COM00966.00,2018,Ore mined,O.Au,174974
8620,COM00966.00,2018,Ore processed,O.Au,233292
8621,COM00970.00,2008,Concentrate,Con.Fe,4500000
8622,COM00970.00,2009,Concentrate,Con.Fe,4500000
8623,COM00970.00,2010,Concentrate,Con.Fe,4600000
8624,COM00970.00,2011,Concentrate,Con.Fe,4500000
8625,COM00970.00,2011,Ore mined,O.Fe,9000000
8626,COM00970.00,2011,Ore processed,O.Fe,9000000
8627,COM00970.00,2012,Concentrate,Con.Fe,4500000
8628,COM00970.00,2012,Ore mined,O.Fe,8400000
8629,COM00970.00,2012,Ore processed,O.Fe,8400000
8630,COM00970.00,2013,Concentrate,Con.Fe,3900000
8631,COM00970.00,2013,Ore mined,O.Fe,9500000
8632,COM00970.00,2013,Ore processed,O.Fe,9500000
8633,COM00970.00,2014,Concentrate,Con.Fe,3500000
8634,COM00970.00,2014,Ore mined,O.Fe,10100000
8635,COM00970.00,2014,Ore processed,O.Fe,10100000
8636,COM00970.00,2015,Concentrate,Con.Fe,3500000
8637,COM00970.00,2015,Ore mined,O.Fe,7900000
8638,COM00970.00,2015,Ore processed,O.Fe,7900000
8639,COM00970.00,2016,Concentrate,Con.Fe,2900000
8640,COM00970.00,2016,Ore mined,O.Fe,10800000
8641,COM00970.00,2016,Ore processed,O.Fe,10800000
8642,COM00970.00,2017,Concentrate,Con.Fe,3600000
8643,COM00970.00,2017,Ore mined,O.Fe,12400000
8644,COM00970.00,2017,Ore processed,O.Fe,12400000
8645,COM00970.00,2018,Concentrate,Con.Fe,4000000
8646,COM00970.00,2018,Ore mined,O.Fe,13300000
8647,COM00970.00,2018,Ore processed,O.Fe,13300000
8648,COM00970.00,2019,Concentrate,Con.Fe,3900000
8649,COM00970.00,2019,Ore mined,O.Fe,7900000
8650,COM00970.00,2019,Ore processed,O.Fe,7900000
8651,COM00971.00,2010,Ore mined,O.bulk,31392100
8652,COM00971.00,2010,Ore processed,O.oxi,10540200
8653,COM00971.00,2010,Ore processed,O.sul,20637600
8654,COM00971.00,2011,Ore mined,O.oxi,11126000
8655,COM00971.00,2011,Ore mined,O.sul,32431900
8656,COM00971.00,2011,Ore processed,O.oxi,11126000
8657,COM00971.00,2011,Ore processed,O.sul,30999200
8658,COM00971.00,2012,Ore mined,O.oxi,5954400
8659,COM00971.00,2012,Ore mined,O.sul,37524600
8660,COM00971.00,2012,Ore processed,O.oxi,5954500
8661,COM00971.00,2012,Ore processed,O.sul,36406900
8662,COM00971.00,2013,Ore mined,O.oxi,10471500
8663,COM00971.00,2013,Ore mined,O.sul,50612200
8664,COM00971.00,2013,Ore processed,O.oxi,10471500
8665,COM00971.00,2013,Ore processed,O.sul,38762400
8666,COM00971.00,2014,Ore mined,O.oxi,2373000
8667,COM00971.00,2014,Ore mined,O.sul,37915500
8668,COM00971.00,2014,Ore processed,O.oxi,3053000
8669,COM00971.00,2014,Ore processed,O.sul,39913100
8670,COM00971.00,2015,Ore mined,O.oxi,3038000
8671,COM00971.00,2015,Ore mined,O.sul,39079000
8672,COM00971.00,2015,Ore processed,O.oxi,3038000
8673,COM00971.00,2015,Ore processed,O.sul,38870000
8674,COM00971.00,2016,Ore mined,O.oxi,1106000
8675,COM00971.00,2016,Ore mined,O.sul,46735000
8676,COM00971.00,2016,Ore processed,O.oxi,1106000
8677,COM00971.00,2016,Ore processed,O.sul,34112000
8678,COM00971.00,2017,Ore mined,O.bulk,37083000
8679,COM00971.00,2017,Ore processed,O.bulk,37083000
8680,COM00971.00,2018,Ore mined,O.bulk,35248000
8681,COM00971.00,2018,Ore processed,O.bulk,35248000
8682,COM00972.00,2015,Ore mined,O.bulk,593000
8683,COM00972.00,2015,Ore processed,O.bulk,593000
8684,COM00972.00,2016,Ore mined,O.bulk,652000
8685,COM00972.00,2016,Ore processed,O.bulk,652000
8686,COM00972.00,2017,Ore mined,O.bulk,527000
8687,COM00972.00,2017,Ore processed,O.bulk,527000
8688,COM00972.00,2018,Ore mined,O.bulk,567000
8689,COM00972.00,2018,Ore processed,O.bulk,567000
8690,COM00976.00,2000,Ore mined,O.bulk,1365000
8691,COM00976.00,2000,Ore processed,O.bulk,1365000
8692,COM00976.00,2001,Ore mined,O.bulk,1343000
8693,COM00976.00,2001,Ore processed,O.bulk,1343000
8694,COM00976.00,2002,Ore mined,O.bulk,1349000
8695,COM00976.00,2002,Ore processed,O.bulk,1349000
8696,COM00976.00,2003,Ore mined,O.bulk,759000
8697,COM00976.00,2003,Ore processed,O.bulk,759000
8698,COM00979.00,2000,Ore mined,O.bulk,213795
8699,COM00979.00,2000,Ore processed,O.bulk,213795
8700,COM00979.00,2001,Ore mined,O.bulk,132596
8701,COM00979.00,2001,Ore processed,O.bulk,132596
8702,COM00980.00,2013,Ore mined,O.Fe,464000
8703,COM00980.00,2013,Ore processed,O.Fe,464000
8704,COM00980.00,2014,Ore mined,O.Fe,4339000
8705,COM00980.00,2014,Ore processed,O.Fe,4339000
8706,COM00980.00,2015,Ore mined,O.Fe,1678000
8707,COM00980.00,2015,Ore processed,O.Fe,1678000
8708,COM00981.00,2007,Ore mined,O.bulk,11105035
8709,COM00981.00,2007,Ore processed,O.bulk,11105035
8710,COM00981.00,2008,Ore mined,O.bulk,9319666
8711,COM00981.00,2008,Ore processed,O.bulk,9319666
8712,COM00981.00,2009,Ore mined,O.bulk,9357768
8713,COM00981.00,2009,Ore processed,O.bulk,9357768
8714,COM00981.00,2010,Ore mined,O.bulk,9105566
8715,COM00981.00,2010,Ore processed,O.bulk,9105566
8716,COM00981.00,2011,Ore mined,O.bulk,9680731
8717,COM00981.00,2011,Ore processed,O.bulk,9680731
8718,COM00981.00,2012,Ore mined,O.bulk,11019758
8719,COM00981.00,2012,Ore processed,O.bulk,11019758
8720,COM00981.00,2013,Ore mined,O.bulk,11213899
8721,COM00981.00,2013,Ore processed,O.bulk,11213899
8722,COM00981.00,2014,Ore mined,O.bulk,13688741
8723,COM00981.00,2014,Ore processed,O.bulk,13688741
8724,COM00981.00,2015,Ore mined,O.bulk,15958555
8725,COM00981.00,2015,Ore processed,O.bulk,15958555
8726,COM00981.00,2016,Ore mined,O.bulk,17625082
8727,COM00981.00,2016,Ore processed,O.bulk,17625082
8728,COM00981.00,2017,Ore mined,O.bulk,15873278
8729,COM00981.00,2017,Ore processed,O.bulk,15873278
8730,COM00981.00,2018,Ore mined,O.bulk,17679514
8731,COM00981.00,2018,Ore processed,O.bulk,17679514
8732,COM00982.00,2004,Ore mined,O.Au,16746000
8733,COM00982.00,2004,Ore processed,O.Au,16746000
8734,COM00982.00,2005,Ore mined,O.Au,15965000
8735,COM00982.00,2005,Ore processed,O.Au,15965000
8736,COM00984.00,2009,Ore mined,O.Al,694600
8737,COM00984.00,2009,Ore processed,O.Al,694600
8738,COM00984.00,2010,Ore mined,O.Al,523000
8739,COM00984.00,2010,Ore processed,O.Al,523000
8740,COM00984.00,2011,Ore mined,O.Al,316000
8741,COM00984.00,2011,Ore processed,O.Al,316000
8742,COM00984.00,2012,Ore mined,O.Al,1033600
8743,COM00984.00,2012,Ore processed,O.Al,1033600
8744,COM00984.00,2013,Ore mined,O.Al,698000
8745,COM00984.00,2013,Ore processed,O.Al,698000
8746,COM00984.00,2014,Ore mined,O.Al,540000
8747,COM00984.00,2014,Ore processed,O.Al,540000
8748,COM00984.00,2015,Ore mined,O.Al,364800
8749,COM00984.00,2015,Ore processed,O.Al,364800
8750,COM00984.00,2016,Ore mined,O.Al,453000
8751,COM00984.00,2016,Ore processed,O.Al,453000
8752,COM00984.00,2017,Ore mined,O.Al,521000
8753,COM00984.00,2017,Ore processed,O.Al,521000
8754,COM00984.00,2018,Ore mined,O.Al,110000
8755,COM00984.00,2018,Ore processed,O.Al,110000
8756,COM00984.00,2019,Ore mined,O.Al,61000
8757,COM00984.00,2019,Ore processed,O.Al,61000
8758,COM00986.00,2002,Ore mined,O.Al,828000
8759,COM00986.00,2002,Ore processed,O.Al,828000
8760,COM00986.00,2003,Ore mined,O.Al,1492000
8761,COM00986.00,2003,Ore processed,O.Al,1492000
8762,COM00986.00,2004,Ore mined,O.Al,1784700
8763,COM00986.00,2004,Ore processed,O.Al,1784700
8764,COM00986.00,2005,Ore mined,O.Al,1846000
8765,COM00986.00,2005,Ore processed,O.Al,1846000
8766,COM00986.00,2008,Ore mined,O.Al,2981500
8767,COM00986.00,2008,Ore processed,O.Al,2981500
8768,COM00986.00,2009,Ore mined,O.Al,4256500
8769,COM00986.00,2009,Ore processed,O.Al,4256500
8770,COM00986.00,2010,Ore mined,O.Al,4738000
8771,COM00986.00,2010,Ore processed,O.Al,4738000
8772,COM00986.00,2011,Ore mined,O.Al,5123900
8773,COM00986.00,2011,Ore processed,O.Al,5123900
8774,COM00986.00,2012,Ore mined,O.Al,6180000
8775,COM00986.00,2012,Ore processed,O.Al,6180000
8776,COM00986.00,2013,Ore mined,O.Al,6130000
8777,COM00986.00,2013,Ore processed,O.Al,6130000
8778,COM00986.00,2014,Ore mined,O.Al,6131000
8779,COM00986.00,2014,Ore processed,O.Al,6131000
8780,COM00986.00,2015,Ore mined,O.Al,5670000
8781,COM00986.00,2015,Ore processed,O.Al,5670000
8782,COM00986.00,2016,Ore mined,O.Al,5949000
8783,COM00986.00,2016,Ore processed,O.Al,5949000
8784,COM00986.00,2017,Ore mined,O.Al,5668000
8785,COM00986.00,2017,Ore processed,O.Al,5668000
8786,COM00986.00,2018,Ore mined,O.Al,5674000
8787,COM00986.00,2018,Ore processed,O.Al,5674000
8788,COM00986.00,2019,Ore mined,O.Al,5988000
8789,COM00986.00,2019,Ore processed,O.Al,5988000
8790,COM00990.00,2009,Ore mined,O.bulk,227394
8791,COM00990.00,2009,Ore processed,O.bulk,227394
8792,COM00990.00,2010,Ore mined,O.bulk,2318266
8793,COM00990.00,2010,Ore processed,O.bulk,2318266
8794,COM00990.00,2011,Ore mined,O.bulk,4509407
8795,COM00990.00,2011,Ore processed,O.bulk,4509407
8796,COM00990.00,2012,Ore mined,O.bulk,4394673
8797,COM00990.00,2012,Ore processed,O.bulk,4394673
8798,COM00990.00,2013,Ore mined,O.bulk,4001862
8799,COM00990.00,2013,Ore processed,O.bulk,4001862
8800,COM00990.00,2014,Ore mined,O.bulk,4314200
8801,COM00990.00,2014,Ore processed,O.bulk,4314200
8802,COM00990.00,2015,Ore mined,O.bulk,4477218
8803,COM00990.00,2015,Ore processed,O.bulk,4477218
8804,COM00990.00,2016,Ore mined,O.bulk,4379400
8805,COM00990.00,2016,Ore processed,O.bulk,4379400
8806,COM00990.00,2017,Ore mined,O.bulk,4503527
8807,COM00990.00,2017,Ore processed,O.bulk,4503527
8808,COM00990.00,2018,Ore mined,O.bulk,3640390
8809,COM00990.00,2018,Ore processed,O.bulk,3640390
8810,COM00990.00,2019,Ore mined,O.bulk,3073559
8811,COM00990.00,2019,Ore processed,O.bulk,3073559
8812,COM00991.00,2008,Concentrate,Con.Cu,26800
8813,COM00991.00,2009,Concentrate,Con.Cu,33300
8814,COM00991.00,2014,Concentrate,Con.Cu,211709
8815,COM00991.00,2014,Concentrate,Con.Mo,344
8816,COM00991.00,2014,Ore mined,O.Cu,20931000
8817,COM00991.00,2014,Ore processed,O.Cu,17231000
8818,COM00991.00,2015,Concentrate,Con.Cu,203966
8819,COM00991.00,2015,Concentrate,Con.Mo,184
8820,COM00991.00,2015,Ore mined,O.Cu,23139000
8821,COM00991.00,2015,Ore processed,O.Cu,17730000
8822,COM00991.00,2016,Concentrate,Con.Cu,234702
8823,COM00991.00,2016,Concentrate,Con.Mo,174
8824,COM00991.00,2016,Ore mined,O.Cu,23435000
8825,COM00991.00,2016,Ore processed,O.Cu,20565000
8826,COM00991.00,2017,Concentrate,Con.Cu,196583
8827,COM00991.00,2017,Concentrate,Con.Mo,64
8828,COM00991.00,2017,Ore mined,O.Cu,20605000
8829,COM00991.00,2017,Ore processed,O.Cu,19655000
8830,COM00991.00,2018,Concentrate,Con.Cu,201747
8831,COM00991.00,2018,Ore mined,O.Cu,19290000
8832,COM00991.00,2018,Ore processed,O.Cu,19246000
8833,COM00991.00,2019,Concentrate,Con.Cu,196560
8834,COM00991.00,2019,Ore mined,O.Cu,18888000
8835,COM00991.00,2019,Ore processed,O.Cu,18665000
8836,COM00994.00,2016,Ore mined,O.pgm,5669000
8837,COM00994.00,2016,Ore processed,O.pgm,5669000
8838,COM00994.00,2017,Ore mined,O.pgm,8050000
8839,COM00994.00,2017,Ore processed,O.pgm,8050000
8840,COM00994.00,2018,Ore mined,O.pgm,7712000
8841,COM00994.00,2018,Ore processed,O.pgm,7712000
8842,COM00995.00,2002,Ore mined,O.Au,3532000
8843,COM00995.00,2002,Ore processed,O.Au,3532000
8844,COM00995.00,2003,Ore mined,O.Au,3010000
8845,COM00995.00,2003,Ore processed,O.Au,3010000
8846,COM00995.00,2004,Ore mined,O.Au,2662000
8847,COM00995.00,2004,Ore processed,O.Au,2662000
8848,COM00995.00,2005,Ore mined,O.Au,2004000
8849,COM00995.00,2005,Ore processed,O.Au,2004000
8850,COM00995.00,2015,Ore mined,O.Au,810467
8851,COM00995.00,2015,Ore processed,O.Au,836682
8852,COM00995.00,2016,Ore mined,O.Au,639742
8853,COM00995.00,2016,Ore processed,O.Au,934507
8854,COM00996.00,2012,Ore mined,O.Al,800000
8855,COM00996.00,2012,Ore processed,O.Al,800000
8856,COM00996.00,2013,Ore mined,O.Al,800000
8857,COM00996.00,2013,Ore processed,O.Al,800000
8858,COM00996.00,2014,Ore mined,O.Al,500000
8859,COM00996.00,2014,Ore processed,O.Al,500000
8860,COM00996.00,2015,Ore mined,O.Al,300000
8861,COM00996.00,2015,Ore processed,O.Al,300000
8862,COM00996.00,2016,Ore mined,O.Al,200000
8863,COM00996.00,2016,Ore processed,O.Al,200000
8864,COM00996.00,2017,Ore mined,O.Al,300000
8865,COM00996.00,2017,Ore processed,O.Al,300000
8866,COM00996.00,2018,Ore mined,O.Al,400000
8867,COM00996.00,2018,Ore processed,O.Al,400000
8868,COM00996.00,2019,Ore mined,O.Al,300000
8869,COM00996.00,2019,Ore processed,O.Al,300000
8870,COM00997.00,2019,Ore mined,O.Au,783505
8871,COM00997.00,2019,Ore processed,O.Au,796318
8872,COM00997.00,2020,Ore mined,O.Au,836006
8873,COM00997.00,2020,Ore processed,O.Au,833503
8874,COM01002.00,2005,Ore mined,O.Ni,370000
8875,COM01002.00,2005,Ore processed,O.Ni,370000
8876,COM01002.00,2006,Ore mined,O.Ni,685000
8877,COM01002.00,2006,Ore processed,O.Ni,685000
8878,COM01002.00,2007,Ore mined,O.Ni,645000
8879,COM01002.00,2007,Ore processed,O.Ni,645000
8880,COM01002.00,2008,Ore mined,O.Ni,417000
8881,COM01002.00,2008,Ore processed,O.Ni,417000
8882,COM01004.00,2012,Ore mined,O.Fe,2004000
8883,COM01004.00,2012,Ore processed,O.Fe,2004000
8884,COM01004.00,2013,Ore mined,O.Fe,1401000
8885,COM01004.00,2013,Ore processed,O.Fe,1401000
8886,COM01004.00,2014,Ore mined,O.Fe,433000
8887,COM01004.00,2014,Ore processed,O.Fe,433000
8888,COM01004.00,2015,Ore mined,O.Fe,2000
8889,COM01004.00,2015,Ore processed,O.Fe,2000
8890,COM01006.00,2007,Ore mined,O.bulk,61867
8891,COM01006.00,2007,Ore processed,O.bulk,61867
8892,COM01006.00,2008,Ore mined,O.bulk,184188
8893,COM01006.00,2008,Ore processed,O.bulk,184188
8894,COM01006.00,2009,Ore mined,O.bulk,244450
8895,COM01006.00,2009,Ore processed,O.bulk,244450
8896,COM01006.00,2010,Ore mined,O.bulk,245041
8897,COM01006.00,2010,Ore processed,O.bulk,245041
8898,COM01006.00,2011,Ore mined,O.bulk,260475
8899,COM01006.00,2011,Ore processed,O.bulk,260475
8900,COM01006.00,2012,Ore mined,O.bulk,122366
8901,COM01006.00,2012,Ore processed,O.bulk,122366
8902,COM01006.00,2013,Ore mined,O.bulk,2557
8903,COM01006.00,2013,Ore processed,O.bulk,2557
8904,COM01007.00,2003,Ore mined,O.Au,7146000
8905,COM01007.00,2003,Ore processed,O.Au,4705000
8906,COM01007.00,2004,Ore mined,O.Au,13752000
8907,COM01007.00,2004,Ore processed,O.Au,3995000
8908,COM01007.00,2005,Ore mined,O.Au,5443000
8909,COM01007.00,2005,Ore processed,O.Au,4266000
8910,COM01007.00,2006,Ore mined,O.Au,20348000
8911,COM01007.00,2006,Ore processed,O.Au,4218000
8912,COM01007.00,2007,Ore mined,O.Au,24460000
8913,COM01007.00,2007,Ore processed,O.Au,3924000
8914,COM01007.00,2008,Ore mined,O.Au,3793800
8915,COM01007.00,2008,Ore processed,O.Au,3793800
8916,COM01007.00,2009,Ore mined,O.Au,4025400
8917,COM01007.00,2009,Ore processed,O.Au,4025400
8918,COM01007.00,2010,Ore mined,O.Au,4129400
8919,COM01007.00,2010,Ore processed,O.Au,4129400
8920,COM01007.00,2011,Ore mined,O.Au,4110000
8921,COM01007.00,2011,Ore processed,O.Au,4110000
8922,COM01007.00,2012,Ore mined,O.Au,4162400
8923,COM01007.00,2012,Ore processed,O.Au,4162400
8924,COM01007.00,2013,Ore mined,O.Au,4231700
8925,COM01007.00,2013,Ore processed,O.Au,4231700
8926,COM01007.00,2014,Ore mined,O.Au,4166800
8927,COM01007.00,2014,Ore processed,O.Au,4166800
8928,COM01007.00,2015,Ore mined,O.Au,4015000
8929,COM01007.00,2015,Ore processed,O.Au,4015000
8930,COM01007.00,2016,Ore mined,O.Au,3491000
8931,COM01007.00,2016,Ore processed,O.Au,3491000
8932,COM01007.00,2017,Ore mined,O.Au,3289000
8933,COM01007.00,2017,Ore processed,O.Au,3289000
8934,COM01007.00,2018,Ore mined,O.Au,3672000
8935,COM01007.00,2018,Ore processed,O.Au,3672000
8936,COM01008.00,2013,Ore mined,O.Au,19608421
8937,COM01008.00,2013,Ore processed,O.Au,5635789
8938,COM01008.00,2014,Ore mined,O.Au,16543158
8939,COM01008.00,2014,Ore processed,O.Au,5877895
8940,COM01008.00,2015,Ore mined,O.Au,22136601
8941,COM01008.00,2015,Ore processed,O.Au,6322578
8942,COM01012.00,2008,Concentrate,Con.Fe,1200000
8943,COM01012.00,2009,Concentrate,Con.Fe,1800000
8944,COM01012.00,2010,Concentrate,Con.Fe,1400000
8945,COM01012.00,2011,Concentrate,Con.Fe,1900000
8946,COM01012.00,2011,Ore mined,O.Fe,2700000
8947,COM01012.00,2011,Ore processed,O.Fe,2700000
8948,COM01012.00,2012,Concentrate,Con.Fe,2080000
8949,COM01012.00,2012,Ore mined,O.Fe,3000000
8950,COM01012.00,2012,Ore processed,O.Fe,3000000
8951,COM01012.00,2013,Concentrate,Con.Fe,2100000
8952,COM01012.00,2013,Ore mined,O.Fe,2900000
8953,COM01012.00,2013,Ore processed,O.Fe,2900000
8954,COM01012.00,2014,Concentrate,Con.Fe,2100000
8955,COM01012.00,2014,Ore mined,O.Fe,3000000
8956,COM01012.00,2014,Ore processed,O.Fe,3000000
8957,COM01012.00,2015,Concentrate,Con.Fe,2100000
8958,COM01012.00,2015,Ore mined,O.Fe,2700000
8959,COM01012.00,2015,Ore processed,O.Fe,2700000
8960,COM01012.00,2016,Concentrate,Con.Fe,1800000
8961,COM01012.00,2016,Ore mined,O.Fe,2300000
8962,COM01012.00,2016,Ore processed,O.Fe,2300000
8963,COM01012.00,2017,Concentrate,Con.Fe,1600000
8964,COM01012.00,2017,Ore mined,O.Fe,2200000
8965,COM01012.00,2017,Ore processed,O.Fe,2200000
8966,COM01012.00,2018,Concentrate,Con.Fe,1400000
8967,COM01012.00,2018,Ore mined,O.Fe,1900000
8968,COM01012.00,2018,Ore processed,O.Fe,1900000
8969,COM01012.00,2019,Concentrate,Con.Fe,1400000
8970,COM01012.00,2019,Ore mined,O.Fe,1900000
8971,COM01012.00,2019,Ore processed,O.Fe,1900000
8972,COM01015.00,2009,Concentrate,Con.Cu,178066
8973,COM01015.00,2009,Ore mined,O.bulk,9120226
8974,COM01015.00,2009,Ore processed,O.bulk,6538276
8975,COM01015.00,2010,Concentrate,Con.Cu,220589
8976,COM01015.00,2010,Ore mined,O.bulk,10037624
8977,COM01015.00,2010,Ore processed,O.bulk,9537461
8978,COM01015.00,2011,Concentrate,Con.Cu,204225
8979,COM01015.00,2011,Ore mined,O.bulk,11333854
8980,COM01015.00,2011,Ore processed,O.bulk,9891819
8981,COM01015.00,2012,Concentrate,Con.Cu,202355
8982,COM01015.00,2012,Ore mined,O.bulk,7754395
8983,COM01015.00,2012,Ore processed,O.bulk,9648325
8984,COM01015.00,2013,Concentrate,Con.Cu,154369
8985,COM01015.00,2013,Ore mined,O.bulk,9485978
8986,COM01015.00,2013,Ore processed,O.bulk,9499296
8987,COM01015.00,2014,Concentrate,Con.Cu,176519
8988,COM01015.00,2014,Ore mined,O.Au,5849908
8989,COM01015.00,2014,Ore mined,O.bulk,9862907
8990,COM01015.00,2014,Ore processed,O.bulk,9870853
8991,COM01015.00,2015,Concentrate,Con.Cu,255710
8992,COM01015.00,2015,Ore mined,O.Au,2557434
8993,COM01015.00,2015,Ore mined,O.bulk,11584049
8994,COM01015.00,2015,Ore processed,O.bulk,10589261
8995,COM01015.00,2016,Concentrate,Con.Cu,240085
8996,COM01015.00,2016,Ore mined,O.Au,2439785
8997,COM01015.00,2016,Ore mined,O.bulk,14792622
8998,COM01015.00,2016,Ore processed,O.bulk,9506995
8999,COM01015.00,2017,Concentrate,Con.Cu,241224
9000,COM01015.00,2017,Ore mined,O.Au,798266
9001,COM01015.00,2017,Ore mined,O.bulk,15269493
9002,COM01015.00,2017,Ore processed,O.bulk,9954496
9003,COM01015.00,2018,Concentrate,Con.Cu,259799
9004,COM01015.00,2018,Ore mined,O.Au,863
9005,COM01015.00,2018,Ore mined,O.bulk,5132329
9006,COM01015.00,2018,Ore processed,O.bulk,9830063
9007,COM01015.00,2019,Concentrate,Con.Cu,234451
9008,COM01015.00,2019,Ore mined,O.bulk,3365932
9009,COM01015.00,2019,Ore processed,O.bulk,9807885
9010,COM01028.00,2012,Ore mined,O.Ni,2303862
9011,COM01028.00,2012,Ore processed,O.Ni,2303862
9012,COM01028.00,2013,Ore mined,O.Ni,2529274
9013,COM01028.00,2013,Ore processed,O.Ni,2529274
9014,COM01028.00,2014,Ore mined,O.Ni,0
9015,COM01028.00,2014,Ore processed,O.Ni,0
9016,COM01028.00,2015,Ore mined,O.Ni,0
9017,COM01028.00,2015,Ore processed,O.Ni,0
9018,COM01028.00,2016,Ore mined,O.Ni,0
9019,COM01028.00,2016,Ore processed,O.Ni,0
9020,COM01028.00,2017,Ore mined,O.Ni,32896
9021,COM01028.00,2017,Ore processed,O.Ni,32896
9022,COM01028.00,2018,Ore mined,O.Ni,46841
9023,COM01028.00,2018,Ore processed,O.Ni,46841
9024,COM01028.00,2019,Ore mined,O.Ni,1081444
9025,COM01028.00,2019,Ore processed,O.Ni,1081444
9026,COM01035.00,2013,Ore mined,O.Al,377000
9027,COM01035.00,2013,Ore processed,O.Al,377000
9028,COM01035.00,2014,Ore mined,O.Al,150000
9029,COM01035.00,2014,Ore processed,O.Al,150000
9030,COM01051.00,2000,Ore mined,O.bulk,95660
9031,COM01051.00,2000,Ore processed,O.bulk,95660
9032,COM01051.00,2001,Ore mined,O.bulk,146079
9033,COM01051.00,2001,Ore processed,O.bulk,146079
9034,COM01052.00,2013,Ore mined,O.Au,4429250
9035,COM01052.00,2013,Ore processed,O.Au,4429250
9036,COM01052.00,2014,Ore mined,O.Au,6711667
9037,COM01052.00,2014,Ore processed,O.Au,6711667
9038,COM01052.00,2015,Ore mined,O.Au,6916667
9039,COM01052.00,2015,Ore processed,O.Au,6916667
9040,COM01052.00,2016,Ore mined,O.Au,7545000
9041,COM01052.00,2016,Ore processed,O.Au,7545000
9042,COM01052.00,2017,Ore mined,O.Au,7985000
9043,COM01052.00,2017,Ore processed,O.Au,7985000
9044,COM01052.00,2018,Ore mined,O.Au,8346667
9045,COM01052.00,2018,Ore processed,O.Au,8346667
9046,COM01053.00,2011,Ore mined,O.bulk,1089000
9047,COM01053.00,2011,Ore processed,O.bulk,1089000
9048,COM01053.00,2012,Ore mined,O.bulk,1623000
9049,COM01053.00,2012,Ore processed,O.bulk,1623000
9050,COM01053.00,2013,Ore mined,O.bulk,1575000
9051,COM01053.00,2013,Ore processed,O.bulk,1575000
9052,COM01053.00,2014,Ore mined,O.bulk,1587000
9053,COM01053.00,2014,Ore processed,O.bulk,1587000
9054,COM01053.00,2015,Ore mined,O.bulk,1557000
9055,COM01053.00,2015,Ore processed,O.bulk,1557000
9056,COM01053.00,2016,Ore mined,O.bulk,1774000
9057,COM01053.00,2016,Ore processed,O.bulk,1774000
9058,COM01053.00,2017,Ore mined,O.bulk,1798000
9059,COM01053.00,2017,Ore processed,O.bulk,1798000
9060,COM01053.00,2018,Ore mined,O.bulk,1420000
9061,COM01053.00,2018,Ore processed,O.bulk,1420000
9062,COM01053.00,2019,Ore mined,O.bulk,1394000
9063,COM01053.00,2019,Ore processed,O.bulk,1394000
9064,COM01055.00,2013,NM mineral,O.FeS,825821
9065,COM01055.00,2013,Ore mined,O.bulk,1382000
9066,COM01055.00,2013,Ore processed,O.bulk,1382000
9067,COM01055.00,2014,NM mineral,O.FeS,840929
9068,COM01055.00,2014,Ore mined,O.bulk,1377000
9069,COM01055.00,2014,Ore processed,O.bulk,1377000
9070,COM01055.00,2015,NM mineral,O.FeS,839706
9071,COM01055.00,2015,Ore mined,O.bulk,1379000
9072,COM01055.00,2015,Ore processed,O.bulk,1379000
9073,COM01055.00,2016,NM mineral,O.FeS,490480
9074,COM01055.00,2016,Ore mined,O.bulk,1380000
9075,COM01055.00,2016,Ore processed,O.bulk,1380000
9076,COM01055.00,2017,NM mineral,O.FeS,692124
9077,COM01055.00,2017,Ore mined,O.bulk,1260000
9078,COM01055.00,2017,Ore processed,O.bulk,1260000
9079,COM01055.00,2018,NM mineral,O.FeS,645885
9080,COM01055.00,2018,Ore mined,O.bulk,1248000
9081,COM01055.00,2018,Ore processed,O.bulk,1248000
9082,COM01056.00,2010,Ore mined,O.Cu,27428000
9083,COM01056.00,2010,Ore processed,O.Cu,27428000
9084,COM01056.00,2011,Ore mined,O.Cu,29909000
9085,COM01056.00,2011,Ore processed,O.Cu,29909000
9086,COM01056.00,2012,Ore mined,O.Cu,31986000
9087,COM01056.00,2012,Ore processed,O.Cu,31986000
9088,COM01056.00,2013,Ore mined,O.Cu,56200000
9089,COM01056.00,2013,Ore processed,O.Cu,16218000
9090,COM01056.00,2014,Ore mined,O.Cu,34520000
9091,COM01056.00,2014,Ore processed,O.Cu,12610000
9092,COM01056.00,2015,Ore mined,O.Cu,22923000
9093,COM01056.00,2015,Ore processed,O.Cu,9224000
9094,COM01056.00,2016,Ore mined,O.Cu,12489000
9095,COM01056.00,2016,Ore processed,O.Cu,6081000
9096,COM01056.00,2017,Ore mined,O.Cu,13416000
9097,COM01056.00,2017,Ore processed,O.Cu,9312000
9098,COM01056.00,2018,Ore mined,O.Cu,10936000
9099,COM01056.00,2018,Ore processed,O.Cu,6854000
9100,COM01060.00,2002,Ore mined,O.bulk,508352
9101,COM01060.00,2002,Ore processed,O.bulk,508352
9102,COM01060.00,2003,Ore mined,O.bulk,442093
9103,COM01060.00,2003,Ore processed,O.bulk,442093
9104,COM01060.00,2004,Ore mined,O.bulk,381237
9105,COM01060.00,2004,Ore processed,O.bulk,381237
9106,COM01060.00,2005,Ore mined,O.bulk,362192
9107,COM01060.00,2005,Ore processed,O.bulk,362192
9108,COM01060.00,2006,Ore mined,O.bulk,370115
9109,COM01060.00,2006,Ore processed,O.bulk,370115
9110,COM01060.00,2007,Ore mined,O.bulk,362141
9111,COM01060.00,2007,Ore processed,O.bulk,362141
9112,COM01060.00,2008,Ore mined,O.bulk,349022
9113,COM01060.00,2008,Ore processed,O.bulk,349022
9114,COM01060.00,2009,Ore mined,O.bulk,330030
9115,COM01060.00,2009,Ore processed,O.bulk,330030
9116,COM01060.00,2010,Ore mined,O.bulk,323427
9117,COM01060.00,2010,Ore processed,O.bulk,323427
9118,COM01060.00,2011,Ore mined,O.bulk,295000
9119,COM01060.00,2011,Ore processed,O.bulk,295000
9120,COM01061.00,2006,Concentrate,Con.Pb,9245
9121,COM01061.00,2006,Concentrate,Con.Zn,45982
9122,COM01061.00,2006,Ore mined,O.bulk,491624
9123,COM01061.00,2006,Ore processed,O.bulk,491624
9124,COM01061.00,2007,Concentrate,Con.Pb,12210
9125,COM01061.00,2007,Concentrate,Con.Zn,49644
9126,COM01061.00,2007,Ore mined,O.bulk,579075
9127,COM01061.00,2007,Ore processed,O.bulk,579075
9128,COM01061.00,2008,Concentrate,Con.Pb,23706
9129,COM01061.00,2008,Concentrate,Con.Zn,66235
9130,COM01061.00,2008,Ore mined,O.bulk,813249
9131,COM01061.00,2008,Ore processed,O.bulk,813249
9132,COM01061.00,2009,Concentrate,Con.bulk,8687
9133,COM01061.00,2009,Concentrate,Con.Pb,17745
9134,COM01061.00,2009,Concentrate,Con.Zn,59672
9135,COM01061.00,2009,Ore mined,O.bulk,783288
9136,COM01061.00,2009,Ore processed,O.bulk,783288
9137,COM01061.00,2010,Concentrate,Con.bulk,15535
9138,COM01061.00,2010,Concentrate,Con.Pb,20828
9139,COM01061.00,2010,Concentrate,Con.Zn,74872
9140,COM01061.00,2010,Ore mined,O.bulk,945997
9141,COM01061.00,2010,Ore processed,O.bulk,945997
9142,COM01061.00,2011,Concentrate,Con.bulk,14265
9143,COM01061.00,2011,Concentrate,Con.Pb,26896
9144,COM01061.00,2011,Concentrate,Con.Zn,93364
9145,COM01061.00,2011,Ore mined,O.bulk,1150284
9146,COM01061.00,2011,Ore processed,O.bulk,1150284
9147,COM01061.00,2012,Concentrate,Con.bulk,20003
9148,COM01061.00,2012,Concentrate,Con.Pb,58880
9149,COM01061.00,2012,Concentrate,Con.Zn,142195
9150,COM01061.00,2012,Ore mined,O.bulk,1890650
9151,COM01061.00,2012,Ore processed,O.bulk,1890650
9152,COM01061.00,2013,Concentrate,Con.bulk,13623
9153,COM01061.00,2013,Concentrate,Con.Pb,69328
9154,COM01061.00,2013,Concentrate,Con.Zn,141340
9155,COM01061.00,2013,Ore mined,O.bulk,2139504
9156,COM01061.00,2013,Ore processed,O.bulk,2139504
9157,COM01061.00,2014,Concentrate,Con.Pb,72369
9158,COM01061.00,2014,Concentrate,Con.Zn,157774
9159,COM01061.00,2014,Ore mined,O.bulk,2333495
9160,COM01061.00,2014,Ore processed,O.bulk,2333495
9161,COM01061.00,2015,Concentrate,Con.bulk,9832
9162,COM01061.00,2015,Concentrate,Con.Pb,72277
9163,COM01061.00,2015,Concentrate,Con.Zn,170311
9164,COM01061.00,2015,Ore mined,O.bulk,2483339
9165,COM01061.00,2015,Ore processed,O.bulk,2483339
9166,COM01061.00,2016,Concentrate,Con.bulk,8941
9167,COM01061.00,2016,Concentrate,Con.Pb,105018
9168,COM01061.00,2016,Concentrate,Con.Zn,229112
9169,COM01061.00,2016,Ore mined,O.bulk,3638364
9170,COM01061.00,2016,Ore processed,O.bulk,3638364
9171,COM01061.00,2017,Concentrate,Con.Pb,123489
9172,COM01061.00,2017,Concentrate,Con.Zn,294928
9173,COM01061.00,2017,Ore mined,O.bulk,4410302
9174,COM01061.00,2017,Ore processed,O.bulk,4410302
9175,COM01061.00,2018,Concentrate,Con.Pb,164542
9176,COM01061.00,2018,Concentrate,Con.Zn,403385
9177,COM01061.00,2018,Ore mined,O.bulk,5395568
9178,COM01061.00,2018,Ore processed,O.bulk,5395568
9179,COM01061.00,2019,Concentrate,Con.Pb,210300
9180,COM01061.00,2019,Concentrate,Con.Zn,442087
9181,COM01061.00,2019,Ore mined,O.bulk,6390749
9182,COM01061.00,2019,Ore processed,O.bulk,6390749
9183,COM01062.00,2006,Concentrate,Con.Pb,65194
9184,COM01062.00,2006,Concentrate,Con.Zn,790050
9185,COM01062.00,2006,Ore mined,O.bulk,3496000
9186,COM01062.00,2006,Ore processed,O.bulk,3496000
9187,COM01062.00,2007,Concentrate,Con.Pb,69905
9188,COM01062.00,2007,Concentrate,Con.Zn,851089
9189,COM01062.00,2007,Ore mined,O.bulk,3748840
9190,COM01062.00,2007,Ore processed,O.bulk,3748840
9191,COM01062.00,2008,Concentrate,Con.Pb,74874
9192,COM01062.00,2008,Concentrate,Con.Zn,914917
9193,COM01062.00,2008,Ore mined,O.bulk,4068215
9194,COM01062.00,2008,Ore processed,O.bulk,4068215
9195,COM01062.00,2009,Concentrate,Con.Pb,92151
9196,COM01062.00,2009,Concentrate,Con.Zn,1114048
9197,COM01062.00,2009,Ore mined,O.bulk,4953110
9198,COM01062.00,2009,Ore processed,O.bulk,4953110
9199,COM01062.00,2010,Concentrate,Con.Pb,89205
9200,COM01062.00,2010,Concentrate,Con.Zn,1155849
9201,COM01062.00,2010,Ore mined,O.bulk,5135625
9202,COM01062.00,2010,Ore processed,O.bulk,5135625
9203,COM01062.00,2011,Concentrate,Con.Pb,117272
9204,COM01062.00,2011,Concentrate,Con.Zn,1319245
9205,COM01062.00,2011,Ore mined,O.bulk,6149165
9206,COM01062.00,2011,Ore processed,O.bulk,6149165
9207,COM01062.00,2012,Concentrate,Con.Pb,101629
9208,COM01062.00,2012,Concentrate,Con.Zn,1261570
9209,COM01062.00,2012,Ore mined,O.bulk,5947081
9210,COM01062.00,2012,Ore processed,O.bulk,5947081
9211,COM01062.00,2013,Concentrate,Con.Pb,110441
9212,COM01062.00,2013,Concentrate,Con.Zn,1334412
9213,COM01062.00,2013,Ore mined,O.bulk,6177679
9214,COM01062.00,2013,Ore processed,O.bulk,6177679
9215,COM01062.00,2014,Concentrate,Con.Pb,94434
9216,COM01062.00,2014,Concentrate,Con.Zn,1268315
9217,COM01062.00,2014,Ore mined,O.bulk,5803852
9218,COM01062.00,2014,Ore processed,O.bulk,5803852
9219,COM01062.00,2015,Concentrate,Con.Pb,96471
9220,COM01062.00,2015,Concentrate,Con.Zn,1249112
9221,COM01062.00,2015,Ore mined,O.bulk,5451320
9222,COM01062.00,2015,Ore processed,O.bulk,5451320
9223,COM01062.00,2016,Concentrate,Con.Pb,88709
9224,COM01062.00,2016,Concentrate,Con.Zn,1006983
9225,COM01062.00,2016,Ore mined,O.bulk,4704635
9226,COM01062.00,2016,Ore processed,O.bulk,4704635
9227,COM01062.00,2017,Concentrate,Con.Pb,76487
9228,COM01062.00,2017,Concentrate,Con.Zn,960138
9229,COM01062.00,2017,Ore mined,O.bulk,4700938
9230,COM01062.00,2017,Ore processed,O.bulk,4700938
9231,COM01062.00,2018,Concentrate,Con.Pb,66049
9232,COM01062.00,2018,Concentrate,Con.Zn,862313
9233,COM01062.00,2018,Ore mined,O.bulk,3843187
9234,COM01062.00,2018,Ore processed,O.bulk,3843187
9235,COM01062.00,2019,Concentrate,Con.Pb,59677
9236,COM01062.00,2019,Concentrate,Con.Zn,718272
9237,COM01062.00,2019,Ore mined,O.bulk,3330011
9238,COM01062.00,2019,Ore processed,O.bulk,3330011
9239,COM01066.00,2011,Ore mined,O.Ni,645000
9240,COM01066.00,2011,Ore processed,O.Ni,645000
9241,COM01066.00,2012,Ore mined,O.Ni,2811000
9242,COM01066.00,2012,Ore processed,O.Ni,2811000
9243,COM01066.00,2013,Ore mined,O.Ni,3119000
9244,COM01066.00,2013,Ore processed,O.Ni,3119000
9245,COM01066.00,2014,Ore mined,O.Ni,3128000
9246,COM01066.00,2014,Ore processed,O.Ni,3128000
9247,COM01066.00,2015,Ore mined,O.Ni,2334000
9248,COM01066.00,2015,Ore processed,O.Ni,2334000
9249,COM01066.00,2016,Ore mined,O.Ni,2510000
9250,COM01066.00,2016,Ore processed,O.Ni,2510000
9251,COM01066.00,2017,Ore mined,O.Ni,2211000
9252,COM01066.00,2017,Ore processed,O.Ni,2211000
9253,COM01071.00,2006,Ore mined,O.bulk,72200
9254,COM01071.00,2006,Ore processed,O.bulk,72200
9255,COM01071.00,2007,Ore mined,O.bulk,98970
9256,COM01071.00,2007,Ore processed,O.bulk,98970
9257,COM01071.00,2008,Ore mined,O.bulk,103000
9258,COM01071.00,2008,Ore processed,O.bulk,103000
9259,COM01071.00,2009,Ore mined,O.bulk,57620
9260,COM01071.00,2009,Ore processed,O.bulk,57620
9261,COM01071.00,2010,Ore mined,O.bulk,120800
9262,COM01071.00,2010,Ore processed,O.bulk,120800
9263,COM01071.00,2011,Ore mined,O.bulk,112450
9264,COM01071.00,2011,Ore processed,O.bulk,112450
9265,COM01071.00,2012,Ore mined,O.bulk,106685
9266,COM01071.00,2012,Ore processed,O.bulk,106685
9267,COM01071.00,2013,Ore mined,O.bulk,87635
9268,COM01071.00,2013,Ore processed,O.bulk,87635
9269,COM01072.00,2000,Ore mined,O.bulk,6591000
9270,COM01072.00,2000,Ore processed,O.bulk,3045000
9271,COM01072.00,2001,Ore mined,O.bulk,7294000
9272,COM01072.00,2001,Ore processed,O.bulk,3211000
9273,COM01072.00,2002,Ore mined,O.bulk,7257000
9274,COM01072.00,2002,Ore processed,O.bulk,3166000
9275,COM01072.00,2003,Ore mined,O.bulk,6450000
9276,COM01072.00,2003,Ore processed,O.bulk,3154000
9277,COM01072.00,2004,Ore mined,O.bulk,6345000
9278,COM01072.00,2004,Ore processed,O.bulk,2948000
9279,COM01072.00,2005,Ore mined,O.bulk,3087000
9280,COM01072.00,2005,Ore processed,O.bulk,3087000
9281,COM01072.00,2006,Ore mined,O.bulk,3238000
9282,COM01072.00,2006,Ore processed,O.bulk,3238000
9283,COM01072.00,2007,Ore mined,O.bulk,3381000
9284,COM01072.00,2007,Ore processed,O.bulk,3381000
9285,COM01072.00,2008,Concentrate,Con.Pb,245000
9286,COM01072.00,2008,Concentrate,Con.Zn,916000
9287,COM01072.00,2009,Concentrate,Con.Pb,220000
9288,COM01072.00,2009,Concentrate,Con.Zn,1020000
9289,COM01072.00,2010,Ore mined,O.bulk,3572000
9290,COM01072.00,2010,Ore processed,O.bulk,3572000
9291,COM01072.00,2011,Ore mined,O.bulk,3673000
9292,COM01072.00,2011,Ore processed,O.bulk,3673000
9293,COM01072.00,2012,Ore mined,O.bulk,3576000
9294,COM01072.00,2012,Ore processed,O.bulk,3576000
9295,COM01072.00,2013,Ore mined,O.bulk,3853000
9296,COM01072.00,2013,Ore processed,O.bulk,3853000
9297,COM01072.00,2014,Ore mined,O.bulk,4300000
9298,COM01072.00,2014,Ore processed,O.bulk,4300000
9299,COM01072.00,2015,Ore mined,O.bulk,4026000
9300,COM01072.00,2015,Ore processed,O.bulk,4026000
9301,COM01072.00,2016,Ore mined,O.bulk,4250000
9302,COM01072.00,2016,Ore processed,O.bulk,4250000
9303,COM01072.00,2017,Ore mined,O.bulk,4270000
9304,COM01072.00,2017,Ore processed,O.bulk,4270000
9305,COM01072.00,2018,Ore mined,O.bulk,4429000
9306,COM01072.00,2018,Ore processed,O.bulk,4429000
9307,COM01074.00,2000,Ore mined,O.Au,74148
9308,COM01074.00,2000,Ore processed,O.Au,74148
9309,COM01074.00,2001,Ore mined,O.Au,246618
9310,COM01074.00,2001,Ore processed,O.Au,246618
9311,COM01074.00,2002,Ore mined,O.Au,239482
9312,COM01074.00,2002,Ore processed,O.Au,239482
9313,COM01074.00,2003,Ore mined,O.Au,242082
9314,COM01074.00,2003,Ore processed,O.Au,242082
9315,COM01074.00,2004,Ore mined,O.Au,246822
9316,COM01074.00,2004,Ore processed,O.Au,246822
9317,COM01074.00,2005,Ore mined,O.Au,675500
9318,COM01074.00,2005,Ore processed,O.Au,675500
9319,COM01074.00,2006,Ore mined,O.Au,768900
9320,COM01074.00,2006,Ore processed,O.Au,768900
9321,COM01074.00,2007,Ore mined,O.Au,721000
9322,COM01074.00,2007,Ore processed,O.Au,721000
9323,COM01074.00,2008,Ore mined,O.Au,765500
9324,COM01074.00,2008,Ore processed,O.Au,765500
9325,COM01074.00,2009,Ore mined,O.Au,781700
9326,COM01074.00,2009,Ore processed,O.Au,781700
9327,COM01074.00,2010,Ore mined,O.Au,876600
9328,COM01074.00,2010,Ore processed,O.Au,876600
9329,COM01074.00,2011,Ore mined,O.Au,839600
9330,COM01074.00,2011,Ore processed,O.Au,839600
9331,COM01074.00,2012,Ore mined,O.Au,858100
9332,COM01074.00,2012,Ore processed,O.Au,858100
9333,COM01074.00,2013,Ore mined,O.Au,786900
9334,COM01074.00,2013,Ore processed,O.Au,786900
9335,COM01074.00,2014,Ore mined,O.Au,684100
9336,COM01074.00,2014,Ore processed,O.Au,684100
9337,COM01074.00,2015,Ore mined,O.Au,646000
9338,COM01074.00,2015,Ore processed,O.Au,646000
9339,COM01074.00,2016,Ore mined,O.Au,646000
9340,COM01074.00,2016,Ore processed,O.Au,646000
9341,COM01074.00,2017,Ore mined,O.Au,623000
9342,COM01074.00,2017,Ore processed,O.Au,623000
9343,COM01074.00,2018,Ore mined,O.Au,769000
9344,COM01074.00,2018,Ore processed,O.Au,769000
9345,COM01076.00,2013,Ore mined,O.bulk,38232
9346,COM01076.00,2013,Ore processed,O.bulk,38232
9347,COM01076.00,2014,Ore mined,O.bulk,415736
9348,COM01076.00,2014,Ore processed,O.bulk,415736
9349,COM01076.00,2015,Ore mined,O.bulk,463375
9350,COM01076.00,2015,Ore processed,O.bulk,463375
9351,COM01076.00,2016,Ore mined,O.bulk,443561
9352,COM01076.00,2016,Ore processed,O.bulk,443561
9353,COM01076.00,2017,Ore mined,O.bulk,460413
9354,COM01076.00,2017,Ore processed,O.bulk,460413
9355,COM01076.00,2018,Ore mined,O.bulk,326363
9356,COM01076.00,2018,Ore processed,O.bulk,326363
9357,COM01077.00,2007,Ore mined,O.Au,601612
9358,COM01077.00,2007,Ore processed,O.Au,601612
9359,COM01077.00,2008,Ore mined,O.Au,1192954
9360,COM01077.00,2008,Ore processed,O.Au,1192954
9361,COM01077.00,2009,Ore mined,O.Au,1278176
9362,COM01077.00,2009,Ore processed,O.Au,1278176
9363,COM01077.00,2010,Ore mined,O.Au,1622881
9364,COM01077.00,2010,Ore processed,O.Au,1622881
9365,COM01077.00,2011,Ore mined,O.Au,1771353
9366,COM01077.00,2011,Ore processed,O.Au,1771353
9367,COM01077.00,2012,Ore mined,O.Au,1643120
9368,COM01077.00,2012,Ore processed,O.Au,1643120
9369,COM01077.00,2013,Ore mined,O.Au,1478349
9370,COM01077.00,2013,Ore processed,O.Au,1478349
9371,COM01077.00,2014,Ore mined,O.Au,1430599
9372,COM01077.00,2014,Ore processed,O.Au,1430599
9373,COM01077.00,2015,Ore mined,O.Au,1787075
9374,COM01077.00,2015,Ore processed,O.Au,1787075
9375,COM01077.00,2016,Ore mined,O.Au,201512
9376,COM01077.00,2016,Ore processed,O.Au,201512
9377,COM01081.00,2006,Ore mined,O.Sn,111773
9378,COM01081.00,2006,Ore processed,O.Sn,123682
9379,COM01081.00,2007,Ore mined,O.Sn,0
9380,COM01081.00,2007,Ore processed,O.Sn,0
9381,COM01081.00,2008,Ore mined,O.Sn,0
9382,COM01081.00,2008,Ore processed,O.Sn,0
9383,COM01081.00,2009,Ore mined,O.Sn,503015
9384,COM01081.00,2009,Ore processed,O.Sn,468655
9385,COM01081.00,2010,Ore mined,O.Sn,594377
9386,COM01081.00,2010,Ore processed,O.Sn,611702
9387,COM01081.00,2011,Ore mined,O.Sn,478766
9388,COM01081.00,2011,Ore processed,O.Sn,472076
9389,COM01081.00,2012,Ore mined,O.Sn,535394
9390,COM01081.00,2012,Ore processed,O.Sn,545584
9391,COM01081.00,2013,Ore mined,O.Sn,600354
9392,COM01081.00,2013,Ore processed,O.Sn,603848
9393,COM01081.00,2014,Ore mined,O.Sn,635076
9394,COM01081.00,2014,Ore processed,O.Sn,634336
9395,COM01081.00,2015,Ore mined,O.Sn,644934
9396,COM01081.00,2015,Ore processed,O.Sn,641484
9397,COM01081.00,2016,Ore mined,O.Sn,684276
9398,COM01081.00,2016,Ore processed,O.Sn,689518
9399,COM01081.00,2017,Ore mined,O.Sn,752552
9400,COM01081.00,2017,Ore processed,O.Sn,737686
9401,COM01081.00,2018,Ore mined,O.Sn,802348
9402,COM01081.00,2018,Ore processed,O.Sn,732484
9403,COM01081.00,2019,Ore mined,O.Sn,797980
9404,COM01081.00,2019,Ore processed,O.Sn,745184
9405,COM01081.00,2020,Ore mined,O.Sn,848908
9406,COM01081.00,2020,Ore processed,O.Sn,689182
9407,COM01083.00,2006,NM mineral,M.kao,597000
9408,COM01083.00,2007,NM mineral,M.kao,639000
9409,COM01086.00,2009,Ore mined,O.Ni,1407277
9410,COM01086.00,2009,Ore processed,O.Ni,1407277
9411,COM01086.00,2010,Ore mined,O.Ni,2710578
9412,COM01086.00,2010,Ore processed,O.Ni,2710578
9413,COM01086.00,2011,Ore mined,O.Ni,2699331
9414,COM01086.00,2011,Ore processed,O.Ni,2699331
9415,COM01086.00,2012,Ore mined,O.Ni,4386684
9416,COM01086.00,2012,Ore processed,O.Ni,4386684
9417,COM01086.00,2013,Ore mined,O.Ni,3024767
9418,COM01086.00,2013,Ore processed,O.Ni,3024767
9419,COM01086.00,2014,Ore mined,O.Ni,3361166
9420,COM01086.00,2014,Ore processed,O.Ni,3361166
9421,COM01086.00,2015,Ore mined,O.Ni,3461974
9422,COM01086.00,2015,Ore processed,O.Ni,3461974
9423,COM01086.00,2016,Ore mined,O.Ni,3244322
9424,COM01086.00,2016,Ore processed,O.Ni,3244322
9425,COM01086.00,2017,Ore mined,O.Ni,3059679
9426,COM01086.00,2017,Ore processed,O.Ni,3059679
9427,COM01086.00,2018,Ore mined,O.Ni,5085208
9428,COM01086.00,2018,Ore processed,O.Ni,5085208
9429,COM01086.00,2019,Ore mined,O.Ni,5449332
9430,COM01086.00,2019,Ore processed,O.Ni,5449332
9431,COM01090.00,2001,Ore mined,O.Fe,30706000
9432,COM01090.00,2001,Ore processed,O.Fe,30706000
9433,COM01090.00,2002,Ore mined,O.Fe,35860000
9434,COM01090.00,2002,Ore processed,O.Fe,35860000
9435,COM01090.00,2003,Ore mined,O.Fe,45136000
9436,COM01090.00,2003,Ore processed,O.Fe,45136000
9437,COM01090.00,2004,Ore mined,O.Fe,48459000
9438,COM01090.00,2004,Ore processed,O.Fe,48459000
9439,COM01090.00,2005,Ore mined,O.Fe,52385000
9440,COM01090.00,2005,Ore processed,O.Fe,52385000
9441,COM01090.00,2006,Ore mined,O.Fe,52932000
9442,COM01090.00,2006,Ore processed,O.Fe,52932000
9443,COM01090.00,2007,Ore mined,O.Fe,51512000
9444,COM01090.00,2007,Ore processed,O.Fe,51512000
9445,COM01090.00,2008,Ore mined,O.Fe,50246000
9446,COM01090.00,2008,Ore processed,O.Fe,50246000
9447,COM01090.00,2009,Ore mined,O.Fe,54417000
9448,COM01090.00,2009,Ore processed,O.Fe,54417000
9449,COM01090.00,2010,Ore mined,O.Fe,59641000
9450,COM01090.00,2010,Ore processed,O.Fe,59641000
9451,COM01090.00,2011,Ore mined,O.Fe,57502000
9452,COM01090.00,2011,Ore processed,O.Fe,57502000
9453,COM01090.00,2012,Ore mined,O.Fe,61707000
9454,COM01090.00,2012,Ore processed,O.Fe,61707000
9455,COM01090.00,2013,Ore mined,O.Fe,62401000
9456,COM01090.00,2013,Ore processed,O.Fe,62401000
9457,COM01090.00,2014,Ore mined,O.Fe,63799000
9458,COM01090.00,2014,Ore processed,O.Fe,63799000
9459,COM01090.00,2015,Ore mined,O.Fe,65147000
9460,COM01090.00,2015,Ore processed,O.Fe,65147000
9461,COM01090.00,2016,Ore mined,O.Fe,66820000
9462,COM01090.00,2016,Ore processed,O.Fe,66820000
9463,COM01090.00,2017,Ore mined,O.Fe,65298000
9464,COM01090.00,2017,Ore processed,O.Fe,65298000
9465,COM01090.00,2018,Ore mined,O.Fe,64619000
9466,COM01090.00,2018,Ore processed,O.Fe,64619000
9467,COM01093.00,2000,Ore mined,O.bulk,10229587
9468,COM01093.00,2000,Ore processed,O.bulk,9975571
9469,COM01093.00,2001,Ore mined,O.bulk,9643536
9470,COM01093.00,2001,Ore processed,O.bulk,10781165
9471,COM01093.00,2002,Ore mined,O.bulk,5724432
9472,COM01093.00,2002,Ore processed,O.bulk,8332632
9473,COM01093.00,2003,Ore mined,O.bulk,6011107
9474,COM01093.00,2003,Ore processed,O.bulk,6644333
9475,COM01093.00,2004,Ore mined,O.bulk,9753307
9476,COM01093.00,2004,Ore processed,O.bulk,8143027
9477,COM01093.00,2005,Ore mined,O.bulk,8461618
9478,COM01093.00,2005,Ore processed,O.bulk,8461618
9479,COM01093.00,2006,Ore mined,O.bulk,9434350
9480,COM01093.00,2006,Ore processed,O.bulk,9434350
9481,COM01093.00,2007,Ore mined,O.bulk,4591047
9482,COM01093.00,2007,Ore processed,O.bulk,4591047
9483,COM01093.00,2011,Ore mined,O.bulk,1617511
9484,COM01093.00,2011,Ore processed,O.bulk,1617511
9485,COM01093.00,2012,Ore mined,O.bulk,8098210
9486,COM01093.00,2012,Ore processed,O.bulk,8098210
9487,COM01093.00,2013,Ore mined,O.bulk,9701283
9488,COM01093.00,2013,Ore processed,O.bulk,9701283
9489,COM01093.00,2014,Ore mined,O.bulk,11933698
9490,COM01093.00,2014,Ore processed,O.bulk,11933698
9491,COM01093.00,2015,Ore mined,O.bulk,14891055
9492,COM01093.00,2015,Ore processed,O.bulk,14891055
9493,COM01093.00,2016,Ore mined,O.bulk,17741201
9494,COM01093.00,2016,Ore processed,O.bulk,17741201
9495,COM01093.00,2017,Ore mined,O.bulk,14914613
9496,COM01093.00,2017,Ore processed,O.bulk,14914613
9497,COM01093.00,2018,Ore mined,O.bulk,14669249
9498,COM01093.00,2018,Ore processed,O.bulk,14669249
9499,COM01093.00,2019,Ore mined,O.bulk,9600460
9500,COM01093.00,2019,Ore processed,O.bulk,9600460
9501,COM01097.00,2010,Ore mined,O.bulk,687247
9502,COM01097.00,2010,Ore processed,O.bulk,724792
9503,COM01097.00,2011,Ore mined,O.bulk,779447
9504,COM01097.00,2011,Ore processed,O.bulk,788411
9505,COM01097.00,2012,Ore mined,O.bulk,856957
9506,COM01097.00,2012,Ore processed,O.bulk,812595
9507,COM01097.00,2013,Ore mined,O.bulk,893181
9508,COM01097.00,2013,Ore processed,O.bulk,897277
9509,COM01097.00,2014,Ore mined,O.bulk,842923
9510,COM01097.00,2014,Ore processed,O.bulk,879288
9511,COM01097.00,2015,Ore mined,O.bulk,897516
9512,COM01097.00,2015,Ore processed,O.bulk,898573
9513,COM01097.00,2017,Ore mined,O.bulk,990813
9514,COM01097.00,2017,Ore processed,O.bulk,968573
9515,COM01097.00,2018,Ore mined,O.bulk,1017089
9516,COM01097.00,2018,Ore processed,O.bulk,1028234
9517,COM01099.00,2000,Concentrate,Con.Pb,20000
9518,COM01099.00,2000,Concentrate,Con.Zn,72000
9519,COM01099.00,2001,Concentrate,Con.Pb,22000
9520,COM01099.00,2001,Concentrate,Con.Zn,72000
9521,COM01099.00,2002,Concentrate,Con.Pb,28000
9522,COM01099.00,2002,Concentrate,Con.Zn,75000
9523,COM01099.00,2003,Concentrate,Con.Pb,31000
9524,COM01099.00,2003,Concentrate,Con.Zn,108000
9525,COM01099.00,2004,Concentrate,Con.Pb,27000
9526,COM01099.00,2004,Concentrate,Con.Zn,124000
9527,COM01099.00,2005,Concentrate,Con.Pb,25000
9528,COM01099.00,2005,Concentrate,Con.Zn,126000
9529,COM01099.00,2006,Concentrate,Con.Pb,21000
9530,COM01099.00,2006,Concentrate,Con.Zn,104000
9531,COM01099.00,2007,Concentrate,Con.Pb,22000
9532,COM01099.00,2007,Concentrate,Con.Zn,95000
9533,COM01099.00,2008,Concentrate,Con.Pb,20000
9534,COM01099.00,2008,Concentrate,Con.Zn,94000
9535,COM01099.00,2009,Concentrate,Con.Pb,20000
9536,COM01099.00,2009,Concentrate,Con.Zn,94000
9537,COM01099.00,2010,Concentrate,Con.Pb,19000
9538,COM01099.00,2010,Concentrate,Con.Zn,101000
9539,COM01099.00,2011,Concentrate,Con.Pb,16000
9540,COM01099.00,2011,Concentrate,Con.Zn,89000
9541,COM01101.00,2002,Ore mined,O.Au,62222000
9542,COM01101.00,2002,Ore processed,O.Au,62222000
9543,COM01101.00,2003,Ore mined,O.Au,43444364
9544,COM01101.00,2003,Ore processed,O.Au,57421091
9545,COM01101.00,2004,Ore mined,O.Au,35820000
9546,COM01101.00,2004,Ore processed,O.Au,67065000
9547,COM01101.00,2005,Ore mined,O.Au,29002000
9548,COM01101.00,2005,Ore processed,O.Au,61696000
9549,COM01101.00,2006,Ore mined,O.Au,21488000
9550,COM01101.00,2006,Ore processed,O.Au,43436000
9551,COM01101.00,2007,Ore mined,O.Au,23385000
9552,COM01101.00,2007,Ore processed,O.Au,36990000
9553,COM01101.00,2008,Ore mined,O.Au,26227000
9554,COM01101.00,2008,Ore processed,O.Au,37368000
9555,COM01101.00,2009,Ore mined,O.Au,22179000
9556,COM01101.00,2009,Ore processed,O.Au,30035000
9557,COM01101.00,2010,Ore mined,O.Au,23218000
9558,COM01101.00,2010,Ore processed,O.Au,30348000
9559,COM01101.00,2011,Ore mined,O.Au,27334000
9560,COM01101.00,2011,Ore processed,O.Au,23192000
9561,COM01101.00,2011,Ore processed,O.Au,2842000
9562,COM01101.00,2012,Ore mined,O.Au,20622000
9563,COM01101.00,2012,Ore processed,O.Au,17044000
9564,COM01101.00,2012,Ore processed,O.Au,3626000
9565,COM01101.00,2013,Ore mined,O.Au,19648000
9566,COM01101.00,2013,Ore processed,O.Au,17784000
9567,COM01101.00,2013,Ore processed,O.Au,3811000
9568,COM01101.00,2014,Ore mined,O.Au,26356000
9569,COM01101.00,2014,Ore processed,O.Au,23098000
9570,COM01101.00,2014,Ore processed,O.Au,2928000
9571,COM01101.00,2015,Ore mined,O.Au,26134000
9572,COM01101.00,2015,Ore processed,O.Au,19368000
9573,COM01101.00,2015,Ore processed,O.Au,2716000
9574,COM01101.00,2016,Ore mined,O.Au,23530000
9575,COM01101.00,2016,Ore processed,O.Au,20084000
9576,COM01101.00,2016,Ore processed,O.Au,3629000
9577,COM01101.00,2017,Ore mined,O.Au,26418000
9578,COM01101.00,2017,Ore processed,O.Au,19611000
9579,COM01101.00,2017,Ore processed,O.Au,3659000
9580,COM01101.00,2018,Ore mined,O.Au,22023000
9581,COM01101.00,2018,Ore processed,O.Au,21118000
9582,COM01101.00,2018,Ore processed,O.Au,3652000
9583,COM01102.00,2007,Ore mined,O.bulk,473090
9584,COM01102.00,2007,Ore processed,O.bulk,473090
9585,COM01102.00,2008,Ore mined,O.bulk,601505
9586,COM01102.00,2008,Ore processed,O.bulk,601505
9587,COM01102.00,2009,Ore mined,O.bulk,485360
9588,COM01102.00,2009,Ore processed,O.bulk,485360
9589,COM01102.00,2010,Ore mined,O.bulk,1206172
9590,COM01102.00,2010,Ore processed,O.bulk,1206172
9591,COM01102.00,2011,Ore mined,O.bulk,1269740
9592,COM01102.00,2011,Ore processed,O.bulk,1269740
9593,COM01102.00,2018,Ore mined,O.bulk,1143700
9594,COM01102.00,2018,Ore processed,O.bulk,1143700
9595,COM01102.00,2019,Ore mined,O.bulk,1418188
9596,COM01102.00,2019,Ore processed,O.bulk,1418188
9597,COM01105.00,2017,Ore mined,O.pgm,12983000
9598,COM01105.00,2017,Ore processed,O.pgm,12983000
9599,COM01105.00,2018,Ore mined,O.pgm,12862000
9600,COM01105.00,2018,Ore processed,O.pgm,12862000
9601,COM01106.00,2001,Ore mined,O.Au,5263158
9602,COM01106.00,2001,Ore processed,O.Au,5263158
9603,COM01106.00,2002,Ore mined,O.Au,5000000
9604,COM01106.00,2002,Ore processed,O.Au,5000000
9605,COM01106.00,2003,Ore mined,O.Au,5000000
9606,COM01106.00,2003,Ore processed,O.Au,5000000
9607,COM01106.00,2004,Ore mined,O.Au,5263158
9608,COM01106.00,2004,Ore processed,O.Au,5263158
9609,COM01106.00,2005,Ore mined,O.Au,5000000
9610,COM01106.00,2005,Ore processed,O.Au,5000000
9611,COM01106.00,2006,Ore mined,O.Au,4736842
9612,COM01106.00,2006,Ore processed,O.Au,4736842
9613,COM01106.00,2007,Ore mined,O.Au,4210526
9614,COM01106.00,2007,Ore processed,O.Au,4210526
9615,COM01106.00,2008,Ore mined,O.Au,4210526
9616,COM01106.00,2008,Ore processed,O.Au,4210526
9617,COM01106.00,2009,Ore mined,O.Au,4146341
9618,COM01106.00,2009,Ore processed,O.Au,4146341
9619,COM01106.00,2010,Ore mined,O.Au,4390244
9620,COM01106.00,2010,Ore processed,O.Au,4390244
9621,COM01106.00,2011,Ore mined,O.Au,4878049
9622,COM01106.00,2011,Ore processed,O.Au,4878049
9623,COM01106.00,2012,Ore mined,O.Au,4634146
9624,COM01106.00,2012,Ore processed,O.Au,4634146
9625,COM01106.00,2013,Ore mined,O.Au,4878049
9626,COM01106.00,2013,Ore processed,O.Au,4878049
9627,COM01106.00,2014,Ore mined,O.Au,5121951
9628,COM01106.00,2014,Ore processed,O.Au,5121951
9629,COM01106.00,2015,Ore mined,O.Au,5121951
9630,COM01106.00,2015,Ore processed,O.Au,5121951
9631,COM01106.00,2016,Ore mined,O.Au,4878049
9632,COM01106.00,2016,Ore processed,O.Au,4878049
9633,COM01106.00,2017,Ore mined,O.Au,5121951
9634,COM01106.00,2017,Ore processed,O.Au,5121951
9635,COM01106.00,2018,Ore mined,O.Au,5121951
9636,COM01106.00,2018,Ore processed,O.Au,5121951
9637,COM01109.00,2001,Ore mined,O.Ni,614000
9638,COM01109.00,2001,Ore processed,O.Ni,614000
9639,COM01109.00,2002,Ore mined,O.Ni,1188000
9640,COM01109.00,2002,Ore processed,O.Ni,1188000
9641,COM01109.00,2003,Ore mined,O.Ni,1435000
9642,COM01109.00,2003,Ore processed,O.Ni,1435000
9643,COM01109.00,2004,Ore mined,O.Ni,1358400
9644,COM01109.00,2004,Ore processed,O.Ni,1358400
9645,COM01109.00,2005,Ore mined,O.Ni,1113700
9646,COM01109.00,2005,Ore processed,O.Ni,1113700
9647,COM01109.00,2006,Ore mined,O.Ni,1118300
9648,COM01109.00,2006,Ore processed,O.Ni,1118300
9649,COM01109.00,2007,Ore mined,O.Ni,1236100
9650,COM01109.00,2007,Ore processed,O.Ni,1236100
9651,COM01109.00,2008,Ore mined,O.Ni,1025700
9652,COM01109.00,2008,Ore processed,O.Ni,1025700
9653,COM01109.00,2009,Ore mined,O.Ni,964500
9654,COM01109.00,2009,Ore processed,O.Ni,964500
9655,COM01109.00,2010,Ore mined,O.Ni,845300
9656,COM01109.00,2010,Ore processed,O.Ni,845300
9657,COM01109.00,2011,Ore mined,O.Ni,926300
9658,COM01109.00,2011,Ore processed,O.Ni,926300
9659,COM01109.00,2012,Ore mined,O.Ni,528700
9660,COM01109.00,2012,Ore processed,O.Ni,528700
9661,COM01112.00,2014,Ore mined,O.Cu,18644000
9662,COM01112.00,2014,Ore processed,O.Cu,18644000
9663,COM01112.00,2015,Ore mined,O.Cu,44296000
9664,COM01112.00,2015,Ore processed,O.Cu,44296000
9665,COM01112.00,2016,Ore mined,O.Cu,57279000
9666,COM01112.00,2016,Ore processed,O.Cu,57279000
9667,COM01112.00,2017,Ore mined,O.Cu,61573000
9668,COM01112.00,2017,Ore processed,O.Cu,61573000
9669,COM01112.00,2018,Ore mined,O.Cu,50963000
9670,COM01112.00,2018,Ore processed,O.Cu,50963000
9671,COM01112.00,2019,Ore mined,O.Cu,48468000
9672,COM01112.00,2019,Ore processed,O.Cu,48468000
9673,COM01114.00,2000,Ore mined,O.Fe,14138000
9674,COM01114.00,2000,Ore processed,O.Fe,14138000
9675,COM01114.00,2001,Ore mined,O.Fe,15018000
9676,COM01114.00,2001,Ore processed,O.Fe,15018000
9677,COM01114.00,2002,Ore mined,O.Fe,11258000
9678,COM01114.00,2002,Ore processed,O.Fe,11258000
9679,COM01114.00,2003,Ore mined,O.Fe,15712000
9680,COM01114.00,2003,Ore processed,O.Fe,15712000
9681,COM01114.00,2004,Ore mined,O.Fe,15450000
9682,COM01114.00,2004,Ore processed,O.Fe,15450000
9683,COM01114.00,2005,Ore mined,O.Fe,15374000
9684,COM01114.00,2005,Ore processed,O.Fe,15374000
9685,COM01114.00,2006,Ore mined,O.Fe,15006000
9686,COM01114.00,2006,Ore processed,O.Fe,15006000
9687,COM01114.00,2007,Ore mined,O.Fe,15600000
9688,COM01114.00,2007,Ore processed,O.Fe,15600000
9689,COM01114.00,2008,Ore mined,O.Fe,16928000
9690,COM01114.00,2008,Ore processed,O.Fe,16928000
9691,COM01114.00,2009,Ore mined,O.Fe,16636000
9692,COM01114.00,2009,Ore processed,O.Fe,16636000
9693,COM01114.00,2010,Ore mined,O.Fe,22188000
9694,COM01114.00,2010,Ore processed,O.Fe,22188000
9695,COM01114.00,2011,Ore mined,O.Fe,23418000
9696,COM01114.00,2011,Ore processed,O.Fe,23418000
9697,COM01114.00,2012,Ore mined,O.Fe,22846000
9698,COM01114.00,2012,Ore processed,O.Fe,22846000
9699,COM01114.00,2013,Ore mined,O.Fe,21964000
9700,COM01114.00,2013,Ore processed,O.Fe,21964000
9701,COM01114.00,2014,Ore mined,O.Fe,21838000
9702,COM01114.00,2014,Ore processed,O.Fe,21838000
9703,COM01114.00,2015,Ore mined,O.Fe,29026000
9704,COM01114.00,2015,Ore processed,O.Fe,29026000
9705,COM01114.00,2016,Ore mined,O.Fe,10808000
9706,COM01114.00,2016,Ore processed,O.Fe,10808000
9707,COM01116.00,2006,Ore mined,O.Au,3159294
9708,COM01116.00,2006,Ore processed,O.Au,3159294
9709,COM01116.00,2007,Ore mined,O.Au,2608051
9710,COM01116.00,2007,Ore processed,O.Au,2608051
9711,COM01116.00,2008,Ore mined,O.Au,2827494
9712,COM01116.00,2008,Ore processed,O.Au,2827494
9713,COM01117.00,2008,Ore mined,O.Ag,458602
9714,COM01117.00,2008,Ore processed,O.Ag,458602
9715,COM01117.00,2009,Ore mined,O.Ag,1377738
9716,COM01117.00,2009,Ore processed,O.Ag,1377738
9717,COM01117.00,2010,Ore mined,O.Ag,1365136
9718,COM01117.00,2010,Ore processed,O.Ag,1365136
9719,COM01117.00,2011,Ore mined,O.Ag,1421826
9720,COM01117.00,2011,Ore processed,O.Ag,1421826
9721,COM01117.00,2012,Ore mined,O.Ag,1340180
9722,COM01117.00,2012,Ore processed,O.Ag,1340180
9723,COM01117.00,2013,Ore mined,O.Ag,1523950
9724,COM01117.00,2013,Ore processed,O.Ag,1523950
9725,COM01117.00,2014,Ore mined,O.Ag,1587077
9726,COM01117.00,2014,Ore processed,O.Ag,1587077
9727,COM01117.00,2015,Ore mined,O.Ag,1554105
9728,COM01117.00,2015,Ore processed,O.Ag,1554105
9729,COM01117.00,2016,Ore mined,O.Ag,1512109
9730,COM01117.00,2016,Ore processed,O.Ag,1512109
9731,COM01117.00,2017,Ore mined,O.Ag,1369607
9732,COM01117.00,2017,Ore processed,O.Ag,1369607
9733,COM01119.00,2005,Ore mined,O.bulk,912400
9734,COM01119.00,2005,Ore processed,O.bulk,912400
9735,COM01119.00,2006,Ore mined,O.bulk,1085700
9736,COM01119.00,2006,Ore processed,O.bulk,1085700
9737,COM01119.00,2007,Ore mined,O.bulk,704100
9738,COM01119.00,2007,Ore processed,O.bulk,704100
9739,COM01119.00,2008,Ore mined,O.bulk,657500
9740,COM01119.00,2008,Ore processed,O.bulk,657500
9741,COM01120.00,2019,Concentrate,Con.Fe,500000
9742,COM01123.00,2017,Ore mined,O.bulk,2218000
9743,COM01123.00,2017,Ore processed,O.bulk,2218000
9744,COM01123.00,2018,Ore mined,O.bulk,3492000
9745,COM01123.00,2018,Ore processed,O.bulk,3492000
9746,COM01126.00,2005,Ore mined,O.Au,7796252
9747,COM01126.00,2005,Ore processed,O.Au,7794003
9748,COM01126.00,2006,Ore mined,O.Au,6029985
9749,COM01126.00,2006,Ore processed,O.Au,6032384
9750,COM01128.00,2004,Ore mined,O.bulk,49122
9751,COM01128.00,2004,Ore processed,O.bulk,49122
9752,COM01128.00,2005,Ore mined,O.bulk,18380
9753,COM01128.00,2005,Ore processed,O.bulk,18380
9754,COM01128.00,2006,Ore mined,O.bulk,53851
9755,COM01128.00,2006,Ore processed,O.bulk,53851
9756,COM01128.00,2007,Ore mined,O.bulk,87216
9757,COM01128.00,2007,Ore processed,O.bulk,87216
9758,COM01128.00,2008,Ore mined,O.bulk,98517
9759,COM01128.00,2008,Ore processed,O.bulk,98517
9760,COM01128.00,2009,Ore mined,O.bulk,175796
9761,COM01128.00,2009,Ore processed,O.bulk,175796
9762,COM01128.00,2010,Ore mined,O.bulk,285772
9763,COM01128.00,2010,Ore processed,O.bulk,285772
9764,COM01128.00,2011,Ore mined,O.bulk,297895
9765,COM01128.00,2011,Ore processed,O.bulk,297895
9766,COM01128.00,2012,Ore mined,O.bulk,322105
9767,COM01128.00,2012,Ore processed,O.bulk,322105
9768,COM01128.00,2013,Ore mined,O.bulk,335789
9769,COM01128.00,2013,Ore processed,O.bulk,335789
9770,COM01128.00,2014,Ore mined,O.bulk,332632
9771,COM01128.00,2014,Ore processed,O.bulk,332632
9772,COM01128.00,2015,Ore mined,O.bulk,348421
9773,COM01128.00,2015,Ore processed,O.bulk,348421
9774,COM01128.00,2016,Ore mined,O.bulk,356842
9775,COM01128.00,2016,Ore processed,O.bulk,356842
9776,COM01128.00,2017,Ore mined,O.bulk,345263
9777,COM01128.00,2017,Ore processed,O.bulk,345263
9778,COM01128.00,2018,Ore mined,O.bulk,350526
9779,COM01128.00,2018,Ore processed,O.bulk,350526
9780,COM01128.00,2019,Ore mined,O.bulk,368105
9781,COM01128.00,2019,Ore processed,O.bulk,368105
9782,COM01129.00,2005,Ore mined,O.Au,503732
9783,COM01129.00,2005,Ore processed,O.Au,503732
9784,COM01129.00,2006,Ore mined,O.Au,495643
9785,COM01129.00,2006,Ore processed,O.Au,495643
9786,COM01129.00,2007,Ore mined,O.Au,530544
9787,COM01129.00,2007,Ore processed,O.Au,530544
9788,COM01129.00,2008,Ore mined,O.Au,431945
9789,COM01129.00,2008,Ore processed,O.Au,431945
9790,COM01129.00,2009,Ore mined,O.Au,541656
9791,COM01129.00,2009,Ore processed,O.Au,541656
9792,COM01129.00,2010,Ore mined,O.Au,474704
9793,COM01129.00,2010,Ore processed,O.Au,474704
9794,COM01130.00,2008,Ore mined,O.Al,97300
9795,COM01130.00,2008,Ore processed,O.Al,97300
9796,COM01130.00,2009,Ore mined,O.Al,0
9797,COM01130.00,2009,Ore processed,O.Al,0
9798,COM01130.00,2010,Ore mined,O.Al,42000
9799,COM01130.00,2010,Ore processed,O.Al,42000
9800,COM01130.00,2011,Ore mined,O.Al,54400
9801,COM01130.00,2011,Ore processed,O.Al,54400
9802,COM01130.00,2012,Ore mined,O.Al,800
9803,COM01130.00,2012,Ore processed,O.Al,800
9804,COM01130.00,2013,Ore mined,O.Al,71000
9805,COM01130.00,2013,Ore processed,O.Al,71000
9806,COM01130.00,2014,Ore mined,O.Al,32000
9807,COM01130.00,2014,Ore processed,O.Al,32000
9808,COM01130.00,2015,Ore mined,O.Al,12000
9809,COM01130.00,2015,Ore processed,O.Al,12000
9810,COM01130.00,2016,Ore mined,O.Al,42000
9811,COM01130.00,2016,Ore processed,O.Al,42000
9812,COM01130.00,2017,Ore mined,O.Al,468000
9813,COM01130.00,2017,Ore processed,O.Al,468000
9814,COM01130.00,2018,Ore mined,O.Al,1060000
9815,COM01130.00,2018,Ore processed,O.Al,1060000
9816,COM01130.00,2019,Ore mined,O.Al,445000
9817,COM01130.00,2019,Ore processed,O.Al,445000
9818,COM01132.00,2006,Ore mined,O.Au,2372101
9819,COM01132.00,2006,Ore processed,O.Au,2372101
9820,COM01132.00,2007,Ore mined,O.Au,7566871
9821,COM01132.00,2007,Ore processed,O.Au,7566871
9822,COM01132.00,2008,Ore mined,O.Au,7419243
9823,COM01132.00,2008,Ore processed,O.Au,7419243
9824,COM01138.00,2010,Ore mined,O.bulk,145000
9825,COM01138.00,2010,Ore processed,O.bulk,145000
9826,COM01138.00,2011,Ore mined,O.bulk,818000
9827,COM01138.00,2011,Ore processed,O.bulk,818000
9828,COM01138.00,2012,Ore mined,O.bulk,905000
9829,COM01138.00,2012,Ore processed,O.bulk,905000
9830,COM01138.00,2013,Ore mined,O.bulk,1182000
9831,COM01138.00,2013,Ore processed,O.bulk,1182000
9832,COM01138.00,2014,Ore mined,O.bulk,1535000
9833,COM01138.00,2014,Ore processed,O.bulk,1535000
9834,COM01138.00,2015,Ore mined,O.bulk,2339000
9835,COM01138.00,2015,Ore processed,O.bulk,2339000
9836,COM01138.00,2016,Ore mined,O.bulk,2635000
9837,COM01138.00,2016,Ore processed,O.bulk,2635000
9838,COM01138.00,2017,Ore mined,O.bulk,2754000
9839,COM01138.00,2017,Ore processed,O.bulk,2754000
9840,COM01138.00,2018,Ore mined,O.bulk,2792000
9841,COM01138.00,2018,Ore processed,O.bulk,2792000
9842,COM01140.00,2001,Ore mined,O.Au,900000
9843,COM01140.00,2001,Ore processed,O.Au,900000
9844,COM01140.00,2002,Ore mined,O.Au,1000000
9845,COM01140.00,2002,Ore processed,O.Au,1000000
9846,COM01140.00,2003,Ore mined,O.Au,1000000
9847,COM01140.00,2003,Ore processed,O.Au,1000000
9848,COM01140.00,2004,Ore mined,O.Au,800000
9849,COM01140.00,2004,Ore processed,O.Au,800000
9850,COM01140.00,2005,Ore mined,O.Au,600000
9851,COM01140.00,2005,Ore processed,O.Au,600000
9852,COM01140.00,2006,Ore mined,O.Au,400000
9853,COM01140.00,2006,Ore processed,O.Au,400000
9854,COM01140.00,2007,Ore mined,O.Au,300000
9855,COM01140.00,2007,Ore processed,O.Au,300000
9856,COM01140.00,2008,Ore mined,O.Au,300000
9857,COM01140.00,2008,Ore processed,O.Au,300000
9858,COM01140.00,2009,Ore mined,O.Au,200000
9859,COM01140.00,2009,Ore processed,O.Au,200000
9860,COM01140.00,2010,Ore mined,O.Au,100000
9861,COM01140.00,2010,Ore processed,O.Au,100000
9862,COM01140.00,2011,Ore mined,O.Au,200000
9863,COM01140.00,2011,Ore processed,O.Au,200000
9864,COM01140.00,2012,Ore mined,O.Au,200000
9865,COM01140.00,2012,Ore processed,O.Au,200000
9866,COM01141.00,2007,Ore mined,O.Cu,1372000
9867,COM01141.00,2007,Ore processed,O.Cu,1372000
9868,COM01141.00,2008,Ore mined,O.Cu,1753000
9869,COM01141.00,2008,Ore processed,O.Cu,1753000
9870,COM01141.00,2009,Ore mined,O.Cu,1731000
9871,COM01141.00,2009,Ore processed,O.Cu,1731000
9872,COM01141.00,2010,Ore mined,O.Cu,1802000
9873,COM01141.00,2010,Ore processed,O.Cu,1802000
9874,COM01141.00,2011,Ore mined,O.Cu,1605000
9875,COM01141.00,2011,Ore processed,O.Cu,1605000
9876,COM01141.00,2012,Ore mined,O.Cu,1719000
9877,COM01141.00,2012,Ore processed,O.Cu,1719000
9878,COM01141.00,2013,Ore mined,O.Cu,1814000
9879,COM01141.00,2013,Ore processed,O.Cu,1814000
9880,COM01141.00,2014,Ore mined,O.Cu,1275000
9881,COM01141.00,2014,Ore processed,O.Cu,1275000
9882,COM01143.00,2000,Ore mined,O.Au,237500
9883,COM01143.00,2000,Ore processed,O.Au,237500
9884,COM01143.00,2001,Ore mined,O.Au,274800
9885,COM01143.00,2001,Ore processed,O.Au,274800
9886,COM01143.00,2002,Ore mined,O.Au,201900
9887,COM01143.00,2002,Ore processed,O.Au,201900
9888,COM01143.00,2003,Ore mined,O.Au,208900
9889,COM01143.00,2003,Ore processed,O.Au,208900
9890,COM01143.00,2004,Ore mined,O.Au,186900
9891,COM01143.00,2004,Ore processed,O.Au,186900
9892,COM01143.00,2005,Ore mined,O.Au,236400
9893,COM01143.00,2005,Ore processed,O.Au,236400
9894,COM01143.00,2006,Ore mined,O.Au,246000
9895,COM01143.00,2006,Ore processed,O.Au,246000
9896,COM01143.00,2007,Ore mined,O.Au,227631
9897,COM01143.00,2007,Ore processed,O.Au,227631
9898,COM01143.00,2008,Ore mined,O.Au,228427
9899,COM01143.00,2008,Ore processed,O.Au,228427
9900,COM01143.00,2009,Ore mined,O.Au,247641
9901,COM01143.00,2009,Ore processed,O.Au,247641
9902,COM01143.00,2010,Ore mined,O.Au,203958
9903,COM01143.00,2010,Ore processed,O.Au,203958
9904,COM01143.00,2011,Ore mined,O.Au,257181
9905,COM01143.00,2011,Ore processed,O.Au,257181
9906,COM01143.00,2012,Ore mined,O.Au,275235
9907,COM01143.00,2012,Ore processed,O.Au,275235
9908,COM01143.00,2013,Ore mined,O.Au,280054
9909,COM01143.00,2013,Ore processed,O.Au,280054
9910,COM01143.00,2014,Ore mined,O.Au,279597
9911,COM01143.00,2014,Ore processed,O.Au,279597
9912,COM01143.00,2015,Ore mined,O.Au,277368
9913,COM01143.00,2015,Ore processed,O.Au,277368
9914,COM01143.00,2016,Ore mined,O.Au,319094
9915,COM01143.00,2016,Ore processed,O.Au,319094
9916,COM01143.00,2017,Ore mined,O.Au,330415
9917,COM01143.00,2017,Ore processed,O.Au,330415
9918,COM01143.00,2018,Ore mined,O.Au,351999
9919,COM01143.00,2018,Ore processed,O.Au,351999
9920,COM01143.00,2019,Ore mined,O.Au,344039
9921,COM01143.00,2019,Ore processed,O.Au,344039
9922,COM01146.00,2000,Ore mined,O.bulk,3525000
9923,COM01146.00,2000,Ore processed,O.bulk,3525000
9924,COM01146.00,2001,Ore mined,O.bulk,4009000
9925,COM01146.00,2001,Ore processed,O.bulk,4009000
9926,COM01146.00,2002,Ore mined,O.bulk,4063000
9927,COM01146.00,2002,Ore processed,O.bulk,4063000
9928,COM01146.00,2003,Ore mined,O.bulk,3949000
9929,COM01146.00,2003,Ore processed,O.bulk,3949000
9930,COM01146.00,2004,Ore mined,O.bulk,2221000
9931,COM01146.00,2004,Ore processed,O.bulk,2221000
9932,COM01150.00,2015,Ore mined,O.Cu,13907000
9933,COM01150.00,2015,Ore processed,O.Cu,14016000
9934,COM01150.00,2016,Ore mined,O.Cu,37960000
9935,COM01150.00,2016,Ore processed,O.Cu,36369000
9936,COM01150.00,2017,Ore mined,O.Cu,42087000
9937,COM01150.00,2017,Ore processed,O.Cu,42087000
9938,COM01150.00,2018,Ore mined,O.Cu,48750000
9939,COM01150.00,2018,Ore processed,O.Cu,48750000
9940,COM01151.00,2010,Ore mined,O.Au,1915174
9941,COM01151.00,2010,Ore mined,O.Cu,2538775
9942,COM01151.00,2010,Ore processed,O.Au,2237773
9943,COM01151.00,2010,Ore processed,O.Cu,1337491
9944,COM01151.00,2011,Ore mined,O.Au,1567432
9945,COM01151.00,2011,Ore mined,O.Cu,1804633
9946,COM01151.00,2011,Ore processed,O.Au,1886806
9947,COM01151.00,2011,Ore processed,O.Cu,1734861
9948,COM01151.00,2012,Ore mined,O.bulk,3778465
9949,COM01151.00,2012,Ore processed,O.bulk,4270548
9950,COM01151.00,2013,Ore mined,O.bulk,3589858
9951,COM01151.00,2013,Ore processed,O.bulk,4141945
9952,COM01151.00,2014,Ore mined,O.bulk,1788282
9953,COM01151.00,2014,Ore processed,O.bulk,1909018
9954,COM01151.00,2015,Ore mined,O.Cu,1847828
9955,COM01151.00,2015,Ore processed,O.Cu,2116501
9956,COM01151.00,2016,Ore mined,O.Cu,2967991
9957,COM01151.00,2016,Ore processed,O.Cu,2547564
9958,COM01151.00,2017,Ore mined,O.Cu,1335942
9959,COM01151.00,2017,Ore processed,O.Cu,3149317
9960,COM01152.00,2009,Concentrate,Con.Fe,2400000
9961,COM01152.00,2010,Concentrate,Con.Fe,3300000
9962,COM01152.00,2011,Concentrate,Con.Fe,3600000
9963,COM01152.00,2012,Concentrate,Con.Fe,1720000
9964,COM01152.00,2013,Concentrate,Con.Fe,1400000
9965,COM01152.00,2014,Concentrate,Con.Fe,1800000
9966,COM01152.00,2015,Concentrate,Con.Fe,2000000
9967,COM01152.00,2016,Concentrate,Con.Fe,1600000
9968,COM01152.00,2017,Concentrate,Con.Fe,1600000
9969,COM01152.00,2018,Concentrate,Con.Fe,1300000
9970,COM01152.00,2019,Concentrate,Con.Fe,900000
9971,COM01153.00,2001,Ore mined,O.Au,800000
9972,COM01153.00,2001,Ore processed,O.Au,800000
9973,COM01153.00,2002,Ore mined,O.Au,800000
9974,COM01153.00,2002,Ore processed,O.Au,800000
9975,COM01153.00,2003,Ore mined,O.Au,800000
9976,COM01153.00,2003,Ore processed,O.Au,800000
9977,COM01153.00,2004,Ore mined,O.Au,746000
9978,COM01153.00,2004,Ore processed,O.Au,746000
9979,COM01153.00,2005,Ore mined,O.Au,755000
9980,COM01153.00,2005,Ore processed,O.Au,755000
9981,COM01153.00,2006,Ore mined,O.Au,790000
9982,COM01153.00,2006,Ore processed,O.Au,790000
9983,COM01153.00,2007,Ore mined,O.Au,818000
9984,COM01153.00,2007,Ore processed,O.Au,818000
9985,COM01153.00,2008,Ore mined,O.Au,807000
9986,COM01153.00,2008,Ore processed,O.Au,807000
9987,COM01153.00,2009,Ore mined,O.Au,1036000
9988,COM01153.00,2009,Ore processed,O.Au,1036000
9989,COM01153.00,2010,Ore mined,O.Au,1132000
9990,COM01153.00,2010,Ore processed,O.Au,1132000
9991,COM01153.00,2011,Ore mined,O.Au,1212000
9992,COM01153.00,2011,Ore processed,O.Au,1170000
9993,COM01153.00,2012,Ore mined,O.Au,1192000
9994,COM01153.00,2012,Ore processed,O.Au,1192000
9995,COM01153.00,2013,Ore mined,O.Au,1300000
9996,COM01153.00,2013,Ore processed,O.Au,1300000
9997,COM01153.00,2014,Ore mined,O.Au,1300000
9998,COM01153.00,2014,Ore processed,O.Au,1300000
9999,COM01153.00,2015,Ore mined,O.Au,1300000
10000,COM01153.00,2015,Ore processed,O.Au,1300000
10001,COM01153.00,2016,Ore mined,O.Au,1300000
10002,COM01153.00,2016,Ore processed,O.Au,1300000
10003,COM01153.00,2017,Ore mined,O.Au,1400000
10004,COM01153.00,2017,Ore processed,O.Au,1400000
10005,COM01153.00,2018,Ore mined,O.Au,1100000
10006,COM01153.00,2018,Ore processed,O.Au,1100000
10007,COM01154.00,2014,Ore mined,O.Fe,2200000
10008,COM01154.00,2014,Ore processed,O.Fe,2200000
10009,COM01154.00,2015,Ore mined,O.Fe,2000000
10010,COM01154.00,2015,Ore processed,O.Fe,2000000
10011,COM01154.00,2016,Ore mined,O.Fe,4200000
10012,COM01154.00,2016,Ore processed,O.Fe,4200000
10013,COM01155.00,2000,Ore mined,O.Fe,47600000
10014,COM01155.00,2000,Ore processed,O.Fe,47600000
10015,COM01155.00,2001,Ore mined,O.Fe,52400000
10016,COM01155.00,2001,Ore processed,O.Fe,52400000
10017,COM01155.00,2002,Ore mined,O.Fe,53900000
10018,COM01155.00,2002,Ore processed,O.Fe,53900000
10019,COM01155.00,2003,Ore mined,O.Fe,58900000
10020,COM01155.00,2003,Ore processed,O.Fe,58900000
10021,COM01155.00,2004,Ore mined,O.Fe,69400000
10022,COM01155.00,2004,Ore processed,O.Fe,69400000
10023,COM01155.00,2005,Ore mined,O.Fe,72600000
10024,COM01155.00,2005,Ore processed,O.Fe,72600000
10025,COM01155.00,2006,Ore mined,O.Fe,81800000
10026,COM01155.00,2006,Ore processed,O.Fe,81800000
10027,COM01155.00,2007,Ore mined,O.Fe,91700000
10028,COM01155.00,2007,Ore processed,O.Fe,91700000
10029,COM01155.00,2008,Ore mined,O.Fe,96600000
10030,COM01155.00,2008,Ore processed,O.Fe,96600000
10031,COM01155.00,2009,Ore mined,O.Fe,84700000
10032,COM01155.00,2009,Ore processed,O.Fe,84700000
10033,COM01155.00,2010,Ore mined,O.Fe,101200000
10034,COM01155.00,2010,Ore processed,O.Fe,101200000
10035,COM01155.00,2011,Ore mined,O.Fe,109800000
10036,COM01155.00,2011,Ore processed,O.Fe,109800000
10037,COM01155.00,2012,Ore mined,O.Fe,103800000
10038,COM01155.00,2012,Ore processed,O.Fe,103800000
10039,COM01155.00,2013,Ore mined,O.Fe,104800000
10040,COM01155.00,2013,Ore processed,O.Fe,104800000
10041,COM01155.00,2014,Ore mined,O.Fe,117500000
10042,COM01155.00,2014,Ore processed,O.Fe,117500000
10043,COM01155.00,2015,Ore mined,O.Fe,127600000
10044,COM01155.00,2015,Ore processed,O.Fe,127600000
10045,COM01155.00,2016,Ore mined,O.Fe,143600000
10046,COM01155.00,2016,Ore processed,O.Fe,143600000
10047,COM01155.00,2017,Ore mined,O.Fe,147000000
10048,COM01155.00,2017,Ore processed,O.Fe,147000000
10049,COM01155.00,2018,Ore mined,O.Fe,135600000
10050,COM01155.00,2018,Ore processed,O.Fe,135600000
10051,COM01155.00,2019,Ore mined,O.Fe,115300000
10052,COM01155.00,2019,Ore processed,O.Fe,115300000
10053,COM01156.00,2000,Ore mined,O.Fe,73400000
10054,COM01156.00,2000,Ore processed,O.Fe,73400000
10055,COM01156.00,2016,Ore mined,O.Fe,400000
10056,COM01156.00,2016,Ore processed,O.Fe,400000
10057,COM01156.00,2017,Ore mined,O.Fe,22200000
10058,COM01156.00,2017,Ore processed,O.Fe,22200000
10059,COM01156.00,2018,Ore mined,O.Fe,58000000
10060,COM01156.00,2018,Ore processed,O.Fe,58000000
10061,COM01157.00,2005,Ore mined,O.Au,98820
10062,COM01157.00,2005,Ore processed,O.Au,98820
10063,COM01157.00,2006,Ore mined,O.Au,102960
10064,COM01157.00,2006,Ore processed,O.Au,102960
10065,COM01157.00,2007,Ore mined,O.Au,209474
10066,COM01157.00,2007,Ore processed,O.Au,209474
10067,COM01164.00,2017,Ore mined,O.bulk,5400000
10068,COM01164.00,2017,Ore processed,O.bulk,5400000
10069,COM01164.00,2019,Ore mined,O.bulk,13185456
10070,COM01164.00,2019,Ore processed,O.bulk,13185456
10071,COM01171.00,2007,Ore mined,O.Cu,351000
10072,COM01171.00,2007,Ore processed,O.Cu,351000
10073,COM01171.00,2008,Ore mined,O.Cu,371000
10074,COM01171.00,2008,Ore processed,O.Cu,371000
10075,COM01171.00,2009,Ore mined,O.Cu,545000
10076,COM01171.00,2009,Ore processed,O.Cu,545000
10077,COM01171.00,2010,Ore mined,O.Cu,559000
10078,COM01171.00,2010,Ore processed,O.Cu,559000
10079,COM01171.00,2011,Ore mined,O.Cu,573000
10080,COM01171.00,2011,Ore processed,O.Cu,573000
10081,COM01171.00,2012,Ore mined,O.Cu,648000
10082,COM01171.00,2012,Ore processed,O.Cu,648000
10083,COM01171.00,2013,Ore mined,O.Cu,646000
10084,COM01171.00,2013,Ore processed,O.Cu,646000
10085,COM01171.00,2014,Ore mined,O.Cu,536000
10086,COM01171.00,2014,Ore processed,O.Cu,536000
10087,COM01178.00,2000,Ore mined,O.bulk,59676
10088,COM01178.00,2000,Ore processed,O.bulk,59676
10089,COM01178.00,2001,Ore mined,O.bulk,62322
10090,COM01178.00,2001,Ore processed,O.bulk,62322
10091,COM01178.00,2002,Ore mined,O.bulk,61527
10092,COM01178.00,2002,Ore processed,O.bulk,61527
10093,COM01178.00,2003,Ore mined,O.bulk,64965
10094,COM01178.00,2003,Ore processed,O.bulk,64965
10095,COM01178.00,2004,Ore mined,O.bulk,57982
10096,COM01178.00,2004,Ore processed,O.bulk,57982
10097,COM01178.00,2005,Ore mined,O.bulk,64050
10098,COM01178.00,2005,Ore processed,O.bulk,64050
10099,COM01178.00,2006,Ore mined,O.bulk,67888
10100,COM01178.00,2006,Ore processed,O.bulk,67888
10101,COM01178.00,2007,Ore mined,O.bulk,68858
10102,COM01178.00,2007,Ore processed,O.bulk,68858
10103,COM01178.00,2008,Ore mined,O.bulk,74722
10104,COM01178.00,2008,Ore processed,O.bulk,74722
10105,COM01178.00,2009,Ore mined,O.bulk,65526
10106,COM01178.00,2009,Ore processed,O.bulk,65526
10107,COM01178.00,2010,Ore mined,O.bulk,64047
10108,COM01178.00,2010,Ore processed,O.bulk,64047
10109,COM01178.00,2011,Ore mined,O.bulk,47590
10110,COM01178.00,2011,Ore processed,O.bulk,47590
10111,COM01178.00,2012,Ore mined,O.bulk,48889
10112,COM01178.00,2012,Ore processed,O.bulk,48889
10113,COM01178.00,2013,Ore mined,O.bulk,21357
10114,COM01178.00,2013,Ore processed,O.bulk,21357
10115,COM01185.00,2012,Ore mined,O.bulk,157184
10116,COM01185.00,2012,Ore processed,O.bulk,153353
10117,COM01185.00,2013,Ore mined,O.bulk,411512
10118,COM01185.00,2013,Ore processed,O.bulk,369864
10119,COM01185.00,2017,Ore mined,O.bulk,620007
10120,COM01185.00,2017,Ore processed,O.bulk,587461
10121,COM01189.00,2017,Ore mined,O.FeTiO3,57600
10122,COM01189.00,2017,Ore mined,O.TiO2,167600
10123,COM01189.00,2017,Ore mined,O.Zr,3000
10124,COM01189.00,2017,Ore processed,O.FeTiO3,57600
10125,COM01189.00,2017,Ore processed,O.TiO2,167600
10126,COM01189.00,2017,Ore processed,O.Zr,3000
10127,COM01189.00,2018,Ore mined,O.FeTiO3,54500
10128,COM01189.00,2018,Ore mined,O.TiO2,121500
10129,COM01189.00,2018,Ore mined,O.Zr,11400
10130,COM01189.00,2018,Ore processed,O.FeTiO3,54500
10131,COM01189.00,2018,Ore processed,O.TiO2,121500
10132,COM01189.00,2018,Ore processed,O.Zr,11400
10133,COM01189.00,2019,Ore mined,O.FeTiO3,59200
10134,COM01189.00,2019,Ore mined,O.TiO2,137200
10135,COM01189.00,2019,Ore mined,O.Zr,8500
10136,COM01189.00,2019,Ore processed,O.FeTiO3,59200
10137,COM01189.00,2019,Ore processed,O.TiO2,137200
10138,COM01189.00,2019,Ore processed,O.Zr,8500
10139,COM01190.00,2000,Ore mined,O.Cu,75319000
10140,COM01190.00,2000,Ore processed,O.Cu,18386000
10141,COM01190.00,2000,Ore processed,O.Cu,38319000
10142,COM01190.00,2001,Ore mined,O.Cu,60869000
10143,COM01190.00,2001,Ore processed,O.Cu,14347000
10144,COM01190.00,2001,Ore processed,O.Cu,38133000
10145,COM01190.00,2002,Ore mined,O.Cu,23066000
10146,COM01190.00,2002,Ore processed,O.Cu,170000
10147,COM01190.00,2002,Ore processed,O.Cu,21439000
10148,COM01190.00,2003,Ore mined,O.Cu,35525000
10149,COM01190.00,2003,Ore processed,O.Cu,375000
10150,COM01190.00,2003,Ore processed,O.Cu,26654000
10151,COM01191.00,2004,Ore mined,O.Au,4586400
10152,COM01191.00,2004,Ore processed,O.Au,4586400
10153,COM01191.00,2005,Ore mined,O.Au,6823529
10154,COM01191.00,2005,Ore processed,O.Au,6823529
10155,COM01191.00,2006,Ore mined,O.Au,8235294
10156,COM01191.00,2006,Ore processed,O.Au,8235294
10157,COM01191.00,2007,Ore mined,O.Au,9764706
10158,COM01191.00,2007,Ore processed,O.Au,9764706
10159,COM01191.00,2008,Ore mined,O.Au,10117647
10160,COM01191.00,2008,Ore processed,O.Au,10117647
10161,COM01191.00,2009,Ore mined,O.Au,10352941
10162,COM01191.00,2009,Ore processed,O.Au,10352941
10163,COM01191.00,2010,Ore mined,O.Au,10352941
10164,COM01191.00,2010,Ore processed,O.Au,10352941
10165,COM01191.00,2011,Ore mined,O.Au,11411765
10166,COM01191.00,2011,Ore processed,O.Au,11411765
10167,COM01191.00,2012,Ore mined,O.Au,11882353
10168,COM01191.00,2012,Ore processed,O.Au,11882353
10169,COM01191.00,2013,Ore mined,O.Au,12000000
10170,COM01191.00,2013,Ore processed,O.Au,12000000
10171,COM01191.00,2014,Ore mined,O.Au,11882353
10172,COM01191.00,2014,Ore processed,O.Au,11882353
10173,COM01191.00,2015,Ore mined,O.Au,11764706
10174,COM01191.00,2015,Ore processed,O.Au,11764706
10175,COM01191.00,2016,Ore mined,O.Au,12117647
10176,COM01191.00,2016,Ore processed,O.Au,12117647
10177,COM01191.00,2017,Ore mined,O.Au,11647059
10178,COM01191.00,2017,Ore processed,O.Au,11647059
10179,COM01191.00,2018,Ore mined,O.Au,10470588
10180,COM01191.00,2018,Ore processed,O.Au,10470588
10181,COM01193.00,2018,Ore mined,O.bulk,44865
10182,COM01193.00,2018,Ore processed,O.bulk,44865
10183,COM01193.00,2019,Ore mined,O.bulk,214595
10184,COM01193.00,2019,Ore processed,O.bulk,214595
10185,COM01195.00,2008,Ore mined,O.Au,411297
10186,COM01195.00,2008,Ore processed,O.Au,416627
10187,COM01195.00,2009,Ore mined,O.Au,1708765
10188,COM01195.00,2009,Ore processed,O.Au,1654189
10189,COM01195.00,2010,Ore mined,O.Au,1981500
10190,COM01195.00,2010,Ore processed,O.Au,1949650
10191,COM01195.00,2014,Ore mined,O.Au,1886000
10192,COM01195.00,2014,Ore processed,O.Au,1714000
10193,COM01195.00,2015,Ore mined,O.Au,2070000
10194,COM01195.00,2015,Ore processed,O.Au,2660000
10195,COM01195.00,2016,Ore mined,O.Au,3372000
10196,COM01195.00,2016,Ore processed,O.Au,3315000
10197,COM01195.00,2017,Ore mined,O.Au,4020000
10198,COM01195.00,2017,Ore processed,O.Au,3690000
10199,COM01195.00,2018,Ore mined,O.Au,4199000
10200,COM01195.00,2018,Ore processed,O.Au,3586000
10201,COM01195.00,2019,Ore mined,O.Au,3396000
10202,COM01195.00,2019,Ore processed,O.Au,3072000
10203,COM01195.00,2020,Ore mined,O.Au,2963000
10204,COM01195.00,2020,Ore processed,O.Au,3314000
10205,COM01197.00,2008,Ore mined,O.Ni,37000
10206,COM01197.00,2008,Ore processed,O.Ni,37000
10207,COM01197.00,2009,Ore mined,O.Ni,301000
10208,COM01197.00,2009,Ore processed,O.Ni,301000
10209,COM01197.00,2010,Ore mined,O.Ni,149000
10210,COM01197.00,2010,Ore processed,O.Ni,149000
10211,COM01197.00,2011,Ore mined,O.Ni,341000
10212,COM01197.00,2011,Ore processed,O.Ni,341000
10213,COM01198.00,2014,Concentrate,Con.Fe,2600000
10214,COM01198.00,2015,Concentrate,Con.Fe,6000000
10215,COM01198.00,2016,Concentrate,Con.Fe,11142857
10216,COM01198.00,2017,Concentrate,Con.Fe,17000000
10217,COM01198.00,2018,Concentrate,Con.Fe,19000000
10218,COM01198.00,2019,Concentrate,Con.Fe,20000000
10219,COM01199.00,2013,Ore mined,O.Fe,30938500
10220,COM01199.00,2013,Ore processed,O.Fe,30938500
10221,COM01199.00,2014,Ore mined,O.Fe,35540600
10222,COM01199.00,2014,Ore processed,O.Fe,35540600
10223,COM01199.00,2015,Ore mined,O.Fe,31392800
10224,COM01199.00,2015,Ore processed,O.Fe,31392800
10225,COM01199.00,2016,Ore mined,O.Fe,28380000
10226,COM01199.00,2016,Ore processed,O.Fe,28380000
10227,COM01199.00,2017,Ore mined,O.Fe,31119200
10228,COM01199.00,2017,Ore processed,O.Fe,31119200
10229,COM01199.00,2018,Ore mined,O.Fe,29246000
10230,COM01199.00,2018,Ore processed,O.Fe,29246000
10231,COM01199.00,2019,Ore mined,O.Fe,29174400
10232,COM01199.00,2019,Ore processed,O.Fe,29174400
10233,COM01199.00,2020,Ore mined,O.Fe,25353300
10234,COM01199.00,2020,Ore processed,O.Fe,25353300
10235,COM01200.00,2018,Ore mined,O.Au,1019280
10236,COM01200.00,2018,Ore processed,O.Au,678027
10237,COM01200.00,2019,Ore mined,O.Au,1650753
10238,COM01200.00,2019,Ore processed,O.Au,1530086
10239,COM01200.00,2020,Ore mined,O.Au,1987558
10240,COM01200.00,2020,Ore processed,O.Au,1579491
10241,COM01201.00,2003,Ore mined,O.Zn,673000
10242,COM01201.00,2003,Ore processed,O.Zn,619000
10243,COM01201.00,2004,Ore mined,O.Zn,1304000
10244,COM01201.00,2004,Ore processed,O.Zn,1187000
10245,COM01201.00,2005,Ore mined,O.Zn,1199000
10246,COM01201.00,2005,Ore processed,O.Zn,1280000
10247,COM01201.00,2006,Ore mined,O.Zn,1456500
10248,COM01201.00,2006,Ore processed,O.Zn,1311800
10249,COM01201.00,2007,Ore mined,O.Zn,1402300
10250,COM01201.00,2007,Ore processed,O.Zn,1379600
10251,COM01201.00,2008,Ore mined,O.Zn,1390400
10252,COM01201.00,2008,Ore processed,O.Zn,1333300
10253,COM01201.00,2009,Ore mined,O.Zn,1495900
10254,COM01201.00,2009,Ore processed,O.Zn,1426800
10255,COM01201.00,2010,Ore mined,O.Zn,1553000
10256,COM01201.00,2010,Ore processed,O.Zn,1553000
10257,COM01201.00,2011,Ore mined,O.Zn,345900
10258,COM01201.00,2011,Ore processed,O.Zn,345900
10259,COM01201.00,2012,Ore mined,O.Zn,1676000
10260,COM01201.00,2012,Ore processed,O.Zn,1676000
10261,COM01201.00,2013,Ore mined,O.Zn,1664282
10262,COM01201.00,2013,Ore processed,O.Zn,1664282
10263,COM01201.00,2014,Ore mined,O.Zn,1252092
10264,COM01201.00,2014,Ore processed,O.Zn,1252092
10265,COM01201.00,2015,Ore mined,O.Zn,1344272
10266,COM01201.00,2015,Ore processed,O.Zn,1344272
10267,COM01201.00,2016,Ore mined,O.Zn,1245198
10268,COM01201.00,2016,Ore processed,O.Zn,1245198
10269,COM01201.00,2017,Ore mined,O.Zn,1206176
10270,COM01201.00,2017,Ore processed,O.Zn,1206176
10271,COM01201.00,2018,Ore mined,O.Zn,537066
10272,COM01201.00,2018,Ore processed,O.Zn,537066
10273,COM01201.00,2019,Ore mined,O.Zn,1009243
10274,COM01201.00,2019,Ore processed,O.Zn,1009243
10275,COM01205.00,2010,Ore mined,O.bulk,9648000
10276,COM01205.00,2010,Ore processed,O.bulk,9648000
10277,COM01205.00,2011,Ore mined,O.bulk,12265000
10278,COM01205.00,2011,Ore processed,O.bulk,12265000
10279,COM01205.00,2012,Ore mined,O.bulk,15318000
10280,COM01205.00,2012,Ore processed,O.bulk,15318000
10281,COM01205.00,2013,Ore mined,O.bulk,6702000
10282,COM01205.00,2013,Ore processed,O.bulk,6702000
10283,COM01208.00,2003,Ore mined,O.Ni,3891000
10284,COM01208.00,2003,Ore processed,O.Ni,3891000
10285,COM01208.00,2004,Ore mined,O.Ni,4350000
10286,COM01208.00,2004,Ore processed,O.Ni,4350000
10287,COM01208.00,2005,Ore mined,O.Ni,4689000
10288,COM01208.00,2005,Ore processed,O.Ni,4689000
10289,COM01208.00,2006,Ore mined,O.Ni,4459000
10290,COM01208.00,2006,Ore processed,O.Ni,4459000
10291,COM01208.00,2007,Ore mined,O.Ni,4615000
10292,COM01208.00,2007,Ore processed,O.Ni,4615000
10293,COM01208.00,2008,Ore mined,O.Ni,4258000
10294,COM01208.00,2008,Ore processed,O.Ni,4258000
10295,COM01208.00,2009,Ore mined,O.Ni,3598000
10296,COM01208.00,2009,Ore processed,O.Ni,3598000
10297,COM01208.00,2010,Ore mined,O.Ni,4176000
10298,COM01208.00,2010,Ore processed,O.Ni,4176000
10299,COM01208.00,2011,Ore mined,O.Ni,3848000
10300,COM01208.00,2011,Ore processed,O.Ni,3848000
10301,COM01208.00,2012,Ore mined,O.Ni,3678000
10302,COM01208.00,2012,Ore processed,O.Ni,3678000
10303,COM01208.00,2013,Ore mined,O.Ni,4369000
10304,COM01208.00,2013,Ore processed,O.Ni,4369000
10305,COM01208.00,2014,Ore mined,O.Ni,4391000
10306,COM01208.00,2014,Ore processed,O.Ni,4391000
10307,COM01208.00,2015,Ore mined,O.Ni,4694000
10308,COM01208.00,2015,Ore processed,O.Ni,4694000
10309,COM01208.00,2016,Ore mined,O.Ni,4708000
10310,COM01208.00,2016,Ore processed,O.Ni,4708000
10311,COM01208.00,2017,Ore mined,O.Ni,4569000
10312,COM01208.00,2017,Ore processed,O.Ni,4569000
10313,COM01208.00,2018,Ore mined,O.Ni,4469000
10314,COM01208.00,2018,Ore processed,O.Ni,4469000
10315,COM01208.00,2019,Ore mined,O.Ni,4286000
10316,COM01208.00,2019,Ore processed,O.Ni,4286000
10317,COM01209.00,2014,Ore mined,O.Cu,15105000
10318,COM01209.00,2014,Ore processed,O.Cu,15105000
10319,COM01209.00,2015,Ore mined,O.Cu,12857000
10320,COM01209.00,2015,Ore processed,O.Cu,12857000
10321,COM01209.00,2016,Ore mined,O.Cu,12687000
10322,COM01209.00,2016,Ore processed,O.Cu,12687000
10323,COM01209.00,2017,Ore mined,O.Cu,12380000
10324,COM01209.00,2017,Ore processed,O.Cu,12380000
10325,COM01209.00,2018,Ore mined,O.Cu,15664000
10326,COM01209.00,2018,Ore processed,O.Cu,15664000
10327,COM01209.00,2019,Ore mined,O.Cu,11735000
10328,COM01209.00,2019,Ore processed,O.Cu,11735000
10329,COM01212.00,2015,Ore mined,O.Au,236529
10330,COM01212.00,2015,Ore processed,O.Au,766238
10331,COM01212.00,2016,Ore mined,O.Au,688208
10332,COM01212.00,2016,Ore processed,O.Au,884854
10333,COM01212.00,2017,Ore mined,O.Au,829076
10334,COM01212.00,2017,Ore processed,O.Au,987666
10335,COM01215.00,2005,Ore mined,O.Au,660000
10336,COM01215.00,2005,Ore processed,O.Au,320000
10337,COM01215.00,2006,Ore mined,O.Au,1650000
10338,COM01215.00,2006,Ore processed,O.Au,2350000
10339,COM01215.00,2007,Ore mined,O.Au,1506000
10340,COM01215.00,2007,Ore processed,O.Au,2228000
10341,COM01215.00,2008,Ore mined,O.Au,2493846
10342,COM01215.00,2008,Ore processed,O.Au,2231237
10343,COM01215.00,2009,Ore mined,O.Au,2123199
10344,COM01215.00,2009,Ore processed,O.Au,2233367
10345,COM01215.00,2010,Ore mined,O.Au,992932
10346,COM01215.00,2010,Ore processed,O.Au,1279751
10347,COM01215.00,2011,Ore mined,O.Au,1161078
10348,COM01215.00,2011,Ore processed,O.Au,1199627
10349,COM01215.00,2012,Ore mined,O.Au,892365
10350,COM01215.00,2012,Ore processed,O.Au,1842820
10351,COM01215.00,2013,Ore mined,O.Au,254748
10352,COM01215.00,2013,Ore processed,O.Au,800477
10353,COM01216.00,2013,Concentrate,Con.Fe,10937000
10354,COM01216.00,2014,Concentrate,Con.Fe,10952000
10355,COM01216.00,2015,Concentrate,Con.Fe,11389000
10356,COM01216.00,2017,Concentrate,Con.Fe,12270000
10357,COM01216.00,2018,Concentrate,Con.Fe,12247000
10358,COM01217.00,2013,Ore mined,O.Fe,2456000
10359,COM01217.00,2013,Ore processed,O.Fe,2456000
10360,COM01217.00,2014,Ore mined,O.Fe,3687000
10361,COM01217.00,2014,Ore processed,O.Fe,3687000
10362,COM01217.00,2015,Ore mined,O.Fe,3775000
10363,COM01217.00,2015,Ore processed,O.Fe,3775000
10364,COM01220.00,2014,Ore mined,O.Fe,1522000
10365,COM01220.00,2014,Ore processed,O.Fe,1522000
10366,COM01220.00,2015,Ore mined,O.Fe,445000
10367,COM01220.00,2015,Ore processed,O.Fe,445000
10368,COM01224.00,2009,NM mineral,M.lim,2700000
10369,COM01224.00,2010,NM mineral,M.lim,3300000
10370,COM01224.00,2011,NM mineral,M.lim,3300000
10371,COM01224.00,2013,NM mineral,M.lim,3900000
10372,COM01224.00,2016,NM mineral,M.lim,2200000
10373,COM01224.00,2017,NM mineral,M.lim,3700000
10374,COM01224.00,2019,NM mineral,M.lim,3900000
10375,COM01227.00,2017,Ore mined,O.pgm,855000
10376,COM01227.00,2017,Ore processed,O.pgm,855000
10377,COM01227.00,2018,Ore mined,O.pgm,1339000
10378,COM01227.00,2018,Ore processed,O.pgm,1339000
10379,COM01228.00,2001,Ore mined,O.bulk,2582000
10380,COM01228.00,2001,Ore processed,O.bulk,2582000
10381,COM01228.00,2002,Ore mined,O.bulk,2792000
10382,COM01228.00,2002,Ore processed,O.bulk,2792000
10383,COM01228.00,2003,Ore mined,O.bulk,2222000
10384,COM01228.00,2003,Ore processed,O.bulk,2222000
10385,COM01228.00,2004,Ore mined,O.bulk,3005000
10386,COM01228.00,2004,Ore processed,O.bulk,3005000
10387,COM01228.00,2005,Ore mined,O.bulk,3018000
10388,COM01228.00,2005,Ore processed,O.bulk,3018000
10389,COM01228.00,2006,Ore mined,O.bulk,2808000
10390,COM01228.00,2006,Ore processed,O.bulk,2808000
10391,COM01228.00,2007,Ore mined,O.bulk,2850000
10392,COM01228.00,2007,Ore processed,O.bulk,2850000
10393,COM01228.00,2008,Ore mined,O.bulk,2892000
10394,COM01228.00,2008,Ore processed,O.bulk,2892000
10395,COM01228.00,2009,Ore mined,O.bulk,1198000
10396,COM01228.00,2009,Ore processed,O.bulk,1198000
10397,COM01228.00,2010,Ore mined,O.bulk,775000
10398,COM01228.00,2010,Ore processed,O.bulk,775000
10399,COM01228.00,2011,Ore mined,O.bulk,1568000
10400,COM01228.00,2011,Ore processed,O.bulk,1568000
10401,COM01228.00,2012,Ore mined,O.bulk,2006000
10402,COM01228.00,2012,Ore processed,O.bulk,2006000
10403,COM01228.00,2013,Ore mined,O.bulk,1887000
10404,COM01228.00,2013,Ore processed,O.bulk,1887000
10405,COM01228.00,2014,Ore mined,O.bulk,2089000
10406,COM01228.00,2014,Ore processed,O.bulk,2089000
10407,COM01228.00,2015,Ore mined,O.bulk,1471000
10408,COM01228.00,2015,Ore processed,O.bulk,1471000
10409,COM01228.00,2016,Ore mined,O.bulk,1373000
10410,COM01228.00,2016,Ore processed,O.bulk,1373000
10411,COM01228.00,2017,Ore mined,O.bulk,448000
10412,COM01228.00,2017,Ore processed,O.bulk,448000
10413,COM01228.00,2018,Ore mined,O.bulk,0
10414,COM01228.00,2018,Ore processed,O.bulk,0
10415,COM01228.00,2019,Ore mined,O.bulk,0
10416,COM01228.00,2019,Ore processed,O.bulk,0
10417,COM01229.00,2004,Concentrate,O.Fe,10960000
10418,COM01229.00,2005,Concentrate,Con.Fe,10800000
10419,COM01229.00,2005,Concentrate,O.Fe,1100000
10420,COM01229.00,2006,Concentrate,Con.Fe,11300000
10421,COM01229.00,2006,Concentrate,O.Fe,1400000
10422,COM01229.00,2007,Concentrate,Con.Fe,11600000
10423,COM01229.00,2007,Concentrate,O.Fe,1700000
10424,COM01229.00,2008,Concentrate,Con.Fe,11500000
10425,COM01229.00,2008,Concentrate,O.Fe,1600000
10426,COM01229.00,2009,Concentrate,Con.Fe,10900000
10427,COM01229.00,2009,Concentrate,O.Fe,1700000
10428,COM01229.00,2010,Ore mined,O.Fe,13800000
10429,COM01229.00,2010,Ore processed,O.Fe,13800000
10430,COM01229.00,2011,Ore mined,O.Fe,15100000
10431,COM01229.00,2011,Ore processed,O.Fe,15100000
10432,COM01229.00,2012,Concentrate,Con.Fe,15835000
10433,COM01229.00,2013,Concentrate,Con.Fe,15434000
10434,COM01229.00,2014,Ore mined,O.Fe,16209000
10435,COM01229.00,2014,Ore processed,O.Fe,16209000
10436,COM01229.00,2015,Ore mined,O.Fe,17014000
10437,COM01229.00,2015,Ore processed,O.Fe,17014000
10438,COM01229.00,2016,Ore mined,O.Fe,17200000
10439,COM01229.00,2016,Ore processed,O.Fe,17200000
10440,COM01229.00,2017,Ore mined,O.Fe,17100000
10441,COM01229.00,2017,Ore processed,O.Fe,17100000
10442,COM01229.00,2018,Ore mined,O.Fe,18400000
10443,COM01229.00,2018,Ore processed,O.Fe,18400000
10444,COM01229.00,2019,Ore mined,O.Fe,18400000
10445,COM01229.00,2019,Ore processed,O.Fe,18400000
10446,COM01230.00,2005,Ore mined,O.bulk,606160
10447,COM01230.00,2005,Ore processed,O.bulk,606160
10448,COM01230.00,2006,Ore mined,O.bulk,346652
10449,COM01230.00,2006,Ore processed,O.bulk,362316
10450,COM01230.00,2007,Ore mined,O.bulk,276786
10451,COM01230.00,2007,Ore processed,O.bulk,258905
10452,COM01232.00,2006,Ore mined,O.Zn,3400000
10453,COM01232.00,2006,Ore processed,O.Zn,3400000
10454,COM01232.00,2007,Ore mined,O.Zn,3400000
10455,COM01232.00,2007,Ore processed,O.Zn,3400000
10456,COM01232.00,2008,Ore mined,O.Zn,3200000
10457,COM01232.00,2008,Ore processed,O.Zn,3200000
10458,COM01232.00,2009,Ore mined,O.Zn,2400000
10459,COM01232.00,2009,Ore processed,O.Zn,2400000
10460,COM01232.00,2010,Ore mined,O.Zn,2400000
10461,COM01232.00,2010,Ore processed,O.Zn,2400000
10462,COM01232.00,2011,Ore mined,O.Zn,2600000
10463,COM01232.00,2011,Ore processed,O.Zn,2600000
10464,COM01241.00,2016,Ore mined,O.Au,11968000
10465,COM01241.00,2016,Ore processed,O.Au,11559000
10466,COM01241.00,2017,Ore mined,O.Au,17235000
10467,COM01241.00,2017,Ore processed,O.Au,12032000
10468,COM01241.00,2018,Ore mined,O.Au,24374000
10469,COM01241.00,2018,Ore processed,O.Au,12568000
10470,COM01242.00,2011,Concentrate,Con.Fe,2446000
10471,COM01242.00,2011,Ore mined,O.Fe,2860000
10472,COM01242.00,2011,Ore processed,O.Fe,2860000
10473,COM01242.00,2012,Concentrate,Con.Fe,2608000
10474,COM01242.00,2013,Concentrate,Con.Fe,2973000
10475,COM01242.00,2014,Concentrate,Con.Fe,2900000
10476,COM01242.00,2015,Concentrate,Con.Fe,2809000
10477,COM01243.00,2001,Ore mined,O.Au,2400000
10478,COM01243.00,2001,Ore processed,O.Au,2400000
10479,COM01243.00,2002,Ore mined,O.Au,3400000
10480,COM01243.00,2002,Ore processed,O.Au,3400000
10481,COM01243.00,2003,Ore mined,O.Au,3600000
10482,COM01243.00,2003,Ore processed,O.Au,3600000
10483,COM01243.00,2004,Ore mined,O.Au,3700000
10484,COM01243.00,2004,Ore processed,O.Au,3700000
10485,COM01243.00,2005,Ore mined,O.Au,3600000
10486,COM01243.00,2005,Ore processed,O.Au,3600000
10487,COM01243.00,2006,Ore mined,O.Au,4000000
10488,COM01243.00,2006,Ore processed,O.Au,4000000
10489,COM01243.00,2007,Ore mined,O.Au,3800000
10490,COM01243.00,2007,Ore processed,O.Au,3800000
10491,COM01243.00,2008,Ore mined,O.Au,3800000
10492,COM01243.00,2008,Ore processed,O.Au,3800000
10493,COM01243.00,2009,Ore mined,O.Au,3900000
10494,COM01243.00,2009,Ore processed,O.Au,3900000
10495,COM01243.00,2010,Ore mined,O.Au,3600000
10496,COM01243.00,2010,Ore processed,O.Au,3600000
10497,COM01243.00,2011,Ore mined,O.Au,3600000
10498,COM01243.00,2011,Ore processed,O.Au,3600000
10499,COM01243.00,2012,Ore mined,O.Au,3400000
10500,COM01243.00,2012,Ore processed,O.Au,3400000
10501,COM01243.00,2013,Ore mined,O.Au,3500000
10502,COM01243.00,2013,Ore processed,O.Au,3500000
10503,COM01243.00,2014,Ore mined,O.Au,3800000
10504,COM01243.00,2014,Ore processed,O.Au,3800000
10505,COM01243.00,2015,Ore mined,O.Au,3900000
10506,COM01243.00,2015,Ore processed,O.Au,3900000
10507,COM01243.00,2016,Ore mined,O.Au,4000000
10508,COM01243.00,2016,Ore processed,O.Au,4000000
10509,COM01243.00,2017,Ore mined,O.Au,4000000
10510,COM01243.00,2017,Ore processed,O.Au,4000000
10511,COM01243.00,2018,Ore mined,O.Au,4000000
10512,COM01243.00,2018,Ore processed,O.Au,4000000
10513,COM01248.00,2009,Ore mined,O.Ni,2427056
10514,COM01248.00,2009,Ore processed,O.Ni,2427056
10515,COM01248.00,2010,Ore mined,O.Ni,2752095
10516,COM01248.00,2010,Ore processed,O.Ni,2752095
10517,COM01248.00,2011,Ore mined,O.Ni,2660501
10518,COM01248.00,2011,Ore processed,O.Ni,2660501
10519,COM01248.00,2012,Ore mined,O.Ni,3774706
10520,COM01248.00,2012,Ore processed,O.Ni,3774706
10521,COM01248.00,2013,Ore mined,O.Ni,5620383
10522,COM01248.00,2013,Ore processed,O.Ni,5620383
10523,COM01248.00,2014,Ore mined,O.Ni,6018699
10524,COM01248.00,2014,Ore processed,O.Ni,6018699
10525,COM01248.00,2015,Ore mined,O.Ni,7026542
10526,COM01248.00,2015,Ore processed,O.Ni,7026542
10527,COM01248.00,2016,Ore mined,O.Ni,7857386
10528,COM01248.00,2016,Ore processed,O.Ni,7857386
10529,COM01248.00,2017,Ore mined,O.Ni,6744842
10530,COM01248.00,2017,Ore processed,O.Ni,6744842
10531,COM01248.00,2018,Ore mined,O.Ni,8362951
10532,COM01248.00,2018,Ore processed,O.Ni,8362951
10533,COM01248.00,2019,Ore mined,O.Ni,9668802
10534,COM01248.00,2019,Ore processed,O.Ni,9668802
10535,COM01251.00,2000,Ore mined,O.bulk,1059067
10536,COM01251.00,2000,Ore processed,O.bulk,1059067
10537,COM01251.00,2001,Ore mined,O.bulk,1218742
10538,COM01251.00,2001,Ore processed,O.bulk,1218742
10539,COM01251.00,2002,Ore mined,O.bulk,1322942
10540,COM01251.00,2002,Ore processed,O.bulk,1322942
10541,COM01251.00,2003,Ore mined,O.bulk,1409104
10542,COM01251.00,2003,Ore processed,O.bulk,1409104
10543,COM01251.00,2004,Ore mined,O.bulk,1492569
10544,COM01251.00,2004,Ore processed,O.bulk,1492569
10545,COM01251.00,2005,Ore mined,O.bulk,1513964
10546,COM01251.00,2005,Ore processed,O.bulk,1513964
10547,COM01251.00,2006,Ore mined,O.bulk,1631668
10548,COM01251.00,2006,Ore processed,O.bulk,1631668
10549,COM01251.00,2007,Ore mined,O.bulk,2055485
10550,COM01251.00,2007,Ore processed,O.bulk,2055485
10551,COM01251.00,2008,Ore mined,O.bulk,2028588
10552,COM01251.00,2008,Ore processed,O.bulk,2028588
10553,COM01251.00,2009,Ore mined,O.bulk,1940119
10554,COM01251.00,2009,Ore processed,O.bulk,1940119
10555,COM01251.00,2010,Ore mined,O.bulk,1150527
10556,COM01251.00,2010,Ore processed,O.bulk,1150527
10557,COM01251.00,2011,Ore mined,O.bulk,929032
10558,COM01251.00,2011,Ore processed,O.bulk,929032
10559,COM01251.00,2012,Ore mined,O.bulk,1689846
10560,COM01251.00,2012,Ore processed,O.bulk,1689846
10561,COM01251.00,2013,Ore mined,O.bulk,1268781
10562,COM01251.00,2013,Ore processed,O.bulk,1268781
10563,COM01251.00,2014,Ore mined,O.bulk,481589
10564,COM01251.00,2014,Ore processed,O.bulk,481589
10565,COM01251.00,2015,Ore mined,O.bulk,3101851
10566,COM01251.00,2015,Ore processed,O.bulk,3101851
10567,COM01251.00,2016,Ore mined,O.bulk,3513959
10568,COM01251.00,2016,Ore processed,O.bulk,3513959
10569,COM01251.00,2017,Ore mined,O.bulk,3169908
10570,COM01251.00,2017,Ore processed,O.bulk,3169908
10571,COM01251.00,2018,Ore mined,O.bulk,3429618
10572,COM01251.00,2018,Ore processed,O.bulk,3429618
10573,COM01251.00,2019,Ore mined,O.bulk,3407914
10574,COM01251.00,2019,Ore processed,O.bulk,3407914
10575,COM01254.00,2004,Concentrate,Con.Fe,517000
10576,COM01254.00,2004,Ore mined,O.Fe,534000
10577,COM01254.00,2004,Ore processed,O.Fe,534000
10578,COM01254.00,2005,Concentrate,Con.Fe,1953000
10579,COM01254.00,2005,Ore mined,O.Fe,1935000
10580,COM01254.00,2005,Ore processed,O.Fe,1935000
10581,COM01254.00,2006,Concentrate,Con.Fe,1350000
10582,COM01254.00,2006,Ore mined,O.Fe,1122000
10583,COM01254.00,2006,Ore processed,O.Fe,1122000
10584,COM01254.00,2007,Concentrate,Con.Fe,2711000
10585,COM01254.00,2007,Ore mined,O.Fe,2932000
10586,COM01254.00,2007,Ore processed,O.Fe,2932000
10587,COM01254.00,2008,Concentrate,Con.Fe,2005000
10588,COM01254.00,2008,Ore mined,O.Fe,3841000
10589,COM01254.00,2008,Ore processed,O.Fe,3841000
10590,COM01254.00,2009,Concentrate,Con.Fe,2620000
10591,COM01254.00,2009,Ore mined,O.Fe,2388000
10592,COM01254.00,2009,Ore processed,O.Fe,2388000
10593,COM01254.00,2010,Concentrate,Con.Fe,3372000
10594,COM01254.00,2010,Ore mined,O.Fe,3806000
10595,COM01254.00,2010,Ore processed,O.Fe,3806000
10596,COM01254.00,2011,Concentrate,Con.Fe,3066000
10597,COM01254.00,2011,Ore mined,O.Fe,2597000
10598,COM01254.00,2011,Ore processed,O.Fe,2597000
10599,COM01254.00,2012,Concentrate,Con.Fe,2133000
10600,COM01254.00,2012,Ore mined,O.Fe,1949000
10601,COM01254.00,2012,Ore processed,O.Fe,1949000
10602,COM01254.00,2013,Concentrate,Con.Fe,2404000
10603,COM01254.00,2013,Ore mined,O.Fe,2146000
10604,COM01254.00,2013,Ore processed,O.Fe,2146000
10605,COM01254.00,2014,Concentrate,Con.Fe,2516000
10606,COM01254.00,2014,Ore mined,O.Fe,2162000
10607,COM01254.00,2014,Ore processed,O.Fe,2162000
10608,COM01255.00,2017,Ore mined,O.bulk,332193
10609,COM01255.00,2017,Ore processed,O.bulk,332193
10610,COM01255.00,2018,Ore mined,O.bulk,557364
10611,COM01255.00,2018,Ore processed,O.bulk,557364
10612,COM01255.00,2019,Ore mined,O.bulk,640914
10613,COM01255.00,2019,Ore processed,O.bulk,640914
10614,COM01256.00,2007,Ore mined,O.Au,1843430
10615,COM01256.00,2007,Ore processed,O.Au,2747909
10616,COM01256.00,2008,Ore mined,O.Au,1970438
10617,COM01256.00,2008,Ore processed,O.Au,2845886
10618,COM01256.00,2009,Ore mined,O.Au,1863389
10619,COM01256.00,2009,Ore processed,O.Au,2529274
10620,COM01256.00,2010,Ore mined,O.Au,1612094
10621,COM01256.00,2010,Ore processed,O.Au,1514117
10622,COM01256.00,2011,Ore mined,O.Au,1454242
10623,COM01256.00,2011,Ore processed,O.Au,1828915
10624,COM01256.00,2012,Ore mined,O.Au,1301832
10625,COM01256.00,2012,Ore processed,O.Au,1384387
10626,COM01256.00,2013,Ore mined,O.Au,1850688
10627,COM01256.00,2013,Ore processed,O.Au,1799885
10628,COM01256.00,2014,Ore mined,O.Au,2087467
10629,COM01256.00,2014,Ore processed,O.Au,2051179
10630,COM01256.00,2015,Ore mined,O.Au,2252578
10631,COM01256.00,2015,Ore processed,O.Au,2248949
10632,COM01256.00,2016,Ore mined,O.Au,2472120
10633,COM01256.00,2016,Ore processed,O.Au,2404987
10634,COM01256.00,2017,Ore mined,O.Au,2330597
10635,COM01256.00,2017,Ore processed,O.Au,2482099
10636,COM01256.00,2018,Ore mined,O.Au,2453069
10637,COM01256.00,2018,Ore processed,O.Au,2477563
10638,COM01256.00,2019,Ore mined,O.Au,2615458
10639,COM01256.00,2019,Ore processed,O.Au,2600942
10640,COM01258.00,2011,Ore mined,O.bulk,3963580
10641,COM01258.00,2011,Ore processed,O.bulk,3963580
10642,COM01258.00,2012,Ore mined,O.bulk,9871776
10643,COM01258.00,2012,Ore processed,O.bulk,9871776
10644,COM01258.00,2013,Ore mined,O.bulk,6949742
10645,COM01258.00,2013,Ore processed,O.bulk,6949742
10646,COM01258.00,2014,Ore mined,O.bulk,9854334
10647,COM01258.00,2014,Ore processed,O.bulk,9854334
10648,COM01258.00,2015,Ore mined,O.bulk,12185425
10649,COM01258.00,2015,Ore processed,O.bulk,12185425
10650,COM01258.00,2016,Ore mined,O.bulk,10624498
10651,COM01258.00,2016,Ore processed,O.bulk,10624498
10652,COM01258.00,2017,Ore mined,O.bulk,13117287
10653,COM01258.00,2017,Ore processed,O.bulk,13117287
10654,COM01258.00,2018,Ore mined,O.bulk,13384291
10655,COM01258.00,2018,Ore processed,O.bulk,13384291
10656,COM01258.00,2019,Ore mined,O.bulk,13878907
10657,COM01258.00,2019,Ore processed,O.bulk,13878907
10658,COM01259.00,2010,Ore mined,O.P,2068000
10659,COM01259.00,2010,Ore processed,O.P,2068000
10660,COM01259.00,2011,Ore mined,O.P,2011000
10661,COM01259.00,2011,Ore processed,O.P,2011000
10662,COM01259.00,2012,Ore mined,O.P,2068000
10663,COM01259.00,2012,Ore processed,O.P,2068000
10664,COM01259.00,2013,Ore mined,O.P,1869000
10665,COM01259.00,2013,Ore processed,O.P,1869000
10666,COM01260.00,2005,Ore mined,O.K2O,641000
10667,COM01260.00,2005,Ore processed,O.K2O,641000
10668,COM01260.00,2006,Ore mined,O.K2O,731000
10669,COM01260.00,2006,Ore processed,O.K2O,731000
10670,COM01260.00,2007,Ore mined,O.K2O,671000
10671,COM01260.00,2007,Ore processed,O.K2O,671000
10672,COM01260.00,2008,Ore mined,O.K2O,607000
10673,COM01260.00,2008,Ore processed,O.K2O,607000
10674,COM01260.00,2009,Ore mined,O.K2O,717000
10675,COM01260.00,2009,Ore processed,O.K2O,717000
10676,COM01260.00,2010,Ore mined,O.K2O,662000
10677,COM01260.00,2010,Ore processed,O.K2O,662000
10678,COM01260.00,2011,Ore mined,O.K2O,625000
10679,COM01260.00,2011,Ore processed,O.K2O,625000
10680,COM01260.00,2012,Ore mined,O.K2O,549000
10681,COM01260.00,2012,Ore processed,O.K2O,549000
10682,COM01260.00,2013,Ore mined,O.K2O,492000
10683,COM01260.00,2013,Ore processed,O.K2O,492000
10684,COM01261.00,2000,Concentrate,Con.Pb,54382
10685,COM01261.00,2000,Concentrate,Con.Zn,271467
10686,COM01261.00,2000,Ore mined,O.bulk,2167000
10687,COM01261.00,2000,Ore processed,O.bulk,2167000
10688,COM01261.00,2001,Concentrate,Con.Pb,44029
10689,COM01261.00,2001,Concentrate,Con.Zn,263606
10690,COM01261.00,2001,Ore mined,O.bulk,1968000
10691,COM01261.00,2001,Ore processed,O.bulk,1968000
10692,COM01261.00,2002,Concentrate,Con.Pb,13079
10693,COM01261.00,2002,Concentrate,Con.Zn,89003
10694,COM01261.00,2002,Ore mined,O.bulk,755000
10695,COM01261.00,2002,Ore processed,O.bulk,755000
10696,COM01261.00,2003,Concentrate,Con.Pb,47378
10697,COM01261.00,2003,Concentrate,Con.Zn,335314
10698,COM01261.00,2003,Ore mined,O.bulk,2548000
10699,COM01261.00,2003,Ore processed,O.bulk,2548000
10700,COM01261.00,2004,Concentrate,Con.Pb,52260
10701,COM01261.00,2004,Concentrate,Con.Zn,381280
10702,COM01261.00,2004,Ore mined,O.bulk,2522000
10703,COM01261.00,2004,Ore processed,O.bulk,2522000
10704,COM01261.00,2005,Concentrate,Con.Pb,44528
10705,COM01261.00,2005,Concentrate,Con.Zn,358563
10706,COM01261.00,2005,Ore mined,O.bulk,2551000
10707,COM01261.00,2005,Ore processed,O.bulk,2551000
10708,COM01261.00,2006,Concentrate,Con.Pb,43525
10709,COM01261.00,2006,Concentrate,Con.Zn,355671
10710,COM01261.00,2006,Ore mined,O.bulk,2751000
10711,COM01261.00,2006,Ore processed,O.bulk,2751000
10712,COM01261.00,2007,Concentrate,Con.Pb,42036
10713,COM01261.00,2007,Concentrate,Con.Zn,350511
10714,COM01261.00,2007,Ore mined,O.bulk,2658000
10715,COM01261.00,2007,Ore processed,O.bulk,2658000
10716,COM01261.00,2008,Concentrate,Con.Pb,39944
10717,COM01261.00,2008,Concentrate,Con.Zn,319762
10718,COM01261.00,2008,Ore mined,O.bulk,2411000
10719,COM01261.00,2008,Ore processed,O.bulk,2411000
10720,COM01261.00,2009,Concentrate,Con.Pb,41000
10721,COM01261.00,2009,Concentrate,Con.Zn,344000
10722,COM01261.00,2009,Ore mined,O.bulk,2508000
10723,COM01261.00,2009,Ore processed,O.bulk,2508000
10724,COM01261.00,2010,Concentrate,Con.Pb,34000
10725,COM01261.00,2010,Concentrate,Con.Zn,316000
10726,COM01261.00,2010,Ore mined,O.bulk,2593000
10727,COM01261.00,2010,Ore processed,O.bulk,2593000
10728,COM01261.00,2011,Concentrate,Con.Pb,34000
10729,COM01261.00,2011,Concentrate,Con.Zn,307000
10730,COM01261.00,2011,Ore mined,O.bulk,2486000
10731,COM01261.00,2011,Ore processed,O.bulk,2486000
10732,COM01261.00,2012,Concentrate,Con.Pb,41000
10733,COM01261.00,2012,Concentrate,Con.Zn,305000
10734,COM01261.00,2012,Ore mined,O.bulk,2502000
10735,COM01261.00,2012,Ore processed,O.bulk,2502000
10736,COM01261.00,2013,Concentrate,Con.Pb,39000
10737,COM01261.00,2013,Concentrate,Con.Zn,298000
10738,COM01261.00,2013,Ore mined,O.bulk,2493000
10739,COM01261.00,2013,Ore processed,O.bulk,2493000
10740,COM01261.00,2014,Concentrate,Con.Pb,42000
10741,COM01261.00,2014,Concentrate,Con.Zn,267000
10742,COM01261.00,2014,Ore mined,O.bulk,2287000
10743,COM01261.00,2014,Ore processed,O.bulk,2287000
10744,COM01261.00,2015,Concentrate,Con.Pb,34000
10745,COM01261.00,2015,Concentrate,Con.Zn,243000
10746,COM01261.00,2015,Ore mined,O.bulk,2197000
10747,COM01261.00,2015,Ore processed,O.bulk,2197000
10748,COM01261.00,2016,Concentrate,Con.Pb,37000
10749,COM01261.00,2016,Concentrate,Con.Zn,268000
10750,COM01261.00,2016,Ore mined,O.bulk,2603000
10751,COM01261.00,2016,Ore processed,O.bulk,2603000
10752,COM01261.00,2017,Concentrate,Con.Pb,31000
10753,COM01261.00,2017,Concentrate,Con.Zn,239000
10754,COM01261.00,2017,Ore mined,O.bulk,2311000
10755,COM01261.00,2017,Ore processed,O.bulk,2311000
10756,COM01261.00,2018,Concentrate,Con.Pb,29000
10757,COM01261.00,2018,Concentrate,Con.Zn,242000
10758,COM01261.00,2018,Ore mined,O.bulk,2200000
10759,COM01261.00,2018,Ore processed,O.bulk,2200000
10760,COM01265.00,2010,Ore mined,O.Au,2197000
10761,COM01265.00,2010,Ore processed,O.Au,1540000
10762,COM01265.00,2010,Ore processed,O.Au,519000
10763,COM01265.00,2011,Ore mined,O.Au,11836000
10764,COM01265.00,2011,Ore processed,O.Au,8845000
10765,COM01265.00,2011,Ore processed,O.Au,2609000
10766,COM01265.00,2012,Ore mined,O.Au,23578000
10767,COM01265.00,2012,Ore processed,O.Au,11047000
10768,COM01265.00,2012,Ore processed,O.Au,2553000
10769,COM01265.00,2013,Ore mined,O.Au,26885000
10770,COM01265.00,2013,Ore processed,O.Au,14386000
10771,COM01265.00,2013,Ore processed,O.Au,2504000
10772,COM01265.00,2014,Ore mined,O.Au,16647000
10773,COM01265.00,2014,Ore processed,O.Au,8028000
10774,COM01265.00,2014,Ore processed,O.Au,2556000
10775,COM01265.00,2015,Ore mined,O.Au,5195000
10776,COM01265.00,2015,Ore processed,O.Au,1538000
10777,COM01265.00,2015,Ore processed,O.Au,2542000
10778,COM01265.00,2016,Ore mined,O.Au,7973000
10779,COM01265.00,2016,Ore processed,O.Au,4768000
10780,COM01265.00,2016,Ore processed,O.Au,2459000
10781,COM01265.00,2017,Ore mined,O.Au,6685000
10782,COM01265.00,2017,Ore processed,O.Au,1056000
10783,COM01265.00,2017,Ore processed,O.Au,3045000
10784,COM01265.00,2018,Ore mined,O.Au,8206000
10785,COM01265.00,2018,Ore processed,O.Au,1958000
10786,COM01265.00,2018,Ore processed,O.Au,3734000
10787,COM01266.00,2001,Ore mined,O.Au,2000000
10788,COM01266.00,2001,Ore processed,O.Au,2000000
10789,COM01266.00,2002,Ore mined,O.Au,2200000
10790,COM01266.00,2002,Ore processed,O.Au,2200000
10791,COM01266.00,2003,Ore mined,O.Au,2400000
10792,COM01266.00,2003,Ore processed,O.Au,2400000
10793,COM01266.00,2004,Ore mined,O.Au,2400000
10794,COM01266.00,2004,Ore processed,O.Au,2400000
10795,COM01266.00,2005,Ore mined,O.Au,2100000
10796,COM01266.00,2005,Ore processed,O.Au,2100000
10797,COM01266.00,2006,Ore mined,O.Au,1500000
10798,COM01266.00,2006,Ore processed,O.Au,1500000
10799,COM01266.00,2007,Ore mined,O.Au,1400000
10800,COM01266.00,2007,Ore processed,O.Au,1400000
10801,COM01266.00,2008,Ore mined,O.Au,1200000
10802,COM01266.00,2008,Ore processed,O.Au,1200000
10803,COM01266.00,2009,Ore mined,O.Au,1200000
10804,COM01266.00,2009,Ore processed,O.Au,1200000
10805,COM01266.00,2010,Ore mined,O.Au,900000
10806,COM01266.00,2010,Ore processed,O.Au,900000
10807,COM01267.00,2001,Ore mined,O.Au,1600000
10808,COM01267.00,2001,Ore processed,O.Au,1600000
10809,COM01267.00,2002,Ore mined,O.Au,1700000
10810,COM01267.00,2002,Ore processed,O.Au,1700000
10811,COM01267.00,2003,Ore mined,O.Au,1700000
10812,COM01267.00,2003,Ore processed,O.Au,1700000
10813,COM01267.00,2004,Ore mined,O.Au,1600000
10814,COM01267.00,2004,Ore processed,O.Au,1600000
10815,COM01267.00,2005,Ore mined,O.Au,1600000
10816,COM01267.00,2005,Ore processed,O.Au,1600000
10817,COM01267.00,2006,Ore mined,O.Au,2000000
10818,COM01267.00,2006,Ore processed,O.Au,2000000
10819,COM01267.00,2007,Ore mined,O.Au,1800000
10820,COM01267.00,2007,Ore processed,O.Au,1800000
10821,COM01267.00,2008,Ore mined,O.Au,1600000
10822,COM01267.00,2008,Ore processed,O.Au,1600000
10823,COM01267.00,2009,Ore mined,O.Au,1500000
10824,COM01267.00,2009,Ore processed,O.Au,1500000
10825,COM01267.00,2010,Ore mined,O.Au,1100000
10826,COM01267.00,2010,Ore processed,O.Au,1100000
10827,COM01267.00,2011,Ore mined,O.Au,1000000
10828,COM01267.00,2011,Ore processed,O.Au,1000000
10829,COM01267.00,2012,Ore mined,O.Au,800000
10830,COM01267.00,2012,Ore processed,O.Au,800000
10831,COM01267.00,2013,Ore mined,O.Au,1000000
10832,COM01267.00,2013,Ore processed,O.Au,1000000
10833,COM01267.00,2014,Ore mined,O.Au,900000
10834,COM01267.00,2014,Ore processed,O.Au,900000
10835,COM01267.00,2015,Ore mined,O.Au,800000
10836,COM01267.00,2015,Ore processed,O.Au,800000
10837,COM01267.00,2016,Ore mined,O.Au,600000
10838,COM01267.00,2016,Ore processed,O.Au,600000
10839,COM01267.00,2017,Ore mined,O.Au,400000
10840,COM01267.00,2017,Ore processed,O.Au,400000
10841,COM01268.00,2010,Ore mined,O.Al,104692
10842,COM01268.00,2010,Ore processed,O.Al,104692
10843,COM01268.00,2011,Ore mined,O.Al,32748
10844,COM01268.00,2011,Ore processed,O.Al,32748
10845,COM01268.00,2012,Ore mined,O.Al,194190
10846,COM01268.00,2012,Ore processed,O.Al,194190
10847,COM01268.00,2013,Ore mined,O.Al,570721
10848,COM01268.00,2013,Ore processed,O.Al,570721
10849,COM01268.00,2014,Ore mined,O.Al,267292
10850,COM01268.00,2014,Ore processed,O.Al,267292
10851,COM01268.00,2015,Ore mined,O.Al,201517
10852,COM01268.00,2015,Ore processed,O.Al,201517
10853,COM01268.00,2016,Ore mined,O.Al,241202
10854,COM01268.00,2016,Ore processed,O.Al,241202
10855,COM01268.00,2017,Ore mined,O.Al,705322
10856,COM01268.00,2017,Ore processed,O.Al,705322
10857,COM01268.00,2018,Ore mined,O.Al,1102385
10858,COM01268.00,2018,Ore processed,O.Al,1102385
10859,COM01268.00,2019,Ore mined,O.Al,1726734
10860,COM01268.00,2019,Ore processed,O.Al,1726734
10861,COM01270.00,2005,Ore mined,O.bulk,41700000
10862,COM01270.00,2005,Ore processed,O.bulk,8800000
10863,COM01270.00,2006,Ore mined,O.bulk,49800000
10864,COM01270.00,2006,Ore processed,O.bulk,20400000
10865,COM01270.00,2007,Ore mined,O.bulk,61100000
10866,COM01270.00,2007,Ore processed,O.bulk,20600000
10867,COM01270.00,2012,Ore mined,O.bulk,86600000
10868,COM01270.00,2012,Ore processed,O.bulk,21500000
10869,COM01270.00,2013,Ore mined,O.bulk,91288000
10870,COM01270.00,2013,Ore processed,O.bulk,21543000
10871,COM01270.00,2014,Ore mined,O.bulk,37723000
10872,COM01270.00,2014,Ore processed,O.bulk,21294000
10873,COM01270.00,2015,Ore mined,O.bulk,17262000
10874,COM01270.00,2015,Ore processed,O.bulk,22079000
10875,COM01270.00,2016,Ore mined,O.bulk,17547000
10876,COM01270.00,2016,Ore processed,O.bulk,21502000
10877,COM01270.00,2017,Ore mined,O.bulk,15686000
10878,COM01270.00,2017,Ore processed,O.bulk,21187000
10879,COM01270.00,2018,Ore mined,O.bulk,20321000
10880,COM01270.00,2018,Ore processed,O.bulk,23026000
10881,COM01273.00,2009,Ore mined,O.bulk,6219344
10882,COM01273.00,2009,Ore processed,O.bulk,2111067
10883,COM01273.00,2010,Ore mined,O.bulk,8541000
10884,COM01273.00,2010,Ore processed,O.bulk,3766000
10885,COM01273.00,2011,Ore mined,O.bulk,9995000
10886,COM01273.00,2011,Ore processed,O.bulk,4046000
10887,COM01273.00,2012,Ore mined,O.bulk,12806000
10888,COM01273.00,2012,Ore processed,O.bulk,4748000
10889,COM01273.00,2013,Ore mined,O.bulk,13231000
10890,COM01273.00,2013,Ore processed,O.bulk,5428000
10891,COM01273.00,2014,Ore mined,O.bulk,13073000
10892,COM01273.00,2014,Ore processed,O.bulk,5372000
10893,COM01273.00,2015,Ore mined,O.bulk,12657000
10894,COM01273.00,2015,Ore processed,O.bulk,5440000
10895,COM01274.00,2013,Ore mined,O.Fe,625900
10896,COM01274.00,2013,Ore processed,O.Fe,625900
10897,COM01274.00,2014,Ore mined,O.Fe,1087800
10898,COM01274.00,2014,Ore processed,O.Fe,1087800
10899,COM01274.00,2015,Ore mined,O.Fe,143100
10900,COM01274.00,2015,Ore processed,O.Fe,143100
10901,COM01274.00,2016,Ore mined,O.Fe,369600
10902,COM01274.00,2016,Ore processed,O.Fe,369600
10903,COM01275.00,2007,Concentrate,Con.Cu,31957
10904,COM01275.00,2007,Ore mined,O.bulk,216447
10905,COM01275.00,2007,Ore processed,O.bulk,216447
10906,COM01275.00,2008,Concentrate,Con.Cu,62872
10907,COM01275.00,2008,Ore mined,O.bulk,500722
10908,COM01275.00,2008,Ore processed,O.bulk,500722
10909,COM01275.00,2009,Concentrate,Con.Cu,82490
10910,COM01275.00,2009,Ore mined,O.bulk,634259
10911,COM01275.00,2009,Ore processed,O.bulk,634259
10912,COM01275.00,2012,Concentrate,Con.Cu,11901
10913,COM01275.00,2012,Concentrate,Con.Pb,5891
10914,COM01275.00,2012,Concentrate,Con.Zn,29504
10915,COM01275.00,2012,Ore mined,O.bulk,399244
10916,COM01275.00,2012,Ore processed,O.bulk,399244
10917,COM01275.00,2018,Concentrate,Con.Cu,1522
10918,COM01275.00,2018,Concentrate,Con.Pb,6920
10919,COM01275.00,2018,Concentrate,Con.Zn,17110
10920,COM01275.00,2018,Ore mined,O.bulk,248000
10921,COM01275.00,2018,Ore processed,O.bulk,228000
10922,COM01275.00,2019,Concentrate,Con.Cu,4642
10923,COM01275.00,2019,Concentrate,Con.Pb,12886
10924,COM01275.00,2019,Concentrate,Con.Zn,32504
10925,COM01275.00,2019,Ore mined,O.bulk,383000
10926,COM01275.00,2019,Ore processed,O.bulk,407000
10927,COM01275.00,2020,Concentrate,Con.Cu,7939
10928,COM01275.00,2020,Concentrate,Con.Pb,5142
10929,COM01275.00,2020,Concentrate,Con.Zn,18834
10930,COM01275.00,2020,Ore mined,O.bulk,334000
10931,COM01275.00,2020,Ore processed,O.bulk,331000
10932,COM01276.00,2000,Concentrate,Con.Cu,38404
10933,COM01276.00,2000,Concentrate,Con.Pb,10757
10934,COM01276.00,2000,Concentrate,Con.Zn,101783
10935,COM01276.00,2000,Ore mined,O.bulk,1668000
10936,COM01276.00,2000,Ore processed,O.bulk,1668000
10937,COM01276.00,2001,Concentrate,Con.Cu,42335
10938,COM01276.00,2001,Concentrate,Con.Pb,12659
10939,COM01276.00,2001,Concentrate,Con.Zn,92775
10940,COM01276.00,2001,Ore mined,O.bulk,1767000
10941,COM01276.00,2001,Ore processed,O.bulk,1767000
10942,COM01276.00,2002,Concentrate,Con.Cu,57541
10943,COM01276.00,2002,Concentrate,Con.Pb,11713
10944,COM01276.00,2002,Concentrate,Con.Zn,116975
10945,COM01276.00,2002,Ore mined,O.bulk,1804000
10946,COM01276.00,2002,Ore processed,O.bulk,1804000
10947,COM01276.00,2003,Concentrate,Con.Cu,91265
10948,COM01276.00,2003,Concentrate,Con.Pb,9790
10949,COM01276.00,2003,Concentrate,Con.Zn,143396
10950,COM01276.00,2003,Ore mined,O.bulk,1759000
10951,COM01276.00,2003,Ore processed,O.bulk,1759000
10952,COM01276.00,2004,Concentrate,Con.Cu,63984
10953,COM01276.00,2004,Concentrate,Con.Pb,12347
10954,COM01276.00,2004,Concentrate,Con.Zn,149999
10955,COM01276.00,2004,Ore mined,O.bulk,1774000
10956,COM01276.00,2004,Ore processed,O.bulk,1774000
10957,COM01276.00,2005,Concentrate,Con.Cu,75542
10958,COM01276.00,2005,Concentrate,Con.Pb,10516
10959,COM01276.00,2005,Concentrate,Con.Zn,161613
10960,COM01276.00,2005,Ore mined,O.bulk,1782000
10961,COM01276.00,2005,Ore processed,O.bulk,1782000
10962,COM01276.00,2006,Concentrate,Con.Cu,72021
10963,COM01276.00,2006,Concentrate,Con.Pb,6755
10964,COM01276.00,2006,Concentrate,Con.Zn,131393
10965,COM01276.00,2006,Ore mined,O.bulk,1679000
10966,COM01276.00,2006,Ore processed,O.bulk,1679000
10967,COM01276.00,2007,Concentrate,Con.Cu,41885
10968,COM01276.00,2007,Concentrate,Con.Pb,10804
10969,COM01276.00,2007,Concentrate,Con.Zn,131395
10970,COM01276.00,2007,Ore mined,O.bulk,1848000
10971,COM01276.00,2007,Ore processed,O.bulk,1848000
10972,COM01276.00,2008,Concentrate,Con.Cu,32441
10973,COM01276.00,2008,Concentrate,Con.Pb,4547
10974,COM01276.00,2008,Concentrate,Con.Zn,70327
10975,COM01276.00,2008,Ore mined,O.bulk,1355000
10976,COM01276.00,2008,Ore processed,O.bulk,1355000
10977,COM01276.00,2009,Concentrate,Con.Cu,28481
10978,COM01276.00,2009,Concentrate,Con.Pb,4056
10979,COM01276.00,2009,Concentrate,Con.Zn,57565
10980,COM01276.00,2009,Ore mined,O.bulk,1192000
10981,COM01276.00,2009,Ore processed,O.bulk,1192000
10982,COM01276.00,2010,Concentrate,Con.Cu,31000
10983,COM01276.00,2010,Concentrate,Con.Pb,4000
10984,COM01276.00,2010,Concentrate,Con.Zn,74000
10985,COM01276.00,2010,Ore mined,O.bulk,1375000
10986,COM01276.00,2010,Ore processed,O.bulk,1375000
10987,COM01276.00,2011,Concentrate,Con.Cu,60000
10988,COM01276.00,2011,Concentrate,Con.Pb,3000
10989,COM01276.00,2011,Concentrate,Con.Zn,69000
10990,COM01276.00,2011,Ore mined,O.bulk,1677000
10991,COM01276.00,2011,Ore processed,O.bulk,1677000
10992,COM01276.00,2012,Concentrate,Con.Cu,47000
10993,COM01276.00,2012,Concentrate,Con.Pb,3000
10994,COM01276.00,2012,Concentrate,Con.Zn,56000
10995,COM01276.00,2012,Ore mined,O.bulk,1862000
10996,COM01276.00,2012,Ore processed,O.bulk,1862000
10997,COM01276.00,2013,Concentrate,Con.Cu,31000
10998,COM01276.00,2013,Concentrate,Con.Pb,3000
10999,COM01276.00,2013,Concentrate,Con.Zn,63000
11000,COM01276.00,2013,Ore mined,O.bulk,1809000
11001,COM01276.00,2013,Ore processed,O.bulk,1809000
11002,COM01276.00,2014,Concentrate,Con.Cu,32000
11003,COM01276.00,2014,Concentrate,Con.Pb,5000
11004,COM01276.00,2014,Concentrate,Con.Zn,82000
11005,COM01276.00,2014,Ore mined,O.bulk,1862000
11006,COM01276.00,2014,Ore processed,O.bulk,1862000
11007,COM01276.00,2015,Concentrate,Con.Cu,20000
11008,COM01276.00,2015,Concentrate,Con.Pb,9000
11009,COM01276.00,2015,Concentrate,Con.Zn,103000
11010,COM01276.00,2015,Ore mined,O.bulk,1879000
11011,COM01276.00,2015,Ore processed,O.bulk,1879000
11012,COM01276.00,2016,Concentrate,Con.Cu,23000
11013,COM01276.00,2016,Concentrate,Con.Pb,12000
11014,COM01276.00,2016,Concentrate,Con.Zn,129000
11015,COM01276.00,2016,Ore mined,O.bulk,2138000
11016,COM01276.00,2016,Ore processed,O.bulk,2138000
11017,COM01276.00,2017,Concentrate,Con.Cu,20000
11018,COM01276.00,2017,Concentrate,Con.Pb,13000
11019,COM01276.00,2017,Concentrate,Con.Zn,123000
11020,COM01276.00,2017,Ore mined,O.bulk,2065000
11021,COM01276.00,2017,Ore processed,O.bulk,2065000
11022,COM01276.00,2018,Concentrate,Con.Cu,20000
11023,COM01276.00,2018,Concentrate,Con.Pb,9000
11024,COM01276.00,2018,Concentrate,Con.Zn,103000
11025,COM01276.00,2018,Ore mined,O.bulk,1947000
11026,COM01276.00,2018,Ore processed,O.bulk,1947000
11027,COM01277.00,2001,Ore mined,O.Ni,1520000
11028,COM01277.00,2001,Ore processed,O.Ni,1520000
11029,COM01277.00,2002,Ore mined,O.Ni,1433000
11030,COM01277.00,2002,Ore processed,O.Ni,1433000
11031,COM01277.00,2003,Ore mined,O.Ni,1393000
11032,COM01277.00,2003,Ore processed,O.Ni,1393000
11033,COM01277.00,2004,Ore mined,O.Ni,1377000
11034,COM01277.00,2004,Ore processed,O.Ni,1377000
11035,COM01277.00,2005,Ore mined,O.Ni,1323000
11036,COM01277.00,2005,Ore processed,O.Ni,1323000
11037,COM01277.00,2006,Ore mined,O.Ni,1214000
11038,COM01277.00,2006,Ore processed,O.Ni,1214000
11039,COM01277.00,2007,Ore mined,O.Ni,1380000
11040,COM01277.00,2007,Ore processed,O.Ni,1380000
11041,COM01277.00,2008,Ore mined,O.Ni,1320000
11042,COM01277.00,2008,Ore processed,O.Ni,1320000
11043,COM01277.00,2009,Ore mined,O.Ni,1270000
11044,COM01277.00,2009,Ore processed,O.Ni,1270000
11045,COM01277.00,2010,Ore mined,O.Ni,1325000
11046,COM01277.00,2010,Ore processed,O.Ni,1325000
11047,COM01277.00,2011,Ore mined,O.Ni,1182000
11048,COM01277.00,2011,Ore processed,O.Ni,1182000
11049,COM01277.00,2012,Ore mined,O.Ni,1160000
11050,COM01277.00,2012,Ore processed,O.Ni,1160000
11051,COM01277.00,2013,Ore mined,O.Ni,1175000
11052,COM01277.00,2013,Ore processed,O.Ni,1175000
11053,COM01277.00,2014,Ore mined,O.Ni,1184000
11054,COM01277.00,2014,Ore processed,O.Ni,1184000
11055,COM01277.00,2015,Ore mined,O.Ni,1163000
11056,COM01277.00,2015,Ore processed,O.Ni,1163000
11057,COM01277.00,2016,Ore mined,O.Ni,1140000
11058,COM01277.00,2016,Ore processed,O.Ni,1140000
11059,COM01277.00,2017,Ore mined,O.Ni,1229000
11060,COM01277.00,2017,Ore processed,O.Ni,1229000
11061,COM01277.00,2018,Ore mined,O.Ni,1034000
11062,COM01277.00,2018,Ore processed,O.Ni,1034000
11063,COM01277.00,2019,Ore mined,O.Ni,859000
11064,COM01277.00,2019,Ore processed,O.Ni,859000
11065,COM01278.00,2016,Ore mined,O.Au,949000
11066,COM01278.00,2016,Ore processed,O.Au,949000
11067,COM01278.00,2017,Ore mined,O.Au,2305000
11068,COM01278.00,2017,Ore processed,O.Au,2305000
11069,COM01278.00,2018,Ore mined,O.Au,11906000
11070,COM01278.00,2018,Ore processed,O.Au,2656000
11071,COM01278.00,2019,Ore mined,O.Au,7423000
11072,COM01278.00,2019,Ore processed,O.Au,2826000
11073,COM01278.00,2020,Ore mined,O.Au,6399000
11074,COM01278.00,2020,Ore processed,O.Au,2891000
11075,COM01281.00,2012,Concentrate,Con.MnO,126000
11076,COM01281.00,2012,Ore mined,O.Mn,311000
11077,COM01281.00,2012,Ore processed,O.Mn,311000
11078,COM01281.00,2013,Concentrate,Con.MnO,96000
11079,COM01281.00,2013,Ore mined,O.Mn,208000
11080,COM01281.00,2013,Ore processed,O.Mn,208000
11081,COM01281.00,2014,Concentrate,Con.MnO,86000
11082,COM01281.00,2014,Ore mined,O.Mn,278000
11083,COM01281.00,2014,Ore processed,O.Mn,278000
11084,COM01281.00,2015,Concentrate,Con.MnO,58000
11085,COM01281.00,2015,Ore mined,O.Mn,235000
11086,COM01281.00,2015,Ore processed,O.Mn,235000
11087,COM01281.00,2016,Ore mined,O.Mn,366000
11088,COM01281.00,2016,Ore processed,O.Mn,366000
11089,COM01281.00,2017,Concentrate,Con.MnCO3,320000
11090,COM01281.00,2017,Ore mined,O.Mn,131000
11091,COM01281.00,2017,Ore processed,O.Mn,131000
11092,COM01281.00,2018,Concentrate,Con.MnCO3,352000
11093,COM01281.00,2018,Concentrate,Con.MnO,10000
11094,COM01281.00,2018,Ore mined,O.Mn,233000
11095,COM01281.00,2018,Ore processed,O.Mn,233000
11096,COM01281.00,2019,Concentrate,Con.MnCO3,399000
11097,COM01281.00,2019,Concentrate,Con.MnO,63000
11098,COM01281.00,2019,Ore mined,O.Mn,319000
11099,COM01281.00,2019,Ore processed,O.Mn,319000
11100,COM01282.00,2000,Concentrate,Con.Fe,7200000
11101,COM01282.00,2001,Concentrate,Con.Fe,6502701
11102,COM01282.00,2002,Concentrate,Con.Fe,8026771
11103,COM01282.00,2003,Concentrate,Con.Fe,7112329
11104,COM01282.00,2004,Concentrate,Con.Fe,7925167
11105,COM01282.00,2005,Concentrate,Con.Fe,8026771
11106,COM01282.00,2006,Concentrate,Con.Fe,7010724
11107,COM01282.00,2007,Concentrate,Con.Fe,7315538
11108,COM01282.00,2008,Concentrate,Con.Fe,7721957
11109,COM01282.00,2013,Concentrate,Con.Fe,7620352
11110,COM01282.00,2014,Concentrate,Con.Fe,7721957
11111,COM01282.00,2015,Concentrate,Con.Fe,7721957
11112,COM01282.00,2016,Concentrate,Con.Fe,7721957
11113,COM01282.00,2017,Concentrate,Con.Fe,7823562
11114,COM01282.00,2018,Concentrate,Con.Fe,7823562
11115,COM01282.00,2019,Concentrate,Con.Fe,7823562
11116,COM01283.00,2008,Ore mined,O.Al,1900000
11117,COM01283.00,2008,Ore processed,O.Al,1900000
11118,COM01283.00,2009,Ore mined,O.Al,1900000
11119,COM01283.00,2009,Ore processed,O.Al,1900000
11120,COM01283.00,2010,Ore mined,O.Al,1944000
11121,COM01283.00,2010,Ore processed,O.Al,1944000
11122,COM01283.00,2011,Ore mined,O.Al,2030000
11123,COM01283.00,2011,Ore processed,O.Al,2030000
11124,COM01283.00,2012,Ore mined,O.Al,2212000
11125,COM01283.00,2012,Ore processed,O.Al,2212000
11126,COM01283.00,2013,Ore mined,O.Al,2824000
11127,COM01283.00,2013,Ore processed,O.Al,2824000
11128,COM01283.00,2014,Ore mined,O.Al,2815000
11129,COM01283.00,2014,Ore processed,O.Al,2815000
11130,COM01283.00,2015,Ore mined,O.Al,2861000
11131,COM01283.00,2015,Ore processed,O.Al,2861000
11132,COM01283.00,2016,Ore mined,O.Al,3065000
11133,COM01283.00,2016,Ore processed,O.Al,3065000
11134,COM01283.00,2017,Ore mined,O.Al,3163000
11135,COM01283.00,2017,Ore processed,O.Al,3163000
11136,COM01283.00,2018,Ore mined,O.Al,3325000
11137,COM01283.00,2018,Ore processed,O.Al,3325000
11138,COM01283.00,2019,Ore mined,O.Al,3221000
11139,COM01283.00,2019,Ore processed,O.Al,3221000
11140,COM01284.00,2017,Ore mined,O.bulk,1360000
11141,COM01284.00,2017,Ore processed,O.bulk,1360000
11142,COM01284.00,2019,Ore mined,O.bulk,1740267
11143,COM01284.00,2019,Ore processed,O.bulk,1740267
11144,COM01290.00,2000,Ore mined,O.bulk,16276000
11145,COM01290.00,2000,Ore processed,O.bulk,16276000
11146,COM01290.00,2001,Ore mined,O.bulk,17130000
11147,COM01290.00,2001,Ore processed,O.bulk,17130000
11148,COM01290.00,2002,Concentrate,Con.Cu,446400
11149,COM01290.00,2002,Ore mined,O.bulk,17595000
11150,COM01290.00,2002,Ore processed,O.bulk,17595000
11151,COM01290.00,2003,Concentrate,Con.Cu,505200
11152,COM01290.00,2003,Ore mined,O.bulk,21208000
11153,COM01290.00,2003,Ore processed,O.bulk,21208000
11154,COM01290.00,2004,Concentrate,Con.Cu,580100
11155,COM01290.00,2004,Ore mined,O.bulk,21807000
11156,COM01290.00,2004,Ore processed,O.bulk,21807000
11157,COM01290.00,2005,Concentrate,Con.Cu,576400
11158,COM01290.00,2005,Concentrate,Con.Mo,9700
11159,COM01290.00,2005,Ore mined,O.bulk,21224000
11160,COM01290.00,2005,Ore mined,O.oxi,16693000
11161,COM01290.00,2005,Ore processed,O.bulk,21225000
11162,COM01290.00,2006,Concentrate,Con.Cu,557500
11163,COM01290.00,2006,Concentrate,Con.Mo,10700
11164,COM01290.00,2006,Ore mined,O.bulk,20813000
11165,COM01290.00,2006,Ore mined,O.oxi,42827000
11166,COM01290.00,2006,Ore processed,O.bulk,20828000
11167,COM01290.00,2007,Concentrate,Con.Cu,521900
11168,COM01290.00,2007,Concentrate,Con.Mo,11400
11169,COM01290.00,2007,Ore mined,O.bulk,20889000
11170,COM01290.00,2007,Ore mined,O.oxi,90521000
11171,COM01290.00,2007,Ore processed,O.bulk,20906000
11172,COM01290.00,2008,Concentrate,Con.Cu,419700
11173,COM01290.00,2008,Concentrate,Con.Mo,8500
11174,COM01290.00,2008,Ore mined,O.bulk,21356000
11175,COM01290.00,2008,Ore mined,O.oxi,74286000
11176,COM01290.00,2008,Ore processed,O.bulk,21328000
11177,COM01290.00,2009,Concentrate,Con.Cu,466400
11178,COM01290.00,2009,Concentrate,Con.Mo,6600
11179,COM01290.00,2009,Ore mined,O.bulk,21685000
11180,COM01290.00,2009,Ore mined,O.oxi,86692000
11181,COM01290.00,2009,Ore processed,O.bulk,21700000
11182,COM01290.00,2010,Concentrate,Con.Cu,481700
11183,COM01290.00,2010,Concentrate,Con.Mo,8900
11184,COM01290.00,2010,Ore mined,O.bulk,21634000
11185,COM01290.00,2010,Ore mined,O.oxi,67103000
11186,COM01290.00,2010,Ore processed,O.bulk,21654000
11187,COM01290.00,2011,Concentrate,Con.Cu,455200
11188,COM01290.00,2011,Concentrate,Con.Mo,9800
11189,COM01290.00,2011,Ore mined,O.bulk,21525000
11190,COM01290.00,2011,Ore mined,O.oxi,47142000
11191,COM01290.00,2011,Ore processed,O.bulk,21497000
11192,COM01290.00,2012,Concentrate,Con.Cu,451500
11193,COM01290.00,2012,Concentrate,Con.Mo,8200
11194,COM01290.00,2012,Ore mined,O.bulk,20072000
11195,COM01290.00,2012,Ore mined,O.oxi,37065000
11196,COM01290.00,2012,Ore processed,O.bulk,20090000
11197,COM01290.00,2013,Concentrate,Con.Cu,409600
11198,COM01290.00,2013,Concentrate,Con.Mo,8400
11199,COM01290.00,2013,Ore mined,O.bulk,19954000
11200,COM01290.00,2013,Ore mined,O.oxi,38847000
11201,COM01290.00,2013,Ore processed,O.bulk,19925000
11202,COM01290.00,2014,Concentrate,Con.Cu,416700
11203,COM01290.00,2014,Concentrate,Con.Mo,10900
11204,COM01290.00,2014,Ore mined,O.bulk,19922000
11205,COM01290.00,2014,Ore mined,O.oxi,37939000
11206,COM01290.00,2014,Ore processed,O.bulk,19942000
11207,COM01290.00,2015,Concentrate,Con.Cu,429000
11208,COM01290.00,2015,Concentrate,Con.Mo,14100
11209,COM01290.00,2015,Ore mined,O.bulk,20150000
11210,COM01290.00,2015,Ore mined,O.oxi,54440000
11211,COM01290.00,2015,Ore processed,O.bulk,20272000
11212,COM01290.00,2016,Concentrate,Con.Cu,424500
11213,COM01290.00,2016,Concentrate,Con.Mo,11300
11214,COM01290.00,2016,Ore mined,O.bulk,19940000
11215,COM01290.00,2016,Ore mined,O.oxi,78485000
11216,COM01290.00,2016,Ore processed,O.bulk,20071000
11217,COM01290.00,2017,Concentrate,Con.Cu,451900
11218,COM01290.00,2017,Concentrate,Con.Mo,7500
11219,COM01290.00,2017,Ore mined,O.bulk,20411000
11220,COM01290.00,2017,Ore mined,O.oxi,85048000
11221,COM01290.00,2017,Ore processed,O.bulk,20392000
11222,COM01290.00,2018,Concentrate,Con.Cu,528200
11223,COM01290.00,2018,Concentrate,Con.Mo,7500
11224,COM01290.00,2018,Ore mined,O.bulk,22701000
11225,COM01290.00,2018,Ore mined,O.oxi,104126000
11226,COM01290.00,2018,Ore processed,O.bulk,23060000
11227,COM01290.00,2019,Concentrate,Con.Cu,885200
11228,COM01290.00,2019,Concentrate,Con.Mo,13100
11229,COM01290.00,2019,Ore mined,O.bulk,38248000
11230,COM01290.00,2019,Ore mined,O.oxi,96700000
11231,COM01290.00,2019,Ore processed,O.bulk,38121000
11232,COM01291.00,2010,Ore mined,O.bulk,16000
11233,COM01291.00,2010,Ore processed,O.bulk,16000
11234,COM01291.00,2011,Ore mined,O.bulk,28000
11235,COM01291.00,2011,Ore processed,O.bulk,28000
11236,COM01291.00,2012,Ore mined,O.bulk,6000
11237,COM01291.00,2012,Ore processed,O.bulk,6000
11238,COM01291.00,2013,Ore mined,O.bulk,64000
11239,COM01291.00,2013,Ore processed,O.bulk,64000
11240,COM01291.00,2014,Ore mined,O.bulk,303000
11241,COM01291.00,2014,Ore processed,O.bulk,303000
11242,COM01291.00,2015,Ore mined,O.bulk,528000
11243,COM01291.00,2015,Ore processed,O.bulk,528000
11244,COM01291.00,2016,Ore mined,O.bulk,671000
11245,COM01291.00,2016,Ore processed,O.bulk,671000
11246,COM01291.00,2017,Ore mined,O.bulk,710000
11247,COM01291.00,2017,Ore processed,O.bulk,710000
11248,COM01291.00,2018,Ore mined,O.bulk,710000
11249,COM01291.00,2018,Ore processed,O.bulk,710000
11250,COM01291.00,2019,Ore mined,O.bulk,669000
11251,COM01291.00,2019,Ore processed,O.bulk,669000
11252,COM01292.00,2020,Ore mined,O.Au,4388000
11253,COM01292.00,2020,Ore processed,O.Au,2457000
11254,COM01295.00,2006,Concentrate,Con.Cu,91569
11255,COM01295.00,2006,Ore mined,O.Cu,790940
11256,COM01295.00,2006,Ore processed,O.Cu,823642
11257,COM01295.00,2007,Concentrate,Con.Cu,74445
11258,COM01295.00,2007,Ore mined,O.Cu,680439
11259,COM01295.00,2007,Ore processed,O.Cu,733638
11260,COM01295.00,2008,Concentrate,Con.Cu,33282
11261,COM01295.00,2008,Ore mined,O.Cu,343606
11262,COM01295.00,2008,Ore processed,O.Cu,406672
11263,COM01295.00,2009,Concentrate,Con.Cu,95026
11264,COM01295.00,2009,Ore mined,O.Cu,932532
11265,COM01295.00,2009,Ore processed,O.Cu,921116
11266,COM01295.00,2010,Concentrate,Con.Cu,81183
11267,COM01295.00,2010,Ore mined,O.Cu,911539
11268,COM01295.00,2010,Ore processed,O.Cu,906347
11269,COM01295.00,2011,Concentrate,Con.Cu,94483
11270,COM01295.00,2011,Concentrate,Oth.cuce,582
11271,COM01295.00,2011,Ore mined,O.Cu,1160476
11272,COM01295.00,2011,Ore processed,O.Cu,1163732
11273,COM01295.00,2012,Concentrate,Con.Cu,93580
11274,COM01295.00,2012,Concentrate,Oth.cuce,587
11275,COM01295.00,2012,Ore mined,O.Cu,1260656
11276,COM01295.00,2012,Ore processed,O.Cu,1254355
11277,COM01295.00,2013,Concentrate,Con.Cu,94520
11278,COM01295.00,2013,Concentrate,Oth.cuce,535
11279,COM01295.00,2013,Ore mined,O.Cu,1303552
11280,COM01295.00,2013,Ore processed,O.Cu,1267683
11281,COM01295.00,2014,Concentrate,Con.Cu,109232
11282,COM01295.00,2014,Concentrate,Oth.cuce,237
11283,COM01295.00,2014,Ore mined,O.Cu,1572728
11284,COM01295.00,2014,Ore processed,O.Cu,1568755
11285,COM01295.00,2015,Concentrate,Con.Cu,123367
11286,COM01295.00,2015,Concentrate,Oth.cuce,186
11287,COM01295.00,2015,Ore mined,O.Cu,1622829
11288,COM01295.00,2015,Ore processed,O.Cu,1641483
11289,COM01295.00,2016,Concentrate,Con.Cu,125469
11290,COM01295.00,2016,Concentrate,Oth.cuce,303
11291,COM01295.00,2016,Ore mined,O.Cu,1693951
11292,COM01295.00,2016,Ore processed,O.Cu,1700860
11293,COM01295.00,2017,Concentrate,Con.Cu,99567
11294,COM01295.00,2017,Concentrate,Oth.cuce,151
11295,COM01295.00,2017,Ore mined,O.Cu,1457406
11296,COM01295.00,2017,Ore processed,O.Cu,1467244
11297,COM01295.00,2018,Concentrate,Con.Cu,118366
11298,COM01295.00,2018,Concentrate,Oth.cuce,110
11299,COM01295.00,2018,Ore mined,O.Cu,1615855
11300,COM01295.00,2018,Ore processed,O.Cu,1592165
11301,COM01295.00,2019,Concentrate,Con.Cu,118576
11302,COM01295.00,2019,Concentrate,Oth.cuce,57
11303,COM01295.00,2019,Ore mined,O.Cu,1673066
11304,COM01295.00,2019,Ore processed,O.Cu,1669274
11305,COM01295.00,2020,Concentrate,Con.Cu,121398
11306,COM01295.00,2020,Concentrate,Oth.cuce,37
11307,COM01295.00,2020,Ore mined,O.Cu,1610504
11308,COM01295.00,2020,Ore processed,O.Cu,1640680
11309,COM01296.00,2013,Ore mined,O.Au,1285714
11310,COM01296.00,2013,Ore processed,O.Au,1285714
11311,COM01296.00,2014,Ore mined,O.Au,5714286
11312,COM01296.00,2014,Ore processed,O.Au,5714286
11313,COM01296.00,2015,Ore mined,O.Au,6142857
11314,COM01296.00,2015,Ore processed,O.Au,6142857
11315,COM01296.00,2016,Ore mined,O.Au,6857143
11316,COM01296.00,2016,Ore processed,O.Au,6857143
11317,COM01296.00,2017,Ore mined,O.Au,7714286
11318,COM01296.00,2017,Ore processed,O.Au,7714286
11319,COM01296.00,2018,Ore mined,O.Au,7857143
11320,COM01296.00,2018,Ore processed,O.Au,7857143
11321,COM01300.00,2017,Ore mined,O.Au,3313749
11322,COM01300.00,2017,Ore processed,O.Au,3149602
11323,COM01300.00,2018,Ore mined,O.Au,5296366
11324,COM01300.00,2018,Ore processed,O.Au,4940908
11325,COM01300.00,2019,Ore mined,O.Au,7400000
11326,COM01300.00,2019,Ore processed,O.Au,7400000
11327,COM01301.00,2005,Ore mined,O.Au,322000
11328,COM01301.00,2005,Ore processed,O.Au,322000
11329,COM01301.00,2009,Ore mined,O.Au,83000
11330,COM01301.00,2009,Ore processed,O.Au,312000
11331,COM01301.00,2010,Ore mined,O.Au,103000
11332,COM01301.00,2010,Ore processed,O.Au,340000
11333,COM01301.00,2011,Ore mined,O.Au,166000
11334,COM01301.00,2011,Ore processed,O.Au,291000
11335,COM01301.00,2012,Ore mined,O.Au,167000
11336,COM01301.00,2012,Ore processed,O.Au,185000
11337,COM01308.00,2006,Ore mined,O.Au,569333
11338,COM01308.00,2006,Ore processed,O.Au,586667
11339,COM01308.00,2007,Ore mined,O.Au,513333
11340,COM01308.00,2007,Ore processed,O.Au,524000
11341,COM01308.00,2008,Ore mined,O.Au,382667
11342,COM01308.00,2008,Ore processed,O.Au,386667
11343,COM01308.00,2009,Ore mined,O.Au,328000
11344,COM01308.00,2009,Ore processed,O.Au,554667
11345,COM01308.00,2010,Ore mined,O.Au,365333
11346,COM01308.00,2010,Ore processed,O.Au,441333
11347,COM01308.00,2011,Ore mined,O.Au,382667
11348,COM01308.00,2011,Ore processed,O.Au,413333
11349,COM01308.00,2012,Ore mined,O.Au,390667
11350,COM01308.00,2012,Ore processed,O.Au,430667
11351,COM01308.00,2013,Ore mined,O.Au,406667
11352,COM01308.00,2013,Ore processed,O.Au,453333
11353,COM01308.00,2014,Ore mined,O.Au,416000
11354,COM01308.00,2014,Ore processed,O.Au,446667
11355,COM01308.00,2015,Ore mined,O.Au,465333
11356,COM01308.00,2015,Ore processed,O.Au,520000
11357,COM01308.00,2016,Ore mined,O.Au,797333
11358,COM01308.00,2016,Ore processed,O.Au,697333
11359,COM01308.00,2017,Ore mined,O.Au,857333
11360,COM01308.00,2017,Ore processed,O.Au,629333
11361,COM01308.00,2018,Ore mined,O.Au,893333
11362,COM01308.00,2018,Ore processed,O.Au,805333
11363,COM01310.00,2007,Ore mined,O.pgm,2040000
11364,COM01310.00,2007,Ore processed,O.pgm,2040000
11365,COM01310.00,2008,Ore mined,O.pgm,2370000
11366,COM01310.00,2008,Ore processed,O.pgm,2370000
11367,COM01310.00,2009,Ore mined,O.pgm,2620000
11368,COM01310.00,2009,Ore processed,O.pgm,2620000
11369,COM01310.00,2010,Ore mined,O.pgm,2920000
11370,COM01310.00,2010,Ore processed,O.pgm,2920000
11371,COM01310.00,2011,Ore mined,O.pgm,2950000
11372,COM01310.00,2011,Ore processed,O.pgm,2950000
11373,COM01310.00,2012,Ore mined,O.pgm,3100000
11374,COM01310.00,2012,Ore processed,O.pgm,3100000
11375,COM01310.00,2013,Ore mined,O.pgm,3170000
11376,COM01310.00,2013,Ore processed,O.pgm,3170000
11377,COM01310.00,2014,Concentrate,Con.Cr,160951
11378,COM01310.00,2014,Ore mined,O.pgm,3280000
11379,COM01310.00,2014,Ore processed,O.pgm,3280000
11380,COM01310.00,2015,Concentrate,Con.Cr,240411
11381,COM01310.00,2015,Ore mined,O.pgm,3360000
11382,COM01310.00,2015,Ore processed,O.pgm,3360000
11383,COM01310.00,2016,Concentrate,Con.Cr,283765
11384,COM01310.00,2016,Ore mined,O.pgm,3510000
11385,COM01310.00,2016,Ore processed,O.pgm,3510000
11386,COM01310.00,2017,Concentrate,Con.Cr,275189
11387,COM01310.00,2017,Ore mined,O.pgm,3500000
11388,COM01310.00,2017,Ore processed,O.pgm,3500000
11389,COM01310.00,2018,Concentrate,Con.Cr,229642
11390,COM01310.00,2018,Ore mined,O.pgm,3460000
11391,COM01310.00,2018,Ore processed,O.pgm,3460000
11392,COM01310.00,2019,Concentrate,Con.Cr,219566
11393,COM01310.00,2019,Ore mined,O.pgm,3400000
11394,COM01310.00,2019,Ore processed,O.pgm,3400000
11395,COM01311.00,2000,Ore mined,O.Cu,113937000
11396,COM01311.00,2000,Ore processed,O.Cu,51446000
11397,COM01311.00,2001,Ore mined,O.Cu,73990000
11398,COM01311.00,2001,Ore processed,O.Cu,27513000
11399,COM01311.00,2002,Ore mined,O.Cu,45515000
11400,COM01311.00,2002,Ore processed,O.Cu,34835000
11401,COM01311.00,2003,Ore mined,O.Cu,16319000
11402,COM01311.00,2003,Ore processed,O.Cu,10722000
11403,COM01314.00,2000,Ore mined,O.bulk,725775
11404,COM01314.00,2000,Ore processed,O.bulk,725775
11405,COM01314.00,2001,Ore mined,O.bulk,743290
11406,COM01314.00,2001,Ore processed,O.bulk,743290
11407,COM01314.00,2002,Ore mined,O.bulk,744690
11408,COM01314.00,2002,Ore processed,O.bulk,744690
11409,COM01314.00,2003,Ore mined,O.bulk,747190
11410,COM01314.00,2003,Ore processed,O.bulk,747190
11411,COM01314.00,2004,Ore mined,O.bulk,795036
11412,COM01314.00,2004,Ore processed,O.bulk,795036
11413,COM01314.00,2005,Ore mined,O.bulk,813220
11414,COM01314.00,2005,Ore processed,O.bulk,813220
11415,COM01314.00,2006,Ore mined,O.bulk,810280
11416,COM01314.00,2006,Ore processed,O.bulk,810280
11417,COM01314.00,2007,Ore mined,O.bulk,850463
11418,COM01314.00,2007,Ore processed,O.bulk,850463
11419,COM01314.00,2008,Ore mined,O.bulk,950430
11420,COM01314.00,2008,Ore processed,O.bulk,950430
11421,COM01314.00,2009,Ore mined,O.bulk,1017117
11422,COM01314.00,2009,Ore processed,O.bulk,1017117
11423,COM01314.00,2010,Ore mined,O.bulk,1013395
11424,COM01314.00,2010,Ore processed,O.bulk,1013395
11425,COM01314.00,2011,Ore mined,O.bulk,1086124
11426,COM01314.00,2011,Ore processed,O.bulk,1086124
11427,COM01314.00,2012,Ore mined,O.bulk,1049302
11428,COM01314.00,2012,Ore processed,O.bulk,1049302
11429,COM01314.00,2013,Ore mined,O.bulk,1001102
11430,COM01314.00,2013,Ore processed,O.bulk,1001102
11431,COM01314.00,2014,Ore mined,O.bulk,1013633
11432,COM01314.00,2014,Ore processed,O.bulk,1013633
11433,COM01314.00,2015,Ore mined,O.bulk,1121474
11434,COM01314.00,2015,Ore processed,O.bulk,1121474
11435,COM01314.00,2016,Ore mined,O.bulk,1267752
11436,COM01314.00,2016,Ore processed,O.bulk,1267752
11437,COM01314.00,2017,Ore mined,O.bulk,1364478
11438,COM01314.00,2017,Ore processed,O.bulk,1364478
11439,COM01314.00,2018,Ore mined,O.bulk,1387775
11440,COM01314.00,2018,Ore processed,O.bulk,1387775
11441,COM01314.00,2019,Ore mined,O.bulk,1335018
11442,COM01314.00,2019,Ore processed,O.bulk,1335018
11443,COM01316.00,2001,Ore mined,O.Au,2600000
11444,COM01316.00,2001,Ore processed,O.Au,2600000
11445,COM01316.00,2002,Ore mined,O.Au,2700000
11446,COM01316.00,2002,Ore processed,O.Au,2700000
11447,COM01316.00,2003,Ore mined,O.Au,2000000
11448,COM01316.00,2003,Ore processed,O.Au,2000000
11449,COM01319.00,2001,Concentrate,Con.Fe,4267397
11450,COM01319.00,2002,Concentrate,Con.Fe,4267397
11451,COM01319.00,2003,Concentrate,Con.Fe,1625675
11452,COM01319.00,2004,Concentrate,Con.Fe,4165793
11453,COM01319.00,2005,Concentrate,Con.Fe,4978630
11454,COM01319.00,2006,Concentrate,Con.Fe,4369002
11455,COM01319.00,2007,Concentrate,Con.Fe,5385049
11456,COM01319.00,2008,Concentrate,Con.Fe,5181840
11457,COM01319.00,2013,Concentrate,Con.Fe,5283444
11458,COM01319.00,2014,Concentrate,Con.Fe,4978630
11459,COM01319.00,2015,Concentrate,Con.Fe,3149746
11460,COM01319.00,2016,Concentrate,Con.Fe,1524070
11461,COM01319.00,2017,Concentrate,Con.Fe,4877026
11462,COM01319.00,2018,Concentrate,Con.Fe,5283444
11463,COM01319.00,2019,Concentrate,Con.Fe,5385049
11464,COM01323.00,2000,Ore mined,O.Fe,700000
11465,COM01323.00,2000,Ore mined,O.Mn,300000
11466,COM01323.00,2000,Ore processed,O.Fe,700000
11467,COM01323.00,2000,Ore processed,O.Mn,300000
11468,COM01323.00,2001,Ore mined,O.Fe,600000
11469,COM01323.00,2001,Ore mined,O.Mn,300000
11470,COM01323.00,2001,Ore processed,O.Fe,600000
11471,COM01323.00,2001,Ore processed,O.Mn,300000
11472,COM01323.00,2002,Ore mined,O.Fe,800000
11473,COM01323.00,2002,Ore mined,O.Mn,333000
11474,COM01323.00,2002,Ore processed,O.Fe,800000
11475,COM01323.00,2002,Ore processed,O.Mn,333000
11476,COM01323.00,2003,Ore mined,O.Fe,800000
11477,COM01323.00,2003,Ore mined,O.Mn,414000
11478,COM01323.00,2003,Ore processed,O.Fe,800000
11479,COM01323.00,2003,Ore processed,O.Mn,414000
11480,COM01323.00,2004,Ore mined,O.Fe,700000
11481,COM01323.00,2004,Ore mined,O.Mn,369000
11482,COM01323.00,2004,Ore processed,O.Fe,700000
11483,COM01323.00,2004,Ore processed,O.Mn,369000
11484,COM01323.00,2005,Ore mined,O.Fe,1100000
11485,COM01323.00,2005,Ore mined,O.Mn,389000
11486,COM01323.00,2005,Ore processed,O.Fe,1100000
11487,COM01323.00,2005,Ore processed,O.Mn,389000
11488,COM01323.00,2006,Ore mined,O.Fe,1400000
11489,COM01323.00,2006,Ore mined,O.Mn,362000
11490,COM01323.00,2006,Ore processed,O.Fe,1400000
11491,COM01323.00,2006,Ore processed,O.Mn,362000
11492,COM01323.00,2007,Ore mined,O.Fe,1100000
11493,COM01323.00,2007,Ore mined,O.Mn,277000
11494,COM01323.00,2007,Ore processed,O.Fe,1100000
11495,COM01323.00,2007,Ore processed,O.Mn,277000
11496,COM01323.00,2008,Ore mined,O.Fe,1000000
11497,COM01323.00,2008,Ore mined,O.Mn,246000
11498,COM01323.00,2008,Ore processed,O.Fe,1000000
11499,COM01323.00,2008,Ore processed,O.Mn,246000
11500,COM01323.00,2009,Ore mined,O.Fe,500000
11501,COM01323.00,2009,Ore mined,O.Mn,169000
11502,COM01323.00,2009,Ore processed,O.Fe,500000
11503,COM01323.00,2009,Ore processed,O.Mn,169000
11504,COM01323.00,2010,Ore mined,O.Fe,1400000
11505,COM01323.00,2010,Ore mined,O.Mn,184000
11506,COM01323.00,2010,Ore processed,O.Fe,1400000
11507,COM01323.00,2010,Ore processed,O.Mn,184000
11508,COM01323.00,2011,Ore mined,O.Fe,1500000
11509,COM01323.00,2011,Ore mined,O.Mn,302000
11510,COM01323.00,2011,Ore processed,O.Fe,1500000
11511,COM01323.00,2011,Ore processed,O.Mn,302000
11512,COM01323.00,2012,Ore mined,O.Fe,1800000
11513,COM01323.00,2012,Ore mined,O.Mn,327000
11514,COM01323.00,2012,Ore processed,O.Fe,1800000
11515,COM01323.00,2012,Ore processed,O.Mn,327000
11516,COM01323.00,2013,Ore mined,O.Fe,2000000
11517,COM01323.00,2013,Ore mined,O.Mn,411000
11518,COM01323.00,2013,Ore processed,O.Fe,2000000
11519,COM01323.00,2013,Ore processed,O.Mn,411000
11520,COM01323.00,2014,Ore mined,O.Mn,601000
11521,COM01323.00,2014,Ore processed,O.Fe,2100000
11522,COM01323.00,2015,Ore mined,O.Mn,735000
11523,COM01323.00,2015,Ore processed,O.Fe,1700000
11524,COM01323.00,2016,Ore mined,O.Mn,652000
11525,COM01323.00,2016,Ore processed,O.Fe,400000
11526,COM01323.00,2017,Ore mined,O.Mn,673000
11527,COM01323.00,2017,Ore processed,O.Mn,673000
11528,COM01323.00,2018,Ore mined,O.Mn,670000
11529,COM01323.00,2018,Ore processed,O.Mn,670000
11530,COM01323.00,2019,Ore mined,O.Mn,411000
11531,COM01323.00,2019,Ore processed,O.Mn,411000
11532,COM01325.00,2010,Ore mined,O.Ni,326000
11533,COM01325.00,2010,Ore processed,O.Ni,326000
11534,COM01325.00,2011,Ore mined,O.Ni,1043000
11535,COM01325.00,2011,Ore processed,O.Ni,1043000
11536,COM01325.00,2012,Ore mined,O.Ni,1179000
11537,COM01325.00,2012,Ore processed,O.Ni,1179000
11538,COM01325.00,2013,Ore mined,O.Ni,1860000
11539,COM01325.00,2013,Ore processed,O.Ni,1860000
11540,COM01325.00,2014,Ore mined,O.Ni,2134000
11541,COM01325.00,2014,Ore processed,O.Ni,2134000
11542,COM01325.00,2015,Ore mined,O.Ni,2561000
11543,COM01325.00,2015,Ore processed,O.Ni,2561000
11544,COM01325.00,2016,Ore mined,O.Ni,2919000
11545,COM01325.00,2016,Ore processed,O.Ni,2919000
11546,COM01325.00,2017,Ore mined,O.Ni,3030000
11547,COM01325.00,2017,Ore processed,O.Ni,3030000
11548,COM01325.00,2018,Ore mined,O.Ni,2620000
11549,COM01325.00,2018,Ore processed,O.Ni,2620000
11550,COM01325.00,2019,Ore mined,O.Ni,2495000
11551,COM01325.00,2019,Ore processed,O.Ni,2495000
11552,COM01329.00,2002,Ore mined,O.Fe,14900000
11553,COM01329.00,2002,Ore processed,O.Fe,14900000
11554,COM01329.00,2003,Ore mined,O.Fe,20400000
11555,COM01329.00,2003,Ore processed,O.Fe,20400000
11556,COM01329.00,2004,Ore mined,O.Fe,21500000
11557,COM01329.00,2004,Ore processed,O.Fe,21500000
11558,COM01329.00,2005,Ore mined,O.Fe,21200000
11559,COM01329.00,2005,Ore processed,O.Fe,21200000
11560,COM01329.00,2006,Ore mined,O.Fe,25700000
11561,COM01329.00,2006,Ore processed,O.Fe,25700000
11562,COM01329.00,2007,Ore mined,O.Fe,27700000
11563,COM01329.00,2007,Ore processed,O.Fe,27700000
11564,COM01329.00,2008,Ore mined,O.Fe,23700000
11565,COM01329.00,2008,Ore processed,O.Fe,23700000
11566,COM01329.00,2009,Ore mined,O.Fe,20700000
11567,COM01329.00,2009,Ore processed,O.Fe,20700000
11568,COM01329.00,2010,Ore mined,O.Fe,22000000
11569,COM01329.00,2010,Ore processed,O.Fe,22000000
11570,COM01329.00,2011,Ore mined,O.Fe,21400000
11571,COM01329.00,2011,Ore processed,O.Fe,21400000
11572,COM01329.00,2012,Ore mined,O.Fe,22600000
11573,COM01329.00,2012,Ore processed,O.Fe,22600000
11574,COM01329.00,2013,Ore mined,O.Fe,22000000
11575,COM01329.00,2013,Ore processed,O.Fe,22000000
11576,COM01329.00,2014,Ore mined,O.Fe,25000000
11577,COM01329.00,2014,Ore processed,O.Fe,25000000
11578,COM01329.00,2015,Ore mined,O.Fe,29300000
11579,COM01329.00,2015,Ore processed,O.Fe,29300000
11580,COM01329.00,2016,Ore mined,O.Fe,29200000
11581,COM01329.00,2016,Ore processed,O.Fe,29200000
11582,COM01329.00,2017,Ore mined,O.Fe,44300000
11583,COM01329.00,2017,Ore processed,O.Fe,44300000
11584,COM01329.00,2018,Ore mined,O.Fe,43100000
11585,COM01329.00,2018,Ore processed,O.Fe,43100000
11586,COM01329.00,2019,Ore mined,O.Fe,13100000
11587,COM01329.00,2019,Ore processed,O.Fe,13100000
11588,COM01330.00,2012,Ore mined,O.Fe,9700000
11589,COM01330.00,2012,Ore processed,O.Fe,9700000
11590,COM01330.00,2013,Ore mined,O.Fe,2800000
11591,COM01330.00,2013,Ore processed,O.Fe,2800000
11592,COM01330.00,2014,Ore mined,O.Fe,0
11593,COM01330.00,2014,Ore processed,O.Fe,0
11594,COM01330.00,2015,Ore mined,O.Fe,0
11595,COM01330.00,2015,Ore processed,O.Fe,0
11596,COM01330.00,2016,Ore mined,O.Fe,2000000
11597,COM01330.00,2016,Ore processed,O.Fe,2000000
11598,COM01330.00,2017,Ore mined,O.Fe,7800000
11599,COM01330.00,2017,Ore processed,O.Fe,7800000
11600,COM01330.00,2018,Ore mined,O.Fe,3800000
11601,COM01330.00,2018,Ore processed,O.Fe,3800000
11602,COM01330.00,2019,Ore mined,O.Fe,240000
11603,COM01330.00,2019,Ore processed,O.Fe,240000
11604,COM01331.00,2005,Ore mined,O.Au,4513000
11605,COM01331.00,2005,Ore processed,O.Au,4513000
11606,COM01331.00,2014,Ore mined,O.Au,29500000
11607,COM01331.00,2014,Ore processed,O.Au,29500000
11608,COM01331.00,2015,Ore mined,O.Au,28385000
11609,COM01331.00,2015,Ore processed,O.Au,28385000
11610,COM01331.00,2016,Ore mined,O.Au,28028000
11611,COM01331.00,2016,Ore processed,O.Au,28028000
11612,COM01331.00,2017,Ore mined,O.Au,28890000
11613,COM01331.00,2017,Ore processed,O.Au,28890000
11614,COM01331.00,2018,Ore mined,O.Au,31400000
11615,COM01331.00,2018,Ore processed,O.Au,27094000
11616,COM01333.00,2005,Ore mined,O.flu,428976
11617,COM01333.00,2005,Ore processed,O.flu,428976
11618,COM01333.00,2006,Ore mined,O.flu,470623
11619,COM01333.00,2006,Ore processed,O.flu,470623
11620,COM01333.00,2007,Ore mined,O.flu,561366
11621,COM01333.00,2007,Ore processed,O.flu,561366
11622,COM01333.00,2008,Ore mined,O.flu,570826
11623,COM01333.00,2008,Ore processed,O.flu,570826
11624,COM01333.00,2009,Ore mined,O.flu,537589
11625,COM01333.00,2009,Ore processed,O.flu,537589
11626,COM01345.00,2000,Concentrate,Con.Fe,5900000
11627,COM01345.00,2001,Concentrate,Con.Fe,4470607
11628,COM01345.00,2002,Concentrate,Con.Fe,4572212
11629,COM01345.00,2003,Concentrate,Con.Fe,5283444
11630,COM01345.00,2004,Concentrate,Con.Fe,3860979
11631,COM01345.00,2005,Concentrate,Con.Fe,4978630
11632,COM01345.00,2006,Concentrate,Con.Fe,4165793
11633,COM01345.00,2007,Concentrate,Con.Fe,4673816
11634,COM01345.00,2008,Concentrate,Con.Fe,4267397
11635,COM01345.00,2013,Concentrate,Con.Fe,2844932
11636,COM01345.00,2014,Concentrate,Con.Fe,304814
11637,COM01350.00,2007,Ore mined,O.Au,801058
11638,COM01350.00,2007,Ore processed,O.Au,498960
11639,COM01350.00,2008,Ore mined,O.Au,877262
11640,COM01350.00,2008,Ore processed,O.Au,967982
11641,COM01350.00,2009,Ore mined,O.Au,1274616
11642,COM01350.00,2009,Ore processed,O.Au,648648
11643,COM01350.00,2010,Ore mined,O.Au,937138
11644,COM01350.00,2010,Ore processed,O.Au,932602
11645,COM01350.00,2011,Ore mined,O.Au,322963
11646,COM01350.00,2011,Ore processed,O.Au,996106
11647,COM01350.00,2012,Ore mined,O.Au,395539
11648,COM01350.00,2012,Ore processed,O.Au,408240
11649,COM01350.00,2013,Ore mined,O.Au,689472
11650,COM01350.00,2013,Ore processed,O.Au,681307
11651,COM01350.00,2014,Ore mined,O.Au,1010621
11652,COM01350.00,2014,Ore processed,O.Au,1013342
11653,COM01350.00,2016,Ore mined,O.Au,479000
11654,COM01350.00,2016,Ore processed,O.Au,489000
11655,COM01350.00,2017,Ore mined,O.Au,474000
11656,COM01350.00,2017,Ore processed,O.Au,473000
11657,COM01350.00,2018,Ore mined,O.Au,434000
11658,COM01350.00,2018,Ore processed,O.Au,429000
11659,COM01350.00,2019,Ore mined,O.Au,433000
11660,COM01350.00,2019,Ore processed,O.Au,436000
11661,COM01355.00,2001,Ore mined,O.Al,11326000
11662,COM01355.00,2001,Ore processed,O.Al,11326000
11663,COM01355.00,2002,Ore mined,O.Al,11241000
11664,COM01355.00,2002,Ore processed,O.Al,11241000
11665,COM01355.00,2003,Ore mined,O.Al,11898000
11666,COM01355.00,2003,Ore processed,O.Al,11898000
11667,COM01355.00,2004,Ore mined,O.Al,12649000
11668,COM01355.00,2004,Ore processed,O.Al,12649000
11669,COM01355.00,2005,Ore mined,O.Al,15474000
11670,COM01355.00,2005,Ore processed,O.Al,15474000
11671,COM01355.00,2006,Ore mined,O.Al,16139000
11672,COM01355.00,2006,Ore processed,O.Al,16139000
11673,COM01355.00,2007,Ore mined,O.Al,18209000
11674,COM01355.00,2007,Ore processed,O.Al,18209000
11675,COM01355.00,2008,Ore mined,O.Al,20006000
11676,COM01355.00,2008,Ore processed,O.Al,20006000
11677,COM01355.00,2009,Ore mined,O.Al,16235000
11678,COM01355.00,2009,Ore processed,O.Al,16235000
11679,COM01355.00,2010,Ore mined,O.Al,18591000
11680,COM01355.00,2010,Ore processed,O.Al,18591000
11681,COM01355.00,2011,Ore mined,O.Al,20732000
11682,COM01355.00,2011,Ore processed,O.Al,20732000
11683,COM01355.00,2012,Ore mined,O.Al,23257000
11684,COM01355.00,2012,Ore processed,O.Al,23257000
11685,COM01355.00,2013,Ore mined,O.Al,26341000
11686,COM01355.00,2013,Ore processed,O.Al,26341000
11687,COM01355.00,2014,Ore mined,O.Al,26266000
11688,COM01355.00,2014,Ore processed,O.Al,26266000
11689,COM01355.00,2015,Ore mined,O.Al,27663000
11690,COM01355.00,2015,Ore processed,O.Al,27663000
11691,COM01355.00,2016,Ore mined,O.Al,29427000
11692,COM01355.00,2016,Ore processed,O.Al,29427000
11693,COM01355.00,2017,Ore mined,O.Al,30898000
11694,COM01355.00,2017,Ore processed,O.Al,30898000
11695,COM01355.00,2018,Ore mined,O.Al,30437000
11696,COM01355.00,2018,Ore processed,O.Al,30437000
11697,COM01364.00,2011,Ore mined,O.Fe,1400000
11698,COM01364.00,2011,Ore processed,O.Fe,1300000
11699,COM01364.00,2012,Ore mined,O.Fe,3300000
11700,COM01364.00,2012,Ore processed,O.Fe,3250000
11701,COM01364.00,2013,Ore mined,O.Fe,3900000
11702,COM01364.00,2013,Ore processed,O.Fe,4100000
11703,COM01364.00,2014,Ore mined,O.Fe,4500000
11704,COM01364.00,2014,Ore processed,O.Fe,4900000
11705,COM01364.00,2015,Ore mined,O.Fe,4300000
11706,COM01364.00,2015,Ore processed,O.Fe,4300000
11707,COM01364.00,2016,Ore mined,O.Fe,2000000
11708,COM01364.00,2016,Ore processed,O.Fe,2100000
11709,COM01364.00,2017,Ore mined,O.Fe,1900000
11710,COM01364.00,2017,Ore processed,O.Fe,2000000
11711,COM01364.00,2018,Ore mined,O.Fe,4600000
11712,COM01364.00,2018,Ore processed,O.Fe,4600000
11713,COM01364.00,2019,Ore mined,O.Fe,4300000
11714,COM01364.00,2019,Ore processed,O.Fe,4400000
11715,COM01366.00,2018,Ore mined,O.Cu,1587951
11716,COM01366.00,2018,Ore processed,O.Cu,1715607
11717,COM01367.00,2000,Ore mined,O.Au,4108000
11718,COM01367.00,2000,Ore processed,O.Au,4161000
11719,COM01367.00,2001,Ore mined,O.Au,4345000
11720,COM01367.00,2001,Ore processed,O.Au,4217000
11721,COM01367.00,2002,Ore mined,O.Au,4210000
11722,COM01367.00,2002,Ore processed,O.Au,4251000
11723,COM01367.00,2003,Ore mined,O.Au,3587000
11724,COM01367.00,2003,Ore processed,O.Au,3593000
11725,COM01367.00,2004,Ore mined,O.Au,3049000
11726,COM01367.00,2004,Ore processed,O.Au,3036000
11727,COM01367.00,2005,Ore mined,O.Au,2761400
11728,COM01367.00,2005,Ore processed,O.Au,2635300
11729,COM01367.00,2006,Ore mined,O.Au,2968000
11730,COM01367.00,2006,Ore processed,O.Au,3040400
11731,COM01367.00,2007,Ore mined,O.Au,2906100
11732,COM01367.00,2007,Ore processed,O.Au,2974600
11733,COM01367.00,2008,Ore mined,O.Au,3103100
11734,COM01367.00,2008,Ore processed,O.Au,2945800
11735,COM01367.00,2009,Ore mined,O.Au,2776600
11736,COM01367.00,2009,Ore processed,O.Au,2874500
11737,COM01367.00,2010,Ore mined,O.Au,3280200
11738,COM01367.00,2010,Ore processed,O.Au,3103300
11739,COM01367.00,2011,Ore mined,O.Au,3068800
11740,COM01367.00,2011,Ore processed,O.Au,2890500
11741,COM01367.00,2012,Ore mined,O.Au,3973000
11742,COM01367.00,2012,Ore processed,O.Au,3185500
11743,COM01367.00,2013,Ore mined,O.Au,2115100
11744,COM01367.00,2013,Ore processed,O.Au,3158400
11745,COM01367.00,2014,Ore mined,O.Au,3801500
11746,COM01367.00,2014,Ore processed,O.Au,3811600
11747,COM01367.00,2016,Ore mined,O.Au,3872025
11748,COM01367.00,2016,Ore processed,O.Au,3872025
11749,COM01367.00,2017,Ore mined,O.Au,4137232
11750,COM01367.00,2017,Ore processed,O.Au,4137232
11751,COM01367.00,2018,Ore mined,O.Au,4466848
11752,COM01367.00,2018,Ore processed,O.Au,4466848
11753,COM01367.00,2019,Ore mined,O.Au,4185239
11754,COM01367.00,2019,Ore processed,O.Au,4185239
11755,COM01368.00,2006,Ore mined,O.Cu,1740594
11756,COM01368.00,2006,Ore processed,O.Cu,1508176
11757,COM01368.00,2007,Ore mined,O.Cu,2196680
11758,COM01368.00,2007,Ore processed,O.Cu,1922201
11759,COM01368.00,2008,Ore mined,O.Cu,1032329
11760,COM01368.00,2008,Ore processed,O.Cu,733262
11761,COM01374.00,2017,Ore mined,O.Au,1323616
11762,COM01374.00,2017,Ore processed,O.Au,965300
11763,COM01374.00,2018,Ore mined,O.Au,1696842
11764,COM01374.00,2018,Ore processed,O.Au,1835057
11765,COM01374.00,2019,Ore mined,O.Au,1938606
11766,COM01374.00,2019,Ore processed,O.Au,1807931
11767,COM01374.00,2020,Ore mined,O.Au,2758258
11768,COM01374.00,2020,Ore processed,O.Au,1688291
11769,COM01375.00,2008,Ore mined,O.Al,4193548
11770,COM01375.00,2008,Ore processed,O.Al,4193548
11771,COM01375.00,2009,Ore mined,O.Al,107527
11772,COM01375.00,2009,Ore processed,O.Al,107527
11773,COM01375.00,2010,Ore mined,O.Al,939785
11774,COM01375.00,2010,Ore processed,O.Al,939785
11775,COM01375.00,2011,Ore mined,O.Al,1980645
11776,COM01375.00,2011,Ore processed,O.Al,1980645
11777,COM01375.00,2012,Ore mined,O.Al,1948387
11778,COM01375.00,2012,Ore processed,O.Al,1948387
11779,COM01375.00,2013,Ore mined,O.Al,1518280
11780,COM01375.00,2013,Ore processed,O.Al,1518280
11781,COM01375.00,2014,Ore mined,O.Al,1903000
11782,COM01375.00,2014,Ore processed,O.Al,1903000
11783,COM01375.00,2015,Ore mined,O.Al,1957000
11784,COM01375.00,2015,Ore processed,O.Al,1957000
11785,COM01375.00,2016,Ore mined,O.Al,2054000
11786,COM01375.00,2016,Ore processed,O.Al,2054000
11787,COM01375.00,2017,Ore mined,O.Al,1954000
11788,COM01375.00,2017,Ore processed,O.Al,1954000
11789,COM01375.00,2018,Ore mined,O.Al,1791000
11790,COM01375.00,2018,Ore processed,O.Al,1791000
11791,COM01375.00,2019,Ore mined,O.Al,1856000
11792,COM01375.00,2019,Ore processed,O.Al,1856000
11793,COM01377.00,2017,Ore mined,O.Li,876000
11794,COM01377.00,2017,Ore processed,O.Li,876000
11795,COM01377.00,2018,Ore mined,O.Li,4021000
11796,COM01377.00,2018,Ore processed,O.Li,4021000
11797,COM01377.00,2019,Ore mined,O.Li,398000
11798,COM01377.00,2019,Ore processed,O.Li,398000
11799,COM01377.00,2020,Ore mined,O.Li,31000
11800,COM01377.00,2020,Ore processed,O.Li,31000
11801,COM01380.00,2005,Ore mined,O.Al,5000
11802,COM01380.00,2005,Ore processed,O.Al,5000
11803,COM01380.00,2008,Ore mined,O.Al,120800
11804,COM01380.00,2008,Ore processed,O.Al,120800
11805,COM01380.00,2009,Ore mined,O.Al,1297200
11806,COM01380.00,2009,Ore processed,O.Al,1297200
11807,COM01380.00,2010,Ore mined,O.Al,1190000
11808,COM01380.00,2010,Ore processed,O.Al,1190000
11809,COM01380.00,2011,Ore mined,O.Al,1055000
11810,COM01380.00,2011,Ore processed,O.Al,1055000
11811,COM01380.00,2012,Ore mined,O.Al,1568800
11812,COM01380.00,2012,Ore processed,O.Al,1568800
11813,COM01380.00,2013,Ore mined,O.Al,1876000
11814,COM01380.00,2013,Ore processed,O.Al,1876000
11815,COM01380.00,2014,Ore mined,O.Al,893000
11816,COM01380.00,2014,Ore processed,O.Al,893000
11817,COM01380.00,2015,Ore mined,O.Al,1263000
11818,COM01380.00,2015,Ore processed,O.Al,1263000
11819,COM01380.00,2016,Ore mined,O.Al,1270000
11820,COM01380.00,2016,Ore processed,O.Al,1270000
11821,COM01380.00,2017,Ore mined,O.Al,1773000
11822,COM01380.00,2017,Ore processed,O.Al,1773000
11823,COM01380.00,2018,Ore mined,O.Al,1519000
11824,COM01380.00,2018,Ore processed,O.Al,1519000
11825,COM01380.00,2019,Ore mined,O.Al,601000
11826,COM01380.00,2019,Ore processed,O.Al,601000
11827,COM01381.00,2002,Ore mined,O.Al,481000
11828,COM01381.00,2002,Ore processed,O.Al,481000
11829,COM01381.00,2003,Ore mined,O.Al,421000
11830,COM01381.00,2003,Ore processed,O.Al,421000
11831,COM01381.00,2004,Ore mined,O.Al,136300
11832,COM01381.00,2004,Ore processed,O.Al,136300
11833,COM01381.00,2005,Ore mined,O.Al,408000
11834,COM01381.00,2005,Ore processed,O.Al,408000
11835,COM01381.00,2008,Ore mined,O.Al,730300
11836,COM01381.00,2008,Ore processed,O.Al,730300
11837,COM01381.00,2009,Ore mined,O.Al,1490500
11838,COM01381.00,2009,Ore processed,O.Al,1490500
11839,COM01381.00,2010,Ore mined,O.Al,2531000
11840,COM01381.00,2010,Ore processed,O.Al,2531000
11841,COM01381.00,2011,Ore mined,O.Al,2907000
11842,COM01381.00,2011,Ore processed,O.Al,2907000
11843,COM01381.00,2012,Ore mined,O.Al,3794600
11844,COM01381.00,2012,Ore processed,O.Al,3794600
11845,COM01381.00,2013,Ore mined,O.Al,3573000
11846,COM01381.00,2013,Ore processed,O.Al,3573000
11847,COM01381.00,2014,Ore mined,O.Al,3329000
11848,COM01381.00,2014,Ore processed,O.Al,3329000
11849,COM01381.00,2015,Ore mined,O.Al,2376000
11850,COM01381.00,2015,Ore processed,O.Al,2376000
11851,COM01381.00,2016,Ore mined,O.Al,1180000
11852,COM01381.00,2016,Ore processed,O.Al,1180000
11853,COM01381.00,2017,Ore mined,O.Al,1771000
11854,COM01381.00,2017,Ore processed,O.Al,1771000
11855,COM01381.00,2018,Ore mined,O.Al,1747000
11856,COM01381.00,2018,Ore processed,O.Al,1747000
11857,COM01381.00,2019,Ore mined,O.Al,843000
11858,COM01381.00,2019,Ore processed,O.Al,843000
11859,COM01384.00,2005,Concentrate,Con.Fe,350000
11860,COM01384.00,2006,Concentrate,Con.Fe,600000
11861,COM01384.00,2008,Concentrate,Con.Fe,904800
11862,COM01384.00,2017,Concentrate,Con.Fe,2430000
11863,COM01384.00,2018,Ore mined,O.Fe,2470000
11864,COM01384.00,2018,Ore processed,O.Fe,2470000
11865,COM01385.00,2008,Ore mined,O.Al,476900
11866,COM01385.00,2008,Ore processed,O.Al,476900
11867,COM01385.00,2009,Ore mined,O.Al,0
11868,COM01385.00,2009,Ore processed,O.Al,0
11869,COM01385.00,2010,Ore mined,O.Al,28000
11870,COM01385.00,2010,Ore processed,O.Al,28000
11871,COM01385.00,2011,Ore mined,O.Al,64600
11872,COM01385.00,2011,Ore processed,O.Al,64600
11873,COM01385.00,2012,Ore mined,O.Al,144300
11874,COM01385.00,2012,Ore processed,O.Al,144300
11875,COM01385.00,2013,Ore mined,O.Al,130000
11876,COM01385.00,2013,Ore processed,O.Al,130000
11877,COM01385.00,2014,Ore mined,O.Al,273000
11878,COM01385.00,2014,Ore processed,O.Al,273000
11879,COM01385.00,2015,Ore mined,O.Al,204000
11880,COM01385.00,2015,Ore processed,O.Al,204000
11881,COM01385.00,2016,Ore mined,O.Al,75000
11882,COM01385.00,2016,Ore processed,O.Al,75000
11883,COM01385.00,2017,Ore mined,O.Al,90000
11884,COM01385.00,2017,Ore processed,O.Al,90000
11885,COM01385.00,2018,Ore mined,O.Al,190000
11886,COM01385.00,2018,Ore processed,O.Al,190000
11887,COM01385.00,2019,Ore mined,O.Al,102000
11888,COM01385.00,2019,Ore processed,O.Al,102000
11889,COM01387.00,2018,Concentrate,Con.Fe,1210000
11890,COM01387.00,2019,Concentrate,Con.Fe,1381000
11891,COM01388.00,2007,Ore mined,O.Au,89445384
11892,COM01388.00,2007,Ore processed,O.Au,89445384
11893,COM01388.00,2008,Ore mined,O.Au,93411662
11894,COM01388.00,2008,Ore processed,O.Au,93411662
11895,COM01388.00,2009,Ore mined,O.Au,133368379
11896,COM01388.00,2009,Ore processed,O.Au,133368379
11897,COM01388.00,2010,Ore mined,O.Au,75945341
11898,COM01388.00,2010,Ore processed,O.Au,75945341
11899,COM01388.00,2011,Ore mined,O.Au,58254034
11900,COM01388.00,2011,Ore processed,O.Au,58254034
11901,COM01388.00,2012,Ore mined,O.Au,31348296
11902,COM01388.00,2012,Ore processed,O.Au,31348296
11903,COM01388.00,2013,Ore mined,O.Au,38047968
11904,COM01388.00,2013,Ore processed,O.Au,38047968
11905,COM01388.00,2014,Ore mined,O.Au,36545645
11906,COM01388.00,2014,Ore processed,O.Au,36545645
11907,COM01388.00,2015,Ore mined,O.Au,37044605
11908,COM01388.00,2015,Ore processed,O.Au,37044605
11909,COM01388.00,2016,Ore mined,O.Au,28936958
11910,COM01388.00,2016,Ore processed,O.Au,28936958
11911,COM01388.00,2017,Ore mined,O.Au,24372835
11912,COM01388.00,2017,Ore processed,O.Au,24372835
11913,COM01388.00,2018,Ore mined,O.Au,27090806
11914,COM01388.00,2018,Ore processed,O.Au,27090806
11915,COM01388.00,2019,Ore mined,O.Au,34695864
11916,COM01388.00,2019,Ore processed,O.Au,34695864
11917,COM01390.00,2000,Ore mined,O.Fe,26609412
11918,COM01390.00,2000,Ore processed,O.Fe,26609412
11919,COM01390.00,2001,Ore mined,O.Fe,30762353
11920,COM01390.00,2001,Ore processed,O.Fe,30762353
11921,COM01390.00,2002,Ore mined,O.Fe,32065882
11922,COM01390.00,2002,Ore processed,O.Fe,32065882
11923,COM01390.00,2003,Ore mined,O.Fe,37397647
11924,COM01390.00,2003,Ore processed,O.Fe,37397647
11925,COM01390.00,2004,Ore mined,O.Fe,40187059
11926,COM01390.00,2004,Ore processed,O.Fe,40187059
11927,COM01390.00,2005,Ore mined,O.Fe,41954118
11928,COM01390.00,2005,Ore processed,O.Fe,41954118
11929,COM01390.00,2006,Ore mined,O.Fe,40230588
11930,COM01390.00,2006,Ore processed,O.Fe,40230588
11931,COM01390.00,2007,Ore mined,O.Fe,41821176
11932,COM01390.00,2007,Ore processed,O.Fe,41821176
11933,COM01390.00,2008,Ore mined,O.Fe,47383529
11934,COM01390.00,2008,Ore processed,O.Fe,47383529
11935,COM01390.00,2009,Ore mined,O.Fe,44491765
11936,COM01390.00,2009,Ore processed,O.Fe,44491765
11937,COM01390.00,2010,Ore mined,O.Fe,48701176
11938,COM01390.00,2010,Ore processed,O.Fe,48701176
11939,COM01390.00,2011,Ore mined,O.Fe,42894118
11940,COM01390.00,2011,Ore processed,O.Fe,42894118
11941,COM01390.00,2012,Ore mined,O.Fe,62983529
11942,COM01390.00,2012,Ore processed,O.Fe,62983529
11943,COM01390.00,2013,Ore mined,O.Fe,70651765
11944,COM01390.00,2013,Ore processed,O.Fe,70651765
11945,COM01390.00,2014,Ore mined,O.Fe,80609412
11946,COM01390.00,2014,Ore processed,O.Fe,80609412
11947,COM01390.00,2015,Ore mined,O.Fe,80648235
11948,COM01390.00,2015,Ore processed,O.Fe,80648235
11949,COM01390.00,2016,Ore mined,O.Fe,79264706
11950,COM01390.00,2016,Ore processed,O.Fe,79264706
11951,COM01390.00,2017,Ore mined,O.Fe,76888235
11952,COM01390.00,2017,Ore processed,O.Fe,76888235
11953,COM01390.00,2018,Ore mined,O.Fe,75350588
11954,COM01390.00,2018,Ore processed,O.Fe,75350588
11955,COM01390.00,2019,Ore mined,O.Fe,76702353
11956,COM01390.00,2019,Ore processed,O.Fe,76702353
11957,COM01392.00,2005,Ore mined,O.Al,3000
11958,COM01392.00,2005,Ore processed,O.Al,3000
11959,COM01392.00,2008,Ore mined,O.Al,0
11960,COM01392.00,2008,Ore processed,O.Al,0
11961,COM01392.00,2009,Ore mined,O.Al,63000
11962,COM01392.00,2009,Ore processed,O.Al,63000
11963,COM01392.00,2010,Ore mined,O.Al,168000
11964,COM01392.00,2010,Ore processed,O.Al,168000
11965,COM01392.00,2011,Ore mined,O.Al,180000
11966,COM01392.00,2011,Ore processed,O.Al,180000
11967,COM01392.00,2012,Ore mined,O.Al,250000
11968,COM01392.00,2012,Ore processed,O.Al,250000
11969,COM01392.00,2013,Ore mined,O.Al,200000
11970,COM01392.00,2013,Ore processed,O.Al,200000
11971,COM01392.00,2014,Ore mined,O.Al,94000
11972,COM01392.00,2014,Ore processed,O.Al,94000
11973,COM01392.00,2015,Ore mined,O.Al,0
11974,COM01392.00,2015,Ore processed,O.Al,0
11975,COM01392.00,2016,Ore mined,O.Al,408000
11976,COM01392.00,2016,Ore processed,O.Al,408000
11977,COM01392.00,2017,Ore mined,O.Al,2880000
11978,COM01392.00,2017,Ore processed,O.Al,2880000
11979,COM01392.00,2018,Ore mined,O.Al,1439000
11980,COM01392.00,2018,Ore processed,O.Al,1439000
11981,COM01392.00,2019,Ore mined,O.Al,133000
11982,COM01392.00,2019,Ore processed,O.Al,133000
11983,COM01397.00,2001,Ore mined,O.Au,1250000
11984,COM01397.00,2001,Ore processed,O.Au,1250000
11985,COM01397.00,2002,Ore mined,O.Au,2750000
11986,COM01397.00,2002,Ore processed,O.Au,2750000
11987,COM01397.00,2003,Ore mined,O.Au,2500000
11988,COM01397.00,2003,Ore processed,O.Au,2500000
11989,COM01397.00,2004,Ore mined,O.Au,2750000
11990,COM01397.00,2004,Ore processed,O.Au,2750000
11991,COM01397.00,2005,Ore mined,O.Au,3250000
11992,COM01397.00,2005,Ore processed,O.Au,3250000
11993,COM01397.00,2006,Ore mined,O.Au,3250000
11994,COM01397.00,2006,Ore processed,O.Au,3250000
11995,COM01397.00,2007,Ore mined,O.Au,3000000
11996,COM01397.00,2007,Ore processed,O.Au,3000000
11997,COM01397.00,2008,Ore mined,O.Au,2750000
11998,COM01397.00,2008,Ore processed,O.Au,2750000
11999,COM01397.00,2009,Ore mined,O.Au,2750000
12000,COM01397.00,2009,Ore processed,O.Au,2750000
12001,COM01397.00,2010,Ore mined,O.Au,3000000
12002,COM01397.00,2010,Ore processed,O.Au,3000000
12003,COM01397.00,2011,Ore mined,O.Au,2750000
12004,COM01397.00,2011,Ore processed,O.Au,2750000
12005,COM01397.00,2012,Ore mined,O.Au,2750000
12006,COM01397.00,2012,Ore processed,O.Au,2750000
12007,COM01397.00,2013,Ore mined,O.Au,2500000
12008,COM01397.00,2013,Ore processed,O.Au,2500000
12009,COM01397.00,2014,Ore mined,O.Au,2250000
12010,COM01397.00,2014,Ore processed,O.Au,2250000
12011,COM01398.00,2009,Ore mined,O.bulk,3320000
12012,COM01398.00,2009,Ore processed,O.bulk,3320000
12013,COM01398.00,2010,Ore mined,O.bulk,3430000
12014,COM01398.00,2010,Ore processed,O.bulk,3430000
12015,COM01398.00,2011,Ore mined,O.bulk,3510000
12016,COM01398.00,2011,Ore processed,O.bulk,3510000
12017,COM01398.00,2012,Ore mined,O.bulk,2809737
12018,COM01398.00,2012,Ore processed,O.bulk,3243195
12019,COM01398.00,2013,Ore mined,O.bulk,3470000
12020,COM01398.00,2013,Ore processed,O.bulk,3470000
12021,COM01398.00,2014,Ore mined,O.bulk,3778000
12022,COM01398.00,2014,Ore processed,O.bulk,3778000
12023,COM01398.00,2015,Ore mined,O.bulk,3993000
12024,COM01398.00,2015,Ore processed,O.bulk,3993000
12025,COM01398.00,2016,Ore mined,O.bulk,3657000
12026,COM01398.00,2016,Ore processed,O.bulk,3657000
12027,COM01398.00,2017,Ore mined,O.bulk,3564000
12028,COM01398.00,2017,Ore processed,O.bulk,3564000
12029,COM01398.00,2018,Ore mined,O.bulk,3203000
12030,COM01398.00,2018,Ore processed,O.bulk,3203000
12031,COM01399.00,2011,Ore mined,O.bulk,382421
12032,COM01399.00,2011,Ore mined,O.oxi,433869
12033,COM01399.00,2011,Ore processed,O.bulk,382421
12034,COM01399.00,2011,Ore processed,O.oxi,433869
12035,COM01399.00,2012,Ore mined,O.bulk,607558
12036,COM01399.00,2012,Ore mined,O.oxi,265311
12037,COM01399.00,2012,Ore processed,O.bulk,607558
12038,COM01399.00,2012,Ore processed,O.oxi,265311
12039,COM01399.00,2013,Ore mined,O.bulk,641268
12040,COM01399.00,2013,Ore mined,O.oxi,196228
12041,COM01399.00,2013,Ore processed,O.bulk,641268
12042,COM01399.00,2013,Ore processed,O.oxi,196228
12043,COM01399.00,2014,Ore mined,O.bulk,885495
12044,COM01399.00,2014,Ore processed,O.bulk,885495
12045,COM01399.00,2015,Ore mined,O.bulk,832225
12046,COM01399.00,2015,Ore processed,O.bulk,832225
12047,COM01399.00,2016,Ore mined,O.bulk,897169
12048,COM01399.00,2016,Ore processed,O.bulk,897169
12049,COM01399.00,2017,Ore mined,O.bulk,1023491
12050,COM01399.00,2017,Ore processed,O.bulk,1023491
12051,COM01399.00,2018,Ore mined,O.bulk,1106648
12052,COM01399.00,2018,Ore processed,O.bulk,1106648
12053,COM01399.00,2019,Ore mined,O.bulk,1116919
12054,COM01399.00,2019,Ore processed,O.bulk,1116919
12055,COM01401.00,2013,Ore mined,O.Fe,3544000
12056,COM01401.00,2013,Ore processed,O.Fe,3544000
12057,COM01401.00,2014,Ore mined,O.Fe,4594000
12058,COM01401.00,2014,Ore processed,O.Fe,4594000
12059,COM01401.00,2015,Ore mined,O.Fe,5085000
12060,COM01401.00,2015,Ore processed,O.Fe,5085000
12061,COM01401.00,2016,Ore mined,O.Fe,5159000
12062,COM01401.00,2016,Ore processed,O.Fe,5159000
12063,COM01401.00,2017,Ore mined,O.Fe,4376000
12064,COM01401.00,2017,Ore processed,O.Fe,4376000
12065,COM01401.00,2018,Ore mined,O.Fe,3218000
12066,COM01401.00,2018,Ore processed,O.Fe,3218000
12067,COM01404.00,2007,Ore mined,O.Cu,429000
12068,COM01404.00,2007,Ore processed,O.Cu,429000
12069,COM01404.00,2008,Ore mined,O.Cu,538000
12070,COM01404.00,2008,Ore processed,O.Cu,538000
12071,COM01404.00,2009,Ore mined,O.Cu,603000
12072,COM01404.00,2009,Ore processed,O.Cu,603000
12073,COM01404.00,2010,Ore mined,O.Cu,629000
12074,COM01404.00,2010,Ore processed,O.Cu,629000
12075,COM01404.00,2011,Ore mined,O.Cu,656000
12076,COM01404.00,2011,Ore processed,O.Cu,656000
12077,COM01404.00,2012,Ore mined,O.Cu,769000
12078,COM01404.00,2012,Ore processed,O.Cu,769000
12079,COM01404.00,2013,Ore mined,O.Cu,835000
12080,COM01404.00,2013,Ore processed,O.Cu,835000
12081,COM01404.00,2014,Ore mined,O.Cu,659000
12082,COM01404.00,2014,Ore processed,O.Cu,659000
12083,COM01404.00,2015,Ore mined,O.Cu,625000
12084,COM01404.00,2015,Ore processed,O.Cu,625000
12085,COM01404.00,2016,Ore mined,O.Cu,528000
12086,COM01404.00,2016,Ore processed,O.Cu,528000
12087,COM01410.00,2016,Ore mined,O.Cu,17556500
12088,COM01410.00,2016,Ore processed,O.Cu,17556500
12089,COM01410.00,2017,Ore mined,O.Cu,17191500
12090,COM01410.00,2017,Ore processed,O.Cu,17191500
12091,COM01410.00,2018,Ore mined,O.Cu,13906500
12092,COM01410.00,2018,Ore processed,O.Cu,13906500
12093,COM01410.00,2019,Ore mined,O.Cu,14454000
12094,COM01410.00,2019,Ore processed,O.Cu,14454000
12095,COM01416.00,2006,Concentrate,Con.Pb,21299
12096,COM01416.00,2006,Concentrate,Con.Zn,52975
12097,COM01416.00,2006,Ore mined,O.bulk,807500
12098,COM01416.00,2006,Ore processed,O.bulk,807500
12099,COM01416.00,2007,Concentrate,Con.Pb,25219
12100,COM01416.00,2007,Concentrate,Con.Zn,46654
12101,COM01416.00,2007,Ore mined,O.bulk,812000
12102,COM01416.00,2007,Ore processed,O.bulk,812000
12103,COM01416.00,2008,Concentrate,Con.Pb,27175
12104,COM01416.00,2008,Concentrate,Con.Zn,54676
12105,COM01416.00,2008,Ore mined,O.bulk,901635
12106,COM01416.00,2008,Ore processed,O.bulk,901635
12107,COM01416.00,2009,Concentrate,Con.bulk,29924
12108,COM01416.00,2009,Concentrate,Con.Pb,15049
12109,COM01416.00,2009,Concentrate,Con.Zn,29257
12110,COM01416.00,2009,Ore mined,O.bulk,944300
12111,COM01416.00,2009,Ore processed,O.bulk,944300
12112,COM01416.00,2010,Concentrate,Con.bulk,73048
12113,COM01416.00,2010,Ore mined,O.bulk,1020250
12114,COM01416.00,2010,Ore processed,O.bulk,1020250
12115,COM01416.00,2011,Concentrate,Con.bulk,55265
12116,COM01416.00,2011,Ore mined,O.bulk,240550
12117,COM01416.00,2011,Ore processed,O.bulk,240550
12118,COM01416.00,2012,Concentrate,Con.bulk,22007
12119,COM01416.00,2012,Ore mined,O.bulk,204150
12120,COM01416.00,2012,Ore processed,O.bulk,204150
12121,COM01416.00,2013,Concentrate,Con.bulk,21745
12122,COM01416.00,2013,Ore mined,O.bulk,304680
12123,COM01416.00,2013,Ore processed,O.bulk,304680
12124,COM01416.00,2014,Concentrate,Con.bulk,68432
12125,COM01416.00,2014,Ore mined,O.bulk,1003600
12126,COM01416.00,2014,Ore processed,O.bulk,1003600
12127,COM01416.00,2015,Concentrate,Con.bulk,74186
12128,COM01416.00,2015,Ore mined,O.bulk,1056000
12129,COM01416.00,2015,Ore processed,O.bulk,1056000
12130,COM01416.00,2016,Concentrate,Con.bulk,102987
12131,COM01416.00,2016,Ore mined,O.bulk,1349850
12132,COM01416.00,2016,Ore processed,O.bulk,1349850
12133,COM01416.00,2017,Concentrate,Con.bulk,113015
12134,COM01416.00,2017,Concentrate,Con.Pb,3088
12135,COM01416.00,2017,Concentrate,Con.Zn,3441
12136,COM01416.00,2017,Ore mined,O.bulk,1770000
12137,COM01416.00,2017,Ore processed,O.bulk,1770000
12138,COM01416.00,2018,Concentrate,Con.bulk,41697
12139,COM01416.00,2018,Concentrate,Con.Pb,32849
12140,COM01416.00,2018,Concentrate,Con.Zn,51288
12141,COM01416.00,2018,Ore mined,O.bulk,2176111
12142,COM01416.00,2018,Ore processed,O.bulk,2176111
12143,COM01416.00,2019,Concentrate,Con.Pb,70458
12144,COM01416.00,2019,Concentrate,Con.Zn,104497
12145,COM01416.00,2019,Ore mined,O.bulk,2864587
12146,COM01416.00,2019,Ore processed,O.bulk,2864587
12147,COM01421.00,2007,Ore mined,O.Cu,3360000
12148,COM01421.00,2007,Ore processed,O.Cu,3360000
12149,COM01421.00,2008,Ore mined,O.Cu,3407000
12150,COM01421.00,2008,Ore processed,O.Cu,3407000
12151,COM01421.00,2009,Ore mined,O.Cu,3295000
12152,COM01421.00,2009,Ore processed,O.Cu,3295000
12153,COM01421.00,2010,Ore mined,O.Cu,3127000
12154,COM01421.00,2010,Ore processed,O.Cu,3127000
12155,COM01421.00,2011,Ore mined,O.Cu,2671000
12156,COM01421.00,2011,Ore processed,O.Cu,2671000
12157,COM01421.00,2012,Ore mined,O.Cu,1194000
12158,COM01421.00,2012,Ore processed,O.Cu,1194000
12159,COM01422.00,2007,Ore mined,O.Cu,7669000
12160,COM01422.00,2007,Ore processed,O.Cu,7669000
12161,COM01422.00,2008,Ore mined,O.Cu,7440000
12162,COM01422.00,2008,Ore processed,O.Cu,7440000
12163,COM01422.00,2009,Ore mined,O.Cu,5212000
12164,COM01422.00,2009,Ore processed,O.Cu,5212000
12165,COM01422.00,2010,Ore mined,O.Cu,5928000
12166,COM01422.00,2010,Ore processed,O.Cu,5928000
12167,COM01422.00,2011,Ore mined,O.Cu,5854000
12168,COM01422.00,2011,Ore processed,O.Cu,5854000
12169,COM01422.00,2012,Ore mined,O.Cu,6567000
12170,COM01422.00,2012,Ore processed,O.Cu,6567000
12171,COM01422.00,2013,Ore mined,O.Cu,6935000
12172,COM01422.00,2013,Ore processed,O.Cu,6935000
12173,COM01422.00,2014,Ore mined,O.Cu,5511000
12174,COM01422.00,2014,Ore processed,O.Cu,5511000
12175,COM01423.00,2007,Ore mined,O.Cu,2375000
12176,COM01423.00,2007,Ore processed,O.Cu,2375000
12177,COM01423.00,2008,Ore mined,O.Cu,3746000
12178,COM01423.00,2008,Ore processed,O.Cu,3746000
12179,COM01423.00,2009,Ore mined,O.Cu,3391000
12180,COM01423.00,2009,Ore processed,O.Cu,3391000
12181,COM01423.00,2010,Ore mined,O.Cu,1904000
12182,COM01423.00,2010,Ore processed,O.Cu,1904000
12183,COM01423.00,2011,Ore mined,O.Cu,2107000
12184,COM01423.00,2011,Ore processed,O.Cu,2107000
12185,COM01423.00,2012,Ore mined,O.Cu,2712000
12186,COM01423.00,2012,Ore processed,O.Cu,2712000
12187,COM01423.00,2013,Ore mined,O.Cu,2601000
12188,COM01423.00,2013,Ore processed,O.Cu,2601000
12189,COM01423.00,2014,Ore mined,O.Cu,1396000
12190,COM01423.00,2014,Ore processed,O.Cu,1396000
12191,COM01425.00,2007,Ore mined,O.Cu,8069000
12192,COM01425.00,2007,Ore processed,O.Cu,8069000
12193,COM01425.00,2008,Ore mined,O.Cu,6251000
12194,COM01425.00,2008,Ore processed,O.Cu,6251000
12195,COM01425.00,2009,Ore mined,O.Cu,8606000
12196,COM01425.00,2009,Ore processed,O.Cu,8606000
12197,COM01425.00,2010,Ore mined,O.Cu,8643000
12198,COM01425.00,2010,Ore processed,O.Cu,8643000
12199,COM01425.00,2011,Ore mined,O.Cu,8546000
12200,COM01425.00,2011,Ore processed,O.Cu,8546000
12201,COM01425.00,2012,Ore mined,O.Cu,8383000
12202,COM01425.00,2012,Ore processed,O.Cu,8383000
12203,COM01425.00,2013,Ore mined,O.Cu,8576000
12204,COM01425.00,2013,Ore processed,O.Cu,8576000
12205,COM01425.00,2014,Ore mined,O.Cu,6903000
12206,COM01425.00,2014,Ore processed,O.Cu,6903000
12207,COM01426.00,2007,Ore mined,O.Cu,2882000
12208,COM01426.00,2007,Ore processed,O.Cu,2882000
12209,COM01426.00,2008,Ore mined,O.Cu,3280000
12210,COM01426.00,2008,Ore processed,O.Cu,3280000
12211,COM01426.00,2009,Ore mined,O.Cu,3275000
12212,COM01426.00,2009,Ore processed,O.Cu,3275000
12213,COM01426.00,2010,Ore mined,O.Cu,3707000
12214,COM01426.00,2010,Ore processed,O.Cu,3707000
12215,COM01426.00,2011,Ore mined,O.Cu,3712000
12216,COM01426.00,2011,Ore processed,O.Cu,3712000
12217,COM01426.00,2012,Ore mined,O.Cu,3745000
12218,COM01426.00,2012,Ore processed,O.Cu,3745000
12219,COM01426.00,2013,Ore mined,O.Cu,3738000
12220,COM01426.00,2013,Ore processed,O.Cu,3738000
12221,COM01426.00,2014,Ore mined,O.Cu,3147000
12222,COM01426.00,2014,Ore processed,O.Cu,3147000
12223,COM01432.00,2004,Ore mined,O.bulk,732812
12224,COM01432.00,2004,Ore processed,O.bulk,732812
12225,COM01432.00,2005,Ore mined,O.bulk,803883
12226,COM01432.00,2005,Ore processed,O.bulk,803883
12227,COM01432.00,2006,Ore mined,O.bulk,787889
12228,COM01432.00,2006,Ore processed,O.bulk,787003
12229,COM01432.00,2007,Ore mined,O.bulk,860240
12230,COM01432.00,2007,Ore processed,O.bulk,875556
12231,COM01432.00,2008,Ore mined,O.bulk,900387
12232,COM01432.00,2008,Ore processed,O.bulk,895024
12233,COM01432.00,2009,Ore mined,O.bulk,990655
12234,COM01432.00,2009,Ore processed,O.bulk,1028234
12235,COM01432.00,2010,Ore mined,O.Cu,33640
12236,COM01432.00,2010,Ore mined,O.Zn,990657
12237,COM01432.00,2010,Ore processed,O.Cu,27296
12238,COM01432.00,2010,Ore processed,O.Zn,995884
12239,COM01432.00,2011,Ore mined,O.Cu,103349
12240,COM01432.00,2011,Ore mined,O.Zn,1028523
12241,COM01432.00,2011,Ore processed,O.Cu,109666
12242,COM01432.00,2011,Ore processed,O.Zn,999280
12243,COM01432.00,2012,Ore mined,O.Cu,157000
12244,COM01432.00,2012,Ore mined,O.Zn,954000
12245,COM01432.00,2012,Ore processed,O.Cu,145000
12246,COM01432.00,2012,Ore processed,O.Zn,998000
12247,COM01432.00,2013,Ore mined,O.Cu,214000
12248,COM01432.00,2013,Ore mined,O.Zn,911000
12249,COM01432.00,2013,Ore processed,O.Cu,222000
12250,COM01432.00,2013,Ore processed,O.Zn,924000
12251,COM01432.00,2014,Ore mined,O.Cu,167000
12252,COM01432.00,2014,Ore mined,O.Zn,1063000
12253,COM01432.00,2014,Ore processed,O.Cu,167000
12254,COM01432.00,2014,Ore processed,O.Zn,1054000
12255,COM01432.00,2015,Ore mined,O.Cu,137000
12256,COM01432.00,2015,Ore mined,O.Zn,1126000
12257,COM01432.00,2015,Ore processed,O.Cu,139000
12258,COM01432.00,2015,Ore processed,O.Zn,1096000
12259,COM01432.00,2016,Ore mined,O.Cu,107000
12260,COM01432.00,2016,Ore mined,O.Zn,1057000
12261,COM01432.00,2016,Ore processed,O.Cu,107000
12262,COM01432.00,2016,Ore processed,O.Zn,1093000
12263,COM01432.00,2017,Ore mined,O.Cu,92000
12264,COM01432.00,2017,Ore mined,O.Zn,1189000
12265,COM01432.00,2017,Ore processed,O.Cu,76000
12266,COM01432.00,2017,Ore processed,O.Zn,1188000
12267,COM01432.00,2018,Ore mined,O.Cu,97000
12268,COM01432.00,2018,Ore mined,O.Zn,1203000
12269,COM01432.00,2018,Ore processed,O.Cu,111000
12270,COM01432.00,2018,Ore processed,O.Zn,1202000
12271,COM01432.00,2019,Ore mined,O.Cu,182000
12272,COM01432.00,2019,Ore mined,O.Zn,1138000
12273,COM01432.00,2019,Ore processed,O.Cu,178000
12274,COM01432.00,2019,Ore processed,O.Zn,1120000
12275,COM01435.00,2011,Ore mined,O.Al,164500
12276,COM01435.00,2011,Ore processed,O.Al,164500
12277,COM01435.00,2012,Ore mined,O.Al,630000
12278,COM01435.00,2012,Ore processed,O.Al,630000
12279,COM01435.00,2013,Ore mined,O.Al,400000
12280,COM01435.00,2013,Ore processed,O.Al,400000
12281,COM01435.00,2014,Ore mined,O.Al,367000
12282,COM01435.00,2014,Ore processed,O.Al,367000
12283,COM01435.00,2015,Ore mined,O.Al,306000
12284,COM01435.00,2015,Ore processed,O.Al,306000
12285,COM01435.00,2016,Ore mined,O.Al,344000
12286,COM01435.00,2016,Ore processed,O.Al,344000
12287,COM01435.00,2017,Ore mined,O.Al,496000
12288,COM01435.00,2017,Ore processed,O.Al,496000
12289,COM01435.00,2018,Ore mined,O.Al,715000
12290,COM01435.00,2018,Ore processed,O.Al,715000
12291,COM01435.00,2019,Ore mined,O.Al,904000
12292,COM01435.00,2019,Ore processed,O.Al,904000
