facility_id,primary_commodity,country,mining_salary,LOM_in_Buckets,still_operating,price_usd_tonne,2015_capacity_value_tpa,2018_capacity_value_tpa,2019_capacity_value_tpa,2021_capacity_value_tpa,2000_clean_coal_value_tonnes,2001_clean_coal_value_tonnes,2002_clean_coal_value_tonnes,2003_clean_coal_value_tonnes,2004_clean_coal_value_tonnes,2005_clean_coal_value_tonnes,2006_clean_coal_value_tonnes,2007_clean_coal_value_tonnes,2008_clean_coal_value_tonnes,2009_clean_coal_value_tonnes,2010_clean_coal_value_tonnes,2011_clean_coal_value_tonnes,2012_clean_coal_value_tonnes,2013_clean_coal_value_tonnes,2014_clean_coal_value_tonnes,2015_clean_coal_value_tonnes,2016_clean_coal_value_tonnes,2017_clean_coal_value_tonnes,2018_clean_coal_value_tonnes,2019_clean_coal_value_tonnes,2020_clean_coal_value_tonnes,2000_coal_mined_value_tonnes,2001_coal_mined_value_tonnes,2002_coal_mined_value_tonnes,2003_coal_mined_value_tonnes,2004_coal_mined_value_tonnes,2005_coal_mined_value_tonnes,2006_coal_mined_value_tonnes,2007_coal_mined_value_tonnes,2008_coal_mined_value_tonnes,2009_coal_mined_value_tonnes,2010_coal_mined_value_tonnes,2011_coal_mined_value_tonnes,2012_coal_mined_value_tonnes,2013_coal_mined_value_tonnes,2014_coal_mined_value_tonnes,2015_coal_mined_value_tonnes,2016_coal_mined_value_tonnes,2017_coal_mined_value_tonnes,2018_coal_mined_value_tonnes,2019_coal_mined_value_tonnes,2020_coal_mined_value_tonnes,2000_commodities_grade_ppm,2001_commodities_grade_ppm,2002_commodities_grade_ppm,2003_commodities_grade_ppm,2004_commodities_grade_ppm,2005_commodities_grade_ppm,2006_commodities_grade_ppm,2007_commodities_grade_ppm,2008_commodities_grade_ppm,2009_commodities_grade_ppm,2010_commodities_grade_ppm,2011_commodities_grade_ppm,2012_commodities_grade_ppm,2013_commodities_grade_ppm,2014_commodities_grade_ppm,2015_commodities_grade_ppm,2016_commodities_grade_ppm,2017_commodities_grade_ppm,2018_commodities_grade_ppm,2019_commodities_grade_ppm,2020_commodities_grade_ppm,2000_commodities_id_minerals,2001_commodities_id_minerals,2002_commodities_id_minerals,2003_commodities_id_minerals,2004_commodities_id_minerals,2005_commodities_id_minerals,2006_commodities_id_minerals,2007_commodities_id_minerals,2008_commodities_id_minerals,2009_commodities_id_minerals,2010_commodities_id_minerals,2011_commodities_id_minerals,2012_commodities_id_minerals,2013_commodities_id_minerals,2014_commodities_id_minerals,2015_commodities_id_minerals,2016_commodities_id_minerals,2017_commodities_id_minerals,2018_commodities_id_minerals,2019_commodities_id_minerals,2020_commodities_id_minerals,2000_commodities_products,2001_commodities_products,2002_commodities_products,2003_commodities_products,2004_commodities_products,2005_commodities_products,2006_commodities_products,2007_commodities_products,2008_commodities_products,2009_commodities_products,2010_commodities_products,2011_commodities_products,2012_commodities_products,2013_commodities_products,2014_commodities_products,2015_commodities_products,2016_commodities_products,2017_commodities_products,2018_commodities_products,2019_commodities_products,2020_commodities_products,2000_commodities_recovery_rate,2001_commodities_recovery_rate,2002_commodities_recovery_rate,2003_commodities_recovery_rate,2004_commodities_recovery_rate,2005_commodities_recovery_rate,2006_commodities_recovery_rate,2007_commodities_recovery_rate,2008_commodities_recovery_rate,2009_commodities_recovery_rate,2010_commodities_recovery_rate,2011_commodities_recovery_rate,2012_commodities_recovery_rate,2013_commodities_recovery_rate,2014_commodities_recovery_rate,2015_commodities_recovery_rate,2016_commodities_recovery_rate,2017_commodities_recovery_rate,2018_commodities_recovery_rate,2019_commodities_recovery_rate,2020_commodities_recovery_rate,2000_commodities_value_tonnes,2001_commodities_value_tonnes,2002_commodities_value_tonnes,2003_commodities_value_tonnes,2004_commodities_value_tonnes,2005_commodities_value_tonnes,2006_commodities_value_tonnes,2007_commodities_value_tonnes,2008_commodities_value_tonnes,2009_commodities_value_tonnes,2010_commodities_value_tonnes,2011_commodities_value_tonnes,2012_commodities_value_tonnes,2013_commodities_value_tonnes,2014_commodities_value_tonnes,2015_commodities_value_tonnes,2016_commodities_value_tonnes,2017_commodities_value_tonnes,2018_commodities_value_tonnes,2019_commodities_value_tonnes,2020_commodities_value_tonnes,2000_commodity,2001_commodity,2002_commodity,2003_commodity,2004_commodity,2005_commodity,2006_commodity,2007_commodity,2008_commodity,2009_commodity,2010_commodity,2011_commodity,2012_commodity,2013_commodity,2014_commodity,2015_commodity,2016_commodity,2017_commodity,2018_commodity,2019_commodity,2020_commodity,2018_commodity_x,2019_commodity_x,2000_commodity_y,2001_commodity_y,2002_commodity_y,2003_commodity_y,2004_commodity_y,2005_commodity_y,2006_commodity_y,2007_commodity_y,2008_commodity_y,2009_commodity_y,2010_commodity_y,2011_commodity_y,2012_commodity_y,2013_commodity_y,2014_commodity_y,2015_commodity_y,2016_commodity_y,2017_commodity_y,2018_commodity_y,2019_commodity_y,2020_commodity_y,2000_facility_equipment,2001_facility_equipment,2002_facility_equipment,2003_facility_equipment,2004_facility_equipment,2005_facility_equipment,2006_facility_equipment,2007_facility_equipment,2008_facility_equipment,2009_facility_equipment,2010_facility_equipment,2011_facility_equipment,2012_facility_equipment,2013_facility_equipment,2014_facility_equipment,2015_facility_equipment,2016_facility_equipment,2017_facility_equipment,2018_facility_equipment,2019_facility_equipment,2020_facility_equipment,2000_facility_name,2001_facility_name,2002_facility_name,2003_facility_name,2004_facility_name,2005_facility_name,2006_facility_name,2007_facility_name,2008_facility_name,2009_facility_name,2010_facility_name,2011_facility_name,2012_facility_name,2013_facility_name,2014_facility_name,2015_facility_name,2016_facility_name,2017_facility_name,2018_facility_name,2019_facility_name,2020_facility_name,2000_facility_type,2001_facility_type,2002_facility_type,2003_facility_type,2004_facility_type,2005_facility_type,2006_facility_type,2007_facility_type,2008_facility_type,2009_facility_type,2010_facility_type,2011_facility_type,2012_facility_type,2013_facility_type,2014_facility_type,2015_facility_type,2016_facility_type,2017_facility_type,2018_facility_type,2019_facility_type,2020_facility_type,2002_id,2003_id,2004_id,2005_id,2006_id,2007_id,2008_id,2009_id,2010_id,2011_id,2012_id,2013_id,2014_id,2015_id,2016_id,2017_id,2018_id,2019_id,2020_id,2015_id_x,2018_id_x,2019_id_x,2021_id_x,2000_id_y,2001_id_y,2002_id_y,2003_id_y,2004_id_y,2005_id_y,2006_id_y,2007_id_y,2008_id_y,2009_id_y,2010_id_y,2011_id_y,2012_id_y,2013_id_y,2014_id_y,2015_id_y,2016_id_y,2017_id_y,2018_id_y,2019_id_y,2020_id_y,2000_material,2001_material,2002_material,2003_material,2004_material,2005_material,2006_material,2007_material,2008_material,2009_material,2010_material,2011_material,2012_material,2013_material,2014_material,2015_material,2016_material,2017_material,2018_material,2019_material,2020_material,2021_material,2000_minerals_concentrate_value_tonnes,2001_minerals_concentrate_value_tonnes,2002_minerals_concentrate_value_tonnes,2003_minerals_concentrate_value_tonnes,2004_minerals_concentrate_value_tonnes,2005_minerals_concentrate_value_tonnes,2006_minerals_concentrate_value_tonnes,2007_minerals_concentrate_value_tonnes,2008_minerals_concentrate_value_tonnes,2009_minerals_concentrate_value_tonnes,2010_minerals_concentrate_value_tonnes,2011_minerals_concentrate_value_tonnes,2012_minerals_concentrate_value_tonnes,2013_minerals_concentrate_value_tonnes,2014_minerals_concentrate_value_tonnes,2015_minerals_concentrate_value_tonnes,2016_minerals_concentrate_value_tonnes,2017_minerals_concentrate_value_tonnes,2018_minerals_concentrate_value_tonnes,2019_minerals_concentrate_value_tonnes,2020_minerals_concentrate_value_tonnes,2000_minerals_ore_mined_value_tonnes,2001_minerals_ore_mined_value_tonnes,2002_minerals_ore_mined_value_tonnes,2003_minerals_ore_mined_value_tonnes,2004_minerals_ore_mined_value_tonnes,2005_minerals_ore_mined_value_tonnes,2006_minerals_ore_mined_value_tonnes,2007_minerals_ore_mined_value_tonnes,2008_minerals_ore_mined_value_tonnes,2009_minerals_ore_mined_value_tonnes,2010_minerals_ore_mined_value_tonnes,2011_minerals_ore_mined_value_tonnes,2012_minerals_ore_mined_value_tonnes,2013_minerals_ore_mined_value_tonnes,2014_minerals_ore_mined_value_tonnes,2015_minerals_ore_mined_value_tonnes,2016_minerals_ore_mined_value_tonnes,2017_minerals_ore_mined_value_tonnes,2018_minerals_ore_mined_value_tonnes,2019_minerals_ore_mined_value_tonnes,2020_minerals_ore_mined_value_tonnes,2000_minerals_ore_processed_value_tonnes,2001_minerals_ore_processed_value_tonnes,2002_minerals_ore_processed_value_tonnes,2003_minerals_ore_processed_value_tonnes,2004_minerals_ore_processed_value_tonnes,2005_minerals_ore_processed_value_tonnes,2006_minerals_ore_processed_value_tonnes,2007_minerals_ore_processed_value_tonnes,2008_minerals_ore_processed_value_tonnes,2009_minerals_ore_processed_value_tonnes,2010_minerals_ore_processed_value_tonnes,2011_minerals_ore_processed_value_tonnes,2012_minerals_ore_processed_value_tonnes,2013_minerals_ore_processed_value_tonnes,2014_minerals_ore_processed_value_tonnes,2015_minerals_ore_processed_value_tonnes,2016_minerals_ore_processed_value_tonnes,2017_minerals_ore_processed_value_tonnes,2018_minerals_ore_processed_value_tonnes,2019_minerals_ore_processed_value_tonnes,2020_minerals_ore_processed_value_tonnes,2002_reserves_commodity_value_tonnes,2003_reserves_commodity_value_tonnes,2005_reserves_commodity_value_tonnes,2006_reserves_commodity_value_tonnes,2007_reserves_commodity_value_tonnes,2008_reserves_commodity_value_tonnes,2012_reserves_commodity_value_tonnes,2013_reserves_commodity_value_tonnes,2014_reserves_commodity_value_tonnes,2015_reserves_commodity_value_tonnes,2016_reserves_commodity_value_tonnes,2017_reserves_commodity_value_tonnes,2018_reserves_commodity_value_tonnes,2019_reserves_commodity_value_tonnes,2020_reserves_commodity_value_tonnes,2002_reserves_grade_ppm,2003_reserves_grade_ppm,2005_reserves_grade_ppm,2006_reserves_grade_ppm,2007_reserves_grade_ppm,2008_reserves_grade_ppm,2012_reserves_grade_ppm,2013_reserves_grade_ppm,2014_reserves_grade_ppm,2015_reserves_grade_ppm,2016_reserves_grade_ppm,2017_reserves_grade_ppm,2018_reserves_grade_ppm,2019_reserves_grade_ppm,2020_reserves_grade_ppm,2000_reserves_mineral_value_tonnes,2001_reserves_mineral_value_tonnes,2002_reserves_mineral_value_tonnes,2003_reserves_mineral_value_tonnes,2004_reserves_mineral_value_tonnes,2005_reserves_mineral_value_tonnes,2006_reserves_mineral_value_tonnes,2007_reserves_mineral_value_tonnes,2008_reserves_mineral_value_tonnes,2009_reserves_mineral_value_tonnes,2010_reserves_mineral_value_tonnes,2011_reserves_mineral_value_tonnes,2012_reserves_mineral_value_tonnes,2013_reserves_mineral_value_tonnes,2014_reserves_mineral_value_tonnes,2015_reserves_mineral_value_tonnes,2016_reserves_mineral_value_tonnes,2017_reserves_mineral_value_tonnes,2018_reserves_mineral_value_tonnes,2019_reserves_mineral_value_tonnes,2020_reserves_mineral_value_tonnes,2002_waste_total_material_tonnes,2003_waste_total_material_tonnes,2004_waste_total_material_tonnes,2005_waste_total_material_tonnes,2006_waste_total_material_tonnes,2007_waste_total_material_tonnes,2008_waste_total_material_tonnes,2009_waste_total_material_tonnes,2010_waste_total_material_tonnes,2011_waste_total_material_tonnes,2012_waste_total_material_tonnes,2013_waste_total_material_tonnes,2014_waste_total_material_tonnes,2015_waste_total_material_tonnes,2016_waste_total_material_tonnes,2017_waste_total_material_tonnes,2018_waste_total_material_tonnes,2019_waste_total_material_tonnes,2020_waste_total_material_tonnes,2002_waste_type,2003_waste_type,2004_waste_type,2005_waste_type,2006_waste_type,2007_waste_type,2008_waste_type,2009_waste_type,2010_waste_type,2011_waste_type,2012_waste_type,2013_waste_type,2014_waste_type,2015_waste_type,2016_waste_type,2017_waste_type,2018_waste_type,2019_waste_type,2020_waste_type,2002_waste_value_tonnes,2003_waste_value_tonnes,2004_waste_value_tonnes,2005_waste_value_tonnes,2006_waste_value_tonnes,2007_waste_value_tonnes,2008_waste_value_tonnes,2009_waste_value_tonnes,2010_waste_value_tonnes,2011_waste_value_tonnes,2012_waste_value_tonnes,2013_waste_value_tonnes,2014_waste_value_tonnes,2015_waste_value_tonnes,2016_waste_value_tonnes,2017_waste_value_tonnes,2018_waste_value_tonnes,2019_waste_value_tonnes,2020_waste_value_tonnes
COM00003.00,Coal,United States of America,55819.0,47.0,1.0,43.21,,,,,,5356109.0,4681152.0,5457715.0,5885914.0,5863234.0,6149002.0,6667920.0,5797915.0,5315285.0,4958755.0,5023166.0,2483914.0,3755808.0,5998406.0,5336150.0,3751272.0,3235075.0,,,,,5356109.0,4681152.0,5457715.0,5885914.0,5863234.0,6149002.0,6667920.0,5797915.0,5315285.0,4958755.0,5023166.0,2483914.0,3755808.0,5998406.0,5336150.0,3751272.0,3235075.0,,,,,,,,,,,,,,,,,,,,,,,,,,,,,,,,,,,,,,,,,,,,,,,Sub-bituminous coal,Sub-bituminous coal,Sub-bituminous coal,Sub-bituminous coal,Sub-bituminous coal,Sub-bituminous coal,Sub-bituminous coal,Sub-bituminous coal,Sub-bituminous coal,Sub-bituminous coal,Sub-bituminous coal,Sub-bituminous coal,Sub-bituminous coal,Sub-bituminous coal,Sub-bituminous coal,Sub-bituminous coal,Sub-bituminous coal,,,,,,,,,,,,,,,,,,,,,,,,,,,,,,,,,,,,,,,,,,,,,,,,,,,,,,,,,,,,,,,,,,,,,,,,,,,,,,,,,,,,,,,,,,,,,,,,,,,,,,,,,,,,,,,,Absaloka,Absaloka,Absaloka,Absaloka,Absaloka,Absaloka,Absaloka,Absaloka,Absaloka,Absaloka,Absaloka,Absaloka,Absaloka,Absaloka,Absaloka,Absaloka,Absaloka,,,,,Mine,Mine,Mine,Mine,Mine,Mine,Mine,Mine,Mine,Mine,Mine,Mine,Mine,Mine,Mine,Mine,Mine,,,,,,,,,,,,,,,,,,,,,,,,,,,,6.0,6.0,6.0,6.0,6.0,6.0,6.0,6.0,6.0,6.0,6.0,6.0,6.0,6.0,6.0,6.0,6.0,,,,,F.sbc,F.sbc,F.sbc,F.sbc,F.sbc,F.sbc,F.sbc,F.sbc,F.sbc,F.sbc,F.sbc,F.sbc,F.sbc,F.sbc,F.sbc,F.sbc,F.sbc,,,,,,,,,,,,,,,,,,,,,,,,,,,,,,,,,,,,,,,,,,,,,,,,,,,,,,,,,,,,,,,,,,,,,,,,,,,,,,,,,,,,,,,,,,,,,,,,,,,107488685.0,102132576.0,97451424.0,91993709.0,86107795.0,80244561.0,74095559.0,67427639.0,61629724.0,56314439.0,51355684.0,46332518.0,43848604.0,40092796.0,34094390.0,28758240.0,25006968.0,,,,,,,,,,,,,,,,,,,,,,,,,,,,,,,,,,,,,,,,,,,,,,,,,,,,,,,,,,,,
COM00008.00,Nickel,Spain,37500.0,11.0,0.0,16811.81,,,,,,,,,,,,,,,,,,,,,,,,,,,,,,,,,,,,,,,,,,,,,,,,,,,,5500.0,5000.0,4000.0,4000.0,4000.0,4000.0,,4000.0,4000.0,4700.0,5200.0,,,,,,,,,,,76.0,78.0,80.0,82.0,84.0,86.0,88.0,90.0,92.0,94.0,96.0,,,,,,,,,,,"Nickel, Copper, Cobalt, Gold, PGM","Nickel, Copper, Cobalt, Gold, PGM","Nickel, Copper, Cobalt, Gold, PGM","Nickel, Copper, Cobalt, Gold, PGM","Nickel, Copper, Cobalt, Gold, PGM","Nickel, Copper, Cobalt, Gold, PGM","Nickel, Copper, Cobalt, Gold, PGM","Nickel, Copper, Cobalt, Gold, PGM","Nickel, Copper, Cobalt, Gold, PGM","Nickel, Copper, Cobalt, Gold, PGM","Nickel, Copper, Cobalt, Gold, PGM",,,,,,,,,,,0.887,0.9,0.92,0.93,0.9,0.93,,0.914,0.938,0.939,0.931,,,,,,,,,,,4887.911,6616.0,6281.0,7071.0,6989.0,5484.0,0.0,2260.0,6242.0,7390.0,6221.0,,,,,,,,,,,Me.Cu,Me.Cu,Me.Cu,Me.Cu,Me.Cu,Me.Cu,Me.Cu,Me.Cu,Me.Cu,Me.Cu,Me.Cu,,,,,,,,,,,,,,,,,,,,,,,,,,,,,,,,,,Underground,Underground,Underground,Underground,Underground,Underground,Underground,Underground,Underground,Underground,Underground,,,,,,,,,,,Aguablanca,Aguablanca,Aguablanca,Aguablanca,Aguablanca,Aguablanca,Aguablanca,Aguablanca,Aguablanca,Aguablanca,Aguablanca,,,,,,,,,,,Mine,Mine,Mine,Mine,Mine,Mine,Mine,Mine,Mine,Mine,Mine,,,,,,,,,,,,,,,,,,,,,,,,,,,,,,,,,,,,,,,,,,,,,,,,,,,,,,,O.bulk,O.bulk,O.bulk,O.bulk,O.bulk,O.bulk,O.bulk,O.bulk,O.bulk,O.bulk,O.bulk,,,,,,,,,,,,,,,,,,,,,,,,,,,,,,,,,997224.0,1550437.0,1707330.0,1794089.0,1441903.0,1349336.0,24289.0,755000.0,1785000.0,1755000.0,616000.0,,,,,,,,,,,997224.0,1486800.0,1668959.0,1825212.0,1912675.0,1435177.0,0.0,577000.0,1606000.0,1660000.0,1292000.0,,,,,,,,,,,,,,,,,,,,,,,,,,,,,,,,,,,,,,,,,,,,,,,,,,,,,,,,,,,,,,,,,,,,,,,,,,,,,,,,,,,,,,,,,,,,,,,,,,,,,,,,,,,,,,,,,
COM00009.00,Gold,Ghana,4509.6,15.0,1.0,672.01,,,,,,,,,,,,,,,,,,,,,,,,,,,,,,,,,,,,,,,,,,,,,,,,,,,,,,1.718225,1.967143,2.044977,2.030723,2.049722,2.091001,2.078436,1.788922,1.417476,1.332428,1.417476,1.842719,2.579807,,,,,,,,,98.0,100.0,102.0,104.0,106.0,108.0,110.0,112.0,114.0,116.0,118.0,120.0,122.0,,,,,,,,Gold,Gold,Gold,Gold,Gold,Gold,Gold,Gold,Gold,Gold,Gold,Gold,Gold,Gold,,,,,,,,,,,,,,,,,0.896,0.903,0.923,0.94,0.941,,,,,,,,5.719,12.61,14.744,15.463,15.424,16.018,15.904,16.159,12.53,9.412,9.894,9.894,12.36,18.229,,,,,,,,Me.Au,Me.Au,Me.Au,Me.Au,Me.Au,Me.Au,Me.Au,Me.Au,Me.Au,Me.Au,Me.Au,Me.Au,Me.Au,Me.Au,,,,,,,,,,,Me.Au,Me.Au,Me.Au,Me.Au,Me.Au,Me.Au,Me.Au,Me.Au,Me.Au,Me.Au,Me.Au,Me.Au,Me.Au,,,,,,,,"Open pit, Underground","Open pit, Underground","Open pit, Underground","Open pit, Underground","Open pit, Underground","Open pit, Underground","Open pit, Underground","Open pit, Underground","Open pit, Underground","Open pit, Underground","Open pit, Underground","Open pit, Underground","Open pit, Underground","Open pit, Underground",,,,,,,,Ahafo,Ahafo,Ahafo,Ahafo,Ahafo,Ahafo,Ahafo,Ahafo,Ahafo,Ahafo,Ahafo,Ahafo,Ahafo,Ahafo,,,,,,,,Mine,Mine,Mine,Mine,Mine,Mine,Mine,Mine,Mine,Mine,Mine,Mine,Mine,Mine,,,,,,,1.0,2.0,3.0,4.0,5.0,6.0,7.0,8.0,9.0,10.0,11.0,12.0,13.0,,,,,,,,,,,,,9.0,9.0,9.0,9.0,9.0,9.0,9.0,9.0,9.0,9.0,9.0,9.0,9.0,,,,,,,,O.Au,O.Au,O.Au,O.Au,O.Au,O.Au,O.Au,O.Au,O.Au,O.Au,O.Au,O.Au,O.Au,O.Au,,,,,,,,,,,,,,,,,,,,,,,,,,,,,,,8094946.0,11101406.0,10416470.0,11122272.0,14181350.0,12576514.0,16135459.0,11909722.0,6546355.0,5836925.0,6631632.0,7319290.0,7764725.0,,,,,,,,,7339248.0,7495286.0,7561512.0,7595078.0,7814621.0,7605965.0,7774704.0,7004491.0,6637075.0,7269394.0,6904699.0,6367637.0,6620746.0,,,,,,,,,,,,,,,273.28940172,,,,,,,,,,,,,,,1.594967381429696,,,,,,,,,292872341.0,284777395.0,273675989.0,263259519.0,252137247.0,237955897.0,225379383.0,209243924.0,197334202.0,190787847.0,184950922.0,178319290.0,171000000.0,,,,,,,40129992.0,45874382.400000006,47148091.2,46316188.8,47475590.400000006,44250494.4,54468288.0,41439988.8,36366926.4,34936272.0,35701041.6,32926824.0,36045777.6,,,,,,,Waste rock,Waste rock,Waste rock,Waste rock,Waste rock,Waste rock,Waste rock,Waste rock,Waste rock,Waste rock,Waste rock,Waste rock,Waste rock,,,,,,,32035046.4,34772976.0,36731620.8,35193916.800000004,33294240.0,31673980.8,38332828.8,29530267.200000003,29820571.200000003,29099347.200000003,29322518.4,26822275.200000003,29498515.200000003,
COM00015.00,Copper,Kazakhstan,12877.81,6.0,1.0,5630.38,,,,,,,,,,,,,,,,,,,,,,,,,,,,,,,,,,,,,,,,,,,,,,,,,,,,,,,,,,,,,,,1125.77397,228000.0,219000.0,,,,,,,,,,,,,,,,,,,196.0,197.0,202.0,,,,,,,,,,,,,,,,,,"Copper, Silver, Copper cathode, Gold","Copper, Silver, Copper cathode, Gold","Copper, Silver, Copper cathode, Gold","Copper, Silver, Copper cathode, Gold","Copper, Silver, Copper cathode, Gold",,,,,,,,,,,,,,,,,,,0.0,0.0,,,,,,,,,,,,,,,,,,,18000.0,68200.0,110600.0,,,,,,,,,,,,,,,,,,,Oth.cuca,Me.Cu,Me.Cu,,,,,,,,,,,,,,,,,,,,,,,,Me.Cu,,,,,,,,,,,,,,,,,"Open pit, Heap leaching plant","Open pit, Heap leaching plant","Open pit, Heap leaching plant","Open pit, Heap leaching plant","Open pit, Heap leaching plant",,,,,,,,,,,,,,,,,Aktogay,Aktogay,Aktogay,Aktogay,Aktogay,,,,,,,,,,,,,,,,,Mine,Mine,Mine,Mine,Mine,,,,,,,,,,,,,,,,,,,,,,,,,,,,,,,,,,,,,,,,,,,,13.0,,,,,,,,,,,,,,,,,O.oxi,O.oxi,Con.Cu,Con.Cu,O.bulk,,,,,,,,,,,,,,,,,,,,298600.0,505100.0,,,,,,,,,,,,,,,,,,3003000.0,15989000.0,13040000.0,16104000.0,,,,,,,,,,,,,,,,,,3003000.0,15989000.0,13040000.0,16104000.0,,,,,,,,,,,,,,,,,,,,,,,,,,,,,,,,,,,,,,,,,,,,,,,,,,,,1399000000.0,,,,,,,,,,,,,,,,,,,,,,,,,,,,,,,,,,,,,,,,,,,,,,,,,,,,,,,,,,
COM00016.00,Gold,Ghana,4509.6,8.0,1.0,1286.07,,,,,,,,,,,,,,,,,,,,,,,,,,,,,,,,,,,,,,,,,,,,,,,,,,,,,,,,,,,,2.263296,1.727762,1.729321,1.587573,1.587573,1.502525,1.502525,,,,,,,,,,,,,,,208.0,210.0,212.0,214.0,216.0,218.0,220.0,,,,,,,,,,,,,,,Gold,Gold,Gold,Gold,Gold,Gold,Gold,,,,,,,,,,,,,,,,,0.908,0.917,0.923,0.912,0.908,,,,,,,,,,,,,,,3.651,13.358,13.409,13.324,13.409,11.737,11.963,,,,,,,,,,,,,,,Me.Au,Me.Au,Me.Au,Me.Au,Me.Au,Me.Au,Me.Au,,,,,,,,,,,,,,,,,Me.Au,Me.Au,Me.Au,Me.Au,Me.Au,Me.Au,Me.Au,,,,,,,,,,,,,,,Open pit,Open pit,Open pit,Open pit,Open pit,Open pit,Open pit,,,,,,,,,,,,,,,Akyem,Akyem,Akyem,Akyem,Akyem,Akyem,Akyem,,,,,,,,,,,,,,,Mine,Mine,Mine,Mine,Mine,Mine,Mine,,,,,,,,,,,,,14.0,15.0,16.0,17.0,18.0,19.0,20.0,,,,,,,,,,,,,,,,,,,15.0,15.0,15.0,15.0,15.0,15.0,15.0,,,,,,,,,,,,,,,O.Au,O.Au,O.Au,O.Au,O.Au,O.Au,O.Au,,,,,,,,,,,,,,,,,,,,,,,,,,,,,,,,,,,,,1732752.0,11387174.0,9366840.0,8980373.0,8217418.0,10622405.0,11652984.0,,,,,,,,,,,,,,,1613002.0,7731158.0,7249435.0,8415187.0,8412466.0,7771075.0,7856352.0,,,,,,,,,,,,,,,73.14176934,,,,,,,,,,,,,,,1.2160453342605264,,,,,,,,,,,,,,,111106962.0,109374210.0,97987036.0,88620196.0,79639823.0,71422405.0,60800000.0,,,,,,,,,,,,,5747112.0,33295147.200000003,32506790.4,33147273.6,31957934.4,32364360.0,32375246.4,,,,,,,,,,,,,Waste rock,Waste rock,Waste rock,Waste rock,Waste rock,Waste rock,Waste rock,,,,,,,,,,,,,4014360.0,21907972.8,23139950.4,24166900.8,23740516.8,21741955.2,20722262.4,
COM00017.00,Aluminium,Saudi Arabia,26240.14,7.0,1.0,1725.1,,,,,,,,,,,,,,,,,,,,,,,,,,,,,,,,,,,,,,,,,,,,,,,,,,,,,,,,,,,,,,,,,,,,,,,,,,,,,,,,,,,,,,,,,,,,,,,,,,,,,,,Bauxite,Bauxite,Bauxite,Bauxite,Bauxite,Bauxite,,,,,,,,,,,,,,,,,,,,,,,,,,,,,,,,,,,,,,,,,,,,,,,,,,,,,,,,,,,,,,,,,,,,,,,,,,,,,,,,,Me.Al2O3,Me.Al2O3,Me.Al2O3,Me.Al2O3,Me.Al2O3,Me.Al2O3,,,,,,,,,,,,,,,,Open pit,Open pit,Open pit,Open pit,Open pit,Open pit,,,,,,,,,,,,,,,,Al Ba’itha,Al Ba’itha,Al Ba’itha,Al Ba’itha,Al Ba’itha,Al Ba’itha,,,,,,,,,,,,,,,,Mine,Mine,Mine,Mine,Mine,Mine,,,,,,,,,,,,,,,,,,,,,,,,,,,,,,,,,,,,,,,16.0,16.0,16.0,16.0,16.0,16.0,,,,,,,,,,,,,,,,O.Al,O.Al,O.Al,O.Al,O.Al,O.Al,,,,,,,,,,,,,,,,,,,,,,,,,,,,,,,,,,,,,,796813.0,2390438.0,3585657.0,3585657.0,4382470.0,4780876.0,,,,,,,,,,,,,,,,796813.0,2390438.0,3585657.0,3585657.0,4382470.0,4780876.0,,,,,,,,,,,,,,,,,,,,,,,,,,,,,,,,,,,,,,,,,,,,,,203465545.19592163,202668732.19592163,200278294.19592163,196692637.19592163,193106980.19592163,188724510.19592163,,,,,,,,,,,,,,,,,,,,,,,,,,,,,,,,,,,,,,,,,,,,,,,,,,,,,,,,,,
COM00018.00,Silver,Mexico,9018.86,10.0,0.0,14.03,,,,,,,,,,,,,,,,,,,,,,,,,,,,,,,,,,,,,,,,,,,,,,,,,,,,,,127.0,149.0,111.0,146.56,105.0,116.0,101.0,75.0,62.0,45.0,43.0,,,,,,,,,,,234.0,236.0,238.0,240.0,242.0,244.0,246.0,248.0,250.0,252.0,254.0,,,,,,,,,,,"Silver, Gold, Copper","Silver, Gold, Copper","Silver, Gold, Copper","Silver, Gold, Copper","Silver, Gold, Copper","Silver, Gold, Copper","Silver, Gold, Copper","Silver, Gold, Copper","Silver, Gold, Copper","Silver, Gold, Copper","Silver, Gold, Copper",,,,,,,,,,,7.9e-05,5.4e-05,9.5e-05,5.7e-05,0.000111,9.2e-05,0.000117,0.000227,0.000328,0.000734,0.00055,,,,,,,,,,,113.468,182.188,158.499,200.223,157.884,159.791,151.301,103.459,88.475,55.528,19.095,,,,,,,,,,,Me.Ag,Me.Ag,Me.Ag,Me.Ag,Me.Ag,Me.Ag,Me.Ag,Me.Ag,Me.Ag,Me.Ag,Me.Ag,,,,,,,,,,,,,,,,,,,,,,,,,,,,,,,,,,"Open pit, Leaching plant","Open pit, Leaching plant","Open pit, Leaching plant","Open pit, Leaching plant","Open pit, Leaching plant","Open pit, Leaching plant","Open pit, Leaching plant","Open pit, Leaching plant","Open pit, Leaching plant","Open pit, Leaching plant","Open pit, Leaching plant",,,,,,,,,,,Alamo Dorado,Alamo Dorado,Alamo Dorado,Alamo Dorado,Alamo Dorado,Alamo Dorado,Alamo Dorado,Alamo Dorado,Alamo Dorado,Alamo Dorado,Alamo Dorado,,,,,,,,,,,Mine,Mine,Mine,Mine,Mine,Mine,Mine,Mine,Mine,Mine,Mine,,,,,,,,,,,,,,,,,,,,,,,,,,,,,,,,,,,,,,,,,,,,,,,,,,,,,,,O.bulk,O.bulk,O.bulk,O.bulk,O.bulk,O.bulk,O.bulk,O.bulk,O.bulk,O.bulk,O.bulk,,,,,,,,,,,,,,,,,,,,,,,,,,,,,,,,,1139899.0,1478423.0,1671257.0,1675952.0,1848000.0,1698000.0,1790000.0,1763000.0,1799000.0,1833000.0,452000.0,,,,,,,,,,,1139899.0,1478423.0,1671257.0,1675952.0,1848000.0,1698000.0,1790000.0,1763000.0,1799000.0,1833000.0,452000.0,,,,,,,,,,,,,,,,,,,,,,,,,,,,,,,,,,,,,,,,,,,,,,,,,,,,,,,,,,,,,,,,,,,,,,,,,,,,,,,,,,,,,,,,,,,,,,,,,,,,,,,,,,,,,,,
COM00020.00,Coal,Russian Federation,11616.07,57.0,1.0,85.86,,,,,,,,,,,,,,,,,2205000.0,1353000.0,515000.0,2501000.0,,,,,,,,,,,,,,,,,,2205000.0,1353000.0,515000.0,2501000.0,,,,,,,,,,,,,,,,,,,,,,,,,,,,,,,,,,,,,,,,,,,,,,,,,,,,,,,,,,,,Coal,Coal,Coal,Coal,,,,,,,,,,,,,,,,,,,,,,,,,,,,,,,,,,,,,,,,,,,,,,,,,,,,,,,,,,,,,,,,,,,,,,,,,,,,,,,,,,,,,,,,,,,,,,,,,,,,,,,,,,,,,,,,,,,,,,,,,,,,,Alexievskaya,Alexievskaya,Alexievskaya,Alexievskaya,,,,,,,,,,,,,,,,,,Mine,Mine,Mine,Mine,,,,,,,,,,,,,,,,,,,,,,,,,,,,,,,,,,,,,,,,,,,,,,,,,,,,,,,,,,,,,,F.stc,F.stc,F.stc,F.stc,,,,,,,,,,,,,,,,,,,,,,,,,,,,,,,,,,,,,,,,,,,,,,,,,,,,,,,,,,,,,,,,,,,,,,,,,,,,,,,,,,,,,,,,,,,,,,,,,,,,,,,,,,,,,,,,,,,,,,,,,,,,,,,,,,,,,,,,,,,,,,,,,,,,,,,,,,,,,,,,,,,,,,,,,,,,,,,,,
COM00021.00,Zinc,Portugal,26705.79,14.0,1.0,3397.63,,,,,,,,,,,,,,,,,,,,,,,,,,,,,,,,,,,,,,,,,,,,,,,,,,,,,,45000.0,,,,,,,,,,,,,,,,,,,,,256.0,,,,,,,,,,,,,,,,,,,,,"Zinc, Lead",,,,,,,,,,,,,,,,,,,,,0.37,,,,,,,,,,,,,,,,,,,,,190.0,,,,,,,,,,,,,,,,,,,,,Me.Zn,,,,,,,,,,,,,,,,,,,,,,,,,,,,,,,,,,,,,,,,,,,,,,,,,,,,,,,,,,,,,,,,,Aljustrel,,,,,,,,,,,,,,,,,,,,,Mine,,,,,,,,,,,,,,,,,,,,,,,,,,,,,,,,,,,,,,,,,,,,,,,,,,,,,,,,,,,,,,,,,O.bulk,,,,,,,,,,,,,,,,,,,,,,,,,,,,,,,,,,,,,,,,,,,161387.0,,,,,,,,,,,,,,,,,,,,,11399.0,,,,,,,,,,,,,,,,,,,,,,,,,,,,,,,,,,,,,,,,,,,,,,,,,,,,,,,,,,,,,,,,,,,,,,,,,,,,,,,,,,,,,,,,,,,,,,,,,,,,,,,,,,,,,,,,,,,,,,,,,
COM00035.00,Nickel,Madagascar,5808.0,10.0,1.0,15919.03,,,,,,,,,,,,,,,,,,,,,,,,,,,,,,,,,,,,,,,,,,,,,,,,,,,,,,,,,,,,,,,,,,,,,,,,,,,,,,,,,,,,,,,,,,,,,,,,,,,,,"Nickel, Cobalt","Nickel, Cobalt","Nickel, Cobalt","Nickel, Cobalt","Nickel, Cobalt","Nickel, Cobalt","Nickel, Cobalt","Nickel, Cobalt",,,,,,,,,,,,,,,,,,,,,,,,,,,,,,,,,,,492.5,2082.5,2915.0,3464.0,3273.0,3053.0,2852.0,2900.0,,,,,,,,,,,,,,Me.Co,Me.Co,Me.Co,Me.Co,Me.Co,Me.Co,Me.Co,Me.Co,,,,,,,,,,,,,,,,,,,,,,,Me.Co,,,,,,,,,,,,,,,,,,,,,,,,,,,,,,,,,,,Ambatovy,Ambatovy,Ambatovy,Ambatovy,Ambatovy,Ambatovy,Ambatovy,Ambatovy,,,,,,,,,,,,,,"Mine, Refinery","Mine, Refinery","Mine, Refinery","Mine, Refinery","Mine, Refinery","Mine, Refinery","Mine, Refinery","Mine, Refinery",,,,,,,,,,,,,,,,,,,,,,,,,,,,,,,,,,,,,,,,,,,,23.0,,,,,,,,,,,,,,O.bulk,O.bulk,O.bulk,O.bulk,O.bulk,O.bulk,O.bulk,M.lat,,,,,,,,,,,,,,,,,,,,,,,,,,,,,,,,,,,,,,,,,,,,,,,,,,,,,,,,,,,,,,,,,,,,,,,,,,,,,,,99600.0,,,,,,,,,,,,,,,800.0,,,,,,,,,,,,,,,,,,,,,124500000.0,,,,,,,,,,,,,,,,,,,,,,,,,,,,,,,,,,,,,,,,,,,,,,,,,,,,,,,,,,
COM00041.00,Copper,Chile,14122.0,51.0,1.0,2279.37,,,,,,,,,,,,,,,,,,,,,,,,,,,,,,,,,,,,,,,,,,,,,,,,,,,,,,,,,,,,,,,,,,,,,,,,,,,,,,,,,,,,,,,,,"Copper, Molybdenum, Silver","Copper, Molybdenum, Silver","Copper, Molybdenum, Silver","Copper, Molybdenum, Silver","Copper, Molybdenum, Silver","Copper, Molybdenum, Silver","Copper, Molybdenum, Silver","Copper, Molybdenum, Silver","Copper, Molybdenum, Silver","Copper, Molybdenum, Silver","Copper, Molybdenum, Silver","Copper, Molybdenum, Silver","Copper, Molybdenum, Silver","Copper, Molybdenum, Silver","Copper, Molybdenum, Silver","Copper, Molybdenum, Silver","Copper, Molybdenum, Silver","Copper, Molybdenum, Silver","Copper, Molybdenum, Silver",,,,,,,,,,,,,,,,,,,,,,,,257970.0,253341.0,218706.0,235834.0,239862.0,248137.0,236356.0,218322.0,219554.0,209727.0,188494.0,59.02,62.465,59.179,58.111,224264.0,193341.0,55.008,48.883,,,Me.Cu,Me.Cu,Me.Cu,Me.Cu,Me.Cu,Me.Cu,Me.Cu,Me.Cu,Me.Cu,Me.Cu,Me.Cu,Me.Ag,Me.Ag,Me.Ag,Me.Ag,Me.Cu,Me.Cu,Me.Ag,Me.Ag,,,,,,,,,,,,,,,,,,,,,,,Me.Cu,,,"Open pit, Underground","Open pit, Underground","Open pit, Underground","Open pit, Underground","Open pit, Underground","Open pit, Underground","Open pit, Underground","Open pit, Underground","Open pit, Underground","Open pit, Underground","Open pit, Underground","Open pit, Underground","Open pit, Underground","Open pit, Underground","Open pit, Underground","Open pit, Underground","Open pit, Underground","Open pit, Underground","Open pit, Underground",,,Andina,Andina,Andina,Andina,Andina,Andina,Andina,Andina,Andina,Andina,Andina,Andina,Andina,Andina,Andina,Andina,Andina,Andina,Andina,,,Mine,Mine,Mine,Mine,Mine,Mine,Mine,Mine,Mine,Mine,Mine,Mine,Mine,Mine,Mine,Mine,Mine,Mine,Mine,,,,,,,,,,,,,,,,,,,,,,,,,,,,,,,,,,,,,,,,,,,,25.0,,,O.Cu,O.Cu,O.Cu,O.Cu,O.Cu,O.Cu,O.Cu,O.Cu,O.Cu,O.Cu,O.Cu,O.Cu,O.Cu,O.Cu,O.Cu,O.Cu,O.Cu,O.Cu,O.Cu,,,,,,,,,,,,,,,,,,,,,,,,,,,,,,,,,,,,,,,,,,,,,,,,,,,,,,,,,,,,,,,,,,,,,,,,,,,,,,,8000000.0,,,,,,,,,,,,,,,6899.999999999999,,,,,,,,,,,,,,,,,,,,,1163000000.0,,,,,,,,,,,,,,,,,,,,,,,,,,,,,,,,,,,,,,,,,,,,,,,,,,,,,,,,,,,
COM00043.00,Iron,Brazil,11963.92,77.0,1.0,74.12,,,,,,,,,,,,,,,,,,,,,,,,,,,,,,,,,,,,,,,,,,,,,,,,,,,,,,,,,,,,,,,,,,,,,,,,,,,,,,,,,,,,,,,,,,,,,,Iron,Iron,Iron,Iron,Iron,Iron,Iron,Iron,Iron,Iron,Iron,Iron,Iron,Iron,Iron,,,,,,,,,,,,,,,,,,,,,,,,,,,,,,,,,,,,,,,,,,,,,,,,,,,,,,,,,,,,,,,,,,,,,,,,,,,,,,,,,,,,,,,,,,,,,Open pit,Open pit,Open pit,Open pit,Open pit,Open pit,Open pit,Open pit,Open pit,Open pit,Open pit,Open pit,Open pit,Open pit,Open pit,,,,,,,Andrade,Andrade,Andrade,Andrade,Andrade,Andrade,Andrade,Andrade,Andrade,Andrade,Andrade,Andrade,Andrade,Andrade,Andrade,,,,,,,Mine,Mine,Mine,Mine,Mine,Mine,Mine,Mine,Mine,Mine,Mine,Mine,Mine,Mine,Mine,,,,,,,,,,,,,,,,,,,,,,,,,,,,,,,,,,,,,,,,,,,,,,,,,,,O.Fe,O.Fe,O.Fe,O.Fe,O.Fe,O.Fe,Oth.sif,Oth.sif,Oth.sif,Oth.sif,Oth.sif,Oth.sif,Oth.sif,Oth.sif,Oth.sif,,,,,,,,,,,,,,1700000.0,2340000.0,2500000.0,2600000.0,1500000.0,1500000.0,1600000.0,1500000.0,1500000.0,,,,,,,900000.0,1400000.0,1300000.0,1400000.0,800000.0,3200000.0,,,,,,,,,,,,,,,,900000.0,1400000.0,1300000.0,1400000.0,800000.0,3200000.0,,,,,,,,,,,,,,,,,,,,,,,,,,,,,,,,,,,,,,,,,,,,,,,,,,,,,,,,,,,,,,,,,,,,,,,,,,,,,,,,,,,,,,,,,,,,,,,,,,,,,,,,,,,,,,,,,,,,,,
COM00050.00,Gold,Peru,10531.43,20.0,1.0,353.86,,,,,,,,,,,,,,,,,,,,,,,,,,,,,,,,,,,,,,,,,,,,,,,,49.765563,41.367624,29.237268,23.016573,25.193816,20.21726,22.705538,17.728982,14.307599,10.575182,9.175526,7.51,inf,,,,,,,,,393.0,395.0,397.0,399.0,401.0,403.0,405.0,407.0,409.0,411.0,413.0,415.0,417.0,,,,,,,,,"Gold, Silver","Gold, Silver","Gold, Silver","Gold, Silver","Gold, Silver","Gold, Silver","Gold, Silver","Gold, Silver","Gold, Silver","Gold, Silver","Gold, Silver","Gold, Silver","Gold, Silver",,,,,,,,,0.575,0.6089,0.625,0.645,0.704,0.712,0.692,0.666,0.763,0.74,0.728,0.702,,,,,,,,,,1.72,3.052,2.845,2.68,3.179,2.589,2.81,2.499,1.558,1.147,1.043,0.412,0.117,,,,,,,,,Me.Ag,Me.Ag,Me.Ag,Me.Ag,Me.Ag,Me.Ag,Me.Ag,Me.Ag,Me.Ag,Me.Ag,Me.Ag,Me.Ag,Me.Ag,,,,,,,,,,,Me.Au,Me.Au,Me.Au,Me.Au,Me.Au,Me.Au,Me.Au,Me.Au,Me.Au,Me.Au,Me.Au,Me.Au,Me.Au,,,,,,,,,Underground,Underground,Underground,Underground,Underground,Underground,Underground,Underground,Underground,Underground,Underground,Underground,Underground,,,,,,,,,Antapite,Antapite,Antapite,Antapite,Antapite,Antapite,Antapite,Antapite,Antapite,Antapite,Antapite,Antapite,Antapite,,,,,,,,,Mine,Mine,Mine,Mine,Mine,Mine,Mine,Mine,Mine,Mine,Mine,Mine,Mine,,,,,,,,,,,,,,,,,,,,,,,,,,,,,,,,30.0,30.0,30.0,30.0,30.0,30.0,30.0,30.0,30.0,30.0,30.0,30.0,30.0,,,,,,,,,O.bulk,O.bulk,O.bulk,O.bulk,O.bulk,O.bulk,O.bulk,O.bulk,O.bulk,O.bulk,O.bulk,O.bulk,O.bulk,,,,,,,,,,,,,,,,,,,,,,,,,,,,,,,60178.0,121161.0,155494.0,179785.0,179873.0,179820.0,178969.0,207014.0,142760.0,145915.0,155842.0,78120.0,0.0,,,,,,,,,60178.0,121161.0,155494.0,179785.0,179873.0,179820.0,178969.0,207014.0,142760.0,145915.0,155842.0,78120.0,0.0,,,,,,,,,,,,,,,,,,,,,,,,,,,,,,,,,,,,,,,1822478.0,1762300.0,1641139.0,1485645.0,1305860.0,1125987.0,946167.0,767198.0,560184.0,417424.0,271509.0,115667.0,37547.0,,,,,,,,,,,,,,,,,,,,,,,,,,,,,,,,,,,,,,,,,,,,,,,,,,,,,,,,,,,,,,,,
COM00051.00,Copper,Brazil,11963.92,5.0,1.0,6341.8,,,,,,,,,,,,,,,,,,,,,,,,,,,,,,,,,,,,,,,,,,,,,,,,,,,,,,,,,,,,,,,,,6.8,7.5,,,,,,,,,,,,,,,,,,,,418.0,421.0,,,,,,,,,,,,,,,,,,,"Copper, Gold","Copper, Gold","Copper, Gold",,,,,,,,,,,,,,,,,,,,0.02412,0.019429,,,,,,,,,,,,,,,,,,,,0.136,0.175,,,,,,,,,,,,,,,,,,,,Me.Au,Me.Au,,,,,,,,,,,,,,,,,,,,,,Me.Au,Me.Au,,,,,,,,,,,,,,,,,,,"Open pit, Underground","Open pit, Underground","Open pit, Underground",,,,,,,,,,,,,,,,,,,Antas,Antas,Antas,,,,,,,,,,,,,,,,,,,Mine,Mine,Mine,,,,,,,,,,,,,,,,,39.0,40.0,,,,,,,,,,,,,,,,,,,,,,,,,31.0,31.0,,,,,,,,,,,,,,,,,,,,Con.Cu,Con.Cu,,,,,,,,,,,,,,,,,,,,,22238.0,25448.0,,,,,,,,,,,,,,,,,,,,539102.0,468732.0,,,,,,,,,,,,,,,,,,,,384630.0,773602.0,,,,,,,,,,,,,,,0.2438058978,,,,,,,,,,,,,,,0.4,,,,,,,,,,,,,,,,,,,,1139102.0,600000.0,,,,,,,,,,,,,,,,,,,,,,,,,,,,,,,,,,,,Waste rock,Waste rock,,,,,,,,,,,,,,,,,,2480723.0,4849538.0,,
COM00054.00,Copper,Chile,14122.0,5.0,1.0,5176.96,,,,,,,,,,,,,,,,,,,,,,,,,,,,,,,,,,,,,,,,,,,,,,,,,,,,,,,,,,,,,,,3900.0,3700.0,3700.0,3900.0,,,,,,,,,,,,,,,,,,425.0,427.0,429.0,431.0,,,,,,,,,,,,,,,,,,"Copper, Copper cathodes","Copper, Copper cathodes","Copper, Copper cathodes","Copper, Copper cathodes",,,,,,,,,,,,,,,,,,0.706,0.737,0.716,0.746,,,,,,,,,,,,,,,,,,66200.0,80500.0,71900.0,71900.0,,,,,,,,,,,,,,,,,,Me.Cu,Me.Cu,Me.Cu,Me.Cu,,,,,,,,,,,,,,,,,,,,Me.Cu,Me.Cu,Me.Cu,Me.Cu,,,,,,,,,,,,,,,,,,,,,,,,,,,,,,,,,,,,,,,Antucoya,Antucoya,Antucoya,Antucoya,,,,,,,,,,,,,,,,,,Mine,Mine,Mine,Mine,,,,,,,,,,,,,,,,,,,,,,,,,,,,,,,,,,,,,,,,,34.0,34.0,34.0,34.0,,,,,,,,,,,,,,,,,,O.Cu,O.Cu,O.Cu,O.Cu,,,,,,,,,,,,,,,,,,,,,,,,,,,,,,,,,,,,,,,,24674000.0,29090500.0,27265500.0,24272500.0,,,,,,,,,,,,,,,,,,24674000.0,29090500.0,27265500.0,24272500.0,,,,,,,,,,,,,,,,,,,,,,,,,,,,,,,,,,,,,,,,,,,,,,,,768030000.0,743356000.0,714265500.0,687000000.0,,,,,,,,,,,,,,,,,,,,,,,,,,,,,,,,,,,,,,,,,,,,,,,,,,,,,,,,,,
COM00055.00,Coal,China,19604.88,17.0,1.0,107.05,,,,,,,,,,,,,,,,2300000.0,2300000.0,2200000.0,1800000.0,1600000.0,3233000.0,12118000.0,14851000.0,13784000.0,15821000.0,,,,,,,,,,,,2300000.0,2300000.0,2200000.0,1800000.0,1600000.0,4830000.0,12137000.0,14874000.0,13784000.0,15821000.0,,,,,,,,,,,,,,,,,,,,,,,,,,,,,,,,,,,,,,,,,,,,,,,,,,,,,,Thermal coal,Thermal coal,Thermal coal,Thermal coal,Thermal coal,Thermal coal,Thermal coal,Thermal coal,Thermal coal,Thermal coal,,,,,,,,,,,,,,,,,,,,,,,,,,,,,,,,,,,,,,,,,,,,,,,,,,,,,,,,,,,,,,,,,,,,,,,,,,,,,,,,,,,,,,,,,,,,,,,,,,Underground,Underground,Underground,Underground,Underground,Underground,Underground,Underground,Underground,Underground,,,,,,,,,,,,Anyuan,Anyuan,Anyuan,Anyuan,Anyuan,Anyuan,Anyuan,Anyuan,Anyuan,Anyuan,,,,,,,,,,,,Mine,Mine,Mine,Mine,Mine,Mine,Mine,Mine,Mine,Mine,,,,,,,,,,,,,,,,,,,,,,,,,,,,,,,,,,,,,,,,,,,,35.0,,,,,,,,,,,,F.stc,F.stc,F.stc,F.stc,F.stc,F.coc,F.coc,F.coc,F.coc,F.coal,,,,,,,,,,,,,,,,,,,,,,,,,,,,,,,,,,,,,,,,,,,,,,,,,,,,,,,,,,,,,,,,,,,,,,,,,,,,,,,,,,,,,,,,,,,,,,,,,,,,,,,,,,,,,,,,,,,198000000.0,,,,,,,,,,,,,,,,,,,,,,,,,,,,,,,,,,,,,,,,,,,,,,,,,,,,,,,,,
COM00067.00,Other mine,Australia,56861.95,38.0,1.0,,,,,,,,,,,,,,,,,,,,,,,,,,,,,,,,,,,,,,,,,,,,,,,,,,,,,,,,,,,,,,,,,,,,,,,,,,,,,,,,,,,,,,,,,,,Diamonds,Diamonds,Diamonds,Diamonds,Diamonds,Diamonds,Diamonds,Diamonds,Diamonds,Diamonds,Diamonds,Diamonds,Diamonds,Diamonds,Diamonds,Diamonds,Diamonds,Diamonds,,,,,,,,,,,,,,,,,,,,,,,,,5.219,6.704,6.182,4.124,6.095,5.816,3.749,3.015,2.118,1.961,1.488,1.694,2.272,1.838,2.694,2.792,3.427,2.814,,,,Nm.dia,Nm.dia,Nm.dia,Nm.dia,Nm.dia,Nm.dia,Nm.dia,Nm.dia,Nm.dia,Nm.dia,Nm.dia,Nm.dia,Nm.dia,Nm.dia,Nm.dia,Nm.dia,Nm.dia,Nm.dia,,,,,,,,,,,,,,,,,,,,,,Nm.dia,,,,,,,,,,,,,,,,,,,,,,,,,,Argyle,Argyle,Argyle,Argyle,Argyle,Argyle,Argyle,Argyle,Argyle,Argyle,Argyle,Argyle,Argyle,Argyle,Argyle,Argyle,Argyle,Argyle,,,,Mine,Mine,Mine,Mine,Mine,Mine,Mine,Mine,Mine,Mine,Mine,Mine,Mine,Mine,Mine,Mine,Mine,Mine,,,,,,,,,,,,,,,,,,,,,,,,,,,,,,,,,,,,,,,,,,,38.0,,,,,,,,,,,,,,,,,,,,,O.dig,,,,,,,,,,,,,,,,,,,,,,,,,,,,,,,,,,,,,,,,,,,,,,,,,,,,,,,,,,,,,,,,,,,,,,,,,,,,,,,,,,,,,,,,,,,,,,,,,,,,,,,,,,,,,,,,,,,16000000.0,,,,,,,,,,,,,,,,,,,,,,,,,,,,,,,,,,,,,,,,,,,,,,,,,,,,,,,,,,,,
COM00072.00,Copper,China,19604.88,17.0,1.0,3370.44,,,,,,,,,,,,,,,,,,,,,,,,,,,,,,,,,,,,,,,,,,,,,,,,,,,,,,,,,,,,,,,,,,,,,,,,,,,,,,,,,,,,,,,,,,,,,"Copper, Zinc, Silver","Copper, Zinc, Silver","Copper, Zinc, Silver","Copper, Zinc, Silver","Copper, Zinc, Silver","Copper, Zinc, Silver","Copper, Zinc, Silver","Copper, Zinc, Silver","Copper, Zinc, Silver","Copper, Zinc, Silver","Copper, Zinc, Silver","Copper, Zinc, Silver","Copper, Zinc, Silver","Copper, Zinc, Silver","Copper, Zinc, Silver",,,,,,,,,,,,,,,,,,,,,,,,,,,,823.0,15115.0,16.237,28494.0,13.503,14.194,23.566,26.664,24.218,31514.0,33018.0,35184.0,40149.0,30.08,29.545,,,,,,,Me.Cu,Me.Cu,Me.Ag,Me.Cu,Me.Ag,Me.Ag,Me.Ag,Me.Ag,Me.Ag,Me.Cu,Me.Cu,Me.Cu,Me.Cu,Me.Ag,Me.Ag,,,,,,,,,,,,,,,,,,,,,,,Me.Cu,,,,,,,Underground,Underground,Underground,Underground,Underground,Underground,Underground,Underground,Underground,Underground,Underground,Underground,Underground,Underground,Underground,,,,,,,Ashele,Ashele,Ashele,Ashele,Ashele,Ashele,Ashele,Ashele,Ashele,Ashele,Ashele,Ashele,Ashele,Ashele,Ashele,,,,,,,Mine,Mine,Mine,Mine,Mine,Mine,Mine,Mine,Mine,Mine,Mine,Mine,Mine,Mine,Mine,,,,,,,,,,,,,,,,,,,,,,,,,,,,,,,,,,,,,,,,,,,,39.0,,,,,,,O.bulk,O.bulk,O.bulk,O.bulk,O.bulk,O.bulk,O.bulk,O.bulk,O.bulk,O.bulk,O.bulk,O.bulk,O.bulk,O.bulk,O.Cu,,,,,,,,,,,,,,,,,,,,,,,,,,,,,,,,,,,,,,,,,,,,,,,,,,,,,,,,,,,,,,,,,,,,,,,,,,,,,,,161181.0,,,,,,,,,,,,,,,31700.0,,,,,,,,,,,,,,,,,,,,,,,,,,,,,,,,,,,,,,,,,,,,,,,,,,,,,,,,,,,,,,,,,,,,,,,,,,,,,,,,
COM00074.00,Iron,Kazakhstan,12877.81,45.0,1.0,151.08,,,,,,,,,,,,,,,,,,,,,,,,,,,,,,,,,,,,,,,,,,,,,,,,,,,,,,,,,,575000.0,575000.0,575000.0,575000.0,575000.0,575000.0,550000.0,550000.0,550000.0,,,,,,,,,,,,,469.0,470.0,471.0,472.0,473.0,474.0,475.0,476.0,477.0,,,,,,,,,,,,,Iron,Iron,Iron,Iron,Iron,Iron,Iron,Iron,Iron,,,,,,,,,,,,,0.0,0.0,0.0,0.0,0.0,0.0,0.0,0.0,0.0,,,,,,,,,,,,,690000.0,368000.0,345000.0,517500.0,460000.0,460000.0,550000.0,440000.0,495000.0,,,,,,,,,,,,,Me.Fe,Me.Fe,Me.Fe,Me.Fe,Me.Fe,Me.Fe,Me.Fe,Me.Fe,Me.Fe,,,,,,,,,,,,,,,,,,,,,,,,,,,,,,,,,,,,Underground,Underground,Underground,Underground,Underground,Underground,Underground,Underground,Underground,,,,,,,,,,,,,Atasu,Atasu,Atasu,Atasu,Atasu,Atasu,Atasu,Atasu,Atasu,,,,,,,,,,,,,Mine,Mine,Mine,Mine,Mine,Mine,Mine,Mine,Mine,,,,,,,,,,,,,,,,,,,,,,,,,,,,,,,,,,,,,,,,,,,,,,,,,,,,,,,,,Con.Fe,Con.Fe,Con.Fe,Con.Fe,Con.Fe,Con.Fe,Con.Fe,Con.Fe,Con.Fe,,,,,,,,,,,,,,1200000.0,640000.0,600000.0,900000.0,800000.0,800000.0,1000000.0,800000.0,900000.0,,,,,,,,,,,,,,,,,,,,,,,,,,,,,,,,,,,,,,,,,,,,,,,,,,,,,,,,,,,,,,,,,,,,,,,,,,,,,,,,,,,,,,,,,,,,,,,,,,,,,,,,,,,,,,,,,,,,,,,,,,,,,,,,,,,,,,,,,,,,,,,,,,,,,,,
COM00082.00,Other (poly)-metallic,Brazil,11963.92,36.0,1.0,,,,,,,,,,,,,,,,,,,,,,,,,,,,,,,,,,,,,,,,,,,,,,,,,,,,,,,,,,,,,,,,,,,,,,,,,,,,,,,,,,,,,,,,,,Manganese,Manganese,Manganese,Manganese,Manganese,Manganese,Manganese,Manganese,Manganese,Manganese,Manganese,Manganese,Manganese,Manganese,Manganese,Manganese,Manganese,Manganese,Manganese,Manganese,,,,,,,,,,,,,,,,,,,,,,,,,,,,,,,,,,,,,,,,,,,,,,,,,,,,,,,,,,,,,,,,,,,Me.Mn,Me.Mn,Me.Mn,Me.Mn,Me.Mn,Me.Mn,Me.Mn,Me.Mn,Me.Mn,Me.Mn,Me.Mn,Me.Mn,Me.Mn,Me.Mn,Me.Mn,Me.Mn,Me.Mn,Me.Mn,Me.Mn,Me.Mn,,Open Pit,Open Pit,Open Pit,Open Pit,Open Pit,Open Pit,Open Pit,Open Pit,Open Pit,Open Pit,Open Pit,Open Pit,Open Pit,Open Pit,Open Pit,Open Pit,Open Pit,Open Pit,Open Pit,Open Pit,,Azul,Azul,Azul,Azul,Azul,Azul,Azul,Azul,Azul,Azul,Azul,Azul,Azul,Azul,Azul,Azul,Azul,Azul,Azul,Azul,,Mine,Mine,Mine,Mine,Mine,Mine,Mine,Mine,Mine,Mine,Mine,Mine,Mine,Mine,Mine,Mine,Mine,Mine,Mine,Mine,,,,,,,,,,,,,,,,,,,,,,,,,40.0,40.0,40.0,40.0,40.0,40.0,40.0,40.0,40.0,40.0,40.0,40.0,40.0,40.0,40.0,40.0,40.0,40.0,40.0,40.0,,O.Mn,O.Mn,O.Mn,O.Mn,O.Mn,O.Mn,O.Mn,O.Mn,O.Mn,O.Mn,O.Mn,O.Mn,O.Mn,O.Mn,O.Mn,O.Mn,O.Mn,O.Mn,O.Mn,O.Mn,,,,,,,,,,,,,,,,,,,,,,,,1400000.0,1400000.0,1751000.0,1548000.0,2008000.0,2236000.0,1692000.0,945000.0,2003000.0,1382000.0,1550000.0,2065000.0,1863000.0,1850000.0,1695000.0,1706000.0,1697000.0,1419000.0,1028000.0,1003000.0,,1400000.0,1400000.0,1751000.0,1548000.0,2008000.0,2236000.0,1692000.0,945000.0,2003000.0,1382000.0,1550000.0,2065000.0,1863000.0,1850000.0,1695000.0,1706000.0,1697000.0,1419000.0,1028000.0,1003000.0,,,,,,,,,,,,,,,,,,,,,,,,,,,,,,,,44338000.0,42938000.0,41538000.0,39787000.0,38239000.0,36231000.0,33995000.0,32303000.0,31358000.0,29355000.0,27973000.0,26423000.0,24358000.0,22495000.0,20645000.0,18950000.0,17244000.0,15547000.0,14128000.0,13100000.0,,,,,,,,,,,,,,,,,,,,,,,,,,,,,,,,,,,,,,,,,,,,,,,,,,,,,,,,,,
COM00084.00,Copper,United States of America,55819.0,76.0,1.0,2279.37,,,,,,,,,,,,,,,,,,,,,,,,,,,,,,,,,,,,,,,,,,,,,,,4300.0,2800.0,2900.0,4300.0,,,,,,,,,,,,,,,,,,595.0,597.0,600.0,603.0,,,,,,,,,,,,,,,,,,"Copper, Molybdenum","Copper, Molybdenum","Copper, Molybdenum","Copper, Molybdenum","Copper, Molybdenum","Copper, Molybdenum","Copper, Molybdenum","Copper, Molybdenum","Copper, Molybdenum","Copper, Molybdenum","Copper, Molybdenum","Copper, Molybdenum","Copper, Molybdenum","Copper, Molybdenum","Copper, Molybdenum","Copper, Molybdenum","Copper, Molybdenum","Copper, Molybdenum","Copper, Molybdenum","Copper, Molybdenum",,0.0,0.0,0.0,0.0,,,,,,,,,,,,,,,,,,11800.0,10500.0,15600.0,24500.0,99790.321,91172.066,74842.741,91625.659,102965.468,102058.283,92079.251,87996.92,89357.697,97975.952,107501.392,95254.398,80285.849,78471.48,90264.882,98883.137,,Me.Cu,Me.Cu,Me.Cu,Me.Cu,Me.Cu,Me.Cu,Me.Cu,Me.Cu,Me.Cu,Me.Cu,Me.Cu,Me.Cu,Me.Cu,Me.Cu,Me.Cu,Me.Cu,Me.Cu,Me.Cu,Me.Cu,Me.Cu,,,,,,,,,,,,,,,,,,,,,,,Me.Ag,,"Open pit, SX-EW","Open pit, SX-EW","Open pit, SX-EW","Open pit, SX-EW","Open pit, SX-EW","Open pit, SX-EW","Open pit, SX-EW","Open pit, SX-EW","Open pit, SX-EW","Open pit, SX-EW","Open pit, SX-EW","Open pit, SX-EW","Open pit, SX-EW","Open pit, SX-EW","Open pit, SX-EW","Open pit, SX-EW","Open pit, SX-EW","Open pit, SX-EW","Open pit, SX-EW","Open pit, SX-EW",,Bagdad,Bagdad,Bagdad,Bagdad,Bagdad,Bagdad,Bagdad,Bagdad,Bagdad,Bagdad,Bagdad,Bagdad,Bagdad,Bagdad,Bagdad,Bagdad,Bagdad,Bagdad,Bagdad,Bagdad,,Mine,Mine,Mine,Mine,Mine,Mine,Mine,Mine,Mine,Mine,Mine,Mine,Mine,Mine,Mine,Mine,Mine,Mine,Mine,Mine,,,,,,,,,,,,,,,,,,,,,,,,,,,,,,,,,,,,,,,,,,,,41.0,,O.Cu,O.Cu,O.Cu,O.Cu,,,,,,,,,,,,,,,,O.bulk,,,,,,,,,,,,,,,,,,,,,,,,69101000.0,63680000.0,42912000.0,48935000.0,,,,,,,,,,,,,,,,,,29846000.0,32363000.0,20111000.0,26103000.0,,,,,,,,,,,,,,,,,,,,,,,,,,,,,,,,,,,,,,,,,,,,,,,,,,,,,,,,,,,,,,,,,,,2510000000.0,,,,,,,,,,,,,,,,,,,,,,,,,,,,,,,,,,,,,,,,,,,,,,,,,,,,,,,,,,
COM00086.00,Gold,Indonesia,12285.78,17.0,1.0,1514.58,,,,,,,,,,,,,,,,,,,,,,,,,,,,,,,,,,,,,,,,,,,,,,,,,,,,,,,,,,,,,,,,,,,,,,,,,,,,,,,,,,,,,,,,,,,,,,,,,,,,,Gold,Gold,Gold,Gold,Gold,Gold,Gold,Gold,,,,,,,,,,,,,,,,,,,,,,,,,,,,,,,,,,,1.277,0.858,2.49,3.695,2.549,1.619,2.449,2.37,,,,,,,,,,,,,,Me.Au,Me.Au,Me.Au,Me.Au,Me.Au,Me.Au,Me.Au,Me.Au,,,,,,,,,,,,,,,,,,,,,,,Me.Au,,,,,,,,,,,,,,Heap leaching plant,Heap leaching plant,Heap leaching plant,Heap leaching plant,Heap leaching plant,Heap leaching plant,Heap leaching plant,Heap leaching plant,,,,,,,,,,,,,,Bakan,Bakan,Bakan,Bakan,Bakan,Bakan,Bakan,Bakan,,,,,,,,,,,,,,Mine,Mine,Mine,Mine,Mine,Mine,Mine,Mine,,,,,,,,,,,,,,,,,,,,,,,,,,,,,,,,,,,,,,,,,,,,44.0,,,,,,,,,,,,,,O.Au,O.Au,O.Au,O.Au,O.Au,O.Au,O.Au,O.Au,,,,,,,,,,,,,,,,,,,,,,,,,,,,,,,,,,,,,,,,,,,,,,,,,,,,,,,,,,,,,,,,,,,,,,,,,,,,,,,19.759617531000004,,,,,,,,,,,,,,,0.6688379204892967,,,,,,,,,,,,,,,,,,,,,32700000.0,,,,,,,,,,,,,,,,,,,,,,,,,,,,,,,,,,,,,,,,,,,,,,,,,,,,,,,,,,
COM00109.00,Coal,United States of America,55819.0,11.0,1.0,95.29,,,,,,,,,,,,,,,2540160.0,5896800.0,7166880.0,7439040.0,7620480.0,7166880.0,6622560.0,6622560.0,6259680.0,6168960.0,,,,,,,,,,,,2540160.0,5896800.0,7166880.0,7439040.0,7620480.0,7166880.0,6622560.0,6622560.0,6259680.0,6168960.0,,,,,,,,,,,,,,,,,,,,,,,,,,,,,,,,,,,,,,,,,,,,,,,,,,,,,,Thermal coal,Thermal coal,Thermal coal,Thermal coal,Thermal coal,Thermal coal,Thermal coal,Thermal coal,Thermal coal,Thermal coal,,,,,,,,,,,,,,,,,,,,,,,,,,,,,,,,,,,,,,,,,,,,,,,,,,,,,,,,,,,,,,,,,,,,,,,,,,,,,,,,,,,,,,,,,,,,,,,,,,Surface,Surface,Surface,Surface,Surface,Surface,Surface,Surface,Surface,Surface,,,,,,,,,,,,Bear Run,Bear Run,Bear Run,Bear Run,Bear Run,Bear Run,Bear Run,Bear Run,Bear Run,Bear Run,,,,,,,,,,,,Mine,Mine,Mine,Mine,Mine,Mine,Mine,Mine,Mine,Mine,,,,,,,,,,,,,,,,,,,,,,,,,,,,,,,,,,,56.0,56.0,56.0,56.0,56.0,56.0,56.0,56.0,56.0,56.0,,,,,,,,,,,,F.stc,F.stc,F.stc,F.stc,F.stc,F.stc,F.stc,F.stc,F.stc,F.stc,,,,,,,,,,,,,,,,,,,,,,,,,,,,,,,,,,,,,,,,,,,,,,,,,,,,,,,,,,,,,,,,,,,,,,,,,,,,,,,,,,,,,,,,,,,,,,,,,,,,,,,,,,269619840.0,267079680.0,261182880.0,254016000.0,246576960.0,238956480.0,231789600.0,225167040.0,218544480.0,212284800.0,,,,,,,,,,,,,,,,,,,,,,,,,,,,,,,,,,,,,,,,,,,,,,,,,,,,,,,,,,
COM00110.00,Gold,South Africa,16266.82,38.0,1.0,1514.58,,,,,,,,,,,,,,,,,,,,,,,,,,,,,,,,,,,,,,,,,,,,,,,,,,,,,,,,,,,2.666568,2.376436,2.277607,2.339662,2.317332,2.592694,2.897512,,,,,,,,,,,,,,,691.0,693.0,695.0,697.0,699.0,701.0,703.0,,,,,,,,,,,,,,,Gold,Gold,Gold,Gold,Gold,Gold,Gold,,,,,,,,,,,,,,,,,,,,,,,,,,,,,,,,,,,,8.981,9.722,10.354,10.105,10.041,9.113,8.553,,,,,,,,,,,,,,,Me.Au,Me.Au,Me.Au,Me.Au,Me.Au,Me.Au,Me.Au,,,,,,,,,,,,,,,,,Me.Au,Me.Au,Me.Au,Me.Au,Me.Au,Me.Au,Me.Au,,,,,,,,,,,,,,,"Underground, Open pit","Underground, Open pit","Underground, Open pit","Underground, Open pit","Underground, Open pit","Underground, Open pit","Underground, Open pit",,,,,,,,,,,,,,,Beatrix,Beatrix,Beatrix,Beatrix,Beatrix,Beatrix,Beatrix,,,,,,,,,,,,,,,Mine,Mine,Mine,Mine,Mine,Mine,Mine,,,,,,,,,,,,,,,,,,,,,,,,,,,,,,,,,,,,,,57.0,57.0,57.0,57.0,57.0,57.0,57.0,,,,,,,,,,,,,,,O.Au,O.Au,O.Au,O.Au,O.Au,O.Au,O.Au,,,,,,,,,,,,,,,,,,,,,,,,,,,,,,,,,,,,,3368000.0,4091000.0,4546000.0,4319000.0,4333000.0,3515000.0,2952000.0,,,,,,,,,,,,,,,3368000.0,4091000.0,4546000.0,4319000.0,4333000.0,3515000.0,2952000.0,,,,,,,,,,,,,,,34.8699134499,,,,,,,,,,,,,,,2.676223776223776,,,,,,,,,,,,,,,38472000.0,35104000.0,31013000.0,26467000.0,22148000.0,17815000.0,14300000.0,,,,,,,,,,,,,,,,,,,,,,,,,,,,,,,,,,,,,,,,,,,,,,,,,,,,,,,,,,,
COM00113.00,Coal,United States of America,55819.0,14.0,1.0,67.27,,,,,,,,,,,,36059.0,482487.0,680834.0,890322.0,1004898.0,997920.0,997920.0,907200.0,816480.0,907200.0,907200.0,907200.0,907200.0,,,,,,,,,36059.0,482487.0,680834.0,890322.0,1004898.0,997920.0,997920.0,907200.0,816480.0,907200.0,907200.0,907200.0,907200.0,,,,,,,,,,,,,,,,,,,,,,,,,,,,,,,,,,,,,,,,,,,,,,,,,,,Metallurgical coal,Metallurgical coal,Metallurgical coal,Metallurgical coal,Metallurgical coal,Metallurgical coal,Metallurgical coal,Metallurgical coal,Metallurgical coal,Metallurgical coal,Metallurgical coal,Metallurgical coal,Metallurgical coal,,,,,,,,,,,,,,,,,,,,,,,,,,,,,,,,,,,,,,,,,,,,,,,,,,,,,,,,,,,,,,,,,,,,,,,,,,,,,,,,,,,,,,,,,,,,,,,Underground,Underground,Underground,Underground,Underground,Underground,Underground,Underground,Underground,Underground,Underground,Underground,Underground,,,,,,,,,Beckley,Beckley,Beckley,Beckley,Beckley,Beckley,Beckley,Beckley,Beckley,Beckley,Beckley,Beckley,Beckley,,,,,,,,,Mine,Mine,Mine,Mine,Mine,Mine,Mine,Mine,Mine,Mine,Mine,Mine,Mine,,,,,,,,,,,,,,,,,,,,,,,,,,,,,,,,58.0,58.0,58.0,58.0,58.0,58.0,58.0,58.0,58.0,58.0,58.0,58.0,58.0,,,,,,,,,F.coc,F.coc,F.coc,F.coc,F.coc,F.coc,F.coc,F.coc,F.coc,F.coc,F.coc,F.coc,F.coc,,,,,,,,,,,,,,,,,,,,,,,,,,,,,,,,,,,,,,,,,,,,,,,,,,,,,,,,,,,,,,,,,,,,,,,,,,,,,,,,,,,,,,,,,,,,,,,,,,,,,,,32669320.0,32633261.0,32150774.0,31469940.0,30579618.0,29574720.0,28576800.0,27578880.0,26671680.0,25855200.0,24948000.0,24040800.0,23133600.0,,,,,,,,,,,,,,,,,,,,,,,,,,,,,,,,,,,,,,,,,,,,,,,,,,,,,,,,,,
COM00115.00,Coal,China,19604.88,45.0,1.0,75.08,,,,,,,,,,,,,,,,,,1000000.0,800000.0,700000.0,,,,,,,,,,,,,,,,,,,1000000.0,800000.0,700000.0,,,,,,,,,,,,,,,,,,,,,,,,,,,,,,,,,,,,,,,,,,,,,,,,,,,,,,,,,,,,,Thermal coal,Thermal coal,Thermal coal,,,,,,,,,,,,,,,,,,,,,,,,,,,,,,,,,,,,,,,,,,,,,,,,,,,,,,,,,,,,,,,,,,,,,,,,,,,,,,,,,,,,,,,,,,,,,,,,,,,,,,,,,Underground,Underground,Underground,,,,,,,,,,,,,,,,,,,Beisu,Beisu,Beisu,,,,,,,,,,,,,,,,,,,Mine,Mine,Mine,,,,,,,,,,,,,,,,,,,,,,,,,,,,,,,,,,,,,,,,,,,,,,,,,,,,,,,,,,,,,,,F.stc,F.stc,F.stc,,,,,,,,,,,,,,,,,,,,,,,,,,,,,,,,,,,,,,,,,,,,,,,,,,,,,,,,,,,,,,,,,,,,,,,,,,,,,,,,,,,,,,,,,,,,,,,,,,,,,,,,,,,,,,,,,,,,,,,,,,,,,,,,,,,,,,,,,,,,,,,,,,,,,,,,,,,,,,,,,,,,,,,,,,,,,,,,,
COM00118.00,Coal,United States of America,55819.0,22.0,1.0,95.29,,,,,,,,,,,,,,,997920.0,907200.0,937138.0,902664.0,365602.0,584237.0,303005.0,362880.0,325685.0,,,,,,,,,,,,,997920.0,907200.0,937138.0,902664.0,365602.0,584237.0,303005.0,362880.0,325685.0,,,,,,,,,,,,,,,,,,,,,,,,,,,,,,,,,,,,,,,,,,,,,,,,,,,,,,,Bituminous coal,Bituminous coal,Bituminous coal,Bituminous coal,Bituminous coal,Bituminous coal,Bituminous coal,Bituminous coal,Bituminous coal,,,,,,,,,,,,,,,,,,,,,,,,,,,,,,,,,,,,,,,,,,,,,,,,,,,,,,,,,,,,,,,,,,,,,,,,,,,,,,,,,,,,,,,,,,,,,,,,,,,Surface,Surface,Surface,Surface,Surface,Surface,Surface,Surface,Surface,,,,,,,,,,,,,Belmont,Belmont,Belmont,Belmont,Belmont,Belmont,Belmont,Belmont,Belmont,,,,,,,,,,,,,Mine,Mine,Mine,Mine,Mine,Mine,Mine,Mine,Mine,,,,,,,,,,,,,,,,,,,,,,,,,,,,,,,,,,,,60.0,60.0,60.0,60.0,60.0,60.0,60.0,60.0,60.0,,,,,,,,,,,,,F.obc,F.obc,F.obc,F.obc,F.obc,F.obc,F.obc,F.obc,F.obc,,,,,,,,,,,,,,,,,,,,,,,,,,,,,,,,,,,,,,,,,,,,,,,,,,,,,,,,,,,,,,,,,,,,,,,,,,,,,,,,,,,,,,,,,,,,,,,,,,,,,,,,,,,11031553.2,10033633.2,9126433.2,8189295.2,7286631.2,6921029.2,6336792.2,6033787.2,5670907.2,,,,,,,,,,,,,,,,,,,,,,,,,,,,,,,,,,,,,,,,,,,,,,,,,,,,,,,,,,,
COM00123.00,Coal,Mozambique,6596.52,9.0,1.0,85.86,,,,,,,,,,,,,,,,,289000.0,867000.0,1068333.0,,,,,,,,,,,,,,,,,,,289000.0,867000.0,1068333.0,,,,,,,,,,,,,,,,,,,,,,,,,,,,,,,,,,,,,,,,,,,,,,,,,,,,,,,,,,,,,"Thermal coal, Hard coking coal","Thermal coal, Hard coking coal","Thermal coal, Hard coking coal",,,,,,,,,,,,,,,,,,,,,,,,,,,,,,,,,,,,,,,,,,,,,,,,,,,,,,,,,,,,,,,,,,,,,,,,,,,,,,,,,,,,,,,,,,,,,,,,,,,,,,,,,,,,,,,,,,,,,,,,,,,,,,Benga,Benga,Benga,,,,,,,,,,,,,,,,,,,Mine,Mine,Mine,,,,,,,,,,,,,,,,,,,,,,,,,,,,,,,,,,,,,,,,,,,,,,,,,,,,,,,,,,,,,,,F.coc,F.coc,F.coc,,,,,,,,,,,,,,,,,,,,,,,,,,,,,,,,,,,,,,,,,,,,,,,,,,,,,,,,,,,,,,,,,,,,,,,,,,,,,,,,,,,,,,,,,,,,,,,,,,,,,,,,,,,,,,,,,,,,,,,,,,,,,,,,,,,,,,,,,,,,,,,,,,,,,,,,,,,,,,,,,,,,,,,,,,,,,,,,,,
COM00125.00,Coal,Russian Federation,11616.07,63.0,1.0,107.05,,,,,,,,,,,,,,,,1300000.0,1230000.0,700000.0,,,,,,,,,,,,,,,,,,,1300000.0,1230000.0,700000.0,,,,,,,,,,,,,,,,,,,,,,,,,,,,,,,,,,,,,,,,,,,,,,,,,,,,,,,,,,,,,Metallurgical coal,Metallurgical coal,Metallurgical coal,,,,,,,,,,,,,,,,,,,,,,,,,,,,,,,,,,,,,,,,,,,,,,,,,,,,,,,,,,,,,,,,,,,,,,,,,,,,,,,,,,,,,,,,,,,,,,,,,,,,,,,,,,,,,,,,,,,,,,,,,,,,,,Berezovskaya,Berezovskaya,Berezovskaya,,,,,,,,,,,,,,,,,,,Mine,Mine,Mine,,,,,,,,,,,,,,,,,,,,,,,,,,,,,,,,,,,,,,,,,,,,,,,,,,,,,,,,,,,,,,,F.coc,F.coc,F.coc,,,,,,,,,,,,,,,,,,,,,,,,,,,,,,,,,,,,,,,,,,,,,,,,,,,,,,,,,,,,,,,,,,,,,,,,,,,,,,,,,,,,,,,,,,,,,,,,,,,,,,,,,,,,,,,,,,,,,,,,,,,,,,,,,,,,,,,,,,,,,,,,,,,,,,,,,,,,,,,,,,,,,,,,,,,,,,,,,,,
COM00128.00,Coal,United States of America,55819.0,58.0,1.0,43.21,,,,,,2800526.0,2727043.0,2554675.0,2769682.0,2609107.0,2430389.0,2678962.0,2763331.0,2346926.0,2626344.0,2652653.0,2099261.0,2248042.0,2507501.0,1935058.0,801965.0,391910.0,,,,,2800526.0,2727043.0,2554675.0,2769682.0,2609107.0,2430389.0,2678962.0,2763331.0,2346926.0,2626344.0,2652653.0,2099261.0,2248042.0,2507501.0,1935058.0,801965.0,391910.0,,,,,,,,,,,,,,,,,,,,,,,,,,,,,,,,,,,,,,,,,,,,,,,Lignite,Lignite,Lignite,Lignite,Lignite,Lignite,Lignite,Lignite,Lignite,Lignite,Lignite,Lignite,Lignite,Lignite,Lignite,Lignite,Lignite,,,,,,,,,,,,,,,,,,,,,,,,,,,,,,,,,,,,,,,,,,,,,,,,,,,,,,,,,,,,,,,,,,,,,,,,,,,,,,,,,,,,,,,,,,,,,,,,,,,,,,,,,,,,,,,,Beulah,Beulah,Beulah,Beulah,Beulah,Beulah,Beulah,Beulah,Beulah,Beulah,Beulah,Beulah,Beulah,Beulah,Beulah,Beulah,Beulah,,,,,Mine,Mine,Mine,Mine,Mine,Mine,Mine,Mine,Mine,Mine,Mine,Mine,Mine,Mine,Mine,Mine,Mine,,,,,,,,,,,,,,,,,,,,,,,,,,,,62.0,62.0,62.0,62.0,62.0,62.0,62.0,62.0,62.0,62.0,62.0,62.0,62.0,62.0,62.0,62.0,62.0,,,,,F.lig,F.lig,F.lig,F.lig,F.lig,F.lig,F.lig,F.lig,F.lig,F.lig,F.lig,F.lig,F.lig,F.lig,F.lig,F.lig,F.lig,,,,,,,,,,,,,,,,,,,,,,,,,,,,,,,,,,,,,,,,,,,,,,,,,,,,,,,,,,,,,,,,,,,,,,,,,,,,,,,,,,,,,,,,,,,,,,,,,,,43121938.6,40321412.6,37594369.6,35039694.6,32270012.6,29660905.6,27230516.6,24551554.6,21788223.6,19441297.6,16814953.6,14162300.6,12063039.6,9814997.6,7307496.600000001,5372438.600000001,4570473.600000001,,,,,,,,,,,,,,,,,,,,,,,,,,,,,,,,,,,,,,,,,,,,,,,,,,,,,,,,,,,,
COM00139.00,Other (poly)-metallic,South Africa,16266.82,41.0,1.0,,,,,,,,,,,,,,,,,,,,,,,,,,,,,,,,,,,,,,,,,,,,,,,,,,,5000.0,5000.0,4000.0,4000.0,3000.0,4000.0,3000.0,42000.0,41500.0,42000.0,37000.0,32000.0,26000.0,26000.0,32000.0,34000.0,17500.0,,,,,813.0,815.0,817.0,819.0,821.0,823.0,825.0,829.0,833.0,837.0,841.0,845.0,849.0,853.0,857.0,861.0,865.0,,,,,"Zinc, Lead, Silver, Copper","Zinc, Lead, Silver, Copper","Zinc, Lead, Silver, Copper","Zinc, Lead, Silver, Copper","Zinc, Lead, Silver, Copper","Zinc, Lead, Silver, Copper","Zinc, Lead, Silver, Copper","Zinc, Lead, Silver, Copper","Zinc, Lead, Silver, Copper","Zinc, Lead, Silver, Copper","Zinc, Lead, Silver, Copper","Zinc, Lead, Silver, Copper","Zinc, Lead, Silver, Copper","Zinc, Lead, Silver, Copper","Zinc, Lead, Silver, Copper","Zinc, Lead, Silver, Copper","Zinc, Lead, Silver, Copper",,,,,0.0,0.0,0.0,0.0,0.0,0.0,0.0,0.882,0.9338,0.91,0.89,0.874,0.848,0.846,0.863,0.869,0.82,,,,,4700.0,5200.0,3200.0,3400.0,2200.0,2500.0,2200.0,51083.676,14716.57,54810.843,50005.522,39030.295,31695.367,34745.607,43926.01,47447.685,45384.2,,,,,Me.Cu,Me.Cu,Me.Cu,Me.Cu,Me.Cu,Me.Cu,Me.Cu,Me.Pb,Me.Pb,Me.Pb,Me.Pb,Me.Pb,Me.Pb,Me.Pb,Me.Pb,Me.Pb,Me.Pb,,,,,,,Me.Cu,Me.Cu,Me.Cu,Me.Cu,Me.Cu,Me.Cu,Me.Cu,Me.Cu,Me.Cu,Me.Cu,Me.Cu,Me.Cu,Me.Cu,Me.Cu,Me.Cu,Me.Cu,Me.Ag,,,,,"Open pit, Underground","Open pit, Underground","Open pit, Underground","Open pit, Underground","Open pit, Underground","Open pit, Underground","Open pit, Underground","Open pit, Underground","Open pit, Underground","Open pit, Underground","Open pit, Underground","Open pit, Underground","Open pit, Underground","Open pit, Underground","Open pit, Underground","Open pit, Underground","Open pit, Underground",,,,,Black Mountain,Black Mountain,Black Mountain,Black Mountain,Black Mountain,Black Mountain,Black Mountain,Black Mountain,Black Mountain,Black Mountain,Black Mountain,Black Mountain,Black Mountain,Black Mountain,Black Mountain,Black Mountain,Black Mountain,,,,,Mine,Mine,Mine,Mine,Mine,Mine,Mine,Mine,Mine,Mine,Mine,Mine,Mine,Mine,Mine,Mine,Mine,,,,,,,,,,,,,,,,,,,,,,,,,,,,70.0,70.0,70.0,70.0,70.0,70.0,70.0,70.0,70.0,70.0,70.0,70.0,70.0,70.0,70.0,70.0,73.0,,,,,O.bulk,O.bulk,O.bulk,O.bulk,O.bulk,O.bulk,O.bulk,Con.Pb,Con.Pb,Con.Pb,Con.Pb,Con.Pb,Con.Pb,Con.Pb,Con.Pb,Con.Pb,Con.Pb,,,,,,,,,,,,,71000.0,20757.0,74644.0,68986.0,53221.0,45129.0,48091.0,59518.0,65381.0,55548.0,,,,,1501000.0,1518000.0,1413000.0,1554500.0,1065200.0,1199800.0,1249700.0,1379000.0,379756.0,1434088.0,1518540.0,1395534.0,1437562.0,1579633.0,1590600.0,1605892.0,3162662.0,,,,,1449000.0,1500000.0,1350000.0,1403800.0,1099600.0,1204800.0,1293200.0,1379000.0,379756.0,1434088.0,1518540.0,1395534.0,1437562.0,1579633.0,1590600.0,1605892.0,3162662.0,,,,,,,,,,,,,,,,,,,,,,,,,,,,,,,,,,,15951500.0,14450500.0,12932500.0,11519500.0,9965000.0,8899800.0,7700000.0,6321000.0,5941244.0,4507156.0,2988616.0,1593082.0,155520.0,-1424113.0,-3014713.0,-4620605.0,7700000.0,,,,,,,,,,,,,,,,,,,,,,,,,,,,,,,,,,,,,,,,,,,,,,,,,,,,,,,,,,
COM00142.00,Coal,United States of America,55819.0,51.0,1.0,33.2,,,,,4263840.0,4536000.0,4354560.0,4898880.0,5171040.0,4808160.0,4536000.0,4626720.0,5080320.0,3447360.0,4082400.0,90720.0,181440.0,,,,,,,,,4263840.0,4536000.0,4354560.0,4898880.0,5171040.0,4808160.0,4536000.0,4626720.0,5080320.0,3447360.0,4082400.0,90720.0,181440.0,,,,,,,,,,,,,,,,,,,,,,,,,,,,,,,,,,,,,,,,,,,,,,,,,,,"Thermal coal, Metallurgical coal","Thermal coal, Metallurgical coal","Thermal coal, Metallurgical coal","Thermal coal, Metallurgical coal","Thermal coal, Metallurgical coal","Thermal coal, Metallurgical coal","Thermal coal, Metallurgical coal","Thermal coal, Metallurgical coal","Thermal coal, Metallurgical coal","Thermal coal, Metallurgical coal","Thermal coal, Metallurgical coal","Thermal coal, Metallurgical coal","Thermal coal, Metallurgical coal",,,,,,,,,,,,,,,,,,,,,,,,,,,,,,,,,,,,,,,,,,,,,,,,,,,,,,,,,,,,,,,,,,,,,,,,,,,,,,,,,,,,,,,,,,,,,,,Underground,Underground,Underground,Underground,Underground,Underground,Underground,Underground,Underground,Underground,Underground,Underground,Underground,,,,,,,,,Blacksville,Blacksville,Blacksville,Blacksville,Blacksville,Blacksville,Blacksville,Blacksville,Blacksville,Blacksville,Blacksville,Blacksville,Blacksville,,,,,,,,,Mine,Mine,Mine,Mine,Mine,Mine,Mine,Mine,Mine,Mine,Mine,Mine,Mine,,,,,,,,,,,,,,,,,,,,,,,,,,,,,,,,,,,,,,,,,,,,,,,,,,,,,F.coal,F.coal,F.coal,F.coal,F.coal,F.coal,F.coal,F.coal,F.coal,F.coal,F.coal,F.coc,F.coc,,,,,,,,,,,,,,,,,,,,,,,,,,,,,,,,,,,,,,,,,,,,,,,,,,,,,,,,,,,,,,,,,,,,,,,,,,,,,,,,,,,,,,,,,,,,,,,,,,,,,,,,,,,,,,,,,,,,,,,,,,,,,,,,,,,,,,,,,,,,,,,,,,,,,,,,,,,,,,,,,,,,,,,,,,,,,,,,,,,,
COM00143.00,Coal,Australia,56861.95,54.0,1.0,33.2,,,,,7094000.0,8656000.0,14074000.0,13682000.0,13062000.0,13130000.0,12036000.0,12276000.0,11264000.0,10764000.0,11466000.0,9178000.0,8870000.0,10864000.0,13460000.0,13988000.0,15252000.0,14592000.0,13376000.0,13206000.0,,7094000.0,8656000.0,14074000.0,13682000.0,13062000.0,13130000.0,12036000.0,12276000.0,11264000.0,10764000.0,11466000.0,9178000.0,8870000.0,10864000.0,13460000.0,13988000.0,15252000.0,14592000.0,13376000.0,13206000.0,,,,,,,,,,,,,,,,,,,,,,,,,,,,,,,,,,,,,,,,,,,,Metallurgical bituminous coal,Metallurgical bituminous coal,Metallurgical bituminous coal,Metallurgical bituminous coal,Metallurgical bituminous coal,Metallurgical bituminous coal,Metallurgical bituminous coal,Metallurgical bituminous coal,Metallurgical bituminous coal,Metallurgical bituminous coal,Metallurgical bituminous coal,Metallurgical bituminous coal,Metallurgical bituminous coal,Metallurgical bituminous coal,Metallurgical bituminous coal,Metallurgical bituminous coal,Metallurgical bituminous coal,Metallurgical bituminous coal,Metallurgical bituminous coal,Metallurgical bituminous coal,,,,,,,,,,,,,,,,,,,,,,,,,,,,,,,,,,,,,,,,,,,,,,,,,,,,,,,,,,,,,,,,,,,,,,,,,,,,,,,,,,,,,,,,Open pit,Open pit,Open pit,Open pit,Open pit,Open pit,Open pit,Open pit,Open pit,Open pit,Open pit,Open pit,Open pit,Open pit,Open pit,Open pit,Open pit,Open pit,Open pit,Open pit,,Blackwater,Blackwater,Blackwater,Blackwater,Blackwater,Blackwater,Blackwater,Blackwater,Blackwater,Blackwater,Blackwater,Blackwater,Blackwater,Blackwater,Blackwater,Blackwater,Blackwater,Blackwater,Blackwater,Blackwater,,Mine,Mine,Mine,Mine,Mine,Mine,Mine,Mine,Mine,Mine,Mine,Mine,Mine,Mine,Mine,Mine,Mine,Mine,Mine,Mine,,,,,,,,,,,,,,,,,,,,,,,,,78.0,78.0,78.0,78.0,78.0,,,,,,,,,,,,,,,78.0,,F.coal,F.coal,F.coal,F.coal,F.coal,F.coc,F.coc,F.coc,F.coc,F.coc,F.coc,F.coc,F.coc,F.coc,F.coc,F.coc,F.coc,F.coc,F.coc,F.coal,,,,,,,,,,,,,,,,,,,,,,,,,,,,,,,,,,,,,,,,,,,,,,,,,,,,,,,,,,,,,,,,,,,,,,,,,,,,,,,,,,,,,,,,,,,,,,,,475568000.0,468474000.0,459818000.0,445744000.0,432062000.0,,,,,,,,,,,,,,,419000000.0,,,,,,,,,,,,,,,,,,,,,,,,,,,,,,,,,,,,,,,,,,,,,,,,,,,,,,,,,,
COM00146.00,Iron,Canada,43833.79,11.0,1.0,123.34,,,,,,,,,,,,,,,,,,,,,,,,,,,,,,,,,,,,,,,,,,,,,,,,,,,,,,,,,,,,,,,,,,664000.0,664000.0,,,,,,,,,,,,,,,,,,,,899.0,902.0,,,,,,,,,,,,,,"Iron, Iron ore pellets","Iron, Iron ore pellets",,,,"Iron, Iron ore pellets","Iron, Iron ore pellets","Iron, Iron ore pellets",,,,,,,,,,,,,,,,,,,,0.0,0.0,,,,,,,,,,,,,,,,,,,,4644348.0,5248056.8,,,,,,,,,,,,,,,,,,,,Me.Fe,Me.Fe,,,,,,,,,,,,,,,,,,,,,,,,,,,,,,,,,,,,,Open pit,Open pit,,,,Open pit,Open pit,Open pit,,,,,,,,,,,,,,Bloom Lake,Bloom Lake,,,,Bloom Lake,Bloom Lake,Bloom Lake,,,,,,,,,,,,,,Mine,Mine,,,,Mine,Mine,Mine,,,,,,,,,,,,,,,,,,110.0,111.0,,,,,,,,,,,,,,,,,,,,,,,,,,,,,,,,,,,,,,,Con.Fe,Con.Fe,,,,Con.Fe,Con.Fe,Con.Fe,,,,,,,,,,,,,,,5994677.0,5994677.0,,,,623300.0,6994500.0,7903700.0,,,,,,,,,,,,,,,,,,,,19711700.0,20817400.0,,,,,,,,,,,,,,,,,,,,18493800.0,19749800.0,,,,,,,,,,,,,,,,,,,,,,,,,,,,,,,,,,,,,,,,,,,,,,,,,,,,,,,,,,,,,,,,,,,,,,,,,,,,,,,,,,,,,,,,Waste rock,Waste rock,,,,,,,,,,,,,,,,,,13679900.0,13742400.0
COM00150.00,Aluminium,India,6655.62,17.0,1.0,2857.67,,,,,,,,,,,,,,,,,,,,,,,,,,,,,,,,,,,,,,,,,,,,,,,,,,,,,486000.0,500000.0,495000.0,491000.0,461000.0,458000.0,463000.0,459000.0,469000.0,468000.0,469000.0,467000.0,455000.0,457000.0,,,,,,,,922.0,924.0,926.0,928.0,930.0,932.0,934.0,936.0,938.0,940.0,942.0,944.0,946.0,948.0,,,,,,,,"Bauxite, Alumina","Bauxite, Alumina","Bauxite, Alumina","Bauxite, Alumina","Bauxite, Alumina","Bauxite, Alumina","Bauxite, Alumina","Bauxite, Alumina","Bauxite, Alumina","Bauxite, Alumina","Bauxite, Alumina","Bauxite, Alumina","Bauxite, Alumina","Bauxite, Alumina",,,,,,,,0.0,0.0,0.0,0.0,0.0,0.0,0.0,0.0,0.0,0.0,0.0,0.0,0.0,0.0,,,,,,,,31989.006,165975.0,257453.955,147422.75,138300.0,231797.464,409875.843,323994.33,221440.695,402812.28,484617.7,497495.1,264773.6,211134.0,,,,,,,,Me.Al2O3,Me.Al2O3,Me.Al2O3,Me.Al2O3,Me.Al2O3,Me.Al2O3,Me.Al2O3,Me.Al2O3,Me.Al2O3,Me.Al2O3,Me.Al2O3,Me.Al2O3,Me.Al2O3,Me.Al2O3,,,,,,,,,,Me.Al2O3,Me.Al2O3,Me.Al2O3,Me.Al2O3,Me.Al2O3,Me.Al2O3,Me.Al2O3,Me.Al2O3,Me.Al2O3,Me.Al2O3,Me.Al2O3,Me.Al2O3,Me.Al2O3,Me.Al2O3,,,,,,,,Open pit,Open pit,Open pit,Open pit,Open pit,Open pit,Open pit,Open pit,Open pit,Open pit,Open pit,Open pit,Open pit,Open pit,,,,,,,,Bodai-Daldali,Bodai-Daldali,Bodai-Daldali,Bodai-Daldali,Bodai-Daldali,Bodai-Daldali,Bodai-Daldali,Bodai-Daldali,Bodai-Daldali,Bodai-Daldali,Bodai-Daldali,Bodai-Daldali,Bodai-Daldali,Bodai-Daldali,,,,,,,,Mine,Mine,Mine,Mine,Mine,Mine,Mine,Mine,Mine,Mine,Mine,Mine,Mine,Mine,,,,,,,,,,,,,,,,,,,,,,,,,,,,,,,81.0,81.0,81.0,81.0,81.0,81.0,81.0,81.0,81.0,81.0,81.0,81.0,81.0,81.0,,,,,,,,O.Al,O.Al,O.Al,O.Al,O.Al,O.Al,O.Al,O.Al,O.Al,O.Al,O.Al,O.Al,O.Al,O.Al,,,,,,,,,,,,,,,,,,,,,,,,,,,,,,65821.0,331950.0,520109.0,300250.0,300000.0,506108.0,885261.0,705870.0,472155.0,860710.0,1033300.0,1065300.0,581920.0,462000.0,,,,,,,,65821.0,331950.0,520109.0,300250.0,300000.0,506108.0,885261.0,705870.0,472155.0,860710.0,1033300.0,1065300.0,581920.0,462000.0,,,,,,,,,,,,,,,,,,,,,,,,,,,,,,,,,,,,,,10168754.0,10102933.0,9770983.0,9250874.0,8950624.0,8650624.0,8144516.0,7259255.0,6553385.0,6081230.0,5220520.0,4187220.0,3121920.0,2540000.0,,,,,,,,,,,,,,,,,,,,,,,,,,,,,,,,,,,,,,,,,,,,,,,,,,,,,,,,,,
COM00151.00,Gold,Australia,56861.95,12.0,1.0,350.72,,,,,,,,,,,,,,,,,,,,,,,,,,,,,,,,,,,,,,,,,,,,,,,,0.92,,,,,,,,0.907185,0.850486,0.737088,0.708738,0.680389,0.62369,0.680389,0.652039,0.62369,0.538641,0.538641,,,950.0,,,,,,,,952.0,954.0,956.0,958.0,960.0,962.0,964.0,966.0,968.0,970.0,972.0,,"Gold, Copper","Gold, Copper","Gold, Copper",,,,,,,"Gold, Copper","Gold, Copper","Gold, Copper","Gold, Copper","Gold, Copper","Gold, Copper","Gold, Copper","Gold, Copper","Gold, Copper","Gold, Copper","Gold, Copper",,,1.278042,,,,,,,,0.819,0.831,0.819,0.799,0.813,0.812,0.825,0.833,0.834,0.832,0.853,,7.155,6.634,3.619,,,,,,,3.453,20.602,20.97,20.525,19.958,19.731,22.51,22.68,22.311,20.1,19.93,,Me.Au,Me.Au,Me.Au,,,,,,,Me.Au,Me.Au,Me.Au,Me.Au,Me.Au,Me.Au,Me.Au,Me.Au,Me.Au,Me.Au,Me.Au,,,,,,,,,,,,,,,,,,,,,Me.Au,,,,Open pit,Open pit,Open pit,,,,,,,Open pit,Open pit,Open pit,Open pit,Open pit,Open pit,Open pit,Open pit,Open pit,Open pit,Open pit,,Boddington,Boddington,Boddington,,,,,,,Boddington,Boddington,Boddington,Boddington,Boddington,Boddington,Boddington,Boddington,Boddington,Boddington,Boddington,,Mine,Mine,Mine,,,,,,,Mine,Mine,Mine,Mine,Mine,Mine,Mine,Mine,Mine,Mine,Mine,,,,,,,,,112.0,113.0,114.0,115.0,116.0,117.0,118.0,119.0,120.0,121.0,122.0,,,,,,,,,,,,,,,,,,,,,,,83.0,,,,O.Au,O.Au,O.Au,,,,,,,O.Au,O.Au,O.Au,O.Au,O.Au,O.Au,O.Au,O.Au,O.Au,O.Au,O.Au,,,,,,,,,,,,,,,,,,,,,,,,,7800780.0,,,,,,,,3677789.0,48569674.0,47973643.0,38596824.0,38569608.0,49279104.0,44584344.0,44923637.0,42718234.0,35301874.0,35112269.0,,,7800780.0,,,,,,,,2250763.0,26619062.0,31726598.0,33395846.0,32695488.0,35462448.0,37221509.0,37932754.0,39004157.0,40237949.0,39810658.0,,,,,,,,,,,,,358.62146595,,,,,,,,,,,,,,,0.558934146503149,,,,,,,,,,,,,,,,,,,,,651000000.0,,,,,,,,,,,10090785.6,94640918.4,91187208.0,82259452.8,92283105.6,96116025.6,78392966.4,83369865.60000001,77597352.0,79540574.4,88422062.4,,,,,,,,,Waste rock,Waste rock,Waste rock,Waste rock,Waste rock,Waste rock,Waste rock,Waste rock,Waste rock,Waste rock,Waste rock,,,,,,,,,6412996.800000001,46071244.8,43213564.8,43662628.8,53713497.6,46836921.6,33808622.4,38446228.8,34879118.4,44238700.8,53309793.6,
COM00154.00,Coal,Australia,56861.95,15.0,1.0,55.48,,,,,,,,,,,,,,,,,,,5400000.0,6600000.0,6900000.0,6900000.0,6600000.0,6100000.0,,,,,,,,,,,,,,,,5600000.0,7700000.0,7800000.0,8000000.0,7900000.0,7400000.0,,,,,,,,,,,,,,,,,,,,,,,,,,,,,,,,,,,,,,,,,,,,,,,,,,Semi-soft coking coal,Semi-soft coking coal,Semi-soft coking coal,Semi-soft coking coal,Semi-soft coking coal,Semi-soft coking coal,Semi-soft coking coal,Semi-soft coking coal,Semi-soft coking coal,Semi-soft coking coal,Semi-soft coking coal,Semi-soft coking coal,Semi-soft coking coal,Semi-soft coking coal,,,,,,,,,,,,,,,,,,,,,,,,,,,,,,,,,,,,,,,,,,,,,,,,,,,,,,,,,,,,,,,,,,,,,,,,,,,,,,,,,,,,,,,,,,,,,,Open cut,Open cut,Open cut,Open cut,Open cut,Open cut,Open cut,Open cut,Open cut,Open cut,Open cut,Open cut,Open cut,Open cut,,,,,,,,Boggabri,Boggabri,Boggabri,Boggabri,Boggabri,Boggabri,Boggabri,Boggabri,Boggabri,Boggabri,Boggabri,Boggabri,Boggabri,Boggabri,,,,,,,,Mine,Mine,Mine,Mine,Mine,Mine,Mine,Mine,Mine,Mine,Mine,Mine,Mine,Mine,,,,,,123.0,125.0,127.0,129.0,131.0,133.0,135.0,137.0,139.0,141.0,143.0,145.0,147.0,149.0,,,,,,,,,,,,,,,,,,,,,,,,,,,,,,,,,F.coal,F.coal,F.coal,F.coal,F.coal,F.coal,F.coal,F.coal,F.coal,F.coal,F.coal,F.coal,F.coal,F.coal,,,,,,,,,,,,,,,,,,,,,,,,,,,,,,,,,,,,,,,,,,,,,,,,,,,,,,,,,,,,,,,,,,,,,,,,,,,,,,,,,,,,,,,,,,,,,,,,,,,,,,,,,,,,,,,,,,,,,,,,,,,,,,,,,,,,,,,,,,,,Waste rock,Waste rock,Waste rock,Waste rock,Waste rock,Waste rock,Waste rock,Waste rock,Waste rock,Waste rock,Waste rock,Waste rock,Waste rock,Waste rock,,,,,,8450807.02,23865091.0,36319847.74,53246307.08,77940607.67999999,109672128.14,150840459.62,194107455.84,57828000.0,72224000.0,61000000.0,63440000.0,68076000.0,66246000.0,
COM00163.00,Copper,Kazakhstan,12877.81,6.0,1.0,5630.38,,,,,,,,,,,,,,,,,,,,,,,,,,,,,,,,,,,,,,,,,,,,,,,,,,,,,,,,,,,,,,,49.0,221000.0,217000.0,,,,,,,,,,,,,,,,,,,1011.0,1014.0,1017.0,,,,,,,,,,,,,,,,,,"Gold, Copper, Silver","Gold, Copper, Silver","Gold, Copper, Silver","Gold, Copper, Silver","Gold, Copper, Silver",,,,,,,,,,,,,,,,,,0.000415,0.0,0.0,,,,,,,,,,,,,,,,,,,10.513,106000.0,106400.0,,,,,,,,,,,,,,,,,,,Me.Ag,Me.Cu,Me.Cu,,,,,,,,,,,,,,,,,,,,,,,,Me.Ag,,,,,,,,,,,,,,,,,Open pit,Open pit,Open pit,Open pit,Open pit,,,,,,,,,,,,,,,,,Bozshakol,Bozshakol,Bozshakol,Bozshakol,Bozshakol,,,,,,,,,,,,,,,,,Mine,Mine,Mine,Mine,Mine,,,,,,,,,,,,,,,,,,,,,,,,,,,,,,,,,,,,,,,,,,,,90.0,,,,,,,,,,,,,,,,,O.Cu,Con.Cu,Con.Cu,Con.Cu,O.bulk,,,,,,,,,,,,,,,,,,,214000.0,480800.0,490400.0,,,,,,,,,,,,,,,,,,7099000.0,28272000.0,34612000.0,30722000.0,,,,,,,,,,,,,,,,,,7099000.0,28272000.0,24558000.0,28454000.0,,,,,,,,,,,,,,,,,,,,,,,,,,,,,,,,,,,,,,,,,,,,,,,,,,,,864100000.0,,,,,,,,,,,,,,,,,,,,,,,,,,,,,,,,,,,,,,,,,,,,,,,,,,,,,,,,,,
COM00164.00,Copper,Kyrgyzstan,4278.24,7.0,1.0,6340.32,,,,,,,,,,,,,,,,,,,,,,,,,,,,,,,,,,,,,,,,,,,,,,,,,,,,,,,,,,,,,2590.0,280.3,272.4,236000.0,229000.0,,,,,,,,,,,,,,,,,1020.0,1023.0,1026.0,1029.0,1032.0,,,,,,,,,,,,,,,,,"Copper, Gold, Silver","Copper, Gold, Silver","Copper, Gold, Silver","Copper, Gold, Silver","Copper, Gold, Silver","Copper, Gold, Silver",,,,,,,,,,,,,,,,0.0,1.3e-05,1.3e-05,0.0,0.0,,,,,,,,,,,,,,,,,7.77,3.644,9.262,7.745,7.527,,,,,,,,,,,,,,,,,Me.Cu,Me.Ag,Me.Ag,Me.Ag,Me.Ag,,,,,,,,,,,,,,,,,,,,,,,,Me.Ag,,,,,,,,,,,,,,,,Open pit,Open pit,Open pit,Open pit,Open pit,Open pit,,,,,,,,,,,,,,,,Bozymchak,Bozymchak,Bozymchak,Bozymchak,Bozymchak,Bozymchak,,,,,,,,,,,,,,,,Mine,Mine,Mine,Mine,Mine,Mine,,,,,,,,,,,,,,,,,,,,,,,,,,,,,,,,,,,,,,,,,,,,94.0,,,,,,,,,,,,,,,,Con.Cu,Con.Cu,Con.Cu,Con.Cu,Con.Cu,O.bulk,,,,,,,,,,,,,,,,,3000.0,13000.0,34000.0,33900.0,33100.0,,,,,,,,,,,,,,,,,426000.0,449000.0,935000.0,921000.0,937000.0,,,,,,,,,,,,,,,,,426000.0,449000.0,1034000.0,1009000.0,1002000.0,,,,,,,,,,,,,,,,,,,,,,,,,,,,,,,,,,,,,,,,,,,,,,,,,,,,11700000.0,,,,,,,,,,,,,,,,,,,,,,,,,,,,,,,,,,,,,,,,,,,,,,,,,,,,,,,,,,
COM00168.00,Gold,Peru,10531.43,3.0,0.0,1514.58,,,,,,,,,,,,,,,,,,,,,,,,,,,,,,,,,,,,,,,,,,,,,,,,,,,,,,,,,,,27.86,34.64,35.02,inf,,,,,,,,,,,,,,,,,,1044.0,1046.0,1048.0,1050.0,,,,,,,,,,,,,,,,,,"Gold, Silver","Gold, Silver","Gold, Silver","Gold, Silver",,,,,,,,,,,,,,,,,,0.013623,0.005466,0.005633,,,,,,,,,,,,,,,,,,,0.535,11.096,11.477,5.607,,,,,,,,,,,,,,,,,,Me.Ag,Me.Ag,Me.Ag,Me.Ag,,,,,,,,,,,,,,,,,,,,,,,,,,,,,,,,,,,,,,,,,,,,,,,,,,,,,,,,,,,,,,Breapampa,Breapampa,Breapampa,Breapampa,,,,,,,,,,,,,,,,,,Mine,Mine,Mine,Mine,,,,,,,,,,,,,,,,,,,,,,,,,,,,,,,,,,,,,,,,,,,,,,,,,,,,,,,,,,,,,,O.bulk,O.bulk,O.bulk,O.bulk,,,,,,,,,,,,,,,,,,,,,,,,,,,,,,,,,,,,,,,,203164.0,2101031.0,2264111.0,0.0,,,,,,,,,,,,,,,,,,203164.0,2101031.0,2264111.0,0.0,,,,,,,,,,,,,,,,,,,,,,,,,,,,,,,,,,,,,,,,,,,,,,,,,,,,,,,,,,,,,,,,,,,,,,,,,,,,,,,,,,,,,,,,,,,,,,,,,,,,,,,,,,,,,,,,,
COM00170.00,Other mine,Australia,56861.95,16.0,1.0,,,,,,,,,,,,,,,,,,,,,,,,,,,,,,,,,,,,,,,,,,,,,,,,,,,,,,,,,,,,,,,,,,,,,,,,,,,,,,,,,,,,,,,,,,,,,,,,,,,,,,,,,,,,,Metallurgical bituminous coal,,,,,,,,,,,,,,,,,,,,,,,,,,,,,,,,,,,,,,,,,,,,,,,,,,,,,,,,,,,,,,,,,,,,,,,,,,,,,,,,,,,,,,,,,,,,,,,,,,,,,,,,,,,Underground,,,,,,,,,,,,,,,,,,,,,Broadmeadow,,,,,,,,,,,,,,,,,,,,,Mine,,,,,,,,,,,,,,,,,,,,,,,,,,,,,,,,,,,,,,,,,,,,97.0,,,,,,,,,,,,,,,,,,,,,F.coc,,,,,,,,,,,,,,,,,,,,,,,,,,,,,,,,,,,,,,,,,,,,,,,,,,,,,,,,,,,,,,,,,,,,,,,,,,,,,,,,,,,,,,,,,,,,,,,,,,,,,,,,,,,,,,,,,,,181000000.0,,,,,,,,,,,,,,,,,,,,,,,,,,,,,,,,,,,,,,,,,,,,,,,,,,,,,,,,,,
COM00176.00,Coal,United States of America,55819.0,38.0,1.0,33.2,,,,,4173120.0,4082400.0,3719520.0,4263840.0,3991680.0,1542240.0,4536000.0,2540160.0,3175200.0,1905120.0,4082400.0,5171040.0,3175200.0,4354560.0,3628800.0,3991680.0,,4900000.0,4700000.0,4500000.0,,4173120.0,4082400.0,3719520.0,4263840.0,3991680.0,1542240.0,4536000.0,2540160.0,3175200.0,1905120.0,4082400.0,5171040.0,3175200.0,4354560.0,3628800.0,3991680.0,,4900000.0,4700000.0,4500000.0,,,,,,,,,,,,,,,,,,,,,,,,,,,,,,,,,,,,,,,,,,,,Bituminous coal,Bituminous coal,Bituminous coal,Bituminous coal,Bituminous coal,Bituminous coal,Bituminous coal,Bituminous coal,Bituminous coal,Bituminous coal,Bituminous coal,Bituminous coal,Bituminous coal,Bituminous coal,Bituminous coal,Bituminous coal,,Bituminous coal,Bituminous coal,Bituminous coal,,,,,,,,,,,,,,,,,,,,,,,,,,,,,,,,,,,,,,,,,,,,,,,,,,,,,,,,,,,,,,,,,,,,,,,,,,,,,,,,,,,,,,,,Underground,Underground,Underground,Underground,Underground,Underground,Underground,Underground,Underground,Underground,Underground,Underground,Underground,Underground,Underground,Underground,,Underground,Underground,Underground,,Buchanan,Buchanan,Buchanan,Buchanan,Buchanan,Buchanan,Buchanan,Buchanan,Buchanan,Buchanan,Buchanan,Buchanan,Buchanan,Buchanan,Buchanan,Buchanan,,Buchanan,Buchanan,Buchanan,,Mine,Mine,Mine,Mine,Mine,Mine,Mine,Mine,Mine,Mine,Mine,Mine,Mine,Mine,Mine,Mine,,Mine,Mine,Mine,,,,,,,,,,,,,,,,,,,,,,,,,,,,,,,,,,,,,,,,,,,,98.0,,F.obc,F.obc,F.obc,F.obc,F.obc,F.obc,F.obc,F.obc,F.obc,F.coc,F.obc,F.obc,F.obc,F.obc,F.obc,F.obc,,F.obc,F.obc,F.coal,,,,,,,,,,,,,,,,,,,,,,,,,,,,,,,,,,,,,,,,,,,,,,,,,,,,,,,,,,,,,,,,,,,,,,,,,,,,,,,,,,,,,,,,,,,,,,,,,,,,,,,,,,,,,,,,,,,108000000.0,,,,,,,,,,,,,,,,,,,,,,,,,,,,,,,,,,,,,,,,,,,,,,,,,,,,,,,,,,
COM00177.00,Coal,United States of America,55819.0,14.0,1.0,59.08,,,,,,,,,,,,,,,,,,,,682214.0,645019.0,552485.0,,,,,,,,,,,,,,,,,,,682214.0,645019.0,552485.0,,,,,,,,,,,,,,,,,,,,,,,,,,,,,,,,,,,,,,,,,,,,,,,,,,,,,,,,,,,,,Bituminous coal,Bituminous coal,Bituminous coal,,,,,,,,,,,,,,,,,,,,,,,,,,,,,,,,,,,,,,,,,,,,,,,,,,,,,,,,,,,,,,,,,,,,,,,,,,,,,,,,,,,,,,,,,,,,,,,,,,,,,,,,,,,,,,,,,,,,,,,,,,,,,,Buckingham,Buckingham,Buckingham,,,,,,,,,,,,,,,,,,,Mine,Mine,Mine,,,,,,,,,,,,,,,,,,,,,,,,,,,,,,,,,,,,,,,,,,99.0,99.0,99.0,,,,,,,,,,,,,,,,,,,F.obc,F.obc,F.obc,,,,,,,,,,,,,,,,,,,,,,,,,,,,,,,,,,,,,,,,,,,,,,,,,,,,,,,,,,,,,,,,,,,,,,,,,,,,,,,,,,,,,,,,,,,,,,,,,,,,,,,,,,,,,,,,,16086469.8,15404255.8,14759236.8,,,,,,,,,,,,,,,,,,,,,,,,,,,,,,,,,,,,,,,,,,,,,,,,,,,,,,,,,,,,
COM00178.00,Copper,Mexico,9018.86,122.0,1.0,4194.84,,,,,,,,,,,,,,,,,,,,,,,,,,,,,,,,,,,,,,,,,,,,,,,,,,,,272100.0,288300.0,278100.0,251400.0,,2260.0,268600.0,261800.0,243100.0,234900.0,229800.0,237700.0,234200.0,237000.0,238000.0,,,,,,,1069.0,1073.0,1077.0,1081.0,1085.0,1089.0,1093.0,1097.0,1101.0,1105.0,1110.0,1115.0,1120.0,1125.0,1130.0,,,,,,,"Copper, Molybdenum, Copper Cathode, Silver","Copper, Molybdenum, Copper Cathode, Silver","Copper, Molybdenum, Copper Cathode, Silver","Copper, Molybdenum, Copper Cathode, Silver","Copper, Molybdenum, Copper Cathode, Silver","Copper, Molybdenum, Copper Cathode, Silver","Copper, Molybdenum, Copper Cathode, Silver","Copper, Molybdenum, Copper Cathode, Silver","Copper, Molybdenum, Copper Cathode, Silver","Copper, Molybdenum, Copper Cathode, Silver","Copper, Molybdenum, Copper Cathode, Silver","Copper, Molybdenum, Copper Cathode, Silver","Copper, Molybdenum, Copper Cathode, Silver","Copper, Molybdenum, Copper Cathode, Silver","Copper, Molybdenum, Copper Cathode, Silver",,,,,,,0.0,0.0,0.0,0.0,,0.55,0.0,0.0,0.0,0.0,0.0,0.0,0.0,0.0,0.0,,,,,,,118700.0,111300.0,63900.0,6200.0,0.0,0.0,110100.0,134000.0,115800.0,132900.0,162000.0,316000.0,319000.0,325000.0,338000.0,,,,,,,Me.Cu,Me.Cu,Me.Cu,Me.Cu,Me.Cu,Me.Cu,Me.Cu,Me.Cu,Me.Cu,Me.Cu,Me.Cu,Me.Cu,Me.Cu,Me.Cu,Me.Cu,,,,,,,,,,,,,,,,,,,,,,Me.Cu,,,,,,,,"Open pit, SX-EW plant","Open pit, SX-EW plant","Open pit, SX-EW plant","Open pit, SX-EW plant","Open pit, SX-EW plant","Open pit, SX-EW plant","Open pit, SX-EW plant","Open pit, SX-EW plant","Open pit, SX-EW plant","Open pit, SX-EW plant","Open pit, SX-EW plant","Open pit, SX-EW plant","Open pit, SX-EW plant","Open pit, SX-EW plant","Open pit, SX-EW plant",,,,,,,Buenavista,Buenavista,Buenavista,Buenavista,Buenavista,Buenavista,Buenavista,Buenavista,Buenavista,Buenavista,Buenavista,Buenavista,Buenavista,Buenavista,Buenavista,,,,,,,Mine,Mine,Mine,Mine,Mine,Mine,Mine,Mine,Mine,Mine,Mine,Mine,Mine,Mine,Mine,,,,,151.0,152.0,153.0,154.0,155.0,156.0,157.0,158.0,159.0,160.0,161.0,162.0,163.0,164.0,165.0,,,,,,,,,,,,,,,,,,,,,,,,100.0,,,,,,,,Con.Cu,Con.Cu,Con.Cu,Con.Cu,Con.Cu,Con.Cu,Con.Cu,Con.Cu,Con.Cu,Con.Cu,Con.Cu,Con.Cu,Con.Cu,Con.Cu,Con.Cu,,,,,,,,436500.0,386000.0,230500.0,24500.0,0.0,0.0,410000.0,511600.0,476500.0,565700.0,705000.0,1329600.0,1361800.0,1371100.0,1420500.0,,,,,,,25638000.0,22896000.0,12545000.0,1271000.0,0.0,656000.0,22444000.0,25763000.0,25260000.0,27291000.0,33726000.0,66328000.0,69773000.0,70464000.0,70323000.0,,,,,,,25622000.0,22915000.0,12571000.0,1233000.0,0.0,0.0,21972000.0,25748000.0,25277000.0,27278000.0,33141000.0,66112000.0,69294000.0,70328000.0,70371000.0,,,,,,,,,,,,,,,,,,,,,,,,,,,,,,,,,,,,,,,,,,,,,,,,,,4102003000.0,,,,,,102508000.0,114595000.0,74672000.0,4820000.0,0.0,6439000.0,98306000.0,150871000.0,206710000.0,271026000.0,282954000.0,257395000.0,288716000.0,297718000.0,288882000.0,,,,,,,,,,,,,,,,,,,,,,,,,,,,,,,,,,,,,,,
COM00188.00,Copper,Russian Federation,11616.07,3.0,1.0,6410.56,,,,,,,,,,,,,,,,,,,,,,,,,,,,,,,,,,,,,,,,,,,,,,,,,,,,,,,,,,,,,,,,,0.663976,0.669049,,,,,,,,,,,,,,,,,,,,1229.0,1232.0,,,,,,,,,,,,,,,,,,,,"Copper, Iron, Gold","Copper, Iron, Gold",,,,,,,,,,,,,,,,,,,,,,,,,,,,,,,,,,,,,,,,,2.523,5.018,,,,,,,,,,,,,,,,,,,,Me.Au,Me.Au,,,,,,,,,,,,,,,,,,,,,,,,,,,,,,,,,,,,,,,,,,,Open pit,Open pit,,,,,,,,,,,,,,,,,,,,Bystrinsky GOK,Bystrinsky GOK,,,,,,,,,,,,,,,,,,,,Mine,Mine,,,,,,,,,,,,,,,,,,,,,,,,,,,,,,,,,,,,,,,,,,,,,,,,,,,,,,,,,,,,,,,,Con.Fe,Con.Fe,,,,,,,,,,,,,,,,,,,,,346000.0,1311000.0,,,,,,,,,,,,,,,,,,,,7860000.0,10490000.0,,,,,,,,,,,,,,,,,,,,3800000.0,7500000.0,,,,,,,,,,,,,,,,,,,,,,,,,,,,,,,,,,,,,,,,,,,,,,,,,,,,,,,,,,,,,,,,,,,,,,,,,,,,,,,,,,,,,,,,,,,,,,,,,,,,,,,,,,,,,
COM00191.00,Coal,United States of America,55819.0,21.0,1.0,67.27,,,,,,,,,,,,185143.0,370286.0,740571.0,907200.0,725760.0,649555.0,673142.0,2788733.0,1927800.0,1650197.0,1427026.0,1141258.0,,,,,,,,,,185143.0,370286.0,740571.0,907200.0,725760.0,649555.0,673142.0,2788733.0,1927800.0,1650197.0,1427026.0,1141258.0,,,,,,,,,,,,,,,,,,,,,,,,,,,,,,,,,,,,,,,,,,,,,,,,,,,,Bituminous coal,Bituminous coal,Bituminous coal,Bituminous coal,Bituminous coal,Bituminous coal,Bituminous coal,Bituminous coal,Bituminous coal,Bituminous coal,Bituminous coal,Bituminous coal,,,,,,,,,,,,,,,,,,,,,,,,,,,,,,,,,,,,,,,,,,,,,,,,,,,,,,,,,,,,,,,,,,,,,,,,,,,,,,,,,,,,,,,,,,,,,,,,Surface,Surface,Surface,Surface,Surface,Surface,Surface,Surface,Surface,Surface,Surface,Surface,,,,,,,,,,Cadiz,Cadiz,Cadiz,Cadiz,Cadiz,Cadiz,Cadiz,Cadiz,Cadiz,Cadiz,Cadiz,Cadiz,,,,,,,,,,Mine,Mine,Mine,Mine,Mine,Mine,Mine,Mine,Mine,Mine,Mine,Mine,,,,,,,,,,,,,,,,,,,,,,,,,,,,,,,,,,,,109.0,109.0,109.0,109.0,109.0,109.0,109.0,109.0,109.0,,,,,,,,,,F.coal,F.coal,F.coal,F.coal,F.coal,F.coal,F.coal,F.obc,F.obc,F.obc,F.obc,F.obc,,,,,,,,,,,,,,,,,,,,,,,,,,,,,,,,,,,,,,,,,,,,,,,,,,,,,,,,,,,,,,,,,,,,,,,,,,,,,,,,,,,,,,,,,,,,,,,,,,,,,,,,,,,16207129.2,14937049.2,13394809.2,11668407.2,9926583.2,7137850.2,5210050.2,3559853.2,2132827.2,,,,,,,,,,,,,,,,,,,,,,,,,,,,,,,,,,,,,,,,,,,,,,,,,,,,,,,,,,,
COM00197.00,Copper,Chile,14122.0,28.0,1.0,2279.37,,,,,,,,,,,,,,,,,,,,,,,,,,,,,,,,,,,,,,,,,,,,,,,9300.0,9600.0,8400.0,9700.0,,,,,,,,,,,,1.763084,1.477925,1.753847,1.240452,1.407393,,1300.0,1302.0,1304.0,1306.0,,,,,,,,,,,,1308.0,1310.0,1312.0,1314.0,1316.0,,"Copper, Gold, Silver","Copper, Gold, Silver","Copper, Gold, Silver","Copper, Gold, Silver","Copper, Gold, Silver","Copper, Gold, Silver","Copper, Gold, Silver","Copper, Gold, Silver","Copper, Gold, Silver","Copper, Gold, Silver","Copper, Gold, Silver","Copper, Gold, Silver","Copper, Gold, Silver","Copper, Gold, Silver",,"Copper, Gold, Silver","Copper, Gold, Silver","Copper, Gold, Silver","Copper, Gold, Silver","Copper, Gold, Silver",,0.0,0.0,0.0,0.0,,,,,,,,,,,,0.927,0.918,0.926,0.689,0.721,,224700.0,243200.0,219500.0,234500.0,209106.083,190962.388,194591.127,205477.344,202302.197,167829.177,166014.807,174633.062,146963.928,191415.98,,53.127,47.202,51.624,34.218,36.996,,Me.Cu,Me.Cu,Me.Cu,Me.Cu,Me.Cu,Me.Cu,Me.Cu,Me.Cu,Me.Cu,Me.Cu,Me.Cu,Me.Cu,Me.Cu,Me.Cu,,Me.Ag,Me.Ag,Me.Ag,Me.Ag,Me.Ag,,,,,,,,,,,,,,,,,,,,,,,Me.Ag,,Open pit,Open pit,Open pit,Open pit,Open pit,Open pit,Open pit,Open pit,Open pit,Open pit,Open pit,Open pit,Open pit,Open pit,,Open pit,Open pit,Open pit,Open pit,Open pit,,Candelaria,Candelaria,Candelaria,Candelaria,Candelaria,Candelaria,Candelaria,Candelaria,Candelaria,Candelaria,Candelaria,Candelaria,Candelaria,Candelaria,,Candelaria,Candelaria,Candelaria,Candelaria,Candelaria,,Mine,Mine,Mine,Mine,Mine,Mine,Mine,Mine,Mine,Mine,Mine,Mine,Mine,Mine,,Mine,Mine,Mine,Mine,Mine,,,,,,,,,,,,,,,,,,,,,,,,,,,,,,,,,,,,,,,,,,,,115.0,,O.Cu,O.Cu,O.Cu,O.Cu,O.Cu,O.Cu,O.Cu,O.Cu,O.Cu,O.Cu,O.Cu,O.Cu,O.Cu,O.Cu,,O.Cu,O.Cu,O.Cu,O.Cu,O.Cu,,,,,,,,,,,,,,,,,,,,,,,,128464000.0,126509000.0,109211000.0,108442000.0,,,,,,,,,,,,33922000.0,30915000.0,28005000.0,17799000.0,28753000.0,,26165000.0,27365000.0,28507000.0,26407000.0,,,,,,,,,,,,30133000.0,31938000.0,29435000.0,27585000.0,26287000.0,,,,,,,,,,,,,,,1077.28187894,,,,,,,,,,,,,,,2.2438630777886353,,,,,,,,,,,,,,,,,,,,,663696000.0,,,,,,,,,,,,,,,,,,,,,,,,,,,,,,,,,,,,,,,,,,,,,,,,,,,,,,,,,,
COM00205.00,Gold,United States of America,55819.0,38.0,1.0,730.09,,,,,,,,,,,,,,,,,,,,,,,,,,,,,,,,,,,,,,,,,,,,,,,,,,,,,,,,,,,,,1.197569,1.200548,1.113147,0.945303,1.416333,,,,,,,,,,,,,,,,,1372.0,1374.0,1376.0,1378.0,1380.0,,,,,,,,,,Gold,Gold,Gold,Gold,Gold,Gold,Gold,Gold,Gold,Gold,Gold,Gold,,,,,,,,,,,,,,,,,,,,,,,,,,,,,,,,,,,,,,25.668,25.118,26.762,27.556,26.28,,,,,,,,,,,,,,,,,Me.Au,Me.Au,Me.Au,Me.Au,Me.Au,,,,,,,,,,,,Me.Au,Me.Au,Me.Au,Me.Au,Me.Au,Me.Au,Me.Au,Me.Au,Me.Au,Me.Au,Me.Au,Me.Au,,,,,,,,,,"Open pit, Underground, grinding circuit, roasting circuit, carbon-in leach circuit","Open pit, Underground, grinding circuit, roasting circuit, carbon-in leach circuit","Open pit, Underground, grinding circuit, roasting circuit, carbon-in leach circuit","Open pit, Underground, grinding circuit, roasting circuit, carbon-in leach circuit","Open pit, Underground, grinding circuit, roasting circuit, carbon-in leach circuit","Open pit, Underground, grinding circuit, roasting circuit, carbon-in leach circuit","Open pit, Underground, grinding circuit, roasting circuit, carbon-in leach circuit","Open pit, Underground, grinding circuit, roasting circuit, carbon-in leach circuit","Open pit, Underground, grinding circuit, roasting circuit, carbon-in leach circuit","Open pit, Underground, grinding circuit, roasting circuit, carbon-in leach circuit","Open pit, Underground, grinding circuit, roasting circuit, carbon-in leach circuit","Open pit, Underground, grinding circuit, roasting circuit, carbon-in leach circuit",,,,,,,,,,Carlin,Carlin,Carlin,Carlin,Carlin,Carlin,Carlin,Carlin,Carlin,Carlin,Carlin,Carlin,,,,,,,,,,Mine,Mine,Mine,Mine,Mine,Mine,Mine,Mine,Mine,Mine,Mine,Mine,,,,,,,,243.0,244.0,245.0,246.0,247.0,248.0,249.0,250.0,251.0,252.0,253.0,254.0,,,,,,,,,,,,,,124.0,124.0,124.0,124.0,124.0,124.0,124.0,124.0,124.0,124.0,124.0,124.0,,,,,,,,,,O.Au,O.Au,O.Au,O.Au,O.Au,O.Au,O.Au,O.Au,O.Au,O.Au,O.Au,O.Au,,,,,,,,,,,,,,,,,,,,,,,,,,,,,,,,17580629.0,19845000.0,11323670.0,4978714.0,17637782.0,18154886.0,27377482.0,21433507.0,20921846.0,24041707.0,29150150.0,18554962.0,,,,,,,,,,17580629.0,19845000.0,11323670.0,4978714.0,17637782.0,18154886.0,27377482.0,21433507.0,20921846.0,24041707.0,29150150.0,18554962.0,,,,,,,,,,,,,,420.42342609,,,,,,,,,,,,,,,1.419127398619323,,,,,,,,,,,478595223.0,461014594.0,441169594.0,429845924.0,424867210.0,407229428.0,389074542.0,361697060.0,340263553.0,319341707.0,295300000.0,276745038.0,,,,,,,,,,,,,,,78188846.4,85728585.60000001,78546283.2,81561816.0,60470323.2,,,,,,,,Waste rock,Waste rock,Waste rock,Waste rock,Waste rock,Waste rock,Waste rock,Waste rock,Waste rock,Waste rock,Waste rock,Waste rock,,,,,,,,76245624.0,53497584.0,66745425.6,63272664.0,50169974.400000006,56790720.0,59734584.0,58899960.0,67092883.2,56935872.0,54867456.0,44297668.8,,
COM00208.00,Gold,Australia,56861.95,11.0,1.0,1224.66,,,,,,,,,,,,,,,,,,,,,,,,,,,,,,,,,,,,,,,,,,,,,,,,,,,,,,,,,,,,1.87,1.85,2.49,2.3,2.1,2.3,2.7,2.8,,,,,,,,,,,,,,1400.0,1402.0,1404.0,1406.0,1408.0,1410.0,1412.0,1414.0,,,,,,,,,,,Gold,Gold,Gold,Gold,Gold,Gold,Gold,Gold,Gold,Gold,Gold,,,,,,,,,,,,,,0.904,0.874,0.905,0.92,0.918,0.93,0.931,0.93,,,,,,,,,,,0.779,3.457,3.611,4.235,4.152,5.21,4.889,4.851,5.327,6.212,6.322,,,,,,,,,,,Me.Au,Me.Au,Me.Au,Me.Au,Me.Au,Me.Au,Me.Au,Me.Au,Me.Au,Me.Au,Me.Au,,,,,,,,,,,,,,,,Me.Au,Me.Au,Me.Au,Me.Au,Me.Au,Me.Au,Me.Au,Me.Au,,,,,,,,,,,,,,,,,,,,,,,,,,,,,,,,Carosue Dam,Carosue Dam,Carosue Dam,Carosue Dam,Carosue Dam,Carosue Dam,Carosue Dam,Carosue Dam,Carosue Dam,Carosue Dam,Carosue Dam,,,,,,,,,,,Mine,Mine,Mine,Mine,Mine,Mine,Mine,Mine,Mine,Mine,Mine,,,,,,,,,,,,,,,,,,,,,,,,,,,,,,,,,,,,,127.0,127.0,127.0,127.0,127.0,127.0,127.0,127.0,,,,,,,,,,,O.Au,O.Au,O.Au,O.Au,O.Au,O.Au,O.Au,O.Au,O.Au,O.Au,O.Au,,,,,,,,,,,,,,,,,,,,,,,,,,,,,,,,,,,,2500582.0,2569000.0,2314000.0,2321000.0,2469000.0,1718000.0,1976000.0,2395000.0,,,,,,,,,,,,,,2500582.0,2569000.0,2314000.0,2321000.0,2469000.0,2479000.0,2437000.0,2394000.0,,,,,,,,,,,,,,,56.699046,,,,,,,,,,,,,,,1.9,,,,,,,,,,,,,,48867582.0,46367000.0,43798000.0,41484000.0,39163000.0,36694000.0,34976000.0,33000000.0,,,,,,,,,,,,,,,,,,,,,,,,,,,,,,,,,,,,,,,,,,,,,,,,,,,,,,,,,
COM00210.00,Iron,Brazil,11963.92,108.0,1.0,38.73,,,,,,,,,,,,,,,,,,,,,,,,,,,,,,,,,,,,,,,,,,,,,,,,,,,,,,,,,,638000.0,633000.0,627000.0,629500.0,638500.0,620500.0,612500.0,618500.0,612500.0,,,,,,,,,,,,,1440.0,1441.0,1442.0,1443.0,1444.0,1445.0,1446.0,1447.0,1448.0,,,,Iron,Iron,Iron,Iron,Iron,Iron,Iron,Iron,Iron,Iron,Iron,Iron,Iron,Iron,Iron,Iron,Iron,Iron,,,,,,,,,,,,,0.0,0.0,0.0,0.0,0.0,0.0,0.0,0.0,0.0,,,,,,,,,,,,,16460400.0,15128700.0,11787600.0,16020775.0,17775840.0,19961485.0,18326000.0,17243780.0,19655125.0,,,,,,,,,,,,,Me.Fe,Me.Fe,Me.Fe,Me.Fe,Me.Fe,Me.Fe,Me.Fe,Me.Fe,Me.Fe,,,,,,Me.Fe,Me.Fe,Me.Fe,Me.Fe,Me.Fe,Me.Fe,Me.Fe,Me.Fe,,,,,,,,,,Me.Fe,,,,Open pit,Open pit,Open pit,Open pit,Open pit,Open pit,Open pit,Open pit,Open pit,Open pit,Open pit,Open pit,Open pit,Open pit,Open pit,Open pit,Open pit,Open pit,,,,Casa de Pedra,Casa de Pedra,Casa de Pedra,Casa de Pedra,Casa de Pedra,Casa de Pedra,Casa de Pedra,Casa de Pedra,Casa de Pedra,Casa de Pedra,Casa de Pedra,Casa de Pedra,Casa de Pedra,Casa de Pedra,Casa de Pedra,Casa de Pedra,Casa de Pedra,Casa de Pedra,,,,Mine,Mine,Mine,Mine,Mine,Mine,Mine,Mine,Mine,Mine,Mine,Mine,Mine,Mine,Mine,Mine,Mine,Mine,,,,,,,,,,,,,,,,,,,,,,,,,,,128.0,128.0,128.0,128.0,128.0,128.0,128.0,128.0,,,,,,,,,,128.0,,,,Con.Fe,Con.Fe,Con.Fe,Con.Fe,Con.Fe,Con.Fe,Con.Fe,Con.Fe,Con.Fe,Con.Fe,Con.Fe,Con.Fe,Con.Fe,Con.Fe,Con.Fe,Con.Fe,Con.Fe,Con.Fe,,,,,12300000.0,14100000.0,15500000.0,13700000.0,13100000.0,15000000.0,17000000.0,17100000.0,21600000.0,25800000.0,23900000.0,18800000.0,25450000.0,27840000.0,32170000.0,29920000.0,27880000.0,32090000.0,,,,15900000.0,18100000.0,20600000.0,19000000.0,17500000.0,21600000.0,19900000.0,27000000.0,,,,,,,,,,,,,,15900000.0,18100000.0,20600000.0,19000000.0,17500000.0,19300000.0,19500000.0,27000000.0,,,,,,,,,,,,,,,,,,,,,,,,,,,,,,,,,,,,,,,,,,,,2987600000.0,2971700000.0,2953600000.0,2933000000.0,2914000000.0,2896500000.0,2874900000.0,2855000000.0,,,,,,,,,,2828000000.0,,,,,,,,,,,,,,,,,,,,,,,,,,,,,,,,,,,,,,,,,,,,,,,,,,,,,,,,,,
COM00210.02,Iron,Brazil,11963.92,71.0,1.0,128.88,,,,,,,,,,,,,,,,,,,,,,,,,,,,,,,,,,,,,,,,,,,,,,,,,,,,,,,,,,,,,,,,,,,,,,,,,,,,,,,,,,,,,,,,,,,,,,,,Iron,Iron,,,,,,,,,,,,,,,,,,,,,,,,,,,,,,,,,,,,,,,,,,,,,,,,,,,,,,,,,,,,,,,,,,,,,,,,,,,,,,,,,,,,,,,,,,,,,,,,,,,,,,,,,,Open pit,Open pit,,,,,,,,,,,,,,,,,,,,Casa de Pedra,Casa de Pedra,,,,,,,,,,,,,,,,,,,,Mine,Mine,,,,,,,,,,,,,,,,,,261.0,262.0,,,,,,,,,,,,,,,,,,,,,,,,,,,,,,,,,,,,,,,,,,,,,O.Fe,O.Fe,,,,,,,,,,,,,,,,,,,,,,,,,,,,,,,,,,,,,,,,,,,,,,,,,,,,,,,,,,,,,,,,,,,,,,,,,,,,,,,,,,,,,,,,,,,,,,,,,,,,,,,,,,,,,,,,,,,,,,,,,,,,,,,,,,,,,7700000.0,6600000.0,,,,,,,,,,,,,,,,,,,,,,,,,,,,,,,,,,,,,,,,,,,,,,,,,,
COM00215.00,Coal,Australia,56861.95,7.0,1.0,65.81,,,,,,,,,,,,,,,,,,,1126000.0,6128000.0,7202000.0,6916000.0,8570000.0,7934000.0,,,,,,,,,,,,,,,,1126000.0,6128000.0,7202000.0,6916000.0,8570000.0,7934000.0,,,,,,,,,,,,,,,,,,,,,,,,,,,,,,,,,,,,,,,,,,,,,,,,,,,,,,,,,,Metallurgical bituminous coal,Metallurgical bituminous coal,Metallurgical bituminous coal,Metallurgical bituminous coal,Metallurgical bituminous coal,Metallurgical bituminous coal,,,,,,,,,,,,,,,,,,,,,,,,,,,,,,,,,,,,,,,,,,,,,,,,,,,,,,,,,,,,,,,,,,,,,,,,,,,,,,,,,,,,,,,,,,,,,,,,,,,,,,Open pit,Open pit,Open pit,Open pit,Open pit,Open pit,,,,,,,,,,,,,,,,Caval Ridge,Caval Ridge,Caval Ridge,Caval Ridge,Caval Ridge,Caval Ridge,,,,,,,,,,,,,,,,Mine,Mine,Mine,Mine,Mine,Mine,,,,,,,,,,,,,,,,,,,,,,,,,,,,,,,,,,,,,,,132.0,132.0,132.0,132.0,132.0,132.0,,,,,,,,,,,,,,,,F.coc,F.coc,F.coc,F.coc,F.coc,F.coc,,,,,,,,,,,,,,,,,,,,,,,,,,,,,,,,,,,,,,,,,,,,,,,,,,,,,,,,,,,,,,,,,,,,,,,,,,,,,,,,,,,,,,,,,,,,,,,,,,,,,,,,,,,,,,376942000.0,375816000.0,369688000.0,362486000.0,355570000.0,347000000.0,,,,,,,,,,,,,,,,,,,,,,,,,,,,,,,,,,,,,,,,,,,,,,,,,,,,,,,,,,
COM00217.00,Aluminium,Guinea,2051.1,48.0,1.0,1885.13,,,,,,,,,,,,,,,,,,,,,,,,,,,,,,,,,,,,,,,,,,,,,,,,,,,,,,,,,,,,,,,,,,,,,,,,,,,,,,,,,,,,,,,,,,Bauxite,Bauxite,Bauxite,,,,,Bauxite,Bauxite,Bauxite,Bauxite,Bauxite,Bauxite,Bauxite,Bauxite,Bauxite,Bauxite,Bauxite,,,,,,,,,,,,,,,,,,,,,,,,,,,,,,,,,,,,,,,,,,,,,,,,,,,,,,,,,,,,,,,,,,,,,Me.Al2O3,Me.Al2O3,Me.Al2O3,,,,,Me.Al2O3,Me.Al2O3,Me.Al2O3,Me.Al2O3,Me.Al2O3,Me.Al2O3,Me.Al2O3,Me.Al2O3,Me.Al2O3,Me.Al2O3,Me.Al2O3,,,,,,,,,,,,,,,,,,,,,,,,,CBG Sangaredi,CBG Sangaredi,CBG Sangaredi,,,,,CBG Sangaredi,CBG Sangaredi,CBG Sangaredi,CBG Sangaredi,CBG Sangaredi,CBG Sangaredi,CBG Sangaredi,CBG Sangaredi,CBG Sangaredi,CBG Sangaredi,CBG Sangaredi,,,,Mine,Mine,Mine,,,,,Mine,Mine,Mine,Mine,Mine,Mine,Mine,Mine,Mine,Mine,Mine,,,,,,,,,,,,,,,,,,,,,,,,,,,137.0,137.0,137.0,,,,,137.0,137.0,137.0,137.0,137.0,137.0,137.0,137.0,137.0,137.0,137.0,,,,O.Al,O.Al,O.Al,,,,,O.Al,O.Al,O.Al,O.Al,O.Al,O.Al,O.Al,O.Al,O.Al,O.Al,O.Al,,,,,,,,,,,,,,,,,,,,,,,,,,11987000.0,12041000.0,12060000.0,,,,,13181000.0,11216000.0,12041000.0,12517000.0,14001000.0,15437000.0,15803000.0,14615000.0,16023000.0,15409000.0,13039000.0,,,,11987000.0,12041000.0,12060000.0,,,,,13181000.0,11216000.0,12041000.0,12517000.0,14001000.0,15437000.0,15803000.0,14615000.0,16023000.0,15409000.0,13039000.0,,,,,,,,,,,,,,,,,,,,,,,,,,,,,,,,,,642331000.0,630344000.0,618303000.0,,,,,606243000.0,593062000.0,581846000.0,569805000.0,557288000.0,543287000.0,527850000.0,512047000.0,497432000.0,481409000.0,466000000.0,,,,,,,,,,,,,,,,,,,,,,,,,,,,,,,,,,,,,,,,,,,,,,,,,,,,,,,,,,,
COM00224.00,Zinc,Australia,56861.95,17.0,0.0,1769.4,,,,,,,,,,,,,,,,,,,,,,,,,,,,,,,,,,,,,,,,,,,,,,,,,,,,,,,,,,,,,,,,,,,,,,,,,,,,,,,,1618.0,1620.0,1622.0,1624.0,1626.0,,,,,,,,,,,,,,,,,"Lead, Zinc, Silver","Lead, Zinc, Silver","Lead, Zinc, Silver","Lead, Zinc, Silver","Lead, Zinc, Silver",,,,,,,,,,,,,,,,,,,,,,,,,,,,,,,,,,,,,,21390.0,54163.0,64426.0,79153.0,1181.0,,,,,,,,,,,,,,,,,Me.Pb,Me.Pb,Me.Pb,Me.Pb,Me.Pb,,,,,,,,,,,,,,,,,,,Me.Ag,Me.Ag,Me.Ag,Me.Ag,Me.Ag,,,,,,,,,,,,,,,,,Open pit,Open pit,Open pit,Open pit,Open pit,,,,,,,,,,,,,,,,,Century,Century,Century,Century,Century,,,,,,,,,,,,,,,,,Mine,Mine,Mine,Mine,Mine,,,,,,,,,,,,,,,,,,,,,,,,,,,,,,,,,,,,,,,,145.0,145.0,145.0,145.0,145.0,,,,,,,,,,,,,,,,,Con.Pb,Con.Pb,Con.Pb,Con.Pb,Con.Pb,,,,,,,,,,,,,,,,,,,,,,,,,,,,,,,,,,,,,,,5204013.0,6947259.0,7273064.0,4589601.0,118951.0,,,,,,,,,,,,,,,,,5413520.0,7096282.0,7109879.0,6811181.0,118951.0,,,,,,,,,,,,,,,,,,,,,,,,,,,,,,,,,,,,,,,,,,,,,,,22124336.0,16920323.0,9973064.0,2700000.0,2581049.0,,,,,,,,,,,,,,,,,,,,,,,,,,,,,,,,,,,,,,,,,,,,,,,,,,,,,,,,,,,,,
COM00225.00,Coal,Colombia,11196.48,45.0,1.0,35.37,,,,,,,,22064565.0,23759760.0,23945946.0,27975976.0,28246246.0,31135135.0,31813814.0,30495495.0,29696697.0,35024024.0,30081081.0,37033033.0,33906907.0,30312312.0,32909910.0,31882883.0,27717718.0,,,,,22064565.0,23759760.0,23945946.0,27975976.0,28246246.0,31135135.0,31813814.0,30495495.0,29696697.0,35024024.0,30081081.0,37033033.0,33906907.0,30312312.0,32909910.0,31882883.0,27717718.0,,,,,,,,,,,,,,,,,,,,,,,,,,,,,,,,,,,,,,,,,,,,,,,Thermal bituminous coal,Thermal bituminous coal,Thermal bituminous coal,Thermal bituminous coal,Thermal bituminous coal,Thermal bituminous coal,Thermal bituminous coal,Thermal bituminous coal,Thermal bituminous coal,Thermal bituminous coal,Thermal bituminous coal,Thermal bituminous coal,Thermal bituminous coal,Thermal bituminous coal,Thermal bituminous coal,Thermal bituminous coal,Thermal bituminous coal,,,,,,,,,,,,,,,,,,,,,,,,,,,,,,,,,,,,,,,,,,,,,,,,,,,,,,,,,,,,,,,,,,,,,,,,,,,,,,,,,,,,,,,,,,,Open pit,Open pit,Open pit,Open pit,Open pit,Open pit,Open pit,Open pit,Open pit,Open pit,Open pit,Open pit,Open pit,Open pit,Open pit,Open pit,Open pit,,,,,Cerrejon,Cerrejon,Cerrejon,Cerrejon,Cerrejon,Cerrejon,Cerrejon,Cerrejon,Cerrejon,Cerrejon,Cerrejon,Cerrejon,Cerrejon,Cerrejon,Cerrejon,Cerrejon,Cerrejon,,,,,Mine,Mine,Mine,Mine,Mine,Mine,Mine,Mine,Mine,Mine,Mine,Mine,Mine,Mine,Mine,Mine,Mine,,,,,,,,,,,,,,,,,,,,,,,,,,,,148.0,148.0,148.0,148.0,148.0,148.0,148.0,148.0,148.0,148.0,148.0,148.0,148.0,148.0,148.0,148.0,148.0,,,,,F.stc,F.stc,F.stc,F.stc,F.stc,F.stc,F.stc,F.stc,F.stc,F.stc,F.stc,F.stc,F.stc,F.stc,F.stc,F.stc,F.stc,,,,,,,,,,,,,,,,,,,,,,,,,,,,,,,,,,,,,,,,,,,,,,,,,,,,,,,,,,,,,,,,,,,,,,,,,,,,,,,,,,,,,,,,,,,,,,,,,,,822283784.0,800219219.0,776459459.0,752513513.0,724537537.0,696291291.0,665156156.0,633342342.0,602846847.0,573150150.0,538126126.0,508045045.0,471012012.0,437105105.0,406792793.0,373882883.0,342000000.0,,,,,,,,,,,,,,,,,,,,,,,,,,,,,,,,,,,,,,,,,,,,,,,,,,,,,,,,,,
COM00226.00,Gold,Chile,14122.0,26.0,1.0,350.72,,,,,,,,,,,,,,,,,,,,,,,,,,,,,,,,,,,,,,,,,,,,,,,93.553426,,284.062222,302.489412,305.324364,213.188414,163.293253,132.675768,157.056358,,,,,,,,,,,,,1628.0,1630.0,1632.0,1634.0,1636.0,1638.0,1640.0,1642.0,1644.0,,,,,,,,,,,,,"Gold, Silver","Gold, Silver","Gold, Silver","Gold, Silver","Gold, Silver","Gold, Silver","Gold, Silver","Gold, Silver","Gold, Silver",,,,,,,,,,,,,0.87,,0.9,0.92,0.94,0.947,0.945,0.944,0.934,,,,,,,,,,,,,26.599,0.0,88.074,137.789,139.923,81.364,65.969,48.388,34.642,,,,,,,,,,,,,Me.Ag,Me.Ag,Me.Ag,Me.Ag,Me.Ag,Me.Ag,Me.Ag,Me.Ag,Me.Ag,,,,,,,,,,,,,,,,,,,,,,,,,,,,,,,,,,,,,,,,,,,,,,,,,,,,,,,,,Cerro Bayo,Cerro Bayo,Cerro Bayo,Cerro Bayo,Cerro Bayo,Cerro Bayo,Cerro Bayo,Cerro Bayo,Cerro Bayo,,,,,,,,,,,,,Mine,Mine,Mine,Mine,Mine,Mine,Mine,Mine,Mine,,,,,,,,,,,,,,,,,,,,,,,,,,,,,,,,,,,,,,,,,,,,,,,,,,,,,,,,,O.bulk,O.bulk,O.bulk,O.bulk,O.bulk,O.bulk,O.bulk,O.bulk,O.bulk,,,,,,,,,,,,,,,,,,,,,,,,,,,,,,,,,,,297240.0,0.0,314428.0,451015.0,442003.0,366232.0,388595.0,351429.0,214465.0,,,,,,,,,,,,,297240.0,0.0,314428.0,451015.0,442003.0,366232.0,388595.0,351429.0,214465.0,,,,,,,,,,,,,,,,,,,,,,,,,,,,,,,,,,,,,,,,,,,,,,,,,,,,,,,,,,,,,,,,,,,,,,,,,,,,,,,,,,,,,,,,,,,,,,,,,,,,,,,,,,,,,,,,,,,,,,,,
COM00229.00,Gold,Argentina,9190.58,3.0,1.0,1246.05,,,,,,,,,,,,,,,,,,,,,,,,,,,,,,,,,,,,,,,,,,,,,,,,,,,,,,,,,,,,,,,,,724.69,568.61,,,,,,,,,,,,,,,,,,,,1679.0,1681.0,,,,,,,,,,,,,,,,,,,,"Gold, Silver, Copper","Gold, Silver, Copper",,,,,,,,,,,,,,,,,,,,0.894,0.948,,,,,,,,,,,,,,,,,,,,128.104,196.641,,,,,,,,,,,,,,,,,,,,Me.Ag,Me.Ag,,,,,,,,,,,,,,,,,,,,,,,Me.Ag,,,,,,,,,,,,,,,,,,,,"Open pit, Underground","Open pit, Underground",,,,,,,,,,,,,,,,,,,,Cerro Moro,Cerro Moro,,,,,,,,,,,,,,,,,,,,Mine,Mine,,,,,,,,,,,,,,,,,,,287.0,,,,,,,,,,,,,,,,,,,,,,,,,153.0,,,,,,,,,,,,,,,,,,,,O.bulk,O.Au,,,,,,,,,,,,,,,,,,,,,,,,,,,,,,,,,,,,,,,,,,210644.0,352332.0,,,,,,,,,,,,,,,,,,,,199602.0,367334.0,,,,,,,,,,,,,,,863.554820103,,,,,,,,,,,,,,,619.2,,,,,,,,,,,,,,,,,,,,,1530000.0,,,,,,,,,,,,,,,,,,,,,,,,,,,,,,,,,,,,,,Waste rock,,,,,,,,,,,,,,,,,,,6640990.0,
COM00230.00,Gold,Argentina,9190.58,7.0,1.0,1169.12,,,,,,,,,,,,,,,,,,,,,,,,,,,,,,,,,,,,,,,,,,,,,,,,,,,,,,,,,,,,,285.0,180.4,132.1,126.5,135.69,,,,,,,,,,,,,,,,,1683.0,1685.0,1687.0,1689.0,1691.0,,,,,,,,,,,,,,,,,"Gold, Silver","Gold, Silver","Gold, Silver","Gold, Silver","Gold, Silver","Gold, Silver",,,,,,,,,,,,,,,,0.67,0.83,0.87,0.86,0.86,,,,,,,,,,,,,,,,,67.285,189.731,96.016,112.162,131.397,,,,,,,,,,,,,,,,,Me.Ag,Me.Ag,Me.Ag,Me.Ag,Me.Ag,,,,,,,,,,,,,,,,,,,,,,,,Me.Au,,,,,,,,,,,,,,,,"Open pit, underground","Open pit, underground","Open pit, underground","Open pit, underground","Open pit, underground","Open pit, underground",,,,,,,,,,,,,,,,Cerro Negro,Cerro Negro,Cerro Negro,Cerro Negro,Cerro Negro,Cerro Negro,,,,,,,,,,,,,,,,Mine,Mine,Mine,Mine,Mine,Mine,,,,,,,,,,,,,,,,,,,,,,,,,,,,,,,,,,,,,,,,,,,,155.0,,,,,,,,,,,,,,,,O.bulk,O.bulk,O.bulk,O.bulk,O.bulk,O.Au,,,,,,,,,,,,,,,,,,,,,,,,,,,,,,,,,,,,,,375200.0,845000.0,811000.0,1031000.0,1126000.0,,,,,,,,,,,,,,,,,375200.0,1256000.0,827000.0,1031000.0,1126000.0,,,,,,,,,,,,,,,,73.70875980000001,,,,,,,,,,,,,,,8.02291504579,,,,,,,,,,,,,,,,,,,,,9300000.0,,,,,,,,,,,,,,,,,,,,,,,,,,,,,,,,,,,,,,,,,,,,,,,,,,,,,,,,,,
COM00231.00,Iron,Chile,14122.0,7.0,1.0,89.56,,,,,,,,,,,,,,,,,,,,,,,,,,,,,,,,,,,,,,,,,,,,,,,,,,,,,,,,,,,,,,,,,,,,,,,,,,,,,,,,,,,,,,,,,,,,,,,,,,,,,,,Iron ore,Iron ore,Iron ore,Iron ore,Iron ore,Iron ore,Iron ore,,,,,,,,,,,,,,,,,,,,,,,,,,,,,,,,,,,,,,,,,,,,,,,,,,,,,,,,,,,,,,,,,,,,,,,,,,,,,,,,,,,,,,Me.Fe,,,,,,,,,,,,,,,,,,,,,,,,,,,,,,,,,,,,Cerro Negro Norte,Cerro Negro Norte,Cerro Negro Norte,Cerro Negro Norte,Cerro Negro Norte,Cerro Negro Norte,Cerro Negro Norte,,,,,,,,,,,,,,,Mine,Mine,Mine,Mine,Mine,Mine,Mine,,,,,,,,,,,,,288.0,289.0,290.0,291.0,292.0,293.0,,,,,,,,,,,,,,,,,,,,,,,,,,156.0,,,,,,,,,,,,,,,Con.Fe,Con.Fe,Con.Fe,Con.Fe,Con.Fe,Con.Fe,O.Fe,,,,,,,,,,,,,,,,1020000.0,3212000.0,4220000.0,4190000.0,3724000.0,3224000.0,,,,,,,,,,,,,,,,,,,,,,,,,,,,,,,,,,,,,,,,,,,,,,,,,,,,,,,,,,,,,,,,,,,,,,,,,,,,,,,,,,,,,,,,,,,,,,303400000.0,,,,,,,,,,,,,14095000.0,11748000.0,13561000.0,22243000.0,20492000.0,26347000.0,,,,,,,,,,,,,,,,,,,,,,,,,,,,,,,,,,,,,,,
COM00233.00,Copper,Peru,10531.43,45.0,1.0,2279.37,,,,,,,,,,,,,,,,,,,,,,,,,,,,,,,,,,,,,,,,,,,,,,,5900.0,5300.0,5500.0,6000.0,,,,,,,,,,,,,,,,,,1735.0,1737.0,1739.0,1741.0,,,,,,,,,,,,,,,,,,"Copper, Molybdenum, Silver","Copper, Molybdenum, Silver","Copper, Molybdenum, Silver","Copper, Molybdenum, Silver","Copper, Molybdenum, Silver","Copper, Molybdenum, Silver","Copper, Molybdenum, Silver","Copper, Molybdenum, Silver","Copper, Molybdenum, Silver","Copper, Molybdenum, Silver","Copper, Molybdenum, Silver","Copper, Molybdenum, Silver","Copper, Molybdenum, Silver","Copper, Molybdenum, Silver","Copper, Molybdenum, Silver","Copper, Molybdenum, Silver","Copper, Molybdenum, Silver","Copper, Molybdenum, Silver","Copper, Molybdenum, Silver","Copper, Molybdenum, Silver",,0.0,0.0,0.0,0.0,,,,,,,,,,,,,,,,,,78700.0,84900.0,95300.0,96300.0,88450.512,93440.028,100697.506,37.915,53.405,48.14,50.561,54.413,66.387,58.34,53.205,61.86,117.37,118.531,141.666,145.706,,Me.Cu,Me.Cu,Me.Cu,Me.Cu,Me.Cu,Me.Cu,Me.Cu,Me.Ag,Me.Ag,Me.Ag,Me.Ag,Me.Ag,Me.Ag,Me.Ag,Me.Ag,Me.Ag,Me.Ag,Me.Ag,Me.Ag,Me.Ag,,,,,,,,,,,,,,,,,,,,,,,Me.Ag,,"Open pit, SX-EW","Open pit, SX-EW","Open pit, SX-EW","Open pit, SX-EW","Open pit, SX-EW","Open pit, SX-EW","Open pit, SX-EW","Open pit, SX-EW","Open pit, SX-EW","Open pit, SX-EW","Open pit, SX-EW","Open pit, SX-EW","Open pit, SX-EW","Open pit, SX-EW","Open pit, SX-EW","Open pit, SX-EW","Open pit, SX-EW","Open pit, SX-EW","Open pit, SX-EW","Open pit, SX-EW",,Cerro Verde,Cerro Verde,Cerro Verde,Cerro Verde,Cerro Verde,Cerro Verde,Cerro Verde,Cerro Verde,Cerro Verde,Cerro Verde,Cerro Verde,Cerro Verde,Cerro Verde,Cerro Verde,Cerro Verde,Cerro Verde,Cerro Verde,Cerro Verde,Cerro Verde,Cerro Verde,,Mine,Mine,Mine,Mine,Mine,Mine,Mine,Mine,Mine,Mine,Mine,Mine,Mine,Mine,Mine,Mine,Mine,Mine,Mine,Mine,,,,,,,,,,,,,,,,,,,,,,,,,,,,,,,,,,,,,,,,,,,,159.0,,O.Cu,O.Cu,O.Cu,O.Cu,,,,O.bulk,O.bulk,O.bulk,O.bulk,O.bulk,O.bulk,O.bulk,O.bulk,O.bulk,O.bulk,O.bulk,O.bulk,O.bulk,,,,,,,,,,,,,,,,,,,,,,,,61400000.0,68685000.0,75982000.0,72965000.0,,,,,,,,,,,,,,,,,,17833000.0,23436000.0,24096000.0,21014000.0,,,,,,,,,,,,,,,,,,,,,,,,,,,,,,,,,,,,,,,,,,,,,,,,,,,,,,,,,,,,,,,,,,,4170000000.0,,,,,,,,,,,,,,,,,,,,,,,,,,,,,,,,,,,,,,,,,,,,,,,,,,,,,,,,,,
COM00244.00,Copper,Brazil,11963.92,15.0,1.0,7474.85,,,,,,,,,,,,,,,,,,,,,,,,,,,,,,,,,,,,,,,,,,,,,,,,,,,,,0.296879,0.6,0.44,0.41,0.35,0.32,0.29,0.47506,0.453586,0.429111,0.407943,0.28,0.26,,,,,,,,,1780.0,1783.0,1786.0,1789.0,1792.0,1795.0,1798.0,1801.0,1804.0,1807.0,1810.0,1813.0,1816.0,,,,,,,,,"Copper, Gold, Silver","Copper, Gold, Silver","Copper, Gold, Silver","Copper, Gold, Silver","Copper, Gold, Silver","Copper, Gold, Silver","Copper, Gold, Silver","Copper, Gold, Silver","Copper, Gold, Silver","Copper, Gold, Silver","Copper, Gold, Silver","Copper, Gold, Silver","Copper, Gold, Silver","Copper, Gold, Silver",,,,,,,,,0.73,0.71,0.69,0.623,0.638,0.594,0.579,0.589,0.568,0.569,0.57,0.633,,,,,,,,,0.245,5.54,4.666,4.859,4.218,7.875,8.688,10.141,9.235,8.538,8.069,3.727,3.763,,,,,,,,,Me.Au,Me.Au,Me.Au,Me.Au,Me.Au,Me.Ag,Me.Ag,Me.Ag,Me.Ag,Me.Ag,Me.Ag,Me.Au,Me.Au,,,,,,,,,,,Me.Au,Me.Au,Me.Au,Me.Au,Me.Au,Me.Au,Me.Au,Me.Au,Me.Au,Me.Au,Me.Au,Me.Au,Me.Au,Me.Au,,,,,,,,Open pit,Open pit,Open pit,Open pit,Open pit,Open pit,Open pit,Open pit,Open pit,Open pit,Open pit,Open pit,Open pit,Open pit,,,,,,,,Chapada,Chapada,Chapada,Chapada,Chapada,Chapada,Chapada,Chapada,Chapada,Chapada,Chapada,Chapada,Chapada,Chapada,,,,,,,,Mine,Mine,Mine,Mine,Mine,Mine,Mine,Mine,Mine,Mine,Mine,Mine,Mine,Mine,,,,,,,,,,,,,,,294.0,295.0,296.0,297.0,,,,,,,,,,,,,165.0,165.0,165.0,165.0,165.0,165.0,165.0,165.0,165.0,165.0,165.0,165.0,165.0,165.0,,,,,,,,Con.bulk,Con.bulk,Con.bulk,Con.bulk,Con.bulk,Con.bulk,Con.bulk,Con.bulk,Con.bulk,Con.bulk,Con.bulk,Con.bulk,Con.bulk,O.bulk,,,,,,,,,0.0,201339.0,244301.0,248940.0,264195.0,264195.0,297294.0,239811.0,245779.0,242523.0,216332.0,242126.0,243129.0,,,,,,,,,877197.0,18651162.0,14521140.0,16998887.0,21482527.0,21482527.0,22084779.0,21833258.0,18828710.0,19959943.0,17223764.0,34163445.0,33787816.0,,,,,,,,,825586.0,12693868.0,14942848.0,17307429.0,19195578.0,19195578.0,20581385.0,21347439.0,20360659.0,19896894.0,19779013.0,23000557.0,22929227.0,,,,,,,,,,,,,,,,130.40780639800002,,,,,,,,,,,,,,,0.1324359688750024,,,,,,,,1000684155.0,999806958.0,981155796.0,966634656.0,949635769.0,928153242.0,906670715.0,884585936.0,862752678.0,843923968.0,823964025.0,806740261.0,772576816.0,803984000.0,,,,,,,,,,,,,,,,,,,,,,,,,,,,,,,,,,Waste rock,Waste rock,Waste rock,Waste rock,,,,,,,,,,,,,,,,24784951.0,27751926.0,32832383.0,31305991.0,,
COM00250.00,Copper,Zambia,4514.4,15.0,1.0,7474.85,,,,,,,,,,,,,,,,,,,,,,,,,,,,,,,,,,,,,,,,,,,,,,,,,,,,,27000.0,25000.0,29000.0,31000.0,34000.0,35000.0,,,,,,,,,,,,,,,,1818.0,1820.0,1822.0,1824.0,1826.0,1828.0,,,,,,,,,,,,,,,,Copper,Copper,Copper,Copper,Copper,Copper,Copper,Copper,Copper,Copper,Copper,Copper,Copper,Copper,,,,,,,,0.816,0.861,0.896,0.9,0.91,0.91,,,,,,,,,,,,,,,,8002.0,10770.0,14583.0,15940.0,17729.0,17533.0,17906.0,18125.0,16890.0,12726.0,10458.0,10966.0,10024.0,8174.0,,,,,,,,Me.Cu,Me.Cu,Me.Cu,Me.Cu,Me.Cu,Me.Cu,Me.Cu,Me.Cu,Me.Cu,Me.Cu,Me.Cu,Me.Cu,Me.Cu,Me.Cu,,,,,,,,,,Me.Cu,Me.Cu,Me.Cu,Me.Cu,Me.Cu,Me.Cu,,,,,,,,Me.Cu,,,,,,,,"Underground, Open pit","Underground, Open pit","Underground, Open pit","Underground, Open pit","Underground, Open pit","Underground, Open pit","Underground, Open pit","Underground, Open pit","Underground, Open pit","Underground, Open pit","Underground, Open pit","Underground, Open pit","Underground, Open pit","Underground, Open pit",,,,,,,,Chibuluma South,Chibuluma South,Chibuluma South,Chibuluma South,Chibuluma South,Chibuluma South,Chibuluma South,Chibuluma South,Chibuluma South,Chibuluma South,Chibuluma South,Chibuluma South,Chibuluma South,Chibuluma South,,,,,,,,Mine,Mine,Mine,Mine,Mine,Mine,Mine,Mine,Mine,Mine,Mine,Mine,Mine,Mine,,,,,,,,,,,,,,,,,,,,,,,,,,,,,,,168.0,168.0,168.0,168.0,168.0,168.0,,,,,,,,168.0,,,,,,,,O.Cu,O.Cu,O.Cu,O.Cu,O.Cu,O.Cu,O.Cu,O.Cu,O.Cu,O.Cu,O.Cu,O.Cu,O.Cu,O.Cu,,,,,,,,,,,,,,,,,,,,,,,,,,,,,,363311.0,503880.0,555575.0,568187.0,571090.0,559824.0,,,,,,,,,,,,,,,,363311.0,503880.0,555575.0,568187.0,571090.0,559824.0,,,,,,,,,,,,,,,,,,,,,,,6800.0,,,,,,,,,,,,,,,25200.0,,,,,,,,3371867.0,3008556.0,2504676.0,1949101.0,1380914.0,809824.0,,,,,,,,250000.0,,,,,,,,,,,,,,,,,,,,,,,,,,,,,,,,,,,,,,,,,,,,,,,,,,,,,,,,,,
COM00253.00,Copper,United States of America,55819.0,111.0,1.0,2279.37,,,,,,,,,,,,,,,,,,,,,,,,,,,,,,,,,,,,,,,,,,,,,,,2200.0,4800.0,2900.0,8000.0,,,,,,,,,,,,,,,,,,1830.0,1833.0,1836.0,1838.0,,,,,,,,,,,,,,,,,,Copper,Copper,Copper,Copper,Copper,Copper,Copper,Copper,Copper,Copper,Copper,Copper,Copper,Copper,Copper,Copper,Copper,Copper,Copper,Copper,,0.0,0.0,0.0,0.0,,,,,,,,,,,,,,,,,,48600.0,59900.0,53800.0,39900.0,83007.404,95254.398,84368.181,86182.55,70306.817,16329.325,15422.141,31297.874,65317.301,77564.295,113398.092,142428.004,139706.45,97522.36,78471.48,79378.665,,Me.Cu,Me.Cu,Me.Cu,Me.Cu,Me.Cu,Me.Cu,Me.Cu,Me.Cu,Me.Cu,Me.Cu,Me.Cu,Me.Cu,Me.Cu,Me.Cu,Me.Cu,Me.Cu,Me.Cu,Me.Cu,Me.Cu,Me.Cu,,,,,,,,,,,,,,,,,,,,,,,Me.Ag,,"Open pit, SX-EW","Open pit, SX-EW","Open pit, SX-EW","Open pit, SX-EW","Open pit, SX-EW","Open pit, SX-EW","Open pit, SX-EW","Open pit, SX-EW","Open pit, SX-EW","Open pit, SX-EW","Open pit, SX-EW","Open pit, SX-EW","Open pit, SX-EW","Open pit, SX-EW","Open pit, SX-EW","Open pit, SX-EW","Open pit, SX-EW","Open pit, SX-EW","Open pit, SX-EW","Open pit, SX-EW",,Chino,Chino,Chino,Chino,Chino,Chino,Chino,Chino,Chino,Chino,Chino,Chino,Chino,Chino,Chino,Chino,Chino,Chino,Chino,Chino,,Mine,Mine,Mine,Mine,Mine,Mine,Mine,Mine,Mine,Mine,Mine,Mine,Mine,Mine,Mine,Mine,Mine,Mine,Mine,Mine,,,,,,,,,,,,,,,,,,,,,,,,,,,,,,,,,,,,,,,,,,,,169.0,,O.Cu,O.Cu,O.Cu,O.Cu,,,,,,,,,,,,,,,,O.bulk,,,,,,,,,,,,,,,,,,,,,,,,61519000.0,59277000.0,220000.0,12299000.0,,,,,,,,,,,,,,,,,,26764000.0,34118000.0,198000.0,11066000.0,,,,,,,,,,,,,,,,,,,,,,,,,,,,,,,,,,,,,,,,,,,,,,,,,,,,,,,,,,,,,,,,,,,224000000.0,,,,,,,,,,,,,,,,,,,,,,,,,,,,,,,,,,,,,,,,,,,,,,,,,,,,,,,,,,
COM00256.00,Coal,India,6655.62,15.0,1.0,89.25,,,,,,,,,,,,,,,,,,,,,,180000.0,0.0,670000.0,,,,,,,,,,,,,,,,,,,180000.0,0.0,670000.0,,,,,,,,,,,,,,,,,,,,,,,,,,,,,,,,,,,,,,,,,,,,,,,,,,,,,,,,,,,,,Thermal coal,Thermal coal,Thermal coal,,,,,,,,,,,,,,,,,,,,,,,,,,,,,,,,,,,,,,,,,,,,,,,,,,,,,,,,,,,,,,,,,,,,,,,,,,,,,,,,,,,,,,,,,,,,,,,,,,,,,,,,,Open pit,Open pit,Open pit,,,,,,,,,,,,,,,,,,,Chotia,Chotia,Chotia,,,,,,,,,,,,,,,,,,,Mine,Mine,Mine,,,,,,,,,,,,,,,,,,,,,,,,,,,,,,,,,,,,,,,,,,174.0,174.0,174.0,,,,,,,,,,,,,,,,,,,F.stc,F.stc,F.stc,,,,,,,,,,,,,,,,,,,,,,,,,,,,,,,,,,,,,,,,,,,,,,,,,,,,,,,,,,,,,,,,,,,,,,,,,,,,,,,,,,,,,,,,,,,,,,,,,,,,,,,,,,,,,,,,,17380000.0,17200000.0,17200000.0,,,,,,,,,,,,,,,,,,,,,,,,,,,,,,,,,,,,,,,,,,,,,,,,,,,,,,,,,,
COM00258.00,Gold,Mexico,9018.86,29.0,1.0,847.72,,,,,,,,,,,,,,,,,,,,,,,,,,,,,,,,,,,,,,,,,,,,,,,,,,,,,,,,,39.491545,43.213234,84.793856,96.78098,86.147879,129.0,143.0,54.1,56.9,,,,,,,,,,,,,1878.0,1880.0,1882.0,1884.0,1886.0,1888.0,1890.0,1892.0,1894.0,,,,,,,,,,,"Silver, Gold, Lead, Zinc","Silver, Gold, Lead, Zinc","Silver, Gold, Lead, Zinc","Silver, Gold, Lead, Zinc","Silver, Gold, Lead, Zinc","Silver, Gold, Lead, Zinc","Silver, Gold, Lead, Zinc","Silver, Gold, Lead, Zinc","Silver, Gold, Lead, Zinc","Silver, Gold, Lead, Zinc","Silver, Gold, Lead, Zinc",,,,,,,,,,,,,,,,,,7.5e-05,6.1e-05,0.000157,0.000137,,,,,,,,,,,26.932,45.047,33.963,41.787,94.376,120.202,115.524,136.871,145.461,152.917,170.069,,,,,,,,,,,Me.Ag,Me.Ag,Me.Ag,Me.Ag,Me.Ag,Me.Ag,Me.Ag,Me.Ag,Me.Ag,Me.Ag,Me.Ag,,,,,,,,,,,,,,,Me.Ag,Me.Ag,Me.Ag,Me.Ag,Me.Ag,Me.Ag,Me.Ag,Me.Ag,Me.Ag,,,,,,,,,,,Underground,Underground,Underground,Underground,Underground,Underground,Underground,Underground,Underground,Underground,Underground,,,,,,,,,,,Cienega,Cienega,Cienega,Cienega,Cienega,Cienega,Cienega,Cienega,Cienega,Cienega,Cienega,,,,,,,,,,,Mine,Mine,Mine,Mine,Mine,Mine,Mine,Mine,Mine,Mine,Mine,,,,,,,,,,,,,,,,,,,,,,,,,,,,,,,,,,,,179.0,179.0,179.0,179.0,179.0,179.0,179.0,179.0,179.0,,,,,,,,,,,O.bulk,O.bulk,O.bulk,O.bulk,O.bulk,O.bulk,O.bulk,O.bulk,O.bulk,O.bulk,O.bulk,,,,,,,,,,,,,,,,,,,,,,,,,,,,,,,,,,,860000.0,967000.0,1113000.0,1242000.0,1341000.0,1329000.0,1275000.0,1302000.0,1324000.0,,,,,,,,,,,,,860000.0,967000.0,1113000.0,1242000.0,1341000.0,1329000.0,1275000.0,1302000.0,1324000.0,,,,,,,,,,,,,,,1613.995043436,,,,,,,,,,,,,,,198.0,,,,,,,,,,,,,18379000.0,17519000.0,16552000.0,15439000.0,14197000.0,12856000.0,11527000.0,10252000.0,8950000.0,,,,,,,,,,,,,,,,,,,,,,,,,,,,,,,,,,,,,,,,,,,,,,,,,,,,,,,,,,,
COM00261.00,Coal,Australia,56861.95,11.0,1.0,95.29,,,,,,,,,,,,,,,3770000.0,5790000.0,8189000.0,11782000.0,12148000.0,13110000.0,12591456.0,11780000.0,11719000.0,12029000.0,,,,,,,,,,,,3770000.0,5790000.0,8189000.0,11782000.0,12148000.0,13110000.0,12591456.0,11780000.0,11719000.0,12029000.0,,,,,,,,,,,,,,,,,,,,,,,,,,,,,,,,,,,,,,,,,,,,,,,,,,,,,,Thermal coal,Thermal coal,Thermal coal,Thermal coal,Thermal coal,Thermal coal,Thermal coal,Thermal coal,Thermal coal,Thermal coal,,,,,,,,,,,,,,,,,,,,,,,,,,,,,,,,,,,,,,,,,,,,,,,,,,,,,,,,,,,,,,,,,,,,,,,,,,,,,,,,,,,,,,,,,,,,,,,,,,,,,,,,,,,,,,,,,,,,,,,Clermont,Clermont,Clermont,Clermont,Clermont,Clermont,Clermont,Clermont,Clermont,Clermont,,,,,,,,,,,,Mine,Mine,Mine,Mine,Mine,Mine,Mine,Mine,Mine,Mine,,,,,,,,,,,,,,,,,,,,,,,,,,,,,,,,,,,,,,,,,,,,,,,,,,,,,,,,F.stc,F.stc,F.stc,F.stc,F.stc,F.stc,F.stc,F.stc,F.stc,F.stc,,,,,,,,,,,,,,,,,,,,,,,,,,,,,,,,,,,,,,,,,,,,,,,,,,,,,,,,,,,,,,,,,,,,,,,,,,,,,,,,,,,,,,,,,,,,,,,,,,,,,,,,,,,,,,,,,,,,,,,,,,,,,,,,,,,,,,,,,,,,,,,,,,,,,,,,,,,,,,,,,,,,,,,,,,,,,
COM00262.00,Other mine,Australia,56861.95,13.0,1.0,,,,,,,,,,,,,,,,,,,,,,,,,,,,,,,,,,,,,,,,,,,,,,,,,,,,,,,,,,,,,,,,,,,,,,,,,,,,,,,,,,,,,,,,,,,,,,,,,,,,,,,,,,,,,Nickel,,,,,,,,,,,,,,,,,,,,,,,,,,,,,,,,,,,,,,,,,,,,,,,,,,,,,,,,,,,,,,,,,,,,,,,,,,,,,,,,,,,,,,Me.Ni,,,,,,,,,,,,,,,,,,,,,Underground,,,,,,,,,,,,,,,,,,,,,Cliffs,,,,,,,,,,,,,,,,,,,,,Mine,,,,,,,,,,,,,,,,,,,,,,,,,,,,,,,,,,,,,,,,,,,,183.0,,,,,,,,,,,,,,,,,,,,,O.Ni,,,,,,,,,,,,,,,,,,,,,,,,,,,,,,,,,,,,,,,,,,,,,,,,,,,,,,,,,,,,,,,,,,,,,,,,,,,,,,,,,,,,,,,,,,,,,,,,,,,,,,,,,,,,,,,,,,,450000.0,,,,,,,,,,,,,,,,,,,,,,,,,,,,,,,,,,,,,,,,,,,,,,,,,,,,,,,,,,
COM00264.00,Other (poly)-metallic,United States of America,55819.0,9.0,1.0,,,,,,,,,,,,,,,,,,,,,,,,,,,,,,,,,,,,,,,,,,,,,,,,,,,,,,,,,,,,,,,,,,,,,,,,,,,,,,,,,,,,,,,,,,,,,,,,,,,,,,Molybdenum,Molybdenum,Molybdenum,Molybdenum,Molybdenum,Molybdenum,Molybdenum,Molybdenum,,,,,,,,,,,,,,,,,,,,,,,,,,,,,,,,,,,3175.147,8618.255,9525.44,10432.625,7257.478,9071.847,9525.44,7711.07,,,,,,,,,,,,,,Me.Mo,Me.Mo,Me.Mo,Me.Mo,Me.Mo,Me.Mo,Me.Mo,Me.Mo,,,,,,,,,,,,,,,,,,,,,,,Me.Mo,,,,,,,,,,,,,,Open pit,Open pit,Open pit,Open pit,Open pit,Open pit,Open pit,Open pit,,,,,,,,,,,,,,Climax,Climax,Climax,Climax,Climax,Climax,Climax,Climax,,,,,,,,,,,,,,Mine,Mine,Mine,Mine,Mine,Mine,Mine,Mine,,,,,,,,,,,,,,,,,,,,,,,,,,,,,,,,,,,,,,,,,,,,185.0,,,,,,,,,,,,,,,,,,,,,,,,,,,,,,,,,,,,,,,,,,,,,,,,,,,,,,,,,,,,,,,,,,,,,,,,,,,,,,,,,,,,,,,,,,,,,,,,,,,,,,,,,,,,,,,,,,,,,,,,,,,,,,,,,,,,,,,,160000000.0,,,,,,,,,,,,,,,,,,,,,,,,,,,,,,,,,,,,,,,,,,,,,,,,,,,,,,,,,,
COM00266.00,Coal,Canada,43833.79,43.0,1.0,43.21,,,,,,1500000.0,1800000.0,1200000.0,1700000.0,1400000.0,1700000.0,3400000.0,3700000.0,3700000.0,3400000.0,3400000.0,3500000.0,3200000.0,1861574.0,1935058.0,2170022.0,1966810.0,,,,,1500000.0,1800000.0,1200000.0,1700000.0,1400000.0,1700000.0,3400000.0,3700000.0,3700000.0,3400000.0,3400000.0,3500000.0,3200000.0,1861574.0,1935058.0,2170022.0,1966810.0,,,,,,,,,,,,,,,,,,,,,,,,,,,,,,,,,,,,,,,,,,,,,,,Bituminous coal,Bituminous coal,Bituminous coal,Bituminous coal,Bituminous coal,Bituminous coal,Bituminous coal,Bituminous coal,Bituminous coal,Bituminous coal,Bituminous coal,Bituminous coal,Bituminous coal,Bituminous coal,Bituminous coal,Bituminous coal,Bituminous coal,,,,,,,,,,,,,,,,,,,,,,,,,,,,,,,,,,,,,,,,,,,,,,,,,,,,,,,,,,,,,,,,,,,,,,,,,,,,,,,,,,,,,,,,,,,Surface,Surface,Surface,Surface,Surface,Surface,Surface,Surface,Surface,Surface,Surface,Surface,Surface,Surface,Surface,Surface,Surface,,,,,Coal Valley,Coal Valley,Coal Valley,Coal Valley,Coal Valley,Coal Valley,Coal Valley,Coal Valley,Coal Valley,Coal Valley,Coal Valley,Coal Valley,Coal Valley,Coal Valley,Coal Valley,Coal Valley,Coal Valley,,,,,Mine,Mine,Mine,Mine,Mine,Mine,Mine,Mine,Mine,Mine,Mine,Mine,Mine,Mine,Mine,Mine,Mine,,,,,,,,,,,,,,,,,,,,,,,,,,,,187.0,187.0,187.0,187.0,187.0,187.0,187.0,187.0,187.0,187.0,187.0,187.0,187.0,187.0,187.0,187.0,187.0,,,,,F.obc,F.obc,F.obc,F.obc,F.obc,F.obc,F.obc,F.obc,F.obc,F.obc,F.obc,F.obc,F.obc,F.obc,F.obc,F.obc,F.obc,,,,,,,,,,,,,,,,,,,,,,,,,,,,,,,,,,,,,,,,,,,,,,,,,,,,,,,,,,,,,,,,,,,,,,,,,,,,,,,,,,,,,,,,,,,,,,,,,,,49326311.6,47826311.6,46026311.6,44826311.6,43126311.6,41726311.6,40026311.6,36626311.6,32926311.6,29226311.6,25826311.6,22426311.6,18926311.6,15726311.6,13864737.6,11929679.6,9759657.6,,,,,,,,,,,,,,,,,,,,,,,,,,,,,,,,,,,,,,,,,,,,,,,,,,,,,,,,,,,,
COM00269.00,Copper,Spain,37500.0,12.0,1.0,6680.73,,,,,,,,,,,,,,,,,,,,,,,,,,,,,,,,,,,,,,,,,,,,,,,,,,,,,,,,,,,,62000.0,51000.0,52000.0,52000.0,50700.0,49500.0,,,,,,,,,,,,,,,,1896.0,1898.0,1900.0,1902.0,1904.0,1906.0,,,,,,,,,,,,,,,,"Copper, Copper cathode","Copper, Copper cathode","Copper, Copper cathode","Copper, Copper cathode","Copper, Copper cathode","Copper, Copper cathode",,,,,,,,,,,,,,,,0.89,0.9,0.9,0.92,0.9,0.93,,,,,,,,,,,,,,,,69304.0,71090.0,70029.0,73643.0,73664.0,70738.0,,,,,,,,,,,,,,,,Oth.cuca,Oth.cuca,Oth.cuca,Oth.cuca,Oth.cuca,Oth.cuca,,,,,,,,,,,,,,,,,,Me.Cu,Me.Cu,Me.Cu,Me.Cu,Me.Cu,Me.Cu,,,,,,,,,,,,,,,,"Open pit, Leaching tanks","Open pit, Leaching tanks","Open pit, Leaching tanks","Open pit, Leaching tanks","Open pit, Leaching tanks","Open pit, Leaching tanks",,,,,,,,,,,,,,,,Cobre Las Cruces,Cobre Las Cruces,Cobre Las Cruces,Cobre Las Cruces,Cobre Las Cruces,Cobre Las Cruces,,,,,,,,,,,,,,,,Mine,Mine,Mine,Mine,Mine,Mine,,,,,,,,,,,,,,,,,,,,,,,,,,,,,,,,,,,,,,,189.0,189.0,189.0,189.0,189.0,189.0,,,,,,,,,,,,,,,,O.Cu,O.Cu,O.Cu,O.Cu,O.Cu,O.Cu,,,,,,,,,,,,,,,,,,,,,,,,,,,,,,,,,,,,,,1253000.0,1539000.0,1500000.0,1538000.0,1619000.0,1544000.0,,,,,,,,,,,,,,,,1253000.0,1539000.0,1500000.0,1538000.0,1619000.0,1544000.0,,,,,,,,,,,,,,,,,,,,,,,,,,,,,,,,,,,,,,,,,,,,,,10130000.0,8877000.0,7338000.0,5838000.0,4300000.0,2756000.0,,,,,,,,,,,,,,,,,,,,,,,,,,,,,,,,,,,,,,,,,,,,,,,,,,,,,,,,,,,
COM00271.00,Iron,Australia,56861.95,28.0,1.0,77.1,,,,,,,,,,,,,,,,,,,,,,,,,,,,,,,,,,,,,,,,,,,,,,,,,,,,,680000.0,680000.0,680000.0,,,,,,,,,,,,,,,,,,,1907.0,1908.0,1909.0,,,,,,,,,,,,,,,,,,,"Iron, Iron ore fines","Iron, Iron ore fines","Iron, Iron ore fines",,,,,,,,,,,,,,,,,,,0.0,0.0,0.0,,,,,,,,,,,,,,,,,,,952000.0,952000.0,544000.0,,,,,,,,,,,,,,,,,,,Me.Fe,Me.Fe,Me.Fe,,,,,,,,,,,,,,,,,,,,,,,,,,,,,,,,,,,,,,,,,,Open pit,Open pit,Open pit,,,,,,,,,,,,,,,,,,,Cockatoo Island,Cockatoo Island,Cockatoo Island,,,,,,,,,,,,,,,,,,,Mine,Mine,Mine,,,,,,,,,,,,,,,,,,,,,,,,,,,,,,,,,,,,,,,,,,,,,,,,,,,,,,,,,,,,,,,Con.Fe,Con.Fe,Con.Fe,,,,,,,,,,,,,,,,,,,,1400000.0,1400000.0,800000.0,,,,,,,,,,,,,,,,,,,,,,,,,,,,,,,,,,,,,,,,,,,,,,,,,,,,,,,,,,,,,,,,,,,,,,,,,,,,,,,,,,,,,,,,,,,,,,,,,,,,,,,,,,,,,,,,,,,,,,,,,,,,,,,,,,,,,,,,,,,,,,,,,,,,,,,,,,,,,,,,,,
COM00272.00,Copper,Chile,14122.0,24.0,1.0,2279.37,,,,,,,,,,,,,,,,,,,,,,,,,,,,,,,,,,,,,,,,,,,,,,,,,,,,,,,,,,,,,,,,,,,,,,,,,,,,,,,,,,,,,,,,,"Copper, Copper cathodes, Molybdenum, Gold, Silver","Copper, Copper cathodes, Molybdenum, Gold, Silver","Copper, Copper cathodes, Molybdenum, Gold, Silver","Copper, Copper cathodes, Molybdenum, Gold, Silver","Copper, Copper cathodes, Molybdenum, Gold, Silver","Copper, Copper cathodes, Molybdenum, Gold, Silver","Copper, Copper cathodes, Molybdenum, Gold, Silver","Copper, Copper cathodes, Molybdenum, Gold, Silver","Copper, Copper cathodes, Molybdenum, Gold, Silver","Copper, Copper cathodes, Molybdenum, Gold, Silver","Copper, Copper cathodes, Molybdenum, Gold, Silver","Copper, Copper cathodes, Molybdenum, Gold, Silver","Copper, Copper cathodes, Molybdenum, Gold, Silver","Copper, Copper cathodes, Molybdenum, Gold, Silver","Copper, Copper cathodes, Molybdenum, Gold, Silver","Copper, Copper cathodes, Molybdenum, Gold, Silver","Copper, Copper cathodes, Molybdenum, Gold, Silver","Copper, Copper cathodes, Molybdenum, Gold, Silver","Copper, Copper cathodes, Molybdenum, Gold, Silver",,,,,,,,,,,,,,,,,,,,,,,,821548.0,902267.0,893862.0,907169.0,982817.0,964931.0,940613.0,896308.0,755258.0,874748.0,903721.0,210.71,106.927,99.79,186.941,624372.0,620265.0,267.319,261.959,,,Me.Cu,Me.Cu,Me.Cu,Me.Cu,Me.Cu,Me.Cu,Me.Cu,Me.Cu,Me.Cu,Me.Cu,Me.Cu,Me.Ag,Me.Ag,Me.Ag,Me.Ag,Me.Cu,Me.Cu,Me.Ag,Me.Ag,,,,,,,,,,,,,,,,,,,,,,,Me.Cu,,,Open pit,Open pit,Open pit,Open pit,Open pit,Open pit,Open pit,Open pit,Open pit,Open pit,Open pit,Open pit,Open pit,Open pit,Open pit,Open pit,Open pit,Open pit,Open pit,,,Codelco Norte,Codelco Norte,Codelco Norte,Codelco Norte,Codelco Norte,Codelco Norte,Codelco Norte,Codelco Norte,Codelco Norte,Codelco Norte,Codelco Norte,Codelco Norte,Codelco Norte,Codelco Norte,Codelco Norte,Codelco Norte,Codelco Norte,Codelco Norte,Codelco Norte,,,Mine,Mine,Mine,Mine,Mine,Mine,Mine,Mine,Mine,Mine,Mine,Mine,Mine,Mine,Mine,Mine,Mine,Mine,Mine,,,,,,,,,,,,,,,,,,,,,,,,,,,,,,,,,,,,,,,,,,,,190.0,,,O.Cu,O.Cu,O.Cu,O.Cu,O.Cu,O.Cu,O.Cu,O.Cu,O.Cu,O.Cu,O.Cu,O.Cu,O.Cu,O.Cu,O.Cu,O.Cu,O.Cu,O.Cu,O.Cu,,,,,,,,,,,,,,,,,,,,,,,,,,,,,,,,,,,,,,,,,,,,,,,,,,,,,,,,,,,,,,,,,,,,,,,,,,,,,,,19100000.0,,,,,,,,,,,,,,,5928.12016104057,,,,,,,,,,,,,,,,,,,,,3229000000.0,,,,,,,,,,,,,,,,,,,,,,,,,,,,,,,,,,,,,,,,,,,,,,,,,,,,,,,,,,,
COM00274.00,Aluminium,Suriname,848.28,93.0,0.0,1835.51,,,,,,,,,,,,,,,,,,,,,,,,,,,,,,,,,,,,,,,,,,,,,,,,,,,,,,,,,,,,,,,,,,,,,,,,,,,,,,,,,,,,,,,,,,,,,,,,,,,,,Bauxite,Bauxite,Bauxite,Bauxite,,,,,,,,,,,,,,,,,,,,,,,,,,,,,,,,,,,,,,,,,,,,,,,,,,,,,,,,,,,,,,,,,,,,,,,,,,,,,,,,,,,,,,,,,,,,,,,,,,,,,,,,Open pit,Open pit,Open pit,Open pit,,,,,,,,,,,,,,,,,,Coermotibo and Onverdacht,Coermotibo and Onverdacht,Coermotibo and Onverdacht,Coermotibo and Onverdacht,,,,,,,,,,,,,,,,,,Mine,Mine,Mine,Mine,,,,,,,,,,,,,,,,,,,,,,,,,,,,,,,,,,,,,,,,,,,,,,,,,,,,,,,,,,,,,,O.Al,O.Al,O.Al,O.Al,,,,,,,,,,,,,,,,,,,,,,,,,,,,,,,,,,,,,,,,3000000.0,2700000.0,2700000.0,1600000.0,,,,,,,,,,,,,,,,,,3000000.0,2700000.0,2700000.0,1600000.0,,,,,,,,,,,,,,,,,,,,,,,,,,,,,,,,,,,,,,,,,,,,,,,,,,,,,,,,,,,,,,,,,,,,,,,,,,,,,,,,,,,,,,,,,,,,,,,,,,,,,,,,,,,,,,,,,
COM00277.00,Other (poly)-metallic,Australia,56861.95,2.0,0.0,,,,,,,,,,,,,,,,,,,,,,,,,,,,,,,,,,,,,,,,,,,,,,,,,,,,,,9200.0,10100.0,8700.0,,,,,,,,,,,,,,,,,,,2052.0,2054.0,2056.0,,,,,,,,,,,,,,,,,,,Tin,Tin,Tin,,,,,,,,,,,,,,,,,,,0.68,0.76,0.8,,,,,,,,,,,,,,,,,,,282.0,1917.0,1632.0,,,,,,,,,,,,,,,,,,,Me.Sn,Me.Sn,Me.Sn,,,,,,,,,,,,,,,,,,,,,,,,,,,,,,,,,,,,,,,,,,Underground,Underground,Underground,,,,,,,,,,,,,,,,,,,Collingwood,Collingwood,Collingwood,,,,,,,,,,,,,,,,,,,Mine,Mine,Mine,,,,,,,,,,,,,,,,,,,,,,,,,,,,,,,,,,,,,,,,,,,,,,,,,,,,,,,,,,,,,,,O.Sn,O.Sn,O.Sn,,,,,,,,,,,,,,,,,,,,,,,,,,,,,,,,,,,,,,,,,40253.0,251530.0,232003.0,,,,,,,,,,,,,,,,,,,45376.0,251130.0,232297.0,,,,,,,,,,,,,,,,,,,,,,,,,,,,,,,,,,,,,,,,,,,,,,,,,,,,,,,,,,,,,,,,,,,,,,,,,,,,,,,,,,,,,,,,,,,,,,,,,,,,,,,,,,,,,,,,,,,,,,,,
COM00280.00,Coal,United States of America,55819.0,53.0,1.0,43.21,,,,,,10236845.0,9127339.0,9981922.0,11480616.0,12162830.0,11550470.0,11232043.0,11636654.0,9167256.0,11116829.0,7951608.0,7253064.0,7481678.0,7941629.0,8540381.0,7981546.0,7834579.0,,,,,10236845.0,9127339.0,9981922.0,11480616.0,12162830.0,11550470.0,11232043.0,11636654.0,9167256.0,11116829.0,7951608.0,7253064.0,7481678.0,7941629.0,8540381.0,7981546.0,7834579.0,,,,,,,,,,,,,,,,,,,,,,,,,,,,,,,,,,,,,,,,,,,,,,,Sub-bituminous coal,Sub-bituminous coal,Sub-bituminous coal,Sub-bituminous coal,Sub-bituminous coal,Sub-bituminous coal,Sub-bituminous coal,Sub-bituminous coal,Sub-bituminous coal,Sub-bituminous coal,Sub-bituminous coal,Sub-bituminous coal,Sub-bituminous coal,Sub-bituminous coal,Sub-bituminous coal,Sub-bituminous coal,Sub-bituminous coal,,,,,,,,,,,,,,,,,,,,,,,,,,,,,,,,,,,,,,,,,,,,,,,,,,,,,,,,,,,,,,,,,,,,,,,,,,,,,,,,,,,,,,,,,,,,,,,,,,,,,,,,,,,,,,,,Colstrip,Colstrip,Colstrip,Colstrip,Colstrip,Colstrip,Colstrip,Colstrip,Colstrip,Colstrip,Colstrip,Colstrip,Colstrip,Colstrip,Colstrip,Colstrip,Colstrip,,,,,Mine,Mine,Mine,Mine,Mine,Mine,Mine,Mine,Mine,Mine,Mine,Mine,Mine,Mine,Mine,Mine,Mine,,,,,,,,,,,,,,,,,,,,,,,,,,,,193.0,193.0,193.0,193.0,193.0,193.0,193.0,193.0,193.0,193.0,193.0,193.0,193.0,193.0,193.0,193.0,193.0,,,,,F.sbc,F.sbc,F.sbc,F.sbc,F.sbc,F.sbc,F.sbc,F.sbc,F.sbc,F.sbc,F.sbc,F.sbc,F.sbc,F.sbc,F.sbc,F.sbc,F.sbc,,,,,,,,,,,,,,,,,,,,,,,,,,,,,,,,,,,,,,,,,,,,,,,,,,,,,,,,,,,,,,,,,,,,,,,,,,,,,,,,,,,,,,,,,,,,,,,,,,,373556836.4,363319991.4,354192652.4,344210730.4,332730114.4,320567284.4,309016814.4,297784771.4,286148117.4,276980861.4,265864032.4,257912424.4,250659360.4,243177682.4,235236053.4,226695672.4,218714126.4,,,,,,,,,,,,,,,,,,,,,,,,,,,,,,,,,,,,,,,,,,,,,,,,,,,,,,,,,,,,
COM00281.00,Other mine,Peru,10531.43,10.0,1.0,,,,,,,,,,,,,,,,,,,,,,,,,,,,,,,,,,,,,,,,,,,,,,,,,,,,,,,,,,,,,,,,,,,,,,,,,,,,,,,,,,,,,,,,,,,,,,,,,,,,,,,,"Gold, Silver, Copper",,,,,,,,,,,,,,,,,,,,,,,,,,,,,,,,,,,,,,,,,,,,,,,,,,,,,,,,,,,,,,,,,,,,,,,,,,,,,,,,,,,,,,Me.Ag,,,,,,,,,,,,,,,,,,,,,,,,,,,,,,,,,,,,,,,,,,Conga,,,,,,,,,,,,,,,,,,,,,Mine,,,,,,,,,,,,,,,,,,,,,,,,,,,,,,,,,,,,,,,,,,,,194.0,,,,,,,,,,,,,,,,,,,,,O.bulk,,,,,,,,,,,,,,,,,,,,,,,,,,,,,,,,,,,,,,,,,,,,,,,,,,,,,,,,,,,,,,,,,,,,,,,,,,,,,,,1071.0433226874393,,,,,,,,,,,,,,,1.7009713878,,,,,,,,,,,,,,,,,,,,,590847127.5559883,,,,,,,,,,,,,,,,,,,,,,,,,,,,,,,,,,,,,,,,,,,,,,,,,,,,,,,,,,,,,,,
COM00283.00,Copper,Peru,10531.43,7.0,1.0,5630.38,,,,,,,,,,,,,,,,,,,,,,,,,,,,,,,,,,,,,,,,,,,,,,,,,,,,,,,,,,,,,,141.054716,148.147142,140.008974,150.599258,145.323968,,,,,,,,,,,,,,,,,2067.0,2070.0,2073.0,2076.0,2079.0,,,,,,,,,,,,,,,,,"Copper, Molybdenum, Gold, Silver","Copper, Molybdenum, Gold, Silver","Copper, Molybdenum, Gold, Silver","Copper, Molybdenum, Gold, Silver","Copper, Molybdenum, Gold, Silver",,,,,,,,,,,,,,,,,0.0,0.0,0.0,0.0,0.0,,,,,,,,,,,,,,,,,56.307,78.117,67.184,77.255,70.885,,,,,,,,,,,,,,,,,Me.Ag,Me.Ag,Me.Ag,Me.Ag,Me.Ag,,,,,,,,,,,,,,,,,,,Me.Ag,Me.Ag,Me.Ag,Me.Ag,Me.Ag,,,,,,,,,,,,,,,,,Open pit,Open pit,Open pit,Open pit,Open pit,,,,,,,,,,,,,,,,,Constancia,Constancia,Constancia,Constancia,Constancia,,,,,,,,,,,,,,,,,Mine,Mine,Mine,Mine,Mine,,,,,,,,,,,,,,,,,,,,,,,,,,,,,,,,,,,,,,,,197.0,197.0,197.0,197.0,197.0,,,,,,,,,,,,,,,,,Con.bulk,Con.bulk,Con.bulk,Con.bulk,Con.bulk,,,,,,,,,,,,,,,,,,399189.0,527296.0,479858.0,512984.0,487772.0,,,,,,,,,,,,,,,,,25828849.0,26519954.0,29982808.0,34372156.0,33308369.0,,,,,,,,,,,,,,,,,23522010.0,27032775.0,28743952.0,31282610.0,31387281.0,,,,,,,,,,,,,,,,,,,,,,,,,,,,,,,,,,,,,,,,,,,,,,,610503767.0,584674918.0,558154964.0,528172156.0,493800000.0,,,,,,,,,,,,,,,,,,,,,,,,,,,,,,,,,,,,,,,,,,,,,,,,,,,,,,,,,,
COM00298.00,Coal,United States of America,55819.0,5.0,1.0,69.16,,,,,,,,,,,,,,,,,,,,,1360800.0,1995840.0,2268000.0,1542240.0,,,,,,,,,,,,,,,,,,1360800.0,1995840.0,2268000.0,1542240.0,,,,,,,,,,,,,,,,,,,,,,,,,,,,,,,,,,,,,,,,,,,,,,,,,,,,,,,,,,,,Lignite,Lignite,Lignite,Lignite,,,,,,,,,,,,,,,,,,,,,,,,,,,,,,,,,,,,,,,,,,,,,,,,,,,,,,,,,,,,,,,,,,,,,,,,,,,,,,,,,,,,,,,,,,,,,,,,,,,,,,,,Surface,Surface,Surface,Surface,,,,,,,,,,,,,,,,,,Coyote Creek,Coyote Creek,Coyote Creek,Coyote Creek,,,,,,,,,,,,,,,,,,Mine,Mine,Mine,Mine,,,,,,,,,,,,,,,,,,,,,,,,,,,,,,,,,,,,,,,,,,,,207.0,,,,,,,,,,,,,,,,,,F.lig,F.lig,F.lig,F.coal,,,,,,,,,,,,,,,,,,,,,,,,,,,,,,,,,,,,,,,,,,,,,,,,,,,,,,,,,,,,,,,,,,,,,,,,,,,,,,,,,,,,,,,,,,,,,,,,,,,,,,,,,,,,,,,,,,,63141119.99999999,,,,,,,,,,,,,,,,,,,,,,,,,,,,,,,,,,,,,,,,,,,,,,,,,,,,,,,,,,
COM00300.00,Gold,Australia,56861.95,17.0,1.0,507.23,,,,,,,,,,,,,,,,,,,,,,,,,,,,,,,,,,,,,,,,,,,,,,,,,,,,9.68,11.57,0.39,,,,,,,,,,,,,,,,,,,2261.0,2263.0,2265.0,,,,,,,,,,,,,,,,,,,"Gold, Silver","Gold, Silver","Gold, Silver","Gold, Silver","Gold, Silver","Gold, Silver","Gold, Silver",,,,,,,,,,,,,,,0.897,0.943,0.939,,,,,,,,,,,,,,,,,,,1.161,3.452,3.629,3.34,3.085,3.196,3.164,,,,,,,,,,,,,,,Me.Au,Me.Au,Me.Au,Me.Au,Me.Au,Me.Au,Me.Au,,,,,,,,,,,,,,,,,,,,,,,,,,,,,,,,,,,,,,Underground,Underground,Underground,Underground,Underground,Underground,Underground,,,,,,,,,,,,,,,Cracow,Cracow,Cracow,Cracow,Cracow,Cracow,Cracow,,,,,,,,,,,,,,,Mine,Mine,Mine,Mine,Mine,Mine,Mine,,,,,,,,,,,,,,,,,,,,,,,,,,,,,,,,,,,,,,,,,,,,,,,,,,,,,,,,,,,O.Au,O.Au,O.Au,O.Au,O.Au,O.Au,O.Au,,,,,,,,,,,,,,,,,,,,,,,,,,,,,,,,,,,,,140000.0,320000.0,380000.0,,,,,,,,,,,,,,,,,,,130000.0,320000.0,390000.0,,,,,,,,,,,,,,,,,,,,,,,,,,,,,,,,,,,,,,,,,,,,,,,,,,,,,,,,,,,,,,,,,,,,,,,,,,,,,,,,,,,,,,,,,,,,,,,,,,,,,,,,,,,,,,,,,,,,,,,,,
COM00302.00,Gold,United States of America,55819.0,45.0,1.0,353.86,,,,,,,,,,,,,,,,,,,,,,,,,,,,,,,,,,,,,,,,,,,,,,,,0.536885,0.514407,0.469176,0.512472,0.487257,0.368024,0.382515,0.330958,0.330492,0.320652,0.372873,0.33504,0.314843,0.324624,,0.566274,0.652508,0.578129,0.43277,,,2305.0,2307.0,2309.0,2311.0,2313.0,2315.0,2317.0,2319.0,2321.0,2323.0,2325.0,2327.0,2329.0,2331.0,,2333.0,2335.0,2337.0,2339.0,,,"Gold, Silver","Gold, Silver","Gold, Silver","Gold, Silver","Gold, Silver","Gold, Silver","Gold, Silver","Gold, Silver","Gold, Silver","Gold, Silver","Gold, Silver","Gold, Silver","Gold, Silver","Gold, Silver","Gold, Silver","Gold, Silver","Gold, Silver","Gold, Silver","Gold, Silver",,,,,,,,,,,,,,,,,,,,,,,,6.067,6.379,8.023,9.327,9.355,8.023,7.995,7.314,6.18,6.605,7.569,7.002,6.549,6.265,5.613,11.226,12.786,10.206,9.129,,,Me.Au,Me.Au,Me.Au,Me.Au,Me.Au,Me.Au,Me.Au,Me.Au,Me.Au,Me.Au,Me.Au,Me.Au,Me.Au,Me.Au,Me.Au,Me.Au,Me.Au,Me.Au,Me.Au,,,,,Me.Au,Me.Au,Me.Au,Me.Au,Me.Au,Me.Au,Me.Au,Me.Au,Me.Au,Me.Au,Me.Au,Me.Au,Me.Au,Me.Au,,Me.Au,Me.Au,Me.Au,Me.Au,,,"Open pit, Heap leaching plant","Open pit, Heap leaching plant","Open pit, Heap leaching plant","Open pit, Heap leaching plant","Open pit, Heap leaching plant","Open pit, Heap leaching plant","Open pit, Heap leaching plant","Open pit, Heap leaching plant","Open pit, Heap leaching plant","Open pit, Heap leaching plant","Open pit, Heap leaching plant","Open pit, Heap leaching plant","Open pit, Heap leaching plant","Open pit, Heap leaching plant","Open pit, Heap leaching plant","Open pit, Heap leaching plant","Open pit, Heap leaching plant","Open pit, Heap leaching plant","Open pit, Heap leaching plant",,,Cripple Creek & Victor,Cripple Creek & Victor,Cripple Creek & Victor,Cripple Creek & Victor,Cripple Creek & Victor,Cripple Creek & Victor,Cripple Creek & Victor,Cripple Creek & Victor,Cripple Creek & Victor,Cripple Creek & Victor,Cripple Creek & Victor,Cripple Creek & Victor,Cripple Creek & Victor,Cripple Creek & Victor,Cripple Creek & Victor,Cripple Creek & Victor,Cripple Creek & Victor,Cripple Creek & Victor,Cripple Creek & Victor,,,Mine,Mine,Mine,Mine,Mine,Mine,Mine,Mine,Mine,Mine,Mine,Mine,Mine,Mine,Mine,Mine,Mine,Mine,Mine,,,,,,,,,,,,,,,,302.0,303.0,304.0,305.0,,,,,,,212.0,212.0,212.0,212.0,212.0,212.0,212.0,212.0,212.0,212.0,212.0,212.0,212.0,212.0,,212.0,213.0,212.0,212.0,,,O.Au,O.Au,O.Au,O.Au,O.Au,O.Au,O.Au,O.Au,O.Au,O.Au,O.Au,O.Au,O.Au,O.Au,O.Au,O.Au,O.Au,O.Au,O.Au,,,,,,,,,,,,,,,,,,,,,,,,,11300000.0,12400000.0,17100000.0,18200000.0,19200000.0,21800000.0,20900000.0,22100000.0,18700000.0,20600000.0,20300000.0,20900000.0,20800000.0,19300000.0,,19825042.0,19594613.0,17653205.0,21093307.0,,,11300000.0,12400000.0,17100000.0,18200000.0,19200000.0,21800000.0,20900000.0,22100000.0,18700000.0,20600000.0,20300000.0,20900000.0,20800000.0,19300000.0,,19825042.0,19594613.0,17653205.0,21093307.0,,,,,,,,,133.5262539423,,,,98.65634004,,,,,,,,,,,0.8,,,,0.5731909036519691,,,,,406150000.0,394850000.0,382450000.0,365350000.0,347150000.0,327950000.0,306150000.0,285250000.0,263150000.0,244450000.0,223850000.0,203550000.0,182650000.0,163350000.0,,143524958.0,174200000.0,156546795.0,135453488.0,,,,,,,,,,,,,,,,38542392.0,39063124.8,37874692.8,38094235.2,,,,,,,,,,,,,,,,Waste rock,Waste rock,Waste rock,Waste rock,,,,,,,,,,,,,,,,18717350.4,19473955.2,20221488.0,17000928.0,
COM00305.00,Copper,Peru,10531.43,45.0,1.0,2279.37,,,,,,,,,,,,,,,,,,,,,,,,,,,,,,,,,,,,,,,,,,,,,,,5871.769974,5463.340812,5652.892625,6192.621196,6630.115998,264300.0,261600.0,257700.0,258300.0,262800.0,265800.0,258400.0,255800.0,255500.0,254000.0,256500.0,261100.0,260300.0,243100.0,250000.0,,2365.0,2367.0,2370.0,2373.0,2376.0,2377.0,2382.0,2387.0,2392.0,2397.0,2402.0,2407.0,2412.0,2417.0,2422.0,2427.0,2432.0,2437.0,2442.0,2447.0,,"Copper, Molybdenum, Silver","Copper, Molybdenum, Silver","Copper, Molybdenum, Silver","Copper, Molybdenum, Silver","Copper, Molybdenum, Silver","Copper, Molybdenum, Silver","Copper, Molybdenum, Silver","Copper, Molybdenum, Silver","Copper, Molybdenum, Silver","Copper, Molybdenum, Silver","Copper, Molybdenum, Silver","Copper, Molybdenum, Silver","Copper, Molybdenum, Silver","Copper, Molybdenum, Silver","Copper, Molybdenum, Silver","Copper, Molybdenum, Silver","Copper, Molybdenum, Silver","Copper, Molybdenum, Silver","Copper, Molybdenum, Silver","Copper, Molybdenum, Silver",,,,,,,0.0,0.0,0.0,0.0,0.0,0.0,0.0,0.0,0.0,0.0,0.0,0.0,0.0,0.0,0.0,,178942.19,165107.623,168207.473,184527.726,194388.371,163700.0,174400.0,182100.0,196100.0,188950.0,165000.0,140100.0,158800.0,168600.0,178300.0,178200.0,171400.0,158100.0,160600.0,156400.0,,Me.Cu,Me.Cu,Me.Cu,Me.Cu,Me.Cu,Me.Cu,Me.Cu,Me.Cu,Me.Cu,Me.Cu,Me.Cu,Me.Cu,Me.Cu,Me.Cu,Me.Cu,Me.Cu,Me.Cu,Me.Cu,Me.Cu,Me.Cu,,,,,,,,,Me.Cu,Me.Cu,Me.Cu,Me.Cu,Me.Cu,Me.Cu,Me.Cu,Me.Cu,Me.Cu,Me.Cu,Me.Cu,Me.Cu,Me.Cu,Me.Cu,Me.Cu,,"Open pit, SX plant","Open pit, SX plant","Open pit, SX plant","Open pit, SX plant","Open pit, SX plant","Open pit, SX plant","Open pit, SX plant","Open pit, SX plant","Open pit, SX plant","Open pit, SX plant","Open pit, SX plant","Open pit, SX plant","Open pit, SX plant","Open pit, SX plant","Open pit, SX plant","Open pit, SX plant","Open pit, SX plant","Open pit, SX plant","Open pit, SX plant","Open pit, SX plant",,Cuajone,Cuajone,Cuajone,Cuajone,Cuajone,Cuajone,Cuajone,Cuajone,Cuajone,Cuajone,Cuajone,Cuajone,Cuajone,Cuajone,Cuajone,Cuajone,Cuajone,Cuajone,Cuajone,Cuajone,,Mine,Mine,Mine,Mine,Mine,Mine,Mine,Mine,Mine,Mine,Mine,Mine,Mine,Mine,Mine,Mine,Mine,Mine,Mine,Mine,,,,,306.0,307.0,308.0,309.0,310.0,311.0,312.0,313.0,314.0,315.0,316.0,317.0,318.0,319.0,320.0,,,,,,,,,,,216.0,216.0,216.0,216.0,216.0,216.0,216.0,216.0,216.0,216.0,216.0,216.0,216.0,216.0,216.0,,O.bulk,O.bulk,Con.Cu,Con.Cu,Con.Cu,Con.Cu,Con.Cu,Con.Cu,Con.Cu,Con.Cu,Con.Cu,Con.Cu,Con.Cu,Con.Cu,Con.Cu,Con.Cu,Con.Cu,Con.Cu,Con.Cu,Con.Cu,,,,,651200.0,710000.0,752900.0,619200.0,666700.0,706700.0,759100.0,718900.0,620700.0,542300.0,620700.0,659800.0,702100.0,694600.0,656500.0,607500.0,660700.0,625500.0,,30475000.0,30221000.0,29756000.0,29798000.0,29319000.0,29544000.0,28299000.0,28310000.0,30217000.0,32030000.0,31461000.0,29073000.0,28708000.0,29269000.0,30555000.0,30956000.0,30825000.0,29769000.0,29571000.0,29017000.0,,30475000.0,30221000.0,29756000.0,29798000.0,29319000.0,29621000.0,28228000.0,28352000.0,30250000.0,32049000.0,31419000.0,28946000.0,28732000.0,29353000.0,30555000.0,31093000.0,30681000.0,29751000.0,29575000.0,29056000.0,,,,,,,,,,,,,,,,,,,,,,,,,,,,,,,,,,,,,11065600.0,11065600.0,11024000.0,11024000.0,11024000.0,11013000.0,11003000.0,7907000.0,7353000.0,4282000.0,2384000.0,2384000.0,2384000.0,2384000.0,1262000.0,,,,,109855000.0,112410000.0,116438000.0,118054000.0,117939000.0,126144000.0,140108000.0,154091000.0,173277000.0,182812000.0,191651000.0,175009000.0,149265000.0,175177000.0,153911000.0,,,,,,,,,,,,,,,,,,,,,,,,,,,,,,,,,,,,,,,
COM00314.00,Aluminium,Australia,56861.95,58.0,1.0,1835.51,,,,,,,,,,,,,,,,,,,,,,,,,,,,,,,,,,,,,,,,,,,,,,,,,,,,,,,,,,,,,,,,,,,,,,,,,,,,,,,,,,,,,,,,,,,,,,,,,,,,,Bauxite,Bauxite,Bauxite,Bauxite,Bauxite,Bauxite,Bauxite,Bauxite,,,,,,,,,,,,,,,,,,,,,,,,,,,,,,,,,,,,,,,,,,,,,,,,,,,,,,,,,,,,,,,,,,,,,,,,,,,,,,,Me.Al2O3,Me.Al2O3,Me.Al2O3,Me.Al2O3,Me.Al2O3,Me.Al2O3,Me.Al2O3,Me.Al2O3,,,,,,,,,,,,,,Open pit,Open pit,Open pit,Open pit,Open pit,Open pit,Open pit,Open pit,,,,,,,,,,,,,,Darling Range Mines,Darling Range Mines,Darling Range Mines,Darling Range Mines,Darling Range Mines,Darling Range Mines,Darling Range Mines,Darling Range Mines,,,,,,,,,,,,,,Mine,Mine,Mine,Mine,Mine,Mine,Mine,Mine,,,,,,,,,,,,,,,,,,,,,,,,,,,,,,,,,,,,,219.0,219.0,219.0,219.0,219.0,219.0,219.0,219.0,,,,,,,,,,,,,,O.Al,O.Al,O.Al,O.Al,O.Al,O.Al,O.Al,O.Al,,,,,,,,,,,,,,,,,,,,,,,,,,,,,,,,,,,,31800000.0,31400000.0,31400000.0,31700000.0,32400000.0,33200000.0,33500000.0,34700000.0,,,,,,,,,,,,,,31800000.0,31400000.0,31400000.0,31700000.0,32400000.0,33200000.0,33500000.0,34700000.0,,,,,,,,,,,,,,,,,,,,,,,,,,,,,,,,,,,,,,,,,,,,353600000.0,321800000.0,290400000.0,259000000.0,227300000.0,194900000.0,161700000.0,128200000.0,,,,,,,,,,,,,,,,,,,,,,,,,,,,,,,,,,,,,,,,,,,,,,,,,,,,,,,,,,
COM00319.00,Coal,Australia,56861.95,8.0,1.0,75.08,,,,,,,,,,,,,,,,,,950000.0,4402000.0,4766000.0,5248000.0,5120000.0,5112000.0,4356000.0,,,,,,,,,,,,,,,950000.0,4402000.0,4766000.0,5248000.0,5120000.0,5112000.0,4356000.0,,,,,,,,,,,,,,,,,,,,,,,,,,,,,,,,,,,,,,,,,,,,,,,,,,,,,,,,,Metallurgical bituminous coal,Metallurgical bituminous coal,Metallurgical bituminous coal,Metallurgical bituminous coal,Metallurgical bituminous coal,Metallurgical bituminous coal,Metallurgical bituminous coal,,,,,,,,,,,,,,,,,,,,,,,,,,,,,,,,,,,,,,,,,,,,,,,,,,,,,,,,,,,,,,,,,,,,,,,,,,,,,,,,,,,,,,,,,,,,,,,,,,,,,Open pit,Open pit,Open pit,Open pit,Open pit,Open pit,Open pit,,,,,,,,,,,,,,,Daunia,Daunia,Daunia,Daunia,Daunia,Daunia,Daunia,,,,,,,,,,,,,,,Mine,Mine,Mine,Mine,Mine,Mine,Mine,,,,,,,,,,,,,,,,,,,,,,,,,,,,,,,,,,,,,,,,,,,,223.0,,,,,,,,,,,,,,,F.coc,F.coc,F.coc,F.coc,F.coc,F.coc,F.coal,,,,,,,,,,,,,,,,,,,,,,,,,,,,,,,,,,,,,,,,,,,,,,,,,,,,,,,,,,,,,,,,,,,,,,,,,,,,,,,,,,,,,,,,,,,,,,,,,,,,,,,,,,,,,,,,,,,99000000.0,,,,,,,,,,,,,,,,,,,,,,,,,,,,,,,,,,,,,,,,,,,,,,,,,,,,,,,,,,
COM00321.00,Other (poly)-metallic,China,19604.88,63.0,1.0,,,,,,,,,,,,,,,,,,,,,,,,,,,,,,,,,,,,,,,,,,,,,,,,,,,,,,,,,,,,189000.0,185000.0,184000.0,180000.0,185000.0,177000.0,201000.0,206000.0,,,,,,,,,,,,,,2506.0,2510.0,2514.0,2518.0,2522.0,2526.0,2530.0,2534.0,,,,,,,,,,,,,,"Manganese, Electrolytic manganese metal, Manganese briquette, Electrolytic manganese dioxide, Manganese sulfate","Manganese, Electrolytic manganese metal, Manganese briquette, Electrolytic manganese dioxide, Manganese sulfate","Manganese, Electrolytic manganese metal, Manganese briquette, Electrolytic manganese dioxide, Manganese sulfate","Manganese, Electrolytic manganese metal, Manganese briquette, Electrolytic manganese dioxide, Manganese sulfate","Manganese, Electrolytic manganese metal, Manganese briquette, Electrolytic manganese dioxide, Manganese sulfate","Manganese, Electrolytic manganese metal, Manganese briquette, Electrolytic manganese dioxide, Manganese sulfate","Manganese, Electrolytic manganese metal, Manganese briquette, Electrolytic manganese dioxide, Manganese sulfate","Manganese, Electrolytic manganese metal, Manganese briquette, Electrolytic manganese dioxide, Manganese sulfate",,,,,,,,,,,,,,0.0,0.0,0.0,0.0,0.0,0.0,0.0,0.0,,,,,,,,,,,,,,143829.0,160395.0,170568.0,167220.0,185370.0,166026.0,205824.0,195288.0,,,,,,,,,,,,,,Me.Mn,Me.Mn,Me.Mn,Me.Mn,Me.Mn,Me.Mn,Me.Mn,Me.Mn,,,,,,,,,,,,,,,,Me.Mn,Me.Mn,Me.Mn,Me.Mn,Me.Mn,Me.Mn,Me.Mn,Me.Mn,,,,,,,,,,,,,,"Open pit, Underground","Open pit, Underground","Open pit, Underground","Open pit, Underground","Open pit, Underground","Open pit, Underground","Open pit, Underground","Open pit, Underground",,,,,,,,,,,,,,Daxin,Daxin,Daxin,Daxin,Daxin,Daxin,Daxin,Daxin,,,,,,,,,,,,,,"Mine, Refinery","Mine, Refinery","Mine, Refinery","Mine, Refinery","Mine, Refinery","Mine, Refinery","Mine, Refinery","Mine, Refinery",,,,,,,,,,,,,,,,,,,,,,,,,,,,,,,,,,,,,226.0,226.0,226.0,226.0,226.0,226.0,226.0,226.0,,,,,,,,,,,,,,Con.MnCO3,Con.MnCO3,Con.MnCO3,Con.MnCO3,Con.MnCO3,Con.MnCO3,Con.MnCO3,Con.MnCO3,,,,,,,,,,,,,,,761000.0,867000.0,927000.0,929000.0,1002000.0,938000.0,1024000.0,948000.0,,,,,,,,,,,,,,1266000.0,1455000.0,1907000.0,1147000.0,1505000.0,1800000.0,1875000.0,1646000.0,,,,,,,,,,,,,,1266000.0,1455000.0,1907000.0,1147000.0,1505000.0,1800000.0,1875000.0,1646000.0,,,,,,,,,,,,,,,,,,,,,,,,,,,,,,,,,,,,,,,,,,,,71075000.0,69809000.0,68354000.0,66447000.0,65300000.0,63795000.0,61995000.0,60120000.0,,,,,,,,,,,,,,,,,,,,,,,,,,,,,,,,,,,,,,,,,,,,,,,,,,,,,,,,,,
COM00325.00,Copper,China,19604.88,14.0,1.0,7459.11,,,,,,,,,,,,,,,,,,,,,,,,,,,,,,,,,,,,,,,,,,,,,,,,,,,,,,,,,,,,,,,,,,,,,,,,,,,,,,,,,,,,,,,,,,,,,,,,"Copper, Copper cathode","Copper, Copper cathode","Copper, Copper cathode","Copper, Copper cathode","Copper, Copper cathode","Copper, Copper cathode","Copper, Copper cathode","Copper, Copper cathode","Copper, Copper cathode","Copper, Copper cathode","Copper, Copper cathode",,,,,,,,,,,,,,,,,,,,,,,,,,,,,,,,5000.0,15047.0,24529.41,27587.05,28143.39,28280.8,23858.0,26114.0,18946.0,14900.0,9767.0,,,,,,,,,,,Me.Cu,Me.Cu,Me.Cu,Me.Cu,Me.Cu,Me.Cu,Me.Cu,Me.Cu,Me.Cu,Me.Cu,Me.Cu,,,,,,,,,,,,,,,,,,,,,,,,,,,,,,,,,,Open Pit,Open Pit,Open Pit,Open Pit,Open Pit,Open Pit,Open Pit,Open Pit,Open Pit,Open Pit,Open Pit,,,,,,,,,,,Deerni,Deerni,Deerni,Deerni,Deerni,Deerni,Deerni,Deerni,Deerni,Deerni,Deerni,,,,,,,,,,,Mine,Mine,Mine,Mine,Mine,Mine,Mine,Mine,Mine,Mine,Mine,,,,,,,,,,,,,,,,,,,,,,,,,,,,,,,,,,,,,,,,,,,,,,,,,,,,,,,O.Cu,O.Cu,O.Cu,O.Cu,O.Cu,O.Cu,O.Cu,O.Cu,O.Cu,O.Cu,O.Cu,,,,,,,,,,,,,,,,,,,,,,,,,,,,,,,,,,,,,,,,,,,,,,,,,,,,,,,,,,,,,,,,,,,,,,,,,,,,,,,,,,,,,,,,,,,,,,,,,,,,,,,,,,,,,,,,,,,,,,,,,,,,,,,,,,,,,,,,,,,,,,,,,,,,,,,,,,,,,,,,,,,,,,,,,,,,,,,
COM00326.00,Gold,Australia,56861.95,5.0,1.0,1399.78,,,,,,,,,,,,,,,,,,,,,,,,,,,,,,,,,,,,,,,,,,,,,,,,,,,,,,,,,,,,,,,,,,5.0,5.5,,,,,,,,,,,,,,,,,,,,2538.0,2540.0,,,,,,,,,,,,,,,,,,,,"Gold, Copper","Gold, Copper",,,,,,,,,,,,,,,,,,,,0.8969,0.8933,,,,,,,,,,,,,,,,,,,,2.709,3.246,,,,,,,,,,,,,,,,,,,,Me.Au,Me.Au,,,,,,,,,,,,,,,,,,,,,,Me.Au,Me.Au,,,,,,,,,,,,,,,,,,,,Underground,Underground,,,,,,,,,,,,,,,,,,,,Deflector,Deflector,,,,,,,,,,,,,,,,,,,,Mine,Mine,,,,,,,,,,,,,,,,,,,,,,,,,,,,,,,,,,,,,,,,,,,228.0,228.0,,,,,,,,,,,,,,,,,,,,O.bulk,O.bulk,,,,,,,,,,,,,,,,,,,,,,,,,,,,,,,,,,,,,,,,,,633896.0,707899.0,,,,,,,,,,,,,,,,,,,,607116.0,659353.0,,,,,,,,,,,,,,,12.643887258,,,,,,,,,,,,,,,6.199999999999999,,,,,,,,,,,,,,,,,,,,2858896.0,2225000.0,,,,,,,,,,,,,,,,,,,,,,,,,,,,,,,,,,,,,,,,,,,,,,,,,,,,,,,,,
COM00327.00,Copper,Australia,56861.95,9.0,1.0,7223.39,,,,,,,,,,,,,,,,,,,,,,,,,,,,,,,,,,,,,,,,,,,,,,,,,,,,,,,,,,,4.8,3.9,3.8,4.2,4.2,4.4,4.6,4.8,4.3,,,,,,,,,,,,,2544.0,2547.0,2553.0,2556.0,2559.0,2562.0,2565.0,2568.0,2571.0,,,,,,,,,,,,,"Copper, Gold","Copper, Gold","Copper, Gold","Copper, Gold","Copper, Gold","Copper, Gold","Copper, Gold","Copper, Gold","Copper, Gold",,,,,,,,,,,,,0.043403,0.072876,0.076396,0.061986,0.062223,0.057197,0.052438,0.047582,0.059033,,,,,,,,,,,,,0.082,0.509,0.959,1.058,1.064,1.093,1.111,1.258,1.196,,,,,,,,,,,,,Me.Au,Me.Au,Me.Au,Me.Au,Me.Au,Me.Au,Me.Au,Me.Au,Me.Au,,,,,,,,,,,,,,,,Me.Au,Me.Au,Me.Au,Me.Au,Me.Au,Me.Au,Me.Au,Me.Au,,,,,,,,,,,,,"Open pit, Underground","Open pit, Underground","Open pit, Underground","Open pit, Underground","Open pit, Underground","Open pit, Underground","Open pit, Underground","Open pit, Underground","Open pit, Underground",,,,,,,,,,,,,DeGrussa,DeGrussa,DeGrussa,DeGrussa,DeGrussa,DeGrussa,DeGrussa,DeGrussa,DeGrussa,,,,,,,,,,,,,Mine,Mine,Mine,Mine,Mine,Mine,Mine,Mine,Mine,,,,,,,,,,,,,,,,,,,,,,,,,,,,,,,,,,,,,230.0,230.0,230.0,230.0,230.0,230.0,230.0,230.0,,,,,,,,,,,,,O.Cu,Con.bulk,Con.bulk,Con.bulk,Con.bulk,Con.bulk,Con.bulk,Con.bulk,Con.bulk,,,,,,,,,,,,,,,144602.0,278454.0,275446.0,278171.0,275078.0,268093.0,287336.0,303607.0,,,,,,,,,,,,,17000.0,127951.0,1496686.0,1474782.0,1593168.0,1530301.0,1665860.0,1624988.0,1669533.0,,,,,,,,,,,,,17000.0,128730.0,1490954.0,1465523.0,1572862.0,1623952.0,1641244.0,1619714.0,1600122.0,,,,,,,,,,,,,,,5.95339983,,,,,,,,,,,,,,,1.6,,,,,,,,,,,,,,14689576.0,13585785.0,12089099.0,10614317.0,9021149.0,7490848.0,5824988.0,4200000.0,,,,,,,,,,,,,,,,,,,,,,,,,,,,,,,,,,,,,,,,,,,,,,,,,,,,,,,,,
COM00329.00,Coal,Russian Federation,11616.07,5.0,1.0,75.31,,,,,,,,,,,,,,,,,,,,,,,,4665000.0,4677000.0,,,,,,,,,,,,,,,,,,,,4665000.0,4677000.0,,,,,,,,,,,,,,,,,,,,,,,,,,,,,,,,,,,,,,,,,,,,,,,,,,,,,,,,,,,,,,Coking coal,Coking coal,,,,,,,,,,,,,,,,,,,,,,,,,,,,,,,,,,,,,,,,,,,,,,,,,,,,,,,,,,,,,,,,,,,,,,,,,,,,,,,,,,,,,,,,,,,,,,,,,,,,,,,,,,Open pit,Open pit,,,,,,,,,,,,,,,,,,,,Denisovskiy,Denisovskiy,,,,,,,,,,,,,,,,,,,,Mine,Mine,,,,,,,,,,,,,,,,,,,,,,,,,,,,,,,,,,,,,,,,,,,,,,,,,,,,,,,,,,,,,,,,F.coc,F.coc,,,,,,,,,,,,,,,,,,,,,,,,,,,,,,,,,,,,,,,,,,,,,,,,,,,,,,,,,,,,,,,,,,,,,,,,,,,,,,,,,,,,,,,,,,,,,,,,,,,,,,,,,,,,,,,,,,,,,,,,,,,,,,,,,,,,,,,,,,,,,,,,,,,,,,,,,,,,,,,,,,,,,,,,,,,,
COM00331.00,Aluminium,Guinea,2051.1,4.0,1.0,2069.97,,,,,,,,,,,,,,,,,,,,,,,,,,,,,,,,,,,,,,,,,,,,,,,,,,,,,,,,,,,,,,,,,,,,,,,,,,,,,,,,,,,,,,,,,,,,,,,,,,,,,,,,,,,Bauxite,Bauxite,,,,,,,,,,,,,,,,,,,,,,,,,,,,,,,,,,,,,,,,,,,,,,,,,,,,,,,,,,,,,,,,,,,,,,,,,,,,,,,,,,,,,,,,,,,,,,,,,,,,,,,,,,,,,,,,,,,,,,,,,,,,,,,Dian Dian,Dian Dian,,,,,,,,,,,,,,,,,,,,Mine,Mine,,,,,,,,,,,,,,,,,,,,,,,,,,,,,,,,,,,,,,,,,,,,,,,,,,,,,,,,,,,,,,,,O.Al,O.Al,,,,,,,,,,,,,,,,,,,,,,,,,,,,,,,,,,,,,,,,,,840000.0,2780000.0,,,,,,,,,,,,,,,,,,,,840000.0,2780000.0,,,,,,,,,,,,,,,,,,,,,,,,,,,,,,,,,,,,,,,,,,,,,,,,,,,,,,,,,,,,,,,,,,,,,,,,,,,,,,,,,,,,,,,,,,,,,,,,,,,,,,,,,,,,,
COM00332.00,Other mine,Canada,43833.79,18.0,1.0,,,,,,,,,,,,,,,,,,,,,,,,,,,,,,,,,,,,,,,,,,,,,,,,,,,,,,,,,,,,,,,,,,,,,,,,,,,,,,,,,,,,,,,,,,,,,Diamonds,Diamonds,Diamonds,Diamonds,Diamonds,Diamonds,Diamonds,Diamonds,Diamonds,Diamonds,Diamonds,Diamonds,Diamonds,Diamonds,Diamonds,Diamonds,,,,,,,,,,,,,,,,,,,,,,,,,,,0.767,1.515,1.654,1.966,2.389,1.845,1.113,1.3,1.335,1.446,1.449,1.447,1.281,1.332,1.497,1.453,,,,,,Nm.dia,Nm.dia,Nm.dia,Nm.dia,Nm.dia,Nm.dia,Nm.dia,Nm.dia,Nm.dia,Nm.dia,Nm.dia,Nm.dia,Nm.dia,Nm.dia,Nm.dia,Nm.dia,,,,,,,,,,,,,,,,,,,,,,,Nm.dia,,,,,,,,,,,,,,,,,,,,,,,,,,,Diavik,Diavik,Diavik,Diavik,Diavik,Diavik,Diavik,Diavik,Diavik,Diavik,Diavik,Diavik,Diavik,Diavik,Diavik,Diavik,,,,,,Mine,Mine,Mine,Mine,Mine,Mine,Mine,Mine,Mine,Mine,Mine,Mine,Mine,Mine,Mine,Mine,,,,,,,,,,,,,,,,,,,,,,,,,,,,,,,,,,,,,,,,,,,,232.0,,,,,,,,,,,,,,,,,,,,,O.dig,,,,,,,,,,,,,,,,,,,,,,,,,,,,,,,,,,,,,,,,,,,,,,,,,,,,,,,,,,,,,,,,,,,,,,,,,,,,,,,,,,,,,,,,,,,,,,,,,,,,,,,,,,,,,,,,,,,12000000.0,,,,,,,,,,,,,,,,,,,,,,,,,,,,,,,,,,,,,,,,,,,,,,,,,,,,,,,,,,,
COM00333.00,Gold,Philippines,5979.99,8.0,1.0,1286.07,,,,,,,,,,,,,,,,,,,,,,,,,,,,,,,,,,,,,,,,,,,,,,,,,,,,,,,,,,,,3.070201,2.917468,2.38229,2.249516,2.006599,1.516072,1.012971,,,,,,,,,,,,,,,2579.0,2581.0,2583.0,2585.0,2587.0,2589.0,2591.0,,,,,,,,,,,,,,,"Gold, Copper, Silver","Gold, Copper, Silver","Gold, Copper, Silver","Gold, Copper, Silver","Gold, Copper, Silver","Gold, Copper, Silver","Gold, Copper, Silver",,,,,,,,,,,,,,,1.330704,0.791245,0.891,0.899,0.909,0.896,0.883,,,,,,,,,,,,,,,7.916,9.078,8.531,7.873,7.023,5.306,2.69,,,,,,,,,,,,,,,Me.Ag,Me.Ag,Me.Ag,Me.Ag,Me.Ag,Me.Ag,Me.Ag,,,,,,,,,,,,,,,,,Me.Ag,Me.Ag,Me.Ag,Me.Ag,Me.Ag,Me.Ag,Me.Ag,,,,,,,,,,,,,,,"Open Pit, Underground","Open Pit, Underground","Open Pit, Underground","Open Pit, Underground","Open Pit, Underground","Open Pit, Underground","Open Pit, Underground",,,,,,,,,,,,,,,Didipio,Didipio,Didipio,Didipio,Didipio,Didipio,Didipio,,,,,,,,,,,,,,,Mine,Mine,Mine,Mine,Mine,Mine,Mine,,,,,,,,,,,,,,,325.0,326.0,327.0,328.0,329.0,,,,,,,,,,,,,,,,,,,233.0,233.0,233.0,233.0,233.0,233.0,233.0,,,,,,,,,,,,,,,O.Au,O.Au,O.Au,O.Au,O.Au,O.Au,O.Au,,,,,,,,,,,,,,,,,,,,,,,,,,,,,,,,,,,,,2578295.0,3111516.0,7064000.0,9199000.0,3764000.0,991000.0,1173000.0,,,,,,,,,,,,,,,2578295.0,3111516.0,3581000.0,3500000.0,3500000.0,3500000.0,2656000.0,,,,,,,,,,,,,,,75.9767219884,,,,,,,,,,,,,,,1.9394663573085849,,,,,,,,,,,,,,,69807811.0,67229516.0,64118000.0,57054000.0,47855000.0,44091000.0,43100000.0,,,,,,,,,,,,,,,,,,,,,,,,,,,,,,,,,,Waste rock,Waste rock,Waste rock,Waste rock,Waste rock,,,,,,,,,,,,,,,24555000.0,17333000.0,240000.0,267000.0,94000.0,
COM00334.00,Coal,United States of America,55819.0,18.0,0.0,33.2,,,,,4263840.0,4263840.0,3265920.0,,,,,,,,,,,,,,,,,,,4263840.0,4263840.0,3265920.0,,,,,,,,,,,,,,,,,,,,,,,,,,,,,,,,,,,,,,,,,,,,,,,,,,,,,,,,,,,,,Coal,Coal,Coal,,,,,,,,,,,,,,,,,,,,,,,,,,,,,,,,,,,,,,,,,,,,,,,,,,,,,,,,,,,,,,,,,,,,,,,,,,,,,,,,,,,,,,,,,,,,,,,,,,,,,,,,,Underground,Underground,Underground,,,,,,,,,,,,,,,,,,,Dilworth,Dilworth,Dilworth,,,,,,,,,,,,,,,,,,,Mine,Mine,Mine,,,,,,,,,,,,,,,,,,,,,,,,,,,,,,,,,,,,,,,,,,,,,,,,,,,,,,,,,,,,,,,F.coal,F.coal,F.coal,,,,,,,,,,,,,,,,,,,,,,,,,,,,,,,,,,,,,,,,,,,,,,,,,,,,,,,,,,,,,,,,,,,,,,,,,,,,,,,,,,,,,,,,,,,,,,,,,,,,,,,,,,,,,,,,,,,,,,,,,,,,,,,,,,,,,,,,,,,,,,,,,,,,,,,,,,,,,,,,,,,,,,,,,,,,,,,,,,,,,,,,,,,,,,
COM00338.00,Gold,Mexico,9018.86,13.0,1.0,847.72,,,,,,,,,,,,,,,,,,,,,,,,,,,,,,,,,,,,,,,,,,,,,,,,,,,,,,,23.5,20.58,40.91,45.38,17.271659,48.0,40.0,44.0,37.0,38.0,31.0,38.0,,,,,,,,,,2600.0,2602.0,2604.0,2606.0,2608.0,2610.0,2612.0,2614.0,2616.0,2618.0,2620.0,2622.0,,,,,,,,,,"Silver, Gold","Silver, Gold","Silver, Gold","Silver, Gold","Silver, Gold","Silver, Gold","Silver, Gold","Silver, Gold","Silver, Gold","Silver, Gold","Silver, Gold","Silver, Gold",,,,,,,,,,0.02946,0.007223,0.003937,0.001317,,0.001125,0.001343,0.001154,0.001569,0.001451,0.001928,0.00123,,,,,,,,,,1.624,37.306,34.488,101.098,100.107,99.135,112.691,120.275,108.615,119.766,115.492,144.953,,,,,,,,,,Me.Ag,Me.Ag,Me.Ag,Me.Ag,Me.Ag,Me.Ag,Me.Ag,Me.Ag,Me.Ag,Me.Ag,Me.Ag,Me.Ag,,,,,,,,,,,,Me.Ag,Me.Ag,Me.Ag,Me.Ag,Me.Ag,Me.Ag,Me.Ag,Me.Ag,Me.Ag,Me.Ag,Me.Ag,Me.Ag,,,,,,,,,,"Open pit, Underground, cyanide heap leaching plant, Merrill Crowe plant","Open pit, Underground, cyanide heap leaching plant, Merrill Crowe plant","Open pit, Underground, cyanide heap leaching plant, Merrill Crowe plant","Open pit, Underground, cyanide heap leaching plant, Merrill Crowe plant","Open pit, Underground, cyanide heap leaching plant, Merrill Crowe plant","Open pit, Underground, cyanide heap leaching plant, Merrill Crowe plant","Open pit, Underground, cyanide heap leaching plant, Merrill Crowe plant","Open pit, Underground, cyanide heap leaching plant, Merrill Crowe plant","Open pit, Underground, cyanide heap leaching plant, Merrill Crowe plant","Open pit, Underground, cyanide heap leaching plant, Merrill Crowe plant","Open pit, Underground, cyanide heap leaching plant, Merrill Crowe plant","Open pit, Underground, cyanide heap leaching plant, Merrill Crowe plant",,,,,,,,,,Dolores,Dolores,Dolores,Dolores,Dolores,Dolores,Dolores,Dolores,Dolores,Dolores,Dolores,Dolores,,,,,,,,,,Mine,Mine,Mine,Mine,Mine,Mine,Mine,Mine,Mine,Mine,Mine,Mine,,,,,,,,330.0,331.0,332.0,333.0,,,,,,,,,,,,,,,,,,,,,,236.0,236.0,236.0,236.0,236.0,236.0,236.0,236.0,236.0,236.0,236.0,236.0,,,,,,,,,,O.bulk,O.bulk,O.bulk,O.bulk,O.bulk,O.bulk,O.bulk,O.bulk,O.bulk,O.bulk,O.bulk,O.bulk,,,,,,,,,,,,,,,,,,,,,,,,,,,,,,,,2928975.0,6373148.0,5888752.0,8343791.0,5796000.0,5352000.0,6054000.0,6109000.0,6306000.0,6605000.0,6903000.0,6777000.0,,,,,,,,,,1124174.0,5545592.0,5554293.0,6041410.0,5796000.0,5352000.0,6054000.0,6109000.0,6306000.0,6605000.0,6903000.0,6777000.0,,,,,,,,,,,,,,,,,,,,,,,,,,,,,,,,,,,,,,,,110359666.0,107430691.0,101057543.0,95168791.0,86825000.0,81029000.0,75677000.0,69623000.0,63514000.0,57208000.0,50603000.0,43700000.0,,,,,,,,18574252.0,26540332.0,27645151.0,30930930.0,,,,,,,,,,,,,,,,,,,,,,,,,,,,,,,,,,,,,,,,,,,,,,,
COM00341.00,Coal,United States of America,55819.0,53.0,0.0,33.2,,,,,3538080.0,4173120.0,4082400.0,4445280.0,4354560.0,4263840.0,4263840.0,4173120.0,4263840.0,3810240.0,3538080.0,3265920.0,3084480.0,3175200.0,3538080.0,3628800.0,3356640.0,2358720.0,2268000.0,1179360.0,,3538080.0,4173120.0,4082400.0,4445280.0,4354560.0,4263840.0,4263840.0,4173120.0,4263840.0,3810240.0,3538080.0,3265920.0,3084480.0,3175200.0,3538080.0,3628800.0,3356640.0,2358720.0,2268000.0,1179360.0,,,,,,,,,,,,,,,,,,,,,,,,,,,,,,,,,,,,,,,,,,,,Coal,Coal,Coal,Coal,Coal,Coal,Coal,Coal,Coal,Coal,Coal,Coal,Coal,Coal,Coal,Coal,Coal,Coal,Coal,Coal,,,,,,,,,,,,,,,,,,,,,,,,,,,,,,,,,,,,,,,,,,,,,,,,,,,,,,,,,,,,,,,,,,,,,,,,,,,,,,,,,,,,,,,,Underground,Underground,Underground,Underground,Underground,Underground,Underground,Underground,Underground,Underground,Underground,Underground,Underground,Underground,Underground,Underground,Underground,Underground,Underground,Underground,,Dotiki Complex,Dotiki Complex,Dotiki Complex,Dotiki Complex,Dotiki Complex,Dotiki Complex,Dotiki Complex,Dotiki Complex,Dotiki Complex,Dotiki Complex,Dotiki Complex,Dotiki Complex,Dotiki Complex,Dotiki Complex,Dotiki Complex,Dotiki Complex,Dotiki Complex,Dotiki Complex,Dotiki Complex,Dotiki Complex,,Mine,Mine,Mine,Mine,Mine,Mine,Mine,Mine,Mine,Mine,Mine,Mine,Mine,Mine,Mine,Mine,Mine,Mine,Mine,Mine,,,,,,,,,,,,,,,,,,,,,,,,,238.0,238.0,238.0,238.0,238.0,238.0,238.0,238.0,238.0,238.0,238.0,238.0,238.0,238.0,238.0,238.0,238.0,238.0,238.0,238.0,,F.coal,F.coal,F.coal,F.coal,F.coal,F.coal,F.coal,F.coal,F.coal,F.coal,F.coal,F.coal,F.coal,F.coal,F.coal,F.coal,F.coal,F.coal,F.coal,F.coal,,,,,,,,,,,,,,,,,,,,,,,,,,,,,,,,,,,,,,,,,,,,,,,,,,,,,,,,,,,,,,,,,,,,,,,,,,,,,,,,,,,,,,,,,,,,,,,,138620160.0,135082080.0,130908960.0,126826560.0,122381280.0,118026720.0,113762880.0,109499040.0,105325920.0,101062080.0,97251840.0,93713760.0,90447840.0,87363360.0,84188160.0,80650080.0,77021280.0,73664640.0,71305920.0,69037920.0,,,,,,,,,,,,,,,,,,,,,,,,,,,,,,,,,,,,,,,,,,,,,,,,,,,,,,,,,,
COM00344.00,Gold,South Africa,16266.82,69.0,1.0,1514.58,,,,,,,,,,,,,,,,,,,,,,,,,,,,,,,,,,,,,,,,,,,,,,,,,,,,,,,,,,,2.899261,3.535782,3.306301,3.005891,2.70139,2.481277,3.048002,,,,,,,,,,,,,,,2624.0,2626.0,2628.0,2630.0,2632.0,2634.0,2636.0,,,,,,,,,,,,,,,Gold,Gold,Gold,Gold,Gold,Gold,Gold,,,,,,,,,,,,,,,,,,,,,,,,,,,,,,,,,,,,13.728,18.775,17.735,17.35,16.13,14.992,9.58,,,,,,,,,,,,,,,Me.Au,Me.Au,Me.Au,Me.Au,Me.Au,Me.Au,Me.Au,,,,,,,,,,,,,,,,,Me.Au,Me.Au,Me.Au,Me.Au,Me.Au,Me.Au,Me.Au,,,,,,,,,,,,,,,"Underground, Surface","Underground, Surface","Underground, Surface","Underground, Surface","Underground, Surface","Underground, Surface","Underground, Surface",,,,,,,,,,,,,,,Driefontein,Driefontein,Driefontein,Driefontein,Driefontein,Driefontein,Driefontein,,,,,,,,,,,,,,,Mine,Mine,Mine,Mine,Mine,Mine,Mine,,,,,,,,,,,,,,,,,,,,,,,,,,,,,,,,,,,,,,240.0,240.0,240.0,240.0,240.0,240.0,240.0,,,,,,,,,,,,,,,O.Au,O.Au,O.Au,O.Au,O.Au,O.Au,O.Au,,,,,,,,,,,,,,,,,,,,,,,,,,,,,,,,,,,,,4735000.0,5310000.0,5364000.0,5772000.0,5971000.0,6042000.0,3143000.0,,,,,,,,,,,,,,,4735000.0,5310000.0,5364000.0,5772000.0,5971000.0,6042000.0,3143000.0,,,,,,,,,,,,,,,94.20546536099002,,,,,,,,,,,,,,,6.8933333333333335,,,,,,,,,,,,,,,48194000.0,43459000.0,38149000.0,32785000.0,27013000.0,21042000.0,15000000.0,,,,,,,,,,,,,,,,,,,,,,,,,,,,,,,,,,,,,,,,,,,,,,,,,,,,,,,,,,,
COM00352.00,Zinc,Australia,56861.95,3.0,1.0,2971.39,,,,,,,,,,,,,,,,,,,,,,,,,,,,,,,,,,,,,,,,,,,,,,,,,,,,,,,,,,,,,,,,,9507.092588,,,,,,,,,,,,,,,,,,,,,2648.0,,,,,,,,,,,,,,,,,,,,"Zinc, Lead, Silver","Zinc, Lead, Silver",,,,,,,,,,,,,,,,,,,,,,,,,,,,,,,,,,,,,,,,,4014.0,25.453,,,,,,,,,,,,,,,,,,,,Me.Zn,Me.Ag,,,,,,,,,,,,,,,,,,,,,,,Me.Ag,,,,,,,,,,,,,,,,,,,,,,,,,,,,,,,,,,,,,,,,,Dugald River,Dugald River,,,,,,,,,,,,,,,,,,,,Mine,Mine,,,,,,,,,,,,,,,,,,,,,,,,,,,,,,,,,,,,,,,,,,,,241.0,,,,,,,,,,,,,,,,,,,,,O.bulk,,,,,,,,,,,,,,,,,,,,,,,,,,,,,,,,,,,,,,,,,,,1473804.0,,,,,,,,,,,,,,,,,,,,,1755847.0,,,,,,,,,,,,,,,,,,,,,,,,,,,,,,,,,,,,,,,,,,,,,,,,,,,28600000.0,,,,,,,,,,,,,,,,,,,,,,,,,,,,,,,,,,,,,,,,,,,,,,,,,,,,,,,,,,,
COM00354.00,Gold,Australia,56861.95,11.0,1.0,1413.19,,,,,,,,,,,,,,,,,,,,,,,,,,,,,,,,,,,,,,,,,,,,,,,,,,,,,,,,,,1.4,1.39,1.400046,1.135202,1.11,1.03,1.11,1.19,1.27,1.25,,,,,,,,,,,,2650.0,2652.0,2654.0,2656.0,2658.0,2660.0,2662.0,2664.0,2666.0,2668.0,,,,,,,,,,,,Gold,Gold,Gold,Gold,Gold,Gold,Gold,Gold,Gold,Gold,,,,,,,,,,,,0.91,0.93,0.904098,0.895964,0.88,0.9,0.93,0.94,0.94,0.94,,,,,,,,,,,,2.517,3.278,9.29,7.538,9.642,9.487,10.078,11.228,11.291,10.948,,,,,,,,,,,,Me.Au,Me.Au,Me.Au,Me.Au,Me.Au,Me.Au,Me.Au,Me.Au,Me.Au,Me.Au,,,,,,,,,,,,,,Me.Au,Me.Au,Me.Au,Me.Au,Me.Au,Me.Au,Me.Au,Me.Au,Me.Au,Me.Au,,,,,,,,,,,,,,,,,,,,,,,,,,,,,,,,,Duketon,Duketon,Duketon,Duketon,Duketon,Duketon,Duketon,Duketon,Duketon,Duketon,,,,,,,,,,,,Mine,Mine,Mine,Mine,Mine,Mine,Mine,Mine,Mine,Mine,,,,,,,,,,,,,,,,,,,,,,,,,,,,,,,,,,,245.0,245.0,245.0,245.0,245.0,245.0,245.0,245.0,245.0,246.0,,,,,,,,,,,,O.Au,O.Au,O.Au,O.Au,O.Au,O.Au,O.Au,O.Au,O.Au,O.Au,,,,,,,,,,,,,,,,,,,,,,,,,,,,,,,,,,2027872.0,2557001.0,6147476.0,9504693.0,11070000.0,10790000.0,10850000.0,10550000.0,10140000.0,9980000.0,,,,,,,,,,,,1972179.0,2541158.0,6373417.0,8585777.0,9840000.0,10250000.0,9780000.0,10040000.0,9430000.0,9370000.0,,,,,,,,76.97360240778688,,,,,,,45.359236800000005,,,,,,,,1.1339809252000002,,,,,,,1.1,,,,,,,,,,,,72207823.81967212,70179951.81967212,67622950.81967212,58118257.81967212,47048257.81967212,36258257.81967212,25408257.819672123,14858257.819672124,4718257.819672123,43000000.0,,,,,,,,,,,,,,,,,,,,,,,,,,,,,,,,,,,,,,,,,,,,,,,,,,,,,,,,,
COM00363.00,Nickel,United States of America,55819.0,7.0,1.0,15605.89,,,,,,,,,,,,,,,,,,,,,,,,,,,,,,,,,,,,,,,,,,,,,,,,,,,,,,,,,,,,,24000.0,34000.0,32000.0,29000.0,25000.0,20000.0,,,,,,,,,,,,,,,,2696.0,2698.0,2700.0,2702.0,2704.0,2706.0,,,,,,,,,,,,,,,,"Nickel, Copper","Nickel, Copper","Nickel, Copper","Nickel, Copper","Nickel, Copper","Nickel, Copper",,,,,,,,,,,,,,,,0.939,0.97,0.977,0.979,0.97,0.96,,,,,,,,,,,,,,,,3905.0,24331.0,23417.0,21302.0,17974.0,14297.0,,,,,,,,,,,,,,,,Me.Cu,Me.Cu,Me.Cu,Me.Cu,Me.Cu,Me.Cu,,,,,,,,,,,,,,,,,,Me.Ag,Me.Ag,Me.Ag,Me.Ag,Me.Ag,Me.Ag,,,,,,,,,,,,,,,,Underground,Underground,Underground,Underground,Underground,Underground,,,,,,,,,,,,,,,,Eagle,Eagle,Eagle,Eagle,Eagle,Eagle,,,,,,,,,,,,,,,,Mine,Mine,Mine,Mine,Mine,Mine,,,,,,,,,,,,,,,,,,,,,,,,,,,,,,,,,,,,,,,251.0,251.0,251.0,251.0,251.0,251.0,,,,,,,,,,,,,,,,O.bulk,O.bulk,O.bulk,O.bulk,O.bulk,O.bulk,,,,,,,,,,,,,,,,,,,,,,,,,,,,,,,,,,,,,,198000.0,740000.0,745000.0,760000.0,753000.0,748000.0,,,,,,,,,,,,,,,,174000.0,746000.0,748000.0,754000.0,754000.0,747000.0,,,,,,,,,,,,,,,20.9786471162,,,,,,,,,,,,,,,6.0,,,,,,,,,,,,,,,,7315000.0,7117000.0,6377000.0,5632000.0,4872000.0,4119000.0,,,,,,,,,,,,,,,,,,,,,,,,,,,,,,,,,,,,,,,,,,,,,,,,,,,,,,,,,,
COM00364.00,Coal,United States of America,55819.0,6.0,1.0,59.08,,,,,,,,,,,,,,,,,,,,453600.0,1632960.0,2177280.0,1905120.0,1360800.0,,,,,,,,,,,,,,,,,453600.0,1632960.0,2177280.0,1905120.0,1360800.0,,,,,,,,,,,,,,,,,,,,,,,,,,,,,,,,,,,,,,,,,,,,,,,,,,,,,,,,,,,"Bituminous coal, Sub-bituminous coal","Bituminous coal, Sub-bituminous coal","Bituminous coal, Sub-bituminous coal","Bituminous coal, Sub-bituminous coal","Bituminous coal, Sub-bituminous coal",,,,,,,,,,,,,,,,,,,,,,,,,,,,,,,,,,,,,,,,,,,,,,,,,,,,,,,,,,,,,,,,,,,,,,,,,,,,,,,,,,,,,,,,,,,,,,,,,,,,,,,Surface,Surface,Surface,Surface,Surface,,,,,,,,,,,,,,,,,Eagle Pass,Eagle Pass,Eagle Pass,Eagle Pass,Eagle Pass,,,,,,,,,,,,,,,,,Mine,Mine,Mine,Mine,Mine,,,,,,,,,,,,,,,,,,,,,,,,,,,,,,,,,,,,,,,,,,,,,,,,,,,,,,,,,,,,,F.sbc,F.sbc,F.sbc,F.obc,F.obc,,,,,,,,,,,,,,,,,,,,,,,,,,,,,,,,,,,,,,,,,,,,,,,,,,,,,,,,,,,,,,,,,,,,,,,,,,,,,,,,,,,,,,,,,,,,,,,,,,,,,,,,,,,,,,,,,,,,,,,,,,,,,,,,,,,,,,,,,,,,,,,,,,,,,,,,,,,,,,,,,,,,,,,,,,,,,
COM00368.00,Gold,Ghana,4509.6,9.0,1.0,1514.58,,,,,,,,,,,,,,,,,,,,,,,,,,,,,,,,,,,,,,,,,,,,,,,,,,,,,,,,,,,1.4,1.4,1.0,1.17,0.86,0.96,1.15,1.09,1.0,,,,,,,,,,,,,2709.0,2712.0,2715.0,2717.0,2719.0,2721.0,2723.0,2725.0,2727.0,,,,,,,,,,,,,Gold,Gold,Gold,Gold,Gold,Gold,Gold,Gold,Gold,,,,,,,,,,,,,0.835,0.833,0.84,0.88,0.83,0.84,0.834,0.818,0.766,,,,,,,,,,,,,4.27,6.483,5.614,6.597,4.786,5.48,6.857,5.97,5.338,,,,,,,,,,,,,Me.Au,Me.Au,Me.Au,Me.Au,Me.Au,Me.Au,Me.Au,Me.Au,Me.Au,,,,,,,,,,,,,,,Me.Au,Me.Au,Me.Au,Me.Au,Me.Au,Me.Au,Me.Au,Me.Au,Me.Au,,,,,,,,,,,,,Open pit,Open pit,Open pit,Open pit,Open pit,Open pit,Open pit,Open pit,Open pit,,,,,,,,,,,,,Edikan,Edikan,Edikan,Edikan,Edikan,Edikan,Edikan,Edikan,Edikan,,,,,,,,,,,,,Mine,Mine,Mine,Mine,Mine,Mine,Mine,Mine,Mine,,,,,,,,,,,358.0,359.0,360.0,361.0,362.0,363.0,364.0,365.0,366.0,,,,,,,,,,,,,,,,,256.0,256.0,256.0,256.0,256.0,256.0,256.0,256.0,256.0,,,,,,,,,,,,,O.Au,O.Au,O.Au,O.Au,O.Au,O.Au,O.Au,O.Au,O.Au,,,,,,,,,,,,,,,,,,,,,,,,,,,,,,,,,,,4864000.0,6162417.0,6100615.0,6152571.0,5305791.0,7631852.0,10190371.0,7037887.0,5631707.0,,,,,,,,,,,,,3688000.0,5647341.0,6650421.0,6393748.0,6608457.0,6828460.0,7134985.0,6680083.0,6943145.0,,,,,,,,,,,,,,,41.872245471,,,,,,,,,,,,,,,1.09,,,,,,,,,,,,,95545504.0,90681504.0,84519087.0,78418472.0,72265901.0,66960110.0,59328258.0,49137887.0,42100000.0,,,,,,,,,,,6553000.0,32709705.0,27109398.0,15243239.0,30422537.0,36732463.0,39915542.0,26559654.0,25158278.0,,,,,,,,,,,,,,,,,,,,,,,,,,,,,,,,,,,,,,
COM00372.00,Copper,Chile,14122.0,25.0,1.0,2279.37,,,,,,,,,,,,,,,,,,,,,,,,,,,,,,,,,,,,,,,,,,,,,,,5600.0,6000.0,5000.0,4900.0,,,,,,,,,,,,,,,,,,2738.0,2740.0,2742.0,2744.0,,,,,,,,,,,,,,,,,,Copper,Copper,Copper,Copper,Copper,Copper,Copper,Copper,Copper,Copper,Copper,Copper,Copper,Copper,Copper,Copper,Copper,Copper,Copper,Copper,,0.0,0.0,0.0,0.0,,,,,,,,,,,,,,,,,,217400.0,239800.0,248200.0,249800.0,218177.93,210466.86,218631.522,166014.807,166014.807,162386.068,145149.558,124284.309,153314.221,155582.183,166468.4,146963.928,99790.321,78471.48,90718.474,81646.627,,Me.Cu,Me.Cu,Me.Cu,Me.Cu,Me.Cu,Me.Cu,Me.Cu,Me.Cu,Me.Cu,Me.Cu,Me.Cu,Me.Cu,Me.Cu,Me.Cu,Me.Cu,Me.Cu,Me.Cu,Me.Cu,Me.Cu,Me.Cu,,,,Me.Cu,Me.Cu,Me.Cu,Me.Cu,,,,,,,,,,,,,,,,Me.Cu,,"Open pit, SX-EW","Open pit, SX-EW","Open pit, SX-EW","Open pit, SX-EW","Open pit, SX-EW","Open pit, SX-EW","Open pit, SX-EW","Open pit, SX-EW","Open pit, SX-EW","Open pit, SX-EW","Open pit, SX-EW","Open pit, SX-EW","Open pit, SX-EW","Open pit, SX-EW","Open pit, SX-EW","Open pit, SX-EW","Open pit, SX-EW","Open pit, SX-EW","Open pit, SX-EW","Open pit, SX-EW",,El Abra,El Abra,El Abra,El Abra,El Abra,El Abra,El Abra,El Abra,El Abra,El Abra,El Abra,El Abra,El Abra,El Abra,El Abra,El Abra,El Abra,El Abra,El Abra,El Abra,,Mine,Mine,Mine,Mine,Mine,Mine,Mine,Mine,Mine,Mine,Mine,Mine,Mine,Mine,Mine,Mine,Mine,Mine,Mine,Mine,,,,,,,,,,,,,,,,,,,,,,,,,258.0,258.0,258.0,258.0,,,,,,,,,,,,,,,,258.0,,O.Cu,O.Cu,O.Cu,O.Cu,,,,,,,,,,,,,,,,O.Cu,,,,,,,,,,,,,,,,,,,,,,,,67786000.0,82737000.0,76831000.0,87682000.0,,,,,,,,,,,,,,,,,,62042000.0,75875000.0,71224000.0,80604000.0,,,,,,,,,,,,,,,,,,,,,,,,,,,,,,,,,,,,,,,,,,,,,,,,1032036000.0,964250000.0,881513000.0,804682000.0,,,,,,,,,,,,,,,,717000000.0,,,,,,,,,,,,,,,,,,,,,,,,,,,,,,,,,,,,,,,,,,,,,,,,,,,,,,,,,,
COM00382.00,Copper,Chile,14122.0,117.0,1.0,2279.37,,,,,,,,,,,,,,,,,,,,,,,,,,,,,,,,,,,,,,,,,,,,,,,,,,,,,,,,,,,,,,,,,,,,,,,,,,,,,,,,,,,,,,,,,"Copper, Copper anodes, Molybdenum, Gold, Silver","Copper, Copper anodes, Molybdenum, Gold, Silver","Copper, Copper anodes, Molybdenum, Gold, Silver","Copper, Copper anodes, Molybdenum, Gold, Silver","Copper, Copper anodes, Molybdenum, Gold, Silver","Copper, Copper anodes, Molybdenum, Gold, Silver","Copper, Copper anodes, Molybdenum, Gold, Silver","Copper, Copper anodes, Molybdenum, Gold, Silver","Copper, Copper anodes, Molybdenum, Gold, Silver","Copper, Copper anodes, Molybdenum, Gold, Silver","Copper, Copper anodes, Molybdenum, Gold, Silver","Copper, Copper anodes, Molybdenum, Gold, Silver","Copper, Copper anodes, Molybdenum, Gold, Silver","Copper, Copper anodes, Molybdenum, Gold, Silver","Copper, Copper anodes, Molybdenum, Gold, Silver","Copper, Copper anodes, Molybdenum, Gold, Silver","Copper, Copper anodes, Molybdenum, Gold, Silver","Copper, Copper anodes, Molybdenum, Gold, Silver","Copper, Copper anodes, Molybdenum, Gold, Silver",,,,,,,,,,,,,,,,,,,,,,,,355664.0,355600.0,334306.0,339440.0,435658.0,437393.0,418332.0,404738.0,381224.0,404035.0,403616.0,81.775,82.771,91.975,96.722,471157.0,475339.0,96.664,96.614,,,Me.Cu,Me.Cu,Me.Cu,Me.Cu,Me.Cu,Me.Cu,Me.Cu,Me.Cu,Me.Cu,Me.Cu,Me.Cu,Me.Ag,Me.Ag,Me.Ag,Me.Ag,Me.Cu,Me.Cu,Me.Ag,Me.Ag,,,,,,,,,,,,,,,,,,,,,,,Me.Cu,,,"Open pit, Underground","Open pit, Underground","Open pit, Underground","Open pit, Underground","Open pit, Underground","Open pit, Underground","Open pit, Underground","Open pit, Underground","Open pit, Underground","Open pit, Underground","Open pit, Underground","Open pit, Underground","Open pit, Underground","Open pit, Underground","Open pit, Underground","Open pit, Underground","Open pit, Underground","Open pit, Underground","Open pit, Underground",,,El Teniente,El Teniente,El Teniente,El Teniente,El Teniente,El Teniente,El Teniente,El Teniente,El Teniente,El Teniente,El Teniente,El Teniente,El Teniente,El Teniente,El Teniente,El Teniente,El Teniente,El Teniente,El Teniente,,,"Mine, Smelter","Mine, Smelter","Mine, Smelter","Mine, Smelter","Mine, Smelter","Mine, Smelter","Mine, Smelter","Mine, Smelter","Mine, Smelter","Mine, Smelter","Mine, Smelter","Mine, Smelter","Mine, Smelter","Mine, Smelter","Mine, Smelter","Mine, Smelter","Mine, Smelter","Mine, Smelter","Mine, Smelter",,,,,,,,,,,,,,,,,,,,,,,,,,,,,,,,,,,,,,,,,,,,267.0,,,O.Cu,O.Cu,O.Cu,O.Cu,O.Cu,O.Cu,O.Cu,O.Cu,O.Cu,O.Cu,O.Cu,O.Cu,O.Cu,O.Cu,O.Cu,O.Cu,O.Cu,O.Cu,O.Cu,,,,,,,,,,,,,,,,,,,,,,,,,,,,,,,,,,,,,,,,,,,,,,,,,,,,,,,,,,,,,,,,,,,,,,,,,,,,,,,11400000.0,,,,,,,,,,,,,,,8500.0,,,,,,,,,,,,,,,,,,,,,1348000000.0,,,,,,,,,,,,,,,,,,,,,,,,,,,,,,,,,,,,,,,,,,,,,,,,,,,,,,,,,,,
COM00383.00,Iron,Mexico,9018.86,10.0,0.0,145.86,,,,,,,,,,,,,,,,,,,,,,,,,,,,,,,,,,,,,,,,,,,,,,,,,,,,,,,,,,650000.0,650000.0,650000.0,650000.0,650000.0,650000.0,650000.0,650000.0,650000.0,,,,,,,,,,,,,2899.0,2900.0,2901.0,2902.0,2903.0,2904.0,2905.0,2906.0,2907.0,,,,,,,,,,,,Iron,Iron,Iron,Iron,Iron,Iron,Iron,Iron,Iron,Iron,,,,,,,,,,,,,0.0,0.0,0.0,0.0,0.0,,0.0,0.0,0.0,,,,,,,,,,,,,1300000.0,1397500.0,1430000.0,1495000.0,1105000.0,0.0,1170000.0,1040000.0,195000.0,,,,,,,,,,,,,Me.Fe,Me.Fe,Me.Fe,Me.Fe,Me.Fe,Me.Fe,Me.Fe,Me.Fe,Me.Fe,,,,,,,,,,,,,,,,,,,,,,,,,,,,,,,,,,,Open pit,Open pit,Open pit,Open pit,Open pit,Open pit,Open pit,Open pit,Open pit,Open pit,,,,,,,,,,,,El Volcan,El Volcan,El Volcan,El Volcan,El Volcan,El Volcan,El Volcan,El Volcan,El Volcan,El Volcan,,,,,,,,,,,,Mine,Mine,Mine,Mine,Mine,Mine,Mine,Mine,Mine,Mine,,,,,,,,,,,,,,,,,,,,,,,,,,,,,,,,,,,,,,,,,,,,,,,,,,,,,,,,Con.Fe,Con.Fe,Con.Fe,Con.Fe,Con.Fe,Con.Fe,Con.Fe,Con.Fe,Con.Fe,Con.Fe,,,,,,,,,,,,,1800000.0,2000000.0,2150000.0,2200000.0,2300000.0,1700000.0,0.0,1800000.0,1600000.0,300000.0,,,,,,,,,,,,,,,,,,,,,,,,,,,,,,,,,,,,,,,,,,,,,,,,,,,,,,,,,,,,,,,,,,,,,,,,,,,,,,,,,,,,,,,,,,,,,,,,,,,,,,,,,,,,,,,,,,,,,,,,,,,,,,,,,,,,,,,,,,,,,,,,,,,,,,,
COM00386.00,Gold,Canada,43833.79,6.0,1.0,1185.92,,,,,,,,,,,,,,,,,,,,,,,,,,,,,,,,,,,,,,,,,,,,,,,,,,,,,,,,,,,,,,5.91,5.48,5.67,6.17,,,,,,,,,,,,,,,,,,2909.0,2911.0,2913.0,2915.0,,,,,,,,,,,,,,,,,,Gold,Gold,Gold,Gold,Gold,,,,,,,,,,,,,,,,,0.86,0.9,0.92,0.92,,,,,,,,,,,,,,,,,,8.336,8.522,9.487,10.637,,,,,,,,,,,,,,,,,,Me.Au,Me.Au,Me.Au,Me.Au,,,,,,,,,,,,,,,,,,,,Me.Au,Me.Au,Me.Au,Me.Au,Me.Au,,,,,,,,,,,,,,,,,Underground,Underground,Underground,Underground,Underground,,,,,,,,,,,,,,,,,Eleonore,Eleonore,Eleonore,Eleonore,Eleonore,,,,,,,,,,,,,,,,,Mine,Mine,Mine,Mine,Mine,,,,,,,,,,,,,,,,,,,,,,,,,,,,,,,,,,,,,,,,268.0,268.0,268.0,268.0,268.0,,,,,,,,,,,,,,,,,O.Au,O.Au,O.Au,O.Au,O.Au,,,,,,,,,,,,,,,,,,,,,,,,,,,,,,,,,,,,,,,1381000.0,1688000.0,1812000.0,1875000.0,,,,,,,,,,,,,,,,,,1707000.0,1688000.0,1812000.0,1875000.0,,,,,,,,,,,,,,,,36.28738944,,,,,,,,,,,,,,,4.39417608515,,,,,,,,,,,,,,,,,15056000.0,13675000.0,11987000.0,10175000.0,8300000.0,,,,,,,,,,,,,,,,,,,,,,,,,,,,,,,,,,,,,,,,,,,,,,,,,,,,,,,,,,
COM00387.00,Coal,Russian Federation,11616.07,10.0,1.0,85.86,,,,,,,,,,,,,,,,,200000.0,40000.0,700000.0,2600000.0,2800000.0,3500000.0,3400000.0,2800000.0,,,,,,,,,,,,,,200000.0,40000.0,700000.0,2600000.0,2800000.0,3500000.0,3400000.0,2800000.0,,,,,,,,,,,,,,,,,,,,,,,,,,,,,,,,,,,,,,,,,,,,,,,,,,,,,,,,"Coking coal, Thermal coal","Coking coal, Thermal coal","Coking coal, Thermal coal","Coking coal, Thermal coal","Coking coal, Thermal coal","Coking coal, Thermal coal","Coking coal, Thermal coal","Coking coal, Thermal coal",,,,,,,,,,,,,,,,,,,,,,,,,,,,,,,,,,,,,,,,,,,,,,,,,,,,,,,,,,,,,,,,,,,,,,,,,,,,,,,,,,,,,,,,,,,,,,,,,,,,Open pit,Open pit,Open pit,Open pit,Open pit,Open pit,Open pit,Open pit,,,,,,,,,,,,,,Elgaugol,Elgaugol,Elgaugol,Elgaugol,Elgaugol,Elgaugol,Elgaugol,Elgaugol,,,,,,,,,,,,,,Mine,Mine,Mine,Mine,Mine,Mine,Mine,Mine,,,,,,,,,,,,,,,,,,,,,,,,,,,,,,,,,,,,,,,,,,,,,,,,,,,,,,,,,,F.coc,F.coc,F.coc,F.coc,F.coc,F.coc,F.coc,F.coc,,,,,,,,,,,,,,,,,,,,,,,,,,,,,,,,,,,,,,,,,,,,,,,,,,,,,,,,,,,,,,,,,,,,,,,,,,,,,,,,,,,,,,,,,,,,,,,,,,,,,,,,,,,,,,,,,,,,,,,,,,,,,,,,,,,,,,,,,,,,,,,,,,,,,,,,,,,,,,,,,,,,,,,,,,,,,
COM00389.00,Coal,United States of America,55819.0,76.0,1.0,35.37,,,,,,,,181440.0,272160.0,1088640.0,997920.0,907200.0,997920.0,1088640.0,907200.0,,,,,,,,,,,,,,181440.0,272160.0,1088640.0,997920.0,907200.0,997920.0,1088640.0,907200.0,,,,,,,,,,,,,,,,,,,,,,,,,,,,,,,,,,,,,,,,,,,,,,,,,,,,,,,,Coal,Coal,Coal,Coal,Coal,Coal,Coal,Coal,,,,,,,,,,,,,,,,,,,,,,,,,,,,,,,,,,,,,,,,,,,,,,,,,,,,,,,,,,,,,,,,,,,,,,,,,,,,,,,,,,,,,,,,,,,,,,,,,,,,"Underground, Surface","Underground, Surface","Underground, Surface","Underground, Surface","Underground, Surface","Underground, Surface","Underground, Surface","Underground, Surface",,,,,,,,,,,,,,Emery,Emery,Emery,Emery,Emery,Emery,Emery,Emery,,,,,,,,,,,,,,Mine,Mine,Mine,Mine,Mine,Mine,Mine,Mine,,,,,,,,,,,,,,,,,,,,,,,,,,,,,,,,,,,,,,,,,,,,,,,,,,,,,,,,,,F.coal,F.coal,F.coal,F.coal,F.coal,F.coal,F.coal,F.coal,,,,,,,,,,,,,,,,,,,,,,,,,,,,,,,,,,,,,,,,,,,,,,,,,,,,,,,,,,,,,,,,,,,,,,,,,,,,,,,,,,,,,,,,,,,,,,,,,,,,,,,,,,,,,,,,,,,,,,,,,,,,,,,,,,,,,,,,,,,,,,,,,,,,,,,,,,,,,,,,,,,,,,,,,,,,,,,,,,,,,,
COM00390.00,Iron,United States of America,55819.0,53.0,0.0,36.19,,,,,,,,,,,,,,,,,,,,,,,,,,,,,,,,,,,,,,,,,,,,,,,,,,,,,,,,,,,,,,,,,,,,,,,,,,,,,,,,,,,,,,,,,"Iron, Iron ore pellets","Iron, Iron ore pellets","Iron, Iron ore pellets","Iron, Iron ore pellets","Iron, Iron ore pellets","Iron, Iron ore pellets","Iron, Iron ore pellets","Iron, Iron ore pellets","Iron, Iron ore pellets",,,,,"Iron, Iron ore pellets","Iron, Iron ore pellets","Iron, Iron ore pellets","Iron, Iron ore pellets",,,,,,,,,,,,,,,,,,,,,,,,,,,,,,,,,,,,,,,,,,,,,,,,,,,,,,,,,,,,,,,,,,,,,,,,,,,,,,,,,,,,,,,,,,,Open pit,Open pit,Open pit,Open pit,Open pit,Open pit,Open pit,Open pit,Open pit,,,,,Open pit,Open pit,Open pit,Open pit,,,,,Empire,Empire,Empire,Empire,Empire,Empire,Empire,Empire,Empire,,,,,Empire,Empire,Empire,Empire,,,,,Mine,Mine,Mine,Mine,Mine,Mine,Mine,Mine,Mine,,,,,Mine,Mine,Mine,Mine,,,,,,,,,,,,,,,,,,,,,,,,,,,,,,,,,,,,,,,,,,,,,,,,,Con.Fe,Con.Fe,Con.Fe,Con.Fe,Con.Fe,Con.Fe,Con.Fe,Con.Fe,Con.Fe,,,,,Con.Fe,Con.Fe,Con.Fe,Con.Fe,,,,,,7600000.0,5791468.0,3657769.0,5283444.0,5486654.0,4877026.0,4978630.0,4978630.0,4673816.0,,,,,3048141.0,4369002.0,3048141.0,2844932.0,,,,,,,,,,,,,,,,,,,,,,,,,,,,,,,,,,,,,,,,,,,,,,,,,,,,,,,,,,,,,,,,,,,,,,,,,,,,,,,,,,,,,,,,,,,,,,,,,,,,,,,,,,,,,,,,,,,,,,,,,,,,,,,,,,,,,,,,,,,,,,,,,,,,,,,,,,
COM00393.00,Coal,Australia,56861.95,28.0,1.0,33.2,,,,,4404000.0,5546000.0,5308000.0,6485000.0,8088000.0,8870000.0,7701000.0,8011000.0,4928000.0,7584000.0,,,,,,,,,,,,4404000.0,5546000.0,5308000.0,6485000.0,8088000.0,8870000.0,7701000.0,8011000.0,4928000.0,7584000.0,,,,,,,,,,,,,,,,,,,,,,,,,,,,,,,,,,,,,,,,,,,,,,,,,,,,,,Thermal coal,Thermal coal,Thermal coal,Thermal coal,Thermal coal,Thermal coal,Thermal coal,Thermal coal,Thermal coal,Thermal coal,,,,,,,,,,,,,,,,,,,,,,,,,,,,,,,,,,,,,,,,,,,,,,,,,,,,,,,,,,,,,,,,,,,,,,,,,,,,,,,,,,,,,,,,,,,,,,,,,,"Open cut, Underground","Open cut, Underground","Open cut, Underground","Open cut, Underground","Open cut, Underground","Open cut, Underground","Open cut, Underground","Open cut, Underground","Open cut, Underground","Open cut, Underground",,,,,,,,,,,,Ensham,Ensham,Ensham,Ensham,Ensham,Ensham,Ensham,Ensham,Ensham,Ensham,,,,,,,,,,,,Mine,Mine,Mine,Mine,Mine,Mine,Mine,Mine,Mine,Mine,,,,,,,,,,,,,,,,,,,,,,,,,,,,,,,,,,,,,,,,,,,,,,,,,,,,,,,,F.coal,F.coal,F.coal,F.coal,F.coal,F.coal,F.coal,F.coal,F.coal,F.coal,,,,,,,,,,,,,,,,,,,,,,,,,,,,,,,,,,,,,,,,,,,,,,,,,,,,,,,,,,,,,,,,,,,,,,,,,,,,,,,,,,,,,,,,,,,,,,,,,,,,,,,,,,,,,,,,,,,,,,,,,,,,,,,,,,,,,,,,,,,,,,,,,,,,,,,,,,,,,,,,,,,,,,,,,,,,,,,,,,,,,,,
COM00396.00,Silver,Guatemala,13027.27,8.0,1.0,16.06,,,,,,,,,,,,,,,,,,,,,,,,,,,,,,,,,,,,,,,,,,,,,,,,,,,,,,,,,,,,,,22989.319177,24821.582474,27143.160444,,,,,,,,,,,,,,,,,,,3015.0,3017.0,3019.0,,,,,,,,,,,,,,,,,,,"Silver, Gold, Zinc, Lead","Silver, Gold, Zinc, Lead","Silver, Gold, Zinc, Lead",,"Silver, Gold, Zinc, Lead",,,,,,,,,,,,,,,,,,,,,,,,,,,,,,,,,,,,,,547.146,558.486,255.146,,,,,,,,,,,,,,,,,,,Me.Ag,Me.Ag,Me.Ag,,,,,,,,,,,,,,,,,,,,,,,,,Me.Ag,,,,,,,,,,,,,,,,,Underground,Underground,Underground,,Underground,,,,,,,,,,,,,,,,,Escobal,Escobal,Escobal,,Escobal,,,,,,,,,,,,,,,,,Mine,Mine,Mine,,Mine,,,,,,,,,,,,,,,,,,,,,,,,,,,,,,,,,,,,,,,,,,,,274.0,,,,,,,,,,,,,,,,,Con.Pb,Con.Pb,Con.Pb,,O.bulk,,,,,,,,,,,,,,,,,,23800.0,22500.0,9400.0,,,,,,,,,,,,,,,,,,,,,,,,,,,,,,,,,,,,,,,,,,,,,,,,,,,,,,,,,,,,,,,,,,,,,,,,,,,,,,,,,,,,,,,,,,,,,,,24700000.0,,,,,,,,,,,,,,,,,,,,,,,,,,,,,,,,,,,,,,,,,,,,,,,,,,,,,,,,,,
COM00397.00,Copper,Chile,14122.0,31.0,1.0,2060.97,,,,,,,,,,,,,,,,,,,,,,,,,,,,,,,,,,,,,,,,,,,,,,,,,,,,,,,,,,,,,,,,,,,,,,,,,,,,,,,,,,,,,,,,,,"Copper, Copper cathode, Gold, Silver","Copper, Copper cathode, Gold, Silver","Copper, Copper cathode, Gold, Silver","Copper, Copper cathode, Gold, Silver","Copper, Copper cathode, Gold, Silver","Copper, Copper cathode, Gold, Silver","Copper, Copper cathode, Gold, Silver","Copper, Copper cathode, Gold, Silver","Copper, Copper cathode, Gold, Silver","Copper, Copper cathode, Gold, Silver","Copper, Copper cathode, Gold, Silver","Copper, Copper cathode, Gold, Silver","Copper, Copper cathode, Gold, Silver","Copper, Copper cathode, Gold, Silver","Copper, Copper cathode, Gold, Silver","Copper, Copper cathode, Gold, Silver","Copper, Copper cathode, Gold, Silver","Copper, Copper cathode, Gold, Silver",,,,,,,,,,,,,,,,,,,,,,,,,90.662,84.51,134.037,162.925,186.115,188.411,223.111,174.832,153.768,174.066,122.668,99.252,114.305,138.431,136.418,169.275,161.791,267.421,,,,Me.Ag,Me.Ag,Me.Ag,Me.Ag,Me.Ag,Me.Ag,Me.Ag,Me.Ag,Me.Ag,Me.Ag,Me.Ag,Me.Ag,Me.Ag,Me.Ag,Me.Ag,Me.Ag,Me.Ag,Me.Ag,,,,,,,,,,,,,,,,,,,,,,,Me.Cu,,,,"Open pit,  Oxide leaching, Sulphide leaching","Open pit,  Oxide leaching, Sulphide leaching","Open pit,  Oxide leaching, Sulphide leaching","Open pit,  Oxide leaching, Sulphide leaching","Open pit,  Oxide leaching, Sulphide leaching","Open pit,  Oxide leaching, Sulphide leaching","Open pit,  Oxide leaching, Sulphide leaching","Open pit,  Oxide leaching, Sulphide leaching","Open pit,  Oxide leaching, Sulphide leaching","Open pit,  Oxide leaching, Sulphide leaching","Open pit,  Oxide leaching, Sulphide leaching","Open pit,  Oxide leaching, Sulphide leaching","Open pit,  Oxide leaching, Sulphide leaching","Open pit,  Oxide leaching, Sulphide leaching","Open pit,  Oxide leaching, Sulphide leaching","Open pit,  Oxide leaching, Sulphide leaching","Open pit,  Oxide leaching, Sulphide leaching","Open pit,  Oxide leaching, Sulphide leaching",,,,Escondida,Escondida,Escondida,Escondida,Escondida,Escondida,Escondida,Escondida,Escondida,Escondida,Escondida,Escondida,Escondida,Escondida,Escondida,Escondida,Escondida,Escondida,,,,Mine,Mine,Mine,Mine,Mine,Mine,Mine,Mine,Mine,Mine,Mine,Mine,Mine,Mine,Mine,Mine,Mine,Mine,,,,,,,,,,,,,,,,,,,,,,,,,,,,,,,,,,,,,,,,,,,,276.0,,,,O.bulk,O.bulk,O.bulk,O.bulk,O.bulk,O.bulk,O.bulk,O.bulk,O.bulk,O.bulk,O.bulk,O.bulk,O.bulk,O.bulk,O.bulk,O.bulk,O.bulk,O.Cu,,,,,,,,,,,,,,,,,,,,,,,,,,,,,,,,,,,,,,,,,,,,,,,,,,,,,,,,,,,,,,,,,,,,,,,,,,,,,,,,,,,,,,,,,,,,,,,,,,,,,,,,,,,,,,,,,,,7539000000.0,,,,,,,,,,,,,,,,,,,,,,,,,,,,,,,,,,,,,,,,,,,,,,,,,,,,,,,,,,,
COM00399.00,Coal,Canada,43833.79,48.0,1.0,43.21,,,,,,8400000.0,8000000.0,7900000.0,7800000.0,7800000.0,7600000.0,6900000.0,6900000.0,7000000.0,6600000.0,6300000.0,6100000.0,5600000.0,5195534.0,5955768.0,5475859.0,5713546.0,,,,,8400000.0,8000000.0,7900000.0,7800000.0,7800000.0,7600000.0,6900000.0,6900000.0,7000000.0,6600000.0,6300000.0,6100000.0,5600000.0,5195534.0,5955768.0,5475859.0,5713546.0,,,,,,,,,,,,,,,,,,,,,,,,,,,,,,,,,,,,,,,,,,,,,,,"Lignite, Coal","Lignite, Coal","Lignite, Coal","Lignite, Coal","Lignite, Coal","Lignite, Coal","Lignite, Coal","Lignite, Coal","Lignite, Coal","Lignite, Coal","Lignite, Coal","Lignite, Coal","Lignite, Coal","Lignite, Coal","Lignite, Coal","Lignite, Coal","Lignite, Coal",,,,,,,,,,,,,,,,,,,,,,,,,,,,,,,,,,,,,,,,,,,,,,,,,,,,,,,,,,,,,,,,,,,,,,,,,,,,,,,,,,,,,,,,,,,Surface,Surface,Surface,Surface,Surface,Surface,Surface,Surface,Surface,Surface,Surface,Surface,Surface,Surface,Surface,Surface,Surface,,,,,Estevan,Estevan,Estevan,Estevan,Estevan,Estevan,Estevan,Estevan,Estevan,Estevan,Estevan,Estevan,Estevan,Estevan,Estevan,Estevan,Estevan,,,,,Mine,Mine,Mine,Mine,Mine,Mine,Mine,Mine,Mine,Mine,Mine,Mine,Mine,Mine,Mine,Mine,Mine,,,,,,,,,,,,,,,,,,,,,,,,,,,,279.0,279.0,279.0,279.0,279.0,279.0,279.0,279.0,279.0,279.0,279.0,279.0,279.0,279.0,279.0,279.0,279.0,,,,,F.lig,F.lig,F.lig,F.lig,F.lig,F.lig,F.lig,F.lig,F.lig,F.lig,F.lig,F.lig,F.lig,F.lig,F.lig,F.lig,F.lig,,,,,,,,,,,,,,,,,,,,,,,,,,,,,,,,,,,,,,,,,,,,,,,,,,,,,,,,,,,,,,,,,,,,,,,,,,,,,,,,,,,,,,,,,,,,,,,,,,,223504140.2,215104140.2,207104140.2,199204140.2,191404140.2,183604140.2,176004140.2,169104140.2,162204140.2,155204140.2,148604140.2,142304140.2,136204140.2,130604140.2,125408606.2,119452838.2,113976979.2,,,,,,,,,,,,,,,,,,,,,,,,,,,,,,,,,,,,,,,,,,,,,,,,,,,,,,,,,,,,
COM00403.00,Iron,Australia,56861.95,10.0,0.0,151.08,,,,,,,,,,,,,,,,,,,,,,,,,,,,,,,,,,,,,,,,,,,,,,,,,,,,,,,,,,,,,,,,,,,,,,,,,,,,,,,,,,,,,,,,,,,,,,,,,,,,"Direct shipping iron ore, Iron ore","Direct shipping iron ore, Iron ore","Direct shipping iron ore, Iron ore","Direct shipping iron ore, Iron ore","Direct shipping iron ore, Iron ore","Direct shipping iron ore, Iron ore","Direct shipping iron ore, Iron ore","Direct shipping iron ore, Iron ore","Direct shipping iron ore, Iron ore","Direct shipping iron ore, Iron ore",,,,,,,,,,,,,,,,,,,,,,,,,,,,,,,,,,,,,,,,,,,,,,,,,,,,,,,,,,,,,,,,,,,,,,,,,,,,,,,,,,,,,,,,,,,,,,,,,,,,,,,,,,,,,,,,,,,,,,,Extension Hill/Iron Hill,Extension Hill/Iron Hill,Extension Hill/Iron Hill,Extension Hill/Iron Hill,Extension Hill/Iron Hill,Extension Hill/Iron Hill,Extension Hill/Iron Hill,Extension Hill/Iron Hill,Extension Hill/Iron Hill,Extension Hill/Iron Hill,,,,,,,,,,,,Mine,Mine,Mine,Mine,Mine,Mine,Mine,Mine,Mine,Mine,,,,,,,,,,399.0,400.0,401.0,402.0,403.0,404.0,405.0,406.0,407.0,,,,,,,,,,,,,,,,,,,,,,,,,,,,,,,,,,,,,,O.Fe,Con.Fe,Con.Fe,Con.Fe,Con.Fe,Con.Fe,Con.Fe,Con.Fe,Con.Fe,Con.Fe,,,,,,,,,,,,,,1646000.0,2467000.0,2735000.0,3512000.0,3895000.0,3291000.0,3507000.0,2473000.0,2325000.0,,,,,,,,,,,,300000.0,2368000.0,2532000.0,2917000.0,4233000.0,4595000.0,1899000.0,4085000.0,1892000.0,0.0,,,,,,,,,,,,300000.0,2368000.0,2532000.0,2917000.0,4233000.0,4595000.0,1899000.0,4085000.0,1892000.0,0.0,,,,,,,,,,,,,,,,,,,,,,,,,,,,,,,,,,,,,,,,,,,,,,,,,,,,,,,,,,,,,,,,,,,,,,,,,,,,,,,,Waste rock,Waste rock,Waste rock,Waste rock,Waste rock,Waste rock,Waste rock,Waste rock,Waste rock,,,,,,,,,,,785680.0,1662860.0,2149000.0,1673000.0,2202000.0,1973000.0,658000.0,1659000.0,252000.0,
COM00408.00,Coal,United States of America,55819.0,43.0,1.0,33.2,,,,,6985440.0,6985440.0,6894720.0,7257600.0,6894720.0,6985440.0,7439040.0,7166880.0,6804000.0,7348320.0,6894720.0,6804000.0,7257600.0,6985440.0,7076160.0,7257600.0,6531840.0,6531840.0,7620480.0,6713280.0,,6985440.0,6985440.0,6894720.0,7257600.0,6894720.0,6985440.0,7439040.0,7166880.0,6804000.0,7348320.0,6894720.0,6804000.0,7257600.0,6985440.0,7076160.0,7257600.0,6531840.0,6531840.0,7620480.0,6713280.0,,,,,,,,,,,,,,,,,,,,,,,,,,,,,,,,,,,,,,,,,,,,Lignite,Lignite,Lignite,Lignite,Lignite,Lignite,Lignite,Lignite,Lignite,Lignite,Lignite,Lignite,Lignite,Lignite,Lignite,Lignite,Lignite,Lignite,Lignite,Lignite,,,,,,,,,,,,,,,,,,,,,,,,,,,,,,,,,,,,,,,,,,,,,,,,,,,,,,,,,,,,,,,,,,,,,,,,,,,,,,,,,,,,,,,,Surface,Surface,Surface,Surface,Surface,Surface,Surface,Surface,Surface,Surface,Surface,Surface,Surface,Surface,Surface,Surface,Surface,Surface,Surface,Surface,,Falkirk,Falkirk,Falkirk,Falkirk,Falkirk,Falkirk,Falkirk,Falkirk,Falkirk,Falkirk,Falkirk,Falkirk,Falkirk,Falkirk,Falkirk,Falkirk,Falkirk,Falkirk,Falkirk,Falkirk,,Mine,Mine,Mine,Mine,Mine,Mine,Mine,Mine,Mine,Mine,Mine,Mine,Mine,Mine,Mine,Mine,Mine,Mine,Mine,Mine,,,,,,,,,,,,,,,,,,,,,,,,,,,,,,,,,,,,,,,,,,,,280.0,,F.lig,F.lig,F.lig,F.lig,F.lig,F.lig,F.lig,F.lig,F.lig,F.lig,F.lig,F.lig,F.lig,F.lig,F.lig,F.lig,F.lig,F.lig,F.lig,F.coal,,,,,,,,,,,,,,,,,,,,,,,,,,,,,,,,,,,,,,,,,,,,,,,,,,,,,,,,,,,,,,,,,,,,,,,,,,,,,,,,,,,,,,,,,,,,,,,,,,,,,,,,,,,,,,,,,,,340835040.0,,,,,,,,,,,,,,,,,,,,,,,,,,,,,,,,,,,,,,,,,,,,,,,,,,,,,,,,,,
COM00412.00,Iron,Brazil,11963.92,71.0,1.0,128.88,,,,,,,,,,,,,,,,,,,,,,,,,,,,,,,,,,,,,,,,,,,,,,,,,,,,,,,,,,586000.0,574000.0,594000.0,595000.0,,,616000.0,621000.0,647000.0,,,,,,,,,,,,,3125.0,3126.0,3127.0,3128.0,,,3131.0,3132.0,3133.0,,,,,,,,,Iron,Iron,,Iron,Iron,Iron,Iron,Iron,Iron,Iron,Iron,Iron,Iron,,,,,,,,,,,,,0.0,0.0,0.0,0.0,,,0.0,0.0,0.0,,,,,,,,,,,,,410200.0,287000.0,356400.0,357000.0,,,18480.0,403650.0,394670.0,,,,,,,,,,,,,Me.Fe,Me.Fe,Me.Fe,Me.Fe,,,Me.Fe,Me.Fe,Me.Fe,,,,,,,,,,,,,,,,,,,,,,,,,,,,,,,,Open pit,Open pit,,Open pit,Open pit,Open pit,Open pit,Open pit,Open pit,Open pit,Open pit,Open pit,Open pit,,,,,,,,,Fernandinho,Fernandinho,,Fernandinho,Fernandinho,Fernandinho,Fernandinho,Fernandinho,Fernandinho,Fernandinho,Fernandinho,Fernandinho,Fernandinho,,,,,,,,,Mine,Mine,,Mine,Mine,Mine,Mine,Mine,Mine,Mine,Mine,Mine,Mine,,,,,,,408.0,409.0,,,,,,,,,,,,,,,,,,,,,,,,,,,,,,,,,,,,,,,,,,,,,O.Fe,O.Fe,,Con.Fe,Con.Fe,Con.Fe,Con.Fe,Con.Fe,Con.Fe,Con.Fe,Con.Fe,Con.Fe,Con.Fe,,,,,,,,,,,,,500000.0,700000.0,500000.0,600000.0,600000.0,0.0,0.0,30000.0,650000.0,610000.0,,,,,,,,,,,,,,,,,,,,,,,,,,,,,,,,,,,,,,,,,,,,,,,,,,,,,,,,,,,,,,,,,,,,,,,,,,,,,,,,,,,,,,,,,,,,,,,,,,,,650000.0,1100000.0,,,,,,,,,,,,,,,,,,,,,,,,,,,,,,,,,,,,,,,,,,,,,,,,,,
COM00417.00,Nickel,Philippines,5979.99,14.0,1.0,39012.69,,,,,,,,,,,,,,,,,,,,,,,,,,,,,,,,,,,,,,,,,,,,,,,,,,,,,,,,,,,,,,16400.0,12600.0,12500.0,,,,,,,,,,,,,,,,,,,3164.0,3166.0,3168.0,,,,,,,,,,,Nickel,Nickel,Nickel,Nickel,Nickel,Nickel,Nickel,Nickel,Nickel,Nickel,Nickel,,,,,,,,,,,,,,,,,,,0.0,0.0,0.0,,,,,,,,,,,,,,,,,,,53561.0,54674.0,74678.0,,,,,,,,,,,,,,,,,,,Me.Ni,Me.Ni,Me.Ni,,,,,,,,,,,,,Me.Fe,Me.Fe,Me.Fe,Me.Fe,Me.Fe,Me.Fe,Me.Fe,Me.Fe,Me.Fe,Me.Fe,Me.Fe,,,,,,,,,,,,,,,,,,,,,,,,,,,,,,,,FNI Cagdianao,FNI Cagdianao,FNI Cagdianao,FNI Cagdianao,FNI Cagdianao,FNI Cagdianao,FNI Cagdianao,FNI Cagdianao,FNI Cagdianao,FNI Cagdianao,FNI Cagdianao,,,,,,,,,,,Mine,Mine,Mine,Mine,Mine,Mine,Mine,Mine,Mine,Mine,Mine,,,,,,,,,,,,,,,,,,,,,,,,,,,,,,,,,,284.0,284.0,284.0,284.0,284.0,284.0,284.0,284.0,284.0,284.0,284.0,,,,,,,,,,,O.Ni,O.Ni,O.Ni,O.Ni,O.Ni,O.Ni,O.Ni,O.Ni,O.Ni,O.Ni,O.Ni,,,,,,,,,,,,,,,,,,,,,,,,,,,,,,,,,470207.0,506477.0,1954343.0,3406802.0,4353698.0,5928637.0,4501229.0,6302992.0,5778290.0,3523620.0,5992559.0,,,,,,,,,,,470207.0,506477.0,1954343.0,3406802.0,4353698.0,5928637.0,4501229.0,6302992.0,5778290.0,3523620.0,5992559.0,,,,,,,,,,,,,,,,,,,,,,,,,,,,,,,,,,,,,,,,,73068965.0,72598758.0,72092281.0,70137938.0,66731136.0,62377438.0,56448801.0,51947572.0,45644580.0,39866290.0,36342670.0,,,,,,,,,,,,,,,,,,,,,,,,,,,,,,,,,,,,,,,,,,,,,,,,,,,,,,,,,,,,
COM00422.00,Gold,Australia,56861.95,4.0,1.0,1292.59,,,,,,,,,,,,,,,,,,,,,,,,,,,,,,,,,,,,,,,,,,,,,,,,,,,,,,,,,,,,,,,,0.98,1.66,2.23,2.29,,,,,,,,,,,,,,,,,,3237.0,3239.0,3241.0,3243.0,,,,,,,,,,,,,,,,,,Gold,Gold,Gold,Gold,,,,,,,,,,,,,,,,,,0.9242,0.9214,0.957,0.9556,,,,,,,,,,,,,,,,,,0.064,1.301,1.813,1.892,,,,,,,,,,,,,,,,,,Me.Au,Me.Au,Me.Au,Me.Au,,,,,,,,,,,,,,,,,,,,Me.Au,Me.Au,Me.Au,Me.Au,,,,,,,,,,,,,,,,,,"Open pit, Underground, Carbon-in-leach plant","Open pit, Underground, Carbon-in-leach plant","Open pit, Underground, Carbon-in-leach plant","Open pit, Underground, Carbon-in-leach plant",,,,,,,,,,,,,,,,,,Fortnum Gold Operations,Fortnum Gold Operations,Fortnum Gold Operations,Fortnum Gold Operations,,,,,,,,,,,,,,,,,,Mine,Mine,Mine,Mine,,,,,,,,,,,,,,,,410.0,411.0,,,,,,,,,,,,,,,,,,,,,,,,291.0,291.0,291.0,291.0,,,,,,,,,,,,,,,,,,O.Au,O.Au,O.Au,O.Au,,,,,,,,,,,,,,,,,,,,,,,,,,,,,,,,,,,,,,,,47931.0,606449.0,868145.0,497578.0,,,,,,,,,,,,,,,,,,70505.0,845180.0,849853.0,865254.0,,,,,,,,,,,,,,,11.283110154,,,,,,,,,,,,,,,1.91,,,,,,,,,,,,,,,,,,7993525.0,7945594.0,7339145.0,6471000.0,,,,,,,,,,,,,,,,,,,,,,,,,,,,,,,,,,,Waste rock,Waste rock,,,,,,,,,,,,,,,,,,68229.72,3852850.28,,
COM00425.00,Coal,United States of America,55819.0,16.0,1.0,33.2,,,,,2540160.0,1995840.0,2177280.0,2268000.0,2721600.0,2721600.0,2812320.0,2812320.0,3084480.0,3084480.0,2449440.0,2721600.0,2540160.0,2630880.0,2812320.0,2630880.0,1905120.0,1995840.0,1995840.0,1814400.0,,2540160.0,1995840.0,2177280.0,2268000.0,2721600.0,2721600.0,2812320.0,2812320.0,3084480.0,3084480.0,2449440.0,2721600.0,2540160.0,2630880.0,2812320.0,2630880.0,1905120.0,1995840.0,1995840.0,1814400.0,,,,,,,,,,,,,,,,,,,,,,,,,,,,,,,,,,,,,,,,,,,,Thermal coal,Thermal coal,Thermal coal,Thermal coal,Thermal coal,Thermal coal,Thermal coal,Thermal coal,Thermal coal,Thermal coal,Thermal coal,Thermal coal,Thermal coal,Thermal coal,Thermal coal,Thermal coal,Thermal coal,Thermal coal,Thermal coal,Thermal coal,,,,,,,,,,,,,,,,,,,,,,,,,,,,,,,,,,,,,,,,,,,,,,,,,,,,,,,,,,,,,,,,,,,,,,,,,,,,,,,,,,,,,,,,"Surface, Underground","Surface, Underground","Surface, Underground","Surface, Underground","Surface, Underground","Surface, Underground","Surface, Underground","Surface, Underground","Surface, Underground","Surface, Underground","Surface, Underground","Surface, Underground","Surface, Underground","Surface, Underground","Surface, Underground","Surface, Underground","Surface, Underground","Surface, Underground","Surface, Underground","Surface, Underground",,Francisco,Francisco,Francisco,Francisco,Francisco,Francisco,Francisco,Francisco,Francisco,Francisco,Francisco,Francisco,Francisco,Francisco,Francisco,Francisco,Francisco,Francisco,Francisco,Francisco,,Mine,Mine,Mine,Mine,Mine,Mine,Mine,Mine,Mine,Mine,Mine,Mine,Mine,Mine,Mine,Mine,Mine,Mine,Mine,Mine,,,,,,,,,,,,,,,,,,,,,,,,,292.0,292.0,292.0,292.0,292.0,292.0,292.0,292.0,292.0,292.0,292.0,292.0,292.0,292.0,292.0,292.0,292.0,292.0,292.0,292.0,,F.stc,F.stc,F.stc,F.stc,F.stc,F.stc,F.stc,F.stc,F.stc,F.stc,F.stc,F.stc,F.stc,F.stc,F.stc,F.stc,F.stc,F.stc,F.stc,F.stc,,,,,,,,,,,,,,,,,,,,,,,,,,,,,,,,,,,,,,,,,,,,,,,,,,,,,,,,,,,,,,,,,,,,,,,,,,,,,,,,,,,,,,,,,,,,,,,,60600960.0,58060800.0,56064960.0,53887680.0,51619680.0,48898080.0,46176480.0,43364160.0,40551840.0,37467360.0,34382880.0,31933440.0,29211840.0,26671680.0,24040800.0,21228480.0,18597600.0,16692480.0,14696640.0,12700800.0,,,,,,,,,,,,,,,,,,,,,,,,,,,,,,,,,,,,,,,,,,,,,,,,,,,,,,,,,,
COM00428.00,Coal,United States of America,55819.0,38.0,1.0,33.2,,,,,14696640.0,14243040.0,14333760.0,14515200.0,13698720.0,13608000.0,13880160.0,13426560.0,13335840.0,13698720.0,13245120.0,12247200.0,11884320.0,12519360.0,12972960.0,13063680.0,12791520.0,13335840.0,12882240.0,12247200.0,,14696640.0,14243040.0,14333760.0,14515200.0,13698720.0,13608000.0,13880160.0,13426560.0,13335840.0,13698720.0,13245120.0,12247200.0,11884320.0,12519360.0,12972960.0,13063680.0,12791520.0,13335840.0,12882240.0,12247200.0,,,,,,,,,,,,,,,,,,,,,,,,,,,,,,,,,,,,,,,,,,,,Lignite,Lignite,Lignite,Lignite,Lignite,Lignite,Lignite,Lignite,Lignite,Lignite,Lignite,Lignite,Lignite,Lignite,Lignite,Lignite,Lignite,Lignite,Lignite,Lignite,,,,,,,,,,,,,,,,,,,,,,,,,,,,,,,,,,,,,,,,,,,,,,,,,,,,,,,,,,,,,,,,,,,,,,,,,,,,,,,,,,,,,,,,Surface,Surface,Surface,Surface,Surface,Surface,Surface,Surface,Surface,Surface,Surface,Surface,Surface,Surface,Surface,Surface,Surface,Surface,Surface,Surface,,Freedom,Freedom,Freedom,Freedom,Freedom,Freedom,Freedom,Freedom,Freedom,Freedom,Freedom,Freedom,Freedom,Freedom,Freedom,Freedom,Freedom,Freedom,Freedom,Freedom,,Mine,Mine,Mine,Mine,Mine,Mine,Mine,Mine,Mine,Mine,Mine,Mine,Mine,Mine,Mine,Mine,Mine,Mine,Mine,Mine,,,,,,,,,,,,,,,,,,,,,,,,,,,,,,,,,,,,,,,,,,,,293.0,,F.lig,F.lig,F.lig,F.lig,F.lig,F.lig,F.lig,F.lig,F.lig,F.lig,F.lig,F.lig,F.lig,F.lig,F.lig,F.lig,F.lig,F.lig,F.lig,F.coal,,,,,,,,,,,,,,,,,,,,,,,,,,,,,,,,,,,,,,,,,,,,,,,,,,,,,,,,,,,,,,,,,,,,,,,,,,,,,,,,,,,,,,,,,,,,,,,,,,,,,,,,,,,,,,,,,,,392636160.0,,,,,,,,,,,,,,,,,,,,,,,,,,,,,,,,,,,,,,,,,,,,,,,,,,,,,,,,,,
COM00429.00,Silver,Mexico,9018.86,467.0,1.0,14.58,,,,,,,,,,,,,,,,,,,,,,,,,,,,,,,,,,,,,,,,,,,,,,,,,,,,,,,,,398.558329,332.371826,273.172193,238.752698,217.054748,220.0,227.0,229.0,214.0,,,,,,,,,,,,,3245.0,3247.0,3249.0,3251.0,3253.0,3255.0,3257.0,3259.0,3261.0,,,,,,,,,,,"Silver, Gold, Lead, Zinc","Silver, Gold, Lead, Zinc","Silver, Gold, Lead, Zinc","Silver, Gold, Lead, Zinc","Silver, Gold, Lead, Zinc","Silver, Gold, Lead, Zinc","Silver, Gold, Lead, Zinc","Silver, Gold, Lead, Zinc","Silver, Gold, Lead, Zinc","Silver, Gold, Lead, Zinc","Silver, Gold, Lead, Zinc",,,,,,,,,,,,,,,,,,2.5e-05,2.3e-05,2.3e-05,2.7e-05,,,,,,,,,,,0.679,0.699,1017.918,858.849,747.945,645.349,569.769,442.593,449.765,468.107,428.56,,,,,,,,,,,Me.Au,Me.Au,Me.Ag,Me.Ag,Me.Ag,Me.Ag,Me.Ag,Me.Ag,Me.Ag,Me.Ag,Me.Ag,,,,,,,,,,,,,,,Me.Ag,Me.Ag,Me.Ag,Me.Ag,Me.Ag,Me.Ag,Me.Ag,Me.Ag,Me.Ag,,,,,,,,,,,Underground,Underground,Underground,Underground,Underground,Underground,Underground,Underground,Underground,Underground,Underground,,,,,,,,,,,Fresnillo,Fresnillo,Fresnillo,Fresnillo,Fresnillo,Fresnillo,Fresnillo,Fresnillo,Fresnillo,Fresnillo,Fresnillo,,,,,,,,,,,Mine,Mine,Mine,Mine,Mine,Mine,Mine,Mine,Mine,Mine,Mine,,,,,,,,,,,,,,,,,,,,,,,,,,,,,,,,,,,,294.0,294.0,294.0,294.0,294.0,294.0,294.0,294.0,294.0,,,,,,,,,,,O.bulk,O.bulk,O.bulk,O.bulk,O.bulk,O.bulk,O.bulk,O.bulk,O.bulk,O.bulk,O.bulk,,,,,,,,,,,,,,,,,,,,,,,,,,,,,,,,,,,2554000.0,2584000.0,2738000.0,2703000.0,2625000.0,2410000.0,2373000.0,2447000.0,2443000.0,,,,,,,,,,,,,2554000.0,2584000.0,2738000.0,2703000.0,2625000.0,2410000.0,2373000.0,2447000.0,2443000.0,,,,,,,,,,,,,,,5008.113335088,,,,,,,,,,,,,,,243.0,,,,,,,,,,,,,43006000.0,40452000.0,37868000.0,35130000.0,32427000.0,29802000.0,27392000.0,25019000.0,22572000.0,,,,,,,,,,,,,,,,,,,,,,,,,,,,,,,,,,,,,,,,,,,,,,,,,,,,,,,,,,,
COM00431.00,Copper,DR Congo,2424.0,14.0,1.0,7459.11,,,,,,,,,,,,,,,,,,,,,,,,,,,,,,,,,,,,,,,,,,,,,,,,,,,,,,14000.0,13000.0,12000.0,10000.0,,,,,,,,,,,,,,,,,,3287.0,3289.0,3291.0,3293.0,,,,,,,,,,,,,,,,,,Copper,Copper,Copper,Copper,,,,,,,,,,,,,,,,,,0.73,0.89,0.92,0.9,,,,,,,,,,,,,,,,,,8712.0,80177.0,92353.0,47508.0,,,,,,,,,,,,,,,,,,Me.Cu,Me.Cu,Me.Cu,Me.Cu,,,,,,,,,,,,,,,,,,,,,,,,,,,,,,,,,,,,,,,,,Open pit,Open pit,Open pit,Open pit,,,,,,,,,,,,,,,,,,Frontier,Frontier,Frontier,Frontier,,,,,,,,,,,,,,,,,,Mine,Mine,Mine,Mine,,,,,,,,,,,,,,,,412.0,413.0,414.0,,,,,,,,,,,,,,,,,,,,,,,,,,,,,,,,,,,,,,,,,,,,O.Cu,O.Cu,O.sul,O.sul,,,,,,,,,,,,,,,,,,,,,,,,,,,,,,,,,,,,,,,,3725000.0,6521000.0,8068000.0,5425000.0,,,,,,,,,,,,,,,,,,835000.0,7122000.0,8068000.0,5425000.0,,,,,,,,,,,,,,,,,,,,,,,,,,,,,,,,,,,,,,,,,,,,,,,,,,,,,,,,,,,,,,,,,,,,,,,,,,,,,,,,,,,,,,Waste rock,Waste rock,Waste rock,,,,,,,,,,,,,,,,,10174000.0,12425000.0,10626000.0,,,,,,,,,,,
COM00436.00,Copper,Chile,14122.0,13.0,1.0,6764.45,,,,,,,,,,,,,,,,,,,,,,,,,,,,,,,,,,,,,,,,,,,,,,,,,,,,,,,,,,,,,,,,,,,,,,,,,,,,,,,,,,,,,,,,,,,,,,,,,"Copper, Copper cathodes","Copper, Copper cathodes","Copper, Copper cathodes","Copper, Copper cathodes","Copper, Copper cathodes","Copper, Copper cathodes","Copper, Copper cathodes","Copper, Copper cathodes","Copper, Copper cathodes","Copper, Copper cathodes","Copper, Copper cathodes",,,,,,,,,,,,,,,,,,,,,,,,,,,,,,,,67732.0,148026.0,117052.0,118078.0,133000.0,128170.0,121012.0,125009.0,121712.0,122737.0,107247.0,,,,,,,,,,,Me.Cu,Me.Cu,Me.Cu,Me.Cu,Me.Cu,Me.Cu,Me.Cu,Me.Cu,Me.Cu,Me.Cu,Me.Cu,,,,,,,,,,,,,,,,,,,,,,,Me.Cu,,,,,,,,,,,Open pit,Open pit,Open pit,Open pit,Open pit,Open pit,Open pit,Open pit,Open pit,Open pit,Open pit,,,,,,,,,,,Gabriela Mistral,Gabriela Mistral,Gabriela Mistral,Gabriela Mistral,Gabriela Mistral,Gabriela Mistral,Gabriela Mistral,Gabriela Mistral,Gabriela Mistral,Gabriela Mistral,Gabriela Mistral,,,,,,,,,,,Mine,Mine,Mine,Mine,Mine,Mine,Mine,Mine,Mine,Mine,Mine,,,,,,,,,,,,,,,,,,,,,,,,,,,,,,,,,,,,,,,,,,,,299.0,,,,,,,,,,,O.Cu,O.Cu,O.Cu,O.Cu,O.Cu,O.Cu,O.Cu,O.Cu,O.Cu,O.Cu,O.Cu,,,,,,,,,,,,,,,,,,,,,,,,,,,,,,,,,,,,,,,,,,,,,,,,,,,,,,,,,,,,,,,,,,,,,,,,,,,,,,,1200000.0,,,,,,,,,,,,,,,3500.0,,,,,,,,,,,,,,,,,,,,,336000000.0,,,,,,,,,,,,,,,,,,,,,,,,,,,,,,,,,,,,,,,,,,,,,,,,,,,,,,,,,,,
COM00448.00,Coal,Canada,43833.79,33.0,1.0,35.37,,,,,,,,1800000.0,2100000.0,2600000.0,2600000.0,2400000.0,1800000.0,3100000.0,3200000.0,3500000.0,3300000.0,5200000.0,5047207.0,5211864.0,5104814.0,5044032.0,,,,,,,1800000.0,2100000.0,2600000.0,2600000.0,2400000.0,1800000.0,3100000.0,3200000.0,3500000.0,3300000.0,5200000.0,5047207.0,5211864.0,5104814.0,5044032.0,,,,,,,,,,,,,,,,,,,,,,,,,,,,,,,,,,,,,,,,,,,,,,,,,Sub-bituminous coal,Sub-bituminous coal,Sub-bituminous coal,Sub-bituminous coal,Sub-bituminous coal,Sub-bituminous coal,Sub-bituminous coal,Sub-bituminous coal,Sub-bituminous coal,Sub-bituminous coal,Sub-bituminous coal,Sub-bituminous coal,Sub-bituminous coal,Sub-bituminous coal,Sub-bituminous coal,,,,,,,,,,,,,,,,,,,,,,,,,,,,,,,,,,,,,,,,,,,,,,,,,,,,,,,,,,,,,,,,,,,,,,,,,,,,,,,,,,,,,,,,,,,,,Surface,Surface,Surface,Surface,Surface,Surface,Surface,Surface,Surface,Surface,Surface,Surface,Surface,Surface,Surface,,,,,,,Genesee,Genesee,Genesee,Genesee,Genesee,Genesee,Genesee,Genesee,Genesee,Genesee,Genesee,Genesee,Genesee,Genesee,Genesee,,,,,,,Mine,Mine,Mine,Mine,Mine,Mine,Mine,Mine,Mine,Mine,Mine,Mine,Mine,Mine,Mine,,,,,,,,,,,,,,,,,,,,,,,,,,,,,,308.0,308.0,308.0,308.0,308.0,308.0,308.0,308.0,308.0,308.0,308.0,308.0,308.0,308.0,308.0,,,,,,,F.sbc,F.sbc,F.sbc,F.sbc,F.sbc,F.sbc,F.sbc,F.sbc,F.sbc,F.sbc,F.sbc,F.sbc,F.sbc,F.sbc,F.sbc,,,,,,,,,,,,,,,,,,,,,,,,,,,,,,,,,,,,,,,,,,,,,,,,,,,,,,,,,,,,,,,,,,,,,,,,,,,,,,,,,,,,,,,,,,,,,,,,,,,,,114539398.6,112739398.6,110639398.6,108039398.6,105439398.6,103039398.6,101239398.6,98139398.6,94939398.6,91439398.6,88139398.60000001,82939398.60000001,77892191.60000001,72680327.60000001,67575513.60000001,,,,,,,,,,,,,,,,,,,,,,,,,,,,,,,,,,,,,,,,,,,,,,,,,,,,,,,,,,,,
COM00484.00,Copper,Australia,56861.95,31.0,1.0,7534.78,,,,,,,,,,,,,,,,,,,,,,,,,,,,,,,,,,,,,,,,,,,,,,,,,,,,,,,,,,,17029.159273,19126.272466,24416.160257,16672.939743,,,,,,,,,,,,,,,,,,3523.0,3525.0,3527.0,3529.0,,,,,,,,,,,,,,,,"Zinc, Copper, PGM, Copper, Lead, Gold, Silver","Zinc, Copper, PGM, Copper, Lead, Gold, Silver","Zinc, Copper, PGM, Copper, Lead, Gold, Silver","Zinc, Copper, PGM, Copper, Lead, Gold, Silver","Zinc, Copper, PGM, Copper, Lead, Gold, Silver","Zinc, Copper, PGM, Copper, Lead, Gold, Silver","Zinc, Copper, PGM, Copper, Lead, Gold, Silver",,,,,,,,,,,,,,,,,,,,,,,,,,,,,,,,,,,,,,33.685,30.938,30.116,43.427,,,,,,,,,,,,,,,,,,Me.Ag,Me.Ag,Me.Ag,Me.Ag,,,,,,,,,,,,,,,,,,Me.Cu,Me.Cu,Me.Cu,Me.Cu,Me.Cu,Me.Cu,Me.Ag,,,,,,,,,,,,,,,"Open pit, Underground","Open pit, Underground","Open pit, Underground","Open pit, Underground","Open pit, Underground","Open pit, Underground","Open pit, Underground",,,,,,,,,,,,,,,Golden Grove,Golden Grove,Golden Grove,Golden Grove,Golden Grove,Golden Grove,Golden Grove,,,,,,,,,,,,,,,Mine,Mine,Mine,Mine,Mine,Mine,Mine,,,,,,,,,,,,,,,,,,,,,,,,,,,,,,,,,,,,,,312.0,312.0,312.0,312.0,312.0,312.0,313.0,,,,,,,,,,,,,,,O.bulk,O.bulk,O.bulk,O.bulk,O.bulk,O.bulk,O.bulk,,,,,,,,,,,,,,,,,,,,,,,,,,,,,,,,,,,,,1354026.0,1705622.0,1703886.0,2443716.0,1739111.0,1807866.0,,,,,,,,,,,,,,,,1597026.0,1566511.0,1668080.0,1766157.0,1262975.0,1562232.0,,,,,,,,,,,,,,,,,,,,,,,,,,,,,,,,,,,,,,,,,,,,,,9246361.0,7892335.0,6186713.0,4482827.0,2039111.0,300000.0,4100000.0,,,,,,,,,,,,,,,,,,,,,,,,,,,,,,,,,,,,,,,,,,,,,,,,,,,,,,,,,,,,,
COM00486.00,Gold,Canada,43833.79,13.0,1.0,847.72,,,,,,,,,,,,,,,,,,,,,,,,,,,,,,,,,,,,,,,,,,,,,,,,,,,,,,,1.86,1.98,2.21,1.79,,1.35,1.6,1.66,1.6,1.53,1.54,1.71,,,,,,,,,,3531.0,3533.0,3535.0,3537.0,3539.0,3541.0,3543.0,3545.0,3547.0,3549.0,3551.0,3553.0,,,,,,,,,,Gold,Gold,Gold,Gold,Gold,Gold,Gold,Gold,Gold,Gold,Gold,Gold,,,,,,,,,,0.369972,0.313484,0.241203,0.360855,,0.663677,0.465471,0.426478,0.465705,0.499392,0.497033,0.40842,,,,,,,,,,1.625,4.212,5.218,3.834,0.0,0.589,2.842,3.267,3.416,3.366,3.429,3.987,,,,,,,,,,Me.Au,Me.Au,Me.Au,Me.Au,Me.Au,Me.Au,Me.Au,Me.Au,Me.Au,Me.Au,Me.Au,Me.Au,,,,,,,,,,,,Me.Au,Me.Au,Me.Au,Me.Au,Me.Au,Me.Au,Me.Au,Me.Au,Me.Au,Me.Au,Me.Au,Me.Au,,,,,,,,,,Underground,Underground,Underground,Underground,Underground,Underground,Underground,Underground,Underground,Underground,Underground,Underground,,,,,,,,,,Goldex,Goldex,Goldex,Goldex,Goldex,Goldex,Goldex,Goldex,Goldex,Goldex,Goldex,Goldex,,,,,,,,,,Mine,Mine,Mine,Mine,Mine,Mine,Mine,Mine,Mine,Mine,Mine,Mine,,,,,,,,,,,,,,,,,,,,,,,,,,,,,,,,,319.0,319.0,319.0,319.0,319.0,319.0,319.0,319.0,319.0,319.0,319.0,319.0,,,,,,,,,,O.Au,O.Au,O.Au,O.Au,O.Au,O.Au,O.Au,O.Au,O.Au,O.Au,O.Au,O.Au,,,,,,,,,,,,,,,,,,,,,,,,,,,,,,,,1118543.0,2614645.0,2781564.0,2476515.0,0.0,527654.0,2116777.0,2312567.0,2545300.0,2572014.0,2624682.0,2784524.0,,,,,,,,,,1118543.0,2614645.0,2781564.0,2476515.0,0.0,527654.0,2116777.0,2312567.0,2545300.0,2572014.0,2624682.0,2784524.0,,,,,,,,,,,,,,,30.844281024,,,,,,,,,,,,,,,1.61,,,,,,,,,,42670261.0,41551718.0,38937073.0,36155509.0,33678994.0,33678994.0,33151340.0,31034563.0,28721996.0,26176696.0,23604682.0,20980000.0,,,,,,,,,,,,,,,,,,,,,,,,,,,,,,,,,,,,,,,,,,,,,,,,,,,,,,,,,,
COM00489.00,Coal,Australia,56861.95,50.0,1.0,33.2,,,,,9927000.0,11226000.0,10954000.0,10265000.0,10877000.0,13306000.0,14534000.0,14704000.0,12074000.0,13370000.0,13336000.0,10718000.0,10006000.0,12442000.0,14660000.0,17020000.0,17992000.0,14710000.0,15922000.0,17126000.0,,9927000.0,11226000.0,10954000.0,10265000.0,10877000.0,13306000.0,14534000.0,14704000.0,12074000.0,13370000.0,13336000.0,10718000.0,10006000.0,12442000.0,14660000.0,17020000.0,17992000.0,14710000.0,15922000.0,17126000.0,,,,,,,,,,,,,,,,,,,,,,,,,,,,,,,,,,,,,,,,,,,,"Metallurgical bituminous coal, Thermal bituminous coal","Metallurgical bituminous coal, Thermal bituminous coal","Metallurgical bituminous coal, Thermal bituminous coal","Metallurgical bituminous coal, Thermal bituminous coal","Metallurgical bituminous coal, Thermal bituminous coal","Metallurgical bituminous coal, Thermal bituminous coal","Metallurgical bituminous coal, Thermal bituminous coal","Metallurgical bituminous coal, Thermal bituminous coal","Metallurgical bituminous coal, Thermal bituminous coal","Metallurgical bituminous coal, Thermal bituminous coal","Metallurgical bituminous coal, Thermal bituminous coal","Metallurgical bituminous coal, Thermal bituminous coal","Metallurgical bituminous coal, Thermal bituminous coal","Metallurgical bituminous coal, Thermal bituminous coal","Metallurgical bituminous coal, Thermal bituminous coal","Metallurgical bituminous coal, Thermal bituminous coal","Metallurgical bituminous coal, Thermal bituminous coal","Metallurgical bituminous coal, Thermal bituminous coal","Metallurgical bituminous coal, Thermal bituminous coal","Metallurgical bituminous coal, Thermal bituminous coal",,,,,,,,,,,,,,,,,,,,,,,,,,,,,,,,,,,,,,,,,,,,,,,,,,,,,,,,,,,,,,,,,,,,,,,,,,,,,,,,,,,,,,,,Open pit,Open pit,Open pit,Open pit,Open pit,Open pit,Open pit,Open pit,Open pit,Open pit,Open pit,Open pit,Open pit,Open pit,Open pit,Open pit,Open pit,Open pit,Open pit,Open pit,,Goonyella Riverside,Goonyella Riverside,Goonyella Riverside,Goonyella Riverside,Goonyella Riverside,Goonyella Riverside,Goonyella Riverside,Goonyella Riverside,Goonyella Riverside,Goonyella Riverside,Goonyella Riverside,Goonyella Riverside,Goonyella Riverside,Goonyella Riverside,Goonyella Riverside,Goonyella Riverside,Goonyella Riverside,Goonyella Riverside,Goonyella Riverside,Goonyella Riverside,,Mine,Mine,Mine,Mine,Mine,Mine,Mine,Mine,Mine,Mine,Mine,Mine,Mine,Mine,Mine,Mine,Mine,Mine,Mine,Mine,,,,,,,,,,,,,,,,,,,,,,,,,322.0,322.0,322.0,322.0,322.0,322.0,322.0,322.0,322.0,322.0,322.0,322.0,322.0,322.0,322.0,322.0,322.0,322.0,322.0,322.0,,F.coc,F.coc,F.coc,F.coc,F.coc,F.coc,F.coc,F.coc,F.coc,F.coc,F.coc,F.coc,F.coc,F.coc,F.coc,F.coc,F.coc,F.coc,F.coc,F.coc,,,,,,,,,,,,,,,,,,,,,,,,,,,,,,,,,,,,,,,,,,,,,,,,,,,,,,,,,,,,,,,,,,,,,,,,,,,,,,,,,,,,,,,,,,,,,,,,797043000.0,787116000.0,775890000.0,764936000.0,754671000.0,743794000.0,730488000.0,715954000.0,701250000.0,689176000.0,675806000.0,662470000.0,651752000.0,641746000.0,629304000.0,614644000.0,597624000.0,579632000.0,564922000.0,549000000.0,,,,,,,,,,,,,,,,,,,,,,,,,,,,,,,,,,,,,,,,,,,,,,,,,,,,,,,,,,
COM00491.00,Aluminium,Australia,56861.95,51.0,1.0,2501.98,,,,,,,,,,,,,,,,,,,,,,,,,,,,,,,,,,,,,,,,,,,,,,,,,,,,,,,,,,,,,,,,,,,,,,,,,,,,,,,,,,,,,,,,,,,,,,,,,"Bauxite, Alumina","Bauxite, Alumina","Bauxite, Alumina","Bauxite, Alumina","Bauxite, Alumina","Bauxite, Alumina","Bauxite, Alumina","Bauxite, Alumina","Bauxite, Alumina","Bauxite, Alumina","Bauxite, Alumina",,,,,,,,,,,,,,,,,,,,,,,,,,,,,,,,,,,,,,,,,,,,,,,,,,,,,,,,,,,,,,,,,,,,,,,,,,,,Me.Al2O3,Me.Al2O3,Me.Al2O3,Me.Al2O3,Me.Al2O3,Me.Al2O3,Me.Al2O3,Me.Al2O3,Me.Al2O3,Me.Al2O3,Me.Al2O3,,,,,,,,,,,Open pit,Open pit,Open pit,Open pit,Open pit,Open pit,Open pit,Open pit,Open pit,Open pit,Open pit,,,,,,,,,,,Gove,Gove,Gove,Gove,Gove,Gove,Gove,Gove,Gove,Gove,Gove,,,,,,,,,,,"Mine, Refinery","Mine, Refinery","Mine, Refinery","Mine, Refinery","Mine, Refinery","Mine, Refinery","Mine, Refinery","Mine, Refinery","Mine, Refinery","Mine, Refinery","Mine, Refinery",,,,,,,,,,,,,,,,,,,,,,,,,,,,,,,,,,325.0,325.0,325.0,325.0,325.0,325.0,325.0,325.0,325.0,325.0,325.0,,,,,,,,,,,O.Al,O.Al,O.Al,O.Al,O.Al,O.Al,O.Al,O.Al,O.Al,O.Al,O.Al,,,,,,,,,,,,,,,,,,,,,,,,,,,,,,,,,6245000.0,7185000.0,7190000.0,7246000.0,7944000.0,8029000.0,6528000.0,7497000.0,9091000.0,11201000.0,12540000.0,,,,,,,,,,,6245000.0,7185000.0,7190000.0,7246000.0,7944000.0,8029000.0,6528000.0,7497000.0,9091000.0,11201000.0,12540000.0,,,,,,,,,,,,,,,,,,,,,,,,,,,,,,,,,,,,,,,,,220156000.0,213911000.0,206726000.0,199536000.0,192290000.0,184346000.0,176317000.0,169789000.0,162292000.0,153201000.0,142000000.0,,,,,,,,,,,,,,,,,,,,,,,,,,,,,,,,,,,,,,,,,,,,,,,,,,,,,,,,,,,
COM00496.00,Copper,Indonesia,12285.78,54.0,1.0,2279.37,,,,,,,,,,,,,,,,,,,,,,,,,,,,,,,,,,,,,,,,,,,,,,,,,,,,,,,,,,,,,,,,,,,,,,,,,,,,,,,,,,,,,,,,,"Copper, Gold, Silver","Copper, Gold, Silver","Copper, Gold, Silver","Copper, Gold, Silver","Copper, Gold, Silver","Copper, Gold, Silver","Copper, Gold, Silver","Copper, Gold, Silver","Copper, Gold, Silver","Copper, Gold, Silver","Copper, Gold, Silver","Copper, Gold, Silver","Copper, Gold, Silver","Copper, Gold, Silver","Copper, Gold, Silver","Copper, Gold, Silver","Copper, Gold, Silver","Copper, Gold, Silver","Copper, Gold, Silver","Copper, Gold, Silver",,,,,,,,,,,,,,,,,,,,,,,66.862,120.68,139.318,140.894,43.573,97.522,51.71,73.936,34.019,85.049,56.699,40.823,24.437,32.318,32.035,34.927,30.079,44.055,68.492,24.466,,Me.Au,Me.Ag,Me.Ag,Me.Ag,Me.Au,Me.Au,Me.Au,Me.Au,Me.Au,Me.Au,Me.Au,Me.Au,Me.Au,Me.Au,Me.Au,Me.Au,Me.Au,Me.Au,Me.Au,Me.Au,,,,,,,,,,,,,,,,,,,,,,,,,"Open pit, Underground","Open pit, Underground","Open pit, Underground","Open pit, Underground","Open pit, Underground","Open pit, Underground","Open pit, Underground","Open pit, Underground","Open pit, Underground","Open pit, Underground","Open pit, Underground","Open pit, Underground","Open pit, Underground","Open pit, Underground","Open pit, Underground","Open pit, Underground","Open pit, Underground","Open pit, Underground","Open pit, Underground","Open pit, Underground",,Grasberg,Grasberg,Grasberg,Grasberg,Grasberg,Grasberg,Grasberg,Grasberg,Grasberg,Grasberg,Grasberg,Grasberg,Grasberg,Grasberg,Grasberg,Grasberg,Grasberg,Grasberg,Grasberg,Grasberg,,Mine,Mine,Mine,Mine,Mine,Mine,Mine,Mine,Mine,Mine,Mine,Mine,Mine,Mine,Mine,Mine,Mine,Mine,Mine,Mine,,,,,,,,,,,,,,,,,,,,,,,,,,,,,,,,,,,,,,,,,,,,,,O.bulk,O.bulk,O.bulk,O.bulk,O.bulk,O.bulk,O.bulk,O.bulk,O.bulk,O.bulk,O.bulk,O.bulk,O.bulk,O.bulk,O.bulk,O.bulk,O.bulk,O.bulk,O.bulk,O.bulk,,,,,,,,,,,,,,,,,,,,,,,,,,,,,,,,,,,,,,,,,,,,,,,,,,,,,,,,,,,,,,,,,,,,,,,,,,,,,,,,,,,,,,,,,,,,,,,,,,,,,,,,,,,,,,,,,,,,,,,,,,,,,,,,,,,,,,,,,,,,,,,,,,,,,,,,,,,,,,,,,,,,,,,,,,,,,
COM00502.00,Coal,Australia,56861.95,33.0,0.0,33.2,,,,,6498000.0,7252000.0,4880000.0,5050000.0,5718000.0,5424000.0,5220000.0,4924000.0,4220000.0,5524000.0,4796000.0,5434000.0,2822000.0,5046000.0,5930000.0,6588000.0,2658000.0,,,,,6498000.0,7252000.0,4880000.0,5050000.0,5718000.0,5424000.0,5220000.0,4924000.0,4220000.0,5524000.0,4796000.0,5434000.0,2822000.0,5046000.0,5930000.0,6588000.0,2658000.0,,,,,,,,,,,,,,,,,,,,,,,,,,,,,,,,,,,,,,,,,,,,,,,"Thermal bituminous coal, Metallurgical coal","Thermal bituminous coal, Metallurgical coal","Thermal bituminous coal, Metallurgical coal","Thermal bituminous coal, Metallurgical coal","Thermal bituminous coal, Metallurgical coal","Thermal bituminous coal, Metallurgical coal","Thermal bituminous coal, Metallurgical coal","Thermal bituminous coal, Metallurgical coal","Thermal bituminous coal, Metallurgical coal","Thermal bituminous coal, Metallurgical coal","Thermal bituminous coal, Metallurgical coal","Thermal bituminous coal, Metallurgical coal","Thermal bituminous coal, Metallurgical coal","Thermal bituminous coal, Metallurgical coal","Thermal bituminous coal, Metallurgical coal","Thermal bituminous coal, Metallurgical coal","Thermal bituminous coal, Metallurgical coal",,,,,,,,,,,,,,,,,,,,,,,,,,,,,,,,,,,,,,,,,,,,,,,,,,,,,,,,,,,,,,,,,,,,,,,,,,,,,,,,,,,,,,,,,,,Open pit,Open pit,Open pit,Open pit,Open pit,Open pit,Open pit,Open pit,Open pit,Open pit,Open pit,Open pit,Open pit,Open pit,Open pit,Open pit,Open pit,,,,,Gregory,Gregory,Gregory,Gregory,Gregory,Gregory,Gregory,Gregory,Gregory,Gregory,Gregory,Gregory,Gregory,Gregory,Gregory,Gregory,Gregory,,,,,Mine,Mine,Mine,Mine,Mine,Mine,Mine,Mine,Mine,Mine,Mine,Mine,Mine,Mine,Mine,Mine,Mine,,,,,,,,,,,,,,,,,,,,,,,,,,,,330.0,330.0,330.0,330.0,330.0,330.0,330.0,330.0,330.0,330.0,330.0,330.0,330.0,330.0,330.0,330.0,330.0,,,,,F.coc,F.coc,F.coc,F.coc,F.coc,F.coc,F.coc,F.coc,F.coc,F.coc,F.coc,F.coc,F.coc,F.coc,F.coc,F.coc,F.coc,,,,,,,,,,,,,,,,,,,,,,,,,,,,,,,,,,,,,,,,,,,,,,,,,,,,,,,,,,,,,,,,,,,,,,,,,,,,,,,,,,,,,,,,,,,,,,,,,,,88444000.0,83566000.0,78476000.0,73596000.0,68546000.0,62828000.0,57404000.0,52184000.0,47260000.0,43040000.0,37516000.0,32720000.0,27286000.0,24464000.0,19418000.0,13488000.0,6900000.0,,,,,,,,,,,,,,,,,,,,,,,,,,,,,,,,,,,,,,,,,,,,,,,,,,,,,,,,,,,,,
COM00503.00,Coal,Australia,56861.95,94.0,1.0,85.86,,,,,,,,,,,,,,,,,3160000.0,3110000.0,2830000.0,2390000.0,2450000.0,2500000.0,,,,,,,,,,,,,,,,3160000.0,3110000.0,2830000.0,2390000.0,2450000.0,2500000.0,,,,,,,,,,,,,,,,,,,,,,,,,,,,,,,,,,,,,,,,,,,,,,,,,,,,,,,,,,Thermal coal,Thermal coal,Thermal coal,Thermal coal,Thermal coal,Thermal coal,,,,,,,,,,,,,,,,,,,,,,,,,,,,,,,,,,,,,,,,,,,,,,,,,,,,,,,,,,,,,,,,,,,,,,,,,,,,,,,,,,,,,,,,,,,,,,,,,,,,,,,,,,,,,,,,,,,,,,,,,,,Griffin,Griffin,Griffin,Griffin,Griffin,Griffin,,,,,,,,,,,,,,,,Mine,Mine,Mine,Mine,Mine,Mine,,,,,,,,,,,,,,,,,,,,,,,,,,,,,,,,,,,,,,,,,,,,,,,,,,,,,,,,,,,,F.coal,F.coal,F.coal,F.coal,F.coal,F.coal,,,,,,,,,,,,,,,,,,,,,,,,,,,,,,,,,,,,,,,,,,,,,,,,,,,,,,,,,,,,,,,,,,,,,,,,,,,,,,,,,,,,,,,,,,,,,,,,,,,,,,,,,,,,,,,,,,,,,,,,,,,,,,,,,,,,,,,,,,,,,,,,,,,,,,,,,,,,,,,,,,,,,,,,,,,,,,,
COM00506.00,Gold,Argentina,9190.58,12.0,1.0,1008.67,,,,,,,,,,,,,,,,,,,,,,,,,,,,,,,,,,,,,,,,,,,,,,,,,,,,,,,,1.19,0.82,0.97,0.8,0.88,1.43,1.22,1.07,,,,,,,,,,,,,,,,,,,,,,,,,,,,,,,,,,,Gold,Gold,Gold,Gold,Gold,Gold,Gold,Gold,,,,,,,,,,,,,,0.766,0.678,0.684,0.755,0.725,0.622,0.612,0.596,,,,,,,,,,,,,,4.462,4.203,4.94,4.581,3.742,5.611,5.619,5.109,,,,,,,,,,,,,,Me.Au,Me.Au,Me.Au,Me.Au,Me.Au,Me.Au,Me.Au,Me.Au,,,,,,,,,,,,,,,,,,,,,,,,,,,,,,,,,,,,,"Open pit, Underground","Open pit, Underground","Open pit, Underground","Open pit, Underground","Open pit, Underground","Open pit, Underground","Open pit, Underground","Open pit, Underground",,,,,,,,,,,,,,Gualcamayo,Gualcamayo,Gualcamayo,Gualcamayo,Gualcamayo,Gualcamayo,Gualcamayo,Gualcamayo,,,,,,,,,,,,,,Mine,Mine,Mine,Mine,Mine,Mine,Mine,Mine,,,,,,,,,,,,,,,,,,,,,,,,,,,,,,,,,,,,,,,,,,,,,,,,,,,,,,,,,,O.Au,O.Au,O.Au,O.Au,O.Au,O.Au,O.Au,O.Au,,,,,,,,,,,,,,,,,,,,,,,,,,,,,,,,,,,,3294175.0,8845992.0,7580950.0,9720842.0,4005487.0,6843580.0,7675814.0,8387882.0,,,,,,,,,,,,,,3370057.0,7528690.0,7578156.0,7742140.0,6568912.0,6775855.0,7536115.0,7570007.0,,,,,,,,,,,,,,,,,,,,,,,,,,,,,,,,,,,,,,,,,,,,,,,,,,,,,,,,,,,,,,,,,,,,,,,,,,,,,,,,,,,,,,,,,,,,,,,,,,,,,,,,,,,,,,,,
COM00509.00,Aluminium,China,19604.88,43.0,1.0,1783.71,,,,,,,,,,,,,,,,,,,,,,,,,,,,,,,,,,,,,,,,,,,,,,,,,,,,,,,,,,,,,,,,,,,,,,,,,,,,,,,,,,,,,,,,,,,"Bauxite, Alumina, Aluminium","Bauxite, Alumina, Aluminium","Bauxite, Alumina, Aluminium","Bauxite, Alumina, Aluminium",,,"Bauxite, Alumina, Aluminium","Bauxite, Alumina, Aluminium","Bauxite, Alumina, Aluminium","Bauxite, Alumina, Aluminium","Bauxite, Alumina, Aluminium","Bauxite, Alumina, Aluminium","Bauxite, Alumina, Aluminium","Bauxite, Alumina, Aluminium","Bauxite, Alumina, Aluminium","Bauxite, Alumina, Aluminium","Bauxite, Alumina, Aluminium","Bauxite, Alumina, Aluminium",,,,,,,,,,,,,,,,,,,,,,,,,,,,,,,,,,,,,,,,,,,,,,,,,,,,,,,,,,,,,,,,,,,,,Me.Al2O3,Me.Al2O3,Me.Al2O3,Me.Al2O3,,,Me.Al2O3,Me.Al2O3,Me.Al2O3,Me.Al2O3,Me.Al2O3,Me.Al2O3,Me.Al2O3,Me.Al2O3,Me.Al2O3,Me.Al2O3,Me.Al2O3,Me.Al2O3,,,,"Open pit, Underground","Open pit, Underground","Open pit, Underground","Open pit, Underground",,,"Open pit, Underground","Open pit, Underground","Open pit, Underground","Open pit, Underground","Open pit, Underground","Open pit, Underground","Open pit, Underground","Open pit, Underground","Open pit, Underground","Open pit, Underground","Open pit, Underground","Open pit, Underground",,,,Guizhou,Guizhou,Guizhou,Guizhou,,,Guizhou,Guizhou,Guizhou,Guizhou,Guizhou,Guizhou,Guizhou,Guizhou,Guizhou,Guizhou,Guizhou,Guizhou,,,,"Mine, Refinery, Smelter","Mine, Refinery, Smelter","Mine, Refinery, Smelter","Mine, Refinery, Smelter",,,"Mine, Refinery, Smelter","Mine, Refinery, Smelter","Mine, Refinery, Smelter","Mine, Refinery, Smelter","Mine, Refinery, Smelter","Mine, Refinery, Smelter","Mine, Refinery, Smelter","Mine, Refinery, Smelter","Mine, Refinery, Smelter","Mine, Refinery, Smelter","Mine, Refinery, Smelter","Mine, Refinery, Smelter",,,,,,,,,,,,,,,,,,,,,,,,,,,336.0,336.0,336.0,336.0,,,336.0,336.0,336.0,336.0,336.0,336.0,336.0,336.0,336.0,336.0,336.0,336.0,,,,O.Al,O.Al,O.Al,O.Al,,,O.Al,O.Al,O.Al,O.Al,O.Al,O.Al,O.Al,O.Al,O.Al,O.Al,O.Al,O.Al,,,,,,,,,,,,,,,,,,,,,,,,,,339000.0,199000.0,167300.0,176000.0,,,887300.0,774400.0,824000.0,1061800.0,810000.0,1080000.0,651000.0,1312000.0,1468000.0,1410000.0,2092000.0,1921000.0,,,,339000.0,199000.0,167300.0,176000.0,,,887300.0,774400.0,824000.0,1061800.0,810000.0,1080000.0,651000.0,1312000.0,1468000.0,1410000.0,2092000.0,1921000.0,,,,,,,,,,,,,,,,,,,,,,,,,,,,,,,,,,54931800.0,54592800.0,54393800.0,54226500.0,,,54050500.0,53163200.0,52388800.0,51564800.0,50503000.0,49693000.0,48613000.0,47962000.0,46650000.0,45182000.0,43772000.0,41680000.0,,,,,,,,,,,,,,,,,,,,,,,,,,,,,,,,,,,,,,,,,,,,,,,,,,,,,,,,,,
COM00512.00,Coal,Australia,56861.95,19.0,1.0,55.48,,,,,,,,,,,563000.0,997000.0,1266000.0,1690000.0,2200000.0,2303000.0,2662000.0,3530000.0,2750000.0,2821000.0,2888000.0,3055000.0,3286000.0,3330000.0,2210000.0,,,,,,,708000.0,1388000.0,1501000.0,1902000.0,2441000.0,2620000.0,3129000.0,3716000.0,3518000.0,3076000.0,3681000.0,3762000.0,3722000.0,3372000.0,2450000.0,,,,,,,,,,,,,,,,,,,,,,,,,,,,,,,,,,,,,,,,,,,,,,,,,Coal,Coal,Coal,Coal,Coal,Coal,Coal,Coal,Coal,Coal,Coal,Coal,Coal,Coal,Coal,,,,,,,,,,,,,,,,,,,,,,,,,,,,,,,,,,,,,,,,,,,,,,,,,,,,,,,,,,,,,,,,,,,,,,,,,,,,,,,,,,,,,,,,,,,,,Open cut,Open cut,Open cut,Open cut,Open cut,Open cut,Open cut,Open cut,Open cut,Open cut,Open cut,Open cut,Open cut,Open cut,Open cut,,,,,,,Gunnedah,Gunnedah,Gunnedah,Gunnedah,Gunnedah,Gunnedah,Gunnedah,Gunnedah,Gunnedah,Gunnedah,Gunnedah,Gunnedah,Gunnedah,Gunnedah,Gunnedah,,,,,,,"Mine, Refinery","Mine, Refinery","Mine, Refinery","Mine, Refinery","Mine, Refinery","Mine, Refinery","Mine, Refinery","Mine, Refinery","Mine, Refinery","Mine, Refinery","Mine, Refinery","Mine, Refinery","Mine, Refinery","Mine, Refinery","Mine, Refinery",,,,,,,,,,,,,,,,,,,,,,,,,,,,,,338.0,338.0,338.0,338.0,338.0,338.0,338.0,338.0,338.0,338.0,338.0,338.0,338.0,338.0,338.0,,,,,,,F.coal,F.coal,F.coal,F.coal,F.coal,F.coal,F.coal,F.coal,F.coal,F.coal,F.coal,F.coal,F.coal,F.coal,F.coal,,,,,,,,,,,,,,,,,,,,,,,,,,,,,,,,,,,,,,,,,,,,,,,,,,,,,,,,,,,,,,,,,,,,,,,,,,,,,,,,,,,,,,,,,,,,,,,,,,,,,73536000.0,72828000.0,71440000.0,69939000.0,68037000.0,65596000.0,62976000.0,59847000.0,56131000.0,52613000.0,49537000.0,45856000.0,42094000.0,38372000.0,35000000.0,,,,,,,,,,,,,,,,,,,,,,,,,,,,,,,,,,,,,,,,,,,,,,,,,,,,,,,,,
COM00516.00,Gold,United States of America,55819.0,184.0,1.0,1292.59,,,,,,,,,,,,,,,,,,,,,,,,,,,,,,,,,,,,,,,,,,,,,,,,,,,,,,,,,,,,,,,,2.67,2.11,1.8,,,,,,,,,,,,,,,,,,,3730.0,3732.0,3734.0,,,,,,,,,,,,,,,,,,,Gold,Gold,Gold,,,,,,,,,,,,,,,,,,,0.751,0.81,0.786,,,,,,,,,,,,,,,,,,,3.686,4.099,4.544,,,,,,,,,,,,,,,,,,,Me.Au,Me.Au,Me.Au,,,,,,,,,,,,,,,,,,,,,Me.Au,Me.Au,Me.Au,,,,,,,,,,,,,,,,,,,"Open Pit, Underground","Open Pit, Underground","Open Pit, Underground",,,,,,,,,,,,,,,,,,,Haile,Haile,Haile,,,,,,,,,,,,,,,,,,,Mine,Mine,Mine,,,,,,,,,,,,,,,,,430.0,431.0,432.0,,,,,,,,,,,,,,,,,,,,,,,342.0,342.0,342.0,,,,,,,,,,,,,,,,,,,O.Au,O.Au,O.Au,,,,,,,,,,,,,,,,,,,,,,,,,,,,,,,,,,,,,,,,,2710000.0,2780000.0,3217000.0,,,,,,,,,,,,,,,,,,,1836000.0,2392000.0,3204000.0,,,,,,,,,,,,,,,80.79614092050001,,,,,,,,,,,,,,,1.8725263157894736,,,,,,,,,,,,,,,,,,,52990000.0,50280000.0,47500000.0,,,,,,,,,,,,,,,,,,,,,,,,,,,,,,,,,,,,Waste rock,Waste rock,Waste rock,,,,,,,,,,,,,,,,,16475000.0,13913000.0,21730000.0,
COM00517.00,Gold,Australia,56861.95,6.0,1.0,1328.29,,,,,,,,,,,,,,,,,,,,,,,,,,,,,,,,,,,,,,,,,,,,,,,,,,,,,,,,,,,,,,,5.894366,6.62804,6.398274,5.693085,4.808666,,,,,,,,,,,,,,,,,3736.0,3738.0,3740.0,3742.0,3744.0,,,,,,,,,,,,,,,,,Gold,Gold,Gold,Gold,Gold,,,,,,,,,,,,,,,,,,,,,,,,,,,,,,,,,,,,,,0.464,1.108,1.477,1.217,1.095,,,,,,,,,,,,,,,,,Me.Au,Me.Au,Me.Au,Me.Au,Me.Au,,,,,,,,,,,,,,,,,,,Me.Au,Me.Au,Me.Au,Me.Au,Me.Au,,,,,,,,,,,,,,,,,Underground,Underground,Underground,Underground,Underground,,,,,,,,,,,,,,,,,Halls Creek,Halls Creek,Halls Creek,Halls Creek,Halls Creek,,,,,,,,,,,,,,,,,Mine,Mine,Mine,Mine,Mine,,,,,,,,,,,,,,,,,,,,,,,,,,,,,,,,,,,,,,,,343.0,343.0,343.0,343.0,343.0,,,,,,,,,,,,,,,,,O.Au,O.Au,O.Au,O.Au,O.Au,,,,,,,,,,,,,,,,,,,,,,,,,,,,,,,,,,,,,,,76637.0,220515.0,256583.0,249486.0,229514.0,,,,,,,,,,,,,,,,,78730.0,167156.0,230893.0,213845.0,227787.0,,,,,,,,,,,,,,,4.25242845,,,,,,,,,,,,,,,4.6,,,,,,,,,,,,,,,,,1826221.0,1749584.0,1529069.0,1272486.0,1023000.0,,,,,,,,,,,,,,,,,,,,,,,,,,,,,,,,,,,,,,,,,,,,,,,,,,,,,,,,,
COM00521.00,Coal,United States of America,55819.0,8.0,1.0,59.08,,,,,,,,,,,,,,,,,,,,2449440.0,2721600.0,5533920.0,5715360.0,5352480.0,,,,,,,,,,,,,,,,,2449440.0,2721600.0,5533920.0,5715360.0,5352480.0,,,,,,,,,,,,,,,,,,,,,,,,,,,,,,,,,,,,,,,,,,,,,,,,,,,,,,,,,,,Coal,Coal,Coal,Coal,Coal,,,,,,,,,,,,,,,,,,,,,,,,,,,,,,,,,,,,,,,,,,,,,,,,,,,,,,,,,,,,,,,,,,,,,,,,,,,,,,,,,,,,,,,,,,,,,,,,,,,,,,,Underground,Underground,Underground,Underground,Underground,,,,,,,,,,,,,,,,,Hamilton Complex,Hamilton Complex,Hamilton Complex,Hamilton Complex,Hamilton Complex,,,,,,,,,,,,,,,,,Mine,Mine,Mine,Mine,Mine,,,,,,,,,,,,,,,,,,,,,,,,,,,,,,,,,,,,,,,,347.0,347.0,347.0,347.0,347.0,,,,,,,,,,,,,,,,,F.coal,F.coal,F.coal,F.coal,F.coal,,,,,,,,,,,,,,,,,,,,,,,,,,,,,,,,,,,,,,,,,,,,,,,,,,,,,,,,,,,,,,,,,,,,,,,,,,,,,,,,,,,,,,,,,,,,,,,,,,,,,,,,,,,,,,,501863040.0,499413600.0,496692000.0,491158080.0,485442720.0,,,,,,,,,,,,,,,,,,,,,,,,,,,,,,,,,,,,,,,,,,,,,,,,,,,,,,,,,,
COM00530.00,Other (poly)-metallic,United States of America,55819.0,45.0,1.0,,,,,,,,,,,,,,,,,,,,,,,,,,,,,,,,,,,,,,,,,,,,,,,,,,,,,,,,,,,,,,,,,,,,,,,,,,,,,,,,,,,,,,,,,,Molybdenum,Molybdenum,Molybdenum,Molybdenum,Molybdenum,Molybdenum,Molybdenum,Molybdenum,Molybdenum,Molybdenum,Molybdenum,Molybdenum,Molybdenum,Molybdenum,Molybdenum,Molybdenum,Molybdenum,Molybdenum,Molybdenum,Molybdenum,,,,,,,,,,,,,,,,,,,,,,,8948.017,8438.179,9306.355,10091.069,12700.586,14514.956,16782.918,17690.102,18143.695,12246.994,18143.695,17236.51,15422.141,13607.771,13607.771,11339.809,4535.924,5443.108,6350.293,5443.108,,Me.Mo,Me.Mo,Me.Mo,Me.Mo,Me.Mo,Me.Mo,Me.Mo,Me.Mo,Me.Mo,Me.Mo,Me.Mo,Me.Mo,Me.Mo,Me.Mo,Me.Mo,Me.Mo,Me.Mo,Me.Mo,Me.Mo,Me.Mo,,,,,,,,,,,,,,,,,,,,,,,Me.Mo,,Open pit,Open pit,Open pit,Open pit,Open pit,Open pit,Open pit,Open pit,Open pit,Open pit,Open pit,Open pit,Open pit,Open pit,Open pit,Open pit,Open pit,Open pit,Open pit,Open pit,,Henderson,Henderson,Henderson,Henderson,Henderson,Henderson,Henderson,Henderson,Henderson,Henderson,Henderson,Henderson,Henderson,Henderson,Henderson,Henderson,Henderson,Henderson,Henderson,Henderson,,Mine,Mine,Mine,Mine,Mine,Mine,Mine,Mine,Mine,Mine,Mine,Mine,Mine,Mine,Mine,Mine,Mine,Mine,Mine,Mine,,,,,,,,,,,,,,,,,,,,,,,,,,,,,,,,,,,,,,,,,,,,351.0,,O.Cu,O.Cu,O.Cu,O.Cu,,,,,,,,,,,,,,,,,,,,,,,,,,,,,,,,,,,,,,,,,,,,,,,,,,,,,,,,,,,,,,,,,,,,,,,,,,,,,,,,,,,,,,,,,,,,,,,,,,,,,,,,,,,,,,,,,,,,,,,,,,,,,,,,,,,67000000.0,,,,,,,,,,,,,,,,,,,,,,,,,,,,,,,,,,,,,,,,,,,,,,,,,,,,,,,,,,
COM00533.00,Gold,Mexico,9018.86,24.0,1.0,847.72,,,,,,,,,,,,,,,,,,,,,,,,,,,,,,,,,,,,,,,,,,,,,,,,,,,,,,,,,0.65809,0.546702,0.279408,0.590163,0.863005,0.651884,0.718908,0.600169,1.948654,,,,,,,,,,,,,3850.0,3852.0,3854.0,3856.0,3858.0,3860.0,3862.0,3864.0,3866.0,,,,,,,,,,,"Gold, Silver","Gold, Silver","Gold, Silver","Gold, Silver","Gold, Silver","Gold, Silver","Gold, Silver","Gold, Silver","Gold, Silver","Gold, Silver","Gold, Silver",,,,,,,,,,,,,,,,,,2.776034,2.406244,2.8555,2.172595,,,,,,,,,,,6.277,8.657,10.935,11.492,6.885,8.477,19.249,14.912,18.087,15.621,43.176,,,,,,,,,,,Me.Ag,Me.Ag,Me.Ag,Me.Ag,Me.Ag,Me.Ag,Me.Ag,Me.Ag,Me.Ag,Me.Ag,Me.Ag,,,,,,,,,,,,,,,,,,,,,,,,,,,,,,,,,,"Open pit, Heap leach, Merrill-Crowe, Dynamic leaching plant","Open pit, Heap leach, Merrill-Crowe, Dynamic leaching plant","Open pit, Heap leach, Merrill-Crowe, Dynamic leaching plant","Open pit, Heap leach, Merrill-Crowe, Dynamic leaching plant","Open pit, Heap leach, Merrill-Crowe, Dynamic leaching plant","Open pit, Heap leach, Merrill-Crowe, Dynamic leaching plant","Open pit, Heap leach, Merrill-Crowe, Dynamic leaching plant","Open pit, Heap leach, Merrill-Crowe, Dynamic leaching plant","Open pit, Heap leach, Merrill-Crowe, Dynamic leaching plant","Open pit, Heap leach, Merrill-Crowe, Dynamic leaching plant","Open pit, Heap leach, Merrill-Crowe, Dynamic leaching plant",,,,,,,,,,,Herradura,Herradura,Herradura,Herradura,Herradura,Herradura,Herradura,Herradura,Herradura,Herradura,Herradura,,,,,,,,,,,Mine,Mine,Mine,Mine,Mine,Mine,Mine,Mine,Mine,Mine,Mine,,,,,,,,,,,,,,,,437.0,438.0,439.0,440.0,,,,,,,,,,,,,,,,,,,,,,,,,,,,,,,,,,,,O.bulk,O.bulk,O.bulk,O.bulk,O.bulk,O.bulk,O.bulk,O.bulk,O.bulk,O.bulk,O.bulk,,,,,,,,,,,,,,,,,,,,,,,,,,,,,,,,,,,16616000.0,21020000.0,24641000.0,14363000.0,22305000.0,22875000.0,25159000.0,26027000.0,22157000.0,,,,,,,,,,,,,16616000.0,21020000.0,24641000.0,14363000.0,22305000.0,22875000.0,25159000.0,26027000.0,22157000.0,,,,,,,,,,,,,,,,,,,,,,,,,,,,,,,,,,,,,,,,,,,,,,,,,,,,,,,,,,,,,,,,,,,117033000.0,118841000.0,130025000.0,124024000.0,,,,,,,,,,,,,,,,,,,,,,,,,,,,,,,,,,,,,,,,
COM00534.00,Iron,United States of America,55819.0,45.0,1.0,36.19,,,,,,,,,,,,,,,,,,,,,,,,,,,,,,,,,,,,,,,,,,,,,,,,,,,,,,,,,,650000.0,650000.0,650000.0,650000.0,650000.0,650000.0,650000.0,650000.0,650000.0,,,,,,,,,,,,,3878.0,3881.0,3884.0,3887.0,3890.0,3893.0,3896.0,3899.0,3902.0,,Iron,Iron,Iron,Iron,Iron,Iron,Iron,Iron,Iron,Iron,Iron,Iron,Iron,Iron,Iron,Iron,Iron,Iron,Iron,Iron,,,,,,,,,,,,,0.0,0.0,0.0,0.0,0.0,0.0,0.0,0.0,0.0,,,,,,,,,,,,,5135000.0,5265000.0,5005000.0,5005000.0,5265000.0,5395000.0,5070000.0,5070000.0,4875000.0,,,,,,,,,,,,,Me.Fe,Me.Fe,Me.Fe,Me.Fe,Me.Fe,Me.Fe,Me.Fe,Me.Fe,Me.Fe,,,,,,,,,,,,,,,Me.Fe,Me.Fe,Me.Fe,Me.Fe,Me.Fe,Me.Fe,Me.Fe,Me.Fe,Me.Fe,,Open pit,Open pit,Open pit,Open pit,Open pit,Open pit,Open pit,Open pit,Open pit,Open pit,Open pit,Open pit,Open pit,Open pit,Open pit,Open pit,Open pit,Open pit,Open pit,Open pit,,Hibbing,Hibbing,Hibbing,Hibbing,Hibbing,Hibbing,Hibbing,Hibbing,Hibbing,Hibbing,Hibbing,Hibbing,Hibbing,Hibbing,Hibbing,Hibbing,Hibbing,Hibbing,Hibbing,Hibbing,,Mine,Mine,Mine,Mine,Mine,Mine,Mine,Mine,Mine,Mine,Mine,Mine,Mine,Mine,Mine,Mine,Mine,Mine,Mine,Mine,,,,,,,,,,,,,,,,,,,,,,,,,,,,,,,,,,,,354.0,354.0,354.0,354.0,354.0,354.0,354.0,354.0,354.0,,Con.Fe,Con.Fe,Con.Fe,Con.Fe,Con.Fe,Con.Fe,Con.Fe,Con.Fe,Con.Fe,Con.Fe,Con.Fe,Con.Fe,Con.Fe,Con.Fe,Con.Fe,Con.Fe,Con.Fe,Con.Fe,Con.Fe,Con.Fe,,,8200000.0,6197887.0,7823562.0,8128376.0,8433190.0,8636400.0,8433190.0,7518748.0,8346709.0,1765650.0,5939005.0,7900000.0,8100000.0,7700000.0,7700000.0,8100000.0,8300000.0,7800000.0,7800000.0,7500000.0,,,,,,,,,,,,,28800000.0,29500000.0,28100000.0,27300000.0,29800000.0,30700000.0,28300000.0,29200000.0,28400000.0,,,,,,,,,,,,,28800000.0,29500000.0,28100000.0,27300000.0,29800000.0,30700000.0,28300000.0,29200000.0,28400000.0,,,,,,,,,,,,,,,,,,,,,,,,,,,,,,,,,,,,,,,,,,,362700000.0,333900000.0,304400000.0,276300000.0,249000000.0,219200000.0,188500000.0,160200000.0,131000000.0,,,,,,,,,,,,,,,,,,,,,,,,,,,,,,,,,,,,,,,,,,,,,,,,,,,,,,,,,,
COM00539.00,Coal,Canada,43833.79,51.0,1.0,63.29,,,,,,,,,2500000.0,2300000.0,1700000.0,2200000.0,3100000.0,2400000.0,1000000.0,200000.0,20000.0,,,,,,,,,,,,,2500000.0,2300000.0,1700000.0,2200000.0,3100000.0,2400000.0,1000000.0,200000.0,20000.0,,,,,,,,,,,,,,,,,,,,,,,,,,,,,,,,,,,,,,,,,,,,,,,,,,,,,,,Thermal coal,Thermal coal,Thermal coal,Thermal coal,Thermal coal,Thermal coal,Thermal coal,Thermal coal,Thermal coal,,,,,,,,,,,,,,,,,,,,,,,,,,,,,,,,,,,,,,,,,,,,,,,,,,,,,,,,,,,,,,,,,,,,,,,,,,,,,,,,,,,,,,,,,,,,,,,,,,,,,,,,,,,,,,,,,,,,,,,,Highvale,Highvale,Highvale,Highvale,Highvale,Highvale,Highvale,Highvale,Highvale,,,,,,,,,,,,,Mine,Mine,Mine,Mine,Mine,Mine,Mine,Mine,Mine,,,,,,,,,,,,,,,,,,,,,,,,,,,,,,,,,,,,,,,,,,,,,,,,,,,,,,,,,F.stc,F.stc,F.stc,F.stc,F.stc,F.stc,F.stc,F.stc,F.stc,,,,,,,,,,,,,,,,,,,,,,,,,,,,,,,,,,,,,,,,,,,,,,,,,,,,,,,,,,,,,,,,,,,,,,,,,,,,,,,,,,,,,,,,,,,,,,,,,,,,,,,,,,,,,,,,,,,,,,,,,,,,,,,,,,,,,,,,,,,,,,,,,,,,,,,,,,,,,,,,,,,,,,,,,,,,,,,,,,,,
COM00544.00,Iron,Australia,56861.95,14.0,1.0,128.88,,,,,,,,,,,,,,,,,,,,,,,,,,,,,,,,,,,,,,,,,,,,,,,,,,,,,,,,,,,,,,,,,,,,,,,,,,,,,,,,,,,,,,,,,,,,,,,,Iron ore,Iron ore,Iron ore,Iron ore,Iron ore,Iron ore,Iron ore,Iron ore,Iron ore,Iron ore,Iron ore,Iron ore,,,,,,,,,,,,,,,,,,,,,,,,,,,,,,,,,,,,,,,,,,,,,,,,,,,,,,,,,,,,,,,,,,,,,,,,,,,Me.Fe,Me.Fe,Me.Fe,Me.Fe,Me.Fe,Me.Fe,Me.Fe,Me.Fe,Me.Fe,Me.Fe,Me.Fe,Me.Fe,,,,,,,,,,Open Pit,Open Pit,Open Pit,Open Pit,Open Pit,Open Pit,Open Pit,Open Pit,Open Pit,Open Pit,Open Pit,Open Pit,,,,,,,,,,Hope Downs,Hope Downs,Hope Downs,Hope Downs,Hope Downs,Hope Downs,Hope Downs,Hope Downs,Hope Downs,Hope Downs,Hope Downs,Hope Downs,,,,,,,,,,Mine,Mine,Mine,Mine,Mine,Mine,Mine,Mine,Mine,Mine,Mine,Mine,,,,,,,,,,,,,,,,,,,,,,,,,,,,,,,,,362.0,362.0,362.0,362.0,362.0,362.0,362.0,362.0,362.0,362.0,362.0,362.0,,,,,,,,,,O.Fe,O.Fe,O.Fe,O.Fe,O.Fe,O.Fe,O.Fe,O.Fe,O.Fe,O.Fe,O.Fe,O.Fe,,,,,,,,,,,,,,,,,,,,,,,,,,,,,,,,64000.0,10936000.0,20634000.0,31720000.0,31740000.0,30793000.0,33788000.0,42715000.0,44745000.0,47010000.0,46941000.0,45368000.0,,,,,,,,,,64000.0,10936000.0,20634000.0,31720000.0,31740000.0,30793000.0,33788000.0,42715000.0,44745000.0,47010000.0,46941000.0,45368000.0,,,,,,,,,,,,,,,,,,,,,,,,,,,,,,,,,,,,,,,,662086000.0,662022000.0,651086000.0,630452000.0,598732000.0,566992000.0,536199000.0,502411000.0,459696000.0,414951000.0,367941000.0,321000000.0,,,,,,,,,,,,,,,,,,,,,,,,,,,,,,,,,,,,,,,,,,,,,,,,,,,,,,,,,,,
COM00549.00,Coal,United States of America,55819.0,46.0,0.0,43.21,,,,,,635040.0,453600.0,,,,,,,,,,,,,,,,,,,,635040.0,453600.0,,,,,,,,,,,,,,,,,,,,,,,,,,,,,,,,,,,,,,,,,,,,,,,,,,,,,,,,,,,,,,Coal,Coal,,,,,,,,,,,,,,,,,,,,,,,,,,,,,,,,,,,,,,,,,,,,,,,,,,,,,,,,,,,,,,,,,,,,,,,,,,,,,,,,,,,,,,,,,,,,,,,,,,,,,,,,,,Underground,Underground,,,,,,,,,,,,,,,,,,,,Humphrey,Humphrey,,,,,,,,,,,,,,,,,,,,Mine,Mine,,,,,,,,,,,,,,,,,,,,,,,,,,,,,,,,,,,,,,,,,,,,,,,,,,,,,,,,,,,,,,,,F.coal,F.coal,,,,,,,,,,,,,,,,,,,,,,,,,,,,,,,,,,,,,,,,,,,,,,,,,,,,,,,,,,,,,,,,,,,,,,,,,,,,,,,,,,,,,,,,,,,,,,,,,,,,,,,,,,,,,,,,,,,,,,,,,,,,,,,,,,,,,,,,,,,,,,,,,,,,,,,,,,,,,,,,,,,,,,,,,,,,,,,,,,,,,,,,,,,,,,
COM00558.01,Iron,Australia,56861.95,2.0,1.0,94.34,,,,,,,,,,,,,,,,,,,,,,,,,,,,,,,,,,,,,,,,,,,,,,,,,,,,,,,,,,,,,,,,,,,,,,,,,,,,,,,,,,,,,,,,,,,,,,,,,,,,,,,,,,,,"Zicron, Rutile, Ilmenite",,,,,,,,,,,,,,,,,,,,,,,,,,,,,,,,,,,,,,,,,,,,,,,,,,,,,,,,,,,,,,,,,,,,,,,,,,,,,,,,,,,,,,,,,,,,,,,,,,,,,,,,,,,,,,,,,,,,,,,,,,,,,,,,Iluka Western Australia,,,,,,,,,,,,,,,,,,,,,Mine,,,,,,,,,,,,,,,,,,,467.0,,,,,,,,,,,,,,,,,,,,,,,,,,,,,,,,,,,,,,,,,,,,,,,,,,,,,,,,,,,,,,,,,,,,,,,,,,,,,,,,,,,,,,,,,,,,,,,,,,,,,,,,,,,,,,,,,,,,,,,,,,,,,,,,,,,,,,,,,,,,,,,,,,,,,,,,,,,,,,,,,,,,,,,,,,,,,,,,,,,,11001000.0,,,,,,,,,,,,,,,,,,,Waste rock,,,,,,,,,,,,,,,,,,,13588.36,
COM00560.00,Zinc,Mexico,9018.86,110.0,1.0,1575.04,,,,,,,,,,,,,,,,,,,,,,,,,,,,,,,,,,,,,,,,,,,,,,,,,,,,276200.0,260800.0,261700.0,285400.0,295600.0,302600.0,297000.0,275000.0,225000.0,,,,,,,,,,,,,4289.0,4294.0,4299.0,4304.0,4309.0,4314.0,4319.0,4324.0,4329.0,,,,,,,,,,,,,"Zinc, Lead, Copper","Zinc, Lead, Copper","Zinc, Lead, Copper","Zinc, Lead, Copper","Zinc, Lead, Copper","Zinc, Lead, Copper","Zinc, Lead, Copper","Zinc, Lead, Copper","Zinc, Lead, Copper",,,,,,,,,,,,,0.0,0.0,0.0,0.0,0.0,0.0,0.0,0.0,0.0,,,,,,,,,,,,,800.98,1095.36,1099.14,1027.44,945.92,938.06,1098.9,1292.5,2160.0,,,,,,,,,,,,,Me.Cu,Me.Cu,Me.Cu,Me.Cu,Me.Cu,Me.Cu,Me.Cu,Me.Cu,Me.Cu,,,,,,,,,,,,,,,,,,,,,,,,,,,,,,,,,,,,,,,,,,,,,,,,,,,,,,,,,IMMSA - Charcas,IMMSA - Charcas,IMMSA - Charcas,IMMSA - Charcas,IMMSA - Charcas,IMMSA - Charcas,IMMSA - Charcas,IMMSA - Charcas,IMMSA - Charcas,,,,,,,,,,,,,Mine,Mine,Mine,Mine,Mine,Mine,Mine,Mine,Mine,,,,,,,,,,,,,,,,,469.0,470.0,471.0,,,,,,,,,,,,,,,,,,,,,,,,,,,,,,,,,,,,,,Con.Cu,Con.Cu,Con.Cu,Con.Cu,Con.Cu,Con.Cu,Con.Cu,Con.Cu,Con.Cu,,,,,,,,,,,,,,2900.0,4200.0,4200.0,3600.0,3200.0,3100.0,3700.0,4700.0,9600.0,,,,,,,,,,,,,1328000.0,1343000.0,1259000.0,1169000.0,1162000.0,1165000.0,1124000.0,1164000.0,1180000.0,,,,,,,,,,,,,1328000.0,1343000.0,1259000.0,1169000.0,1162000.0,1165000.0,1124000.0,1164000.0,1180000.0,,,,,,,,,,,,,,,,,,,,,,,,,,,,,,,,,,,,,,,,,,,,,,,,,,,,,,,,,,,,,,,,,,,,1124000.0,1164000.0,1180000.0,,,,,,,,,,,,,,,,,,,,,,,,,,,,,,,,,,,,,,,,,,,,,
COM00564.00,Zinc,Mexico,9018.86,103.0,1.0,1575.04,,,,,,,,,,,,,,,,,,,,,,,,,,,,,,,,,,,,,,,,,,,,,,,,,,,,482400.0,461600.0,436900.0,,,,,,,,,,,,,,,,,,,4430.0,4434.0,4438.0,,,,,,,,,,,,,,,,,,,"Zinc, Lead","Zinc, Lead","Zinc, Lead",,,,,,,,,,,,,,,,,,,0.0,0.0,0.0,,,,,,,,,,,,,,,,,,,2460.24,2123.36,1048.56,,,,,,,,,,,,,,,,,,,Me.Pb,Me.Pb,Me.Pb,,,,,,,,,,,,,,,,,,,,,,,,,,,,,,,,,,,,,,,,,,"Underground, Flotation","Underground, Flotation","Underground, Flotation",,,,,,,,,,,,,,,,,,,IMMSA - Taxco,IMMSA - Taxco,IMMSA - Taxco,,,,,,,,,,,,,,,,,,,Mine,Mine,Mine,,,,,,,,,,,,,,,,,,,,,,,,,,,,,,,,,,,,,,,,,,,,,,,,,,,,,,,,,,,,,,,Con.Pb,Con.Pb,Con.Pb,,,,,,,,,,,,,,,,,,,,5100.0,4600.0,2400.0,,,,,,,,,,,,,,,,,,,363000.0,411000.0,248000.0,,,,,,,,,,,,,,,,,,,363000.0,411000.0,248000.0,,,,,,,,,,,,,,,,,,,,,,,,,,,,,,,,,,,,,,,,,,,,,,,,,,,,,,,,,,,,,,,,,,,,,,,,,,,,,,,,,,,,,,,,,,,,,,,,,,,,,,,,,,,,,,,,,,,,,,,,,
COM00565.00,Coal,South Africa,16266.82,6.0,1.0,59.08,,,,,,,,,,,,,,,,,,,,0.0,1700000.0,2200000.0,3200000.0,4800000.0,6200000.0,,,,,,,,,,,,,,,,0.0,1700000.0,2200000.0,3200000.0,4800000.0,6200000.0,,,,,,,,,,,,,,,,,,,,,,,,,,,,,,,,,,,,,,,,,,,,,,,,,,,,,,,,,,Coal,Coal,Coal,Coal,Coal,Coal,,,,,,,,,,,,,,,,,,,,,,,,,,,,,,,,,,,,,,,,,,,,,,,,,,,,,,,,,,,,,,,,,,,,,,,,,,,,,,,,,,,,,,,,,,,,,,,,,,,,,,Underground,Underground,Underground,Underground,Underground,Underground,,,,,,,,,,,,,,,,Impumelelo,Impumelelo,Impumelelo,Impumelelo,Impumelelo,Impumelelo,,,,,,,,,,,,,,,,Mine,Mine,Mine,Mine,Mine,Mine,,,,,,,,,,,,,,,,,,,,,,,,,,,,,,,,,,,,,,,377.0,377.0,377.0,377.0,377.0,377.0,,,,,,,,,,,,,,,,F.coal,F.coal,F.coal,F.coal,F.coal,F.coal,,,,,,,,,,,,,,,,,,,,,,,,,,,,,,,,,,,,,,,,,,,,,,,,,,,,,,,,,,,,,,,,,,,,,,,,,,,,,,,,,,,,,,,,,,,,,,,,,,,,,,,,,,,,,,260900000.0,260900000.0,259200000.0,257000000.0,253800000.0,249000000.0,,,,,,,,,,,,,,,,,,,,,,,,,,,,,,,,,,,,,,,,,,,,,,,,,,,,,,,,,
COM00567.00,Coal,Russian Federation,11616.07,5.0,1.0,75.31,,,,,,,,,,,,,,,,,,,,,,,,2484000.0,1573000.0,,,,,,,,,,,,,,,,,,,,2484000.0,1573000.0,,,,,,,,,,,,,,,,,,,,,,,,,,,,,,,,,,,,,,,,,,,,,,,,,,,,,,,,,,,,,,Coking coal,Coking coal,,,,,,,,,,,,,,,,,,,,,,,,,,,,,,,,,,,,,,,,,,,,,,,,,,,,,,,,,,,,,,,,,,,,,,,,,,,,,,,,,,,,,,,,,,,,,,,,,,,,,,,,,,Open pit,Open pit,,,,,,,,,,,,,,,,,,,,Inaglinskiy,Inaglinskiy,,,,,,,,,,,,,,,,,,,,Mine,Mine,,,,,,,,,,,,,,,,,,,,,,,,,,,,,,,,,,,,,,,,,,,,,,,,,,,,,,,,,,,,,,,,F.coc,F.coc,,,,,,,,,,,,,,,,,,,,,,,,,,,,,,,,,,,,,,,,,,,,,,,,,,,,,,,,,,,,,,,,,,,,,,,,,,,,,,,,,,,,,,,,,,,,,,,,,,,,,,,,,,,,,,,,,,,,,,,,,,,,,,,,,,,,,,,,,,,,,,,,,,,,,,,,,,,,,,,,,,,,,,,,,,,,
COM00569.00,Iron,Ukraine,6395.79,56.0,1.0,151.7,,,,,,,,,,,,,,,,,,,,,,,,,,,,,,,,,,,,,,,,,,,,,,,,,,,,,,,,652500.0,654000.0,,,,,,667500.0,667500.0,667500.0,,,,,,,,,,,,4443.0,4444.0,,,,,,4450.0,4451.0,4452.0,,,,,,,,,,,Iron,Iron,Iron,Iron,Iron,Iron,Iron,Iron,Iron,Iron,Iron,Iron,,,,,,,,,,,0.0,0.0,,,,,,0.0,0.0,0.0,,,,,,,,,,,,7373250.0,10071600.0,,,,,,8532652.5,7628857.5,8195565.0,,,,,,,,,,,,Me.Fe,Me.Fe,,,,,,Me.Fe,Me.Fe,Me.Fe,,,,,,,,,,,,,,,,,,,,,,,,,,,,,,,,,,Open pit,Open pit,Open pit,Open pit,Open pit,Open pit,Open pit,Open pit,Open pit,Open pit,Open pit,Open pit,,,,,,,,,,Ingulets GOK,Ingulets GOK,Ingulets GOK,Ingulets GOK,Ingulets GOK,Ingulets GOK,Ingulets GOK,Ingulets GOK,Ingulets GOK,Ingulets GOK,Ingulets GOK,Ingulets GOK,,,,,,,,,,Mine,Mine,Mine,Mine,Mine,Mine,Mine,Mine,Mine,Mine,Mine,Mine,,,,,,,,,,,,,,,,,,,,,,,,,,,,,,,,,,,,,378.0,,,,,,,,,,,,,,,,,Con.Fe,Con.Fe,Con.Fe,Con.Fe,Con.Fe,Con.Fe,Con.Fe,Con.Fe,Con.Fe,Con.Fe,Con.Fe,Con.Fe,,,,,,,,,,,12600000.0,11300000.0,15400000.0,15133000.0,15277000.0,15344000.0,15056000.0,12903000.0,12783000.0,11429000.0,12278000.0,12344000.0,,,,,,,,,,,,,,,,,,,,,,,,,,,,,,,,,,,,,,,,,,,,,,,,,,,,,,,,,,,,,,,,,,,,,,,,,,,,,,,,,,,,,,,,,,,,,,,,,,,,,,,,,,,,,,,,,,,,,,,,,,,,,,,,,,,,,,,,,,,,,,,,,,,,,,,
COM00577.00,Iron,Australia,56861.95,6.0,1.0,57.07,,,,,,,,,,,,,,,,,,,,,,,,,,,,,,,,,,,,,,,,,,,,,,,,,,,,,,,,,,,,,,,,,,,,,,,,,,,,,,,,,,,,,,,,,,,,,,,,,,,,,,,,Iron,Iron,Iron,Iron,Iron,Iron,,,,,,,,,,,,,,,,,,,,,,,,,,,,,,,,,,,,,,,,,,,,,,,,,,,,,,,,,,,,,,,,,,,,,,,,,,,,,,,,,,,,,,,,,,,,,,,,,,,,,,,,,,,,,,,,,,,,,,,,,,,Iron Valley,Iron Valley,Iron Valley,Iron Valley,Iron Valley,Iron Valley,,,,,,,,,,,,,,,,Mine,Mine,Mine,Mine,Mine,Mine,,,,,,,,,,,,,,,,,,,,,,,,,,,,,,,,,,,,,,,,,,,,,,,,,,,,,,,,,,,,O.Fe,O.Fe,O.Fe,O.Fe,O.Fe,O.Fe,,,,,,,,,,,,,,,,,,,,,,,,,,,,,,,,,,,,,,4121000.0,7268000.0,8003000.0,7617000.0,6133000.0,6158000.0,,,,,,,,,,,,,,,,4121000.0,7268000.0,8003000.0,7617000.0,6133000.0,6158000.0,,,,,,,,,,,,,,,,,,,,,,,,,,,,,,,,,,,,,,,,,,,,,,,,,,,,,,,,,,,,,,,,,,,,,,,,,,,,,,,,,,,,,,,,,,,,,,,,,,,,,,,,,,,,
COM00586.00,Copper,Saudi Arabia,26240.14,5.0,1.0,5630.38,,,,,,,,,,,,,,,,,,,,,,,,,,,,,,,,,,,,,,,,,,,,,,,,,,,,,,,,,,,,,,,,,,,,,,,,,,,,,,,,,,,,,,,,,,,,,,,,,,,,,,,,Copper,,,Copper,,,,,,,,,,,,,,,,,,,,,,,,,,,,,,,,,,,,,,,2721.554,,,49895.161,,,,,,,,,,,,,,,,,,Me.Cu,,,Me.Cu,,,,,,,,,,,,,,,,,,,,,,,Me.Cu,,,,,,,,,,,,,,,,,,,,,,,,,,,,,,,,,,,,,,,Jabal Sayid,,,Jabal Sayid,,,,,,,,,,,,,,,,,,Mine,,,Mine,,,,,,,,,,,,,,,,,,,,,,,,,,,,,,,,,,,,,,,,,,,,386.0,,,,,,,,,,,,,,,,,,,,,O.Cu,,,,,,,,,,,,,,,,,,,,,,,,,,,,,,,,,,,,,,,,,,,,,,,,,,,,,,,,,,,,,,,,,,,,,,,,,,,,,,,646006.253354,,,,,,,,,,,,,,,23830.0,,,,,,,,,,,,,,,,,,,,,27112000.0,,,,,,,,,,,,,,,,,,,,,,,,,,,,,,,,,,,,,,,,,,,,,,,,,,,,,,,,,,,
COM00587.00,Iron,Australia,56861.95,12.0,1.0,145.86,,,,,,,,,,,,,,,,,,,,,,,,,,,,,,,,,,,,,,,,,,,,,,,,,,,,,,,,,,,,,,,,,,,,,,,,,,,,,,,,,,,,,,,,,,,,,,,,,,,"Zircon, Rutile, Ilmenite","Zircon, Rutile, Ilmenite","Zircon, Rutile, Ilmenite","Zircon, Rutile, Ilmenite","Zircon, Rutile, Ilmenite","Zircon, Rutile, Ilmenite","Zircon, Rutile, Ilmenite","Zircon, Rutile, Ilmenite","Zircon, Rutile, Ilmenite","Zircon, Rutile, Ilmenite",,,,,,,,,,,,,,,,,,,,,,,,,,,,,,,,,,,,,,,,,,,,,,,,,,,,,,,,,,,,,,,,,,,,,,,,,,,,,,,,,,,,,,O.FeTiO3,,,,,,,,,,,,Open pit,Open pit,Open pit,Open pit,Open pit,Open pit,Open pit,Open pit,Open pit,Open pit,,,,,,,,,,,,Jacinth-Ambrosia,Jacinth-Ambrosia,Jacinth-Ambrosia,Jacinth-Ambrosia,Jacinth-Ambrosia,Jacinth-Ambrosia,Jacinth-Ambrosia,Jacinth-Ambrosia,Jacinth-Ambrosia,Jacinth-Ambrosia,,,,,,,,,,,,"Mine, Refinery","Mine, Refinery","Mine, Refinery","Mine, Refinery","Mine, Refinery","Mine, Refinery","Mine, Refinery","Mine, Refinery","Mine, Refinery","Mine, Refinery",,,,,,,,,,483.0,485.0,487.0,489.0,491.0,493.0,495.0,497.0,499.0,501.0,,,,,,,,,,,,,,,,,,,,,,,,,387.0,,,,,,,,,,,,O.FeTiO3,O.FeTiO3,O.FeTiO3,O.FeTiO3,O.FeTiO3,O.FeTiO3,O.FeTiO3,O.FeTiO3,O.FeTiO3,O.FeTiO3,,,,,,,,,,,,,,,,,,,,,,,,,,,,,,,,,,120800.0,174300.0,90400.0,68500.0,101800.0,117500.0,113000.0,117600.0,121700.0,107000.0,,,,,,,,,,,,120800.0,174300.0,90400.0,68500.0,101800.0,117500.0,113000.0,117600.0,121700.0,107000.0,,,,,,,,,,,,,,,,,,,,,,,,,,,,,,,,,,,,,,,,,,,,,,,,,,,87000000.0,,,,,,,,,,1276000.0,2655000.0,9137900.0,8684100.0,7989000.0,7933000.0,2497000.0,620000.0,10312000.0,9845000.0,,,,,,,,,,Waste rock,Waste rock,Waste rock,Waste rock,Waste rock,Waste rock,Waste rock,Waste rock,Waste rock,Waste rock,,,,,,,,,,1556720.0,3239100.0,1105076.0,340868.0,1716540.0,1460340.0,523380.0,995520.0,3672200.0,1787300.0,
COM00588.00,Gold,Brazil,11963.92,38.0,1.0,672.01,,,,,,,,,,,,,,,,,,,,,,,,,,,,,,,,,,,,,,,,,,,,,,,,,,,,,2.316789,1.71,1.82,1.88,1.89,1.89,1.84,1.57,1.78,2.17,2.17,2.2,2.3,2.28,,,,,,,,4687.0,4689.0,4691.0,4693.0,4695.0,4697.0,4699.0,4701.0,4703.0,4705.0,4707.0,4709.0,4711.0,4713.0,,,,,,,,Gold,Gold,Gold,Gold,Gold,Gold,Gold,Gold,Gold,Gold,Gold,Gold,Gold,Gold,,,,,,,,,0.948,0.9,0.917,0.932,0.933,0.938,0.922,0.929,0.945,0.957,0.963,0.963,0.967,,,,,,,,2.535,1.682,2.278,3.437,3.799,3.784,3.634,2.292,2.353,3.008,3.747,4.224,4.5,4.971,,,,,,,,Me.Au,Me.Au,Me.Au,Me.Au,Me.Au,Me.Au,Me.Au,Me.Au,Me.Au,Me.Au,Me.Au,Me.Au,Me.Au,Me.Au,,,,,,,,,,Me.Au,Me.Au,Me.Au,Me.Au,Me.Au,Me.Au,Me.Au,Me.Au,Me.Au,Me.Au,Me.Au,Me.Au,Me.Au,Me.Au,,,,,,,,Underground,Underground,Underground,Underground,Underground,Underground,Underground,Underground,Underground,Underground,Underground,Underground,Underground,Underground,,,,,,,,Jacobina,Jacobina,Jacobina,Jacobina,Jacobina,Jacobina,Jacobina,Jacobina,Jacobina,Jacobina,Jacobina,Jacobina,Jacobina,Jacobina,,,,,,,,Mine,Mine,Mine,Mine,Mine,Mine,Mine,Mine,Mine,Mine,Mine,Mine,Mine,Mine,,,,,,,,,,,,,,,,,,,,,,,,,,,,,,,390.0,390.0,390.0,390.0,390.0,390.0,390.0,390.0,390.0,390.0,390.0,390.0,390.0,390.0,,,,,,,,O.Au,O.Au,O.Au,O.Au,O.Au,O.Au,O.Au,O.Au,O.Au,O.Au,O.Au,O.Au,O.Au,O.Au,,,,,,,,,,,,,,,,,,,,,,,,,,,,,,1102188.0,1044312.0,1509679.0,2004936.0,2158097.0,2148473.0,2109613.0,1569937.0,1419932.0,1481461.0,1803064.0,2007572.0,2093413.0,2298631.0,,,,,,,,1094143.0,1040174.0,1388086.0,1996989.0,2158096.0,2148275.0,2104683.0,1575629.0,1419031.0,1469095.0,1802914.0,1978409.0,2035214.0,2254793.0,,,,,,,,,,,,,,,70.675360839,,,,,,,,,,,,,,,2.27,,,,,,,,56628677.0,55526489.0,54482177.0,52972498.0,50967562.0,48809465.0,46660992.0,44551379.0,42981442.0,41561510.0,40080049.0,38276985.0,36269413.0,34176000.0,,,,,,,,,,,,,,,,,,,,,,,,,,,,,,,,,,,,,,,,,,,,,,,,,,,,,,,,,,
COM00589.00,Aluminium,Jamaica,11888.72,58.0,1.0,1835.51,,,,,,,,,,,,,,,,,,,,,,,,,,,,,,,,,,,,,,,,,,,,,,,,,,,,,,,,,,,,,,,,,,,,,,,,,,,,,,,,,,,,,,,,,,,,,,,,,,,,,"Bauxite, Alumina","Bauxite, Alumina",,,,,,,,,,,,,,,,,,,,,,,,,,,,,,,,,,,,,,,,,,,,,,,,,,,,,,,,,,,,,,,,,,,,,,,,,,,,,,,,,,,,,,,,,,,,,,,,,,,,,,,,,,Open pit,Open pit,,,,,,,,,,,,,,,,,,,,Jamalco,Jamalco,,,,,,,,,,,,,,,,,,,,"Mine, Refinery","Mine, Refinery",,,,,,,,,,,,,,,,,,,,,,,,,,,,,,,,,,,,,,,,,,,,,,,,,,,,,,,,,,,,,,,,O.Al,O.Al,,,,,,,,,,,,,,,,,,,,,,,,,,,,,,,,,,,,,,,,,,1800000.0,1800000.0,,,,,,,,,,,,,,,,,,,,1800000.0,1800000.0,,,,,,,,,,,,,,,,,,,,,,,,,,,,,,,,,,,,,,,,,,,,,,,,,,,,,,,,,,,,,,,,,,,,,,,,,,,,,,,,,,,,,,,,,,,,,,,,,,,,,,,,,,,,,,,,,,,
COM00593.00,Coal,United States of America,55819.0,32.0,0.0,43.21,,,,,,6475594.0,6445656.0,6769526.0,5854162.0,6325906.0,6168053.0,6149002.0,5891357.0,4619462.0,3783931.0,3830198.0,3835642.0,4516042.0,4767336.0,3045470.0,3324888.0,,,,,,6475594.0,6445656.0,6769526.0,5854162.0,6325906.0,6168053.0,6149002.0,5891357.0,4619462.0,3783931.0,3830198.0,3835642.0,4516042.0,4767336.0,3045470.0,3324888.0,,,,,,,,,,,,,,,,,,,,,,,,,,,,,,,,,,,,,,,,,,,,,,,,Lignite,Lignite,Lignite,Lignite,Lignite,Lignite,Lignite,Lignite,Lignite,Lignite,Lignite,Lignite,Lignite,Lignite,Lignite,Lignite,,,,,,,,,,,,,,,,,,,,,,,,,,,,,,,,,,,,,,,,,,,,,,,,,,,,,,,,,,,,,,,,,,,,,,,,,,,,,,,,,,,,,,,,,,,,,,,,,,,,,,,,,,,,,,,,,Jewett,Jewett,Jewett,Jewett,Jewett,Jewett,Jewett,Jewett,Jewett,Jewett,Jewett,Jewett,Jewett,Jewett,Jewett,Jewett,,,,,,Mine,Mine,Mine,Mine,Mine,Mine,Mine,Mine,Mine,Mine,Mine,Mine,Mine,Mine,Mine,Mine,,,,,,,,,,,,,,,,,,,,,,,,,,,,,,,,,,,,,,,,,,,,,,,,,,F.lig,F.lig,F.lig,F.lig,F.lig,F.lig,F.lig,F.lig,F.lig,F.lig,F.lig,F.lig,F.lig,F.lig,F.lig,F.lig,,,,,,,,,,,,,,,,,,,,,,,,,,,,,,,,,,,,,,,,,,,,,,,,,,,,,,,,,,,,,,,,,,,,,,,,,,,,,,,,,,,,,,,,,,,,,,,,,,,,,,,,,,,,,,,,,,,,,,,,,,,,,,,,,,,,,,,,,,,,,,,,,,,,,,,,,,,,,,,,,,,,,,,,,,,,,,,,
COM00597.00,Iron,Australia,56861.95,32.0,1.0,36.19,,,,,,,,,,,,,,,,,,,,,,,,,,,,,,,,,,,,,,,,,,,,,,,,,,,,,,,,,,,,,,,,,,,,,,,,,,,,,,,,,,,,,,,,,Iron,Iron,Iron,Iron,Iron,Iron,Iron,Iron,,,,,,,Iron,Iron,Iron,Iron,Iron,Iron,,,,,,,,,,,,,,,,,,,,,,,,,,,,,,,,,,,,,,,,,,,,,,,,,,,,,,,,,,,,,,,,,,,,,,,,,,,,,,,,,,,,,,,,Open pit,Open pit,Open pit,Open pit,Open pit,Open pit,Open pit,Open pit,,,,,,,Open pit,Open pit,Open pit,Open pit,Open pit,Open pit,,Jimblebar,Jimblebar,Jimblebar,Jimblebar,Jimblebar,Jimblebar,Jimblebar,Jimblebar,,,,,,,Jimblebar,Jimblebar,Jimblebar,Jimblebar,Jimblebar,Jimblebar,,Mine,Mine,Mine,Mine,Mine,Mine,Mine,Mine,,,,,,,Mine,Mine,Mine,Mine,Mine,Mine,,,,,,,,,,,,,,,,,,,,,,,,,,,,,,,,,,,,,,,,,,,,,,O.Fe,O.Fe,O.Fe,O.Fe,O.Fe,O.Fe,O.Fe,O.Fe,,,,,,,O.Fe,O.Fe,O.Fe,O.Fe,O.Fe,O.Fe,,,,,,,,,,,,,,,,,,,,,,,,4923000.0,4641000.0,5201000.0,5418000.0,6355000.0,7487059.0,7494118.0,6420000.0,,,,,,,21278294.0,39104882.0,45418235.0,53738235.0,60224647.0,58733059.0,,4923000.0,4641000.0,5201000.0,5418000.0,6355000.0,7487059.0,7494118.0,6420000.0,,,,,,,21278294.0,39104882.0,45418235.0,53738235.0,60224647.0,58733059.0,,,,,,,,,,,,,,,,,,,,,,,,,,,,,,,,,,,,,,,,,,,,,,,,,,,,,,,,,,,,,,,,,,,,,,,,,,,,,,,,,,,,,,,,,,,,,,,,,,,,,,,,,,,,,
COM00601.00,Coal,United States of America,55819.0,29.0,1.0,43.21,,,,,,4445280.0,3628800.0,2721600.0,2721600.0,2630880.0,2812320.0,2812320.0,2268000.0,997920.0,,,,,,,,,,,,,4445280.0,3628800.0,2721600.0,2721600.0,2630880.0,2812320.0,2812320.0,2268000.0,997920.0,,,,,,,,,,,,,,,,,,,,,,,,,,,,,,,,,,,,,,,,,,,,,,,,,,,,,,,Coal,Coal,Coal,Coal,Coal,Coal,Coal,Coal,Coal,,,,,,,,,,,,,,,,,,,,,,,,,,,,,,,,,,,,,,,,,,,,,,,,,,,,,,,,,,,,,,,,,,,,,,,,,,,,,,,,,,,,,,,,,,,,,,,,,,,"Underground, Surface","Underground, Surface","Underground, Surface","Underground, Surface","Underground, Surface","Underground, Surface","Underground, Surface","Underground, Surface","Underground, Surface",,,,,,,,,,,,,Jones Fork Complex,Jones Fork Complex,Jones Fork Complex,Jones Fork Complex,Jones Fork Complex,Jones Fork Complex,Jones Fork Complex,Jones Fork Complex,Jones Fork Complex,,,,,,,,,,,,,Mine,Mine,Mine,Mine,Mine,Mine,Mine,Mine,Mine,,,,,,,,,,,,,,,,,,,,,,,,,,,,,,,,,,,,,,,,,,,,,,,,,,,,,,,,,F.coal,F.coal,F.coal,F.coal,F.coal,F.coal,F.coal,F.coal,F.coal,,,,,,,,,,,,,,,,,,,,,,,,,,,,,,,,,,,,,,,,,,,,,,,,,,,,,,,,,,,,,,,,,,,,,,,,,,,,,,,,,,,,,,,,,,,,,,,,,,,,,,,,,,,,,,,,,,,,,,,,,,,,,,,,,,,,,,,,,,,,,,,,,,,,,,,,,,,,,,,,,,,,,,,,,,,,,,,,,,,,,,,
COM00603.00,Silver,Peru,10531.43,68.0,1.0,6.23,,,,,,,,,,,,,,,,,,,,,,,,,,,,,,,,,,,,,,,,,,,,,,,597.186755,628.290231,475.261126,476.816299,575.414321,584.745364,584.745364,547.421192,556.130165,547.732226,589.72192,579.146738,634.38,604.11,600.97,597.66,606.83,552.71,726.27,681.16,,4777.0,4779.0,4781.0,4783.0,4785.0,4787.0,4789.0,4791.0,4793.0,4795.0,4797.0,4799.0,4801.0,4803.0,4805.0,4807.0,4809.0,4811.0,4813.0,4815.0,,"Gold, Silver, Lead, Copper","Gold, Silver, Lead, Copper","Gold, Silver, Lead, Copper","Gold, Silver, Lead, Copper","Gold, Silver, Lead, Copper","Gold, Silver, Lead, Copper","Gold, Silver, Lead, Copper","Gold, Silver, Lead, Copper","Gold, Silver, Lead, Copper","Gold, Silver, Lead, Copper","Gold, Silver, Lead, Copper","Gold, Silver, Lead, Copper","Gold, Silver, Lead, Copper","Gold, Silver, Lead, Copper","Gold, Silver, Lead, Copper","Gold, Silver, Lead, Copper","Gold, Silver, Lead, Copper","Gold, Silver, Lead, Copper","Gold, Silver, Lead, Copper","Gold, Silver, Lead, Copper",,0.929,0.92,0.887,0.912,0.937,0.94,0.938,0.946,0.931,0.922,0.925,0.929,0.9291,0.939,0.9516,0.9552,0.9625,0.9677,0.9741,0.9622,,2.957,22.243,25.921,16.375,31.714,40.511,44.089,46.135,49.561,56.583,69.573,75.521,75.824,84.343,95.923,101.587,101.523,69.96,77.218,81.14,,Me.Ag,Me.Ag,Me.Ag,Me.Ag,Me.Ag,Me.Ag,Me.Ag,Me.Ag,Me.Ag,Me.Ag,Me.Ag,Me.Ag,Me.Ag,Me.Ag,Me.Ag,Me.Ag,Me.Ag,Me.Ag,Me.Ag,Me.Ag,,,,Me.Ag,Me.Ag,Me.Ag,Me.Ag,Me.Ag,Me.Ag,Me.Ag,Me.Ag,Me.Ag,Me.Ag,Me.Ag,Me.Ag,Me.Ag,Me.Ag,Me.Ag,Me.Ag,Me.Ag,Me.Ag,Me.Ag,Me.Ag,,Underground,Underground,Underground,Underground,Underground,Underground,Underground,Underground,Underground,Underground,Underground,Underground,Underground,Underground,Underground,Underground,Underground,Underground,Underground,Underground,,Julcani,Julcani,Julcani,Julcani,Julcani,Julcani,Julcani,Julcani,Julcani,Julcani,Julcani,Julcani,Julcani,Julcani,Julcani,Julcani,Julcani,Julcani,Julcani,Julcani,,Mine,Mine,Mine,Mine,Mine,Mine,Mine,Mine,Mine,Mine,Mine,Mine,Mine,Mine,Mine,Mine,Mine,Mine,Mine,Mine,,,,,,,,,,,,,,,,,,,,,,,,,395.0,395.0,395.0,395.0,395.0,395.0,395.0,395.0,395.0,395.0,395.0,395.0,395.0,395.0,395.0,395.0,395.0,395.0,395.0,395.0,,O.bulk,O.bulk,O.bulk,O.bulk,O.bulk,O.bulk,O.bulk,O.bulk,O.bulk,O.bulk,O.bulk,O.bulk,O.bulk,O.bulk,O.bulk,O.bulk,O.bulk,O.bulk,O.bulk,O.bulk,,,,,,,,,,,,,,,,,,,,,,,,5300.0,38500.0,61500.0,37650.0,58900.0,73700.0,80450.0,89100.0,95700.0,112000.0,127500.0,140300.0,128657.0,148683.0,167750.0,177948.0,173865.0,130854.0,109025.0,123818.0,,5300.0,38500.0,61500.0,37650.0,58900.0,73700.0,80450.0,89100.0,95700.0,112000.0,127500.0,140300.0,128657.0,148683.0,167750.0,177948.0,173865.0,130854.0,109025.0,123818.0,,,,,,,,,,,,,,,,,,,,,,,,,,,,,,,,2212479.0,2207179.0,2168679.0,2107179.0,2069529.0,2010629.0,1936929.0,1856479.0,1767379.0,1671679.0,1559679.0,1432179.0,1291879.0,1163222.0,1014539.0,846789.0,668841.0,494976.0,364122.0,255097.0,,,,,,,,,,,,,,,,,,,,,,,,,,,,,,,,,,,,,,,,,,,,,,,,,,,,,,,,,,
COM00607.00,Aluminium,Brazil,11963.92,12.0,1.0,2173.12,,,,,,,,,,,,,,,,,,,,,,,,,,,,,,,,,,,,,,,,,,,,,,,,,,,,,,,,,,,,,,,,,,,,,,,,,,,,,,,,,,,,,,,,,,,,,,,,,,,Bauxite,Bauxite,Bauxite,Bauxite,Bauxite,Bauxite,Bauxite,Bauxite,Bauxite,Bauxite,,,,,,,,,,,,,,,,,,,,,,,,,,,,,,,,,,,,,,,,,,,,,,,,,,,,,,,,,,,,,,,,,,,,,,,,,,,,,Me.Al2O3,Me.Al2O3,Me.Al2O3,Me.Al2O3,Me.Al2O3,Me.Al2O3,Me.Al2O3,Me.Al2O3,Me.Al2O3,Me.Al2O3,,,,,,,,,,,,Open pit,Open pit,Open pit,Open pit,Open pit,Open pit,Open pit,Open pit,Open pit,Open pit,,,,,,,,,,,,Juruti,Juruti,Juruti,Juruti,Juruti,Juruti,Juruti,Juruti,Juruti,Juruti,,,,,,,,,,,,Mine,Mine,Mine,Mine,Mine,Mine,Mine,Mine,Mine,Mine,,,,,,,,,,,,,,,,,,,,,,,,,,,,,,,,,,,403.0,403.0,403.0,403.0,403.0,403.0,403.0,403.0,403.0,403.0,,,,,,,,,,,,O.Al,O.Al,O.Al,O.Al,O.Al,O.Al,O.Al,O.Al,O.Al,O.Al,,,,,,,,,,,,,,,,,,,,,,,,,,,,,,,,,,2600000.0,3800000.0,3800000.0,3900000.0,4800000.0,4700000.0,5200000.0,5600000.0,5700000.0,6000000.0,,,,,,,,,,,,2600000.0,3800000.0,3800000.0,3900000.0,4800000.0,4700000.0,5200000.0,5600000.0,5700000.0,6000000.0,,,,,,,,,,,,,,,,,,,,,,,,,,,,,,,,,,,,,,,,,,139000000.0,136400000.0,132600000.0,128800000.0,124900000.0,120100000.0,115400000.0,110200000.0,104600000.0,98900000.0,,,,,,,,,,,,,,,,,,,,,,,,,,,,,,,,,,,,,,,,,,,,,,,,,,,,,,,,,,
COM00611.00,Gold,Australia,56861.95,32.0,1.0,350.72,,,,,,,,,,,,,,,,,,,,,,,,,,,,,,,,,,,,,,,,,,,,,,,,,1.866209,2.177243,2.177243,2.177243,,1.500719,1.487786,1.618331,1.755556,1.764417,1.643612,1.587477,1.602861,1.729321,1.814369,1.78602,1.474175,1.133981,,,,4899.0,4901.0,4903.0,4905.0,,4907.0,4909.0,4911.0,4913.0,4915.0,4917.0,4919.0,4921.0,4923.0,4925.0,4927.0,4929.0,4931.0,,Gold,Gold,Gold,Gold,Gold,Gold,Gold,Gold,Gold,Gold,Gold,Gold,Gold,Gold,Gold,Gold,Gold,Gold,Gold,Gold,,,,0.826,0.856,0.866,0.854,,,,,,,,,,0.831,0.825,0.822,0.833,0.831,,24.51,23.95,22.395,27.122,27.62,25.94,18.791,17.772,17.32,19.074,21.338,21.225,19.301,18.791,18.621,17.917,21.659,20.809,18.03,12.927,,Me.Au,Me.Au,Me.Au,Me.Au,Me.Au,Me.Au,Me.Au,Me.Au,Me.Au,Me.Au,Me.Au,Me.Au,Me.Au,Me.Au,Me.Au,Me.Au,Me.Au,Me.Au,Me.Au,Me.Au,,,,,,Me.Au,Me.Au,Me.Au,Me.Au,,Me.Au,Me.Au,Me.Au,Me.Au,Me.Au,Me.Au,Me.Au,Me.Au,Me.Au,Me.Au,Me.Au,Me.Au,Me.Au,,"Open pit, Underground","Open pit, Underground","Open pit, Underground","Open pit, Underground","Open pit, Underground","Open pit, Underground","Open pit, Underground","Open pit, Underground","Open pit, Underground","Open pit, Underground","Open pit, Underground","Open pit, Underground","Open pit, Underground","Open pit, Underground","Open pit, Underground","Open pit, Underground","Open pit, Underground","Open pit, Underground","Open pit, Underground","Open pit, Underground",,Kalgoorlie,Kalgoorlie,Kalgoorlie,Kalgoorlie,Kalgoorlie,Kalgoorlie,Kalgoorlie,Kalgoorlie,Kalgoorlie,Kalgoorlie,Kalgoorlie,Kalgoorlie,Kalgoorlie,Kalgoorlie,Kalgoorlie,Kalgoorlie,Kalgoorlie,Kalgoorlie,Kalgoorlie,Kalgoorlie,,Mine,Mine,Mine,Mine,Mine,Mine,Mine,Mine,Mine,Mine,Mine,Mine,Mine,Mine,Mine,Mine,Mine,Mine,Mine,Mine,,505.0,506.0,507.0,508.0,,509.0,510.0,511.0,512.0,513.0,514.0,515.0,516.0,517.0,518.0,519.0,520.0,521.0,,,,,,,,405.0,405.0,405.0,405.0,,405.0,405.0,405.0,405.0,405.0,405.0,405.0,405.0,405.0,405.0,405.0,405.0,405.0,,O.Au,O.Au,O.Au,O.Au,O.Au,O.Au,O.Au,O.Au,O.Au,O.Au,O.Au,O.Au,O.Au,O.Au,O.Au,O.Au,O.Au,O.Au,O.Au,O.Au,,,,,,,,,,,,,,,,,,,,,,,,,,14102000.0,14342000.0,14284000.0,14628000.0,,12604637.0,13190688.0,11592202.0,13765853.0,13676947.0,11806301.0,11211178.0,10416470.0,13666061.0,16743283.0,15173827.0,9456653.0,6544541.0,,,,14102000.0,14342000.0,14284000.0,14628000.0,,11842589.0,11641190.0,11786342.0,12154666.0,12029472.0,11742797.0,11837146.0,11617603.0,11550470.0,12958445.0,12831437.0,13158029.0,12461299.0,,,,,,,,,,,,,219.42530802,,,,,,,,,,,,,,,1.0030331278852382,,,,,,404429620.0,390327620.0,375985620.0,361701620.0,,347073620.0,334468983.0,321278295.0,309686093.0,295920240.0,282243293.0,270436992.0,259225814.0,248809344.0,235143283.0,218400000.0,208943347.0,202398806.0,,46324000.0,48677000.0,45459000.0,43532000.0,,39148401.6,41839156.8,40817649.6,34482672.0,37004688.0,33655305.6,36104745.6,34278552.0,36485769.6,31498891.200000003,26160019.200000003,14075208.0,14119660.8,,,,,,,Waste rock,Waste rock,Waste rock,Waste rock,Waste rock,Waste rock,Waste rock,Waste rock,Waste rock,Waste rock,Waste rock,Waste rock,Waste rock,,,,,,,33032966.4,35437046.4,35185752.0,27822009.6,30380313.6,28000728.0,30840264.0,29435011.200000003,30156235.200000003,23629838.4,19094745.6,9798667.2,11401689.6,
COM00615.00,Coal,South Africa,16266.82,7.0,1.0,65.81,,,,,,,,,,,,,,,,,,,375333.0,1680243.0,2037390.0,3672853.0,2609920.0,2392000.0,1973000.0,,,,,,,,,,,,,,,633384.0,2472232.0,3269212.0,3660697.0,4025496.0,3865000.0,3109000.0,,,,,,,,,,,,,,,,,,,,,,,,,,,,,,,,,,,,,,,,,,,,,,,,,,,,,,,,,Thermal coal,Thermal coal,Thermal coal,Thermal coal,Thermal coal,Thermal coal,Thermal coal,,,,,,,,,,,,,,,,,,,,,,,,,,,,,,,,,,,,,,,,,,,,,,,,,,,,,,,,,,,,,,,,,,,,,,,,,,,,,,,,,,,,,,,,,,,,,,,,,,,,,Open pit,Open pit,Open pit,Open pit,Open pit,Open pit,Open pit,,,,,,,,,,,,,,,Kangala,Kangala,Kangala,Kangala,Kangala,Kangala,Kangala,,,,,,,,,,,,,,,Mine,Mine,Mine,Mine,Mine,Mine,Mine,,,,,,,,,,,,,,,,,,522.0,523.0,,,,,,,,,,,,,,,,,,,406.0,406.0,406.0,406.0,406.0,406.0,406.0,,,,,,,,,,,,,,,F.stc,F.stc,F.stc,F.stc,F.stc,F.stc,F.stc,,,,,,,,,,,,,,,,,,,,,,,,,,,,,,,,,,,,,,,,,,,,,,,,,,,,,,,,,,,,,,,,,,,,,,,,,,,,,,,,,,,,,,,,,,,,,,,,,,,,,,,,,,,,,19226021.0,18592637.0,16120405.0,12851193.0,9190496.0,5165000.0,1300000.0,,,,,,,,,,,,,,,,,,,,,,,,,,,,,,,,,,,,,,,,,,,,,,,,,,,,,,,,,
COM00616.00,Coal,Russian Federation,11616.07,59.0,1.0,70.77,,,,,,,,,,,,,,200000.0,100000.0,100000.0,100000.0,100000.0,100000.0,200000.0,200000.0,100000.0,200000.0,200000.0,200000.0,,,,,,,,,,200000.0,100000.0,100000.0,100000.0,100000.0,100000.0,200000.0,200000.0,100000.0,200000.0,200000.0,200000.0,,,,,,,,,,,,,,,,,,,,,,,,,,,,,,,,,,,,,,,,,,,,,,,,,,,,Thermal coal,Thermal coal,Thermal coal,Thermal coal,Thermal coal,Thermal coal,Thermal coal,Thermal coal,Thermal coal,Thermal coal,Thermal coal,Thermal coal,,,,,,,,,,,,,,,,,,,,,,,,,,,,,,,,,,,,,,,,,,,,,,,,,,,,,,,,,,,,,,,,,,,,,,,,,,,,,,,,,,,,,,,,,,,,,,,,Open pit,Open pit,Open pit,Open pit,Open pit,Open pit,Open pit,Open pit,Open pit,Open pit,Open pit,Open pit,,,,,,,,,,Kangalassky,Kangalassky,Kangalassky,Kangalassky,Kangalassky,Kangalassky,Kangalassky,Kangalassky,Kangalassky,Kangalassky,Kangalassky,Kangalassky,,,,,,,,,,Mine,Mine,Mine,Mine,Mine,Mine,Mine,Mine,Mine,Mine,Mine,Mine,,,,,,,,,,,,,,,,,,,,,,,,,,,,,,,,,,,,,,,,,,,,,,,,,,,,,,F.stc,F.stc,F.stc,F.stc,F.stc,F.stc,F.stc,F.stc,F.stc,F.stc,F.stc,F.stc,,,,,,,,,,,,,,,,,,,,,,,,,,,,,,,,,,,,,,,,,,,,,,,,,,,,,,,,,,,,,,,,,,,,,,,,,,,,,,,,,,,,,,,,,,,,,,,,,,,,,,,,,,,,,,,,,,,,,,,,,,,,,,,,,,,,,,,,,,,,,,,,,,,,,,,,,,,,,,,,,,,,,,,,,,,,
COM00619.00,Coal,Kazakhstan,12877.81,25.0,1.0,70.77,,,,,,,,,,,,,,3900000.0,3700000.0,4600000.0,4540000.0,4800000.0,4800000.0,4600000.0,4500000.0,4300000.0,3800000.0,3500000.0,,,,,,,,,,,3900000.0,3700000.0,4600000.0,4540000.0,4800000.0,4800000.0,4600000.0,4500000.0,4300000.0,3800000.0,3500000.0,,,,,,,,,,,,,,,,,,,,,,,,,,,,,,,,,,,,,,,,,,,,,,,,,,,,,"Coking coal, Thermal coal","Coking coal, Thermal coal","Coking coal, Thermal coal","Coking coal, Thermal coal","Coking coal, Thermal coal","Coking coal, Thermal coal","Coking coal, Thermal coal","Coking coal, Thermal coal","Coking coal, Thermal coal","Coking coal, Thermal coal","Coking coal, Thermal coal",,,,,,,,,,,,,,,,,,,,,,,,,,,,,,,,,,,,,,,,,,,,,,,,,,,,,,,,,,,,,,,,,,,,,,,,,,,,,,,,,,,,,,,,,,,,,,,,,Underground,Underground,Underground,Underground,Underground,Underground,Underground,Underground,Underground,Underground,Underground,,,,,,,,,,,Karaganda,Karaganda,Karaganda,Karaganda,Karaganda,Karaganda,Karaganda,Karaganda,Karaganda,Karaganda,Karaganda,,,,,,,,,,,Mine,Mine,Mine,Mine,Mine,Mine,Mine,Mine,Mine,Mine,Mine,,,,,,,,,,,,,,,,,,,,,,,,,,,,,,,,,,,,,,,,,,,,412.0,,,,,,,,,,,F.coc,F.coc,F.coc,F.coc,F.coc,F.coc,F.coc,F.coc,F.coc,F.coc,F.coal,,,,,,,,,,,,,,,,,,,,,,,,,,,,,,,,,,,,,,,,,,,,,,,,,,,,,,,,,,,,,,,,,,,,,,,,,,,,,,,,,,,,,,,,,,,,,,,,,,,,,,,,,,,,,,,,,,,50000000.0,,,,,,,,,,,,,,,,,,,,,,,,,,,,,,,,,,,,,,,,,,,,,,,,,,,,,,,,,,
COM00622.00,Iron,Russian Federation,11616.07,39.0,1.0,44.57,,,,,,,,,,,,,,,,,,,,,,,,,,,,,,,,,,,,,,,,,,,,,,,,,,,,,,,,,,,,,,,,,,,,,,,,,,,,,,,,,,,,,,,,,,,,,"Iron, Iron concentrate, Iron ore pellets","Iron, Iron concentrate, Iron ore pellets","Iron, Iron concentrate, Iron ore pellets","Iron, Iron concentrate, Iron ore pellets","Iron, Iron concentrate, Iron ore pellets","Iron, Iron concentrate, Iron ore pellets","Iron, Iron concentrate, Iron ore pellets","Iron, Iron concentrate, Iron ore pellets","Iron, Iron concentrate, Iron ore pellets","Iron, Iron concentrate, Iron ore pellets","Iron, Iron concentrate, Iron ore pellets","Iron, Iron concentrate, Iron ore pellets","Iron, Iron concentrate, Iron ore pellets","Iron, Iron concentrate, Iron ore pellets","Iron, Iron concentrate, Iron ore pellets","Iron, Iron concentrate, Iron ore pellets",,,,,,,,,,,,,,,,,,,,,,,,,,,,,,,,,,,,,,,,,,,,,,,,,,,,,,,,,,,,,,,,,,,,,,,,,,,,,,,,,,,,,,,,,,,,,,,,,,,,,,,,,,,,,,,,,Karelsky Okatysh,Karelsky Okatysh,Karelsky Okatysh,Karelsky Okatysh,Karelsky Okatysh,Karelsky Okatysh,Karelsky Okatysh,Karelsky Okatysh,Karelsky Okatysh,Karelsky Okatysh,Karelsky Okatysh,Karelsky Okatysh,Karelsky Okatysh,Karelsky Okatysh,Karelsky Okatysh,Karelsky Okatysh,,,,,,Mine,Mine,Mine,Mine,Mine,Mine,Mine,Mine,Mine,Mine,Mine,Mine,Mine,Mine,Mine,Mine,,,,,,,,,,,,,,,,,,,,,,,,,,,,,,,,,,,,,,,,,,,,,,,,,,Con.Fe,Con.Fe,Con.Fe,Con.Fe,Con.Fe,Con.Fe,Con.Fe,Con.Fe,Con.Fe,Con.Fe,Con.Fe,Con.Fe,Con.Fe,Con.Fe,Con.Fe,Con.Fe,,,,,,,8006000.0,8800000.0,9443996.0,10044542.0,9304468.0,8533214.0,9797203.0,10051406.0,10439413.0,10455510.0,10617584.0,10603728.0,10842369.0,11133219.0,11268000.0,10749000.0,,,,,,,,,,,,,,,,,,,,,,,,,,,,,,,,,,,,,,,,,,,,,,,,,,,,,,,,,,,,,,,,,,,,,,,,,,,,,,,,,,,,,,,,,,,,,,,,,,,,,,,,,,,,,,,,,,,,,,,,,,,,,,,,,,,,,,,,,,,,,,,,,,,,,,,
COM00625.00,Zinc,India,6655.62,7.0,1.0,1996.28,,,,,,,,,,,,,,,,,,,,,,,,,,,,,,,,,,,,,,,,,,,,,,,,,,,,,,,,,,,,,11000.0,11000.0,11000.0,14000.0,12000.0,11000.0,,,,,,,,,,,,,,,,5039.0,5043.0,5047.0,5051.0,5055.0,5059.0,,,,,,,,,,,,,,,,"Lead, Zinc","Lead, Zinc","Lead, Zinc","Lead, Zinc","Lead, Zinc","Lead, Zinc",,,,,,,,,,,,,,,,0.59,0.614,0.74,0.75,0.754,0.74,,,,,,,,,,,,,,,,968.866,2512.488,6187.214,10500.0,10777.0,10341.0,,,,,,,,,,,,,,,,Me.Pb,Me.Pb,Me.Pb,Me.Pb,Me.Pb,Me.Pb,,,,,,,,,,,,,,,,,,Me.Ag,Me.Ag,Me.Ag,Me.Ag,Me.Ag,Me.Ag,,,,,,,,,,,,,,,,Underground,Underground,Underground,Underground,Underground,Underground,,,,,,,,,,,,,,,,Kayad,Kayad,Kayad,Kayad,Kayad,Kayad,,,,,,,,,,,,,,,,Mine,Mine,Mine,Mine,Mine,Mine,,,,,,,,,,,,,,,,,,,,,,,,,,,,,,,,,,,,,,,416.0,416.0,416.0,416.0,416.0,416.0,,,,,,,,,,,,,,,,Con.Pb,Con.Pb,Con.Pb,Con.Pb,Con.Pb,Con.Pb,,,,,,,,,,,,,,,,,1703.0,2223.0,12953.0,15597.0,18665.0,17947.0,,,,,,,,,,,,,,,,149286.0,372000.0,760100.0,1000000.0,1200000.0,1199823.0,,,,,,,,,,,,,,,,149286.0,372000.0,760100.0,1000000.0,1200000.0,1199823.0,,,,,,,,,,,,,,,,,,,,,,,,,,,,,,,,,,,,,,,,,,,,,,7981386.0,7832100.0,7460100.0,6700000.0,5700000.0,4500000.0,,,,,,,,,,,,,,,,,,,,,,,,,,,,,,,,,,,,,,,,,,,,,,,,,,,,,,,,,,
COM00630.00,Coal,United States of America,55819.0,71.0,1.0,85.86,,,,,,,,,,,,,,,,,3851064.0,4204872.0,3990773.0,4056091.0,3723149.0,3832013.0,3644222.0,,,,,,,,,,,,,,,3851064.0,4204872.0,3990773.0,4056091.0,3723149.0,3832013.0,3644222.0,,,,,,,,,,,,,,,,,,,,,,,,,,,,,,,,,,,,,,,,,,,,,,,,,,,,,,,,,Sub-bituminous coal,Sub-bituminous coal,Sub-bituminous coal,Sub-bituminous coal,Sub-bituminous coal,Sub-bituminous coal,Sub-bituminous coal,,,,,,,,,,,,,,,,,,,,,,,,,,,,,,,,,,,,,,,,,,,,,,,,,,,,,,,,,,,,,,,,,,,,,,,,,,,,,,,,,,,,,,,,,,,,,,,,,,,,,Surface,Surface,Surface,Surface,Surface,Surface,Surface,,,,,,,,,,,,,,,Kemmerer,Kemmerer,Kemmerer,Kemmerer,Kemmerer,Kemmerer,Kemmerer,,,,,,,,,,,,,,,Mine,Mine,Mine,Mine,Mine,Mine,Mine,,,,,,,,,,,,,,,,,,,,,,,,,,,,,,,,,,,,,,420.0,420.0,420.0,420.0,420.0,420.0,420.0,,,,,,,,,,,,,,,F.sbc,F.sbc,F.sbc,F.sbc,F.sbc,F.sbc,F.sbc,,,,,,,,,,,,,,,,,,,,,,,,,,,,,,,,,,,,,,,,,,,,,,,,,,,,,,,,,,,,,,,,,,,,,,,,,,,,,,,,,,,,,,,,,,,,,,,,,,,,,,,,,,,,,92070821.2,88219757.2,84014885.2,80024112.2,75968021.2,72244872.2,68412859.2,,,,,,,,,,,,,,,,,,,,,,,,,,,,,,,,,,,,,,,,,,,,,,,,,,,,,,,,,,,
COM00631.00,Gold,United States of America,55819.0,11.0,1.0,1224.66,,,,,,,,,,,,,,,,,,,,,,,,,,,,,,,,,,,,,,,,,,,,,,,,,,,,,,,,,7.937866,6.52039,6.236895,5.9534,5.669905,5.669905,5.9534,5.102914,5.102914,5.9534,,,,,,,,,,,,5077.0,5079.0,5081.0,5083.0,5085.0,5087.0,5089.0,5091.0,5093.0,5095.0,,,,,,,,,,,,Gold,Gold,Gold,Gold,Gold,Gold,Gold,Gold,Gold,Gold,,,,,,,,,,,,0.899,0.927,0.956,0.966,0.94,0.949,0.948,0.935,0.923,0.91,,,,,,,,,,,,1.221,2.502,2.324,3.249,3.334,3.573,3.519,3.257,2.988,3.62,,,,,,,,,,,,Me.Au,Me.Au,Me.Au,Me.Au,Me.Au,Me.Au,Me.Au,Me.Au,Me.Au,Me.Au,,,,,,,,,,,,,,Me.Au,Me.Au,Me.Au,Me.Au,Me.Au,Me.Au,Me.Au,Me.Au,Me.Au,Me.Au,,,,,,,,,,,,Underground,Underground,Underground,Underground,Underground,Underground,Underground,Underground,Underground,Underground,,,,,,,,,,,,Kensington,Kensington,Kensington,Kensington,Kensington,Kensington,Kensington,Kensington,Kensington,Kensington,,,,,,,,,,,,Mine,Mine,Mine,Mine,Mine,Mine,Mine,Mine,Mine,Mine,,,,,,,,,,,,,,,,,,,,,,,,,,,,,,,,,,,421.0,421.0,421.0,421.0,421.0,421.0,421.0,421.0,421.0,421.0,,,,,,,,,,,,O.Au,O.Au,O.Au,O.Au,O.Au,O.Au,O.Au,O.Au,O.Au,O.Au,,,,,,,,,,,,,,,,,,,,,,,,,,,,,,,,,,157878.0,376796.0,358144.0,502332.0,576943.0,599173.0,562654.0,606669.0,581568.0,597281.0,,,,,,,,,,,,157878.0,376796.0,358144.0,502332.0,576943.0,599173.0,562654.0,606669.0,581568.0,597281.0,,,,,,,,,,,,,,,10.375925418,,,,,,,,,,,,,,,6.18019604234,,,,,,,,,,,,5999157.0,5841279.0,5464483.0,5106339.0,4604007.0,4027064.0,3427891.0,2865237.0,2258568.0,1677000.0,,,,,,,,,,,,,,,,,,,,,,,,,,,,,,,,,,,,,,,,,,,,,,,,,,,,,,,,,,
COM00632.00,Iron,Kazakhstan,12877.81,38.0,1.0,151.08,,,,,,,,,,,,,,,,,,,,,,,,,,,,,,,,,,,,,,,,,,,,,,,,,,,,,,,,,,575000.0,575000.0,575000.0,575000.0,575000.0,575000.0,550000.0,550000.0,550000.0,,,,,,,,,,,,,5096.0,5097.0,5098.0,5099.0,5100.0,5101.0,5102.0,5103.0,5104.0,,,,,,,,,,,,,Iron,Iron,Iron,Iron,Iron,Iron,Iron,Iron,Iron,,,,,,,,,,,,,0.0,0.0,0.0,0.0,0.0,0.0,0.0,0.0,0.0,,,,,,,,,,,,,402500.0,391000.0,402500.0,402500.0,402500.0,287500.0,220000.0,330000.0,220000.0,,,,,,,,,,,,,Me.Fe,Me.Fe,Me.Fe,Me.Fe,Me.Fe,Me.Fe,Me.Fe,Me.Fe,Me.Fe,,,,,,,,,,,,,,,,,,,,,,,,,,,,,,,,,,,,Open pit,Open pit,Open pit,Open pit,Open pit,Open pit,Open pit,Open pit,Open pit,,,,,,,,,,,,,Kentobe,Kentobe,Kentobe,Kentobe,Kentobe,Kentobe,Kentobe,Kentobe,Kentobe,,,,,,,,,,,,,Mine,Mine,Mine,Mine,Mine,Mine,Mine,Mine,Mine,,,,,,,,,,,,,,,,,,,,,,,,,,,,,,,,,,,,,,,,,,,,,,,,,,,,,,,,,Con.Fe,Con.Fe,Con.Fe,Con.Fe,Con.Fe,Con.Fe,Con.Fe,Con.Fe,Con.Fe,,,,,,,,,,,,,,700000.0,680000.0,700000.0,700000.0,700000.0,500000.0,400000.0,600000.0,400000.0,,,,,,,,,,,,,,,,,,,,,,,,,,,,,,,,,,,,,,,,,,,,,,,,,,,,,,,,,,,,,,,,,,,,,,,,,,,,,,,,,,,,,,,,,,,,,,,,,,,,,,,,,,,,,,,,,,,,,,,,,,,,,,,,,,,,,,,,,,,,,,,,,,,,,,,
COM00638.00,Iron,South Africa,16266.82,13.0,1.0,151.7,,,,,,,,,,,,,,,,,,,,,,,,,,,,,,,,,,,,,,,,,,,,,,,,,,,,,,,,,,,,,,,,,,,,,,,,,,,,,,,,,,,,,,,,,,,,,,,,,Iron,Iron,Iron,Iron,Iron,Iron,Iron,Iron,Iron,Iron,Iron,Iron,,,,,,,,,,,,,,,,,,,,,,,,,,,,,,,,,,,,,,,,,,,,,,,,,,,,,,,,,,,,,,,,,,,,,,,,,,,Me.Fe,Me.Fe,Me.Fe,Me.Fe,Me.Fe,Me.Fe,Me.Fe,Me.Fe,Me.Fe,Me.Fe,Me.Fe,Me.Fe,,,,,,,,,,Open pit,Open pit,Open pit,Open pit,Open pit,Open pit,Open pit,Open pit,Open pit,Open pit,Open pit,Open pit,,,,,,,,,,Khumani,Khumani,Khumani,Khumani,Khumani,Khumani,Khumani,Khumani,Khumani,Khumani,Khumani,Khumani,,,,,,,,,,Mine,Mine,Mine,Mine,Mine,Mine,Mine,Mine,Mine,Mine,Mine,Mine,,,,,,,,,,,,,,,,,,,,,,,,,,,,,,,,,431.0,431.0,431.0,431.0,431.0,431.0,431.0,431.0,431.0,431.0,431.0,431.0,,,,,,,,,,O.Fe,O.Fe,O.Fe,O.Fe,O.Fe,O.Fe,O.Fe,O.Fe,O.Fe,O.Fe,O.Fe,O.Fe,,,,,,,,,,,,,,,,,,,,,,,,,,,,,,,,1848000.0,6646000.0,8765000.0,8725000.0,11555000.0,13167000.0,12930000.0,12649000.0,13616000.0,14560000.0,14694000.0,14145000.0,,,,,,,,,,1848000.0,6646000.0,8765000.0,8725000.0,11555000.0,13167000.0,12930000.0,12649000.0,13616000.0,14560000.0,14694000.0,14145000.0,,,,,,,,,,,,,,,,,,,,,,,,,,,,,,,,,,,,,,,,558635000.0,556787000.0,550141000.0,541376000.0,532651000.0,521096000.0,507929000.0,494999000.0,482350000.0,468734000.0,454174000.0,439480000.0,,,,,,,,,,,,,,,,,,,,,,,,,,,,,,,,,,,,,,,,,,,,,,,,,,,,,,,,,,
COM00641.00,Other mine,Russian Federation,11616.07,58.0,1.0,,,,,,,,,,,,,,,,,,,,,,,,,,,,,,,,,,,,,,,,,,,,,,,,,,,,,,,,,,,,,,,,,,,,,,,,,,,,,,,,,,,,,,,,,,,,,,,,,,,,Nepheline ore,Nepheline ore,Nepheline ore,Nepheline ore,Nepheline ore,Nepheline ore,Nepheline ore,Nepheline ore,Nepheline ore,Nepheline ore,,,,,,,,,,,,,,,,,,,,,,,,,,,,,,,,,,,,,,,,,,,,,,,,,,,,,,,,,,,,,,,,,,,,,,,,,,,,,,,,,,,,,,,,,,,,,,,,,,Open pit,Open pit,Open pit,Open pit,Open pit,Open pit,Open pit,Open pit,Open pit,Open pit,,,,,,,,,,,,Kia-Shaltyr,Kia-Shaltyr,Kia-Shaltyr,Kia-Shaltyr,Kia-Shaltyr,Kia-Shaltyr,Kia-Shaltyr,Kia-Shaltyr,Kia-Shaltyr,Kia-Shaltyr,,,,,,,,,,,,Mine,Mine,Mine,Mine,Mine,Mine,Mine,Mine,Mine,Mine,,,,,,,,,,,,,,,,,,,,,,,,,,,,,,,,,,,,,,,,,,,,,,,,,,,,,,,,O.nep,O.nep,O.nep,O.nep,O.nep,O.nep,O.nep,O.nep,O.nep,O.nep,,,,,,,,,,,,,,,,,,,,,,,,,,,,,,,,,,4854000.0,4608000.0,4947000.0,4662000.0,4396000.0,4111000.0,4432000.0,4332000.0,4294000.0,4244000.0,,,,,,,,,,,,4854000.0,4608000.0,4947000.0,4662000.0,4396000.0,4111000.0,4432000.0,4332000.0,4294000.0,4244000.0,,,,,,,,,,,,,,,,,,,,,,,,,,,,,,,,,,,,,,,,,,,,,,,,,,,,,,,,,,,,,,,,,,,,,,,,,,,,,,,,,,,,,,,,,,,,,,,,,,,,,,,,,,,,,
COM00644.00,Coal,Indonesia,12285.78,39.0,1.0,33.2,,,,,8500000.0,10500000.0,11500000.0,14000000.0,16000000.0,18200000.0,18500000.0,20000000.0,22000000.0,24000000.0,29000000.0,31500000.0,34200000.0,37300000.0,40300000.0,39000000.0,31100000.0,31000000.0,34000000.0,34300000.0,33000000.0,8500000.0,10500000.0,11500000.0,14000000.0,16000000.0,18200000.0,18500000.0,20000000.0,22000000.0,24000000.0,29000000.0,31500000.0,34200000.0,37300000.0,40300000.0,39000000.0,31100000.0,31000000.0,34000000.0,34300000.0,33000000.0,,,,,,,,,,,,,,,,,,,,,,,,,,,,,,,,,,,,,,,,,,,Sub-bituminous coal,Sub-bituminous coal,Sub-bituminous coal,Sub-bituminous coal,Sub-bituminous coal,Sub-bituminous coal,Sub-bituminous coal,Sub-bituminous coal,Sub-bituminous coal,Sub-bituminous coal,Sub-bituminous coal,Sub-bituminous coal,Sub-bituminous coal,Sub-bituminous coal,Sub-bituminous coal,Sub-bituminous coal,Sub-bituminous coal,Sub-bituminous coal,Sub-bituminous coal,Sub-bituminous coal,Sub-bituminous coal,,,,,,,,,,,,,,,,,,,,,,,,,,,,,,,,,,,,,,,,,,,,,,,,,,,,,,,,,,,,,,,,,,,,,,,,,,,,,,,,,,,,,,,Open pit,Open pit,Open pit,Open pit,Open pit,Open pit,Open pit,Open pit,Open pit,Open pit,Open pit,Open pit,Open pit,Open pit,Open pit,Open pit,Open pit,Open pit,Open pit,Open pit,Open pit,Kideco,Kideco,Kideco,Kideco,Kideco,Kideco,Kideco,Kideco,Kideco,Kideco,Kideco,Kideco,Kideco,Kideco,Kideco,Kideco,Kideco,Kideco,Kideco,Kideco,Kideco,Mine,Mine,Mine,Mine,Mine,Mine,Mine,Mine,Mine,Mine,Mine,Mine,Mine,Mine,Mine,Mine,Mine,Mine,Mine,Mine,Mine,,,,,,,540.0,541.0,542.0,,543.0,544.0,545.0,546.0,547.0,548.0,549.0,550.0,551.0,,,,,434.0,434.0,434.0,434.0,434.0,434.0,434.0,434.0,434.0,434.0,434.0,434.0,434.0,434.0,434.0,434.0,434.0,434.0,434.0,434.0,434.0,F.coal,F.coal,F.coal,F.coal,F.coal,F.coal,F.coal,F.coal,F.coal,F.coal,F.coal,F.coal,F.coal,F.coal,F.coal,F.coal,F.coal,F.coal,F.coal,F.coal,F.coal,,,,,,,,,,,,,,,,,,,,,,,,,,,,,,,,,,,,,,,,,,,,,,,,,,,,,,,,,,,,,,,,,,,,,,,,,,,,,,,,,,,,,,,,,,,,,,,971600000.0,963100000.0,952600000.0,941100000.0,927100000.0,911100000.0,892900000.0,874400000.0,854400000.0,832400000.0,808400000.0,779400000.0,747900000.0,713700000.0,676400000.0,636100000.0,597100000.0,566000000.0,535000000.0,500700000.0,467700000.0,,,,,,,,,,,,,,,,,,,,,,,,,,Waste rock,Waste rock,Waste rock,,Waste rock,Waste rock,Waste rock,Waste rock,Waste rock,Waste rock,Waste rock,Waste rock,Waste rock,,,,,,,130149600.0,198910020.0,207400000.0,,292068000.0,294142000.0,314028000.0,298290000.0,236558000.0,238998000.0,260592000.0,261812000.0,227164000.0
COM00648.00,Copper,DR Congo,2424.0,3.0,1.0,6410.56,,,,,,,,,,,,,,,,,,,,,,,,,,,,,,,,,,,,,,,,,,,,,,,,,,,,,,,,,,,,,,,,,46500.0,49000.0,,,,,,,,,,,,,,,,,,,,,,,,,,,,,,,,,,,,,,,,,Copper,Copper,,,,,,,,,,,,,,,,,,,,0.9576,0.9627,,,,,,,,,,,,,,,,,,,,27492.0,31059.0,,,,,,,,,,,,,,,,,,,,Me.Cu,Me.Cu,,,,,,,,,,,,,,,,,,,,,,,Me.Cu,,,,,,,,,,,,,,,,,,,,Underground,Underground,,,,,,,,,,,,,,,,,,,,Kinsenda,Kinsenda,,,,,,,,,,,,,,,,,,,,Mine,Mine,,,,,,,,,,,,,,,,,,,,,,,,,,,,,,,,,,,,,,,,,,,,436.0,,,,,,,,,,,,,,,,,,,,O.Cu,O.Cu,,,,,,,,,,,,,,,,,,,,,,,,,,,,,,,,,,,,,,,,,,,,,,,,,,,,,,,,,,,,,,,,,,,,,,,,,,,,,,,326000.0,,,,,,,,,,,,,,,57000.0,,,,,,,,,,,,,,,,,,,,,5700000.0,,,,,,,,,,,,,,,,,,,,,,,,,,,,,,,,,,,,,,,,,,,,,,,,,,,,,,,,,,
COM00649.00,Copper,DR Congo,2424.0,14.0,1.0,7223.39,,,,,,,,,,,,,,,,,,,,,,,,,,,,,,,,,,,,,,,,,,,,,,,,,,,,,,,,,,,,,38717.469907,36709.014357,35148.810432,35257.364338,33112.654309,,,,,,,,,,,,,,,5242.0,5244.0,5246.0,5248.0,5250.0,5252.0,5254.0,,,,,,,,,,,,,,,"Copper, Copper cathode","Copper, Copper cathode","Copper, Copper cathode","Copper, Copper cathode","Copper, Copper cathode","Copper, Copper cathode","Copper, Copper cathode",,,,,,,,,,,,,,,,,,,,,,,,,,,,,,,,,,,,35698.0,62074.0,69624.0,80169.0,80650.0,80186.0,79711.0,,,,,,,,,,,,,,,Me.Cu,Me.Cu,Oth.cuca,Oth.cuca,Oth.cuca,Oth.cuca,Oth.cuca,,,,,,,,,,,,,,,,,Me.Cu,Me.Cu,Me.Cu,Me.Cu,Me.Cu,Me.Cu,Me.Cu,,,,,,,,,,,,,,,"Open pit, HMS, SX-EW","Open pit, HMS, SX-EW","Open pit, HMS, SX-EW","Open pit, HMS, SX-EW","Open pit, HMS, SX-EW","Open pit, HMS, SX-EW","Open pit, HMS, SX-EW",,,,,,,,,,,,,,,Kinsevere,Kinsevere,Kinsevere,Kinsevere,Kinsevere,Kinsevere,Kinsevere,,,,,,,,,,,,,,,Mine,Mine,Mine,Mine,Mine,Mine,Mine,,,,,,,,,,,,,,,,,,,,,,,,,,,,,,,,,,,,,,437.0,437.0,437.0,437.0,437.0,437.0,437.0,,,,,,,,,,,,,,,O.Cu,O.Cu,O.Cu,O.Cu,O.Cu,O.Cu,O.Cu,,,,,,,,,,,,,,,,,,,,,,,,,,,,,,,,,,,,,797164.0,2592960.0,2792664.0,2207304.0,2009298.0,2466139.0,3054844.0,,,,,,,,,,,,,,,923849.0,1588563.0,1798258.0,2183905.0,2294530.0,2274305.0,2407267.0,,,,,,,,,,,,,,,,,,,,,,,,,,,,,,,,,,,,,,,,,,,,,36565529.0,35768365.0,33175405.0,30382741.0,28175437.0,26166139.0,23700000.0,,,,,,,,,,,,,,,,,,,,,,,,,,,,,,,,,,,,,,,,,,,,,,,,,,,,,,,,,,,
COM00651.00,Copper,DR Congo,2424.0,10.0,1.0,7950.46,,,,,,,,,,,,,,,,,,,,,,,,,,,,,,,,,,,,,,,,,,,,,,,,,,,,,,,,,,55500.0,67600.0,70000.0,24600.0,37800.0,24500.0,20964.435375,45114.566419,13191.272113,,,,,,,,,,,,,5256.0,5258.0,5260.0,5262.0,5264.0,5266.0,5268.0,5270.0,5272.0,,,,,,,,,,,,,"Copper, Copper cathode","Copper, Copper cathode","Copper, Copper cathode","Copper, Copper cathode","Copper, Copper cathode","Copper, Copper cathode","Copper, Copper cathode","Copper, Copper cathode","Copper, Copper cathode",,,,,,,,,,,,,0.575,0.542,0.596,0.0,0.0,0.0,,,,,,,,,,,,,,,,12321.0,36966.0,41255.0,13557.0,26151.0,23119.0,17630.0,19199.0,9896.0,,,,,,,,,,,,,Me.Cu,Me.Cu,Me.Cu,Oth.cuca,Oth.cuca,Oth.cuca,Oth.cuca,Oth.cuca,Oth.cuca,,,,,,,,,,,,,,,Me.Cu,Me.Cu,Me.Cu,Me.Cu,Me.Cu,Me.Cu,Me.Cu,Me.Cu,Me.Cu,,,,,,,,,,,,,"Open pit, SX-EW plant","Open pit, SX-EW plant","Open pit, SX-EW plant","Open pit, SX-EW plant","Open pit, SX-EW plant","Open pit, SX-EW plant","Open pit, SX-EW plant","Open pit, SX-EW plant","Open pit, SX-EW plant",,,,,,,,,,,,,Kipoi,Kipoi,Kipoi,Kipoi,Kipoi,Kipoi,Kipoi,Kipoi,Kipoi,,,,,,,,,,,,,Mine,Mine,Mine,Mine,Mine,Mine,Mine,Mine,Mine,,,,,,,,,,,560.0,561.0,562.0,,,,563.0,564.0,565.0,,,,,,,,,,,,,,,,,438.0,438.0,438.0,438.0,438.0,438.0,438.0,438.0,438.0,,,,,,,,,,,,,O.Cu,O.Cu,O.Cu,O.Cu,O.Cu,O.Cu,O.Cu,O.Cu,O.Cu,,,,,,,,,,,,,,,,,,,,,,,,,,,,,,,,,,,658899.0,940282.0,1348571.0,695206.0,1102399.0,1290095.0,115146.0,752800.0,750193.0,,,,,,,,,,,,,386437.0,1009694.0,978810.0,695206.0,1102399.0,1290095.0,840948.0,425561.0,750193.0,,,,,,,,,,,,,,553000.0,,,,,,,,,,,,,,,13000.0,,,,,,,,,,,,,,51450598.0,50791699.0,49851417.0,48502846.0,47807640.0,46705241.0,45415146.0,45300000.0,44549807.0,,,,,,,,,,,,,,,,,1415051.0,,,,,,,,,,,,,Waste rock,Waste rock,Waste rock,,,,,Waste rock,Waste rock,,,,,,,,,,,6467790.0,7404906.0,3086192.0,,,,,2448997.0,2252320.0,
COM00655.00,Gold,Finland,51635.89,12.0,1.0,1008.67,,,,,,,,,,,,,,,,,,,,,,,,,,,,,,,,,,,,,,,,,,,,,,,,,,,,,,,,5.02,5.41,5.11,5.68,0.182073,0.171607,0.213003,0.204109,0.218769,0.201684,0.231657,,,,,,,,,,,5282.0,5284.0,5286.0,5288.0,5290.0,5292.0,5294.0,5296.0,5298.0,5300.0,5302.0,,,,,,,,,,,"Gold, Silver","Gold, Silver","Gold, Silver","Gold, Silver","Gold, Silver","Gold, Silver","Gold, Silver","Gold, Silver","Gold, Silver","Gold, Silver","Gold, Silver",,,,,,,,,,,0.094101,0.049702,0.04965,0.038568,0.041751,0.063082,0.065689,0.065948,0.072835,0.089916,0.072788,,,,,,,,,,,2.033,3.572,4.063,4.977,0.17,0.198,0.312,0.34,0.369,0.369,0.369,,,,,,,,,,,Me.Au,Me.Au,Me.Au,Me.Au,Me.Ag,Me.Ag,Me.Ag,Me.Ag,Me.Ag,Me.Ag,Me.Ag,,,,,,,,,,,,,,,,,,,,,,,Me.Au,,,,,,,,,,,"Open pit, Underground","Open pit, Underground","Open pit, Underground","Open pit, Underground","Open pit, Underground","Open pit, Underground","Open pit, Underground","Open pit, Underground","Open pit, Underground","Open pit, Underground","Open pit, Underground",,,,,,,,,,,Kittila,Kittila,Kittila,Kittila,Kittila,Kittila,Kittila,Kittila,Kittila,Kittila,Kittila,,,,,,,,,,,Mine,Mine,Mine,Mine,Mine,Mine,Mine,Mine,Mine,Mine,Mine,,,,,,,,,,,,,,,,,,,,,,,,,,,,,,,,,,,,,,,,,,,,440.0,,,,,,,,,,,O.bulk,O.bulk,O.bulk,O.bulk,O.bulk,O.bulk,O.bulk,O.bulk,O.bulk,O.bulk,O.Au,,,,,,,,,,,,,,,,,,,,,,,,,,,,,,,,,960365.0,960365.0,1030764.0,1090365.0,934224.0,1156400.0,1464038.0,1666732.0,1684626.0,1827335.0,1590902.0,,,,,,,,,,,960365.0,960365.0,1030764.0,1090365.0,934224.0,1156400.0,1464038.0,1666732.0,1684626.0,1827335.0,1590902.0,,,,,,,,,,,,,,,116.119646208,,,,,,,,,,,,,,,4.4,,,,,,,,,,,,,,,,,,,,,28925000.0,,,,,,,,,,,,,,,,,,,,,,,,,,,,,,,,,,,,,,,,,,,,,,,,,,,,,,,,,,
COM00662.00,Copper,DR Congo,2424.0,4.0,1.0,6341.8,,,,,,,,,,,,,,,,,,,,,,,,,,,,,,,,,,,,,,,,,,,,,,,,,,,,,,,,,,,,,,,,,,,,,,,,,,,,,,,,,,,,,,,,,,,,,,,,,,,,,,,,,,Copper,Copper,,,,,,,,,,,,,,,,,,,,,,,,,,,,,,,,,,,,,,,,,21940.0,53235.0,,,,,,,,,,,,,,,,,,,,Me.Cu,Me.Cu,,,,,,,,,,,,,,,,,,,,,,,Me.Cu,,,,,,,,,,,,,,,,,,,,Open Pit,Open Pit,,,,,,,,,,,,,,,,,,,,Kolwezi,Kolwezi,,,,,,,,,,,,,,,,,,,,Mine,Mine,,,,,,,,,,,,,,,,,,,,,,,,,,,,,,,,,,,,,,,,,,,,445.0,,,,,,,,,,,,,,,,,,,,O.Cu,O.Cu,,,,,,,,,,,,,,,,,,,,,,,,,,,,,,,,,,,,,,,,,,,,,,,,,,,,,,,,,,,,,,,,,,,,,,,,,,,,,,,639643.0,,,,,,,,,,,,,,,48000.0,,,,,,,,,,,,,,,,,,,,,,,,,,,,,,,,,,,,,,,,,,,,,,,,,,,,,,,,,,,,,,,,,,,,,,,,,,,,,,,,
COM00665.00,Iron,Australia,56861.95,56.0,1.0,128.88,,,,,,,,,,,,,,,,,,,,,,,,,,,,,,,,,,,,,,,,,,,,,,,,,,,,,,,,,,,,,,,,,,,,,,,,,,,,,,,,,,,,,,,,,,,,,,,,Iron ore,Iron ore,Iron ore,Iron ore,Iron ore,Iron ore,Iron ore,Iron ore,Iron ore,Iron ore,Iron ore,Iron ore,Iron ore,Iron ore,,,,,,,,,,,,,,,,,,,,,,,,,,,,,,,,,,,,,,,,,,,,,,,,,,,,,,,,,,,,,,,,,,,,,,,,,Me.Al2O3,Me.Al2O3,Me.Al2O3,Me.Al2O3,Me.Al2O3,Me.Al2O3,Me.Al2O3,Me.Al2O3,Me.Al2O3,Me.Al2O3,Me.Al2O3,Me.Al2O3,Me.Al2O3,Me.Al2O3,,,,,,,,Open pit,Open pit,Open pit,Open pit,Open pit,Open pit,Open pit,Open pit,Open pit,Open pit,Open pit,Open pit,Open pit,Open pit,,,,,,,,Koolan Island,Koolan Island,Koolan Island,Koolan Island,Koolan Island,Koolan Island,Koolan Island,Koolan Island,Koolan Island,Koolan Island,Koolan Island,Koolan Island,Koolan Island,Koolan Island,,,,,,,,Mine,Mine,Mine,Mine,Mine,Mine,Mine,Mine,Mine,Mine,Mine,Mine,Mine,Mine,,,,,,567.0,568.0,569.0,570.0,571.0,572.0,573.0,574.0,575.0,576.0,577.0,578.0,579.0,580.0,,,,,,,,,,,,447.0,447.0,447.0,447.0,447.0,447.0,447.0,447.0,447.0,447.0,447.0,447.0,447.0,447.0,,,,,,,,Con.Fe,Con.Fe,Con.Fe,Con.Fe,Con.Fe,Con.Fe,Con.Fe,Con.Fe,Con.Fe,Con.Fe,O.Fe,O.Fe,Con.Fe,Con.Fe,,,,,,,,,274000.0,2973000.0,2926000.0,3473000.0,2314000.0,3164000.0,2786000.0,4810000.0,1881000.0,1286000.0,,,431000.0,2371000.0,,,,,,,,559000.0,3047000.0,3524000.0,3473000.0,2523000.0,2959000.0,1856000.0,2848000.0,1643000.0,1381000.0,0.0,0.0,552000.0,2765000.0,,,,,,,,559000.0,3047000.0,3524000.0,3473000.0,2523000.0,2959000.0,1856000.0,2848000.0,1643000.0,1381000.0,0.0,0.0,552000.0,2765000.0,,,,,,,,,,,,,,,,,,,,,,,,,,,,,,,,,,,,,,43065000.0,42506000.0,39459000.0,35935000.0,32462000.0,29939000.0,26980000.0,25124000.0,22276000.0,20633000.0,19252000.0,19252000.0,19252000.0,18700000.0,,,,,,,,,,,,,,,,,,,,,,,,,Waste rock,Waste rock,Waste rock,Waste rock,Waste rock,Waste rock,Waste rock,Waste rock,Waste rock,Waste rock,Waste rock,Waste rock,Waste rock,Waste rock,,,,,,2132560.0,10405380.0,14475300.0,16130840.0,11816920.0,10252880.0,13330000.0,25181000.0,14428000.0,3322000.0,0.0,0.0,10185000.0,12426000.0
COM00672.00,Coal,Russian Federation,11616.07,13.0,1.0,120.44,,,,,,,,,,,,,5500000.0,5700000.0,4200000.0,4036000.0,3900000.0,3500000.0,3700000.0,2529000.0,2260000.0,2227000.0,4927000.0,4811000.0,4354000.0,,,,,,,,,5500000.0,5700000.0,4200000.0,4036000.0,3900000.0,3500000.0,3700000.0,2529000.0,2260000.0,2227000.0,4927000.0,4811000.0,4354000.0,,,,,,,,,,,,,,,,,,,,,,,,,,,,,,,,,,,,,,,,,,,,,,,,,,,Coking coal,Coking coal,Coking coal,Coking coal,Coking coal,Coking coal,Coking coal,Coking coal,Coking coal,Coking coal,Coking coal,Coking coal,Coking coal,,,,,,,,,,,,,,,,,,,,,,,,,,,,,,,,,,,,,,,,,,,,,,,,,,,,,,,,,,,,,,,,,,,,,,,,,,,,,,,,,,,,,,,,,,,,,,,Underground,Underground,Underground,Underground,Underground,Underground,Underground,Underground,Underground,Underground,Underground,Underground,Underground,,,,,,,,,Kostromovskaya,Kostromovskaya,Kostromovskaya,Kostromovskaya,Kostromovskaya,Kostromovskaya,Kostromovskaya,Kostromovskaya,Kostromovskaya,Kostromovskaya,Kostromovskaya,Kostromovskaya,Kostromovskaya,,,,,,,,,Mine,Mine,Mine,Mine,Mine,Mine,Mine,Mine,Mine,Mine,Mine,Mine,Mine,,,,,,,,,,,,,,,,,,,,,,,,,,,,,,,,454.0,454.0,454.0,454.0,454.0,454.0,454.0,454.0,454.0,454.0,454.0,454.0,454.0,,,,,,,,,F.coc,F.coc,F.coc,F.coc,F.coc,F.coc,F.coc,F.coc,F.coc,F.coc,F.coc,F.coc,F.coc,,,,,,,,,,,,,,,,,,,,,,,,,,,,,,,,,,,,,,,,,,,,,,,,,,,,,,,,,,,,,,,,,,,,,,,,,,,,,,,,,,,,,,,,,,,,,,,,,,,,,,,324290000.0,318790000.0,313090000.0,308890000.0,304854000.0,300954000.0,297454000.0,293754000.0,291225000.0,288965000.0,286738000.0,281811000.0,277000000.0,,,,,,,,,,,,,,,,,,,,,,,,,,,,,,,,,,,,,,,,,,,,,,,,,,,,,,,,,
COM00676.00,Coal,Russian Federation,11616.07,67.0,1.0,43.21,,,,,,4200000.0,3714000.0,3773000.0,4726000.0,5278000.0,5587000.0,5630000.0,5525000.0,1100000.0,2000000.0,2300000.0,2000000.0,2500000.0,2300000.0,2500000.0,2400000.0,2200000.0,1500000.0,1200000.0,2000000.0,,4200000.0,3714000.0,3773000.0,4726000.0,5278000.0,5587000.0,5630000.0,5525000.0,1100000.0,2000000.0,2300000.0,2000000.0,2500000.0,2300000.0,2500000.0,2400000.0,2200000.0,1500000.0,1200000.0,2000000.0,,,,,,,,,,,,,,,,,,,,,,,,,,,,,,,,,,,,,,,,,,,,"Thermal coal, Anthracite","Thermal coal, Anthracite","Thermal coal, Anthracite","Thermal coal, Anthracite","Thermal coal, Anthracite","Thermal coal, Anthracite","Thermal coal, Anthracite","Thermal coal, Anthracite","Thermal coal, Anthracite","Thermal coal, Anthracite","Thermal coal, Anthracite","Thermal coal, Anthracite","Thermal coal, Anthracite","Thermal coal, Anthracite","Thermal coal, Anthracite","Thermal coal, Anthracite","Thermal coal, Anthracite","Thermal coal, Anthracite","Thermal coal, Anthracite","Thermal coal, Anthracite",,,,,,,,,,,,,,,,,,,,,,,,,,,,,,,,,,,,,,,,,,,,,,,,,,,,,,,,,,,,,,,,,,,,,,,,,,,,,,,,,,,,,,,,Open pit,Open pit,Open pit,Open pit,Open pit,Open pit,Open pit,Open pit,Open pit,Open pit,Open pit,Open pit,Open pit,Open pit,Open pit,Open pit,Open pit,Open pit,Open pit,Open pit,,Krasnogorsky,Krasnogorsky,Krasnogorsky,Krasnogorsky,Krasnogorsky,Krasnogorsky,Krasnogorsky,Krasnogorsky,Krasnogorsky,Krasnogorsky,Krasnogorsky,Krasnogorsky,Krasnogorsky,Krasnogorsky,Krasnogorsky,Krasnogorsky,Krasnogorsky,Krasnogorsky,Krasnogorsky,Krasnogorsky,,Mine,Mine,Mine,Mine,Mine,Mine,Mine,Mine,Mine,Mine,Mine,Mine,Mine,Mine,Mine,Mine,Mine,Mine,Mine,Mine,,,,,,,,,,,,,,,,,,,,,,,,,,,,,,,,,,,,,,,,,,,,456.0,,F.stc,F.stc,F.stc,F.stc,F.stc,F.stc,F.stc,F.stc,F.ant,F.ant,F.ant,F.ant,F.ant,F.ant,F.ant,F.ant,F.ant,F.ant,F.ant,F.ant,,,,,,,,,,,,,,,,,,,,,,,,,,,,,,,,,,,,,,,,,,,,,,,,,,,,,,,,,,,,,,,,,,,,,,,,,,,,,,,,,,,,,,,,,,,,,,,,,,,,,,,,,,,,,,,,,,,183961000.0,,,,,,,,,,,,,,,,,,,,,,,,,,,,,,,,,,,,,,,,,,,,,,,,,,,,,,,,,
COM00681.00,Iron,Ukraine,6395.79,88.0,1.0,151.7,,,,,,,,,,,,,,,,,,,,,,,,,,,,,,,,,,,,,,,,,,,,,,,,,,,,,,,,,,650000.0,650000.0,650000.0,650000.0,650000.0,650000.0,650000.0,650000.0,650000.0,,,,,,,,,,,,,5537.0,5541.0,5545.0,5549.0,5553.0,5557.0,5561.0,5565.0,5569.0,,,,,,,,,,"Iron, Steel, steel billets, rebars, wire rods, steel angles, merchant steel bar","Iron, Steel, steel billets, rebars, wire rods, steel angles, merchant steel bar","Iron, Steel, steel billets, rebars, wire rods, steel angles, merchant steel bar","Iron, Steel, steel billets, rebars, wire rods, steel angles, merchant steel bar","Iron, Steel, steel billets, rebars, wire rods, steel angles, merchant steel bar","Iron, Steel, steel billets, rebars, wire rods, steel angles, merchant steel bar","Iron, Steel, steel billets, rebars, wire rods, steel angles, merchant steel bar","Iron, Steel, steel billets, rebars, wire rods, steel angles, merchant steel bar","Iron, Steel, steel billets, rebars, wire rods, steel angles, merchant steel bar","Iron, Steel, steel billets, rebars, wire rods, steel angles, merchant steel bar","Iron, Steel, steel billets, rebars, wire rods, steel angles, merchant steel bar","Iron, Steel, steel billets, rebars, wire rods, steel angles, merchant steel bar",,,,,,,,,,,,,0.0,0.0,0.0,0.0,0.0,0.0,0.0,0.0,0.0,,,,,,,,,,,,,6240000.0,6363500.0,6630000.0,6435000.0,6565000.0,5850000.0,5915000.0,6045000.0,6370000.0,,,,,,,,,,,,,Me.Fe,Me.Fe,Me.Fe,Me.Fe,Me.Fe,Me.Fe,Me.Fe,Me.Fe,Me.Fe,,,,,,,,,,,,,,,Me.Fe,Me.Fe,Me.Fe,Me.Fe,Me.Fe,Me.Fe,Me.Fe,Me.Fe,Me.Fe,,,,,,,,,,"Open pit, Underground, coke oven batteries, sintering plant, blast furnaces, basic oxygen converters, twin open hearth furnace, continuous billet caster, blooming mill, light section bar mill, wire rod mill","Open pit, Underground, coke oven batteries, sintering plant, blast furnaces, basic oxygen converters, twin open hearth furnace, continuous billet caster, blooming mill, light section bar mill, wire rod mill","Open pit, Underground, coke oven batteries, sintering plant, blast furnaces, basic oxygen converters, twin open hearth furnace, continuous billet caster, blooming mill, light section bar mill, wire rod mill","Open pit, Underground, coke oven batteries, sintering plant, blast furnaces, basic oxygen converters, twin open hearth furnace, continuous billet caster, blooming mill, light section bar mill, wire rod mill","Open pit, Underground, coke oven batteries, sintering plant, blast furnaces, basic oxygen converters, twin open hearth furnace, continuous billet caster, blooming mill, light section bar mill, wire rod mill","Open pit, Underground, coke oven batteries, sintering plant, blast furnaces, basic oxygen converters, twin open hearth furnace, continuous billet caster, blooming mill, light section bar mill, wire rod mill","Open pit, Underground, coke oven batteries, sintering plant, blast furnaces, basic oxygen converters, twin open hearth furnace, continuous billet caster, blooming mill, light section bar mill, wire rod mill","Open pit, Underground, coke oven batteries, sintering plant, blast furnaces, basic oxygen converters, twin open hearth furnace, continuous billet caster, blooming mill, light section bar mill, wire rod mill","Open pit, Underground, coke oven batteries, sintering plant, blast furnaces, basic oxygen converters, twin open hearth furnace, continuous billet caster, blooming mill, light section bar mill, wire rod mill","Open pit, Underground, coke oven batteries, sintering plant, blast furnaces, basic oxygen converters, twin open hearth furnace, continuous billet caster, blooming mill, light section bar mill, wire rod mill","Open pit, Underground, coke oven batteries, sintering plant, blast furnaces, basic oxygen converters, twin open hearth furnace, continuous billet caster, blooming mill, light section bar mill, wire rod mill","Open pit, Underground, coke oven batteries, sintering plant, blast furnaces, basic oxygen converters, twin open hearth furnace, continuous billet caster, blooming mill, light section bar mill, wire rod mill",,,,,,,,,,Kryvyi Rih,Kryvyi Rih,Kryvyi Rih,Kryvyi Rih,Kryvyi Rih,Kryvyi Rih,Kryvyi Rih,Kryvyi Rih,Kryvyi Rih,Kryvyi Rih,Kryvyi Rih,Kryvyi Rih,,,,,,,,,,"Mine, Refinery, Smelter","Mine, Refinery, Smelter","Mine, Refinery, Smelter","Mine, Refinery, Smelter","Mine, Refinery, Smelter","Mine, Refinery, Smelter","Mine, Refinery, Smelter","Mine, Refinery, Smelter","Mine, Refinery, Smelter","Mine, Refinery, Smelter","Mine, Refinery, Smelter","Mine, Refinery, Smelter",,,,,,,,,,,,,,,,,,,,,,,,,,,,,,,,,,,,458.0,458.0,458.0,458.0,458.0,458.0,458.0,458.0,458.0,,,,,,,,,,Con.Fe,Con.Fe,Con.Fe,Con.Fe,Con.Fe,Con.Fe,Con.Fe,Con.Fe,Con.Fe,Con.Fe,Con.Fe,Con.Fe,,,,,,,,,,,7800000.0,7000000.0,8900000.0,9600000.0,9790000.0,10200000.0,9900000.0,10100000.0,9000000.0,9100000.0,9300000.0,9800000.0,,,,,,,,,,,,,24500000.0,24900000.0,25500000.0,25200000.0,24500000.0,21700000.0,22000000.0,23200000.0,24500000.0,,,,,,,,,,,,,24500000.0,24900000.0,25500000.0,25200000.0,24500000.0,21700000.0,22000000.0,23200000.0,24500000.0,,,,,,,,,,,,,,,,,,,,,,,,,,,,,,,,,,,,,,,,,,,827500000.0,803000000.0,778100000.0,752600000.0,727400000.0,702900000.0,681200000.0,659200000.0,636000000.0,,,,,,,,,,,,,,,,,,,,,,,,,,,,,,,,,,,,,,,,,,,,,,,,,,,,,,,,,,
COM00690.00,Zinc,Russian Federation,11616.07,6.0,1.0,1973.72,,,,,,,,,,,,,,,,,,,,,,,,,,,,,,,,,,,,,,,,,,,,,,,,,,,,,,,,,,,,,,,,,,,,,,,,,,,,,,,,,,,,,,,,,,,,,,,,,,,,,,,,"Zinc, Lead, Copper","Zinc, Lead, Copper","Zinc, Lead, Copper","Zinc, Lead, Copper",,,,,,,,,,,,,,,,,,,,,,,,,,,,,,,,,,,,,,,51731.0,73731.0,3298.0,4152.0,,,,,,,,,,,,,,,,,,Me.Zn,Me.Zn,Me.Pb,Me.Pb,,,,,,,,,,,,,,,,,,,,,,,Me.Zn,,,,,,,,,,,,,,,,,,"Open Pit, Underground","Open Pit, Underground","Open Pit, Underground","Open Pit, Underground",,,,,,,,,,,,,,,,,,Kyzyl-Tash Turk,Kyzyl-Tash Turk,Kyzyl-Tash Turk,Kyzyl-Tash Turk,,,,,,,,,,,,,,,,,,Mine,Mine,Mine,Mine,,,,,,,,,,,,,,,,,,,,,,,,,,,,,,,,,,,,,,,,,,,,466.0,,,,,,,,,,,,,,,,,,O.bulk,O.bulk,O.bulk,O.bulk,,,,,,,,,,,,,,,,,,,,,,,,,,,,,,,,,,,,,,,,,,,,,,,,,,,,,,,,,,,,,,,,,,,,,,,,,,,,,,,732877.0,,,,,,,,,,,,,,,98200.0,,,,,,,,,,,,,,,,,,,,,,,,,,,,,,,,,,,,,,,,,,,,,,,,,,,,,,,,,,,,,,,,,,,,,,,,,,,,,,,,
COM00693.00,Copper,Mexico,9018.86,42.0,1.0,4194.84,,,1150000.0,,,,,,,,,,,,,,,,,,,,,,,,,,,,,,,,,,,,,,,,,,,,,,,,,272000.0,254900.0,241800.0,230000.0,225900.0,220000.0,195700.0,212000.0,210800.0,220300.0,228100.0,234700.0,239800.0,237800.0,240100.0,,,,,,,5691.0,5696.0,5701.0,5706.0,5711.0,5716.0,5721.0,5726.0,5731.0,5736.0,5741.0,5746.0,5751.0,5756.0,5761.0,,,,,,,"Copper, Molybdenum, Copper Cathode, Silver","Copper, Molybdenum, Copper Cathode, Silver","Copper, Molybdenum, Copper Cathode, Silver","Copper, Molybdenum, Copper Cathode, Silver","Copper, Molybdenum, Copper Cathode, Silver","Copper, Molybdenum, Copper Cathode, Silver","Copper, Molybdenum, Copper Cathode, Silver","Copper, Molybdenum, Copper Cathode, Silver","Copper, Molybdenum, Copper Cathode, Silver","Copper, Molybdenum, Copper Cathode, Silver","Copper, Molybdenum, Copper Cathode, Silver","Copper, Molybdenum, Copper Cathode, Silver","Copper, Molybdenum, Copper Cathode, Silver","Copper, Molybdenum, Copper Cathode, Silver","Copper, Molybdenum, Copper Cathode, Silver",,,,,,,0.0,0.0,0.0,0.0,0.0,0.0,0.0,0.0,0.0,0.0,0.0,0.0,0.0,0.0,0.0,,,,,,,122300.0,58100.0,102300.0,96900.0,102500.0,94900.0,89800.0,97800.0,96900.0,101100.0,103900.0,104900.0,106300.0,106100.0,107200.0,,,,,,,Me.Cu,Me.Cu,Me.Cu,Me.Cu,Me.Cu,Me.Cu,Me.Cu,Me.Cu,Me.Cu,Me.Cu,Me.Cu,Me.Cu,Me.Cu,Me.Cu,Me.Cu,,,Me.Cu,,,,,,,,,,,,,,,,,,,Me.Cu,,,,,,,,"Open pit, SX-EW plant","Open pit, SX-EW plant","Open pit, SX-EW plant","Open pit, SX-EW plant","Open pit, SX-EW plant","Open pit, SX-EW plant","Open pit, SX-EW plant","Open pit, SX-EW plant","Open pit, SX-EW plant","Open pit, SX-EW plant","Open pit, SX-EW plant","Open pit, SX-EW plant","Open pit, SX-EW plant","Open pit, SX-EW plant","Open pit, SX-EW plant",,,,,,,La Caridad,La Caridad,La Caridad,La Caridad,La Caridad,La Caridad,La Caridad,La Caridad,La Caridad,La Caridad,La Caridad,La Caridad,La Caridad,La Caridad,La Caridad,,,,,,,"Mine, Smelter, Refinery","Mine, Smelter, Refinery","Mine, Smelter, Refinery","Mine, Smelter, Refinery","Mine, Smelter, Refinery","Mine, Smelter, Refinery","Mine, Smelter, Refinery","Mine, Smelter, Refinery","Mine, Smelter, Refinery","Mine, Smelter, Refinery","Mine, Smelter, Refinery","Mine, Smelter, Refinery","Mine, Smelter, Refinery","Mine, Smelter, Refinery","Mine, Smelter, Refinery",,,,,581.0,582.0,583.0,584.0,585.0,586.0,587.0,588.0,589.0,590.0,591.0,592.0,593.0,594.0,595.0,,,,101.0,,,,,,,,,,,,,,,,,,,,467.0,,,,,,,,Con.Cu,Con.Cu,Con.Cu,Con.Cu,Con.Cu,Con.Cu,Con.Cu,Con.Cu,Con.Cu,Con.Cu,Con.Cu,Con.Cu,Con.Cu,Con.Cu,Con.Cu,,,,,,,,449600.0,227800.0,423000.0,421500.0,453700.0,431200.0,458800.0,461500.0,459600.0,458800.0,455200.0,447100.0,443300.0,446200.0,446200.0,,,,,,,31551000.0,16872000.0,30970000.0,31779000.0,32952000.0,33344000.0,33185000.0,33556000.0,33570000.0,34251000.0,34445000.0,34648000.0,34699000.0,34675000.0,34401000.0,,,,,,,31644000.0,16637000.0,31129000.0,31587000.0,33099000.0,33196000.0,33201000.0,33434000.0,33629000.0,34427000.0,34468000.0,34539000.0,34548000.0,34548000.0,34648000.0,,,,,,,,,,,,,,,,,,,,,,,,,,,,,,,,,,,,,,,,,,,,,,,,,,3243851000.0,,,,,,75465000.0,46606000.0,80819000.0,85739000.0,85491000.0,84163000.0,84266000.0,86632000.0,88595000.0,91454000.0,94283000.0,98435000.0,98534000.0,96541000.0,94578000.0,,,,,,,,,,,,,,,,,,,,,,,,,,,,,,,,,,,,,,,
COM00695.00,Silver,Mexico,9018.86,96.0,1.0,6.08,,,,,,,,,,,,,,,,,,,,,,,,,,,,,,,,,,,,,,,,,,,,,,,,,442.0,435.0,489.0,530.0,540.0,437.0,371.0,384.0,378.49,369.0,374.0,352.0,366.0,379.0,377.0,368.0,358.0,361.0,,,,5787.0,5789.0,5791.0,5793.0,5795.0,5797.0,5799.0,5801.0,5803.0,5805.0,5807.0,5809.0,5811.0,5813.0,5815.0,5817.0,5819.0,5821.0,,,,"Silver, Gold, Zinc, Lead","Silver, Gold, Zinc, Lead","Silver, Gold, Zinc, Lead","Silver, Gold, Zinc, Lead","Silver, Gold, Zinc, Lead","Silver, Gold, Zinc, Lead","Silver, Gold, Zinc, Lead","Silver, Gold, Zinc, Lead","Silver, Gold, Zinc, Lead","Silver, Gold, Zinc, Lead","Silver, Gold, Zinc, Lead","Silver, Gold, Zinc, Lead","Silver, Gold, Zinc, Lead","Silver, Gold, Zinc, Lead","Silver, Gold, Zinc, Lead","Silver, Gold, Zinc, Lead","Silver, Gold, Zinc, Lead","Silver, Gold, Zinc, Lead",,,,6e-06,8e-06,6e-06,5e-06,4e-06,7e-06,9e-06,9e-06,9e-06,9e-06,9e-06,1e-05,9e-06,8e-06,9e-06,9e-06,9e-06,9e-06,,,,17.717,28.078,57.621,87.569,98.88,112.183,110.676,98.14,104.754,121.577,125.397,129.218,140.906,150.754,163.999,199.685,215.561,232.23,,,,Me.Ag,Me.Ag,Me.Ag,Me.Ag,Me.Ag,Me.Ag,Me.Ag,Me.Ag,Me.Ag,Me.Ag,Me.Ag,Me.Ag,Me.Ag,Me.Ag,Me.Ag,Me.Ag,Me.Ag,Me.Ag,,,,,,Me.Ag,Me.Ag,Me.Ag,Me.Ag,Me.Ag,Me.Ag,Me.Ag,Me.Ag,Me.Ag,Me.Ag,Me.Ag,Me.Ag,Me.Ag,Me.Ag,Me.Ag,Me.Ag,Me.Ag,Me.Ag,,,,"Underground, Oxide leach plant","Underground, Oxide leach plant","Underground, Oxide leach plant","Underground, Oxide leach plant","Underground, Oxide leach plant","Underground, Oxide leach plant","Underground, Oxide leach plant","Underground, Oxide leach plant","Underground, Oxide leach plant","Underground, Oxide leach plant","Underground, Oxide leach plant","Underground, Oxide leach plant","Underground, Oxide leach plant","Underground, Oxide leach plant","Underground, Oxide leach plant","Underground, Oxide leach plant","Underground, Oxide leach plant","Underground, Oxide leach plant",,,,La Colorada,La Colorada,La Colorada,La Colorada,La Colorada,La Colorada,La Colorada,La Colorada,La Colorada,La Colorada,La Colorada,La Colorada,La Colorada,La Colorada,La Colorada,La Colorada,La Colorada,La Colorada,,,,Mine,Mine,Mine,Mine,Mine,Mine,Mine,Mine,Mine,Mine,Mine,Mine,Mine,Mine,Mine,Mine,Mine,Mine,,,,,,,,,,,,,,,,,,,,,,,,,,,471.0,471.0,471.0,471.0,471.0,471.0,471.0,471.0,471.0,471.0,471.0,471.0,471.0,471.0,471.0,471.0,471.0,471.0,,,,O.bulk,O.bulk,O.bulk,O.bulk,O.bulk,O.bulk,O.bulk,O.bulk,O.bulk,O.bulk,O.bulk,O.bulk,O.bulk,O.bulk,O.bulk,O.bulk,O.bulk,O.bulk,,,,,,,,,,,,,,,,,,,,,,,,,,50662.0,99115.0,171155.0,211854.0,233743.0,331067.0,377844.0,324916.0,345697.0,405000.0,420000.0,449000.0,471000.0,485000.0,529000.0,655000.0,726000.0,768700.0,,,,50662.0,99115.0,171155.0,211854.0,233743.0,331067.0,377844.0,324916.0,345697.0,405000.0,420000.0,449000.0,471000.0,485000.0,529000.0,655000.0,726000.0,768700.0,,,,,,,,,,,,,,,,,,,,,,,,,,,,,,,,,,15286053.0,15235391.0,15136276.0,14965121.0,14753267.0,14519524.0,14188457.0,13810613.0,13485697.0,13140000.0,12735000.0,12315000.0,11866000.0,11395000.0,10910000.0,10381000.0,9726000.0,9000000.0,,,,,,,,,,,,,,,,,,,,,,,,,,,,,,,,,,,,,,,,,,,,,,,,,,,,,,,,,,
COM00696.00,Gold,Mexico,9018.86,7.0,1.0,1169.12,,,,,,,,,,,,,,,,,,,,,,,,,,,,,,,,,,,,,,,,,,,,,,,,,,,,,,,,,,,,,1.0572,1.388074,2.360273,1.487515,0.832785,0.697926,,,,,,,,,,,,,,,,5823.0,5825.0,5827.0,5829.0,5831.0,5833.0,,,,,,,,,,,,,,,,"Gold, Silver","Gold, Silver","Gold, Silver","Gold, Silver","Gold, Silver","Gold, Silver",,,,,,,,,,,,,,,,2.291906,1.914417,2.211256,3.020141,2.966965,3.415652,,,,,,,,,,,,,,,,5.046,7.456,13.778,8.873,5.103,3.77,,,,,,,,,,,,,,,,Me.Ag,Me.Ag,Me.Ag,Me.Ag,Me.Ag,Me.Ag,,,,,,,,,,,,,,,,,,Me.Ag,Me.Ag,Me.Ag,Me.Ag,Me.Ag,Me.Ag,,,,,,,,,,,,,,,,Open pit,Open pit,Open pit,Open pit,Open pit,Open pit,,,,,,,,,,,,,,,,La India,La India,La India,La India,La India,La India,,,,,,,,,,,,,,,,Mine,Mine,Mine,Mine,Mine,Mine,,,,,,,,,,,,,,,,,,,,,,,,,,,,,,,,,,,,,,,475.0,475.0,475.0,475.0,475.0,475.0,,,,,,,,,,,,,,,,O.bulk,O.bulk,O.bulk,O.bulk,O.bulk,O.bulk,,,,,,,,,,,,,,,,,,,,,,,,,,,,,,,,,,,,,,4773190.0,5371419.0,5837404.0,5965250.0,6127526.0,5402415.0,,,,,,,,,,,,,,,,4773190.0,5371419.0,5837404.0,5965250.0,6127526.0,5402415.0,,,,,,,,,,,,,,,48.732830037,,,,,,,,,,,,,,,2.62,,,,,,,,,,,,,,,,48506789.0,43733599.0,38362180.0,32524776.0,26559526.0,20432000.0,,,,,,,,,,,,,,,,,,,,,,,,,,,,,,,,,,,,,,,,,,,,,,,,,,,,,,,,,,
COM00698.00,Gold,Peru,10531.43,11.0,1.0,1224.66,,,,,,,,,,,,,,,,,,,,,,,,,,,,,,,,,,,,,,,,,,,,,,,,,,,,,,,,,29.859338,12.441391,8.35,12.69,8.71,5.97,3.95,6.22,7.46,6.73,,,,,,,,,,,,5835.0,5837.0,5839.0,5841.0,5843.0,5845.0,5847.0,5849.0,5851.0,5853.0,,,,,,,,,,,,"Gold, Silver","Gold, Silver","Gold, Silver","Gold, Silver","Gold, Silver","Gold, Silver","Gold, Silver","Gold, Silver","Gold, Silver","Gold, Silver",,,,,,,,,,,,0.001481,0.059713,0.092148,0.058449,0.065563,0.139524,0.349064,0.196817,0.113185,0.077544,,,,,,,,,,,,1.449,11.318,12.063,12.186,13.136,10.297,6.758,8.736,6.754,3.023,,,,,,,,,,,,Me.Ag,Me.Ag,Me.Ag,Me.Ag,Me.Ag,Me.Ag,Me.Ag,Me.Ag,Me.Ag,Me.Ag,,,,,,,,,,,,,,Me.Ag,Me.Ag,Me.Ag,Me.Au,Me.Ag,Me.Ag,Me.Ag,Me.Ag,Me.Ag,Me.Ag,,,,,,,,,,,,"Open Pit, Carbon-in-column circuit, Merrill-Crowe circuit","Open Pit, Carbon-in-column circuit, Merrill-Crowe circuit","Open Pit, Carbon-in-column circuit, Merrill-Crowe circuit","Open Pit, Carbon-in-column circuit, Merrill-Crowe circuit","Open Pit, Carbon-in-column circuit, Merrill-Crowe circuit","Open Pit, Carbon-in-column circuit, Merrill-Crowe circuit","Open Pit, Carbon-in-column circuit, Merrill-Crowe circuit","Open Pit, Carbon-in-column circuit, Merrill-Crowe circuit","Open Pit, Carbon-in-column circuit, Merrill-Crowe circuit","Open Pit, Carbon-in-column circuit, Merrill-Crowe circuit",,,,,,,,,,,,La Zanja,La Zanja,La Zanja,La Zanja,La Zanja,La Zanja,La Zanja,La Zanja,La Zanja,La Zanja,,,,,,,,,,,,Mine,Mine,Mine,Mine,Mine,Mine,Mine,Mine,Mine,Mine,,,,,,,,,,,,,,,,,,,,,,,,,,,,,,,,,,,479.0,479.0,479.0,478.0,479.0,479.0,479.0,479.0,479.0,479.0,,,,,,,,,,,,O.bulk,O.bulk,O.bulk,O.Au,O.bulk,O.bulk,O.bulk,O.bulk,O.bulk,O.bulk,,,,,,,,,,,,,,,,,,,,,,,,,,,,,,,,,,64047.0,8408399.0,9281699.0,9038561.0,7501654.0,8576614.0,9317652.0,10694942.0,5702881.0,1577645.0,,,,,,,,,,,,64047.0,8408399.0,9281699.0,9038561.0,7501654.0,8576614.0,9317652.0,10694942.0,5702881.0,1577645.0,,,,,,,,,10.267189838091182,,,,,,,,,,,,,,,0.59533998573,,,,,,,,,,,,,,,,,,69146626.0,69082579.0,60674180.0,18534299.105240732,42353920.0,34852266.0,26275652.0,16958000.0,6263058.0,560177.0,,,,,,,,,,,,,,,,,,,,,,,,,,,,,,,,,,,,,,,,,,,,,,,,,,,,,,,,,,
COM00705.00,Gold,Canada,43833.79,9.0,0.0,1008.67,,,,,,,,,,,,,,,,,,,,,,,,,,,,,,,,,,,,,,,,,,,,,,,,,,,,,,,,7.29,8.26,6.62,6.48,6.06,5.59,5.83,4.64,4.24,4.24,,,,,,,,,,,,5881.0,5883.0,5885.0,5887.0,5889.0,5891.0,5893.0,5895.0,5897.0,5899.0,,,,,,,,,,,,Gold,Gold,Gold,Gold,Gold,Gold,Gold,Gold,Gold,Gold,Gold,,,,,,,,,,,0.027592,0.020095,0.030945,0.032881,0.037072,0.043597,0.037307,0.061052,0.068273,0.076176,,,,,,,,,,,,1.489,3.324,3.03,3.005,2.851,2.621,2.574,2.092,1.376,0.963,0.0,,,,,,,,,,,Me.Au,Me.Au,Me.Au,Me.Au,Me.Au,Me.Au,Me.Au,Me.Au,Me.Au,Me.Au,Me.Au,,,,,,,,,,,,,,,,,,,,,,,,,,,,,,,,,,,,,,,,,,,,,,,,,,,,,,,Lapa,Lapa,Lapa,Lapa,Lapa,Lapa,Lapa,Lapa,Lapa,Lapa,Lapa,,,,,,,,,,,Mine,Mine,Mine,Mine,Mine,Mine,Mine,Mine,Mine,Mine,Mine,,,,,,,,,,,,,,,,,,,,,,,,,,,,,,,,,,,,,,,,,,,,,,,,,,,,,,,O.Au,O.Au,O.Au,O.Au,O.Au,O.Au,O.Au,O.Au,O.Au,O.Au,O.Au,,,,,,,,,,,,,,,,,,,,,,,,,,,,,,,,,299430.0,551739.0,620712.0,640306.0,640422.0,638800.0,559926.0,592683.0,398248.0,311013.0,,,,,,,,,,,,299430.0,551739.0,620712.0,640306.0,640422.0,638800.0,559926.0,592683.0,398248.0,311013.0,,,,,,,,,,,,,,,,,,,,,,,,,,,,,,,,,,,,,,,,,,,,,,,,,,,,,,,,,,,,,,,,,,,,,,,,,,,,,,,,,,,,,,,,,,,,,,,,,,,,,,,,,,,,,,
COM00707.00,Gold,Canada,43833.79,33.0,1.0,350.72,,,,,,,,,,,,,,,,,,,,,,,,,,,,,,,,,,,,,,,,,,,,,,,22.585305,39.636746,44.536008,45.767614,59.824091,51.259818,52.561179,52.171903,43.82389,43.640674,39.162721,37.334526,26.973227,25.695259,17.333545,11.585565,12.503361,1.890582,2.76,2.27,,5901.0,5903.0,5905.0,5907.0,5909.0,5911.0,5913.0,5915.0,5917.0,5919.0,5921.0,5923.0,5925.0,5927.0,5929.0,5931.0,5933.0,5936.0,5940.0,5944.0,,"Gold, Silver, Zinc, Copper","Gold, Silver, Zinc, Copper","Gold, Silver, Zinc, Copper","Gold, Silver, Zinc, Copper","Gold, Silver, Zinc, Copper","Gold, Silver, Zinc, Copper","Gold, Silver, Zinc, Copper","Gold, Silver, Zinc, Copper","Gold, Silver, Zinc, Copper","Gold, Silver, Zinc, Copper","Gold, Silver, Zinc, Copper","Gold, Silver, Zinc, Copper","Gold, Silver, Zinc, Copper","Gold, Silver, Zinc, Copper","Gold, Silver, Zinc, Copper","Gold, Silver, Zinc, Copper","Gold, Silver, Zinc, Copper","Gold, Silver, Zinc, Copper","Gold, Silver, Zinc, Copper","Gold, Silver, Zinc, Copper",,0.072509,0.063871,0.067175,0.11724,0.103051,0.125542,0.122759,0.138634,0.151849,0.160753,0.259275,0.382552,0.219507,0.171409,0.111127,0.075606,0.058302,0.04505,0.154461,0.226241,,31.978,71.554,87.43,112.066,161.564,136.957,140.5,139.48,115.638,111.102,101.52,89.84,63.616,59.591,36.146,25.968,28.009,0.015,0.527,1.693,,Me.Ag,Me.Ag,Me.Ag,Me.Ag,Me.Ag,Me.Ag,Me.Ag,Me.Ag,Me.Ag,Me.Ag,Me.Ag,Me.Ag,Me.Ag,Me.Ag,Me.Ag,Me.Ag,Me.Ag,Me.Au,Me.Au,Me.Au,,,,Me.Ag,Me.Ag,Me.Ag,Me.Ag,Me.Ag,Me.Ag,Me.Ag,Me.Ag,Me.Ag,Me.Ag,Me.Ag,Me.Ag,Me.Ag,Me.Ag,Me.Ag,Me.Ag,Me.Ag,Me.Ag,Me.Ag,Me.Ag,,Underground,Underground,Underground,Underground,Underground,Underground,Underground,Underground,Underground,Underground,Underground,Underground,Underground,Underground,Underground,Underground,Underground,Underground,Underground,Underground,,LaRonde Complex,LaRonde Complex,LaRonde Complex,LaRonde Complex,LaRonde Complex,LaRonde Complex,LaRonde Complex,LaRonde Complex,LaRonde Complex,LaRonde Complex,LaRonde Complex,LaRonde Complex,LaRonde Complex,LaRonde Complex,LaRonde Complex,LaRonde Complex,LaRonde Complex,LaRonde Complex,LaRonde Complex,LaRonde Complex,,Mine,Mine,Mine,Mine,Mine,Mine,Mine,Mine,Mine,Mine,Mine,Mine,Mine,Mine,Mine,Mine,Mine,Mine,Mine,Mine,,,,,,,,,,,,,,,,,,,,,,,,,487.0,487.0,487.0,487.0,487.0,487.0,487.0,487.0,487.0,487.0,487.0,487.0,487.0,487.0,487.0,487.0,487.0,487.0,487.0,487.0,,O.bulk,O.bulk,O.bulk,O.bulk,O.bulk,O.bulk,O.bulk,O.bulk,O.bulk,O.bulk,O.bulk,O.bulk,O.bulk,O.bulk,O.bulk,O.bulk,O.bulk,O.Au,O.Au,O.Au,,,,,,,,,,,,,,,,,,,,,,,,1415888.0,1805249.0,1963129.0,2448580.0,2700650.0,2671811.0,2673080.0,2673463.0,2638691.0,2545831.0,2592252.0,2406342.0,2358499.0,2319132.0,2085300.0,2241424.0,2240144.0,7709.0,224643.0,869568.0,,1415888.0,1805249.0,1963129.0,2448580.0,2700650.0,2671811.0,2673080.0,2673463.0,2638691.0,2545831.0,2592252.0,2406342.0,2358499.0,2319132.0,2085300.0,2241424.0,2240144.0,7709.0,224643.0,869568.0,,,,,,,,,,,,,,,249.305705262,,,,,,,,,,,,,,,18.33,,59053647.0,57637759.0,55832510.0,53869381.0,51420801.0,48720151.0,46048340.0,43375260.0,40701797.0,38063106.0,35517275.0,32925023.0,30518681.0,28160182.0,25841050.0,23755750.0,21514326.0,19274182.0,17028068.0,14920000.0,,,,,,,,,,,,,,,,,,,,,,,,,,,,,,,,,,,,,,,,,,,,,,,,,,,,,,,,,,
COM00709.00,Iron,Mexico,9018.86,45.0,1.0,151.7,,,,,,,,,,,,,,,,,,,,,,,,,,,,,,,,,,,,,,,,,,,,,,,,,,,,,,,,,,650000.0,650000.0,650000.0,650000.0,650000.0,650000.0,650000.0,650000.0,650000.0,,,,,,,,,,,,,5955.0,5956.0,5957.0,5958.0,5959.0,5960.0,5961.0,5962.0,5963.0,,,,,,,,,,Iron,Iron,Iron,Iron,Iron,Iron,Iron,Iron,Iron,Iron,Iron,Iron,,,,,,,,,,,,,0.0,0.0,0.0,0.0,0.0,0.0,0.0,0.0,0.0,,,,,,,,,,,,,1690000.0,1904500.0,1690000.0,1625000.0,1170000.0,910000.0,1040000.0,715000.0,910000.0,,,,,,,,,,,,,Me.Fe,Me.Fe,Me.Fe,Me.Fe,Me.Fe,Me.Fe,Me.Fe,Me.Fe,Me.Fe,,,,,,,,,,,,,,,,,,,,,,,,,,,,,,,,,Open pit,Open pit,Open pit,Open pit,Open pit,Open pit,Open pit,Open pit,Open pit,Open pit,Open pit,Open pit,,,,,,,,,,Las Truchas,Las Truchas,Las Truchas,Las Truchas,Las Truchas,Las Truchas,Las Truchas,Las Truchas,Las Truchas,Las Truchas,Las Truchas,Las Truchas,,,,,,,,,,Mine,Mine,Mine,Mine,Mine,Mine,Mine,Mine,Mine,Mine,Mine,Mine,,,,,,,,,,,,,,,,,,,,,,,,,,,,,,,,,,,,,,,,,,,,,,,,,,,,,,Con.Fe,Con.Fe,Con.Fe,Con.Fe,Con.Fe,Con.Fe,Con.Fe,Con.Fe,Con.Fe,Con.Fe,Con.Fe,Con.Fe,,,,,,,,,,,2300000.0,1300000.0,2100000.0,2600000.0,2930000.0,2600000.0,2500000.0,1800000.0,1400000.0,1600000.0,1100000.0,1400000.0,,,,,,,,,,,,,,,,,,,,,,,,,,,,,,,,,,,,,,,,,,,,,,,,,,,,,,,,,,,,,,,,,,,,,,,,,,,,,,,,,,,,,,,,,,,,,,,,,,,,,,,,,,,,,,,,,,,,,,,,,,,,,,,,,,,,,,,,,,,,,,,,,,,,,,,
COM00714.00,Iron,Russian Federation,11616.07,49.0,1.0,44.57,,,,,,,,,,,,,,,,,,,,,,,,,,,,,,,,,,,,,,,,,,,,,,,,,,,,,,,,,,,,,,,,,,,,,,,,,,,,,,,,,,,,,,,,,,,,,"Iron, Iron ore, Iron ore pellets, Hot briquetted Iron","Iron, Iron ore, Iron ore pellets, Hot briquetted Iron","Iron, Iron ore, Iron ore pellets, Hot briquetted Iron","Iron, Iron ore, Iron ore pellets, Hot briquetted Iron","Iron, Iron ore, Iron ore pellets, Hot briquetted Iron",,"Iron, Iron ore, Iron ore pellets, Hot briquetted Iron","Iron, Iron ore, Iron ore pellets, Hot briquetted Iron","Iron, Iron ore, Iron ore pellets, Hot briquetted Iron","Iron, Iron ore, Iron ore pellets, Hot briquetted Iron","Iron, Iron ore, Iron ore pellets, Hot briquetted Iron","Iron, Iron ore, Iron ore pellets, Hot briquetted Iron","Iron, Iron ore, Iron ore pellets, Hot briquetted Iron","Iron, Iron ore, Iron ore pellets, Hot briquetted Iron","Iron, Iron ore, Iron ore pellets, Hot briquetted Iron","Iron, Iron ore, Iron ore pellets, Hot briquetted Iron",,,,,,,,,,,,,,,,,,,,,,,,,,,,,,,,,,,,,,,,,,,,,,,,,,,,,,,,,,,,,,,,,,,,,,,,,,,,,,,,,,,,,,,,,,,,Open pit,Open pit,Open pit,Open pit,Open pit,,Open pit,Open pit,Open pit,Open pit,Open pit,Open pit,Open pit,Open pit,Open pit,Open pit,,,,,,Lebedinsky GOK,Lebedinsky GOK,Lebedinsky GOK,Lebedinsky GOK,Lebedinsky GOK,,Lebedinsky GOK,Lebedinsky GOK,Lebedinsky GOK,Lebedinsky GOK,Lebedinsky GOK,Lebedinsky GOK,Lebedinsky GOK,Lebedinsky GOK,Lebedinsky GOK,Lebedinsky GOK,,,,,,"Mine, Refinery","Mine, Refinery","Mine, Refinery","Mine, Refinery","Mine, Refinery",,"Mine, Refinery","Mine, Refinery","Mine, Refinery","Mine, Refinery","Mine, Refinery","Mine, Refinery","Mine, Refinery","Mine, Refinery","Mine, Refinery","Mine, Refinery",,,,,,,,,,,,,,,,,,,,,,,,,,,,,,,,,,,,,,,,,,,,,,,,,,Con.Fe,Con.Fe,Con.Fe,Con.Fe,Con.Fe,,Con.Fe,Con.Fe,Con.Fe,Con.Fe,Con.Fe,Con.Fe,Con.Fe,Con.Fe,Con.Fe,Con.Fe,,,,,,,20074000.0,20564000.0,21012400.0,21007000.0,19732000.0,,19829000.0,21765000.0,21209000.0,20262000.0,20505000.0,21151000.0,21777000.0,21851000.0,21867000.0,21813000.0,,,,,,,,,,,,,,,,,,,,,,,,,,,,,,,,,,,,,,,,,,,,,,,,,,,,,,,,,,,,,,,,,,,,,,,,,,,,,,,,,,,,,,,,,,,,,,,,,,,,,,,,,,,,,,,,,,,,,,,,,,,,,,,,,,,,,,,,,,,,,,,,,,,,,,,
COM00715.00,Coal,United States of America,55819.0,8.0,1.0,65.81,,,,,,,,,,,,,,,,,,,2449440.0,2630880.0,3719520.0,2903040.0,3175200.0,3719520.0,,,,,,,,,,,,,,,,2449440.0,2630880.0,3719520.0,2903040.0,3175200.0,3719520.0,,,,,,,,,,,,,,,,,,,,,,,,,,,,,,,,,,,,,,,,,,,,,,,,,,,,,,,,,,Metallurgical coal,Metallurgical coal,Metallurgical coal,Metallurgical coal,Metallurgical coal,Metallurgical coal,,,,,,,,,,,,,,,,,,,,,,,,,,,,,,,,,,,,,,,,,,,,,,,,,,,,,,,,,,,,,,,,,,,,,,,,,,,,,,,,,,,,,,,,,,,,,,,,,,,,,,Underground,Underground,Underground,Underground,Underground,Underground,,,,,,,,,,,,,,,,Leer,Leer,Leer,Leer,Leer,Leer,,,,,,,,,,,,,,,,Mine,Mine,Mine,Mine,Mine,Mine,,,,,,,,,,,,,,,,,,,,,,,,,,,,,,,,,,,,,,,497.0,497.0,497.0,497.0,497.0,497.0,,,,,,,,,,,,,,,,F.coc,F.coc,F.coc,F.coc,F.coc,F.coc,,,,,,,,,,,,,,,,,,,,,,,,,,,,,,,,,,,,,,,,,,,,,,,,,,,,,,,,,,,,,,,,,,,,,,,,,,,,,,,,,,,,,,,,,,,,,,,,,,,,,,,,,,,,,,58695840.0,56246400.0,53615520.0,49896000.0,46992960.0,43817760.0,,,,,,,,,,,,,,,,,,,,,,,,,,,,,,,,,,,,,,,,,,,,,,,,,,,,,,,,,,
COM00719.00,Other (poly)-metallic,Australia,56861.95,42.0,1.0,,,,,,,,,,,,,,,,,,,,,,,,,,,,,,,,,,,,,,,,,,,,,,,,,,,,,,,,,,,,,,,,,,,,,,,,,,,,,,,,,,,,,,,,,,,,,,,,,,,,,,,,,,,,Nickel,Nickel,,,,,,,,,,,,,,,,,,,,,,,,,,,,,,,,,,,,,,,,,,,,,,,,,,,,,,,,,,,,,,,,,,,,,,,,,,,,,,,,,,,,,,Me.Ni,,,,,,,,,,,,,,,,,,,,"Open Pit, Underground","Open Pit, Underground",,,,,,,,,,,,,,,,,,,,Leinster,Leinster,,,,,,,,,,,,,,,,,,,,Mine,Mine,,,,,,,,,,,,,,,,,,,,,,,,,,,,,,,,,,,,,,,,,,,,499.0,,,,,,,,,,,,,,,,,,,,Con.Ni,Con.Ni,,,,,,,,,,,,,,,,,,,,,299400.0,244200.0,,,,,,,,,,,,,,,,,,,,,,,,,,,,,,,,,,,,,,,,,,,,,,,,,,,,,,,,,,,,,,,,,,,,,,,,,,,,,,,,,,,,,,,,,,,,,9400000.0,,,,,,,,,,,,,,,,,,,,,,,,,,,,,,,,,,,,,,,,,,,,,,,,,,,,,,,,,,
COM00721.00,Gold,Australia,56861.95,13.0,1.0,1008.67,,,,,,,,,,,,,,,,,,,,,,,,,,,,,,,,,,,,,,,,,,,,,,,,,,,,,,,,3.3,5.6,6.21308,7.30946,6.446472,7.206902,7.816028,8.928497,10.3,12.0,9.602908,6.125351,,,,,,,,,,5990.0,5992.0,5994.0,5996.0,5998.0,6000.0,6002.0,6004.0,6006.0,6008.0,6010.0,6012.0,,,,,,,,,,Gold,Gold,Gold,Gold,Gold,Gold,Gold,Gold,Gold,Gold,Gold,Gold,,,,,,,,,,0.94,0.95,0.959489,0.962925,0.95758,0.957519,0.958332,0.95967,0.97,0.98,0.98,0.97,,,,,,,,,,2.575,3.395,4.298,7.51,7.514,8.864,9.262,8.592,8.243,8.348,8.118,6.782,,,,,,,,,,Me.Au,Me.Au,Me.Au,Me.Au,Me.Au,Me.Au,Me.Au,Me.Au,Me.Au,Me.Au,Me.Au,Me.Au,,,,,,,,,,,,Me.Au,Me.Au,Me.Au,Me.Au,Me.Au,Me.Au,Me.Au,Me.Au,Me.Au,Me.Au,Me.Au,Me.Au,,,,,,,,,,"Underground, Open pit, Carbon in Pulp circuit","Underground, Open pit, Carbon in Pulp circuit","Underground, Open pit, Carbon in Pulp circuit","Underground, Open pit, Carbon in Pulp circuit","Underground, Open pit, Carbon in Pulp circuit","Underground, Open pit, Carbon in Pulp circuit","Underground, Open pit, Carbon in Pulp circuit","Underground, Open pit, Carbon in Pulp circuit","Underground, Open pit, Carbon in Pulp circuit","Underground, Open pit, Carbon in Pulp circuit","Underground, Open pit, Carbon in Pulp circuit","Underground, Open pit, Carbon in Pulp circuit",,,,,,,,,,Leonora,Leonora,Leonora,Leonora,Leonora,Leonora,Leonora,Leonora,Leonora,Leonora,Leonora,Leonora,,,,,,,,,,Mine,Mine,Mine,Mine,Mine,Mine,Mine,Mine,Mine,Mine,Mine,Mine,,,,,,,,,,,,,,,,,,,,,,,,,,,,,,,,,500.0,500.0,500.0,500.0,500.0,500.0,500.0,500.0,500.0,500.0,500.0,500.0,,,,,,,,,,O.Au,O.Au,O.Au,O.Au,O.Au,O.Au,O.Au,O.Au,O.Au,O.Au,O.Au,O.Au,,,,,,,,,,,,,,,,,,,,,,,,,,,,,,,,676750.0,621930.0,713365.0,1119675.0,1166000.0,1283000.0,1359000.0,924000.0,790000.0,679000.0,1028355.0,1264121.0,,,,,,,,,,835843.0,632573.0,698317.0,1169581.0,1274000.0,1365000.0,1323000.0,1027000.0,828000.0,711000.0,652000.0,771000.0,,,,,,,,,,,,,,,96.700222953,,,,,,,,,,,,,,,2.3273463949500908,,,,,,,,,,56144075.0,55467325.0,54845395.0,54132030.0,53012355.0,51846355.0,50563355.0,49204355.0,48280355.0,47490355.0,46811355.0,45783000.0,,,,,,,,,,,,,,,,,,,,,,,,,,,,,,,,,,,,,,,,,,,,,,,,,,,,,,,,,
COM00721.02,Gold,Australia,56861.95,13.0,1.0,1808.23,,,,,,,,,,,,,,,,,,,,,,,,,,,,,,,,,,,,,,,,,,,,,,,,,,,,,,,,,,,,,,,,,,,,,,,,,,,,,,,,,,,,,,,,,,,,,,,,,,,,,,,,,,,,,Gold,,,,,,,,,,,,,,,,,,,,,,,,,,,,,,,,,,,,,,,,,,,,,,,,,,,,,,,,,,,,,,,,,,,,,,,,,,,,,,,,,,,,,,,,,,,,,,,,,,,,,,,,,,,"Underground, Open pit",,,,,,,,,,,,,,,,,,,,,Leonora,,,,,,,,,,,,,,,,,,,,,Mine,,,,,,,,,,,,,,,,,,,606.0,,,,,,,,,,,,,,,,,,,,,,,,,,,,,,,,,,,,,,,,,,,,,,,,,,,,,,,,,,,,,,,,,,,,,,,,,,,,,,,,,,,,,,,,,,,,,,,,,,,,,,,,,,,,,,,,,,,,,,,,,,,,,,,,,,,,,,,,,,,,,,,,,,,,,,,,,,,,,,,,,,,,,,,,,,,,,,,,,,,,1075000.0,,,,,,,,,,,,,,,,,,,Waste rock,,,,,,,,,,,,,,,,,,,347000.0
COM00723.00,Coal,United States of America,55819.0,4.0,0.0,69.16,,,,,,,,,,,,,,,,,,,,,272160.0,362880.0,,,,,,,,,,,,,,,,,,,,272160.0,362880.0,,,,,,,,,,,,,,,,,,,,,,,,,,,,,,,,,,,,,,,,,,,,,,,,,,,,,,,,,,,,,,Lignite,Lignite,,,,,,,,,,,,,,,,,,,,,,,,,,,,,,,,,,,,,,,,,,,,,,,,,,,,,,,,,,,,,,,,,,,,,,,,,,,,,,,,,,,,,,,,,,,,,,,,,,,,,,,,,,Surface,Surface,,,,,,,,,,,,,,,,,,,,Liberty,Liberty,,,,,,,,,,,,,,,,,,,,Mine,Mine,,,,,,,,,,,,,,,,,,,,,,,,,,,,,,,,,,,,,,,,,,,,,,,,,,,,,,,,,,,,,,,,F.lig,F.lig,,,,,,,,,,,,,,,,,,,,,,,,,,,,,,,,,,,,,,,,,,,,,,,,,,,,,,,,,,,,,,,,,,,,,,,,,,,,,,,,,,,,,,,,,,,,,,,,,,,,,,,,,,,,,,,,,,,,,,,,,,,,,,,,,,,,,,,,,,,,,,,,,,,,,,,,,,,,,,,,,,,,,,,,,,,,,,,
COM00728.00,Iron,Kazakhstan,12877.81,52.0,1.0,151.08,,,,,,,,,,,,,,,,,,,,,,,,,,,,,,,,,,,,,,,,,,,,,,,,,,,,,,,,,,575000.0,575000.0,575000.0,575000.0,575000.0,575000.0,550000.0,550000.0,550000.0,,,,,,,,,,,,,6027.0,6028.0,6029.0,6030.0,6031.0,6032.0,6033.0,6034.0,6035.0,,,,,,,,,,,,,Iron,Iron,Iron,Iron,Iron,Iron,Iron,Iron,Iron,,,,,,,,,,,,,0.0,0.0,0.0,0.0,0.0,0.0,0.0,0.0,0.0,,,,,,,,,,,,,1035000.0,1305250.0,1207500.0,920000.0,517500.0,402500.0,385000.0,385000.0,495000.0,,,,,,,,,,,,,Me.Fe,Me.Fe,Me.Fe,Me.Fe,Me.Fe,Me.Fe,Me.Fe,Me.Fe,Me.Fe,,,,,,,,,,,,,,,,,,,,,,,,,,,,,,,,,,,,Open pit,Open pit,Open pit,Open pit,Open pit,Open pit,Open pit,Open pit,Open pit,,,,,,,,,,,,,Lisakovsk,Lisakovsk,Lisakovsk,Lisakovsk,Lisakovsk,Lisakovsk,Lisakovsk,Lisakovsk,Lisakovsk,,,,,,,,,,,,,Mine,Mine,Mine,Mine,Mine,Mine,Mine,Mine,Mine,,,,,,,,,,,,,,,,,,,,,,,,,,,,,,,,,,,,,,,,,,,,,,,,,,,,,,,,,Con.Fe,Con.Fe,Con.Fe,Con.Fe,Con.Fe,Con.Fe,Con.Fe,Con.Fe,Con.Fe,,,,,,,,,,,,,,1800000.0,2270000.0,2100000.0,1600000.0,900000.0,700000.0,700000.0,700000.0,900000.0,,,,,,,,,,,,,,,,,,,,,,,,,,,,,,,,,,,,,,,,,,,,,,,,,,,,,,,,,,,,,,,,,,,,,,,,,,,,,,,,,,,,,,,,,,,,,,,,,,,,,,,,,,,,,,,,,,,,,,,,,,,,,,,,,,,,,,,,,,,,,,,,,,,,,,,
COM00739.00,Gold,United States of America,55819.0,5.0,1.0,1328.29,,,,,,,,,,,,,,,,,,,,,,,,,,,,,,,,,,,,,,,,,,,,,,,,,,,,,,,,,,,,,,,1.332428,1.700971,1.247379,,,,,,,,,,,,,,,,,,,,,,,,,,,,,,,,,,,,,,,,Gold,Gold,Gold,,,,,,,,,,,,,,,,,,,,,,,,,,,,,,,,,,,,,,,,0.624,4.933,4.819,,,,,,,,,,,,,,,,,,,Me.Au,Me.Au,Me.Au,,,,,,,,,,,,,,,,,,,,,Me.Au,Me.Au,Me.Au,,,,,,,,,,,,,,,,,,,"Open pit, Leaching plant","Open pit, Leaching plant","Open pit, Leaching plant",,,,,,,,,,,,,,,,,,,Long Canyon,Long Canyon,Long Canyon,,,,,,,,,,,,,,,,,,,Mine,Mine,Mine,,,,,,,,,,,,,,,,,608.0,609.0,610.0,,,,,,,,,,,,,,,,,,,,,,,508.0,508.0,508.0,,,,,,,,,,,,,,,,,,,O.Au,O.Au,O.Au,,,,,,,,,,,,,,,,,,,,,,,,,,,,,,,,,,,,,,,,,647741.0,3968093.0,4848984.0,,,,,,,,,,,,,,,,,,,647741.0,3968093.0,4848984.0,,,,,,,,,,,,,,30.333989610000003,,,,,,,,,,,,,,,1.38912663337,,,,,,,,,,,,,,,,,,,,22247741.0,21600000.0,16751016.0,,,,,,,,,,,,,,,,,3428308.8000000003,31853606.4,34554340.800000004,,,,,,,,,,,,,,,,,Waste rock,Waste rock,Waste rock,,,,,,,,,,,,,,,,,2780568.0,27885513.6,29705356.8,,
COM00745.00,Iron,Chile,14122.0,23.0,1.0,151.08,,,,,,,,,,,,,,,,,,,,,,,,,,,,,,,,,,,,,,,,,,,,,,,,,,,,,,,,,,,,,,,,,,,,,,,,,,,,,,,,,,,,,,,,,,,,,,,,,,,,Iron ore,Iron ore,Iron ore,Iron ore,Iron ore,Iron ore,Iron ore,Iron ore,Iron ore,Iron ore,,,,,,,,,,,,,,,,,,,,,,,,,,,,,,,,,,,,,,,,,,,,,,,,,,,,,,,,,,,,,,,,,,,,,,,,,,,,,Me.Fe,Me.Fe,Me.Fe,Me.Fe,Me.Fe,Me.Fe,Me.Fe,Me.Fe,Me.Fe,Me.Fe,,,,,,,,,,,,,,,,,,,,,,,,,,,,,,,,,Los Colorados,Los Colorados,Los Colorados,Los Colorados,Los Colorados,Los Colorados,Los Colorados,Los Colorados,Los Colorados,Los Colorados,,,,,,,,,,,,Mine,Mine,Mine,Mine,Mine,Mine,Mine,Mine,Mine,Mine,,,,,,,,,,618.0,619.0,620.0,621.0,622.0,623.0,624.0,625.0,626.0,,,,,,,,,,,,,,,,,510.0,510.0,510.0,510.0,510.0,510.0,510.0,510.0,510.0,510.0,,,,,,,,,,,,O.Fe,O.Fe,O.Fe,O.Fe,O.Fe,O.Fe,O.Fe,O.Fe,O.Fe,O.Fe,,,,,,,,,,,,,,,,,,,,,,,,,,,,,,,,,,10563000.0,10336000.0,10750000.0,13613000.0,13945000.0,13804000.0,13078000.0,11064000.0,5813000.0,,,,,,,,,,,,,10563000.0,10336000.0,10750000.0,13613000.0,13945000.0,13804000.0,13078000.0,11064000.0,5813000.0,,,,,,,,,,,,,,,,,,,,,,,,,,,,,,,,,,,,,,,,,,,510766000.0,500203000.0,489867000.0,479117000.0,465504000.0,451559000.0,437755000.0,424677000.0,413613000.0,407800000.0,,,,,,,,,,77712000.0,83120000.0,80641000.0,72397000.0,68423000.0,60781000.0,63778000.0,74567000.0,46668000.0,,,,,,,,,,,,,,,,,,,,,,,,,,,,,,,,,,,,,,,
COM00746.00,Gold,Mexico,9018.86,13.0,1.0,730.09,,,,,,,,,,,,,,,,,,,,,,,,,,,,,,,,,,,,,,,,,,,,,,,,,,,,,,15.780777,0.62,0.62,0.67,0.74,0.69,0.7,0.67,0.76,,,,,,,,,,,,,6195.0,6197.0,6199.0,6201.0,6203.0,6205.0,6207.0,6209.0,6211.0,,,,,,,,,,,,,Gold,Gold,Gold,Gold,Gold,Gold,Gold,Gold,Gold,,,,,,,,,,,,,,0.39,0.42,0.44,0.47,0.48,0.49,0.49,0.58,,,,,,,,,,,,,2.233,6.643,7.442,9.52,10.465,10.586,10.338,8.046,8.487,,,,,,,,,,,,,Me.Au,Me.Au,Me.Au,Me.Au,Me.Au,Me.Au,Me.Au,Me.Au,Me.Au,,,,,,,,,,,,,,,,,,,,,,,,,,,,,,,,,,,,"Open pit, Underground","Open pit, Underground","Open pit, Underground","Open pit, Underground","Open pit, Underground","Open pit, Underground","Open pit, Underground","Open pit, Underground","Open pit, Underground",,,,,,,,,,,,,Los Filos,Los Filos,Los Filos,Los Filos,Los Filos,Los Filos,Los Filos,Los Filos,Los Filos,,,,,,,,,,,,,Mine,Mine,Mine,Mine,Mine,Mine,Mine,Mine,Mine,,,,,,,,,,,,627.0,628.0,629.0,630.0,631.0,632.0,633.0,634.0,,,,,,,,,,,,,,,,,,,,,,,,,,,,,,,,,,,,,,O.Au,O.Au,O.Au,O.Au,O.Au,O.Au,O.Au,O.Au,O.Au,,,,,,,,,,,,,,,,,,,,,,,,,,,,,,,,,,,141500.0,22209500.0,25093600.0,27499700.0,26271800.0,29328600.0,27682200.0,23262100.0,18738100.0,,,,,,,,,,,,,141500.0,22180100.0,25424400.0,28055300.0,26565800.0,29589000.0,28113300.0,23264300.0,18606700.0,,,,,,,,,,,,,,,,,,,,,,,,,,,,,,,,,,,,,,,,,,,,,,,,,,,,,,,,,,,,,,,,,,,,,,,,,,,,,,,,,,Waste rock,Waste rock,Waste rock,Waste rock,Waste rock,Waste rock,Waste rock,Waste rock,,,,,,,,,,,,22556000.0,28655300.0,31644900.0,39663300.0,41172700.0,45805200.0,37360600.0,43862000.0,,,,,
COM00747.00,Copper,Chile,14122.0,22.0,1.0,2279.37,,,,,,,,,,,,,,,,,,,,,,,,,,,,,,,,,,,,,,,,,,,,,,,9800.0,10500.0,9100.0,9100.0,8800.0,8000.0,8100.0,7100.0,7600.0,7400.0,7600.0,7400.0,0.02434,0.027267,0.032143,0.026041,0.031654,0.029214,0.031849,0.030318,,6214.0,6217.0,6220.0,6223.0,6226.0,6229.0,6232.0,6235.0,6238.0,6241.0,6242.0,6245.0,6249.0,6251.0,6253.0,6255.0,6257.0,6259.0,6261.0,6263.0,,"Copper, Molybdenum, Gold, Silver","Copper, Molybdenum, Gold, Silver","Copper, Molybdenum, Gold, Silver","Copper, Molybdenum, Gold, Silver","Copper, Molybdenum, Gold, Silver","Copper, Molybdenum, Gold, Silver","Copper, Molybdenum, Gold, Silver","Copper, Molybdenum, Gold, Silver","Copper, Molybdenum, Gold, Silver","Copper, Molybdenum, Gold, Silver","Copper, Molybdenum, Gold, Silver","Copper, Molybdenum, Gold, Silver","Copper, Molybdenum, Gold, Silver","Copper, Molybdenum, Gold, Silver","Copper, Molybdenum, Gold, Silver","Copper, Molybdenum, Gold, Silver","Copper, Molybdenum, Gold, Silver","Copper, Molybdenum, Gold, Silver","Copper, Molybdenum, Gold, Silver","Copper, Molybdenum, Gold, Silver",,0.924,0.924,0.911,0.899,0.891,0.892,0.887,0.923,0.921,0.921,0.9,0.897,0.903,0.9,0.894,0.879,0.886,0.89,0.88,0.878,,309500.0,373800.0,335500.0,337800.0,362600.0,333800.0,335200.0,300100.0,351100.0,322600.0,1.092,1.238,1.602,1.764,2.068,1.599,1.798,1.723,1.966,1.857,,Me.Cu,Me.Cu,Me.Cu,Me.Cu,Me.Cu,Me.Cu,Me.Cu,Me.Cu,Me.Cu,Me.Cu,Me.Au,Me.Au,Me.Au,Me.Au,Me.Au,Me.Au,Me.Au,Me.Au,Me.Au,Me.Au,,,,Me.Au,Me.Au,Me.Au,Me.Au,Me.Au,Me.Au,Me.Au,Me.Au,Me.Au,Me.Au,Me.Au,Me.Au,Me.Au,Me.Au,Me.Au,Me.Au,Me.Au,Me.Au,Me.Au,Me.Au,,,,,,,,,,,,,,,,,,,,,,,Los Pelambres,Los Pelambres,Los Pelambres,Los Pelambres,Los Pelambres,Los Pelambres,Los Pelambres,Los Pelambres,Los Pelambres,Los Pelambres,Los Pelambres,Los Pelambres,Los Pelambres,Los Pelambres,Los Pelambres,Los Pelambres,Los Pelambres,Los Pelambres,Los Pelambres,Los Pelambres,,Mine,Mine,Mine,Mine,Mine,Mine,Mine,Mine,Mine,Mine,Mine,Mine,Mine,Mine,Mine,Mine,Mine,Mine,Mine,Mine,,,,,,,,,,,,,,,,,,,,,,,,,511.0,511.0,511.0,511.0,511.0,511.0,511.0,511.0,511.0,511.0,511.0,511.0,511.0,511.0,511.0,511.0,511.0,511.0,511.0,511.0,,Con.Cu,Con.Cu,Con.Cu,Con.Cu,Con.Cu,Con.Cu,Con.Cu,Con.Cu,Con.Cu,Con.Cu,Con.Cu,Con.Cu,O.Cu,O.Cu,O.Cu,O.Cu,O.Cu,O.Cu,O.Cu,O.Cu,,,714500.0,856900.0,811800.0,826500.0,948800.0,865100.0,842600.0,872100.0,1135200.0,951100.0,1160700.0,1228000.0,,,,,,,,,,33981500.0,38215500.0,40332500.0,41354500.0,45953500.0,46756500.0,46501000.0,46099500.0,49932000.0,47158000.0,58181000.0,64459000.0,65809500.0,64678000.0,64349500.0,61393000.0,56794000.0,58984000.0,61721500.0,61247000.0,,33981500.0,38215500.0,40332500.0,41354500.0,45953500.0,46756500.0,46501000.0,46099500.0,49932000.0,47158000.0,58181000.0,64459000.0,65809500.0,64678000.0,64349500.0,61393000.0,56794000.0,58984000.0,61721500.0,61247000.0,,,,,,,,,,,,,,,,,,,,,,,,,,,,,,,,2064654000.0,2030672500.0,1992457000.0,1952124500.0,1910770000.0,1864816500.0,1818060000.0,1771559000.0,1725459500.0,1675527500.0,1628369500.0,1570188500.0,1505729500.0,1439920000.0,1375242000.0,1310892500.0,1249499500.0,1192705500.0,1133721500.0,1072000000.0,,,,,,,,,,,,,,,,,,,,,,,,,,,,,,,,,,,,,,,,,,,,,,,,,,,,,,,,,,
COM00748.00,Other mine,Mali,1533.0,16.0,1.0,,,,,,,,,,,,,,,,,,,,,,,,,,,,,,,,,,,,,,,,,,,,,,,,,,,,,,,,,,,,,,,,,,,,,,,,,,,,,,,,,,,,,,,,,,,,,,,,,,,,,,,,,,,,Gold,,,,,,,,,,,,,,,,,,,,,,,,,,,,,,,,,,,,,,,,,,,,,,,,,,,,,,,,,,,,,,,,,,,,,,,,,,,,,,,,,,,,,,Me.Au,,,,,,,,,,,,,,,,,,,,,"Open pit, Underground",,,,,,,,,,,,,,,,,,,,,Loulo - Gounkoto,,,,,,,,,,,,,,,,,,,,,Mine,,,,,,,,,,,,,,,,,,,,,,,,,,,,,,,,,,,,,,,,,,,,514.0,,,,,,,,,,,,,,,,,,,,,O.Au,,,,,,,,,,,,,,,,,,,,,,,,,,,,,,,,,,,,,,,,,,,,,,,,,,,,,,,,,,,,,,,,,,,,,,,,,,,,,,,238.135994292,,,,,,,,,,,,,,,,,,,,,,,,,,,,,,,,,,,,,,,,,,,,,,,,,,,,,,,,,,,,,,,,,,,,,,,,,,,,,,,,,,,,,,,,,,,,,,,
COM00750.00,Coal,United States of America,55819.0,65.0,1.0,33.2,,,,,0.0,997920.0,0.0,0.0,4354560.0,5806080.0,5806080.0,5987520.0,4717440.0,5443200.0,5352480.0,90720.0,5261760.0,,,,,,,,,0.0,997920.0,0.0,0.0,4354560.0,5806080.0,5806080.0,5987520.0,4717440.0,5443200.0,5352480.0,90720.0,5261760.0,,,,,,,,,,,,,,,,,,,,,,,,,,,,,,,,,,,,,,,,,,,,,,,,,,,"Thermal coal, Metallurgical coal","Thermal coal, Metallurgical coal","Thermal coal, Metallurgical coal","Thermal coal, Metallurgical coal","Thermal coal, Metallurgical coal","Thermal coal, Metallurgical coal","Thermal coal, Metallurgical coal","Thermal coal, Metallurgical coal","Thermal coal, Metallurgical coal","Thermal coal, Metallurgical coal","Thermal coal, Metallurgical coal","Thermal coal, Metallurgical coal","Thermal coal, Metallurgical coal",,,,,,,,,,,,,,,,,,,,,,,,,,,,,,,,,,,,,,,,,,,,,,,,,,,,,,,,,,,,,,,,,,,,,,,,,,,,,,,,,,,,,,,,,,,,,,,Underground,Underground,Underground,Underground,Underground,Underground,Underground,Underground,Underground,Underground,Underground,Underground,Underground,,,,,,,,,Loveridge,Loveridge,Loveridge,Loveridge,Loveridge,Loveridge,Loveridge,Loveridge,Loveridge,Loveridge,Loveridge,Loveridge,Loveridge,,,,,,,,,Mine,Mine,Mine,Mine,Mine,Mine,Mine,Mine,Mine,Mine,Mine,Mine,Mine,,,,,,,,,,,,,,,,,,,,,,,,,,,,,,,,,,,,,,,,,,,,,,,,,,,,,F.coal,F.coal,F.coal,F.coal,F.coal,F.coal,F.coal,F.coal,F.coal,F.coal,F.coal,F.coc,F.coal,,,,,,,,,,,,,,,,,,,,,,,,,,,,,,,,,,,,,,,,,,,,,,,,,,,,,,,,,,,,,,,,,,,,,,,,,,,,,,,,,,,,,,,,,,,,,,,,,,,,,,,,,,,,,,,,,,,,,,,,,,,,,,,,,,,,,,,,,,,,,,,,,,,,,,,,,,,,,,,,,,,,,,,,,,,,,,,,,,,,
COM00751.00,Copper,Zambia,4514.4,8.0,1.0,6680.73,,,,,,,,,,,,,,,,,,,,,,,,,,,,,,,,,,,,,,,,,,,,,,,,,,,,,,,,,,,,19200.0,19500.0,19300.0,20100.0,21300.0,,,,,,,,,,,,,,,,,6269.0,6272.0,6275.0,6278.0,6281.0,,,,,,,,,,,,,,,,,Copper,Copper,Copper,Copper,Copper,,,,,,,,,,,,,,,,,0.714,0.776,0.811,0.815,0.846,,,,,,,,,,,,,,,,,14871.0,23791.0,25839.0,20973.0,18299.0,,,,,,,,,,,,,,,,,Me.Cu,Me.Cu,Me.Cu,Me.Cu,Me.Cu,,,,,,,,,,,,,,,,,,,Me.Cu,Me.Cu,Me.Cu,Me.Cu,Me.Cu,,,,,,,,,,,,,,,,,Underground,Underground,Underground,Underground,Underground,,,,,,,,,,,,,,,,,Lubambe,Lubambe,Lubambe,Lubambe,Lubambe,,,,,,,,,,,,,,,,,Mine,Mine,Mine,Mine,Mine,,,,,,,,,,,,,,,,,,,,,,,,,,,,,,,,,,,,,,,,515.0,515.0,515.0,515.0,515.0,,,,,,,,,,,,,,,,,Con.Cu,Con.Cu,Con.Cu,Con.Cu,Con.Cu,,,,,,,,,,,,,,,,,,40331.0,57009.0,61902.0,51391.0,44680.0,,,,,,,,,,,,,,,,,1000000.0,1439000.0,1599000.0,1221000.0,1005000.0,,,,,,,,,,,,,,,,,1047000.0,1558000.0,1650000.0,1277000.0,1013000.0,,,,,,,,,,,,,,,,,,,,,,,,,,,,,,,,,,,,,,,,,,,,,,,49438000.0,48438000.0,46999000.0,45400000.0,44395000.0,,,,,,,,,,,,,,,,,,,,,,,,,,,,,,,,,,,,,,,,,,,,,,,,,,,,,,,,,,,,
COM00752.00,Copper,Poland,24382.55,49.0,1.0,5176.96,,,,,,,,,,,,,,,,,,,,,,,,,,,,,,,,,,,,,,,,,,,,,,,,,,,,,,,,,,,,,,,,,,,,,,,,,,,,,,,,,,,,,,,,,,,,,,,,,,,,,,,,,"Copper, Silver, Lead, Gold","Copper, Silver, Lead, Gold","Copper, Silver, Lead, Gold",,,,,,,,,,,,,,,,,,,,,,,,,,,,,,,,,,,,,,,,69100.0,66900.0,70100.0,,,,,,,,,,,,,,,,,,,Me.Cu,Me.Cu,Me.Cu,,,,,,,,,,,,,,,,,,,,,,,,,,,,,,,,,,,,,,,,,,Underground,Underground,Underground,,,,,,,,,,,,,,,,,,,Lubin,Lubin,Lubin,,,,,,,,,,,,,,,,,,,Mine,Mine,Mine,,,,,,,,,,,,,,,,,,,,,,,,,,,,,,,,,,,,,,,,,,,,,,,,,,,,,,,,,,,,,,,,,,,,,,,,,,,,,,,,,,,,,,,,,,,,,,,,,,,,,,,,,,,,,,,,,,,,,,,,,,,,,,,,,,,,,,,,,,,,,,,,,,,,,,,,,,,,,,,,,,,,,,,,,,,,,,,,,,,,,,,,,,,,,,,,,,,,,,,,,,,,,,,,,,,,,,,,,,,,,,,,,,,,,,,,,,,,,,,
COM00758.00,Gold,New Zealand,40902.1,31.0,1.0,409.58,,,,,,,,,,,,,,,,,,,,,,,,,,,,,,,,,,,,,,,,,,,,,,,,,0.046812,0.043105,0.044692,0.040517,0.042772,1.05,1.31,1.47,1.28,1.12,1.13,1.3,1.01,1.1,0.96,1.04,1.24,1.1,,,,6315.0,6317.0,6319.0,6321.0,6323.0,6325.0,6327.0,6329.0,6331.0,6333.0,6335.0,6337.0,6339.0,6341.0,6343.0,6345.0,6347.0,6349.0,,,,"Gold, Silver","Gold, Silver","Gold, Silver","Gold, Silver","Gold, Silver","Gold, Silver","Gold, Silver","Gold, Silver","Gold, Silver","Gold, Silver","Gold, Silver","Gold, Silver","Gold, Silver","Gold, Silver","Gold, Silver","Gold, Silver","Gold, Silver","Gold, Silver",,,,0.816,0.8,0.829,0.834,0.825,1.172746,0.740984,0.5786,0.750296,0.955108,0.971259,0.723023,1.175828,0.808,0.835,0.812,0.861,0.825,,,,0.209,0.207,0.225,0.202,0.236,4.519,5.712,6.626,5.684,5.438,5.275,6.183,4.774,6.908,4.777,4.986,6.314,5.365,,,,Me.Ag,Me.Ag,Me.Ag,Me.Ag,Me.Ag,Me.Au,Me.Au,Me.Au,Me.Au,Me.Au,Me.Au,Me.Au,Me.Au,Me.Au,Me.Au,Me.Au,Me.Au,Me.Au,,,,,,Me.Au,Me.Au,Me.Au,Me.Au,Me.Au,Me.Au,Me.Au,Me.Au,Me.Au,Me.Au,Me.Au,Me.Au,Me.Au,Me.Au,Me.Au,Me.Au,Me.Au,Me.Au,,,,"Open pit, Underground, Pressure oxidation plant","Open pit, Underground, Pressure oxidation plant","Open pit, Underground, Pressure oxidation plant","Open pit, Underground, Pressure oxidation plant","Open pit, Underground, Pressure oxidation plant","Open pit, Underground, Pressure oxidation plant","Open pit, Underground, Pressure oxidation plant","Open pit, Underground, Pressure oxidation plant","Open pit, Underground, Pressure oxidation plant","Open pit, Underground, Pressure oxidation plant","Open pit, Underground, Pressure oxidation plant","Open pit, Underground, Pressure oxidation plant","Open pit, Underground, Pressure oxidation plant","Open pit, Underground, Pressure oxidation plant","Open pit, Underground, Pressure oxidation plant","Open pit, Underground, Pressure oxidation plant","Open pit, Underground, Pressure oxidation plant","Open pit, Underground, Pressure oxidation plant",,,,Macraes,Macraes,Macraes,Macraes,Macraes,Macraes,Macraes,Macraes,Macraes,Macraes,Macraes,Macraes,Macraes,Macraes,Macraes,Macraes,Macraes,Macraes,,,,Mine,Mine,Mine,Mine,Mine,Mine,Mine,Mine,Mine,Mine,Mine,Mine,Mine,Mine,Mine,Mine,Mine,Mine,,635.0,636.0,637.0,638.0,639.0,,,,,,,,,640.0,641.0,642.0,643.0,644.0,,,,,,,,519.0,519.0,519.0,519.0,519.0,519.0,519.0,519.0,519.0,519.0,519.0,519.0,519.0,519.0,519.0,519.0,519.0,519.0,,,,O.Au,O.Au,O.Au,O.Au,O.Au,O.Au,O.Au,O.Au,O.Au,O.Au,O.Au,O.Au,O.Au,O.Au,O.Au,O.Au,O.Au,O.Au,,,,,,,,,,,,,,,,,,,,,,,,,,3892241.0,4263746.0,4297781.0,4648903.0,5678195.0,5564873.0,5545008.0,5635537.0,5458607.0,5817001.0,5789255.0,5811868.0,5669729.0,5608000.0,4971000.0,5072000.0,6314000.0,6456000.0,,,,4471851.0,4813128.0,5042969.0,4989306.0,5513634.0,5564873.0,5545008.0,5635537.0,5458607.0,5817001.0,5789255.0,5811868.0,5669729.0,7752000.0,6068000.0,5878000.0,5897000.0,5917000.0,,,,,,,,,,,,,,,31.184475443,,,,,,,,,,,,,,,0.98683997689197,,,,124657744.0,120765503.0,116501757.0,112203976.0,107555073.0,101876878.0,96312005.0,90766997.0,85131460.0,79672853.0,73855852.0,68066597.0,62254729.0,56585000.0,50977000.0,46006000.0,40934000.0,34620000.0,,,,,,,,,,,,,,,,,,,,,Waste rock,Waste rock,Waste rock,Waste rock,Waste rock,,,,,,,,,Waste rock,Waste rock,Waste rock,Waste rock,Waste rock,,7580749.38,7955031.96,7672584.88,7278119.84,7383336.3,,,,,,,,,27717000.0,27053000.0,37069000.0,38613000.0,45163000.0,
COM00762.00,Aluminium,India,6655.62,28.0,1.0,2857.67,,,,,,,,,,,,,,,,,,,,,,,,,,,,,,,,,,,,,,,,,,,,,,,,,,,,,457000.0,456000.0,452000.0,447000.0,464000.0,458000.0,439000.0,439000.0,,,477000.0,436000.0,435000.0,,,,,,,,,6351.0,6353.0,6355.0,6357.0,6359.0,6361.0,6363.0,6365.0,,,6371.0,6373.0,6375.0,,,,,,,,,"Bauxite, Alumina","Bauxite, Alumina","Bauxite, Alumina","Bauxite, Alumina","Bauxite, Alumina","Bauxite, Alumina","Bauxite, Alumina","Bauxite, Alumina","Bauxite, Alumina","Bauxite, Alumina","Bauxite, Alumina","Bauxite, Alumina","Bauxite, Alumina","Bauxite, Alumina",,,,,,,,0.0,0.0,0.0,0.0,0.0,0.0,0.0,0.0,,,0.0,0.0,0.0,,,,,,,,,258342.557,303465.72,284274.1,255425.634,225703.056,258590.464,272264.727,101030.143,,,217.035,31902.12,256354.2,,,,,,,,,Me.Al2O3,Me.Al2O3,Me.Al2O3,Me.Al2O3,Me.Al2O3,Me.Al2O3,Me.Al2O3,Me.Al2O3,,,Me.Al2O3,Me.Al2O3,Me.Al2O3,,,,,,,,,,,Me.Al2O3,Me.Al2O3,Me.Al2O3,Me.Al2O3,Me.Al2O3,Me.Al2O3,Me.Al2O3,Me.Al2O3,Me.Al2O3,Me.Al2O3,Me.Al2O3,Me.Al2O3,Me.Al2O3,Me.Al2O3,,,,,,,,Open pit,Open pit,Open pit,Open pit,Open pit,Open pit,Open pit,Open pit,Open pit,Open pit,Open pit,Open pit,Open pit,Open pit,,,,,,,,Mainpat,Mainpat,Mainpat,Mainpat,Mainpat,Mainpat,Mainpat,Mainpat,Mainpat,Mainpat,Mainpat,Mainpat,Mainpat,Mainpat,,,,,,,,Mine,Mine,Mine,Mine,Mine,Mine,Mine,Mine,Mine,Mine,Mine,Mine,Mine,Mine,,,,,,,,,,,,,,,,,,,,,,,,,,,,,,,521.0,521.0,521.0,521.0,521.0,521.0,521.0,521.0,521.0,521.0,521.0,521.0,521.0,521.0,,,,,,,,O.Al,O.Al,O.Al,O.Al,O.Al,O.Al,O.Al,O.Al,O.Al,O.Al,O.Al,O.Al,O.Al,O.Al,,,,,,,,,,,,,,,,,,,,,,,,,,,,,,565301.0,665495.0,628925.0,571422.0,486429.0,564608.0,620193.0,230137.0,0.0,0.0,455.0,73170.0,589320.0,0.0,,,,,,,,565301.0,665495.0,628925.0,571422.0,486429.0,564608.0,620193.0,230137.0,0.0,0.0,455.0,73170.0,589320.0,0.0,,,,,,,,,,,,,,,,,,,,,,,,,,,,,,,,,,,,,,10215455.0,9650154.0,8984659.0,8355734.0,7784312.0,7297883.0,6733275.0,6113082.0,5882945.0,5882945.0,5882945.0,5882490.0,5809320.0,5220000.0,,,,,,,,,,,,,,,,,,,,,,,,,,,,,,,,,,,,,,,,,,,,,,,,,,,,,,,,,,
COM00763.00,Silver,Peru,10531.43,9.0,1.0,28.25,,,,,,,,,,,,,,,,,,,,,,,,,,,,,,,,,,,,,,,,,,,,,,,,,,,,,,,,,,,228.06,268.69,272.77,269.48,264.07,223.63,196.89,,,,,,,,,,,,,,,6379.0,6381.0,6383.0,6385.0,6387.0,6389.0,6391.0,,,,,,,,,,,,,,,"Silver, Lead, Zinc, Gold","Silver, Lead, Zinc, Gold","Silver, Lead, Zinc, Gold","Silver, Lead, Zinc, Gold","Silver, Lead, Zinc, Gold","Silver, Lead, Zinc, Gold","Silver, Lead, Zinc, Gold",,,,,,,,,,,,,,,0.899,0.9174,0.9368,0.9382,0.9392,0.9051,0.8772,,,,,,,,,,,,,,,21.232,39.807,37.82,39.975,50.607,34.502,15.988,,,,,,,,,,,,,,,Me.Ag,Me.Ag,Me.Ag,Me.Ag,Me.Ag,Me.Ag,Me.Ag,,,,,,,,,,,,,,,,,Me.Ag,Me.Ag,Me.Ag,Me.Ag,Me.Ag,Me.Ag,Me.Ag,,,,,,,,,,,,,,,,,,,,,,,,,,,,,,,,,,,,Mallay,Mallay,Mallay,Mallay,Mallay,Mallay,Mallay,,,,,,,,,,,,,,,Mine,Mine,Mine,Mine,Mine,Mine,Mine,,,,,,,,,,,,,,,,,,,,,,,,,,,,,,,,,,,,,,523.0,523.0,523.0,523.0,523.0,523.0,523.0,,,,,,,,,,,,,,,O.bulk,O.bulk,O.bulk,O.bulk,O.bulk,O.bulk,O.bulk,,,,,,,,,,,,,,,,,,,,,,,,,,,,,,,,,,,,,103570.0,161567.0,148058.0,158124.0,204035.0,170519.0,92450.0,,,,,,,,,,,,,,,103570.0,161567.0,148058.0,158124.0,204035.0,170519.0,92450.0,,,,,,,,,,,,,,,,,,,,,,,,,,,,,,,,,,,,,,,,,,,,,968244.0,864674.0,703107.0,555049.0,396925.0,192890.0,100440.0,,,,,,,,,,,,,,,,,,,,,,,,,,,,,,,,,,,,,,,,,,,,,,,,,,,,,,,,,,,
COM00766.00,Gold,Argentina,9190.58,13.0,1.0,847.72,,,,,,,,,,,,,,,,,,,,,,,,,,,,,,,,,,,,,,,,,,,,,,,,,,,,,,,,209.0,191.17,185.0,170.0,150.0,157.0,158.0,143.0,134.0,135.0,127.0,,,,,,,,,,,6405.0,6407.0,6409.0,6411.0,6413.0,6415.0,6417.0,6419.0,6421.0,6423.0,6425.0,,,,,,,,,,"Gold, Silver","Gold, Silver","Gold, Silver","Gold, Silver","Gold, Silver","Gold, Silver","Gold, Silver","Gold, Silver","Gold, Silver","Gold, Silver","Gold, Silver","Gold, Silver",,,,,,,,,,,2.8e-05,3.3e-05,3.5e-05,4.2e-05,5.4e-05,4.8e-05,4.8e-05,5.9e-05,6.7e-05,6.8e-05,7.6e-05,,,,,,,,,,0.266,107.064,112.204,106.606,102.814,88.975,105.418,101.399,88.749,88.381,87.504,73.552,,,,,,,,,,Me.Ag,Me.Ag,Me.Ag,Me.Ag,Me.Ag,Me.Ag,Me.Ag,Me.Ag,Me.Ag,Me.Ag,Me.Ag,Me.Ag,,,,,,,,,,,,,,,,,,,,,,,,,,,,,,,,,"Open pit, Underground, leaching plant, Merrill Crowe plant","Open pit, Underground, leaching plant, Merrill Crowe plant","Open pit, Underground, leaching plant, Merrill Crowe plant","Open pit, Underground, leaching plant, Merrill Crowe plant","Open pit, Underground, leaching plant, Merrill Crowe plant","Open pit, Underground, leaching plant, Merrill Crowe plant","Open pit, Underground, leaching plant, Merrill Crowe plant","Open pit, Underground, leaching plant, Merrill Crowe plant","Open pit, Underground, leaching plant, Merrill Crowe plant","Open pit, Underground, leaching plant, Merrill Crowe plant","Open pit, Underground, leaching plant, Merrill Crowe plant","Open pit, Underground, leaching plant, Merrill Crowe plant",,,,,,,,,,Manantial Espejo,Manantial Espejo,Manantial Espejo,Manantial Espejo,Manantial Espejo,Manantial Espejo,Manantial Espejo,Manantial Espejo,Manantial Espejo,Manantial Espejo,Manantial Espejo,Manantial Espejo,,,,,,,,,,Mine,Mine,Mine,Mine,Mine,Mine,Mine,Mine,Mine,Mine,Mine,Mine,,,,,,,,,,,,,,,,,,,,,,,,,,,,,,,,,,,,,,,,,,,,,,,,,,,,,,O.bulk,O.bulk,O.bulk,O.bulk,O.bulk,O.bulk,O.bulk,O.bulk,O.bulk,O.bulk,O.bulk,O.bulk,,,,,,,,,,,,,,,,,,,,,,,,,,,,,,,,,632949.0,717463.0,697000.0,734000.0,720000.0,797000.0,775000.0,754000.0,793000.0,804000.0,708600.0,,,,,,,,,,,632949.0,717463.0,697000.0,734000.0,720000.0,797000.0,775000.0,754000.0,793000.0,804000.0,708600.0,,,,,,,,,,,,,,,,,,,,,,,,,,,,,,,,,,,,,,,,,,,,,,,,,,,,,,,,,,,,,,,,,,,,,,,,,,,,,,,,,,,,,,,,,,,,,,,,,,,,,,,,,,,,,
COM00768.00,Coal,Australia,56861.95,10.0,1.0,107.05,,,,,,,,,,,,,,,,7791000.0,8169000.0,,9215000.0,9330000.0,10983053.0,9002000.0,10562000.0,10159000.0,,,,,,,,,,,,,7791000.0,8169000.0,,9215000.0,9330000.0,10983053.0,9002000.0,10562000.0,10159000.0,,,,,,,,,,,,,,,,,,,,,,,,,,,,,,,,,,,,,,,,,,,,,,,,,,,,,,,Thermal coal,Thermal coal,,Thermal coal,Thermal coal,Thermal coal,Thermal coal,Thermal coal,Thermal coal,,,,,,,,,,,,,,,,,,,,,,,,,,,,,,,,,,,,,,,,,,,,,,,,,,,,,,,,,,,,,,,,,,,,,,,,,,,,,,,,,,,,,,,,,,,,,,,,,,,Open pit,Open pit,,Open pit,Open pit,Open pit,Open pit,Open pit,Open pit,,,,,,,,,,,,,Mangoola,Mangoola,,Mangoola,Mangoola,Mangoola,Mangoola,Mangoola,Mangoola,,,,,,,,,,,,,Mine,Mine,,Mine,Mine,Mine,Mine,Mine,Mine,,,,,,,,,,,,,,,,,,,,,,,,,,,,,,,,,,,,,,,,,,,,,,,,,,,,,,,,,F.stc,F.stc,,F.stc,F.stc,F.stc,F.stc,F.stc,F.stc,,,,,,,,,,,,,,,,,,,,,,,,,,,,,,,,,,,,,,,,,,,,,,,,,,,,,,,,,,,,,,,,,,,,,,,,,,,,,,,,,,,,,,,,,,,,,,,,,,,,,,,,,,,,,,,,,,,,,,,,,,,,,,,,,,,,,,,,,,,,,,,,,,,,,,,,,,,,,,,,,,,,,,,,,,,,,
COM00776.00,Gold,United States of America,55819.0,32.0,1.0,507.23,,,,,,,,,,,,,,,,,,,,,,,,,,,,,,,,,,,,,,,,,,,,,,,,,,,,0.98,0.74,0.71,0.52,0.63,0.61,0.58,0.55,,,0.45,0.45,0.35,0.37,0.4,,,,,,,6641.0,6643.0,6645.0,6647.0,6649.0,6651.0,6653.0,6655.0,,,6657.0,6659.0,6661.0,6663.0,6665.0,,,,,,,Gold,Gold,Gold,Gold,Gold,Gold,Gold,Gold,Gold,Gold,Gold,Gold,Gold,Gold,Gold,,,,,,,0.7,0.7,0.7,0.7,0.73,0.73,0.73,0.73,,,0.706,0.72,0.73,0.735,0.754,,,,,,,6.393,4.653,4.378,4.485,4.565,4.252,4.779,4.49,5.012,5.047,6.438,6.379,6.29,6.381,6.849,,,,,,,Me.Au,Me.Au,Me.Au,Me.Au,Me.Au,Me.Au,Me.Au,Me.Au,Me.Au,Me.Au,Me.Au,Me.Au,Me.Au,Me.Au,Me.Au,,,,,,,,,Me.Au,Me.Au,Me.Au,Me.Au,Me.Au,Me.Au,Me.Au,Me.Au,,,Me.Au,Me.Au,Me.Au,Me.Au,Me.Au,,,,,,,"Open pit, Heap leach plant, electro-winning plant","Open pit, Heap leach plant, electro-winning plant","Open pit, Heap leach plant, electro-winning plant","Open pit, Heap leach plant, electro-winning plant","Open pit, Heap leach plant, electro-winning plant","Open pit, Heap leach plant, electro-winning plant","Open pit, Heap leach plant, electro-winning plant","Open pit, Heap leach plant, electro-winning plant","Open pit, Heap leach plant, electro-winning plant","Open pit, Heap leach plant, electro-winning plant","Open pit, Heap leach plant, electro-winning plant","Open pit, Heap leach plant, electro-winning plant","Open pit, Heap leach plant, electro-winning plant","Open pit, Heap leach plant, electro-winning plant","Open pit, Heap leach plant, electro-winning plant",,,,,,,Marigold,Marigold,Marigold,Marigold,Marigold,Marigold,Marigold,Marigold,Marigold,Marigold,Marigold,Marigold,Marigold,Marigold,Marigold,,,,,,,Mine,Mine,Mine,Mine,Mine,Mine,Mine,Mine,Mine,Mine,Mine,Mine,Mine,Mine,Mine,,,,,666.0,667.0,668.0,669.0,670.0,671.0,672.0,673.0,,,674.0,675.0,676.0,677.0,678.0,,,,,,,,,,,535.0,535.0,535.0,535.0,535.0,535.0,535.0,535.0,,,535.0,535.0,535.0,535.0,536.0,,,,,,,O.Au,O.Au,O.Au,O.Au,O.Au,O.Au,O.Au,O.Au,O.Au,,O.Au,O.Au,O.Au,O.Au,O.Au,,,,,,,,,,,,,,,,,,,,,,,,,,,,,8205247.0,8664018.0,9274363.0,9694603.0,11995652.0,9239280.0,12888156.0,11978711.0,,,20538000.0,23613000.0,25589000.0,27526000.0,25676000.0,,,,,,,8205247.0,8664318.0,9274363.0,9624138.0,11995652.0,9239280.0,12888156.0,11978861.0,,,20538000.0,23613000.0,25589000.0,27526000.0,25676000.0,,,,,,,,0.139493602520252,,,,,,,102.34177803,,,,,,,,0.4252428469500001,,,,,,,0.49,,,,,,,394764799.3480348,386559552.3480348,377895534.3480348,368621171.3480348,358926568.3480348,346930916.3480348,337691636.3480348,324803480.3480348,,,304265480.3480348,280652480.3480348,255063480.3480348,227537480.3480348,228763000.0,,,,,,,,,,,,,,,74592000.0,75093000.0,69011000.0,70431000.0,74039000.0,,,,,Waste rock,Waste rock,Waste rock,Waste rock,Waste rock,Waste rock,Waste rock,Waste rock,,,Waste rock,Waste rock,Waste rock,Waste rock,Waste rock,,,,,34257571.2143928,29080209.89505247,29276611.69415292,27728935.532233883,30388905.547226384,43573163.41829085,38060569.71514243,40238830.58470765,,,54054000.0,51480000.0,43422000.0,42907000.0,48364000.0,
COM00777.00,Gold,Guatemala,13027.27,12.0,0.0,507.23,,,,,,,,,,,,,,,,,,,,,,,,,,,,,,,,,,,,,,,,,,,,,,,,,,,,80.0,75.0,84.0,90.0,87.0,141.0,179.0,116.0,121.0,126.0,185.0,184.0,,,,,,,,,,6667.0,6669.0,6671.0,6673.0,6675.0,6677.0,6679.0,6681.0,6683.0,6685.0,6687.0,6689.0,,,,,,,,,,"Gold, Silver","Gold, Silver","Gold, Silver","Gold, Silver","Gold, Silver","Gold, Silver","Gold, Silver","Gold, Silver","Gold, Silver","Gold, Silver","Gold, Silver","Gold, Silver",,,,,,,,,,0.53,0.6,0.59,0.61,0.69,0.87,0.91,0.91,0.92,0.93,0.95,0.96,,,,,,,,,,4.808,49.71,88.24,99.912,129.267,194.661,273.03,204.66,219.103,226.878,228.237,178.752,,,,,,,,,,Me.Ag,Me.Ag,Me.Ag,Me.Ag,Me.Ag,Me.Ag,Me.Ag,Me.Ag,Me.Ag,Me.Ag,Me.Ag,Me.Ag,,,,,,,,,,,,,,,,,,,,,,,,,,,,,,,,,,,,,,,,,,,,,,,,,,,,,,Marlin,Marlin,Marlin,Marlin,Marlin,Marlin,Marlin,Marlin,Marlin,Marlin,Marlin,Marlin,,,,,,,,,,Mine,Mine,Mine,Mine,Mine,Mine,Mine,Mine,Mine,Mine,Mine,Mine,,,,,,,,,,,,,,,,,,,,,,,,,,,,,,,,,,,,,,,,,,,,,,,,,,,,,,O.bulk,O.bulk,O.bulk,O.bulk,O.bulk,O.bulk,O.bulk,O.bulk,O.bulk,O.bulk,O.bulk,O.bulk,,,,,,,,,,,,,,,,,,,,,,,,,,,,,,,,116000.0,1088800.0,1772600.0,1845000.0,2161000.0,1599700.0,1685600.0,1936300.0,1941900.0,1933900.0,1310000.0,1006000.0,,,,,,,,,,116000.0,1088800.0,1772600.0,1845000.0,2161000.0,1599700.0,1685600.0,1936300.0,1941900.0,1933900.0,1310000.0,1006000.0,,,,,,,,,,,,,,,,,,,,,,,,,,,,,,,,,,,,,,,,,,,,,,,,,,,,,,,,,,,,,,,,,,,,,,,,,,,,,,,,,,,,,,,,,,,,,,,,,,,,,,,,,,,,,,,,
COM00778.00,Coal,United States of America,55819.0,7.0,1.0,59.08,,,,,,,,,,,,,,,,,,,,181440.0,181440.0,181440.0,181440.0,181440.0,,,,,,,,,,,,,,,,,181440.0,181440.0,181440.0,181440.0,181440.0,,,,,,,,,,,,,,,,,,,,,,,,,,,,,,,,,,,,,,,,,,,,,,,,,,,,,,,,,,,Lignite,Lignite,Lignite,Lignite,Lignite,,,,,,,,,,,,,,,,,,,,,,,,,,,,,,,,,,,,,,,,,,,,,,,,,,,,,,,,,,,,,,,,,,,,,,,,,,,,,,,,,,,,,,,,,,,,,,,,,,,,,,,Surface,Surface,Surface,Surface,Surface,,,,,,,,,,,,,,,,,Marshall,Marshall,Marshall,Marshall,Marshall,,,,,,,,,,,,,,,,,Mine,Mine,Mine,Mine,Mine,,,,,,,,,,,,,,,,,,,,,,,,,,,,,,,,,,,,,,,,,,,,537.0,,,,,,,,,,,,,,,,,F.lig,F.lig,F.lig,F.lig,F.coal,,,,,,,,,,,,,,,,,,,,,,,,,,,,,,,,,,,,,,,,,,,,,,,,,,,,,,,,,,,,,,,,,,,,,,,,,,,,,,,,,,,,,,,,,,,,,,,,,,,,,,,,,,,,,,,,,,,17418240.0,,,,,,,,,,,,,,,,,,,,,,,,,,,,,,,,,,,,,,,,,,,,,,,,,,,,,,,,,,
COM00779.00,Gold,Indonesia,12285.78,9.0,1.0,1246.05,,,,,,,,,,,,,,,,,,,,,,,,,,,,,,,,,,,,,,,,,,,,,,,,,,,,,,,,,,,,,,,,,,1.937217,1.487188,,,,,,,,,,,,,,,,,,,,6693.0,6695.0,,,,,,,,,,,,,,,,,,,Gold,Gold,Gold,,,,,,,,,,,,,,,,,,,,,,,,,,,,,,,,,,,,,,,,,11.623,9.072,,,,,,,,,,,,,,,,,,,,Me.Au,Me.Au,,,,,,,,,,,,,,,,,,,,,,,Me.Ag,,,,,,,,,,,,,,,,,,,,,,,,,,,,,,,,,,,,,,,,Martabe,Martabe,Martabe,,,,,,,,,,,,,,,,,,,Mine,Mine,Mine,,,,,,,,,,,,,,,,,679.0,680.0,681.0,,,,,,,,,,,,,,,,,,,,,,,,,538.0,,,,,,,,,,,,,,,,,,,O.Au,O.Au,O.Au,,,,,,,,,,,,,,,,,,,,,,,,,,,,,,,,,,,,,,,,,5700000.0,5900000.0,6100000.0,,,,,,,,,,,,,,,,,,,5600000.0,6000000.0,6100000.0,,,,,,,,,,,,,,,935.53426329,,,,,,,,,,,,,,,,,,,,,,,,,,,,,,,,,,,,,,,,,,,,,,,,,,,,,11700000.0,12400000.0,10600000.0,,,,,,,,,,,,,,,,,Waste rock,Waste rock,Waste rock,,,,,,,,,,,,,,,,,,6400000.0,4400000.0
COM00783.00,Coal,Australia,56861.95,6.0,1.0,59.08,,,,,,,,,,,,,,,,,,,,2231000.0,7384000.0,8986000.0,9664000.0,9200000.0,8190000.0,,,,,,,,,,,,,,,,2614000.0,7826000.0,9729000.0,10953000.0,11720000.0,10726000.0,,,,,,,,,,,,,,,,,,,,,,,,,,,,,,,,,,,,,,,,,,,,,,,,,,,,,,,,,,Coal,Coal,Coal,Coal,Coal,Coal,,,,,,,,,,,,,,,,,,,,,,,,,,,,,,,,,,,,,,,,,,,,,,,,,,,,,,,,,,,,,,,,,,,,,,,,,,,,,,,,,,,,,,,,,,,,,,,,,,,,,,Open cut,Open cut,Open cut,Open cut,Open cut,Open cut,,,,,,,,,,,,,,,,Maules Creek,Maules Creek,Maules Creek,Maules Creek,Maules Creek,Maules Creek,,,,,,,,,,,,,,,,Mine,Mine,Mine,Mine,Mine,Mine,,,,,,,,,,,,,,,,,,,,,,,,,,,,,,,,,,,,,,,540.0,540.0,540.0,540.0,540.0,540.0,,,,,,,,,,,,,,,,F.coal,F.coal,F.coal,F.coal,F.coal,F.coal,,,,,,,,,,,,,,,,,,,,,,,,,,,,,,,,,,,,,,,,,,,,,,,,,,,,,,,,,,,,,,,,,,,,,,,,,,,,,,,,,,,,,,,,,,,,,,,,,,,,,,,,,,,,,,492842000.0,490228000.0,482402000.0,472673000.0,461720000.0,450000000.0,,,,,,,,,,,,,,,,,,,,,,,,,,,,,,,,,,,,,,,,,,,,,,,,,,,,,,,,,
COM00785.00,Zinc,Australia,56861.95,26.0,1.0,1029.0,,,,,,,,,,,,,,,,,,,,,,,,,,,,,,,,,,,,,,,,,,,,,,,,,122142.857143,108125.0,106666.666667,90588.235294,76666.666667,72631.578947,71000.0,87619.047619,83636.363636,84347.826087,,,,,,,,,,,,6709.0,6711.0,6713.0,6715.0,6717.0,6719.0,6721.0,6723.0,6725.0,6727.0,,,,,,,,,,,,"Zinc, Lead, Silver","Zinc, Lead, Silver","Zinc, Lead, Silver","Zinc, Lead, Silver","Zinc, Lead, Silver","Zinc, Lead, Silver","Zinc, Lead, Silver","Zinc, Lead, Silver","Zinc, Lead, Silver","Zinc, Lead, Silver","Zinc, Lead, Silver","Zinc, Lead, Silver","Zinc, Lead, Silver","Zinc, Lead, Silver","Zinc, Lead, Silver","Zinc, Lead, Silver","Zinc, Lead, Silver","Zinc, Lead, Silver",,,,,,,,,,,,,,,,,,,,,,,,,171000.0,173000.0,160000.0,154000.0,4.848,5.642,9.015,10.603,7.91,7.314,51.596,44.792,41.419,48.875,39.944,45.926,48.733,47.485,,,,Me.Zn,Me.Zn,Me.Zn,Me.Zn,Me.Ag,Me.Ag,Me.Ag,Me.Ag,Me.Ag,Me.Ag,Me.Ag,Me.Ag,Me.Ag,Me.Ag,Me.Ag,Me.Ag,Me.Ag,Me.Ag,,,,,,,,,,,,,,,,,,,,,,,Me.Ag,,,,Open pit,Open pit,Open pit,Open pit,Open pit,Open pit,Open pit,Open pit,Open pit,Open pit,Open pit,Open pit,Open pit,Open pit,Open pit,Open pit,Open pit,Open pit,,,,McArthur River,McArthur River,McArthur River,McArthur River,McArthur River,McArthur River,McArthur River,McArthur River,McArthur River,McArthur River,McArthur River,McArthur River,McArthur River,McArthur River,McArthur River,McArthur River,McArthur River,McArthur River,,,,Mine,Mine,Mine,Mine,Mine,Mine,Mine,Mine,Mine,Mine,Mine,Mine,Mine,Mine,Mine,Mine,Mine,Mine,,,,,,,,,,,,,,,,,,,,,,,,,,,,,,,,,,,,,,,,,,,,542.0,,,,O.Zn,O.Zn,O.Zn,O.Zn,O.Zn,O.Zn,O.Zn,O.Zn,O.Zn,O.Zn,O.Zn,O.Zn,O.Zn,O.Zn,O.Zn,O.Zn,O.Zn,O.Zn,,,,,,,,,,,,,,,,,,,,,,,,,,1400000.0,1600000.0,1500000.0,1700000.0,1800000.0,1900000.0,2000000.0,2100000.0,2200000.0,2300000.0,,,,,,,,,,,,1400000.0,1600000.0,1500000.0,1700000.0,1800000.0,1900000.0,2000000.0,2100000.0,2200000.0,2300000.0,,,,,,,,,,,,,,,,,,,,,,,,,,,,,,,,,,,,,,,,,,,,,,,,,,,,,,,,,,,98000000.0,,,,,,,,,,,,,,,,,,,,,,,,,,,,,,,,,,,,,,,,,,,,,,,,,,,,,,,,,,
COM00786.00,Gold,Canada,43833.79,11.0,1.0,1224.66,,,,,,,,,,,,,,,,,,,,,,,,,,,,,,,,,,,,,,,,,,,,,,,,,,,,,,,,,0.651781,0.571232,0.675181,0.684302,0.926881,1.553552,1.600276,2.023371,1.486116,0.886468,,,,,,,,,,,,6729.0,6731.0,6733.0,6735.0,6737.0,6739.0,6741.0,6743.0,6745.0,6747.0,,,,,,,,,,,,"Gold, Silver","Gold, Silver","Gold, Silver","Gold, Silver","Gold, Silver","Gold, Silver","Gold, Silver","Gold, Silver","Gold, Silver","Gold, Silver",,,,,,,,,,,,0.06132,0.128659,0.11636,0.099113,0.089245,0.118113,0.164112,0.123786,0.180829,0.213732,,,,,,,,,,,,1.304,1.701,2.58,2.835,3.827,6.265,6.265,7.796,4.848,2.438,,,,,,,,,,,,Me.Ag,Me.Ag,Me.Ag,Me.Ag,Me.Ag,Me.Ag,Me.Ag,Me.Ag,Me.Ag,Me.Ag,,,,,,,,,,,,,,,,,,,,,,,Me.Au,,,,,,,,,,,,Open pit,Open pit,Open pit,Open pit,Open pit,Open pit,Open pit,Open pit,Open pit,Open pit,,,,,,,,,,,,Meadowbank Complex,Meadowbank Complex,Meadowbank Complex,Meadowbank Complex,Meadowbank Complex,Meadowbank Complex,Meadowbank Complex,Meadowbank Complex,Meadowbank Complex,Meadowbank Complex,,,,,,,,,,,,Mine,Mine,Mine,Mine,Mine,Mine,Mine,Mine,Mine,Mine,,,,,,,,,,,,,,,,,,,,,,,,,,,,,,,,,,,,,,,,,,,,545.0,,,,,,,,,,,,O.bulk,O.bulk,O.bulk,O.bulk,O.bulk,O.bulk,O.bulk,O.bulk,O.bulk,O.Au,,,,,,,,,,,,,,,,,,,,,,,,,,,,,,,,,,2000792.0,2977722.0,3820911.0,4142840.0,4129100.0,4032852.0,3915102.0,3853034.0,3262040.0,2750306.0,,,,,,,,,,,,2000792.0,2977722.0,3820911.0,4142840.0,4129100.0,4032852.0,3915102.0,3853034.0,3262040.0,2750306.0,,,,,,,,,,,,,,,94.12041636,,,,,,,,,,,,,,,3.96,,,,,,,,,,,,,,,,,,,,,26112000.0,,,,,,,,,,,,,,,,,,,,,,,,,,,,,,,,,,,,,,,,,,,,,,,,,,,,,,,,,,
COM00789.00,Gold,Canada,43833.79,2.0,1.0,1399.78,,,,,,,,,,,,,,,,,,,,,,,,,,,,,,,,,,,,,,,,,,,,,,,,,,,,,,,,,,,,,,,,,,0.492205,,,,,,,,,,,,,,,,,,,,,6749.0,,,,,,,,,,,,,,,,,,,,,"Gold, Silver",,,,,,,,,,,,,,,,,,,,,0.02022,,,,,,,,,,,,,,,,,,,,,0.51,,,,,,,,,,,,,,,,,,,,,Me.Ag,,,,,,,,,,,,,,,,,,,,,,,Me.Au,,,,,,,,,,,,,,,,,,,,,"Open pit, Underground",,,,,,,,,,,,,,,,,,,,,Meliadine,,,,,,,,,,,,,,,,,,,,,Mine,,,,,,,,,,,,,,,,,,,,,,,,,,,,,,,,,,,,,,,,,,,,547.0,,,,,,,,,,,,,,,,,,,,,O.Au,,,,,,,,,,,,,,,,,,,,,,,,,,,,,,,,,,,,,,,,,,,1036746.0,,,,,,,,,,,,,,,,,,,,,1036746.0,,,,,,,,,,,,,,,115.297510041,,,,,,,,,,,,,,,6.1,,,,,,,,,,,,,,,,,,,,,20749000.0,,,,,,,,,,,,,,,,,,,,,,,,,,,,,,,,,,,,,,,,,,,,,,,,,,,,,,,,,,
COM00790.00,Gold,Mexico,9018.86,9.0,1.0,1514.58,,,,,,,,,,,,,,,,,,,,,,,,,,,,,,,,,,,,,,,,,,,,,,,,,,,,,,,,,,,78.42,79.39,55.88,,,,,,,,,,,,,,,,,,,6751.0,6753.0,6755.0,,,,,,,,,,,,,,,,,,,"Gold, Silver","Gold, Silver","Gold, Silver",,,,,,,,,,,,,,,,,,,0.32,0.344,0.326,,,,,,,,,,,,,,,,,,,15.231,19.113,12.382,,,,,,,,,,,,,,,,,,,Me.Ag,Me.Ag,Me.Ag,,,,,,,,,,,,,,,,,,,,,,,,,,,,,,,,,,,,,,,,,,Underground,Underground,Underground,,,,,,,,,,,,,,,,,,,Mercedes,Mercedes,Mercedes,,,,,,,,,,,,,,,,,,,Mine,Mine,Mine,,,,,,,,,,,,,,,,,,,,,,,,,,,,,,,,,,,,,,,,,,,,,,,,,,,,,,,,,,,,,,,O.bulk,O.bulk,O.bulk,,,,,,,,,,,,,,,,,,,,,,,,,,,,,,,,,,,,,,,,,513684.0,640967.0,648568.0,,,,,,,,,,,,,,,,,,,603188.0,670867.0,681833.0,,,,,,,,,,,,,,,,,,,,,,,,,,,,,,,,,,,,,,,,,,,,,,,,,,,,,,,,,,,,,,,,,,,,,,,,,,,,,,,,,,,,,,,,,,,,,,,,,,,,,,,,,,,,,,,,,,
COM00791.00,Gold,Suriname,848.28,5.0,1.0,1328.29,,,,,,,,,,,,,,,,,,,,,,,,,,,,,,,,,,,,,,,,,,,,,,,,,,,,,,,,,,,,,,,1.023751,1.065657,1.065435,1.008833,,,,,,,,,,,,,,,,,,6757.0,6759.0,6761.0,6763.0,,,,,,,,,,,,,,,,,,Gold,Gold,Gold,Gold,,,,,,,,,,,,,,,,,,,,,,,,,,,,,,,,,,,,,,,2.943,14.518,15.112,14.829,,,,,,,,,,,,,,,,,,Me.Au,Me.Au,Me.Au,Me.Au,,,,,,,,,,,,,,,,,,,,Me.Au,Me.Au,Me.Au,Me.Au,,,,,,,,,,,,,,,,,,"Open pit, Leaching plant","Open pit, Leaching plant","Open pit, Leaching plant","Open pit, Leaching plant",,,,,,,,,,,,,,,,,,Merian,Merian,Merian,Merian,,,,,,,,,,,,,,,,,,Mine,Mine,Mine,Mine,,,,,,,,,,,,,,,,682.0,683.0,684.0,685.0,,,,,,,,,,,,,,,,,,,,,,548.0,548.0,548.0,548.0,,,,,,,,,,,,,,,,,,O.Au,O.Au,O.Au,O.Au,,,,,,,,,,,,,,,,,,,,,,,,,,,,,,,,,,,,,,,,6538190.0,12061224.0,15134818.0,12671770.0,,,,,,,,,,,,,,,,,,2874917.0,13623422.0,14184072.0,14699362.0,,,,,,,,,,,,,150.06347508000002,,,,,,,,,,,,,,,1.02058283268,,,,,,,,,,,,,,,,,,,,155338190.0,148800000.0,133665182.0,120993412.0,,,,,,,,,,,,,,,,13051886.4,38387260.8,42231067.2,45452534.400000006,,,,,,,,,,,,,,,,Waste rock,Waste rock,Waste rock,Waste rock,,,,,,,,,,,,,,,,6513696.0,26326036.8,27096249.6,32780764.8,
COM00793.00,Coal,Indonesia,12285.78,5.0,1.0,69.16,,,,,,,,,,,,,,,,,,,,,529000.0,230000.0,1010000.0,1090000.0,1880000.0,,,,,,,,,,,,,,,,,529000.0,230000.0,1010000.0,1090000.0,1880000.0,,,,,,,,,,,,,,,,,,,,,,,,,,,,,,,,,,,,,,,,,,,,,,,,,,,,,,,,,,,Semi-soft coking coal,Semi-soft coking coal,Semi-soft coking coal,Semi-soft coking coal,Semi-soft coking coal,,,,,,,,,,,,,,,,,,,,,,,,,,,,,,,,,,,,,,,,,,,,,,,,,,,,,,,,,,,,,,,,,,,,,,,,,,,,,,,,,,,,,,,,,,,,,,,,,,,,,,,,,,,,,,,,,,,,,,,,,,,,MetCoal,MetCoal,MetCoal,MetCoal,MetCoal,,,,,,,,,,,,,,,,,Mine,Mine,Mine,Mine,Mine,,,,,,,,,,,,,,,,686.0,687.0,688.0,689.0,,,,,,,,,,,,,,,,,,,,,,,,549.0,,,,,,,,,,,,,,,,,,F.coc,F.coc,F.coc,F.coal,F.coc,,,,,,,,,,,,,,,,,,,,,,,,,,,,,,,,,,,,,,,,,,,,,,,,,,,,,,,,,,,,,,,,,,,,,,,,,,,,,,,,,,,,,,,,,,,,,,,,,,,,,,,,,,,,,,,,,,85400000.0,,,,,,,,,,,,,,,,,,,,,,,,,,,,,,,,,,,,Waste rock,Waste rock,Waste rock,Waste rock,,,,,,,,,,,,,,,,7015000.0,10662800.0,10199200.0,5136200.0
COM00795.00,Coal,United States of America,55819.0,15.0,1.0,33.2,,,,,2358720.0,2449440.0,2630880.0,2993760.0,2903040.0,2993760.0,2993760.0,2903040.0,2630880.0,2268000.0,2540160.0,2268000.0,2268000.0,2177280.0,1723680.0,1905120.0,1814400.0,1905120.0,2086560.0,1905120.0,,2358720.0,2449440.0,2630880.0,2993760.0,2903040.0,2993760.0,2993760.0,2903040.0,2630880.0,2268000.0,2540160.0,2268000.0,2268000.0,2177280.0,1723680.0,1905120.0,1814400.0,1905120.0,2086560.0,1905120.0,,,,,,,,,,,,,,,,,,,,,,,,,,,,,,,,,,,,,,,,,,,,Coal,Coal,Coal,Coal,Coal,Coal,Coal,Coal,Coal,Coal,Coal,Coal,Coal,Coal,Coal,Coal,Coal,Coal,Coal,Coal,,,,,,,,,,,,,,,,,,,,,,,,,,,,,,,,,,,,,,,,,,,,,,,,,,,,,,,,,,,,,,,,,,,,,,,,,,,,,,,,,,,,,,,,Underground,Underground,Underground,Underground,Underground,Underground,Underground,Underground,Underground,Underground,Underground,Underground,Underground,Underground,Underground,Underground,Underground,Underground,Underground,Underground,,Mettiki Complex,Mettiki Complex,Mettiki Complex,Mettiki Complex,Mettiki Complex,Mettiki Complex,Mettiki Complex,Mettiki Complex,Mettiki Complex,Mettiki Complex,Mettiki Complex,Mettiki Complex,Mettiki Complex,Mettiki Complex,Mettiki Complex,Mettiki Complex,Mettiki Complex,Mettiki Complex,Mettiki Complex,Mettiki Complex,,Mine,Mine,Mine,Mine,Mine,Mine,Mine,Mine,Mine,Mine,Mine,Mine,Mine,Mine,Mine,Mine,Mine,Mine,Mine,Mine,,,,,,,,,,,,,,,,,,,,,,,,,551.0,551.0,551.0,551.0,551.0,551.0,551.0,551.0,551.0,551.0,551.0,551.0,551.0,551.0,551.0,551.0,551.0,551.0,551.0,551.0,,F.coal,F.coal,F.coal,F.coal,F.coal,F.coal,F.coal,F.coal,F.coal,F.coal,F.coal,F.coal,F.coal,F.coal,F.coal,F.coal,F.coal,F.coal,F.coal,F.coal,,,,,,,,,,,,,,,,,,,,,,,,,,,,,,,,,,,,,,,,,,,,,,,,,,,,,,,,,,,,,,,,,,,,,,,,,,,,,,,,,,,,,,,,,,,,,,,,57970080.0,55611360.0,53161920.0,50531040.0,47537280.0,44634240.0,41640480.0,38646720.0,35743680.0,33112800.0,30844800.0,28304640.0,26036640.0,23768640.0,21591360.0,19867680.0,17962560.0,16148160.0,14243040.0,12156480.0,,,,,,,,,,,,,,,,,,,,,,,,,,,,,,,,,,,,,,,,,,,,,,,,,,,,,,,,,,
COM00799.00,Coal,Russian Federation,11616.07,7.0,1.0,65.81,,,,,,,,,,,,,,,,,,,51000.0,242000.0,,,,,,,,,,,,,,,,,,,,51000.0,242000.0,,,,,,,,,,,,,,,,,,,,,,,,,,,,,,,,,,,,,,,,,,,,,,,,,,,,,,,,,,,,,,Metallurgical coal,Metallurgical coal,,,,,,,,,,,,,,,,,,,,,,,,,,,,,,,,,,,,,,,,,,,,,,,,,,,,,,,,,,,,,,,,,,,,,,,,,,,,,,,,,,,,,,,,,,,,,,,,,,,,,,,,,,Underground,Underground,,,,,,,,,,,,,,,,,,,,Mezhegey,Mezhegey,,,,,,,,,,,,,,,,,,,,Mine,Mine,,,,,,,,,,,,,,,,,,,,,,,,,,,,,,,,,,,,,,,,,,,,,,,,,,,,,,,,,,,,,,,,F.coc,F.coc,,,,,,,,,,,,,,,,,,,,,,,,,,,,,,,,,,,,,,,,,,,,,,,,,,,,,,,,,,,,,,,,,,,,,,,,,,,,,,,,,,,,,,,,,,,,,,,,,,,,,,,,,,,,,,,,,,,,,,,,,,,,,,,,,,,,,,,,,,,,,,,,,,,,,,,,,,,,,,,,,,,,,,,,,,,,,,,,,
COM00800.00,Copper,United States of America,55819.0,106.0,1.0,2279.37,,,,,,,,,,,,,,,,,,,,,,,,,,,,,,,,,,,,,,,,,,,,,,,7100.0,4100.0,,,,,,,,,,,,,,,,,,,,6795.0,6797.0,,,,,,,,,,,,,,,,,,,,"Copper, Sulphuric acid","Copper, Sulphuric acid","Copper, Sulphuric acid","Copper, Sulphuric acid","Copper, Sulphuric acid","Copper, Sulphuric acid","Copper, Sulphuric acid","Copper, Sulphuric acid","Copper, Sulphuric acid","Copper, Sulphuric acid","Copper, Sulphuric acid","Copper, Sulphuric acid","Copper, Sulphuric acid","Copper, Sulphuric acid","Copper, Sulphuric acid","Copper, Sulphuric acid","Copper, Sulphuric acid","Copper, Sulphuric acid","Copper, Sulphuric acid","Copper, Sulphuric acid",,0.0,0.0,,,,,,,,,,,,,,,,,,,,59300.0,44100.0,10500.0,17800.0,9071.847,11339.809,8618.255,9071.847,8618.255,7257.478,8164.663,29937.096,29937.096,27669.135,25854.765,19504.472,11339.809,8618.255,7257.478,6803.886,,Me.Cu,Me.Cu,Me.Cu,Me.Cu,Me.Cu,Me.Cu,Me.Cu,Me.Cu,Me.Cu,Me.Cu,Me.Cu,Me.Cu,Me.Cu,Me.Cu,Me.Cu,Me.Cu,Me.Cu,Me.Cu,Me.Cu,Me.Cu,,,,,,,,,,,,,,,,,,,,,,,,,"Open pit, SX-EW","Open pit, SX-EW","Open pit, SX-EW","Open pit, SX-EW","Open pit, SX-EW","Open pit, SX-EW","Open pit, SX-EW","Open pit, SX-EW","Open pit, SX-EW","Open pit, SX-EW","Open pit, SX-EW","Open pit, SX-EW","Open pit, SX-EW","Open pit, SX-EW","Open pit, SX-EW","Open pit, SX-EW","Open pit, SX-EW","Open pit, SX-EW","Open pit, SX-EW","Open pit, SX-EW",,Miami,Miami,Miami,Miami,Miami,Miami,Miami,Miami,Miami,Miami,Miami,Miami,Miami,Miami,Miami,Miami,Miami,Miami,Miami,Miami,,"Mine, Smelter","Mine, Smelter","Mine, Smelter","Mine, Smelter","Mine, Smelter","Mine, Smelter","Mine, Smelter","Mine, Smelter","Mine, Smelter","Mine, Smelter","Mine, Smelter","Mine, Smelter","Mine, Smelter","Mine, Smelter","Mine, Smelter","Mine, Smelter","Mine, Smelter","Mine, Smelter","Mine, Smelter","Mine, Smelter",,,,,,,,,,,,,,,,,,,,,,,,,,,,,,,,,,,,,,,,,,,,,,O.Cu,O.Cu,O.Cu,O.Cu,,,,,,,,,,,,,,,,,,,,,,,,,,,,,,,,,,,,,,,,46446000.0,32702000.0,,,,,,,,,,,,,,,,,,,,11032000.0,10208000.0,,,,,,,,,,,,,,,,,,,,,,,,,,,,,,,,,,,,,,,,,,,,,,,,,,,,,,,,,,,,,,,,,,,,,,,,,,,,,,,,,,,,,,,,,,,,,,,,,,,,,,,,,,,,,,,,,,,,,,,,,,,,,,,
COM00808.00,Coal,Australia,56861.95,10.0,1.0,85.86,,,,,,,,,,,,,,,,,1166000.0,2866000.0,3641000.0,4013000.0,4082400.0,3900960.0,3810240.0,2630880.0,2900000.0,,,,,,,,,,,,,986000.0,2866000.0,3641000.0,4013000.0,4082400.0,3900960.0,3810240.0,2630880.0,4000000.0,,,,,,,,,,,,,,,,,,,,,,,,,,,,,,,,,,,,,,,,,,,,,,,,,,,,,,,"Coking coal, Pulverized Coal Injection","Coking coal, Pulverized Coal Injection","Coking coal, Pulverized Coal Injection","Coking coal, Pulverized Coal Injection","Coking coal, Pulverized Coal Injection","Coking coal, Pulverized Coal Injection","Coking coal, Pulverized Coal Injection","Coking coal, Pulverized Coal Injection","Coking coal, Pulverized Coal Injection",,,,,,,,,,,,,,,,,,,,,,,,,,,,,,,,,,,,,,,,,,,,,,,,,,,,,,,,,,,,,,,,,,,,,,,,,,,,,,,,,,,,,,,,,,,,,,,,,,,Surface,Surface,Surface,Surface,Surface,Surface,Surface,Surface,Surface,,,,,,,,,,,,,Middlemount,Middlemount,Middlemount,Middlemount,Middlemount,Middlemount,Middlemount,Middlemount,Middlemount,,,,,,,,,,,,,Mine,Mine,Mine,Mine,Mine,Mine,Mine,Mine,Mine,,,,,,,,,,,,,,,,,,,,,,,,,,,,,,,,,,,,,,,,561.0,561.0,561.0,561.0,,,,,,,,,,,,,,F.coal,F.coal,F.coal,F.coal,F.coc,F.coc,F.coc,F.coc,F.coal,,,,,,,,,,,,,,,,,,,,,,,,,,,,,,,,,,,,,,,,,,,,,,,,,,,,,,,,,,,,,,,,,,,,,,,,,,,,,,,,,,,,,,,,,,,,,,,,,,,,,,,,,,,,,,,51710400.0,47628000.0,43727040.0,39916800.0,,,,,,,,,,,,,,,,,,,,,,,,,,,,,,,,,,,,,,,,,,,,,,,,,,,,,,,,,,
COM00809.00,Coal,United States of America,55819.0,12.0,1.0,70.77,,,,,,,,,,,,,,90720.0,1360800.0,1360800.0,1451520.0,,,,,,,,,,,,,,,,,,90720.0,1360800.0,1360800.0,1451520.0,,,,,,,,,,,,,,,,,,,,,,,,,,,,,,,,,,,,,,,,,,,,,,,,,,,,,,,,,,,,Thermal coal,Thermal coal,Thermal coal,Thermal coal,,,,,,,,,,,,,,,,,,,,,,,,,,,,,,,,,,,,,,,,,,,,,,,,,,,,,,,,,,,,,,,,,,,,,,,,,,,,,,,,,,,,,,,,,,,,,,,,,,,,,,,,Underground,Underground,Underground,Underground,,,,,,,,,,,,,,,,,,Midland Trail,Midland Trail,Midland Trail,Midland Trail,,,,,,,,,,,,,,,,,,Mine,Mine,Mine,Mine,,,,,,,,,,,,,,,,,,,,,,,,,,,,,,,,,,,,,,,,,,,,,,,,,,,,,,,,,,,,,,F.stc,F.stc,F.stc,F.stc,,,,,,,,,,,,,,,,,,,,,,,,,,,,,,,,,,,,,,,,,,,,,,,,,,,,,,,,,,,,,,,,,,,,,,,,,,,,,,,,,,,,,,,,,,,,,,,,,,,,,,,,,,,,,,,,,,,,,,,,,,,,,,,,,,,,,,,,,,,,,,,,,,,,,,,,,,,,,,,,,,,,,,,,,,,,,,,,,,,,
COM00811.00,Iron,Russian Federation,11616.07,61.0,1.0,44.57,,,,,,,,,,,,,,,,,,,,,,,,,,,,,,,,,,,,,,,,,,,,,,,,,,,,,,,,,660000.0,660000.0,660000.0,660000.0,660000.0,660000.0,660000.0,660000.0,660000.0,660000.0,,,,,,,,,,,,6911.0,6914.0,6917.0,6920.0,6923.0,6926.0,6929.0,6932.0,6935.0,6938.0,,,,,,"Iron, Iron ore pellets, Iron ore concentrate, Sintering iron ore","Iron, Iron ore pellets, Iron ore concentrate, Sintering iron ore","Iron, Iron ore pellets, Iron ore concentrate, Sintering iron ore","Iron, Iron ore pellets, Iron ore concentrate, Sintering iron ore","Iron, Iron ore pellets, Iron ore concentrate, Sintering iron ore",,"Iron, Iron ore pellets, Iron ore concentrate, Sintering iron ore","Iron, Iron ore pellets, Iron ore concentrate, Sintering iron ore","Iron, Iron ore pellets, Iron ore concentrate, Sintering iron ore","Iron, Iron ore pellets, Iron ore concentrate, Sintering iron ore","Iron, Iron ore pellets, Iron ore concentrate, Sintering iron ore","Iron, Iron ore pellets, Iron ore concentrate, Sintering iron ore","Iron, Iron ore pellets, Iron ore concentrate, Sintering iron ore","Iron, Iron ore pellets, Iron ore concentrate, Sintering iron ore","Iron, Iron ore pellets, Iron ore concentrate, Sintering iron ore","Iron, Iron ore pellets, Iron ore concentrate, Sintering iron ore",,,,,,,,,,,,0.0,0.0,0.0,0.0,0.0,0.0,0.0,0.0,0.0,0.0,,,,,,,,,,,,10105260.0,10835880.0,11220660.0,10962600.0,11041800.0,11111100.0,11170500.0,10917720.0,11076120.0,11077440.0,,,,,,,,,,,,Me.Fe,Me.Fe,Me.Fe,Me.Fe,Me.Fe,Me.Fe,Me.Fe,Me.Fe,Me.Fe,Me.Fe,,,,,,,,,,,,,,,,,,,,,,,,,,,,,Open pit,Open pit,Open pit,Open pit,Open pit,,Open pit,Open pit,Open pit,Open pit,Open pit,Open pit,Open pit,Open pit,Open pit,Open pit,,,,,,Mikhailovsky GOK,Mikhailovsky GOK,Mikhailovsky GOK,Mikhailovsky GOK,Mikhailovsky GOK,,Mikhailovsky GOK,Mikhailovsky GOK,Mikhailovsky GOK,Mikhailovsky GOK,Mikhailovsky GOK,Mikhailovsky GOK,Mikhailovsky GOK,Mikhailovsky GOK,Mikhailovsky GOK,Mikhailovsky GOK,,,,,,"Mine, Refinery","Mine, Refinery","Mine, Refinery","Mine, Refinery","Mine, Refinery",,"Mine, Refinery","Mine, Refinery","Mine, Refinery","Mine, Refinery","Mine, Refinery","Mine, Refinery","Mine, Refinery","Mine, Refinery","Mine, Refinery","Mine, Refinery",,,,,,,,,,,,,,,,,,,,,,,,,,,,,,,,,,,,,,,,,,,,,,,,,,Con.Fe,Con.Fe,Con.Fe,Con.Fe,Con.Fe,,Con.Fe,Con.Fe,Con.Fe,Con.Fe,Con.Fe,Con.Fe,Con.Fe,Con.Fe,Con.Fe,Con.Fe,,,,,,,16602000.0,15169000.0,17106100.0,17313000.0,15718000.0,,15311000.0,16418000.0,17001000.0,16610000.0,16730000.0,16835000.0,16925000.0,16542000.0,16782000.0,16784000.0,,,,,,,,,,,,1692000.0,1966000.0,1571000.0,1499000.0,1512000.0,1478000.0,1995000.0,1902000.0,1710000.0,1645000.0,,,,,,,,,,,,1692000.0,1966000.0,1571000.0,1499000.0,1512000.0,1478000.0,1995000.0,1902000.0,1710000.0,1645000.0,,,,,,,,,,,,,,,,,,,,,,,,,,,,,,,,,,,,,,,,,,,,,,,,,,,,,,,,,,,,,,,,,,,,,,,,,,,,,,,,,,,,,,,,,,,,,,,,,,,,,,,,,,,,,
COM00813.00,Coal,United States of America,55819.0,27.0,1.0,43.21,,,,,,3265920.0,3175200.0,3356640.0,3447360.0,2540160.0,1905120.0,997920.0,,,,,,,,,,,,,,,3265920.0,3175200.0,3356640.0,3447360.0,2540160.0,1905120.0,997920.0,,,,,,,,,,,,,,,,,,,,,,,,,,,,,,,,,,,,,,,,,,,,,,,,,,,,,,,,,Coal,Coal,Coal,Coal,Coal,Coal,Coal,,,,,,,,,,,,,,,,,,,,,,,,,,,,,,,,,,,,,,,,,,,,,,,,,,,,,,,,,,,,,,,,,,,,,,,,,,,,,,,,,,,,,,,,,,,,,,,,,,,,,"Underground, Surface","Underground, Surface","Underground, Surface","Underground, Surface","Underground, Surface","Underground, Surface","Underground, Surface",,,,,,,,,,,,,,,Mill Creek,Mill Creek,Mill Creek,Mill Creek,Mill Creek,Mill Creek,Mill Creek,,,,,,,,,,,,,,,Mine,Mine,Mine,Mine,Mine,Mine,Mine,,,,,,,,,,,,,,,,,,,,,,,,,,,,,,,,,,,,,,,,,,,,,,,,,,,,,,,,,,,F.coal,F.coal,F.coal,F.coal,F.coal,F.coal,F.coal,,,,,,,,,,,,,,,,,,,,,,,,,,,,,,,,,,,,,,,,,,,,,,,,,,,,,,,,,,,,,,,,,,,,,,,,,,,,,,,,,,,,,,,,,,,,,,,,,,,,,,,,,,,,,,,,,,,,,,,,,,,,,,,,,,,,,,,,,,,,,,,,,,,,,,,,,,,,,,,,,,,,,,,,,,,,,,,,,,,,,,,,,
COM00815.00,Coal,United States of America,55819.0,12.0,0.0,63.29,,,,,,,,,272160.0,1088640.0,816480.0,544320.0,1723680.0,2903040.0,2721600.0,2540160.0,2630880.0,1995840.0,1905120.0,1905120.0,,,,,,,,,,272160.0,1088640.0,816480.0,544320.0,1723680.0,2903040.0,2721600.0,2540160.0,2630880.0,1995840.0,1905120.0,1905120.0,,,,,,,,,,,,,,,,,,,,,,,,,,,,,,,,,,,,,,,,,,,,,,,,,,,,Coal,Coal,Coal,Coal,Coal,Coal,Coal,Coal,Coal,Coal,Coal,Coal,,,,,,,,,,,,,,,,,,,,,,,,,,,,,,,,,,,,,,,,,,,,,,,,,,,,,,,,,,,,,,,,,,,,,,,,,,,,,,,,,,,,,,,,,,,,,,,,"Underground, Surface","Underground, Surface","Underground, Surface","Underground, Surface","Underground, Surface","Underground, Surface","Underground, Surface","Underground, Surface","Underground, Surface","Underground, Surface","Underground, Surface","Underground, Surface",,,,,,,,,,Miller Creek Complex,Miller Creek Complex,Miller Creek Complex,Miller Creek Complex,Miller Creek Complex,Miller Creek Complex,Miller Creek Complex,Miller Creek Complex,Miller Creek Complex,Miller Creek Complex,Miller Creek Complex,Miller Creek Complex,,,,,,,,,,Mine,Mine,Mine,Mine,Mine,Mine,Mine,Mine,Mine,Mine,Mine,Mine,,,,,,,,,,,,,,,,,,,,,,,,,,,,,,,,,,,,,,,,,,,,,,,,,,,,,,F.coal,F.coal,F.coal,F.coal,F.coal,F.coal,F.coal,F.coal,F.coal,F.coal,F.coal,F.coal,,,,,,,,,,,,,,,,,,,,,,,,,,,,,,,,,,,,,,,,,,,,,,,,,,,,,,,,,,,,,,,,,,,,,,,,,,,,,,,,,,,,,,,,,,,,,,,,,,,,,,,,,,,,,,,,,,,,,,,,,,,,,,,,,,,,,,,,,,,,,,,,,,,,,,,,,,,,,,,,,,,,,,,,,,,,,,,,,
COM00821.00,Coal,United States of America,55819.0,23.0,1.0,33.2,,,,,5171040.0,1270080.0,3628800.0,3628800.0,3628800.0,3447360.0,3175200.0,3265920.0,1632960.0,453600.0,,,,,,,,,,,,5171040.0,1270080.0,3628800.0,3628800.0,3628800.0,3447360.0,3175200.0,3265920.0,1632960.0,453600.0,,,,,,,,,,,,,,,,,,,,,,,,,,,,,,,,,,,,,,,,,,,,,,,,,,,,,,Coal,Coal,Coal,Coal,Coal,Coal,Coal,Coal,Coal,Coal,,,,,,,,,,,,,,,,,,,,,,,,,,,,,,,,,,,,,,,,,,,,,,,,,,,,,,,,,,,,,,,,,,,,,,,,,,,,,,,,,,,,,,,,,,,,,,,,,,Underground,Underground,Underground,Underground,Underground,Underground,Underground,Underground,Underground,Underground,,,,,,,,,,,,Mine 84,Mine 84,Mine 84,Mine 84,Mine 84,Mine 84,Mine 84,Mine 84,Mine 84,Mine 84,,,,,,,,,,,,Mine,Mine,Mine,Mine,Mine,Mine,Mine,Mine,Mine,Mine,,,,,,,,,,,,,,,,,,,,,,,,,,,,,,,,,,,,,,,,,,,,,,,,,,,,,,,,F.coal,F.coal,F.coal,F.coal,F.coal,F.coal,F.coal,F.coal,F.coal,F.coal,,,,,,,,,,,,,,,,,,,,,,,,,,,,,,,,,,,,,,,,,,,,,,,,,,,,,,,,,,,,,,,,,,,,,,,,,,,,,,,,,,,,,,,,,,,,,,,,,,,,,,,,,,,,,,,,,,,,,,,,,,,,,,,,,,,,,,,,,,,,,,,,,,,,,,,,,,,,,,,,,,,,,,,,,,,,,,,,,,,,,,,
COM00824.00,Copper,Chile,14122.0,11.0,1.0,6680.73,,,,,,,,,,,,,,,,,,,,,,,,,,,,,,,,,,,,,,,,,,,,,,,,,,,,,,,,,,,,,,,,,,,,,,,,,,,,,,,,,,,,,,,,,,,,,,,,,,,,,,"Copper, Silver, Calcine","Copper, Silver, Calcine","Copper, Silver, Calcine","Copper, Silver, Calcine","Copper, Silver, Calcine","Copper, Silver, Calcine",,,,,,,,,,,,,,,,,,,,,,,,,,,,,,,,,,,,,11.638,249.494,238305.0,237020.0,126.948,143.78,,,,,,,,,,,,,,,,Me.Ag,Me.Ag,Me.Cu,Me.Cu,Me.Ag,Me.Ag,,,,,,,,,,,,,,,,,,,,,,,Me.Cu,,,,,,,,,,,,,,,,Open pit,Open pit,Open pit,Open pit,Open pit,Open pit,,,,,,,,,,,,,,,,Ministro Hales,Ministro Hales,Ministro Hales,Ministro Hales,Ministro Hales,Ministro Hales,,,,,,,,,,,,,,,,Mine,Mine,Mine,Mine,Mine,Mine,,,,,,,,,,,,,,,,,,,,,,,,,,,,,,,,,,,,,,,,,,,,569.0,,,,,,,,,,,,,,,,O.Cu,O.Cu,O.Cu,O.Cu,O.Cu,O.Cu,,,,,,,,,,,,,,,,,,,,,,,,,,,,,,,,,,,,,,,,,,,,,,,,,,,,,,,,,,,,,,,,,,,,,,,,,,,,,,,1700000.0,,,,,,,,,,,,,,,9100.0,,,,,,,,,,,,,,,,,,,,,185000000.0,,,,,,,,,,,,,,,,,,,,,,,,,,,,,,,,,,,,,,,,,,,,,,,,,,,,,,,,,,,
COM00826.00,Iron,United States of America,55819.0,44.0,1.0,151.7,,,,,,,,,,,,,,,,,,,,,,,,,,,,,,,,,,,,,,,,,,,,,,,,,,,,,,,,,,650000.0,650000.0,650000.0,650000.0,650000.0,650000.0,650000.0,650000.0,650000.0,,,,,,,,,,,,,7070.0,7073.0,7076.0,7079.0,7082.0,7085.0,7088.0,7091.0,7094.0,,,,,,,,,,Iron,Iron,Iron,Iron,Iron,Iron,Iron,Iron,Iron,Iron,Iron,Iron,,,,,,,,,,,,,0.0,0.0,0.0,0.0,0.0,0.0,0.0,0.0,0.0,,,,,,,,,,,,,1820000.0,1885000.0,1885000.0,1755000.0,1755000.0,1820000.0,1885000.0,1820000.0,1820000.0,,,,,,,,,,,,,Me.Fe,Me.Fe,Me.Fe,Me.Fe,Me.Fe,Me.Fe,Me.Fe,Me.Fe,Me.Fe,,,,,,,,,,,,,,,Me.Fe,Me.Fe,Me.Fe,Me.Fe,Me.Fe,Me.Fe,Me.Fe,Me.Fe,Me.Fe,,,,,,,,,,Open pit,Open pit,Open pit,Open pit,Open pit,Open pit,Open pit,Open pit,Open pit,Open pit,Open pit,Open pit,,,,,,,,,,Minorca,Minorca,Minorca,Minorca,Minorca,Minorca,Minorca,Minorca,Minorca,Minorca,Minorca,Minorca,,,,,,,,,,"Mine, Refinery","Mine, Refinery","Mine, Refinery","Mine, Refinery","Mine, Refinery","Mine, Refinery","Mine, Refinery","Mine, Refinery","Mine, Refinery","Mine, Refinery","Mine, Refinery","Mine, Refinery",,,,,,,,,,,,,,,,,,,,,,,,,,,,,,,,,,,,571.0,571.0,571.0,571.0,571.0,571.0,571.0,571.0,571.0,,,,,,,,,,Con.Fe,Con.Fe,Con.Fe,Con.Fe,Con.Fe,Con.Fe,Con.Fe,Con.Fe,Con.Fe,Con.Fe,Con.Fe,Con.Fe,,,,,,,,,,,2800000.0,1500000.0,2800000.0,2800000.0,2900000.0,2900000.0,2700000.0,2700000.0,2800000.0,2900000.0,2800000.0,2800000.0,,,,,,,,,,,,,8700000.0,8900000.0,9000000.0,8900000.0,8900000.0,8800000.0,8700000.0,8600000.0,8500000.0,,,,,,,,,,,,,8700000.0,8900000.0,9000000.0,8900000.0,8900000.0,8800000.0,8700000.0,8600000.0,8500000.0,,,,,,,,,,,,,,,,,,,,,,,,,,,,,,,,,,,,,,,,,,,200500000.0,191800000.0,182900000.0,173900000.0,165000000.0,156100000.0,147300000.0,138600000.0,130000000.0,,,,,,,,,,,,,,,,,,,,,,,,,,,,,,,,,,,,,,,,,,,,,,,,,,,,,,,,,,
COM00827.00,Copper,Canada,43833.79,14.0,1.0,7459.11,,,,,,,,,,,,,,,,,,,,,,,,,,,,,,,,,,,,,,,,,,,,,,,,,,,,,,7.7,11.8,11.0,8.7,6.1,5.1,4.6,4.7,4.7,8.0,4.8,4.33,,,,,,,,,,7099.0,7102.0,7105.0,7108.0,7111.0,7114.0,7117.0,7120.0,7123.0,7126.0,7129.0,7132.0,,,,,,,,,,"Copper, Silver, Gold","Copper, Silver, Gold","Copper, Silver, Gold","Copper, Silver, Gold","Copper, Silver, Gold","Copper, Silver, Gold","Copper, Silver, Gold","Copper, Silver, Gold","Copper, Silver, Gold","Copper, Silver, Gold","Copper, Silver, Gold","Copper, Silver, Gold","Copper, Silver, Gold",,,,,,,,,0.775,0.846,0.819,0.806,0.786,0.84,0.785,0.785,0.769,0.878,0.776,0.765,,,,,,,,,,1.427,8.081,9.323,6.433,6.074,5.723,5.039,5.319,5.288,11.042,5.319,3.004,,,,,,,,,,Me.Ag,Me.Ag,Me.Ag,Me.Ag,Me.Ag,Me.Ag,Me.Ag,Me.Ag,Me.Ag,Me.Ag,Me.Ag,Me.Ag,,,,,,,,,,,,Me.Ag,Me.Ag,Me.Ag,Me.Ag,Me.Ag,Me.Ag,Me.Ag,Me.Ag,Me.Ag,Me.Ag,Me.Ag,Me.Ag,Me.Ag,,,,,,,,,"Open Pit, Underground","Open Pit, Underground","Open Pit, Underground","Open Pit, Underground","Open Pit, Underground","Open Pit, Underground","Open Pit, Underground","Open Pit, Underground","Open Pit, Underground","Open Pit, Underground","Open Pit, Underground","Open Pit, Underground","Open Pit, Underground",,,,,,,,,Minto,Minto,Minto,Minto,Minto,Minto,Minto,Minto,Minto,Minto,Minto,Minto,Minto,,,,,,,,,Mine,Mine,Mine,Mine,Mine,Mine,Mine,Mine,Mine,Mine,Mine,Mine,Mine,,,,,,,690.0,691.0,692.0,693.0,694.0,695.0,696.0,697.0,698.0,699.0,700.0,701.0,,,,,,,,,,,,,,572.0,572.0,572.0,572.0,572.0,572.0,572.0,572.0,572.0,572.0,572.0,572.0,572.0,,,,,,,,,Con.bulk,Con.bulk,Con.bulk,Con.bulk,Con.bulk,Con.Cu,Con.Cu,Con.Cu,Con.Cu,Con.Cu,Con.Cu,Con.Cu,O.bulk,,,,,,,,,,12630.0,53148.0,59863.0,46633.0,45952.0,43423.0,46303.0,50246.0,45703.0,70348.0,37372.0,27383.0,,,,,,,,,,750000.0,1158520.0,1151088.0,1494752.0,728253.0,943000.0,2013000.0,818000.0,840000.0,1752000.0,1269000.0,831000.0,,,,,,,,,,238446.0,809426.0,1031190.0,915051.0,1258308.0,1342000.0,1402000.0,1439000.0,1388000.0,1491000.0,1439000.0,907000.0,,,,,,,,,,,,,,,,11.90679966,,,,,,,,,,,,,,,5.999999999999999,,,,,,,,,16111613.0,15361613.0,14203093.0,13052005.0,11557253.0,10829000.0,9886000.0,7873000.0,7055000.0,6215000.0,4463000.0,3194000.0,2363000.0,,,,,,,10010000.0,9529320.0,12283599.0,9367801.0,11167610.0,10748000.0,11709000.0,3376000.0,5428000.0,7091000.0,8831000.0,1862000.0,,,,,,,,Waste rock,Waste rock,Waste rock,Waste rock,Waste rock,Waste rock,Waste rock,Waste rock,Waste rock,Waste rock,Waste rock,Waste rock,,,,,,,,6260000.0,8370800.0,11132511.0,7873049.0,10439357.0,9805000.0,9696000.0,2858000.0,5044000.0,5585000.0,7890000.0,1315000.0,,
COM00828.00,Nickel,Cuba,3324.12,60.0,1.0,10856.89,,,,,,,,,,,,,,,,,,,,,,,,,,,,,,,,,,,,,,,,,,,,,,,,,,,,,,,,,1029.444444,1073.537604,1115.294118,1003.125,906.779661,1075.792507,1161.320755,1046.802326,768.171021,741.978022,,,,,,,,,,,,7134.0,7136.0,7138.0,7140.0,7142.0,7144.0,7146.0,7148.0,7150.0,7152.0,,"Nickel, Cobalt","Nickel, Cobalt","Nickel, Cobalt","Nickel, Cobalt","Nickel, Cobalt","Nickel, Cobalt","Nickel, Cobalt","Nickel, Cobalt","Nickel, Cobalt","Nickel, Cobalt","Nickel, Cobalt","Nickel, Cobalt","Nickel, Cobalt","Nickel, Cobalt","Nickel, Cobalt","Nickel, Cobalt","Nickel, Cobalt","Nickel, Cobalt","Nickel, Cobalt","Nickel, Cobalt",,,,,,,,,,,,,,,,,,,,,,,2854.0,2942.0,3065.0,3141.0,3325.0,3391.0,3311.0,3573.0,3428.0,3721.0,3706.0,3854.0,3792.0,3210.0,3210.0,3733.0,3693.0,3601.0,3234.0,3376.0,,Me.Co,Me.Co,Me.Co,Me.Co,Me.Co,Me.Co,Me.Co,Me.Co,Me.Co,Me.Co,Me.Co,Me.Co,Me.Co,Me.Co,Me.Co,Me.Co,Me.Co,Me.Co,Me.Co,Me.Co,,,,,,,,,,,,,,Me.Co,Me.Co,Me.Co,Me.Co,Me.Co,Me.Co,Me.Co,Me.Co,Me.Co,Me.Co,,"Surface, High-pressure acid leaching plant","Surface, High-pressure acid leaching plant","Surface, High-pressure acid leaching plant","Surface, High-pressure acid leaching plant","Surface, High-pressure acid leaching plant","Surface, High-pressure acid leaching plant","Surface, High-pressure acid leaching plant","Surface, High-pressure acid leaching plant","Surface, High-pressure acid leaching plant","Surface, High-pressure acid leaching plant","Surface, High-pressure acid leaching plant","Surface, High-pressure acid leaching plant","Surface, High-pressure acid leaching plant","Surface, High-pressure acid leaching plant","Surface, High-pressure acid leaching plant","Surface, High-pressure acid leaching plant","Surface, High-pressure acid leaching plant","Surface, High-pressure acid leaching plant","Surface, High-pressure acid leaching plant","Surface, High-pressure acid leaching plant",,Moa Project,Moa Project,Moa Project,Moa Project,Moa Project,Moa Project,Moa Project,Moa Project,Moa Project,Moa Project,Moa Project,Moa Project,Moa Project,Moa Project,Moa Project,Moa Project,Moa Project,Moa Project,Moa Project,Moa Project,,Mine,Mine,Mine,Mine,Mine,Mine,Mine,Mine,Mine,Mine,Mine,Mine,Mine,Mine,Mine,Mine,Mine,Mine,Mine,Mine,,,,,,,,,,,,,,,,,,,,,,,,,,,,,,,,,,,575.0,575.0,575.0,575.0,575.0,575.0,575.0,575.0,575.0,575.0,,M.lat,M.lat,M.lat,M.lat,M.lat,M.lat,M.lat,M.lat,M.lat,M.lat,M.lat,M.lat,M.lat,M.lat,M.lat,M.lat,M.lat,M.lat,M.lat,M.lat,,,,,,,,,,,,,,,,,,,,,,,,,,,,,,,,,,3600000.0,3590000.0,3400000.0,3200000.0,3540000.0,3470000.0,3180000.0,3440000.0,4210000.0,4550000.0,,,,,,,,,,,,3600000.0,3590000.0,3400000.0,3200000.0,3540000.0,3470000.0,3180000.0,3440000.0,4210000.0,4550000.0,,,,,,,,,,,,,,,66800.0,,,,,,,,,,,,,,,1300.0,,,,,,,,,,,,82730000.0,79130000.0,75540000.0,72140000.0,68940000.0,65400000.0,61930000.0,58750000.0,55310000.0,51100000.0,,,,,,,,,,,,,,,,,,,,,,,,,,,,,,,,,,,,,,,,,,,,,,,,,,,,,,,,,,
COM00830.00,Coal,Mozambique,6596.52,10.0,1.0,107.05,,,,,,,,,,,,,,,,275000.0,2501000.0,2373000.0,3124000.0,3401000.0,3480000.0,6953000.0,6161000.0,4032000.0,,,,,,,,,,,,,275000.0,2501000.0,2373000.0,3124000.0,3401000.0,3480000.0,6953000.0,6161000.0,4032000.0,,,,,,,,,,,,,,,,,,,,,,,,,,,,,,,,,,,,,,,,,,,,,,,,,,,,,,,"Coal, Metallurgical coal, Thermal coal","Coal, Metallurgical coal, Thermal coal","Coal, Metallurgical coal, Thermal coal","Coal, Metallurgical coal, Thermal coal","Coal, Metallurgical coal, Thermal coal","Coal, Metallurgical coal, Thermal coal","Coal, Metallurgical coal, Thermal coal","Coal, Metallurgical coal, Thermal coal","Coal, Metallurgical coal, Thermal coal",,,,,,,,,,,,,,,,,,,,,,,,,,,,,,,,,,,,,,,,,,,,,,,,,,,,,,,,,,,,,,,,,,,,,,,,,,,,,,,,,,,,,,,,,,,,,,,,,,,Open pit,Open pit,Open pit,Open pit,Open pit,Open pit,Open pit,Open pit,Open pit,,,,,,,,,,,,,Moatize,Moatize,Moatize,Moatize,Moatize,Moatize,Moatize,Moatize,Moatize,,,,,,,,,,,,,Mine,Mine,Mine,Mine,Mine,Mine,Mine,Mine,Mine,,,,,,,,,,,,,,,,,,,,,,,,,,,,,,,,,,,,,,,,,,,,579.0,,,,,,,,,,,,,F.coc,F.coc,F.coc,F.coc,F.coc,F.coc,F.coc,F.coc,F.coal,,,,,,,,,,,,,,,,,,,,,,,,,,,,,,,,,,,,,,,,,,,,,,,,,,,,,,,,,,,,,,,,,,,,,,,,,,,,,,,,,,,,,,,,,,,,,,,,,,,,,,,,,,,,,,,,,,,913800000.0,,,,,,,,,,,,,,,,,,,,,,,,,,,,,,,,,,,,,,,,,,,,,,,,,,,,,,,,,,
COM00834.00,Iron,Canada,43833.79,45.0,1.0,151.7,,,,,,,,,,,,,,,,,,,,,,,,,,,,,,,,,,,,,,,,,,,,,,,,,,,,,,,,,,650000.0,650000.0,650000.0,650000.0,650000.0,650000.0,650000.0,650000.0,650000.0,,,,,,,,,,,,,7210.0,7213.0,7216.0,7219.0,7222.0,7225.0,7228.0,7231.0,7234.0,,,,,,,,,,Iron,Iron,Iron,Iron,Iron,Iron,Iron,Iron,Iron,Iron,Iron,Iron,,,,,,,,,,,,,0.0,0.0,0.0,0.0,0.0,0.0,0.0,0.0,0.0,,,,,,,,,,,,,9815000.0,9776000.0,11700000.0,15145000.0,16835000.0,16250000.0,16445000.0,15925000.0,15470000.0,,,,,,,,,,,,,Me.Fe,Me.Fe,Me.Fe,Me.Fe,Me.Fe,Me.Fe,Me.Fe,Me.Fe,Me.Fe,,,,,,,,,,,,,,,Me.Fe,Me.Fe,Me.Fe,Me.Fe,Me.Fe,Me.Fe,Me.Fe,Me.Fe,Me.Fe,,,,,,,,,,Open pit,Open pit,Open pit,Open pit,Open pit,Open pit,Open pit,Open pit,Open pit,Open pit,Open pit,Open pit,,,,,,,,,,Mont Wright,Mont Wright,Mont Wright,Mont Wright,Mont Wright,Mont Wright,Mont Wright,Mont Wright,Mont Wright,Mont Wright,Mont Wright,Mont Wright,,,,,,,,,,Mine,Mine,Mine,Mine,Mine,Mine,Mine,Mine,Mine,Mine,Mine,Mine,,,,,,,,,,,,,,,,,,,,,,,,,,,,,,,,,,,,582.0,582.0,582.0,582.0,582.0,582.0,582.0,582.0,582.0,,,,,,,,,,Con.Fe,Con.Fe,Con.Fe,Con.Fe,Con.Fe,Con.Fe,Con.Fe,Con.Fe,Con.Fe,Con.Fe,Con.Fe,Con.Fe,,,,,,,,,,,13800000.0,13100000.0,15100000.0,15100000.0,15040000.0,18000000.0,23300000.0,25900000.0,25000000.0,25300000.0,24500000.0,23800000.0,,,,,,,,,,,,,43300000.0,46900000.0,58600000.0,66800000.0,70700000.0,68600000.0,66800000.0,70700000.0,66400000.0,,,,,,,,,,,,,43300000.0,46900000.0,58600000.0,66800000.0,70700000.0,68600000.0,66800000.0,70700000.0,66400000.0,,,,,,,,,,,,,,,,,,,,,,,,,,,,,,,,,,,,,,,,,,,2897400000.0,2854100000.0,2807200000.0,2748600000.0,2681800000.0,2611100000.0,2542500000.0,2475700000.0,2405000000.0,,,,,,,,,,,,,,,,,,,,,,,,,,,,,,,,,,,,,,,,,,,,,,,,,,,,,,,,,,
COM00840.00,Copper,United States of America,55819.0,82.0,1.0,2279.37,,,,,,,,,,,,,,,,,,,,,,,,,,,,,,,,,,,,,,,,,,,,,,,2600.0,3000.0,2800.0,2800.0,,,,,,,,,,,,,,,,,,7246.0,7249.0,7252.0,7254.0,,,,,,,,,,,,,,,,,,"Copper, Molybdenum","Copper, Molybdenum","Copper, Molybdenum","Copper, Molybdenum","Copper, Molybdenum","Copper, Molybdenum","Copper, Molybdenum","Copper, Molybdenum","Copper, Molybdenum","Copper, Molybdenum","Copper, Molybdenum","Copper, Molybdenum","Copper, Molybdenum","Copper, Molybdenum","Copper, Molybdenum","Copper, Molybdenum","Copper, Molybdenum","Copper, Molybdenum","Copper, Molybdenum","Copper, Molybdenum",,0.0,0.0,0.0,0.0,,,,,,,,,,,,,,,,,,284700.0,368100.0,412700.0,421200.0,381551.229,362873.896,369811.191,366609.363,334057.44,228397.099,233199.842,278505.715,286670.378,301185.334,368317.004,498951.607,498951.607,453592.37,453592.37,453592.37,,Me.Cu,Me.Cu,Me.Cu,Me.Cu,Me.Cu,Me.Cu,Me.Cu,Me.Cu,Me.Cu,Me.Cu,Me.Cu,Me.Cu,Me.Cu,Me.Cu,Me.Cu,Me.Cu,Me.Cu,Me.Cu,Me.Cu,Me.Cu,,,,Me.Cu,Me.Cu,Me.Cu,Me.Cu,,,,,,,,,,,,,,,,Me.Cu,,"Open pit, SX-EW","Open pit, SX-EW","Open pit, SX-EW","Open pit, SX-EW","Open pit, SX-EW","Open pit, SX-EW","Open pit, SX-EW","Open pit, SX-EW","Open pit, SX-EW","Open pit, SX-EW","Open pit, SX-EW","Open pit, SX-EW","Open pit, SX-EW","Open pit, SX-EW","Open pit, SX-EW","Open pit, SX-EW","Open pit, SX-EW","Open pit, SX-EW","Open pit, SX-EW","Open pit, SX-EW",,Morenci,Morenci,Morenci,Morenci,Morenci,Morenci,Morenci,Morenci,Morenci,Morenci,Morenci,Morenci,Morenci,Morenci,Morenci,Morenci,Morenci,Morenci,Morenci,Morenci,,Mine,Mine,Mine,Mine,Mine,Mine,Mine,Mine,Mine,Mine,Mine,Mine,Mine,Mine,Mine,Mine,Mine,Mine,Mine,Mine,,,,,,,,,,,,,,,,,,,,,,,,,587.0,587.0,587.0,587.0,,,,,,,,,,,,,,,,587.0,,O.Cu,O.Cu,O.Cu,O.Cu,,,,,,,,O.bulk,O.bulk,O.bulk,,O.bulk,O.bulk,O.bulk,O.bulk,O.Cu,,,,,,,,,,,,,,,,,,,,,,,,274871000.0,281474000.0,248505000.0,237338000.0,,,,,,,,,,,,,,,,,,263394000.0,262503000.0,241955000.0,228940000.0,,,,,,,,,,,,,,,,,,,,,,,,,,,,,,,,,,,,,,,,,,,,,,,,1981188000.0,1706317000.0,1424843000.0,1176338000.0,,,,,,,,,,,,,,,,4435000000.0,,,,,,,,,,,,,,,,,,,,,,,,,,,,,,,,,,,,,,,,,,,,,,,,,,,,,,,,,,
COM00844.00,Other (poly)-metallic,Brazil,11963.92,119.0,1.0,,,,,,,,,,,,,,,,,,,,,,,,,,,,,,,,,,,,,,,,,,,,,,,,,,,,,,,,,,,,,,,,,,,,,,,,,,,,,,,,,,,,,,,,,,,,Manganese,Manganese,Manganese,Manganese,Manganese,Manganese,Manganese,Manganese,Manganese,Manganese,Manganese,Manganese,Manganese,Manganese,Manganese,Manganese,Manganese,Manganese,,,,,,,,,,,,,,,,,,,,,,,,,,,,,,,,,,,,,,,,,,,,,,,,,,,,,,,,,,,,,,,,,,,,,Me.Mn,Me.Mn,Me.Mn,Me.Mn,Me.Mn,Me.Mn,Me.Mn,Me.Mn,Me.Mn,Me.Mn,Me.Mn,Me.Mn,Me.Mn,Me.Mn,Me.Mn,Me.Mn,Me.Mn,Me.Mn,,,,Open pit,Open pit,Open pit,Open pit,Open pit,Open pit,Open pit,Open pit,Open pit,Open pit,Open pit,Open pit,Open pit,Open pit,Open pit,Open pit,Open pit,Open pit,,,,Morro da Mina,Morro da Mina,Morro da Mina,Morro da Mina,Morro da Mina,Morro da Mina,Morro da Mina,Morro da Mina,Morro da Mina,Morro da Mina,Morro da Mina,Morro da Mina,Morro da Mina,Morro da Mina,Morro da Mina,Morro da Mina,Morro da Mina,Morro da Mina,,,,Mine,Mine,Mine,Mine,Mine,Mine,Mine,Mine,Mine,Mine,Mine,Mine,Mine,Mine,Mine,Mine,Mine,Mine,,,,,,,,,,,,,,,,,,,,,,,,,,,594.0,594.0,594.0,594.0,594.0,594.0,594.0,594.0,594.0,594.0,594.0,594.0,594.0,594.0,594.0,594.0,594.0,594.0,,,,O.Mn,O.Mn,O.Mn,O.Mn,O.Mn,O.Mn,O.Mn,O.Mn,O.Mn,O.Mn,O.Mn,O.Mn,O.Mn,O.Mn,O.Mn,O.Mn,O.Mn,O.Mn,,,,,,,,,,,,,,,,,,,,,,,,,,100000.0,100000.0,200000.0,300000.0,200000.0,100000.0,100000.0,100000.0,100000.0,100000.0,200000.0,100000.0,100000.0,0.0,0.0,100000.0,100000.0,200000.0,,,,100000.0,100000.0,200000.0,300000.0,200000.0,100000.0,100000.0,100000.0,100000.0,100000.0,200000.0,100000.0,100000.0,0.0,0.0,100000.0,100000.0,200000.0,,,,,,,,,,,,,,,,,,,,,,,,,,,,,,,,,,10300000.0,10200000.0,10100000.0,9900000.0,9600000.0,9400000.0,9300000.0,9200000.0,9100000.0,9000000.0,8900000.0,8700000.0,8600000.0,8500000.0,8500000.0,8500000.0,8400000.0,8300000.000000001,,,,,,,,,,,,,,,,,,,,,,,,,,,,,,,,,,,,,,,,,,,,,,,,,,,,,,,,,,
COM00850.00,Coal,Australia,56861.95,19.0,1.0,33.91,,,,,,,4560000.0,6440000.0,8720000.0,9865000.0,9146000.0,10897000.0,11776000.0,11775000.0,12039000.0,13671000.0,16757000.0,18010000.0,19964000.0,19698000.0,17101000.0,18176000.0,18541000.0,18257000.0,,,,4560000.0,6440000.0,8720000.0,9865000.0,9146000.0,10897000.0,11776000.0,11775000.0,12039000.0,13671000.0,16757000.0,18010000.0,19964000.0,19698000.0,17101000.0,18176000.0,18541000.0,18257000.0,,,,,,,,,,,,,,,,,,,,,,,,,,,,,,,,,,,,,,,,,,,,,,Thermal bituminous coal,Thermal bituminous coal,Thermal bituminous coal,Thermal bituminous coal,Thermal bituminous coal,Thermal bituminous coal,Thermal bituminous coal,Thermal bituminous coal,Thermal bituminous coal,Thermal bituminous coal,Thermal bituminous coal,Thermal bituminous coal,Thermal bituminous coal,Thermal bituminous coal,Thermal bituminous coal,Thermal bituminous coal,Thermal bituminous coal,Thermal bituminous coal,,,,,,,,,,,,,,,,,,,,,,,,,,,,,,,,,,,,,,,,,,,,,,,,,,,,,,,,,,,,,,,,,,,,,,,,,,,,,,,,,,,,,,,,,,Open pit,Open pit,Open pit,Open pit,Open pit,Open pit,Open pit,Open pit,Open pit,Open pit,Open pit,Open pit,Open pit,Open pit,Open pit,Open pit,Open pit,Open pit,,,,Mount Arthur,Mount Arthur,Mount Arthur,Mount Arthur,Mount Arthur,Mount Arthur,Mount Arthur,Mount Arthur,Mount Arthur,Mount Arthur,Mount Arthur,Mount Arthur,Mount Arthur,Mount Arthur,Mount Arthur,Mount Arthur,Mount Arthur,Mount Arthur,,,,Mine,Mine,Mine,Mine,Mine,Mine,Mine,Mine,Mine,Mine,Mine,Mine,Mine,Mine,Mine,Mine,Mine,Mine,,,,,,,,,,,,,,,,,,,,,,,,,,,596.0,596.0,596.0,596.0,596.0,596.0,596.0,596.0,596.0,596.0,596.0,596.0,596.0,596.0,596.0,596.0,596.0,596.0,,,,F.stc,F.stc,F.stc,F.stc,F.stc,F.stc,F.stc,F.stc,F.stc,F.stc,F.stc,F.stc,F.stc,F.stc,F.stc,F.stc,F.stc,F.stc,,,,,,,,,,,,,,,,,,,,,,,,,,,,,,,,,,,,,,,,,,,,,,,,,,,,,,,,,,,,,,,,,,,,,,,,,,,,,,,,,,,,,,,,,,,,,,,,,,818136000.0,813576000.0,807136000.0,798416000.0,788551000.0,779405000.0,768508000.0,756732000.0,744957000.0,732918000.0,719247000.0,702490000.0,684480000.0,664516000.0,644818000.0,627717000.0,609541000.0,591000000.0,,,,,,,,,,,,,,,,,,,,,,,,,,,,,,,,,,,,,,,,,,,,,,,,,,,,,,,,,,
COM00852.00,Iron,Australia,56861.95,55.0,1.0,36.19,,,,,,,,,,,,,,,,,,,,,,,,,,,,,,,,,,,,,,,,,,,,,,,,,,,,,,,,,,,,,,,,,,,,,,,,,,,,,,,,,,,,,,,,,Iron,Iron,Iron,Iron,Iron,Iron,Iron,Iron,Iron,Iron,Iron,Iron,Iron,Iron,Iron,Iron,Iron,Iron,Iron,Iron,,,,,,,,,,,,,,,,,,,,,,,,,,,,,,,,,,,,,,,,,,,,,,,,,,,,,,,,,,,,,,,,,,,,,,,,,,,,,,,,,,,,,,,,Open pit,Open pit,Open pit,Open pit,Open pit,Open pit,Open pit,Open pit,Open pit,Open pit,Open pit,Open pit,Open pit,Open pit,Open pit,Open pit,Open pit,Open pit,Open pit,Open pit,,Mount Goldsworthy,Mount Goldsworthy,Mount Goldsworthy,Mount Goldsworthy,Mount Goldsworthy,Mount Goldsworthy,Mount Goldsworthy,Mount Goldsworthy,Mount Goldsworthy,Mount Goldsworthy,Mount Goldsworthy,Mount Goldsworthy,Mount Goldsworthy,Mount Goldsworthy,Mount Goldsworthy,Mount Goldsworthy,Mount Goldsworthy,Mount Goldsworthy,Mount Goldsworthy,Mount Goldsworthy,,Mine,Mine,Mine,Mine,Mine,Mine,Mine,Mine,Mine,Mine,Mine,Mine,Mine,Mine,Mine,Mine,Mine,Mine,Mine,Mine,,,,,,,,,,,,,,,,,,,,,,,,,,,,,,,,,,,,,,,,,,,,,,O.Fe,O.Fe,O.Fe,O.Fe,O.Fe,O.Fe,O.Fe,O.Fe,O.Fe,O.Fe,O.Fe,O.Fe,O.Fe,O.Fe,O.Fe,O.Fe,O.Fe,O.Fe,O.Fe,O.Fe,,,,,,,,,,,,,,,,,,,,,,,,7502353.0,7769412.0,7584706.0,7896471.0,13552941.0,25055294.0,28504706.0,25074118.0,33024706.0,43445882.0,47500000.0,48225882.0,50815294.0,53909412.0,56230588.0,58816471.0,55057647.0,57345882.0,60608235.0,55811765.0,,7502353.0,7769412.0,7584706.0,7896471.0,13552941.0,25055294.0,28504706.0,25074118.0,33024706.0,43445882.0,47500000.0,48225882.0,50815294.0,53909412.0,56230588.0,58816471.0,55057647.0,57345882.0,60608235.0,55811765.0,,,,,,,,,,,,,,,,,,,,,,,,,,,,,,,,,,,,,,,,,,,,,,,,,,,,,,,,,,,,,,,,,,,,,,,,,,,,,,,,,,,,,,,,,,,,,,,,,,,,,,,,,,,,,
COM00853.00,Nickel,Australia,56861.95,26.0,1.0,8947.87,,,,,,,,,,,,,,,,,,,,,,,,,,,,,,,,,,,,,,,,,,,,,,,,,5800.0,6300.0,5700.0,,,,,,,,,,,,,,809000.0,774000.0,,,,,,,,,,,,,,,,,,,,7457.0,7458.0,,,,Nickel,Nickel,Nickel,Nickel,,,,,,,,,,,,,Nickel,Nickel,,,,,,,,,,,,,,,,,,,,0.0,0.0,,,,43600.0,49400.0,43700.0,38100.0,,,,,,,,,,,,,165683.2,155109.6,,,,Me.Ni,Me.Ni,Me.Ni,Me.Ni,,,,,,,,,,,,,Me.Ni,Me.Ni,,,,,,,,,,,,,,,,,,,,,,,Me.Ni,,,,Open pit,Open pit,Open pit,Open pit,,,,,,,,,,,,,Open pit,Open pit,,,,Mount Keith,Mount Keith,Mount Keith,Mount Keith,,,,,,,,,,,,,Mount Keith,Mount Keith,,,,Mine,Mine,Mine,Mine,,,,,,,,,,,,,Mine,Mine,,,,,,,,,,,,,,,,,,,,,,,,,,,,,,,,,,,,,,,,,,,,597.0,,,,Con.Ni,Con.Ni,Con.Ni,O.Ni,,,,,,,,,,,,,Con.Ni,Con.Ni,,,,,,,,,,,,,,,,,,,,,204800.0,200400.0,,,,11000000.0,11200000.0,11200000.0,,,,,,,,,,,,,,,,,,,11000000.0,11200000.0,11200000.0,,,,,,,,,,,,,,,,,,,,,,,,,,,,,,,,,,,,,,,,,,,,,,,,,,,,,,,,,,,,,,,,,,96400000.0,,,,,,,,,,,,,,,,,,,,,,,,,,,,,,,,,,,,,,,,,,,,,,,,,,,,,,,,,,
COM00854.00,Other (poly)-metallic,Australia,56861.95,5.0,1.0,,,,,,,,,,,,,,,,,,,,,,,,,,,,,,,,,,,,,,,,,,,,,,,,,,,,,,,,,,,,,,,,,,,,,,,,,,,,,,,,,,,,,,,,,,,,,,,,,,,,,,,,,,,Lithium,Lithium,Lithium,Lithium,,,,,,,,,,,,,,,,,,,,,,,,,,,,,,,,,,,,,,,,,,,,,,,,,,,,,,,,,,,,,,,,,,,,,,,,,,,,,,,,,,,,,,,,,,,,,,,,,,,,,,,,,,,,,,,,,,,,,,,,,,,,,Mount Marion,Mount Marion,Mount Marion,Mount Marion,,,,,,,,,,,,,,,,,,Mine,Mine,Mine,Mine,,,,,,,,,,,,,,,,,,,,,,,,,,,,,,,,,,,,,,,,,,,,,,,,,,,,,,,,,,,,,,Con.Li,Con.Li,Con.Li,Con.Li,,,,,,,,,,,,,,,,,,,156000.0,435000.0,423000.0,496000.0,,,,,,,,,,,,,,,,,,,,,,,,,,,,,,,,,,,,,,,,,,,,,,,,,,,,,,,,,,,,,,,,,,,,,,,,,,,,,,,,,,,,,,,,,,,,,,,,,,,,,,,,,,,,,,,,,,,,,,,,,,,,,,,,,,,,,,,,,,,,,,,,,,,,,,
COM00855.00,Gold,Australia,56861.95,13.0,1.0,847.72,,,,,,,,,,,,,,,,,,,,,,,,,,,,,,,,,,,,,,,,,,,,,,,,,,,,,,,10.2,9.7,6.2,5.8,5.3,3.2,2.9,3.3,3.5,3.5,4.2,3.7,4.4,,,,,,,,,7464.0,7466.0,7468.0,7470.0,7472.0,7474.0,7476.0,7478.0,7480.0,7482.0,7484.0,7486.0,7488.0,,,,,,,,,Gold,Gold,Gold,Gold,Gold,Gold,Gold,Gold,Gold,Gold,Gold,Gold,Gold,,,,,,,,,0.011444,0.95,0.95,0.95,0.94,0.94,0.95,0.95,0.95,0.93,0.92,0.95,0.92,,,,,,,,,0.181,1.472,1.871,1.973,2.567,4.148,5.312,3.787,4.077,4.225,4.912,4.253,4.983,,,,,,,,,Me.Au,Me.Au,Me.Au,Me.Au,Me.Au,Me.Au,Me.Au,Me.Au,Me.Au,Me.Au,Me.Au,Me.Au,Me.Au,,,,,,,,,,,Me.Au,Me.Au,Me.Au,Me.Au,Me.Au,Me.Au,Me.Au,Me.Au,Me.Au,Me.Au,Me.Au,Me.Au,Me.Au,,,,,,,,,"Open pit, Underground","Open pit, Underground","Open pit, Underground","Open pit, Underground","Open pit, Underground","Open pit, Underground","Open pit, Underground","Open pit, Underground","Open pit, Underground","Open pit, Underground","Open pit, Underground","Open pit, Underground","Open pit, Underground",,,,,,,,,Mount Monger,Mount Monger,Mount Monger,Mount Monger,Mount Monger,Mount Monger,Mount Monger,Mount Monger,Mount Monger,Mount Monger,Mount Monger,Mount Monger,Mount Monger,,,,,,,,,Mine,Mine,Mine,Mine,Mine,Mine,Mine,Mine,Mine,Mine,Mine,Mine,Mine,,,,,,,,,,,,,,,,,,,,,,,,,,,,,,,,598.0,598.0,598.0,598.0,598.0,598.0,598.0,598.0,598.0,598.0,598.0,598.0,598.0,,,,,,,,,O.Au,O.Au,O.Au,O.Au,O.Au,O.Au,O.Au,O.Au,O.Au,O.Au,O.Au,O.Au,O.Au,,,,,,,,,,,,,,,,,,,,,,,,,,,,,,,27554.0,162863.0,339916.0,405525.0,717076.0,1091100.0,1028326.0,688085.0,1286196.0,1306508.0,1269722.0,1419100.0,1755539.0,,,,,,,,,21085.0,160103.0,315343.0,356684.0,517105.0,1367318.0,1931486.0,1215308.0,1236600.0,1300152.0,1256120.0,1229195.0,1233922.0,,,,,,,,,,,,,,,15.053596713,,,,,,,,,,,,,,,2.8,,,,,,,,,15614971.0,15587417.0,15424554.0,15084638.0,14679113.0,13962037.0,12870937.0,11842611.0,11154526.0,9868330.0,8561822.0,7292100.0,5873000.0,,,,,,,,,,,,,,,,,,,,,,,,,,,,,,,,,,,,,,,,,,,,,,,,,,,,,,,,,
COM00856.00,Iron,Australia,56861.95,52.0,1.0,36.19,,,,,,,,,,,,,,,,,,,,,,,,,,,,,,,,,,,,,,,,,,,,,,,,,,,,,,,,,,,,,,,,,,,,,,,,,,,,,,,,,,,,,,,,,Iron,Iron,Iron,Iron,Iron,Iron,Iron,Iron,Iron,Iron,Iron,Iron,Iron,Iron,Iron,Iron,Iron,Iron,Iron,Iron,,,,,,,,,,,,,,,,,,,,,,,,,,,,,,,,,,,,,,,,,,,,,,,,,,,,,,,,,,,,,,,,,,,,,,,,,,,,,,,,,,,,,,,,Open pit,Open pit,Open pit,Open pit,Open pit,Open pit,Open pit,Open pit,Open pit,Open pit,Open pit,Open pit,Open pit,Open pit,Open pit,Open pit,Open pit,Open pit,Open pit,Open pit,,Mount Newman,Mount Newman,Mount Newman,Mount Newman,Mount Newman,Mount Newman,Mount Newman,Mount Newman,Mount Newman,Mount Newman,Mount Newman,Mount Newman,Mount Newman,Mount Newman,Mount Newman,Mount Newman,Mount Newman,Mount Newman,Mount Newman,Mount Newman,,Mine,Mine,Mine,Mine,Mine,Mine,Mine,Mine,Mine,Mine,Mine,Mine,Mine,Mine,Mine,Mine,Mine,Mine,Mine,Mine,,,,,,,,,,,,,,,,,,,,,,,,,,,,,,,,,,,,,,,,,,,,,,O.Fe,O.Fe,O.Fe,O.Fe,O.Fe,O.Fe,O.Fe,O.Fe,O.Fe,O.Fe,O.Fe,O.Fe,O.Fe,O.Fe,O.Fe,O.Fe,O.Fe,O.Fe,O.Fe,O.Fe,,,,,,,,,,,,,,,,,,,,,,,,22818824.0,24649412.0,27498824.0,25832941.0,28777647.0,30277647.0,29145882.0,34477647.0,41704706.0,36882353.0,37761176.0,53229412.0,60383529.0,62349412.0,66958824.0,74937647.0,77577647.0,80332941.0,78907059.0,78378824.0,,22818824.0,24649412.0,27498824.0,25832941.0,28777647.0,30277647.0,29145882.0,34477647.0,41704706.0,36882353.0,37761176.0,53229412.0,60383529.0,62349412.0,66958824.0,74937647.0,77577647.0,80332941.0,78907059.0,78378824.0,,,,,,,,,,,,,,,,,,,,,,,,,,,,,,,,,,,,,,,,,,,,,,,,,,,,,,,,,,,,,,,,,,,,,,,,,,,,,,,,,,,,,,,,,,,,,,,,,,,,,,,,,,,,,
COM00857.00,Coal,Australia,56861.95,40.0,1.0,43.21,,,,,,2721000.0,2395000.0,1932000.0,10502000.0,10255000.0,11237000.0,8699000.0,8988000.0,8504000.0,2224000.0,2516000.0,2880000.0,3127000.0,2885000.0,2251000.0,2229000.0,3900000.0,12100000.0,12100000.0,11900000.0,,2721000.0,2395000.0,1932000.0,10502000.0,10255000.0,11237000.0,8699000.0,8988000.0,8504000.0,2224000.0,2516000.0,2880000.0,3127000.0,2885000.0,2251000.0,2229000.0,5800000.0,17600000.0,17600000.0,17600000.0,,,,,,,,,,,,,,,,,,,,,,,,,,,,,,,,,,,,,,,,,,,,"Thermal coal, Soft coking coal, semi-soft coking coal","Thermal coal, Soft coking coal, semi-soft coking coal","Thermal coal, Soft coking coal, semi-soft coking coal","Thermal coal, Soft coking coal, semi-soft coking coal","Thermal coal, Soft coking coal, semi-soft coking coal","Thermal coal, Soft coking coal, semi-soft coking coal","Thermal coal, Soft coking coal, semi-soft coking coal","Thermal coal, Soft coking coal, semi-soft coking coal","Thermal coal, Soft coking coal, semi-soft coking coal","Thermal coal, Soft coking coal, semi-soft coking coal","Thermal coal, Soft coking coal, semi-soft coking coal","Thermal coal, Soft coking coal, semi-soft coking coal","Thermal coal, Soft coking coal, semi-soft coking coal","Thermal coal, Soft coking coal, semi-soft coking coal","Thermal coal, Soft coking coal, semi-soft coking coal","Thermal coal, Soft coking coal, semi-soft coking coal","Thermal coal, Soft coking coal, semi-soft coking coal","Thermal coal, Soft coking coal, semi-soft coking coal","Thermal coal, Soft coking coal, semi-soft coking coal","Thermal coal, Soft coking coal, semi-soft coking coal",,,,,,,,,,,,,,,,,,,,,,,,,,,,,,,,,,,,,,,,,,,,,,,,,,,,,,,,,,,,,,,,,,,,,,,,,,,,,,,,,,,,,,,,,,,,,,,,,,,,,,,,,,,,,Mount Thorley Warkworth,Mount Thorley Warkworth,Mount Thorley Warkworth,Mount Thorley Warkworth,Mount Thorley Warkworth,Mount Thorley Warkworth,Mount Thorley Warkworth,Mount Thorley Warkworth,Mount Thorley Warkworth,Mount Thorley Warkworth,Mount Thorley Warkworth,Mount Thorley Warkworth,Mount Thorley Warkworth,Mount Thorley Warkworth,Mount Thorley Warkworth,Mount Thorley Warkworth,Mount Thorley Warkworth,Mount Thorley Warkworth,Mount Thorley Warkworth,Mount Thorley Warkworth,,Mine,Mine,Mine,Mine,Mine,Mine,Mine,Mine,Mine,Mine,Mine,Mine,Mine,Mine,Mine,Mine,Mine,Mine,Mine,Mine,,,,,,,,,,,,,,,,,,,,,,,,,,,,,,,,,,,,,,,,,,,,,,F.coc,F.coc,F.coc,F.coal,F.coal,F.coal,F.coal,F.coal,F.coal,F.coc,F.coc,F.coc,F.coc,F.coc,F.coc,F.coc,F.coal,F.coal,F.coal,F.coal,,,,,,,,,,,,,,,,,,,,,,,,,,,,,,,,,,,,,,,,,,,,,,,,,,,,,,,,,,,,,,,,,,,,,,,,,,,,,,,,,,,,,,,,,,,,,,,,,,,,,,,,,,,,,,,,,,,,,,,,,,,,,,,,,,,,,,,,,,,,,,,,,,,,,,,,,,,,,,,,,,,,,,,,,,,,
COM00861.00,Aluminium,Brazil,11963.92,42.0,1.0,2501.98,,,,,,,,,,,,,,,,,,,,,,,,,,,,,,,,,,,,,,,,,,,,,,,,,,,,,,,,,,,,,,,,,,,,,,,,,,,,,,,,,,,,,,,,,,,,,,,,,Bauxite,Bauxite,Bauxite,Bauxite,Bauxite,Bauxite,Bauxite,Bauxite,Bauxite,Bauxite,Bauxite,,,,,,,,,,,,,,,,,,,,,,,,,,,,,,,,,,,,,,,,,,,,,,,,,,,,,,,,,,,,,,,,,,,,,,,,,,,,Me.Al2O3,Me.Al2O3,Me.Al2O3,Me.Al2O3,Me.Al2O3,Me.Al2O3,Me.Al2O3,Me.Al2O3,Me.Al2O3,Me.Al2O3,Me.Al2O3,,,,,,,,,,,,,,,,,,,,,,,,,,,,,,,,MRN Porto Trombetas,MRN Porto Trombetas,MRN Porto Trombetas,MRN Porto Trombetas,MRN Porto Trombetas,MRN Porto Trombetas,MRN Porto Trombetas,MRN Porto Trombetas,MRN Porto Trombetas,MRN Porto Trombetas,MRN Porto Trombetas,,,,,,,,,,,Mine,Mine,Mine,Mine,Mine,Mine,Mine,Mine,Mine,Mine,Mine,,,,,,,,,,,,,,,,,,,,,,,,,,,,,,,,,,602.0,602.0,602.0,602.0,602.0,602.0,602.0,602.0,602.0,602.0,602.0,,,,,,,,,,,O.Al,O.Al,O.Al,O.Al,O.Al,O.Al,O.Al,O.Al,O.Al,O.Al,O.Al,,,,,,,,,,,,,,,,,,,,,,,,,,,,,,,,,18063000.0,15645000.0,15435000.0,15224000.0,15512000.0,15729000.0,16376000.0,16162000.0,16462000.0,14698000.0,13134000.0,,,,,,,,,,,18063000.0,15645000.0,15435000.0,15224000.0,15512000.0,15729000.0,16376000.0,16162000.0,16462000.0,14698000.0,13134000.0,,,,,,,,,,,,,,,,,,,,,,,,,,,,,,,,,,,,,,,,,207306000.0,189243000.0,173598000.0,158163000.0,142939000.0,127427000.0,111698000.0,95322000.0,79160000.0,62698000.0,48000000.0,,,,,,,,,,,,,,,,,,,,,,,,,,,,,,,,,,,,,,,,,,,,,,,,,,,,,,,,,,,
COM00862.00,Other (poly)-metallic,Australia,56861.95,10.0,1.0,,,,,,,,,,,,,,,,,,,,,,,,,,,,,,,,,,,,,,,,,,,,,,,,,,,,,,,,,,,33000.0,12300.0,,,,,56900.0,57600.0,59300.0,,,,,,,,,,,,,7588.0,7594.0,,,,,7604.0,7607.0,7610.0,,,,,,,,,,,,,"Spodumene, Lithium","Spodumene, Lithium","Spodumene, Lithium","Spodumene, Lithium","Spodumene, Lithium","Spodumene, Lithium","Spodumene, Lithium","Spodumene, Lithium","Spodumene, Lithium",,,,,,,,,,,,,0.0,0.0,,,,,0.0,0.0,0.0,,,,,,,,,,,,,15.312,5571.949,,,,,78030.669,98121.773,100535.382,,,,,,,,,,,,,Me.Ta2O5,Me.Li2O,,,,,Me.Li2O,Me.Li2O,Me.Li2O,,,,,,,,,,,,,,,Me.Li2O,Me.Li2O,Me.Li2O,Me.Li2O,Me.Li2O,,Me.Li2O,Me.Li2O,Me.Li2O,,,,,,,,,,,,,Open pit,Open pit,Open pit,Open pit,Open pit,Open pit,Open pit,Open pit,Open pit,,,,,,,,,,,,,Mt Cattlin,Mt Cattlin,Mt Cattlin,Mt Cattlin,Mt Cattlin,Mt Cattlin,Mt Cattlin,Mt Cattlin,Mt Cattlin,,,,,,,,,,,,,Mine,Mine,Mine,Mine,Mine,Mine,Mine,Mine,Mine,,,,,,,,,,,,,,,,,702.0,718.0,719.0,,,,,,,,,,,,,,,,,603.0,603.0,603.0,603.0,603.0,,603.0,603.0,603.0,,,,,,,,,,,,,Con.Li,Con.Li,O.Li,O.Li,O.Li,Con.Li,Con.Li,Con.Li,Con.Li,,,,,,,,,,,,,,63863.0,54047.0,,,,9700.0,155679.0,156689.0,191570.0,,,,,,,,,,,,,616714.0,454912.0,0.0,0.0,0.0,,1321715.0,1777720.0,1790049.0,,,,,,,,,,,,,628779.0,453004.0,0.0,0.0,0.0,,1371365.0,1703503.0,1695369.0,,,,,,,,,,,,,,,,,,,,,,,,,,,,,,,,,,,,,,,,,,,12371061.0,11754347.0,11299435.0,11299435.0,11299435.0,,11299435.0,9977720.0,8199999.999999999,,,,,,,,,,,,,,,,,3631426.197,6117219.6899999995,8182233.535999999,,,,,,,,,,,,,,,,,,,,,,,,,,,,,,,,,,,,2788244.73,,,
COM00864.00,Gold,Australia,56861.95,9.0,1.0,1514.58,,,,,,,,,,,,,,,,,,,,,,,,,,,,,,,,,,,,,,,,,,,,,,,,,,,,,,,,,,,0.69,1.22,1.6,1.67,3.553836,3.739534,1.59,1.91,2.74,,,,,,,,,,,,,7639.0,7641.0,7643.0,7645.0,7647.0,7649.0,7651.0,7653.0,7655.0,,,,,,,,,,,,,Gold,Gold,Gold,Gold,Gold,Gold,Gold,Gold,Gold,,,,,,,,,,,,,2.08815,0.729833,0.435578,0.9201,0.942048,0.933674,0.932,0.955,0.965,,,,,,,,,,,,,0.36,1.815,2.301,2.54,3.447,3.903,2.586,3.57,5.209,,,,,,,,,,,,,Me.Au,Me.Au,Me.Au,Me.Au,Me.Au,Me.Au,Me.Au,Me.Au,Me.Au,,,,,,,,,,,,,,,Me.Au,Me.Au,Me.Au,Me.Au,Me.Au,Me.Au,Me.Au,Me.Au,Me.Au,,,,,,,,,,,,,"Underground, Open pit","Underground, Open pit","Underground, Open pit","Underground, Open pit","Underground, Open pit","Underground, Open pit","Underground, Open pit","Underground, Open pit","Underground, Open pit",,,,,,,,,,,,,Mt Magnet,Mt Magnet,Mt Magnet,Mt Magnet,Mt Magnet,Mt Magnet,Mt Magnet,Mt Magnet,Mt Magnet,,,,,,,,,,,,,Mine,Mine,Mine,Mine,Mine,Mine,Mine,Mine,Mine,,,,,,,,,,,,,,,,,,,,,,,,,,,,,,,,,,,,604.0,604.0,604.0,604.0,604.0,604.0,604.0,604.0,604.0,,,,,,,,,,,,,O.Au,O.Au,O.Au,O.Au,O.Au,O.Au,O.Au,O.Au,O.Au,,,,,,,,,,,,,,,,,,,,,,,,,,,,,,,,,,,518716.0,1616343.0,1603470.0,1633417.0,1694883.0,1913952.0,1208000.0,2339000.0,3442000.0,,,,,,,,,,,,,518716.0,1616343.0,1603470.0,1633417.0,1694883.0,1913952.0,1742000.0,1962000.0,1973000.0,,,,,,,,,,,,,,,23.014,,,,,,,,,,,,,,,2.0888991674375577,,,,,,,,,,,,,23337781.0,22819065.0,21202722.0,19599252.0,17965835.0,16270952.0,14357000.0,13149000.0,10810000.0,,,,,,,,,,,,,,,,,,,,,,,,,,,,,,,,,,,,,,,,,,,,,,,,,,,,,,,,,
COM00868.00,Coal,United States of America,55819.0,9.0,0.0,95.29,,,,,,,,,,,,,,,1542240.0,1995840.0,926251.0,220450.0,0.0,0.0,0.0,5443.0,48989.0,,,,,,,,,,,,,1542240.0,1995840.0,926251.0,220450.0,0.0,0.0,0.0,5443.0,48989.0,,,,,,,,,,,,,,,,,,,,,,,,,,,,,,,,,,,,,,,,,,,,,,,,,,,,,,,Bituminous coal,Bituminous coal,Bituminous coal,Bituminous coal,Bituminous coal,Bituminous coal,Bituminous coal,Bituminous coal,Bituminous coal,,,,,,,,,,,,,,,,,,,,,,,,,,,,,,,,,,,,,,,,,,,,,,,,,,,,,,,,,,,,,,,,,,,,,,,,,,,,,,,,,,,,,,,,,,,,,,,,,,,Surface,Surface,Surface,Surface,Surface,Surface,Surface,Surface,Surface,,,,,,,,,,,,,Muhlenberg,Muhlenberg,Muhlenberg,Muhlenberg,Muhlenberg,Muhlenberg,Muhlenberg,Muhlenberg,Muhlenberg,,,,,,,,,,,,,Mine,Mine,Mine,Mine,Mine,Mine,Mine,Mine,Mine,,,,,,,,,,,,,,,,,,,,,,,,,,,,,,,,,,,,,,,,,,,,,,,,,,,,,,,,,F.obc,F.obc,F.obc,F.obc,F.obc,F.obc,F.obc,F.obc,F.obc,,,,,,,,,,,,,,,,,,,,,,,,,,,,,,,,,,,,,,,,,,,,,,,,,,,,,,,,,,,,,,,,,,,,,,,,,,,,,,,,,,,,,,,,,,,,,,,,,,,,,,,,,,,,,,,,,,,,,,,,,,,,,,,,,,,,,,,,,,,,,,,,,,,,,,,,,,,,,,,,,,,,,,,,,,,,,,
COM00870.00,Other mine,Zimbabwe,4800.0,17.0,1.0,,,,,,,,,,,,,,,,,,,,,,,,,,,,,,,,,,,,,,,,,,,,,,,,,,,,,,,,,,,,,,,,,,,,,,,,,,,,,,,,,,,,,,,,,,,,,,Diamonds,Diamonds,Diamonds,Diamonds,Diamonds,Diamonds,Diamonds,Diamonds,Diamonds,Diamonds,Diamonds,,,,,,,,,,,,,,,,,,,,,,,,,,,,,,,,0.009,0.05,0.048,0.029,0.053,0.025,0.036,0.073,0.081,0.083,0.088,,,,,,,,,,,Nm.dia,Nm.dia,Nm.dia,Nm.dia,Nm.dia,Nm.dia,Nm.dia,Nm.dia,Nm.dia,Nm.dia,Nm.dia,,,,,,,,,,,,,,,,,,,,,,,Nm.dia,,,,,,,,,,,,,,,,,,,,,,,,,,,,,,,,Murowa,Murowa,Murowa,Murowa,Murowa,Murowa,Murowa,Murowa,Murowa,Murowa,Murowa,,,,,,,,,,,Mine,Mine,Mine,Mine,Mine,Mine,Mine,Mine,Mine,Mine,Mine,,,,,,,,,,,,,,,,,,,,,,,,,,,,,,,,,,,,,,,,,,,,608.0,,,,,,,,,,,,,,,,,,,,,O.dig,,,,,,,,,,,,,,,,,,,,,,,,,,,,,,,,,,,,,,,,,,,,,,,,,,,,,,,,,,,,,,,,,,,,,,,,,,,,,,,,,,,,,,,,,,,,,,,,,,,,,,,,,,,,,,,,,,,4000000.0,,,,,,,,,,,,,,,,,,,,,,,,,,,,,,,,,,,,,,,,,,,,,,,,,,,,,,,,,,,,,,,
COM00872.00,Nickel,Australia,56861.95,22.0,1.0,21808.85,,,,,,,,,,,,,,,,,,,,,,,,,,,,,,,,,,,,,,,,,,,,,,,,,,,,,,,,,,,,,,,,,,,,,,,,,,,,,,,,,,,,,,,,,,,,,,,,,,,"Nickel, Cobalt, Copper","Nickel, Cobalt, Copper","Nickel, Cobalt, Copper","Nickel, Cobalt, Copper","Nickel, Cobalt, Copper","Nickel, Cobalt, Copper","Nickel, Cobalt, Copper","Nickel, Cobalt, Copper","Nickel, Cobalt, Copper","Nickel, Cobalt, Copper",,,,,,,,,,,,,,,,,,,,,,,,,,,,,,,,,1900.0,1900.0,300.0,100.0,2700.0,2800.0,2800.0,2700.0,2900.0,3400.0,,,,,,,,,,,,Me.Co,Me.Co,Me.Co,Me.Co,Me.Co,Me.Co,Me.Co,Me.Co,Me.Co,Me.Co,,,,,,,,,,,,,,,,,,,,,,,Me.Co,,,,,,,,,,,,Open pit,Open pit,Open pit,Open pit,Open pit,Open pit,Open pit,Open pit,Open pit,Open pit,,,,,,,,,,,,Murrin Murrin,Murrin Murrin,Murrin Murrin,Murrin Murrin,Murrin Murrin,Murrin Murrin,Murrin Murrin,Murrin Murrin,Murrin Murrin,Murrin Murrin,,,,,,,,,,,,Mine,Mine,Mine,Mine,Mine,Mine,Mine,Mine,Mine,Mine,,,,,,,,,,,,,,,,,,,,,,,,,,,,,,,,,,,,,,,,,,,,609.0,,,,,,,,,,,,O.bulk,O.bulk,Con.bulk,Con.bulk,O.bulk,O.bulk,O.bulk,O.bulk,O.bulk,O.bulk,,,,,,,,,,,,,,,,,,,,,,,,,,,,,,,,,,,,,,,,,,,,,,,,,,,,,,,,,,,,,,,,,,,,,,,,,,,,,,,,,,,,,,,,,,,,,,,,,,,,,,,,,,,,,,,,,,,41400000.0,,,,,,,,,,,,,,,,,,,,,,,,,,,,,,,,,,,,,,,,,,,,,,,,,,,,,,,,,,
COM00875.00,Coal,Australia,56861.95,16.0,1.0,65.81,,,,,,,,,,,,,,,,,,,2008916.0,1428170.0,1424073.0,1528134.0,1515648.0,1176755.0,985008.0,,,,,,,,,,,,,,,2285169.0,1705930.0,1652181.0,1784386.0,1711271.0,1358987.0,1148962.0,,,,,,,,,,,,,,,,,,,,,,,,,,,,,,,,,,,,,,,,,,,,,,,,,,,,,,,,,Thermal coal,Thermal coal,Thermal coal,Thermal coal,Thermal coal,Thermal coal,Thermal coal,,,,,,,,,,,,,,,,,,,,,,,,,,,,,,,,,,,,,,,,,,,,,,,,,,,,,,,,,,,,,,,,,,,,,,,,,,,,,,,,,,,,,,,,,,,,,,,,,,,,,"Underground, Open cut","Underground, Open cut","Underground, Open cut","Underground, Open cut","Underground, Open cut","Underground, Open cut","Underground, Open cut",,,,,,,,,,,,,,,Muswellbrook,Muswellbrook,Muswellbrook,Muswellbrook,Muswellbrook,Muswellbrook,Muswellbrook,,,,,,,,,,,,,,,Mine,Mine,Mine,Mine,Mine,Mine,Mine,,,,,,,,,,,,,745.0,746.0,747.0,748.0,749.0,750.0,751.0,,,,,,,,,,,,,,,,,,,,,,,,,,,,,,,,,,,,,,,,F.coal,F.coal,F.coal,F.coal,F.coal,F.coal,F.coal,,,,,,,,,,,,,,,,,,,,,,,,,,,,,,,,,,,,,,,,,,,,,,,,,,,,,,,,,,,,,,,,,,,,,,,,,,,,,,,,,,,,,,,,,,,,,,,,,,,,,,,,,,,,,,,,,,,,,,,,,,,,,,,,,,,,,,,,,,,,,,,,,,,Waste rock,Waste rock,Waste rock,Waste rock,Waste rock,Waste rock,Waste rock,,,,,,,,,,,,,14164600.16,8545997.52,9220218.32,9987808.16,9601803.82,9905636.28,11647884.12
COM00885.00,Coal,Australia,56861.95,9.0,1.0,85.86,,,,,,,,,,,,,,,,,385714.0,3465714.0,5249000.0,7193000.0,7269000.0,6987000.0,5840000.0,5630000.0,6547000.0,,,,,,,,,,,,,362857.0,3678571.0,5659000.0,7703000.0,6823000.0,7267000.0,6289000.0,6447000.0,6111000.0,,,,,,,,,,,,,,,,,,,,,,,,,,,,,,,,,,,,,,,,,,,,,,,,,,,,,,,Coal,Coal,Coal,Coal,Coal,Coal,Coal,Coal,Coal,,,,,,,,,,,,,,,,,,,,,,,,,,,,,,,,,,,,,,,,,,,,,,,,,,,,,,,,,,,,,,,,,,,,,,,,,,,,,,,,,,,,,,,,,,,,,,,,,,,Underground,Underground,Underground,Underground,Underground,Underground,Underground,Underground,Underground,,,,,,,,,,,,,Narrabri,Narrabri,Narrabri,Narrabri,Narrabri,Narrabri,Narrabri,Narrabri,Narrabri,,,,,,,,,,,,,Mine,Mine,Mine,Mine,Mine,Mine,Mine,Mine,Mine,,,,,,,,,,,,,,,,,,,,,,,,,,,,,,,,,,,,620.0,620.0,620.0,620.0,620.0,620.0,620.0,620.0,620.0,,,,,,,,,,,,,F.coal,F.coal,F.coal,F.coal,F.coal,F.coal,F.coal,F.coal,F.coal,,,,,,,,,,,,,,,,,,,,,,,,,,,,,,,,,,,,,,,,,,,,,,,,,,,,,,,,,,,,,,,,,,,,,,,,,,,,,,,,,,,,,,,,,,,,,,,,,,,,,,,,,,,267229428.0,266866571.0,263188000.0,257529000.0,249826000.0,243003000.0,235736000.0,229447000.0,223000000.0,,,,,,,,,,,,,,,,,,,,,,,,,,,,,,,,,,,,,,,,,,,,,,,,,,,,,,,,,
COM00887.00,Coal,United States of America,55819.0,58.0,1.0,33.2,,,,,8365000.0,7671000.0,7207000.0,8050000.0,7216000.0,8245000.0,8266000.0,8174000.0,7533000.0,8363000.0,7465000.0,7472000.0,7004000.0,6544000.0,5127000.0,4858000.0,3999000.0,3356640.0,3719520.0,4536000.0,,8365000.0,7671000.0,7207000.0,8050000.0,7216000.0,8245000.0,8266000.0,8174000.0,7533000.0,8363000.0,7465000.0,7472000.0,7004000.0,6544000.0,5127000.0,4858000.0,3999000.0,3356640.0,3719520.0,4536000.0,,,,,,,,,,,,,,,,,,,,,,,,,,,,,,,,,,,,,,,,,,,,"Thermal bituminous coal, Sub-bituminous coal","Thermal bituminous coal, Sub-bituminous coal","Thermal bituminous coal, Sub-bituminous coal","Thermal bituminous coal, Sub-bituminous coal","Thermal bituminous coal, Sub-bituminous coal","Thermal bituminous coal, Sub-bituminous coal","Thermal bituminous coal, Sub-bituminous coal","Thermal bituminous coal, Sub-bituminous coal","Thermal bituminous coal, Sub-bituminous coal","Thermal bituminous coal, Sub-bituminous coal","Thermal bituminous coal, Sub-bituminous coal","Thermal bituminous coal, Sub-bituminous coal","Thermal bituminous coal, Sub-bituminous coal","Thermal bituminous coal, Sub-bituminous coal","Thermal bituminous coal, Sub-bituminous coal","Thermal bituminous coal, Sub-bituminous coal","Thermal bituminous coal, Sub-bituminous coal","Thermal bituminous coal, Sub-bituminous coal","Thermal bituminous coal, Sub-bituminous coal","Thermal bituminous coal, Sub-bituminous coal",,,,,,,,,,,,,,,,,,,,,,,,,,,,,,,,,,,,,,,,,,,,,,,,,,,,,,,,,,,,,,,,,,,,,,,,,,,,,,,,,,,,,,,,Open pit,Open pit,Open pit,Open pit,Open pit,Open pit,Open pit,Open pit,Open pit,Open pit,Open pit,Open pit,Open pit,Open pit,Open pit,Open pit,Open pit,Open pit,Open pit,Open pit,,Navajo,Navajo,Navajo,Navajo,Navajo,Navajo,Navajo,Navajo,Navajo,Navajo,Navajo,Navajo,Navajo,Navajo,Navajo,Navajo,Navajo,Navajo,Navajo,Navajo,,Mine,Mine,Mine,Mine,Mine,Mine,Mine,Mine,Mine,Mine,Mine,Mine,Mine,Mine,Mine,Mine,Mine,Mine,Mine,Mine,,,,,,,,,,,,,,,,,,,,,,,,,,,,,,,,,,,,,,,,,,,,,,F.stc,F.stc,F.stc,F.stc,F.stc,F.stc,F.stc,F.stc,F.stc,F.stc,F.stc,F.stc,F.stc,F.stc,F.stc,F.stc,F.stc,F.sbc,F.sbc,F.sbc,,,,,,,,,,,,,,,,,,,,,,,,,,,,,,,,,,,,,,,,,,,,,,,,,,,,,,,,,,,,,,,,,,,,,,,,,,,,,,,,,,,,,,,,,,,,,,,,,,,,,,,,,,,,,,,,,,,,,,,,,,,,,,,,,,,,,,,,,,,,,,,,,,,,,,,,,,,,,,,,,,,,,,,,,,,,,
COM00888.00,Coal,Russian Federation,11616.07,42.0,1.0,120.44,,,,,,,,,,,,,8053000.0,3000000.0,7400000.0,6300000.0,8800000.0,9000000.0,8900000.0,7800000.0,8900000.0,7300000.0,6400000.0,4800000.0,5100000.0,,,,,,,,,8053000.0,3000000.0,7400000.0,6300000.0,8800000.0,9000000.0,8900000.0,7800000.0,8900000.0,7300000.0,6400000.0,4800000.0,5100000.0,,,,,,,,,,,,,,,,,,,,,,,,,,,,,,,,,,,,,,,,,,,,,,,,,,,"Coking coal, Thermal coal","Coking coal, Thermal coal","Coking coal, Thermal coal","Coking coal, Thermal coal","Coking coal, Thermal coal","Coking coal, Thermal coal","Coking coal, Thermal coal","Coking coal, Thermal coal","Coking coal, Thermal coal","Coking coal, Thermal coal","Coking coal, Thermal coal","Coking coal, Thermal coal","Coking coal, Thermal coal",,,,,,,,,,,,,,,,,,,,,,,,,,,,,,,,,,,,,,,,,,,,,,,,,,,,,,,,,,,,,,,,,,,,,,,,,,,,,,,,,,,,,,,,,,,,,,,Open pit,Open pit,Open pit,Open pit,Open pit,Open pit,Open pit,Open pit,Open pit,Open pit,Open pit,Open pit,Open pit,,,,,,,,,Neryungrinsky,Neryungrinsky,Neryungrinsky,Neryungrinsky,Neryungrinsky,Neryungrinsky,Neryungrinsky,Neryungrinsky,Neryungrinsky,Neryungrinsky,Neryungrinsky,Neryungrinsky,Neryungrinsky,,,,,,,,,Mine,Mine,Mine,Mine,Mine,Mine,Mine,Mine,Mine,Mine,Mine,Mine,Mine,,,,,,,,,,,,,,,,,,,,,,,,,,,,,,,,,,,,,,,,,,,,,,,,,,,,,F.coc,F.coc,F.coc,F.coc,F.coc,F.coc,F.coc,F.coc,F.coc,F.coc,F.coc,F.coc,F.coc,,,,,,,,,,,,,,,,,,,,,,,,,,,,,,,,,,,,,,,,,,,,,,,,,,,,,,,,,,,,,,,,,,,,,,,,,,,,,,,,,,,,,,,,,,,,,,,,,,,,,,,,,,,,,,,,,,,,,,,,,,,,,,,,,,,,,,,,,,,,,,,,,,,,,,,,,,,,,,,,,,,,,,,,,,,,
COM00890.00,Coal,South Africa,16266.82,4.0,1.0,55.48,,,,,,,,,,,1370000.0,970000.0,1099000.0,822000.0,946000.0,678000.0,717000.0,419000.0,,,,539695.0,2139661.0,2741000.0,2908000.0,,,,,,,1370000.0,970000.0,1099000.0,822000.0,946000.0,678000.0,717000.0,419000.0,,,,763892.0,3673712.0,2993000.0,3955000.0,,,,,,,,,,,,,,,,,,,,,,,,,,,,,,,,,,,,,,,,,,,,,,,,,Thermal coal,Thermal coal,Thermal coal,Thermal coal,Thermal coal,Thermal coal,Thermal coal,Thermal coal,,,,Thermal coal,Thermal coal,Thermal coal,Thermal coal,,,,,,,,,,,,,,,,,,,,,,,,,,,,,,,,,,,,,,,,,,,,,,,,,,,,,,,,,,,,,,,,,,,,,,,,,,,,,,,,,,,,,,,,,,,,,"Open pit, Underground","Open pit, Underground","Open pit, Underground","Open pit, Underground","Open pit, Underground","Open pit, Underground","Open pit, Underground","Open pit, Underground",,,,"Open pit, Underground","Open pit, Underground","Open pit, Underground","Open pit, Underground",,,,,,,New Clydesdale,New Clydesdale,New Clydesdale,New Clydesdale,New Clydesdale,New Clydesdale,New Clydesdale,New Clydesdale,,,,New Clydesdale,New Clydesdale,New Clydesdale,New Clydesdale,,,,,,,Mine,Mine,Mine,Mine,Mine,Mine,Mine,Mine,,,,Mine,Mine,Mine,Mine,,,,,,,,,,,,,,,,,,758.0,759.0,,,,,,,,,,,626.0,626.0,626.0,626.0,626.0,626.0,626.0,626.0,,,,626.0,626.0,626.0,626.0,,,,,,,F.stc,F.stc,F.stc,F.stc,F.stc,F.stc,F.stc,F.stc,,,,F.stc,F.stc,F.stc,F.stc,,,,,,,,,,,,,,,,,,,,,,,,,,,,,,,,,,,,,,,,,,,,,,,,,,,,,,,,,,,,,,,,,,,,,,,,,,,,,,,,,,,,,,,,,,,,,,,,,,,,,61951604.0,60581604.0,59611604.0,58512604.0,57690604.0,56744604.0,56066604.0,55349604.0,,,,54930604.0,54166712.0,50493000.0,47500000.0,,,,,,,,,,,,,,,,,,,,,,,,,,,,,,,,,,,,,,,,,,,,,,,,,,,,,,,,,
COM00892.00,Coal,United States of America,55819.0,28.0,1.0,95.29,,,,,,,,,,,,,,,544320.0,725760.0,761141.0,752069.0,621432.0,499867.0,345643.0,206842.0,154224.0,,,,,,,,,,,,,544320.0,725760.0,761141.0,752069.0,621432.0,499867.0,345643.0,206842.0,154224.0,,,,,,,,,,,,,,,,,,,,,,,,,,,,,,,,,,,,,,,,,,,,,,,,,,,,,,,Bituminous coal,Bituminous coal,Bituminous coal,Bituminous coal,Bituminous coal,Bituminous coal,Bituminous coal,Bituminous coal,Bituminous coal,,,,,,,,,,,,,,,,,,,,,,,,,,,,,,,,,,,,,,,,,,,,,,,,,,,,,,,,,,,,,,,,,,,,,,,,,,,,,,,,,,,,,,,,,,,,,,,,,,,Surface,Surface,Surface,Surface,Surface,Surface,Surface,Surface,Surface,,,,,,,,,,,,,New Lexington,New Lexington,New Lexington,New Lexington,New Lexington,New Lexington,New Lexington,New Lexington,New Lexington,,,,,,,,,,,,,Mine,Mine,Mine,Mine,Mine,Mine,Mine,Mine,Mine,,,,,,,,,,,,,,,,,,,,,,,,,,,,,,,,,,,,627.0,627.0,627.0,627.0,627.0,627.0,627.0,627.0,627.0,,,,,,,,,,,,,F.obc,F.obc,F.obc,F.obc,F.obc,F.obc,F.obc,F.obc,F.obc,,,,,,,,,,,,,,,,,,,,,,,,,,,,,,,,,,,,,,,,,,,,,,,,,,,,,,,,,,,,,,,,,,,,,,,,,,,,,,,,,,,,,,,,,,,,,,,,,,,,,,,,,,,8097667.6,7553347.6,6827587.6,6066446.6,5314377.6,4692945.6,4193078.6,3847435.6,3640593.6,,,,,,,,,,,,,,,,,,,,,,,,,,,,,,,,,,,,,,,,,,,,,,,,,,,,,,,,,,,
COM00905.00,Coal,United States of America,55819.0,15.0,1.0,95.29,,,,,,,,,,,,,,,453600.0,362880.0,209563.0,171461.0,227707.0,15422.0,,,,,,,,,,,,,,,,453600.0,362880.0,209563.0,171461.0,227707.0,15422.0,,,,,,,,,,,,,,,,,,,,,,,,,,,,,,,,,,,,,,,,,,,,,,,,,,,,,,,,,,Bituminous coal,Bituminous coal,Bituminous coal,Bituminous coal,Bituminous coal,Bituminous coal,,,,,,,,,,,,,,,,,,,,,,,,,,,,,,,,,,,,,,,,,,,,,,,,,,,,,,,,,,,,,,,,,,,,,,,,,,,,,,,,,,,,,,,,,,,,,,,,,,,,,,Surface,Surface,Surface,Surface,Surface,Surface,,,,,,,,,,,,,,,,Noble,Noble,Noble,Noble,Noble,Noble,,,,,,,,,,,,,,,,Mine,Mine,Mine,Mine,Mine,Mine,,,,,,,,,,,,,,,,,,,,,,,,,,,,,,,,,,,,,,,,,,,,,,,,,,,,,,,,,,,,F.obc,F.obc,F.obc,F.obc,F.obc,F.obc,,,,,,,,,,,,,,,,,,,,,,,,,,,,,,,,,,,,,,,,,,,,,,,,,,,,,,,,,,,,,,,,,,,,,,,,,,,,,,,,,,,,,,,,,,,,,,,,,,,,,,,,,,,,,,,,,,,,,,,,,,,,,,,,,,,,,,,,,,,,,,,,,,,,,,,,,,,,,,,,,,,,,,,,,,,,,,,,,
COM00906.00,Gold,Mexico,9018.86,9.0,1.0,1514.58,,,,,,,,,,,,,,,,,,,,,,,,,,,,,,,,,,,,,,,,,,,,,,,,,,,,,,,,,,,0.047945,0.113084,0.185279,0.118938,0.053668,0.049315,0.081016,,,,,,,,,,,,,,,8000.0,8002.0,8004.0,8006.0,8008.0,8010.0,8012.0,,,,,,,,,,,,,,,"Gold, Silver","Gold, Silver","Gold, Silver","Gold, Silver","Gold, Silver","Gold, Silver","Gold, Silver",,,,,,,,,,,,,,,,,,7.77399,6.626002,7.029143,7.394845,,,,,,,,,,,,,,,0.405,1.389,2.892,2.07,0.936,0.879,1.474,,,,,,,,,,,,,,,Me.Ag,Me.Ag,Me.Ag,Me.Ag,Me.Ag,Me.Ag,Me.Ag,,,,,,,,,,,,,,,,,,,,,,,Me.Au,,,,,,,,,,,,,,,"Open pit, Heap leach, Merrill-Crowe","Open pit, Heap leach, Merrill-Crowe","Open pit, Heap leach, Merrill-Crowe","Open pit, Heap leach, Merrill-Crowe","Open pit, Heap leach, Merrill-Crowe","Open pit, Heap leach, Merrill-Crowe","Open pit, Heap leach, Merrill-Crowe",,,,,,,,,,,,,,,Noche Buena,Noche Buena,Noche Buena,Noche Buena,Noche Buena,Noche Buena,Noche Buena,,,,,,,,,,,,,,,Mine,Mine,Mine,Mine,Mine,Mine,Mine,,,,,,,,,,,,,,,,760.0,761.0,762.0,763.0,,,,,,,,,,,,,,,,,,,,,,,,,632.0,,,,,,,,,,,,,,,O.bulk,O.bulk,O.bulk,O.bulk,O.bulk,O.bulk,O.Au,,,,,,,,,,,,,,,,,,,,,,,,,,,,,,,,,,,,,8447000.0,12284000.0,15607000.0,17400000.0,17432000.0,17821000.0,18196000.0,,,,,,,,,,,,,,,8447000.0,12284000.0,15607000.0,17400000.0,17432000.0,17821000.0,18196000.0,,,,,,,,,,,,,,,16.357674771,,,,,,,,,,,,,,,0.53,,,,,,,,,,,,,,,,,,,,,33914000.0,,,,,,,,,,,,,,,,82373000.0,81423000.0,85233000.0,80305000.0,,,,,,,,,,,,,,,,,,,,,,,,,,,,,,,,,,,,,,,,
COM00923.00,Iron,United States of America,55819.0,31.0,1.0,36.19,,,,,,,,,,,,,,,,,,,,,,,,,,,,,,,,,,,,,,,,,,,,,,,,,,,,,,,,,,,,,,,,,,,,,,,,,,,,,,,,,,,,,,,,,"Iron, Direct Reduction Iron Pellets","Iron, Direct Reduction Iron Pellets","Iron, Direct Reduction Iron Pellets","Iron, Direct Reduction Iron Pellets","Iron, Direct Reduction Iron Pellets","Iron, Direct Reduction Iron Pellets","Iron, Direct Reduction Iron Pellets","Iron, Direct Reduction Iron Pellets","Iron, Direct Reduction Iron Pellets",,,,,"Iron, Direct Reduction Iron Pellets","Iron, Direct Reduction Iron Pellets","Iron, Direct Reduction Iron Pellets","Iron, Direct Reduction Iron Pellets","Iron, Direct Reduction Iron Pellets","Iron, Direct Reduction Iron Pellets","Iron, Direct Reduction Iron Pellets",,,,,,,,,,,,,,,,,,,,,,,,,,,,,,,,,,,,,,,,,,,,,,,,,,,,,,,,,,,,,,,,,,,,,,,,,,,,,,,,,,,,,,Me.Fe,,Open pit,Open pit,Open pit,Open pit,Open pit,Open pit,Open pit,Open pit,Open pit,,,,,Open pit,Open pit,Open pit,Open pit,Open pit,Open pit,Open pit,,Northshore,Northshore,Northshore,Northshore,Northshore,Northshore,Northshore,Northshore,Northshore,,,,,Northshore,Northshore,Northshore,Northshore,Northshore,Northshore,Northshore,,Mine,Mine,Mine,Mine,Mine,Mine,Mine,Mine,Mine,,,,,Mine,Mine,Mine,Mine,Mine,Mine,Mine,,,,,,,,,,,,,,,,,,,,,,,,,,,,,,,,,,,,,,,,,,,,652.0,,Con.Fe,Con.Fe,Con.Fe,Con.Fe,Con.Fe,Con.Fe,Con.Fe,Con.Fe,Con.Fe,,,,,Con.Fe,Con.Fe,Con.Fe,Con.Fe,Con.Fe,Con.Fe,Con.Fe,,,4300000.0,2844932.0,4267397.0,4877026.0,5080235.0,4978630.0,5181840.0,5283444.0,5588258.0,,,,,3962583.0,5283444.0,4369002.0,3251350.0,5385049.0,5689863.0,5283444.0,,,,,,,,,,,,,,,,,,,,,,,,,,,,,,,,,,,,,,,,,,,,,,,,,,,,,,,,,,,,,,,,,,,,,,,,,,,,,,,,,,,,,,,,,,,,,829094352.0,,,,,,,,,,,,,,,,,,,,,,,,,,,,,,,,,,,,,,,,,,,,,,,,,,,,,,,,,,
COM00924.00,Coal,Australia,56861.95,33.0,0.0,33.2,,,,,4138000.0,3656000.0,4146000.0,4322000.0,4688000.0,5760000.0,5324000.0,5700000.0,4052000.0,3968000.0,3740000.0,2110000.0,2350000.0,,,,,,,,,4138000.0,3656000.0,4146000.0,4322000.0,4688000.0,5760000.0,5324000.0,5700000.0,4052000.0,3968000.0,3740000.0,2110000.0,2350000.0,,,,,,,,,,,,,,,,,,,,,,,,,,,,,,,,,,,,,,,,,,,,,,,,,,,Metallurgical bituminous coal,Metallurgical bituminous coal,Metallurgical bituminous coal,Metallurgical bituminous coal,Metallurgical bituminous coal,Metallurgical bituminous coal,Metallurgical bituminous coal,Metallurgical bituminous coal,Metallurgical bituminous coal,Metallurgical bituminous coal,Metallurgical bituminous coal,Metallurgical bituminous coal,Metallurgical bituminous coal,,,,,,,Metallurgical bituminous coal,,,,,,,,,,,,,,,,,,,,,,,,,,,,,,,,,,,,,,,,,,,,,,,,,,,,,,,,,,,,,,,,,,,,,,,,,,,,,,,,,,,,,,,,Open pit,Open pit,Open pit,Open pit,Open pit,Open pit,Open pit,Open pit,Open pit,Open pit,Open pit,Open pit,Open pit,,,,,,,Open pit,,Norwich Park,Norwich Park,Norwich Park,Norwich Park,Norwich Park,Norwich Park,Norwich Park,Norwich Park,Norwich Park,Norwich Park,Norwich Park,Norwich Park,Norwich Park,,,,,,,Norwich Park,,Mine,Mine,Mine,Mine,Mine,Mine,Mine,Mine,Mine,Mine,Mine,Mine,Mine,,,,,,,Mine,,,,,,,,,,,,,,,,,,,,,,,,,653.0,653.0,653.0,653.0,653.0,653.0,653.0,653.0,653.0,653.0,653.0,653.0,653.0,,,,,,,653.0,,F.coc,F.coc,F.coc,F.coc,F.coc,F.coc,F.coc,F.coc,F.coc,F.coc,F.coc,F.coc,F.coc,,,,,,,F.coc,,,,,,,,,,,,,,,,,,,,,,,,,,,,,,,,,,,,,,,,,,,,,,,,,,,,,,,,,,,,,,,,,,,,,,,,,,,,,,,,,,,,,,,,,,,,,,,,282954000.0,278816000.0,275160000.0,271014000.0,266692000.0,262004000.0,256244000.0,250920000.0,245220000.0,241168000.0,237200000.0,233460000.0,231350000.0,,,,,,,229000000.0,,,,,,,,,,,,,,,,,,,,,,,,,,,,,,,,,,,,,,,,,,,,,,,,,,,,,,,,,,
COM00926.00,Coal,Mexico,9018.86,97.0,1.0,53.49,,,,,,,,,,181000.0,52800.0,55800.0,91500.0,106200.0,125600.0,103900.0,148200.0,141300.0,149800.0,114300.0,86200.0,66400.0,42800.0,25200.0,,,,,,,664100.0,215300.0,97400.0,296800.0,238200.0,240500.0,238500.0,325300.0,291500.0,276100.0,248500.0,194300.0,132700.0,108600.0,52700.0,,,,,,,,,,,,,,,,,,,,,,,,,,,,,,,,,,,,,,,,,,,,,,,,,"Coal, Metallurgical coke, coke, tar, ammonium sulfate, light crude oil","Coal, Metallurgical coke, coke, tar, ammonium sulfate, light crude oil","Coal, Metallurgical coke, coke, tar, ammonium sulfate, light crude oil","Coal, Metallurgical coke, coke, tar, ammonium sulfate, light crude oil","Coal, Metallurgical coke, coke, tar, ammonium sulfate, light crude oil","Coal, Metallurgical coke, coke, tar, ammonium sulfate, light crude oil","Coal, Metallurgical coke, coke, tar, ammonium sulfate, light crude oil","Coal, Metallurgical coke, coke, tar, ammonium sulfate, light crude oil","Coal, Metallurgical coke, coke, tar, ammonium sulfate, light crude oil","Coal, Metallurgical coke, coke, tar, ammonium sulfate, light crude oil","Coal, Metallurgical coke, coke, tar, ammonium sulfate, light crude oil","Coal, Metallurgical coke, coke, tar, ammonium sulfate, light crude oil","Coal, Metallurgical coke, coke, tar, ammonium sulfate, light crude oil","Coal, Metallurgical coke, coke, tar, ammonium sulfate, light crude oil","Coal, Metallurgical coke, coke, tar, ammonium sulfate, light crude oil",,,,,,,,,,,,,,,,,,,,,,,,,,,,,,,,,,,,,,,,,,,,,,,,,,,,,,,,,,,,,,,,,,,,,,,,,,,,,,,,,,,,,,,,,,,,,"Open pit, underground, coke facility, coal washing plant","Open pit, underground, coke facility, coal washing plant","Open pit, underground, coke facility, coal washing plant","Open pit, underground, coke facility, coal washing plant","Open pit, underground, coke facility, coal washing plant","Open pit, underground, coke facility, coal washing plant","Open pit, underground, coke facility, coal washing plant","Open pit, underground, coke facility, coal washing plant","Open pit, underground, coke facility, coal washing plant","Open pit, underground, coke facility, coal washing plant","Open pit, underground, coke facility, coal washing plant","Open pit, underground, coke facility, coal washing plant","Open pit, underground, coke facility, coal washing plant","Open pit, underground, coke facility, coal washing plant","Open pit, underground, coke facility, coal washing plant",,,,,,,Nueva Rosita Complex,Nueva Rosita Complex,Nueva Rosita Complex,Nueva Rosita Complex,Nueva Rosita Complex,Nueva Rosita Complex,Nueva Rosita Complex,Nueva Rosita Complex,Nueva Rosita Complex,Nueva Rosita Complex,Nueva Rosita Complex,Nueva Rosita Complex,Nueva Rosita Complex,Nueva Rosita Complex,Nueva Rosita Complex,,,,,,,Mine,Mine,Mine,Mine,Mine,Mine,Mine,Mine,Mine,Mine,Mine,Mine,Mine,Mine,Mine,,,,,,,,,,,,,,,,,,,,,,,,,,,,,,,,,,,,,,,,,,,,,,,,,,,F.coal,F.coal,F.coal,F.coal,F.coal,F.coal,F.coal,F.coal,F.coal,F.coal,F.coal,F.coal,F.coal,F.coal,F.coal,,,,,,,,,,,,,,,,,,,,,,,,,,,,,,,,,,,,,,,,,,,,,,,,,,,,,,,,,,,,,,,,,,,,,,,,,,,,,,,,,,,,,,,,,,,,,,,,,,,,,,,,,,,,,,,,,,,,,,,,,,,,,,,,,,,,,,,,,,,,,,,,,,,,,,,,,,,,,,,,,,,,,,,,,,,,,
COM00929.00,Coal,United States of America,55819.0,49.0,1.0,120.44,,,,,,,,,,,,,888149.0,,,,,2086560.0,2086560.0,,,,,,,,,,,,,,,888149.0,,,,,2086560.0,2086560.0,,,,,,,,,,,,,,,,,,,,,,,,,,,,,,,,,,,,,,,,,,,,,,,,,,,,,,,,,Metallurgical coal,,,,,Metallurgical coal,Metallurgical coal,,,,,,,,,,,,,,,,,,,,,,,,,,,,,,,,,,,,,,,,,,,,,,,,,,,,,,,,,,,,,,,,,,,,,,,,,,,,,,,,,,,,,,,,,,,,,,,,,,,,,Underground,,,,,Underground,Underground,,,,,,,,,,,,,,,Oak Grove,,,,,Oak Grove,Oak Grove,,,,,,,,,,,,,,,Mine,,,,,Mine,Mine,,,,,,,,,,,,,,,,,,,,,,,,,,,,,,,,,,,,,,,,,,,,,,,,,,,,,,,,,,,F.coc,,,,,F.coc,F.coc,,,,,,,,,,,,,,,,,,,,,,,,,,,,,,,,,,,,,,,,,,,,,,,,,,,,,,,,,,,,,,,,,,,,,,,,,,,,,,,,,,,,,,,,,,,,,,,,,,,,,,,,,,,,,,,,,,,,,,,,,,,,,,,,,,,,,,,,,,,,,,,,,,,,,,,,,,,,,,,,,,,,,,,,,,,,,,,,,,
COM00931.00,Coal,Canada,43833.79,29.0,0.0,43.21,,,,,,1400000.0,1400000.0,400000.0,0.0,0.0,0.0,0.0,0.0,300000.0,900000.0,1000000.0,200000.0,100000.0,,,,,,,,,1400000.0,1400000.0,400000.0,0.0,0.0,0.0,0.0,0.0,300000.0,900000.0,1000000.0,200000.0,100000.0,,,,,,,,,,,,,,,,,,,,,,,,,,,,,,,,,,,,,,,,,,,,,,,,,,,Bituminous coal,Bituminous coal,Bituminous coal,Bituminous coal,Bituminous coal,Bituminous coal,Bituminous coal,Bituminous coal,Bituminous coal,Bituminous coal,Bituminous coal,Bituminous coal,Bituminous coal,,,,,,,,,,,,,,,,,,,,,,,,,,,,,,,,,,,,,,,,,,,,,,,,,,,,,,,,,,,,,,,,,,,,,,,,,,,,,,,,,,,,,,,,,,,,,,,,,,,,,,,,,,,,,,,,,,,,Obed Mountain,Obed Mountain,Obed Mountain,Obed Mountain,Obed Mountain,Obed Mountain,Obed Mountain,Obed Mountain,Obed Mountain,Obed Mountain,Obed Mountain,Obed Mountain,Obed Mountain,,,,,,,,,Mine,Mine,Mine,Mine,Mine,Mine,Mine,Mine,Mine,Mine,Mine,Mine,Mine,,,,,,,,,,,,,,,,,,,,,,,,,,,,,,,,,,,,,,,,,,,,,,,,,,,,,F.obc,F.obc,F.obc,F.obc,F.obc,F.obc,F.obc,F.obc,F.obc,F.obc,F.obc,F.obc,F.obc,,,,,,,,,,,,,,,,,,,,,,,,,,,,,,,,,,,,,,,,,,,,,,,,,,,,,,,,,,,,,,,,,,,,,,,,,,,,,,,,,,,,,,,,,,,,,,,,,,,,,,,,,,,,,,,,,,,,,,,,,,,,,,,,,,,,,,,,,,,,,,,,,,,,,,,,,,,,,,,,,,,,,,,,,,,,,,,,,,,
COM00936.00,Iron,Russian Federation,11616.07,72.0,1.0,44.57,,,,,,,,,,,,,,,,,,,,,,,,,,,,,,,,,,,,,,,,,,,,,,,,,,,,,,,,,,,,,,,,,,,,,,,,,,,,,,,,,,,,,,,,,,,,,"Iron, Iron ore concentrate, Ferrite Strontium Powder","Iron, Iron ore concentrate, Ferrite Strontium Powder","Iron, Iron ore concentrate, Ferrite Strontium Powder","Iron, Iron ore concentrate, Ferrite Strontium Powder","Iron, Iron ore concentrate, Ferrite Strontium Powder","Iron, Iron ore concentrate, Ferrite Strontium Powder","Iron, Iron ore concentrate, Ferrite Strontium Powder","Iron, Iron ore concentrate, Ferrite Strontium Powder","Iron, Iron ore concentrate, Ferrite Strontium Powder","Iron, Iron ore concentrate, Ferrite Strontium Powder","Iron, Iron ore concentrate, Ferrite Strontium Powder","Iron, Iron ore concentrate, Ferrite Strontium Powder","Iron, Iron ore concentrate, Ferrite Strontium Powder","Iron, Iron ore concentrate, Ferrite Strontium Powder","Iron, Iron ore concentrate, Ferrite Strontium Powder","Iron, Iron ore concentrate, Ferrite Strontium Powder",,,,,,,,,,,,,,,,,,,,,,,,,,,,,,,,,,,,,,,,,,,,,,,,,,,,,,,,,,,,,,,,,,,,,,,,,,,,,,,,,,,,,,,,,,,,"Open pit, Underground","Open pit, Underground","Open pit, Underground","Open pit, Underground","Open pit, Underground","Open pit, Underground","Open pit, Underground","Open pit, Underground","Open pit, Underground","Open pit, Underground","Open pit, Underground","Open pit, Underground","Open pit, Underground","Open pit, Underground","Open pit, Underground","Open pit, Underground",,,,,,Olcon,Olcon,Olcon,Olcon,Olcon,Olcon,Olcon,Olcon,Olcon,Olcon,Olcon,Olcon,Olcon,Olcon,Olcon,Olcon,,,,,,Mine,Mine,Mine,Mine,Mine,Mine,Mine,Mine,Mine,Mine,Mine,Mine,Mine,Mine,Mine,Mine,,,,,,,,,,,,,,,,,,,,,,,,,,,,,,,,,,,,,,,,,,,,,,,,,,Con.Fe,Con.Fe,Con.Fe,Con.Fe,Con.Fe,Con.Fe,Con.Fe,Con.Fe,Con.Fe,Con.Fe,Con.Fe,Con.Fe,Con.Fe,Con.Fe,Con.Fe,Con.Fe,,,,,,,3620000.0,3900000.0,4473728.0,4650932.0,4674215.0,5096155.0,4027167.0,4763870.0,4759702.0,4617835.0,4429995.0,4142906.0,4103000.0,4132000.0,4300000.0,4352000.0,,,,,,,,,,,,,,,,,,,,,,,,,,,,,,,,,,,,,,,,,,,,,,,,,,,,,,,,,,,,,,,,,,,,,,,,,,,,,,,,,,,,,,,,,,,,,,,,,,,,,,,,,,,,,,,,,,,,,,,,,,,,,,,,,,,,,,,,,,,,,,,,,,,,,,,
COM00937.00,Copper,Australia,56861.95,33.0,1.0,7474.85,,,10300000.0,,,,,,,,,,,,,,,,,,,,,,,,,,,,,,,,,,,,,,,,,,,,,,,,,,2.601036,2.678954,2.306763,2.687798,2.785373,2.694989,2.683751,2.519958,2.987409,2.840429,2.940704,2.776322,3.414269,3.604333,,,,,,,,8253.0,8255.0,8257.0,8259.0,8261.0,8263.0,8265.0,8267.0,8269.0,8271.0,8273.0,8275.0,8277.0,8279.0,,,,,,,,"Copper, Coper Anodes, Copper cathodes, Uranium oxide, Gold, Silver","Copper, Coper Anodes, Copper cathodes, Uranium oxide, Gold, Silver","Copper, Coper Anodes, Copper cathodes, Uranium oxide, Gold, Silver","Copper, Coper Anodes, Copper cathodes, Uranium oxide, Gold, Silver","Copper, Coper Anodes, Copper cathodes, Uranium oxide, Gold, Silver","Copper, Coper Anodes, Copper cathodes, Uranium oxide, Gold, Silver","Copper, Coper Anodes, Copper cathodes, Uranium oxide, Gold, Silver","Copper, Coper Anodes, Copper cathodes, Uranium oxide, Gold, Silver","Copper, Coper Anodes, Copper cathodes, Uranium oxide, Gold, Silver","Copper, Coper Anodes, Copper cathodes, Uranium oxide, Gold, Silver","Copper, Coper Anodes, Copper cathodes, Uranium oxide, Gold, Silver","Copper, Coper Anodes, Copper cathodes, Uranium oxide, Gold, Silver","Copper, Coper Anodes, Copper cathodes, Uranium oxide, Gold, Silver","Copper, Coper Anodes, Copper cathodes, Uranium oxide, Gold, Silver",,,,,,,,4e-06,4e-06,4e-06,5e-06,4e-06,5e-06,5e-06,5e-06,5e-06,4e-06,4e-06,4e-06,2e-06,2e-06,,,,,,,,25.061,23.077,22.113,26.564,14.175,27.839,25.713,24.948,30.233,22.519,28.522,23.887,24.634,28.709,,,,,,,,Me.Ag,Me.Ag,Me.Ag,Me.Ag,Me.Ag,Me.Ag,Me.Ag,Me.Ag,Me.Ag,Me.Ag,Me.Ag,Me.Ag,Me.Ag,Me.Ag,,,,,,,,,,Me.Ag,Me.Ag,Me.Ag,Me.Ag,Me.Ag,Me.Ag,Me.Ag,Me.Ag,Me.Ag,Me.Ag,Me.Ag,Me.Ag,Me.Ag,Me.Ag,,,,,,,,"Underground, Flash Furnace, SX-EW, Grinding circuits","Underground, Flash Furnace, SX-EW, Grinding circuits","Underground, Flash Furnace, SX-EW, Grinding circuits","Underground, Flash Furnace, SX-EW, Grinding circuits","Underground, Flash Furnace, SX-EW, Grinding circuits","Underground, Flash Furnace, SX-EW, Grinding circuits","Underground, Flash Furnace, SX-EW, Grinding circuits","Underground, Flash Furnace, SX-EW, Grinding circuits","Underground, Flash Furnace, SX-EW, Grinding circuits","Underground, Flash Furnace, SX-EW, Grinding circuits","Underground, Flash Furnace, SX-EW, Grinding circuits","Underground, Flash Furnace, SX-EW, Grinding circuits","Underground, Flash Furnace, SX-EW, Grinding circuits","Underground, Flash Furnace, SX-EW, Grinding circuits",,,,,,,,Olympic Dam,Olympic Dam,Olympic Dam,Olympic Dam,Olympic Dam,Olympic Dam,Olympic Dam,Olympic Dam,Olympic Dam,Olympic Dam,Olympic Dam,Olympic Dam,Olympic Dam,Olympic Dam,,,,,,,,"Mine, Refinery, Smelter","Mine, Refinery, Smelter","Mine, Refinery, Smelter","Mine, Refinery, Smelter","Mine, Refinery, Smelter","Mine, Refinery, Smelter","Mine, Refinery, Smelter","Mine, Refinery, Smelter","Mine, Refinery, Smelter","Mine, Refinery, Smelter","Mine, Refinery, Smelter","Mine, Refinery, Smelter","Mine, Refinery, Smelter","Mine, Refinery, Smelter",,,,,,,,,,,,,,,,,,,,,,,118.0,,,,,,,,660.0,660.0,660.0,660.0,660.0,660.0,660.0,660.0,660.0,660.0,660.0,660.0,660.0,660.0,,,,,,,,O.bulk,O.bulk,O.bulk,O.bulk,O.bulk,O.bulk,O.bulk,O.bulk,O.bulk,O.bulk,O.bulk,O.bulk,O.bulk,O.bulk,,,,,,,,,,,,,,,,,,,,,,,,,,,,,,9635000.0,8614000.0,9586000.0,9883000.0,5089000.0,10330000.0,9581000.0,9900000.0,10120000.0,7928000.0,9699000.0,8604000.0,7215000.0,7965000.0,,,,,,,,9635000.0,8614000.0,9586000.0,9883000.0,5089000.0,10330000.0,9581000.0,9900000.0,10120000.0,7928000.0,9699000.0,8604000.0,7215000.0,7965000.0,,,,,,,,,,,,,,,,,,,,,,,,,,,,,,,,,,,,,,677184000.0,667549000.0,658935000.0,649349000.0,639466000.0,634377000.0,624047000.0,614466000.0,604566000.0,594446000.0,586518000.0,576819000.0,568215000.0,561000000.0,,,,,,,,,,,,,,,,,,,,,,,,,,,,,,,,,,,,,,,,,,,,,,,,,,,,,,,,,,
COM00938.00,Coal,Russian Federation,11616.07,20.0,1.0,43.21,,,,,,988000.0,1092000.0,1210000.0,1413000.0,1581000.0,1613000.0,880000.0,614000.0,500000.0,600000.0,600000.0,600000.0,600000.0,500000.0,600000.0,500000.0,400000.0,700000.0,1300000.0,1200000.0,,988000.0,1092000.0,1210000.0,1413000.0,1581000.0,1613000.0,880000.0,614000.0,500000.0,600000.0,600000.0,600000.0,600000.0,500000.0,600000.0,500000.0,400000.0,700000.0,1300000.0,1200000.0,,,,,,,,,,,,,,,,,,,,,,,,,,,,,,,,,,,,,,,,,,,,"Thermal coal, Coking coal","Thermal coal, Coking coal","Thermal coal, Coking coal","Thermal coal, Coking coal","Thermal coal, Coking coal","Thermal coal, Coking coal","Thermal coal, Coking coal","Thermal coal, Coking coal","Thermal coal, Coking coal","Thermal coal, Coking coal","Thermal coal, Coking coal","Thermal coal, Coking coal","Thermal coal, Coking coal","Thermal coal, Coking coal","Thermal coal, Coking coal","Thermal coal, Coking coal","Thermal coal, Coking coal","Thermal coal, Coking coal","Thermal coal, Coking coal","Thermal coal, Coking coal",,,,,,,,,,,,,,,,,,,,,,,,,,,,,,,,,,,,,,,,,,,,,,,,,,,,,,,,,,,,,,,,,,,,,,,,,,,,,,,,,,,,,,,,"Underground, Open pit","Underground, Open pit","Underground, Open pit","Underground, Open pit","Underground, Open pit","Underground, Open pit","Underground, Open pit","Underground, Open pit","Underground, Open pit","Underground, Open pit","Underground, Open pit","Underground, Open pit","Underground, Open pit","Underground, Open pit","Underground, Open pit","Underground, Open pit","Underground, Open pit","Underground, Open pit","Underground, Open pit","Underground, Open pit",,Olzherassky,Olzherassky,Olzherassky,Olzherassky,Olzherassky,Olzherassky,Olzherassky,Olzherassky,Olzherassky,Olzherassky,Olzherassky,Olzherassky,Olzherassky,Olzherassky,Olzherassky,Olzherassky,Olzherassky,Olzherassky,Olzherassky,Olzherassky,,Mine,Mine,Mine,Mine,Mine,Mine,Mine,Mine,Mine,Mine,Mine,Mine,Mine,Mine,Mine,Mine,Mine,Mine,Mine,Mine,,,,,,,,,,,,,,,,,,,,,,,,,,,,,,,,,,,,,,,,,,,,664.0,,F.coc,F.coc,F.coc,F.coc,F.coc,F.coc,F.coc,F.coc,F.coc,F.coc,F.coc,F.coc,F.coc,F.coc,F.coc,F.coc,F.coc,F.coc,F.coc,F.coal,,,,,,,,,,,,,,,,,,,,,,,,,,,,,,,,,,,,,,,,,,,,,,,,,,,,,,,,,,,,,,,,,,,,,,,,,,,,,,,,,,,,,,,,,,,,,,,,,,,,,,,,,,,,,,,,,,,87867000.0,,,,,,,,,,,,,,,,,,,,,,,,,,,,,,,,,,,,,,,,,,,,,,,,,,,,,,,,,
COM00942.00,Gold,Peru,10531.43,54.0,1.0,350.72,,,,,,,,,,,,,,,,,,,,,,,,,,,,,,,,,,,,,,,,,,,,,,,46.655215,19.59519,4.043452,6.220695,10.575182,9.331043,7.464834,8.086904,9.953113,6.53173,9.331043,12.441391,17.09,25.66,56.26,69.86,59.72,37.95,32.04,5.93,,8301.0,8303.0,8305.0,8307.0,8309.0,8311.0,8313.0,8315.0,8317.0,8319.0,8321.0,8323.0,8325.0,8327.0,8329.0,8331.0,8333.0,8335.0,8337.0,8339.0,,"Gold, Silver, Copper","Gold, Silver, Copper","Gold, Silver, Copper","Gold, Silver, Copper","Gold, Silver, Copper","Gold, Silver, Copper","Gold, Silver, Copper","Gold, Silver, Copper","Gold, Silver, Copper","Gold, Silver, Copper","Gold, Silver, Copper","Gold, Silver, Copper","Gold, Silver, Copper","Gold, Silver, Copper","Gold, Silver, Copper","Gold, Silver, Copper","Gold, Silver, Copper","Gold, Silver, Copper","Gold, Silver, Copper","Gold, Silver, Copper",,0.759,0.709,0.622,0.773,0.649,0.631,0.641,0.624,0.646,0.578,0.535,0.543,0.511,0.526,0.5144,0.5364,0.7339,0.8505,0.8173,0.7676,,9.112,4.87,0.883,1.963,3.028,2.677,2.519,2.415,3.454,2.846,3.247,9.982,13.237,16.164,13.388,17.503,21.531,16.435,9.711,0.584,,Me.Ag,Me.Ag,Me.Ag,Me.Ag,Me.Ag,Me.Ag,Me.Ag,Me.Ag,Me.Ag,Me.Ag,Me.Ag,Me.Ag,Me.Ag,Me.Ag,Me.Ag,Me.Ag,Me.Ag,Me.Ag,Me.Ag,Me.Ag,,,,Me.Ag,Me.Ag,Me.Ag,Me.Ag,Me.Ag,Me.Ag,Me.Ag,Me.Ag,Me.Ag,Me.Ag,Me.Ag,Me.Ag,Me.Ag,Me.Ag,Me.Ag,Me.Ag,Me.Ag,Me.Ag,Me.Ag,Me.Ag,,"Underground, Carbon-in-leach plant","Underground, Carbon-in-leach plant","Underground, Carbon-in-leach plant","Underground, Carbon-in-leach plant","Underground, Carbon-in-leach plant","Underground, Carbon-in-leach plant","Underground, Carbon-in-leach plant","Underground, Carbon-in-leach plant","Underground, Carbon-in-leach plant","Underground, Carbon-in-leach plant","Underground, Carbon-in-leach plant","Underground, Carbon-in-leach plant","Underground, Carbon-in-leach plant","Underground, Carbon-in-leach plant","Underground, Carbon-in-leach plant","Underground, Carbon-in-leach plant","Underground, Carbon-in-leach plant","Underground, Carbon-in-leach plant","Underground, Carbon-in-leach plant","Underground, Carbon-in-leach plant",,Orcopampa,Orcopampa,Orcopampa,Orcopampa,Orcopampa,Orcopampa,Orcopampa,Orcopampa,Orcopampa,Orcopampa,Orcopampa,Orcopampa,Orcopampa,Orcopampa,Orcopampa,Orcopampa,Orcopampa,Orcopampa,Orcopampa,Orcopampa,,Mine,Mine,Mine,Mine,Mine,Mine,Mine,Mine,Mine,Mine,Mine,Mine,Mine,Mine,Mine,Mine,Mine,Mine,Mine,Mine,,,,,,,,,,,,,,,,,,,,,,,,,667.0,667.0,667.0,667.0,667.0,667.0,667.0,667.0,667.0,667.0,667.0,667.0,667.0,667.0,667.0,667.0,667.0,667.0,667.0,667.0,,O.bulk,O.bulk,O.bulk,O.bulk,O.bulk,O.bulk,O.bulk,O.bulk,O.bulk,O.bulk,O.bulk,O.bulk,O.bulk,O.bulk,O.bulk,O.bulk,O.bulk,O.bulk,O.bulk,O.bulk,,,,,,,,,,,,,,,,,,,,,,,,255350.0,349350.0,350951.0,393210.0,431241.0,461091.0,467953.0,478669.0,483376.0,484621.0,484767.0,499732.0,461437.0,443537.0,454694.0,458222.0,464366.0,500580.0,353891.0,127079.0,,255350.0,349350.0,350951.0,393210.0,431241.0,461091.0,467953.0,478669.0,483376.0,484621.0,484767.0,499732.0,461437.0,443537.0,454694.0,458222.0,464366.0,500580.0,353891.0,127079.0,,,,,,,,,,,,,,,,,,,,,,,,,,,,,,,,8903314.0,8647964.0,8298614.0,7947663.0,7554453.0,7123212.0,6662121.0,6194168.0,5715499.0,5232123.0,4747502.0,4262735.0,3763003.0,3301566.0,2858029.0,2403335.0,1945113.0,1480747.0,980167.0,626276.0,,,,,,,,,,,,,,,,,,,,,,,,,,,,,,,,,,,,,,,,,,,,,,,,,,,,,,,,,,
COM00952.00,Coal,Canada,43833.79,65.0,1.0,43.21,,,,,,3200000.0,3000000.0,3000000.0,2900000.0,3100000.0,3100000.0,3100000.0,3100000.0,3300000.0,3100000.0,3000000.0,2900000.0,2900000.0,2483460.0,1811678.0,1293667.0,1224720.0,,,,,3200000.0,3000000.0,3000000.0,2900000.0,3100000.0,3100000.0,3100000.0,3100000.0,3300000.0,3100000.0,3000000.0,2900000.0,2900000.0,2483460.0,1811678.0,1293667.0,1224720.0,,,,,,,,,,,,,,,,,,,,,,,,,,,,,,,,,,,,,,,,,,,,,,,Sub-bituminous coal,Sub-bituminous coal,Sub-bituminous coal,Sub-bituminous coal,Sub-bituminous coal,Sub-bituminous coal,Sub-bituminous coal,Sub-bituminous coal,Sub-bituminous coal,Sub-bituminous coal,Sub-bituminous coal,Sub-bituminous coal,Sub-bituminous coal,Sub-bituminous coal,Sub-bituminous coal,Sub-bituminous coal,Sub-bituminous coal,,,,,,,,,,,,,,,,,,,,,,,,,,,,,,,,,,,,,,,,,,,,,,,,,,,,,,,,,,,,,,,,,,,,,,,,,,,,,,,,,,,,,,,,,,,Surface,Surface,Surface,Surface,Surface,Surface,Surface,Surface,Surface,Surface,Surface,Surface,Surface,Surface,Surface,Surface,Surface,,,,,Paintearth,Paintearth,Paintearth,Paintearth,Paintearth,Paintearth,Paintearth,Paintearth,Paintearth,Paintearth,Paintearth,Paintearth,Paintearth,Paintearth,Paintearth,Paintearth,Paintearth,,,,,Mine,Mine,Mine,Mine,Mine,Mine,Mine,Mine,Mine,Mine,Mine,Mine,Mine,Mine,Mine,Mine,Mine,,,,,,,,,,,,,,,,,,,,,,,,,,,,673.0,673.0,673.0,673.0,673.0,673.0,673.0,673.0,673.0,673.0,673.0,673.0,673.0,673.0,673.0,673.0,673.0,,,,,F.sbc,F.sbc,F.sbc,F.sbc,F.sbc,F.sbc,F.sbc,F.sbc,F.sbc,F.sbc,F.sbc,F.sbc,F.sbc,F.sbc,F.sbc,F.sbc,F.sbc,,,,,,,,,,,,,,,,,,,,,,,,,,,,,,,,,,,,,,,,,,,,,,,,,,,,,,,,,,,,,,,,,,,,,,,,,,,,,,,,,,,,,,,,,,,,,,,,,,,61682816.2,58482816.2,55482816.2,52482816.2,49582816.2,46482816.2,43382816.2,40282816.2,37182816.2,33882816.2,30782816.2,27782816.2,24882816.2,21982816.2,19499356.2,17687678.2,16394011.2,,,,,,,,,,,,,,,,,,,,,,,,,,,,,,,,,,,,,,,,,,,,,,,,,,,,,,,,,,,,
COM00954.00,Silver,Mexico,9018.86,12.0,1.0,15.18,,,,,,,,,,,,,,,,,,,,,,,,,,,,,,,,,,,,,,,,,,,,,,,,,,,,,,,,122.186445,130.407806,194.761224,133.242759,119.351492,112.547607,107.161197,132.108778,159.32432,183.988405,137.495187,,,,,,,,,,,8420.0,8422.0,8424.0,8426.0,8428.0,8430.0,8432.0,8434.0,8436.0,8438.0,8440.0,,,,,,,,,,,"Gold, Silver","Gold, Silver","Gold, Silver","Gold, Silver","Gold, Silver","Gold, Silver","Gold, Silver","Gold, Silver","Gold, Silver","Gold, Silver","Gold, Silver",,,,,,,,,,,0.663,0.698,0.764,0.83,0.777,0.775,0.843,0.884,0.86,0.838,0.793,,,,,,,,,,,86.254,166.618,255.874,233.079,215.169,185.594,145.706,125.713,204.951,212.714,191.372,,,,,,,,,,,Me.Ag,Me.Ag,Me.Ag,Me.Ag,Me.Ag,Me.Ag,Me.Ag,Me.Ag,Me.Ag,Me.Ag,Me.Ag,,,,,,,,,,,,,Me.Ag,Me.Ag,Me.Ag,Me.Ag,Me.Ag,Me.Ag,Me.Ag,Me.Ag,Me.Ag,Me.Ag,Me.Ag,,,,,,,,,,,"Underground, Open pit","Underground, Open pit","Underground, Open pit","Underground, Open pit","Underground, Open pit","Underground, Open pit","Underground, Open pit","Underground, Open pit","Underground, Open pit","Underground, Open pit","Underground, Open pit",,,,,,,,,,,Palmarejo,Palmarejo,Palmarejo,Palmarejo,Palmarejo,Palmarejo,Palmarejo,Palmarejo,Palmarejo,Palmarejo,Palmarejo,,,,,,,,,,,Mine,Mine,Mine,Mine,Mine,Mine,Mine,Mine,Mine,Mine,Mine,,,,,,,,,,,,,,,,,,,,,,,,,,,,,,,,,,674.0,674.0,674.0,674.0,674.0,674.0,674.0,674.0,674.0,674.0,674.0,,,,,,,,,,,O.bulk,O.bulk,O.bulk,O.bulk,O.bulk,O.bulk,O.bulk,O.bulk,O.bulk,O.bulk,O.bulk,,,,,,,,,,,,,,,,,,,,,,,,,,,,,,,,,966629.0,1665082.0,1563156.0,1918153.0,2107117.0,1936952.0,1466641.0,978767.0,1359368.0,1254178.0,1593004.0,,,,,,,,,,,966629.0,1665082.0,1563156.0,1918153.0,2107117.0,1936952.0,1466641.0,978767.0,1359368.0,1254178.0,1593004.0,,,,,,,,,,,,,,,1431.424115316,,,,,,,,,,,,,,,122.7534351529,,,,,,,,,,,26885043.0,25918414.0,24253332.0,22690176.0,20772023.0,18664906.0,16727954.0,15261313.0,14282546.0,12923178.0,11669000.0,,,,,,,,,,,,,,,,,,,,,,,,,,,,,,,,,,,,,,,,,,,,,,,,,,,,,,,,,,
COM00955.00,Copper,Chile,14122.0,27.0,1.0,2060.97,,,,,,,,,,,,,,,,,,,,,,,,,,,,,,,,,,,,,,,,,,,,,,,,9426.627792,10400.0,9900.0,9500.0,9100.0,8700.0,12530.943188,13096.467282,13690.502183,11537.745098,10702.718589,11207.508532,10717.11092,10615.358215,10533.49359,11578.122514,10026.110893,10004.245641,9405.15213,,,8442.0,8444.0,8446.0,8448.0,8450.0,8452.0,8454.0,8456.0,8458.0,8460.0,8462.0,8464.0,8466.0,8468.0,8470.0,8472.0,8474.0,8476.0,8478.0,,,"Copper, Copper cathode","Copper, Copper cathode","Copper, Copper cathode","Copper, Copper cathode","Copper, Copper cathode","Copper, Copper cathode","Copper, Copper cathode","Copper, Copper cathode","Copper, Copper cathode","Copper, Copper cathode","Copper, Copper cathode","Copper, Copper cathode","Copper, Copper cathode","Copper, Copper cathode","Copper, Copper cathode","Copper, Copper cathode","Copper, Copper cathode","Copper, Copper cathode","Copper, Copper cathode",,,,0.0,0.0,0.0,0.0,0.0,0.0,0.0,0.0,0.0,0.0,0.0,0.0,0.0,0.0,0.0,0.0,0.0,0.0,,,129333.333,130800.0,131100.0,125500.0,113100.0,94100.0,181300.0,249100.0,274800.0,244800.0,272200.0,263700.0,232600.0,233100.0,249600.0,251400.0,254300.0,263800.0,246500.0,,,Oth.cuca,Oth.cuca,Oth.cuca,Oth.cuca,Oth.cuca,Oth.cuca,Oth.cuca,Oth.cuca,Oth.cuca,Oth.cuca,Oth.cuca,Oth.cuca,Oth.cuca,Oth.cuca,Oth.cuca,Oth.cuca,Oth.cuca,Oth.cuca,Oth.cuca,,,,,Me.Cu,Me.Cu,Me.Cu,Me.Cu,Me.Cu,Me.Cu,Me.Cu,Me.Cu,Me.Cu,Me.Cu,Me.Cu,Me.Cu,Me.Cu,Me.Cu,Me.Cu,Me.Cu,Me.Cu,Me.Cu,Me.Cu,,,"Open pit, SX-EW","Open pit, SX-EW","Open pit, SX-EW","Open pit, SX-EW","Open pit, SX-EW","Open pit, SX-EW","Open pit, SX-EW","Open pit, SX-EW","Open pit, SX-EW","Open pit, SX-EW","Open pit, SX-EW","Open pit, SX-EW","Open pit, SX-EW","Open pit, SX-EW","Open pit, SX-EW","Open pit, SX-EW","Open pit, SX-EW","Open pit, SX-EW","Open pit, SX-EW",,,Pampa Norte,Pampa Norte,Pampa Norte,Pampa Norte,Pampa Norte,Pampa Norte,Pampa Norte,Pampa Norte,Pampa Norte,Pampa Norte,Pampa Norte,Pampa Norte,Pampa Norte,Pampa Norte,Pampa Norte,Pampa Norte,Pampa Norte,Pampa Norte,Pampa Norte,,,Mine,Mine,Mine,Mine,Mine,Mine,Mine,Mine,Mine,Mine,Mine,Mine,Mine,Mine,Mine,Mine,Mine,Mine,Mine,,,,,,,,,,,,,,,,,,,,,,,,,,676.0,676.0,676.0,676.0,676.0,676.0,676.0,676.0,676.0,676.0,676.0,676.0,676.0,676.0,676.0,676.0,676.0,676.0,676.0,,,O.Cu,O.Cu,O.Cu,O.Cu,O.Cu,O.Cu,O.Cu,O.Cu,O.Cu,O.Cu,O.Cu,O.Cu,O.Cu,O.Cu,O.Cu,O.Cu,O.Cu,O.Cu,O.Cu,,,,,,,,,,,,,,,,,,,,,,,,,13720000.0,14688000.0,15747000.0,16781000.0,15603000.0,16448000.0,29359000.0,34362000.0,34841000.0,32312000.0,36668000.0,34551000.0,33512000.0,35344000.0,34768000.0,37202000.0,35266000.0,37747000.0,39558000.0,,,13720000.0,14688000.0,15747000.0,16781000.0,15603000.0,16448000.0,29359000.0,34362000.0,34841000.0,32312000.0,36668000.0,34551000.0,33512000.0,35344000.0,34768000.0,37202000.0,35266000.0,37747000.0,39558000.0,,,,,,,,,,,,,,,,,,,,,,,,,,,,,,,,,2086919000.0,2073199000.0,2058511000.0,2042764000.0,2025983000.0,2010380000.0,1993932000.0,1964573000.0,1930211000.0,1895370000.0,1863058000.0,1826390000.0,1791839000.0,1758327000.0,1722983000.0,1688215000.0,1651013000.0,1615747000.0,1578000000.0,,,,,,,,,,,,,,,,,,,,,,,,,,,,,,,,,,,,,,,,,,,,,,,,,,,,,,,,,,
COM00955.01,Copper,Chile,14122.0,15.0,1.0,7459.11,,,,,,,,,,,,,,,,,,,,,,,,,,,,,,,,,,,,,,,,,,,,,,,,,,,,,,,,,,,,,,,,,,,,,,,,,,,,,,,,,,,,,,,,,,,,,,,,Copper,Copper,Copper,Copper,,Copper,Copper,Copper,Copper,Copper,Copper,Copper,Copper,,,,,,,,,,,,,,,,,,,,,,,,,,,,,,,,,,,,,,,,,,,,,,,,,,,,,,,,,,,,,,,,,,,,,,,,,,,,,,,,,,,,,,,,,,,,,,,Open pit,Open pit,Open pit,Open pit,,Open pit,Open pit,Open pit,Open pit,Open pit,Open pit,Open pit,Open pit,,,,,,,,,Pampa Norte,Pampa Norte,Pampa Norte,Pampa Norte,,Pampa Norte,Pampa Norte,Pampa Norte,Pampa Norte,Pampa Norte,Pampa Norte,Pampa Norte,Pampa Norte,,,,,,,,,Mine,Mine,Mine,Mine,,Mine,Mine,Mine,Mine,Mine,Mine,Mine,Mine,,,,,,,811.0,812.0,813.0,814.0,,815.0,817.0,818.0,819.0,820.0,821.0,822.0,823.0,,,,,,,,,,,,,,,,,,,,,,,,,,,,,,,,,,,,,,,,,,,,,,,,,,,,,,,,,,,,,,,,,,,,,,,,,,,,,,,,,,,,,,,,,,,,,,,,,,,,,,,,,,,,,,,,,,,,,,,,,,,,,,,,,,,,,,,,,,,,,,,,,,,,,,,,,,,,,,,,,,,,,,,,60288000.0,77141000.0,78854000.0,60841000.0,,104903000.0,111047000.0,103241000.0,90151000.0,88188000.0,93442000.0,89976000.0,82513000.0,,,,,,,,,,,,,,,,,,,,,,,,,,,,,,,,,,,,,,,
COM00960.00,Aluminium,Brazil,11963.92,14.0,1.0,2764.52,,,,,,,,,,,,,,,,,,,,,,,,,,,,,,,,,,,,,,,,,,,,,,,,,,,,,,,,,,,,,,,,,,,,,,,,,,,,,,,,,,,,,,,,,,,,,,,,Bauxite,Bauxite,Bauxite,Bauxite,Bauxite,Bauxite,Bauxite,Bauxite,Bauxite,Bauxite,Bauxite,Bauxite,Bauxite,,,,,,,,,,,,,,,,,,,,,,,,,,,,,,,,,,,,,,,,,,,,,,,,,,,,,,,,,,,,,,,,,,,,,,,,,,,,,,,,,,,,,,,,,,,,,,,,,,,,,,,,,,,,,,,,,,,,Paragominas,Paragominas,Paragominas,Paragominas,Paragominas,Paragominas,Paragominas,Paragominas,Paragominas,Paragominas,Paragominas,Paragominas,Paragominas,,,,,,,,,Mine,Mine,Mine,Mine,Mine,Mine,Mine,Mine,Mine,Mine,Mine,Mine,Mine,,,,,,,,,,,,,,,,,,,,,,,,,,,,,,,,,,,,,,,,,,,,,,,,,,,,,O.Al,O.Al,O.Al,O.Al,O.Al,O.Al,O.Al,O.Al,O.Al,O.Al,O.Al,O.Al,O.Al,,,,,,,,,,,,,,,,,,,,,,,,,,,,,,,1900000.0,4400000.0,6200000.0,7500000.0,8200000.0,9200000.0,7600000.0,9500000.0,10100000.0,11100000.0,11400000.0,6200000.0,7400000.0,,,,,,,,,1900000.0,4400000.0,6200000.0,7500000.0,8200000.0,9200000.0,7600000.0,9500000.0,10100000.0,11100000.0,11400000.0,6200000.0,7400000.0,,,,,,,,,,,,,,,,,,,,,,,,,,,,,,,,,,,,,,,,,,,,,,,,,,,,,,,,,,,,,,,,,,,,,,,,,,,,,,,,,,,,,,,,,,,,,,,,,,,,,,,,,,,,,
COM00965.00,Coal,United States of America,55819.0,36.0,0.0,33.2,,,,,2086560.0,1723680.0,1723680.0,1632960.0,2268000.0,1542240.0,1451520.0,1270080.0,2449440.0,2268000.0,1542240.0,1995840.0,2177280.0,2358720.0,2358720.0,2177280.0,1723680.0,,,,,2086560.0,1723680.0,1723680.0,1632960.0,2268000.0,1542240.0,1451520.0,1270080.0,2449440.0,2268000.0,1542240.0,1995840.0,2177280.0,2358720.0,2358720.0,2177280.0,1723680.0,,,,,,,,,,,,,,,,,,,,,,,,,,,,,,,,,,,,,,,,,,,,,,,Coal,Coal,Coal,Coal,Coal,Coal,Coal,Coal,Coal,Coal,Coal,Coal,Coal,Coal,Coal,Coal,Coal,,,,,,,,,,,,,,,,,,,,,,,,,,,,,,,,,,,,,,,,,,,,,,,,,,,,,,,,,,,,,,,,,,,,,,,,,,,,,,,,,,,,,,,,,,,Underground,Underground,Underground,Underground,Underground,Underground,Underground,Underground,Underground,Underground,Underground,Underground,Underground,Underground,Underground,Underground,Underground,,,,,Pattiki Complex,Pattiki Complex,Pattiki Complex,Pattiki Complex,Pattiki Complex,Pattiki Complex,Pattiki Complex,Pattiki Complex,Pattiki Complex,Pattiki Complex,Pattiki Complex,Pattiki Complex,Pattiki Complex,Pattiki Complex,Pattiki Complex,Pattiki Complex,Pattiki Complex,,,,,Mine,Mine,Mine,Mine,Mine,Mine,Mine,Mine,Mine,Mine,Mine,Mine,Mine,Mine,Mine,Mine,Mine,,,,,,,,,,,,,,,,,,,,,,,,,,,,682.0,682.0,682.0,682.0,682.0,682.0,682.0,682.0,682.0,682.0,682.0,682.0,682.0,682.0,682.0,682.0,682.0,,,,,F.coal,F.coal,F.coal,F.coal,F.coal,F.coal,F.coal,F.coal,F.coal,F.coal,F.coal,F.coal,F.coal,F.coal,F.coal,F.coal,F.coal,,,,,,,,,,,,,,,,,,,,,,,,,,,,,,,,,,,,,,,,,,,,,,,,,,,,,,,,,,,,,,,,,,,,,,,,,,,,,,,,,,,,,,,,,,,,,,,,,,,78563520.0,76476960.0,74753280.0,73029600.0,71396640.0,69128640.0,67586400.0,66134880.0,64864800.0,62415360.0,60147360.0,58605120.0,56609280.0,54432000.0,52073280.0,49714560.0,47537280.0,,,,,,,,,,,,,,,,,,,,,,,,,,,,,,,,,,,,,,,,,,,,,,,,,,,,,,,,,,,,,
COM00969.00,Coal,Australia,56861.95,49.0,1.0,33.2,,,,,7224000.0,6258000.0,7656000.0,7262000.0,8224000.0,9052000.0,8778000.0,8968000.0,8188000.0,8780000.0,8664000.0,6804000.0,7068000.0,9090000.0,9818000.0,10222000.0,10062000.0,12110000.0,12700000.0,11866000.0,,7224000.0,6258000.0,7656000.0,7262000.0,8224000.0,9052000.0,8778000.0,8968000.0,8188000.0,8780000.0,8664000.0,6804000.0,7068000.0,9090000.0,9818000.0,10222000.0,10062000.0,12110000.0,12700000.0,11866000.0,,,,,,,,,,,,,,,,,,,,,,,,,,,,,,,,,,,,,,,,,,,,Metallurgical bituminous coal,Metallurgical bituminous coal,Metallurgical bituminous coal,Metallurgical bituminous coal,Metallurgical bituminous coal,Metallurgical bituminous coal,Metallurgical bituminous coal,Metallurgical bituminous coal,Metallurgical bituminous coal,Metallurgical bituminous coal,Metallurgical bituminous coal,Metallurgical bituminous coal,Metallurgical bituminous coal,Metallurgical bituminous coal,Metallurgical bituminous coal,Metallurgical bituminous coal,Metallurgical bituminous coal,Metallurgical bituminous coal,Metallurgical bituminous coal,Metallurgical bituminous coal,,,,,,,,,,,,,,,,,,,,,,,,,,,,,,,,,,,,,,,,,,,,,,,,,,,,,,,,,,,,,,,,,,,,,,,,,,,,,,,,,,,,,,,,Open pit,Open pit,Open pit,Open pit,Open pit,Open pit,Open pit,Open pit,Open pit,Open pit,Open pit,Open pit,Open pit,Open pit,Open pit,Open pit,Open pit,Open pit,Open pit,Open pit,,Peak Downs,Peak Downs,Peak Downs,Peak Downs,Peak Downs,Peak Downs,Peak Downs,Peak Downs,Peak Downs,Peak Downs,Peak Downs,Peak Downs,Peak Downs,Peak Downs,Peak Downs,Peak Downs,Peak Downs,Peak Downs,Peak Downs,Peak Downs,,Mine,Mine,Mine,Mine,Mine,Mine,Mine,Mine,Mine,Mine,Mine,Mine,Mine,Mine,Mine,Mine,Mine,Mine,Mine,Mine,,,,,,,,,,,,,,,,,,,,,,,,,,,,,,,,,,,,,,,,,,,,684.0,,F.coc,F.coc,F.coc,F.coc,F.coc,F.coc,F.coc,F.coc,F.coc,F.coc,F.coc,F.coc,F.coc,F.coc,F.coc,F.coc,F.coc,F.coc,F.coc,F.coal,,,,,,,,,,,,,,,,,,,,,,,,,,,,,,,,,,,,,,,,,,,,,,,,,,,,,,,,,,,,,,,,,,,,,,,,,,,,,,,,,,,,,,,,,,,,,,,,,,,,,,,,,,,,,,,,,,,718000000.0,,,,,,,,,,,,,,,,,,,,,,,,,,,,,,,,,,,,,,,,,,,,,,,,,,,,,,,,,,
COM00970.00,Iron,Mexico,9018.86,47.0,1.0,151.7,,,,,,,,,,,,,,,,,,,,,,,,,,,,,,,,,,,,,,,,,,,,,,,,,,,,,,,,,,650000.0,650000.0,650000.0,650000.0,650000.0,650000.0,650000.0,650000.0,650000.0,,,,,,,,,,,,,8624.0,8627.0,8630.0,8633.0,8636.0,8639.0,8642.0,8645.0,8648.0,,,,,,,,,,Iron,Iron,Iron,Iron,Iron,Iron,Iron,Iron,Iron,Iron,Iron,Iron,,,,,,,,,,,,,0.0,0.0,0.0,0.0,0.0,0.0,0.0,0.0,0.0,,,,,,,,,,,,,2925000.0,2925000.0,2535000.0,2275000.0,2275000.0,1885000.0,2340000.0,2600000.0,2535000.0,,,,,,,,,,,,,Me.Fe,Me.Fe,Me.Fe,Me.Fe,Me.Fe,Me.Fe,Me.Fe,Me.Fe,Me.Fe,,,,,,,,,,,,,,,Me.Fe,Me.Fe,Me.Fe,Me.Fe,Me.Fe,Me.Fe,Me.Fe,Me.Fe,Me.Fe,,,,,,,,,,Open pit,Open pit,Open pit,Open pit,Open pit,Open pit,Open pit,Open pit,Open pit,Open pit,Open pit,Open pit,,,,,,,,,,Pena Colorada,Pena Colorada,Pena Colorada,Pena Colorada,Pena Colorada,Pena Colorada,Pena Colorada,Pena Colorada,Pena Colorada,Pena Colorada,Pena Colorada,Pena Colorada,,,,,,,,,,Mine,Mine,Mine,Mine,Mine,Mine,Mine,Mine,Mine,Mine,Mine,Mine,,,,,,,,,,,,,,,,,,,,,,,,,,,,,,,,,,,,685.0,685.0,685.0,685.0,685.0,685.0,685.0,685.0,685.0,,,,,,,,,,Con.Fe,Con.Fe,Con.Fe,Con.Fe,Con.Fe,Con.Fe,Con.Fe,Con.Fe,Con.Fe,Con.Fe,Con.Fe,Con.Fe,,,,,,,,,,,4500000.0,4500000.0,4600000.0,4500000.0,4500000.0,3900000.0,3500000.0,3500000.0,2900000.0,3600000.0,4000000.0,3900000.0,,,,,,,,,,,,,9000000.0,8400000.0,9500000.0,10100000.0,7900000.0,10800000.0,12400000.0,13300000.0,7900000.0,,,,,,,,,,,,,9000000.0,8400000.0,9500000.0,10100000.0,7900000.0,10800000.0,12400000.0,13300000.0,7900000.0,,,,,,,,,,,,,,,,,,,,,,,,,,,,,,,,,,,,,,,,,,,282400000.0,273400000.0,265000000.0,255500000.0,245400000.0,237500000.0,226700000.0,214300000.0,201000000.0,,,,,,,,,,,,,,,,,,,,,,,,,,,,,,,,,,,,,,,,,,,,,,,,,,,,,,,,,,
COM00971.00,Gold,Mexico,9018.86,11.0,1.0,1224.66,,,,,,,,,,,,,,,,,,,,,,,,,,,,,,,,,,,,,,,,,,,,,,,,,,,,,,,,,8.870118,,,,,,,,,,,,,,,,,,,,,8652.0,8656.0,8660.0,8664.0,8668.0,8672.0,8676.0,8679.0,8681.0,,,,,,,,,,,,,"Gold, Silver, Lead, Zinc","Gold, Silver, Lead, Zinc","Gold, Silver, Lead, Zinc","Gold, Silver, Lead, Zinc","Gold, Silver, Lead, Zinc","Gold, Silver, Lead, Zinc","Gold, Silver, Lead, Zinc","Gold, Silver, Lead, Zinc","Gold, Silver, Lead, Zinc","Gold, Silver, Lead, Zinc",,,,,,,,,,,,0.58,0.74,0.77,0.77,0.79,0.8,0.79,0.82,0.79,,,,,,,,,,,,,93.493,58.81,44.171,52.376,28.973,19.968,8.553,668.88,568.945,,,,,,,,,,,,,Me.Ag,Me.Ag,Me.Ag,Me.Ag,Me.Ag,Me.Ag,Me.Ag,Me.Ag,Me.Ag,,,,,,,,,,,,,,,,,,,,,,,,Me.Au,,,,,,,,,,,,Open pit,Open pit,Open pit,Open pit,Open pit,Open pit,Open pit,Open pit,Open pit,Open pit,,,,,,,,,,,,Penasquito,Penasquito,Penasquito,Penasquito,Penasquito,Penasquito,Penasquito,Penasquito,Penasquito,Penasquito,,,,,,,,,,,,Mine,Mine,Mine,Mine,Mine,Mine,Mine,Mine,Mine,Mine,,,,,,,,,,842.0,843.0,844.0,845.0,846.0,847.0,848.0,,,,,,,,,,,,,,,,,,,,,,,,,,,,686.0,,,,,,,,,,,,O.bulk,O.oxi,O.oxi,O.oxi,O.oxi,O.oxi,O.oxi,O.bulk,O.bulk,O.Au,,,,,,,,,,,,,,,,,,,,,,,,,,,,,,,,,,31392100.0,11126000.0,5954400.0,10471500.0,2373000.0,3038000.0,1106000.0,37083000.0,35248000.0,,,,,,,,,,,,,10540200.0,11126000.0,5954500.0,10471500.0,3053000.0,3038000.0,1106000.0,37083000.0,35248000.0,,,,,,,,,,,,,,,,229.06414584,,,,,,,,,,,,,,,0.4819418932100001,,,,,,,,,,,,,,,,,,,,,486800000.0,,,,,,,,,,,155394300.0,165383000.0,181277900.0,185463600.0,194041000.0,181612000.0,,,,,,,,,,,,,Waste rock,Waste rock,Waste rock,Waste rock,Waste rock,Waste rock,Waste rock,,,,,,,,,,,,,152272100.0,111836400.0,121904000.0,120194200.0,145175100.0,151924000.0,133771000.0,,,,
COM00973.00,Gold,Malaysia,13891.95,25.0,1.0,1514.58,,,,,,,,,,,,,,,,,,,,,,,,,,,,,,,,,,,,,,,,,,,,,,,,,,,,,,,,,,,,,,,,,,,,,,,,,,,,,,,,,,,,,,,,,,,,,,,,,,,,,Gold,Gold,Gold,Gold,Gold,Gold,Gold,Gold,,,,,,,,,,,,,,,,,,,,,,,,,,,,,,,,,,,1.591,1.037,1.413,1.025,0.071,0.872,0.826,0.826,,,,,,,,,,,,,,Me.Au,Me.Au,Me.Au,Me.Au,Me.Au,Me.Au,Me.Au,Me.Au,,,,,,,,,,,,,,,,,,,,,,,Me.Au,,,,,,,,,,,,,,Resin-In-Leach plant,Resin-In-Leach plant,Resin-In-Leach plant,Resin-In-Leach plant,Resin-In-Leach plant,Resin-In-Leach plant,Resin-In-Leach plant,Resin-In-Leach plant,,,,,,,,,,,,,,Penjom,Penjom,Penjom,Penjom,Penjom,Penjom,Penjom,Penjom,,,,,,,,,,,,,,Mine,Mine,Mine,Mine,Mine,Mine,Mine,Mine,,,,,,,,,,,,,,,,,,,,,,,,,,,,,,,,,,,,,,,,,,,,689.0,,,,,,,,,,,,,,O.Au,O.Au,O.Au,O.Au,O.Au,O.Au,O.Au,O.Au,,,,,,,,,,,,,,,,,,,,,,,,,,,,,,,,,,,,,,,,,,,,,,,,,,,,,,,,,,,,,,,,,,,,,,,,,,,,,,,11.566605384,,,,,,,,,,,,,,,14.8,,,,,,,,,,,,,,,,,,,,,14800000.0,,,,,,,,,,,,,,,,,,,,,,,,,,,,,,,,,,,,,,,,,,,,,,,,,,,,,,,,,,
COM00974.00,Coal,United States of America,55819.0,37.0,1.0,33.2,,,,,17508960.0,18688320.0,17508960.0,17508960.0,18416160.0,18960480.0,18960480.0,19141920.0,19141920.0,19504800.0,2086560.0,3538080.0,17781120.0,19504800.0,23677920.0,20684160.0,22407840.0,23677920.0,25038720.0,24675840.0,,17508960.0,18688320.0,17508960.0,17508960.0,18416160.0,18960480.0,18960480.0,19141920.0,19141920.0,19504800.0,2086560.0,3538080.0,17781120.0,19504800.0,23677920.0,20684160.0,22407840.0,23677920.0,25038720.0,24675840.0,,,,,,,,,,,,,,,,,,,,,,,,,,,,,,,,,,,,,,,,,,,,"Bituminous coal, Metallurgical coal","Bituminous coal, Metallurgical coal","Bituminous coal, Metallurgical coal","Bituminous coal, Metallurgical coal","Bituminous coal, Metallurgical coal","Bituminous coal, Metallurgical coal","Bituminous coal, Metallurgical coal","Bituminous coal, Metallurgical coal","Bituminous coal, Metallurgical coal","Bituminous coal, Metallurgical coal","Bituminous coal, Metallurgical coal","Bituminous coal, Metallurgical coal","Bituminous coal, Metallurgical coal","Bituminous coal, Metallurgical coal","Bituminous coal, Metallurgical coal","Bituminous coal, Metallurgical coal","Bituminous coal, Metallurgical coal","Bituminous coal, Metallurgical coal","Bituminous coal, Metallurgical coal","Bituminous coal, Metallurgical coal",,,,,,,,,,,,,,,,,,,,,,,,,,,,,,,,,,,,,,,,,,,,,,,,,,,,,,,,,,,,,,,,,,,,,,,,,,,,,,,,,,,,,,,,Underground,Underground,Underground,Underground,Underground,Underground,Underground,Underground,Underground,Underground,Underground,Underground,Underground,Underground,Underground,Underground,Underground,Underground,Underground,Underground,,Pennsylvania Mining Complex,Pennsylvania Mining Complex,Pennsylvania Mining Complex,Pennsylvania Mining Complex,Pennsylvania Mining Complex,Pennsylvania Mining Complex,Pennsylvania Mining Complex,Pennsylvania Mining Complex,Pennsylvania Mining Complex,Pennsylvania Mining Complex,Pennsylvania Mining Complex,Pennsylvania Mining Complex,Pennsylvania Mining Complex,Pennsylvania Mining Complex,Pennsylvania Mining Complex,Pennsylvania Mining Complex,Pennsylvania Mining Complex,Pennsylvania Mining Complex,Pennsylvania Mining Complex,Pennsylvania Mining Complex,,Mine,Mine,Mine,Mine,Mine,Mine,Mine,Mine,Mine,Mine,Mine,Mine,Mine,Mine,Mine,Mine,Mine,Mine,Mine,Mine,,,,,,,,,,,,,,,,,,,,,,,,,,,,,,,,,,,690.0,690.0,,,,,,,,690.0,,F.obc,F.obc,F.obc,F.obc,F.obc,F.obc,F.obc,F.obc,F.obc,F.obc,F.coc,F.coc,F.obc,F.obc,F.obc,F.obc,F.obc,F.obc,F.obc,F.coc,,,,,,,,,,,,,,,,,,,,,,,,,,,,,,,,,,,,,,,,,,,,,,,,,,,,,,,,,,,,,,,,,,,,,,,,,,,,,,,,,,,,,,,,,,,,,,,,,,,,,,,,,,612904320.0,610817760.0,,,,,,,,607279680.0,,,,,,,,,,,,,,,,,,,,,,,,,,,,,,,,,,,,,,,,,,,,,,,,,,,,,,,,,,
COM00977.00,Coal,Indonesia,12285.78,14.0,1.0,67.27,,,,,,,,,,,,550000.0,1140000.0,1980000.0,2700000.0,3200000.0,2500000.0,2100000.0,800000.0,800000.0,500000.0,1100000.0,1200000.0,1300000.0,,,,,,,,,550000.0,1140000.0,1980000.0,2700000.0,3200000.0,2500000.0,2100000.0,800000.0,800000.0,500000.0,1100000.0,1200000.0,1300000.0,,,,,,,,,,,,,,,,,,,,,,,,,,,,,,,,,,,,,,,,,,,,,,,,,,,Sub-bituminous coal,Sub-bituminous coal,Sub-bituminous coal,Sub-bituminous coal,Sub-bituminous coal,Sub-bituminous coal,Sub-bituminous coal,Sub-bituminous coal,Sub-bituminous coal,Sub-bituminous coal,Sub-bituminous coal,Sub-bituminous coal,Sub-bituminous coal,,,,,,,,,,,,,,,,,,,,,,,,,,,,,,,,,,,,,,,,,,,,,,,,,,,,,,,,,,,,,,,,,,,,,,,,,,,,,,,,,,,,,,,,,,,,,,,Open pit,Open pit,Open pit,Open pit,Open pit,Open pit,Open pit,Open pit,Open pit,Open pit,Open pit,Open pit,Open pit,,,,,,,,,Perkasa Inakakerta,Perkasa Inakakerta,Perkasa Inakakerta,Perkasa Inakakerta,Perkasa Inakakerta,Perkasa Inakakerta,Perkasa Inakakerta,Perkasa Inakakerta,Perkasa Inakakerta,Perkasa Inakakerta,Perkasa Inakakerta,Perkasa Inakakerta,Perkasa Inakakerta,,,,,,,,,Mine,Mine,Mine,Mine,Mine,Mine,Mine,Mine,Mine,Mine,Mine,Mine,Mine,,,,,,,,,,,,,,,,,,,,,,,,,,,,,,,,692.0,692.0,692.0,692.0,692.0,692.0,692.0,692.0,692.0,692.0,692.0,692.0,692.0,,,,,,,,,F.coal,F.coal,F.coal,F.coal,F.coal,F.coal,F.coal,F.coal,F.coal,F.coal,F.coal,F.coal,F.coal,,,,,,,,,,,,,,,,,,,,,,,,,,,,,,,,,,,,,,,,,,,,,,,,,,,,,,,,,,,,,,,,,,,,,,,,,,,,,,,,,,,,,,,,,,,,,,,,,,,,,,,39570000.0,39020000.0,37880000.0,35900000.0,33200000.0,30000000.0,27500000.0,25400000.0,24600000.0,23800000.0,23300000.0,22200000.0,21000000.0,,,,,,,,,,,,,,,,,,,,,,,,,,,,,,,,,,,,,,,,,,,,,,,,,,,,,,,,,,
COM00980.00,Iron,Australia,56861.95,3.0,0.0,123.34,,,,,,,,,,,,,,,,,,,,,,,,,,,,,,,,,,,,,,,,,,,,,,,,,,,,,,,,,,,,,,,,,,,,,,,,,,,,,,,,,,,,,,,,,,,,,,,,,,,,,,Iron,Iron,Iron,,,,,,,,,,,,,,,,,,,,,,,,,,,,,,,,,,,,,,,,,,,,,,,,,,,,,,,,,,,,,,,,,,,,,,,,,,,,,,,,,,,,,,,,,,,,,,,,,,,,,,,,,,,,,,,,,,,,,,,,,,,,,,Phil's Creek,Phil's Creek,Phil's Creek,,,,,,,,,,,,,,,,,,,Mine,Mine,Mine,,,,,,,,,,,,,,,,,,,,,,,,,,,,,,,,,,,,,,,,,,,,,,,,,,,,,,,,,,,,,,,O.Fe,O.Fe,O.Fe,,,,,,,,,,,,,,,,,,,,,,,,,,,,,,,,,,,,,,,,,464000.0,4339000.0,1678000.0,,,,,,,,,,,,,,,,,,,464000.0,4339000.0,1678000.0,,,,,,,,,,,,,,,,,,,,,,,,,,,,,,,,,,,,,,,,,,,,,,,,,,,,,,,,,,,,,,,,,,,,,,,,,,,,,,,,,,,,,,,,,,,,,,,,,,,,,,,,,,,,,,,,,
COM00981.00,Copper,United States of America,55819.0,57.0,1.0,7459.11,,,,,,,,,,,,,,,,,,,,,,,,,,,,,,,,,,,,,,,,,,,,,,,,,,,,,,,,,,,,,0.000436,0.000364,0.000336,0.000426,0.000386,,,,,,,,,,,,,,,,,8723.0,8725.0,8727.0,8729.0,8731.0,,,,,,,,,,"Gold, Copper, Copper cathode","Gold, Copper, Copper cathode","Gold, Copper, Copper cathode","Gold, Copper, Copper cathode","Gold, Copper, Copper cathode","Gold, Copper, Copper cathode","Gold, Copper, Copper cathode","Gold, Copper, Copper cathode","Gold, Copper, Copper cathode","Gold, Copper, Copper cathode","Gold, Copper, Copper cathode","Gold, Copper, Copper cathode",,,,,,,,,,,,,,,,,,,,,,,,,,,,,,,,,,,,,,0.006,0.006,0.006,0.007,0.007,,,,,,,,,,,,,,,,,Me.Au,Me.Au,Me.Au,Me.Au,Me.Au,,,,,,,,,,,,Me.Ag,Me.Ag,Me.Ag,Me.Ag,Me.Ag,Me.Ag,Me.Ag,Me.Ag,Me.Ag,Me.Ag,Me.Ag,Me.Ag,,,,,,,,,,"Open pit, SX-EW, carbon-in-leach, copper leach pad","Open pit, SX-EW, carbon-in-leach, copper leach pad","Open pit, SX-EW, carbon-in-leach, copper leach pad","Open pit, SX-EW, carbon-in-leach, copper leach pad","Open pit, SX-EW, carbon-in-leach, copper leach pad","Open pit, SX-EW, carbon-in-leach, copper leach pad","Open pit, SX-EW, carbon-in-leach, copper leach pad","Open pit, SX-EW, carbon-in-leach, copper leach pad","Open pit, SX-EW, carbon-in-leach, copper leach pad","Open pit, SX-EW, carbon-in-leach, copper leach pad","Open pit, SX-EW, carbon-in-leach, copper leach pad","Open pit, SX-EW, carbon-in-leach, copper leach pad",,,,,,,,,,Phoenix,Phoenix,Phoenix,Phoenix,Phoenix,Phoenix,Phoenix,Phoenix,Phoenix,Phoenix,Phoenix,Phoenix,,,,,,,,,,Mine,Mine,Mine,Mine,Mine,Mine,Mine,Mine,Mine,Mine,Mine,Mine,,,,,,,,853.0,854.0,855.0,856.0,857.0,858.0,859.0,860.0,861.0,862.0,863.0,864.0,,,,,,,,,,,,,,693.0,693.0,693.0,693.0,693.0,693.0,693.0,693.0,693.0,693.0,693.0,693.0,,,,,,,,,,O.bulk,O.bulk,O.bulk,O.bulk,O.bulk,O.bulk,O.bulk,O.bulk,O.bulk,O.bulk,O.bulk,O.bulk,,,,,,,,,,,,,,,,,,,,,,,,,,,,,,,,11105035.0,9319666.0,9357768.0,9105566.0,9680731.0,11019758.0,11213899.0,13688741.0,15958555.0,17625082.0,15873278.0,17679514.0,,,,,,,,,,11105035.0,9319666.0,9357768.0,9105566.0,9680731.0,11019758.0,11213899.0,13688741.0,15958555.0,17625082.0,15873278.0,17679514.0,,,,,,,,,,,,,,1725.9189602400002,,,,,,,,,,,,,,,6.8038855512000005,,,,,,,,,,,512774801.0,501669766.0,492350100.0,482992332.0,473886766.0,464206035.0,453186277.0,441972378.0,428283637.0,412325082.0,249900000.0,377020486.0,,,,,,,,,,,,,,,33248880.0,30214296.0,38005329.6,40181702.4,41515286.4,,,,,,,,Waste rock,Waste rock,Waste rock,Waste rock,Waste rock,Waste rock,Waste rock,Waste rock,Waste rock,Waste rock,Waste rock,Waste rock,,,,,,,,40790433.6,35209339.2,30918283.200000003,30002011.200000003,28025222.4,18004291.2,17091648.0,19560139.2,14255740.8,20380248.0,24308424.0,23835772.8,,
COM00986.00,Aluminium,China,19604.88,27.0,1.0,1783.71,,,2210000.0,,,,,,,,,,,,,,,,,,,,,,,,,,,,,,,,,,,,,,,,,,,,,,,,,,,,,,,,,,,,,,,,,,,,,,,,,,,,,,,,,,,,,,,,"Bauxite, Alumina, Aluminium","Bauxite, Alumina, Aluminium","Bauxite, Alumina, Aluminium","Bauxite, Alumina, Aluminium",,,"Bauxite, Alumina, Aluminium","Bauxite, Alumina, Aluminium","Bauxite, Alumina, Aluminium","Bauxite, Alumina, Aluminium","Bauxite, Alumina, Aluminium","Bauxite, Alumina, Aluminium","Bauxite, Alumina, Aluminium","Bauxite, Alumina, Aluminium","Bauxite, Alumina, Aluminium","Bauxite, Alumina, Aluminium","Bauxite, Alumina, Aluminium","Bauxite, Alumina, Aluminium",,,,,,,,,,,,,,,,,,,,,,,,,,,,,,,,,,,,,,,,,,,,,,,,,,,,,,,,,,,,,,,,,,Me.Al2O3,,,Me.Al2O3,Me.Al2O3,Me.Al2O3,Me.Al2O3,,,Me.Al2O3,Me.Al2O3,Me.Al2O3,Me.Al2O3,Me.Al2O3,Me.Al2O3,Me.Al2O3,Me.Al2O3,Me.Al2O3,Me.Al2O3,Me.Al2O3,Me.Al2O3,,,,Open pit,Open pit,Open pit,Open pit,,,Open pit,Open pit,Open pit,Open pit,Open pit,Open pit,Open pit,Open pit,Open pit,Open pit,Open pit,Open pit,,,,Pingguo,Pingguo,Pingguo,Pingguo,,,Pingguo,Pingguo,Pingguo,Pingguo,Pingguo,Pingguo,Pingguo,Pingguo,Pingguo,Pingguo,Pingguo,Pingguo,,,,"Mine, Refinery, Smelter","Mine, Refinery, Smelter","Mine, Refinery, Smelter","Mine, Refinery, Smelter",,,"Mine, Refinery, Smelter","Mine, Refinery, Smelter","Mine, Refinery, Smelter","Mine, Refinery, Smelter","Mine, Refinery, Smelter","Mine, Refinery, Smelter","Mine, Refinery, Smelter","Mine, Refinery, Smelter","Mine, Refinery, Smelter","Mine, Refinery, Smelter","Mine, Refinery, Smelter","Mine, Refinery, Smelter",,,,,,,,,,,,,,,,,,,,,,,121.0,,,,701.0,701.0,701.0,701.0,,,701.0,701.0,701.0,701.0,701.0,701.0,701.0,701.0,701.0,701.0,701.0,701.0,,,,O.Al,O.Al,O.Al,O.Al,,,O.Al,O.Al,O.Al,O.Al,O.Al,O.Al,O.Al,O.Al,O.Al,O.Al,O.Al,O.Al,,,,,,,,,,,,,,,,,,,,,,,,,,828000.0,1492000.0,1784700.0,1846000.0,,,2981500.0,4256500.0,4738000.0,5123900.0,6180000.0,6130000.0,6131000.0,5670000.0,5949000.0,5668000.0,5674000.0,5988000.0,,,,828000.0,1492000.0,1784700.0,1846000.0,,,2981500.0,4256500.0,4738000.0,5123900.0,6180000.0,6130000.0,6131000.0,5670000.0,5949000.0,5668000.0,5674000.0,5988000.0,,,,,,,,,,,,,,,,,,,,,,,,,,,,,,,,,,144532600.0,143704600.0,142212600.0,140427900.0,,,138581900.0,135600400.0,131343900.0,126605900.0,121482000.0,115302000.0,109172000.0,103041000.0,97371000.0,91422000.0,85754000.0,80080000.0,,,,,,,,,,,,,,,,,,,,,,,,,,,,,,,,,,,,,,,,,,,,,,,,,,,,,,,,,,
COM00989.00,Coal,United States of America,55819.0,52.0,1.0,120.44,,,,,,,,,,,,,2258021.0,,,,,2540160.0,2449440.0,,,,,,,,,,,,,,,2258021.0,,,,,2540160.0,2449440.0,,,,,,,,,,,,,,,,,,,,,,,,,,,,,,,,,,,,,,,,,,,,,,,,,,,,,,,,,Metallurgical coal,,,,,Metallurgical coal,Metallurgical coal,,,,,,,,,,,,,,,,,,,,,,,,,,,,,,,,,,,,,,,,,,,,,,,,,,,,,,,,,,,,,,,,,,,,,,,,,,,,,,,,,,,,,,,,,,,,,,,,,,,,,Underground,,,,,Underground,Underground,,,,,,,,,,,,,,,Pinnacle Complex,,,,,Pinnacle Complex,Pinnacle Complex,,,,,,,,,,,,,,,Mine,,,,,Mine,Mine,,,,,,,,,,,,,,,,,,,,,,,,,,,,,,,,,,,,,,,,,,,,,,,,,,,,,,,,,,,F.coc,,,,,F.coc,F.coc,,,,,,,,,,,,,,,,,,,,,,,,,,,,,,,,,,,,,,,,,,,,,,,,,,,,,,,,,,,,,,,,,,,,,,,,,,,,,,,,,,,,,,,,,,,,,,,,,,,,,,,,,,,,,,,,,,,,,,,,,,,,,,,,,,,,,,,,,,,,,,,,,,,,,,,,,,,,,,,,,,,,,,,,,,,,,,,,,,
COM00990.00,Gold,Mexico,9018.86,12.0,1.0,1008.67,,,,,,,,,,,,,,,,,,,,,,,,,,,,,,,,,,,,,,,,,,,,,,,,,,,,,,,,14.46188,14.491083,11.636778,14.907991,17.086808,11.953035,16.10215,17.516968,17.726608,20.854915,25.282105,,,,,,,,,,,8791.0,8793.0,8795.0,8797.0,8799.0,8801.0,8803.0,8805.0,8807.0,8809.0,8811.0,,,,,,,,,,,"Gold, Silver","Gold, Silver","Gold, Silver","Gold, Silver","Gold, Silver","Gold, Silver","Gold, Silver","Gold, Silver","Gold, Silver","Gold, Silver","Gold, Silver",,,,,,,,,,,0.459567,0.322078,0.417431,0.318482,0.315251,0.345011,0.267931,0.242174,0.275908,0.222818,0.216542,,,,,,,,,,,3.289,33.594,52.475,65.516,68.379,51.568,72.093,76.714,79.832,75.92,77.706,,,,,,,,,,,Me.Ag,Me.Ag,Me.Ag,Me.Ag,Me.Ag,Me.Ag,Me.Ag,Me.Ag,Me.Ag,Me.Ag,Me.Ag,,,,,,,,,,,,,Me.Ag,Me.Ag,Me.Ag,Me.Ag,Me.Ag,Me.Ag,Me.Ag,Me.Ag,Me.Ag,Me.Ag,Me.Ag,,,,,,,,,,,"Open pit, Underground","Open pit, Underground","Open pit, Underground","Open pit, Underground","Open pit, Underground","Open pit, Underground","Open pit, Underground","Open pit, Underground","Open pit, Underground","Open pit, Underground","Open pit, Underground",,,,,,,,,,,Pinos Altos,Pinos Altos,Pinos Altos,Pinos Altos,Pinos Altos,Pinos Altos,Pinos Altos,Pinos Altos,Pinos Altos,Pinos Altos,Pinos Altos,,,,,,,,,,,Mine,Mine,Mine,Mine,Mine,Mine,Mine,Mine,Mine,Mine,Mine,,,,,,,,,,,,,,,,,,,,,,,,,,,,,,,,,,703.0,703.0,703.0,703.0,703.0,703.0,703.0,703.0,703.0,703.0,703.0,,,,,,,,,,,O.bulk,O.bulk,O.bulk,O.bulk,O.bulk,O.bulk,O.bulk,O.bulk,O.bulk,O.bulk,O.bulk,,,,,,,,,,,,,,,,,,,,,,,,,,,,,,,,,227394.0,2318266.0,4509407.0,4394673.0,4001862.0,4314200.0,4477218.0,4379400.0,4503527.0,3640390.0,3073559.0,,,,,,,,,,,227394.0,2318266.0,4509407.0,4394673.0,4001862.0,4314200.0,4477218.0,4379400.0,4503527.0,3640390.0,3073559.0,,,,,,,,,,,,,,,737.115947523,,,,,,,,,,,,,,,53.149116661189616,,,,,,,,,,,51981337.0,51753943.0,49435677.0,44926270.0,40531597.0,36529735.0,32215535.0,27738317.0,23358917.0,18855390.0,15215000.0,,,,,,,,,,,,,,,,,,,,,,,,,,,,,,,,,,,,,,,,,,,,,,,,,,,,,,,,,,
COM00991.00,Copper,United States of America,55819.0,47.0,1.0,2279.37,,,,,,,,,,,,,,,,,,,,,,,,,,,,,,,,,,,,,,,,,,,,,,,,,,,,,,,,,,,,,0.516255,0.508743,0.570193,0.500061,3200.0,3300.0,,,,,,,,,,,,,,,,8817.0,8821.0,8825.0,8829.0,8832.0,8835.0,,"Copper, Copper cathode, Molybdenum, Silver, Gold","Copper, Copper cathode, Molybdenum, Silver, Gold","Copper, Copper cathode, Molybdenum, Silver, Gold","Copper, Copper cathode, Molybdenum, Silver, Gold","Copper, Copper cathode, Molybdenum, Silver, Gold","Copper, Copper cathode, Molybdenum, Silver, Gold","Copper, Copper cathode, Molybdenum, Silver, Gold","Copper, Copper cathode, Molybdenum, Silver, Gold","Copper, Copper cathode, Molybdenum, Silver, Gold","Copper, Copper cathode, Molybdenum, Silver, Gold","Copper, Copper cathode, Molybdenum, Silver, Gold","Copper, Copper cathode, Molybdenum, Silver, Gold","Copper, Copper cathode, Molybdenum, Silver, Gold","Copper, Copper cathode, Molybdenum, Silver, Gold","Copper, Copper cathode, Molybdenum, Silver, Gold","Copper, Copper cathode, Molybdenum, Silver, Gold","Copper, Copper cathode, Molybdenum, Silver, Gold","Copper, Copper cathode, Molybdenum, Silver, Gold","Copper, Copper cathode, Molybdenum, Silver, Gold","Copper, Copper cathode, Molybdenum, Silver, Gold",,,,,,,,,,,,,,,,0.889,0.874,0.876,0.892,0.846,0.851,,18200.0,16400.0,12800.0,10600.0,9500.0,9100.0,8200.0,7600.0,3.203,5.16,6200.0,5700.0,5400.0,1.673,8.896,9.02,11.726,9.829,54007.883,53355.617,,Oth.cuca,Oth.cuca,Oth.cuca,Oth.cuca,Oth.cuca,Oth.cuca,Oth.cuca,Oth.cuca,Me.Ag,Me.Ag,Oth.cuca,Oth.cuca,Oth.cuca,Me.Ag,Me.Ag,Me.Ag,Me.Ag,Me.Ag,Me.Cu,Me.Cu,,,,,,,,,,,,,,,,,,,,,,,Me.Cu,,Open pit,Open pit,Open pit,Open pit,Open pit,Open pit,Open pit,Open pit,Open pit,Open pit,Open pit,Open pit,Open pit,Open pit,Open pit,Open pit,Open pit,Open pit,Open pit,Open pit,,Pinto Valley,Pinto Valley,Pinto Valley,Pinto Valley,Pinto Valley,Pinto Valley,Pinto Valley,Pinto Valley,Pinto Valley,Pinto Valley,Pinto Valley,Pinto Valley,Pinto Valley,Pinto Valley,Pinto Valley,Pinto Valley,Pinto Valley,Pinto Valley,Pinto Valley,Pinto Valley,,Mine,Mine,Mine,Mine,Mine,Mine,Mine,Mine,Mine,Mine,Mine,Mine,Mine,Mine,Mine,Mine,Mine,Mine,Mine,Mine,,,,,,,,,,,,,,,,,,,,,,,,,,,,,,,,,,,,,,,,,,,,705.0,,,,,,,,,,Con.Cu,Con.Cu,,,,O.bulk,Con.Cu,Con.Cu,Con.Cu,Con.Cu,Con.Cu,Con.Cu,,,,,,,,,,,26800.0,33300.0,,,,,211709.0,203966.0,234702.0,196583.0,201747.0,196560.0,,,,,,,,,,,,,,,,20931000.0,23139000.0,23435000.0,20605000.0,19290000.0,18888000.0,,,,,,,,,,,,,,,,17231000.0,17730000.0,20565000.0,19655000.0,19246000.0,18665000.0,,,,,,,,,,,,,,,1240000.0,,,,,,,,,,,,,,,3100.0,,,,,,,,,,,,,,,,,,,,,399000000.0,,,,,,,,,,,,,,,,,,,,,,,,,,,,,,,,,,,,,,,,,,,,,,,,,,,,,,,,,,
COM00993.00,Coal,United States of America,55819.0,31.0,1.0,95.29,,,,,,,,,,,,,,,272160.0,181440.0,336571.0,268531.0,,,,,,,,,,,,,,,,,,272160.0,181440.0,336571.0,268531.0,,,,,,,,,,,,,,,,,,,,,,,,,,,,,,,,,,,,,,,,,,,,,,,,,,,,,,,,,,,,Bituminous coal,Bituminous coal,Bituminous coal,Bituminous coal,,,,,Bituminous coal,,,,,,,,,,,,,,,,,,,,,,,,,,,,,,,,,,,,,,,,,,,,,,,,,,,,,,,,,,,,,,,,,,,,,,,,,,,,,,,,,,,,,,,,,,,,,,,,,,,Surface,Surface,Surface,Surface,,,,,Surface,,,,,,,,,,,,,Plainfield,Plainfield,Plainfield,Plainfield,,,,,Plainfield,,,,,,,,,,,,,Mine,Mine,Mine,Mine,,,,,Mine,,,,,,,,,,,,,,,,,,,,,,,,,,,,,,,,,,,,708.0,708.0,708.0,708.0,,,,,708.0,,,,,,,,,,,,,F.obc,F.obc,F.obc,F.obc,,,,,F.obc,,,,,,,,,,,,,,,,,,,,,,,,,,,,,,,,,,,,,,,,,,,,,,,,,,,,,,,,,,,,,,,,,,,,,,,,,,,,,,,,,,,,,,,,,,,,,,,,,,,,,,,,,,,4344580.4,4072420.4,3890980.4,3554409.4000000004,,,,,3285878.4000000004,,,,,,,,,,,,,,,,,,,,,,,,,,,,,,,,,,,,,,,,,,,,,,,,,,,,,,,,,,,
COM00996.00,Aluminium,Brazil,11963.92,56.0,1.0,1835.51,,,390000.0,,,,,,,,,,,,,,,,,,,,,,,,,,,,,,,,,,,,,,,,,,,,,,,,,,,,,,,,,,,,,,,,,,,,,,,,,,,,,,,,,,,,,,,,,,,,,,,,,,"Bauxite, Alumina","Bauxite, Alumina","Bauxite, Alumina","Bauxite, Alumina","Bauxite, Alumina","Bauxite, Alumina","Bauxite, Alumina","Bauxite, Alumina",,,,,,,,,,,,,,,,,,,,,,,,,,,,,,,,,,,,,,,,,,,,,,,,,,,,,,,,,,,,,,,,,,Me.Al2O3,,,,,,,,,,,,,Me.Al2O3,Me.Al2O3,Me.Al2O3,Me.Al2O3,Me.Al2O3,Me.Al2O3,Me.Al2O3,Me.Al2O3,,,,,,,,,,,,,,Open pit,Open pit,Open pit,Open pit,Open pit,Open pit,Open pit,Open pit,,,,,,,,,,,,,,Pocos de Caldas,Pocos de Caldas,Pocos de Caldas,Pocos de Caldas,Pocos de Caldas,Pocos de Caldas,Pocos de Caldas,Pocos de Caldas,,,,,,,,,,,,,,"Mine, Refinery","Mine, Refinery","Mine, Refinery","Mine, Refinery","Mine, Refinery","Mine, Refinery","Mine, Refinery","Mine, Refinery",,,,,,,,,,,,,,,,,,,,,,,123.0,,,,,,,,,,,,,,710.0,710.0,710.0,710.0,710.0,710.0,710.0,710.0,,,,,,,,,,,,,,O.Al,O.Al,O.Al,O.Al,O.Al,O.Al,O.Al,O.Al,,,,,,,,,,,,,,,,,,,,,,,,,,,,,,,,,,,,800000.0,800000.0,500000.0,300000.0,200000.0,300000.0,400000.0,300000.0,,,,,,,,,,,,,,800000.0,800000.0,500000.0,300000.0,200000.0,300000.0,400000.0,300000.0,,,,,,,,,,,,,,,,,,,,,,,,,,,,,,,,,,,,,,,,,,,,4400000.0,3600000.0,2800000.0,2300000.0,2000000.0,1800000.0,1500000.0,1100000.0,,,,,,,,,,,,,,,,,,,,,,,,,,,,,,,,,,,,,,,,,,,,,,,,,,,,,,,,,,
COM00999.00,Coal,Australia,56861.95,15.0,1.0,67.27,,,,,,,,,,,,1438000.0,2271000.0,2457000.0,2834000.0,2759000.0,2612000.0,2712000.0,3063000.0,3466000.0,3462000.0,3189000.0,3718000.0,4071000.0,,,,,,,,,1438000.0,2271000.0,2457000.0,2834000.0,2759000.0,2612000.0,2712000.0,3063000.0,3466000.0,3462000.0,3189000.0,3718000.0,4071000.0,,,,,,,,,,,,,,,,,,,,,,,,,,,,,,,,,,,,,,,,,,,,,,,,,,,Metallurgical bituminous coal,Metallurgical bituminous coal,Metallurgical bituminous coal,Metallurgical bituminous coal,Metallurgical bituminous coal,Metallurgical bituminous coal,Metallurgical bituminous coal,Metallurgical bituminous coal,Metallurgical bituminous coal,Metallurgical bituminous coal,Metallurgical bituminous coal,Metallurgical bituminous coal,Metallurgical bituminous coal,,,,,,,,,,,,,,,,,,,,,,,,,,,,,,,,,,,,,,,,,,,,,,,,,,,,,,,,,,,,,,,,,,,,,,,,,,,,,,,,,,,,,,,,,,,,,,,Open pit,Open pit,Open pit,Open pit,Open pit,Open pit,Open pit,Open pit,Open pit,Open pit,Open pit,Open pit,Open pit,,,,,,,,,Poitrel,Poitrel,Poitrel,Poitrel,Poitrel,Poitrel,Poitrel,Poitrel,Poitrel,Poitrel,Poitrel,Poitrel,Poitrel,,,,,,,,,Mine,Mine,Mine,Mine,Mine,Mine,Mine,Mine,Mine,Mine,Mine,Mine,Mine,,,,,,,,,,,,,,,,,,,,,,,,,,,,,,,,713.0,713.0,713.0,713.0,713.0,713.0,713.0,713.0,713.0,713.0,713.0,713.0,713.0,,,,,,,,,F.coc,F.coc,F.coc,F.coc,F.coc,F.coc,F.coc,F.coc,F.coc,F.coc,F.coc,F.coc,F.coc,,,,,,,,,,,,,,,,,,,,,,,,,,,,,,,,,,,,,,,,,,,,,,,,,,,,,,,,,,,,,,,,,,,,,,,,,,,,,,,,,,,,,,,,,,,,,,,,,,,,,,,94981000.0,93543000.0,91272000.0,88815000.0,85981000.0,83222000.0,80610000.0,77898000.0,74835000.0,71369000.0,67907000.0,64718000.0,61000000.0,,,,,,,,,,,,,,,,,,,,,,,,,,,,,,,,,,,,,,,,,,,,,,,,,,,,,,,,,,
COM01000.00,Copper,Poland,24382.55,25.0,1.0,5176.96,,,,,,,,,,,,,,,,,,,,,,,,,,,,,,,,,,,,,,,,,,,,,,,,,,,,,,,,,,,,,,,,,,,,,,,,,,,,,,,,,,,,,,,,,,,,,,,,,,,,,,,,,"Copper, Silver, Lead, Gold","Copper, Silver, Lead, Gold","Copper, Silver, Lead, Gold",,,,,,,,,,,,,,,,,,,,,,,,,,,,,,,,,,,,,,,,207500.0,204600.0,195700.0,,,,,,,,,,,,,,,,,,,Me.Cu,Me.Cu,Me.Cu,,,,,,,,,,,,,,,,,,,,,,,,,,,,,,,,,,,,,,,,,,Underground,Underground,Underground,,,,,,,,,,,,,,,,,,,Polkowice-Sieroszowice,Polkowice-Sieroszowice,Polkowice-Sieroszowice,,,,,,,,,,,,,,,,,,,Mine,Mine,Mine,,,,,,,,,,,,,,,,,,,,,,,,,,,,,,,,,,,,,,,,,,,,,,,,,,,,,,,,,,,,,,,,,,,,,,,,,,,,,,,,,,,,,,,,,,,,,,,,,,,,,,,,,,,,,,,,,,,,,,,,,,,,,,,,,,,,,,,,,,,,,,,,,,,,,,,,,,,,,,,,,,,,,,,,,,,,,,,,,,,,,,,,,,,,,,,,,,,,,,,,,,,,,,,,,,,,,,,,,,,,,,,,,,,,,,,,,,,,,,,
COM01005.00,Coal,Canada,43833.79,43.0,1.0,43.21,,,,,,3400000.0,3400000.0,3400000.0,3500000.0,3400000.0,2700000.0,3400000.0,2600000.0,3300000.0,3500000.0,3500000.0,3600000.0,3300000.0,3441463.0,3351197.0,3561667.0,3254126.0,,,,,3400000.0,3400000.0,3400000.0,3500000.0,3400000.0,2700000.0,3400000.0,2600000.0,3300000.0,3500000.0,3500000.0,3600000.0,3300000.0,3441463.0,3351197.0,3561667.0,3254126.0,,,,,,,,,,,,,,,,,,,,,,,,,,,,,,,,,,,,,,,,,,,,,,,Lignite,Lignite,Lignite,Lignite,Lignite,Lignite,Lignite,Lignite,Lignite,Lignite,Lignite,Lignite,Lignite,Lignite,Lignite,Lignite,Lignite,,,,,,,,,,,,,,,,,,,,,,,,,,,,,,,,,,,,,,,,,,,,,,,,,,,,,,,,,,,,,,,,,,,,,,,,,,,,,,,,,,,,,,,,,,,Surface,Surface,Surface,Surface,Surface,Surface,Surface,Surface,Surface,Surface,Surface,Surface,Surface,Surface,Surface,Surface,Surface,,,,,Poplar River,Poplar River,Poplar River,Poplar River,Poplar River,Poplar River,Poplar River,Poplar River,Poplar River,Poplar River,Poplar River,Poplar River,Poplar River,Poplar River,Poplar River,Poplar River,Poplar River,,,,,Mine,Mine,Mine,Mine,Mine,Mine,Mine,Mine,Mine,Mine,Mine,Mine,Mine,Mine,Mine,Mine,Mine,,,,,,,,,,,,,,,,,,,,,,,,,,,,714.0,714.0,714.0,714.0,714.0,714.0,714.0,714.0,714.0,714.0,714.0,714.0,714.0,714.0,714.0,714.0,714.0,,,,,F.lig,F.lig,F.lig,F.lig,F.lig,F.lig,F.lig,F.lig,F.lig,F.lig,F.lig,F.lig,F.lig,F.lig,F.lig,F.lig,F.lig,,,,,,,,,,,,,,,,,,,,,,,,,,,,,,,,,,,,,,,,,,,,,,,,,,,,,,,,,,,,,,,,,,,,,,,,,,,,,,,,,,,,,,,,,,,,,,,,,,,94179234.2,90779234.2,87379234.2,83979234.2,80479234.2,77079234.2,74379234.2,70979234.2,68379234.2,65079234.2,61579234.2,58079234.2,54479234.2,51179234.2,47737771.2,44386574.2,40824907.2,,,,,,,,,,,,,,,,,,,,,,,,,,,,,,,,,,,,,,,,,,,,,,,,,,,,,,,,,,,,
COM01006.00,Gold,Peru,10531.43,14.0,1.0,730.09,,,,,,,,,,,,,,,,,,,,,,,,,,,,,,,,,,,,,,,,,,,,,,,,,,,,,,3.421382,4.976556,4.976556,4.665522,7.1538,6.16,9.1,,,,,,,,,,,,,,,8891.0,8893.0,8895.0,8897.0,8899.0,8901.0,8903.0,,,,,,,,,,,,,,,"Gold, Silver","Gold, Silver","Gold, Silver","Gold, Silver","Gold, Silver","Gold, Silver","Gold, Silver",,,,,,,,,,,,,,,0.801,0.815,0.791,0.738,0.746,0.668,0.749,,,,,,,,,,,,,,,0.171,0.762,0.945,0.845,1.34,0.503,0.017,,,,,,,,,,,,,,,Me.Ag,Me.Ag,Me.Ag,Me.Ag,Me.Ag,Me.Ag,Me.Ag,,,,,,,,,,,,,,,,,Me.Ag,Me.Ag,Me.Ag,Me.Ag,Me.Ag,Me.Ag,Me.Ag,,,,,,,,,,,,,,,Underground,Underground,Underground,Underground,Underground,Underground,Underground,,,,,,,,,,,,,,,Poracota,Poracota,Poracota,Poracota,Poracota,Poracota,Poracota,,,,,,,,,,,,,,,Mine,Mine,Mine,Mine,Mine,Mine,Mine,,,,,,,,,,,,,,,,,,,,,,,,,,,,,,,,,,,,,,715.0,715.0,715.0,715.0,715.0,715.0,715.0,,,,,,,,,,,,,,,O.bulk,O.bulk,O.bulk,O.bulk,O.bulk,O.bulk,O.bulk,,,,,,,,,,,,,,,,,,,,,,,,,,,,,,,,,,,,,61867.0,184188.0,244450.0,245041.0,260475.0,122366.0,2557.0,,,,,,,,,,,,,,,61867.0,184188.0,244450.0,245041.0,260475.0,122366.0,2557.0,,,,,,,,,,,,,,,,,,,,,,,,,,,,,,,,,,,,,,,,,,,,,1225987.0,1164120.0,979932.0,735482.0,490441.0,229966.0,107600.0,,,,,,,,,,,,,,,,,,,,,,,,,,,,,,,,,,,,,,,,,,,,,,,,,,,,,,,,,,,,,,,,
COM01012.00,Iron,Bosnia and Herzegovina,12196.79,105.0,1.0,151.7,,,,,,,,,,,,,,,,,,,,,,,,,,,,,,,,,,,,,,,,,,,,,,,,,,,,,,,,,,575000.0,575000.0,575000.0,575000.0,575000.0,575000.0,550000.0,550000.0,550000.0,,,,,,,,,,,,,8945.0,8948.0,8951.0,8954.0,8957.0,8960.0,8963.0,8966.0,8969.0,,,,,,,,,,Iron,Iron,Iron,Iron,Iron,Iron,Iron,Iron,Iron,Iron,Iron,Iron,,,,,,,,,,,,,0.0,0.0,0.0,0.0,0.0,0.0,0.0,0.0,0.0,,,,,,,,,,,,,1092500.0,1196000.0,1207500.0,1207500.0,1207500.0,1035000.0,880000.0,770000.0,770000.0,,,,,,,,,,,,,Me.Fe,Me.Fe,Me.Fe,Me.Fe,Me.Fe,Me.Fe,Me.Fe,Me.Fe,Me.Fe,,,,,,,,,,,,,,,Me.Fe,Me.Fe,Me.Fe,Me.Fe,Me.Fe,Me.Fe,Me.Fe,Me.Fe,Me.Fe,,,,,,,,,,Open pit,Open pit,Open pit,Open pit,Open pit,Open pit,Open pit,Open pit,Open pit,Open pit,Open pit,Open pit,,,,,,,,,,Prijedor,Prijedor,Prijedor,Prijedor,Prijedor,Prijedor,Prijedor,Prijedor,Prijedor,Prijedor,Prijedor,Prijedor,,,,,,,,,,Mine,Mine,Mine,Mine,Mine,Mine,Mine,Mine,Mine,Mine,Mine,Mine,,,,,,,,,,,,,,,,,,,,,,,,,,,,,,,,,,,,720.0,720.0,720.0,720.0,720.0,720.0,720.0,720.0,720.0,,,,,,,,,,Con.Fe,Con.Fe,Con.Fe,Con.Fe,Con.Fe,Con.Fe,Con.Fe,Con.Fe,Con.Fe,Con.Fe,Con.Fe,Con.Fe,,,,,,,,,,,1200000.0,1800000.0,1400000.0,1900000.0,2080000.0,2100000.0,2100000.0,2100000.0,1800000.0,1600000.0,1400000.0,1400000.0,,,,,,,,,,,,,2700000.0,3000000.0,2900000.0,3000000.0,2700000.0,2300000.0,2200000.0,1900000.0,1900000.0,,,,,,,,,,,,,2700000.0,3000000.0,2900000.0,3000000.0,2700000.0,2300000.0,2200000.0,1900000.0,1900000.0,,,,,,,,,,,,,,,,,,,,,,,,,,,,,,,,,,,,,,,,,,,32700000.0,30000000.0,27000000.0,24100000.0,21100000.0,18400000.0,16100000.0,13900000.0,12000000.0,,,,,,,,,,,,,,,,,,,,,,,,,,,,,,,,,,,,,,,,,,,,,,,,,,,,,,,,,,
COM01015.00,Copper,Australia,56861.95,12.0,1.0,5338.73,,,,,,,,,,,,,,,,,,,,,,,,,,,,,,,,,,,,,,,,,,,,,,,,,,,,,,,,122.3,86.8,93.3,111.0,123.6,115.1,91.1,109.2,102.0,84.1,83.6,,,,,,,,,,,8972.0,8975.0,8978.0,8981.0,8984.0,8987.0,8991.0,8995.0,8999.0,9003.0,9007.0,,,,,,,,,,,"Copper, Gold, Silver","Copper, Gold, Silver","Copper, Gold, Silver","Copper, Gold, Silver","Copper, Gold, Silver","Copper, Gold, Silver","Copper, Gold, Silver","Copper, Gold, Silver","Copper, Gold, Silver","Copper, Gold, Silver","Copper, Gold, Silver",,,,,,,,,,,7.3e-05,0.000146,0.000126,8.9e-05,7.2e-05,8.3e-05,0.000132,9.2e-05,0.000106,0.000155,0.000157,,,,,,,,,,,19.815,17.428,17.345,20.433,17.362,18.48,21.207,23.848,22.397,19.886,17.841,,,,,,,,,,,Me.Ag,Me.Ag,Me.Ag,Me.Ag,Me.Ag,Me.Ag,Me.Ag,Me.Ag,Me.Ag,Me.Ag,Me.Ag,,,,,,,,,,,,,Me.Ag,Me.Ag,Me.Ag,Me.Ag,Me.Ag,Me.Ag,Me.Ag,Me.Ag,Me.Ag,Me.Ag,Me.Ag,,,,,,,,,,,"Underground, Open pit","Underground, Open pit","Underground, Open pit","Underground, Open pit","Underground, Open pit","Underground, Open pit","Underground, Open pit","Underground, Open pit","Underground, Open pit","Underground, Open pit","Underground, Open pit",,,,,,,,,,,Prominent Hill,Prominent Hill,Prominent Hill,Prominent Hill,Prominent Hill,Prominent Hill,Prominent Hill,Prominent Hill,Prominent Hill,Prominent Hill,Prominent Hill,,,,,,,,,,,Mine,Mine,Mine,Mine,Mine,Mine,Mine,Mine,Mine,Mine,Mine,,,,,,,,,873.0,874.0,875.0,876.0,877.0,878.0,879.0,880.0,881.0,882.0,,,,,,,,,,,,,,,,722.0,722.0,722.0,722.0,722.0,722.0,722.0,722.0,722.0,722.0,722.0,,,,,,,,,,,Con.Cu,Con.Cu,Con.Cu,Con.Cu,Con.Cu,Con.Cu,Con.Cu,Con.Cu,Con.Cu,Con.Cu,Con.Cu,,,,,,,,,,,,178066.0,220589.0,204225.0,202355.0,154369.0,176519.0,255710.0,240085.0,241224.0,259799.0,234451.0,,,,,,,,,,,9120226.0,10037624.0,11333854.0,7754395.0,9485978.0,5849908.0,2557434.0,2439785.0,798266.0,863.0,3365932.0,,,,,,,,,,,6538276.0,9537461.0,9891819.0,9648325.0,9499296.0,9870853.0,10589261.0,9506995.0,9954496.0,9830063.0,9807885.0,,,,,,,,,,,,,,,124.737901772,,,,,,,,,,,,,,,2.2607142857142857,,,,,,,,,,,160373477.0,151253251.0,141215627.0,129881773.0,122127378.0,112641400.0,102778493.0,91194444.0,76401822.0,61132329.0,56000000.0,,,,,,,,,,,,,,,,,,,,,,,,,,,,Waste rock,Waste rock,Waste rock,Waste rock,Waste rock,Waste rock,Waste rock,Waste rock,Waste rock,Waste rock,,,,,,,,,,38467993.0,53353057.0,57683667.0,73009951.0,78507746.0,67956871.0,37985268.0,14736505.0,6493883.0,602401.0,,
COM01016.00,Coal,Indonesia,12285.78,29.0,1.0,33.2,,,,,15500000.0,17700000.0,20800000.0,22500000.0,24300000.0,26700000.0,34400000.0,36100000.0,38500000.0,40590000.0,42200000.0,47670000.0,47190000.0,52260000.0,55320000.0,50350000.0,50770000.0,47680000.0,48330000.0,51640000.0,46750000.0,15500000.0,17700000.0,20800000.0,22500000.0,24300000.0,26700000.0,34400000.0,36100000.0,38500000.0,40590000.0,42200000.0,47670000.0,47190000.0,52260000.0,55320000.0,50350000.0,50770000.0,47680000.0,48330000.0,51640000.0,46750000.0,,,,,,,,,,,,,,,,,,,,,,,,,,,,,,,,,,,,,,,,,,,Sub-bituminous coal,Sub-bituminous coal,Sub-bituminous coal,Sub-bituminous coal,Sub-bituminous coal,Sub-bituminous coal,Sub-bituminous coal,Sub-bituminous coal,Sub-bituminous coal,Sub-bituminous coal,Sub-bituminous coal,Sub-bituminous coal,Sub-bituminous coal,Sub-bituminous coal,Sub-bituminous coal,Sub-bituminous coal,Sub-bituminous coal,Sub-bituminous coal,Sub-bituminous coal,Sub-bituminous coal,Sub-bituminous coal,,,,,,,,,,,,,,,,,,,,,,,,,,,,,,,,,,,,,,,,,,,,,,,,,,,,,,,,,,,,,,,,,,,,,,,,,,,,,,,,,,,,,,,Open pit,Open pit,Open pit,Open pit,Open pit,Open pit,Open pit,Open pit,Open pit,Open pit,Open pit,Open pit,Open pit,Open pit,Open pit,Open pit,Open pit,Open pit,Open pit,Open pit,Open pit,PT Adaro Indonesia,PT Adaro Indonesia,PT Adaro Indonesia,PT Adaro Indonesia,PT Adaro Indonesia,PT Adaro Indonesia,PT Adaro Indonesia,PT Adaro Indonesia,PT Adaro Indonesia,PT Adaro Indonesia,PT Adaro Indonesia,PT Adaro Indonesia,PT Adaro Indonesia,PT Adaro Indonesia,PT Adaro Indonesia,PT Adaro Indonesia,PT Adaro Indonesia,PT Adaro Indonesia,PT Adaro Indonesia,PT Adaro Indonesia,PT Adaro Indonesia,Mine,Mine,Mine,Mine,Mine,Mine,Mine,Mine,Mine,Mine,Mine,Mine,Mine,Mine,Mine,Mine,Mine,Mine,Mine,Mine,Mine,,,,,,,,,883.0,884.0,885.0,886.0,887.0,888.0,889.0,890.0,891.0,892.0,893.0,,,,,,,,,,,,,,,,,,,,,,,,725.0,,F.stc,F.stc,F.stc,F.stc,F.stc,F.stc,F.stc,F.stc,F.stc,F.stc,F.stc,F.stc,F.stc,F.stc,F.stc,F.stc,F.stc,F.stc,F.stc,F.coal,F.stc,,,,,,,,,,,,,,,,,,,,,,,,,,,,,,,,,,,,,,,,,,,,,,,,,,,,,,,,,,,,,,,,,,,,,,,,,,,,,,,,,,,,,,,,,,,,,,,,,,,,,,,,,,,,,,,,,,821000000.0,,,,,,,,,,,,,,,,,,,,,,,,,,,,,Waste rock,Waste rock,Waste rock,Waste rock,Waste rock,Waste rock,Waste rock,Waste rock,Waste rock,Waste rock,Waste rock,,,,,,,,,275561400.0,365109400.0,404405600.0,359729200.0,384202400.0,318993400.00000006,279746000.0,274805000.0,300693400.0,300742200.0,234044800.0
COM01017.00,Coal,Indonesia,12285.78,13.0,1.0,107.05,,,,,,,,,,,,,,,,3800000.0,4400000.0,4200000.0,4400000.0,3900000.0,3958600.0,3364500.0,3700000.0,2500000.0,,,,,,,,,,,,,3800000.0,4400000.0,4200000.0,4400000.0,3900000.0,3958600.0,3364500.0,3700000.0,2500000.0,,,,,,,,,,,,,,,,,,,,,,,,,,,,,,,,,,,,,,,,,,,,,,,,,,,,,,,Thermal coal,Thermal coal,Thermal coal,Thermal coal,Thermal coal,Thermal coal,Thermal coal,Thermal coal,Thermal coal,,,,,,,,,,,,,,,,,,,,,,,,,,,,,,,,,,,,,,,,,,,,,,,,,,,,,,,,,,,,,,,,,,,,,,,,,,,,,,,,,,,,,,,,,,,,,,,,,,,Open pit,Open pit,Open pit,Open pit,Open pit,Open pit,Open pit,Open pit,Open pit,,,,,,,,,,,,,PT Adimitra Baratama Nusantara,PT Adimitra Baratama Nusantara,PT Adimitra Baratama Nusantara,PT Adimitra Baratama Nusantara,PT Adimitra Baratama Nusantara,PT Adimitra Baratama Nusantara,PT Adimitra Baratama Nusantara,PT Adimitra Baratama Nusantara,PT Adimitra Baratama Nusantara,,,,,,,,,,,,,Mine,Mine,Mine,Mine,Mine,Mine,Mine,Mine,Mine,,,,,,,,,,,,894.0,895.0,896.0,897.0,,,,,,,,,,,,,,,,,,,,,,,,,,,,,726.0,,,,,,,,,,,,,F.stc,F.stc,F.stc,F.stc,F.stc,F.stc,F.stc,F.stc,F.coal,,,,,,,,,,,,,,,,,,,,,,,,,,,,,,,,,,,,,,,,,,,,,,,,,,,,,,,,,,,,,,,,,,,,,,,,,,,,,,,,,,,,,,,,,,,,,,,,,,,,,,,,,,,,,,,,,,,45000000.0,,,,,,,,,,,,,,,,,,,,,,,,,,,,,,,,,,,,,,,,,,,,,,,,,,,,,,,,,,
COM01019.00,Coal,Indonesia,12285.78,22.0,1.0,95.29,,,,,,,,,,,,,,,476941.0,1864533.0,3541185.0,4100000.0,4700000.0,6700000.0,6490000.0,7520000.0,9200000.0,9630000.0,8610000.0,,,,,,,,,,,476941.0,1864533.0,3541185.0,4100000.0,4700000.0,6700000.0,6490000.0,7520000.0,9200000.0,9630000.0,8610000.0,,,,,,,,,,,,,,,,,,,,,,,,,,,,,,,,,,,,,,,,,,,,,,,,,,,,,Coal,Coal,Coal,Coal,Coal,Coal,Coal,Coal,Coal,Coal,Coal,,,,,,,,,,,,,,,,,,,,,,,,,,,,,,,,,,,,,,,,,,,,,,,,,,,,,,,,,,,,,,,,,,,,,,,,,,,,,,,,,,,,,,,,,,,,,,,,,Open pit,Open pit,Open pit,Open pit,Open pit,Open pit,Open pit,Open pit,Open pit,Open pit,Open pit,,,,,,,,,,,PT Antang Gunung Meratus,PT Antang Gunung Meratus,PT Antang Gunung Meratus,PT Antang Gunung Meratus,PT Antang Gunung Meratus,PT Antang Gunung Meratus,PT Antang Gunung Meratus,PT Antang Gunung Meratus,PT Antang Gunung Meratus,PT Antang Gunung Meratus,PT Antang Gunung Meratus,,,,,,,,,,,Mine,Mine,Mine,Mine,Mine,Mine,Mine,Mine,Mine,Mine,Mine,,,,,,,,,,,,,,,,,,,,,,,,,,,,,,,,,,,,,,,,,,,,,,,,,,,,,,,F.coal,F.coal,F.coal,F.coal,F.coal,F.coal,F.coal,F.coal,F.coal,F.coal,F.coal,,,,,,,,,,,,,,,,,,,,,,,,,,,,,,,,,,,,,,,,,,,,,,,,,,,,,,,,,,,,,,,,,,,,,,,,,,,,,,,,,,,,,,,,,,,,,,,,,,,,,,,,,,,,,,,,,,,,,,,,,,,,,,,,,,,,,,,,,,,,,,,,,,,,,,,,,,,,,,,,,,,,,,,,,,,,
COM01021.00,Coal,Indonesia,12285.78,11.0,1.0,95.29,,,,,,,,,,,,,,,0.0,83455.0,104427.0,0.0,150000.0,1050000.0,1460000.0,1490000.0,1620000.0,2230000.0,1970000.0,,,,,,,,,,,0.0,83455.0,104427.0,0.0,150000.0,1050000.0,1460000.0,1490000.0,1620000.0,2230000.0,1970000.0,,,,,,,,,,,,,,,,,,,,,,,,,,,,,,,,,,,,,,,,,,,,,,,,,,,,,Coal,Coal,Coal,Coal,Coal,Coal,Coal,Coal,Coal,Coal,Coal,,,,,,,,,,,,,,,,,,,,,,,,,,,,,,,,,,,,,,,,,,,,,,,,,,,,,,,,,,,,,,,,,,,,,,,,,,,,,,,,,,,,,,,,,,,,,,,,,Open pit,Open pit,Open pit,Open pit,Open pit,Open pit,Open pit,Open pit,Open pit,Open pit,Open pit,,,,,,,,,,,PT Baramulti Suksessarana Tbk,PT Baramulti Suksessarana Tbk,PT Baramulti Suksessarana Tbk,PT Baramulti Suksessarana Tbk,PT Baramulti Suksessarana Tbk,PT Baramulti Suksessarana Tbk,PT Baramulti Suksessarana Tbk,PT Baramulti Suksessarana Tbk,PT Baramulti Suksessarana Tbk,PT Baramulti Suksessarana Tbk,PT Baramulti Suksessarana Tbk,,,,,,,,,,,Mine,Mine,Mine,Mine,Mine,Mine,Mine,Mine,Mine,Mine,Mine,,,,,,,,,,,,,,,,,,,,,,,,,,,,,,,,,,,,,,,,,,,,,,,,,,,,,,,F.coal,F.coal,F.coal,F.coal,F.coal,F.coal,F.coal,F.coal,F.coal,F.coal,F.coal,,,,,,,,,,,,,,,,,,,,,,,,,,,,,,,,,,,,,,,,,,,,,,,,,,,,,,,,,,,,,,,,,,,,,,,,,,,,,,,,,,,,,,,,,,,,,,,,,,,,,,,,,,,,,,,,,,,,,,,,,,,,,,,,,,,,,,,,,,,,,,,,,,,,,,,,,,,,,,,,,,,,,,,,,,,,
COM01025.00,Coal,Indonesia,12285.78,9.0,1.0,85.86,,,,,,,,,,,,,,,,,300000.0,1600000.0,2500000.0,2800000.0,2600000.0,2200000.0,2600000.0,3000000.0,3000000.0,,,,,,,,,,,,,300000.0,1600000.0,2500000.0,2800000.0,2600000.0,2200000.0,2600000.0,3000000.0,3000000.0,,,,,,,,,,,,,,,,,,,,,,,,,,,,,,,,,,,,,,,,,,,,,,,,,,,,,,,Coal,Coal,Coal,Coal,Coal,Coal,Coal,Coal,Coal,,,,,,,,,,,,,,,,,,,,,,,,,,,,,,,,,,,,,,,,,,,,,,,,,,,,,,,,,,,,,,,,,,,,,,,,,,,,,,,,,,,,,,,,,,,,,,,,,,,,,,,,,,,,,,,,,,,,,,,,PT Bharinto Ekatama,PT Bharinto Ekatama,PT Bharinto Ekatama,PT Bharinto Ekatama,PT Bharinto Ekatama,PT Bharinto Ekatama,PT Bharinto Ekatama,PT Bharinto Ekatama,PT Bharinto Ekatama,,,,,,,,,,,,,Mine,Mine,Mine,Mine,Mine,Mine,Mine,Mine,Mine,,,,,,,,,,,,,,,,,,,,,,,,,,,,,,,,,,,,730.0,730.0,730.0,730.0,730.0,730.0,730.0,730.0,730.0,,,,,,,,,,,,,F.coal,F.coal,F.coal,F.coal,F.coal,F.coal,F.coal,F.coal,F.coal,,,,,,,,,,,,,,,,,,,,,,,,,,,,,,,,,,,,,,,,,,,,,,,,,,,,,,,,,,,,,,,,,,,,,,,,,,,,,,,,,,,,,,,,,,,,,,,,,,,,,,,,,,,163600000.0,163300000.0,161700000.0,159200000.0,156400000.0,153800000.0,151600000.0,149000000.0,146000000.0,,,,,,,,,,,,,,,,,,,,,,,,,,,,,,,,,,,,,,,,,,,,,,,,,,,,,,,,,
COM01031.00,Coal,Indonesia,12285.78,14.0,1.0,107.05,,,,,,,,,,,,,,,,1416176.0,1000000.0,1400000.0,2300000.0,1200000.0,697300.0,544600.0,700000.0,800000.0,,,,,,,,,,,,,1416176.0,1000000.0,1400000.0,2300000.0,1200000.0,697300.0,544600.0,700000.0,800000.0,,,,,,,,,,,,,,,,,,,,,,,,,,,,,,,,,,,,,,,,,,,,,,,,,,,,,,,Thermal coal,Thermal coal,Thermal coal,Thermal coal,Thermal coal,Thermal coal,Thermal coal,Thermal coal,Thermal coal,,,,,,,,,,,,,,,,,,,,,,,,,,,,,,,,,,,,,,,,,,,,,,,,,,,,,,,,,,,,,,,,,,,,,,,,,,,,,,,,,,,,,,,,,,,,,,,,,,,Open pit,Open pit,Open pit,Open pit,Open pit,Open pit,Open pit,Open pit,Open pit,,,,,,,,,,,,,PT Indomining,PT Indomining,PT Indomining,PT Indomining,PT Indomining,PT Indomining,PT Indomining,PT Indomining,PT Indomining,,,,,,,,,,,,,Mine,Mine,Mine,Mine,Mine,Mine,Mine,Mine,Mine,,,,,,,,,,,,907.0,908.0,909.0,910.0,,,,,,,,,,,,,,,,,,,,,,,,,,,,,734.0,,,,,,,,,,,,,F.stc,F.stc,F.stc,F.stc,F.stc,F.stc,F.stc,F.stc,F.coal,,,,,,,,,,,,,,,,,,,,,,,,,,,,,,,,,,,,,,,,,,,,,,,,,,,,,,,,,,,,,,,,,,,,,,,,,,,,,,,,,,,,,,,,,,,,,,,,,,,,,,,,,,,,,,,,,,,13100000.0,,,,,,,,,,,,,,,,,,,,,,,,,,,,,,,,,,,,,,,,,,,,,,,,,,,,,,,,,,
COM01033.00,Coal,Indonesia,12285.78,12.0,1.0,70.77,,,,,,,,,,,,,,57912.0,507558.0,560313.0,902666.0,1064023.0,851626.0,686443.0,844025.0,870505.0,985287.0,989042.0,600538.0,,,,,,,,,,57912.0,507558.0,560313.0,902666.0,1064023.0,851626.0,686443.0,844025.0,870505.0,985287.0,989042.0,600538.0,,,,,,,,,,,,,,,,,,,,,,,,,,,,,,,,,,,,,,,,,,,,,,,,,,,,Coal,Coal,Coal,Coal,Coal,Coal,Coal,Coal,Coal,Coal,Coal,Coal,,,,,,,,,,,,,,,,,,,,,,,,,,,,,,,,,,,,,,,,,,,,,,,,,,,,,,,,,,,,,,,,,,,,,,,,,,,,,,,,,,,,,,,,,,,,,,,,Open pit,Open pit,Open pit,Open pit,Open pit,Open pit,Open pit,Open pit,Open pit,Open pit,Open pit,Open pit,,,,,,,,,,PT Internasional Prima Coal,PT Internasional Prima Coal,PT Internasional Prima Coal,PT Internasional Prima Coal,PT Internasional Prima Coal,PT Internasional Prima Coal,PT Internasional Prima Coal,PT Internasional Prima Coal,PT Internasional Prima Coal,PT Internasional Prima Coal,PT Internasional Prima Coal,PT Internasional Prima Coal,,,,,,,,,,Mine,Mine,Mine,Mine,Mine,Mine,Mine,Mine,Mine,Mine,Mine,Mine,,,,,,,,,,,,,,,,,,,,,,,,,,,,,,,,,736.0,736.0,736.0,736.0,736.0,736.0,736.0,736.0,736.0,736.0,736.0,736.0,,,,,,,,,,F.coal,F.coal,F.coal,F.coal,F.coal,F.coal,F.coal,F.coal,F.coal,F.coal,F.coal,F.coal,,,,,,,,,,,,,,,,,,,,,,,,,,,,,,,,,,,,,,,,,,,,,,,,,,,,,,,,,,,,,,,,,,,,,,,,,,,,,,,,,,,,,,,,,,,,,,,,,,,,,,,,122919400.0,122861488.0,122353930.0,121793617.0,120890951.0,119826928.0,118975302.0,118288859.0,117444834.0,116574329.0,115589042.0,114600000.0,,,,,,,,,,,,,,,,,,,,,,,,,,,,,,,,,,,,,,,,,,,,,,,,,,,,,,,,,
COM01037.00,Coal,Indonesia,12285.78,3.0,1.0,100.46,,,,,,,,,,,,,,,,,,,,,,,400000.0,,,,,,,,,,,,,,,,,,,,,400000.0,,,,,,,,,,,,,,,,,,,,,,,,,,,,,,,,,,,,,,,,,,,,,,,,,,,,,,,,,,,,,,,Thermal coal,,,,,,,,,,,,,,,,,,,,,,,,,,,,,,,,,,,,,,,,,,,,,,,,,,,,,,,,,,,,,,,,,,,,,,,,,,,,,,,,,,,,,,,,,,,,,,,,,,,,,,,,,,,Open pit,,,,,,,,,,,,,,,,,,,,,PT Karya Usaha Pertiwi,,,,,,,,,,,,,,,,,,,,,Mine,,,,,,,,,,,,,,,,,,,937.0,,,,,,,,,,,,,,,,,,,,,,,,,,,,,,,,,,,,,,,,,,,,,,F.stc,,,,,,,,,,,,,,,,,,,,,,,,,,,,,,,,,,,,,,,,,,,,,,,,,,,,,,,,,,,,,,,,,,,,,,,,,,,,,,,,,,,,,,,,,,,,,,,,,,,,,,,,,,,,,,,,,,,,,,,,,,,,,,,,,,,,,,,,,,,,,,,,,,,,,,,,,Waste rock,,,,,,,,,,,,,,,,,,,5002000.0,,
COM01039.00,Coal,Indonesia,12285.78,17.0,1.0,70.77,,,,,,,,,,,,,,4500000.0,5300000.0,8000000.0,9200000.0,9700000.0,6600000.0,3600000.0,3200000.0,4200000.0,3300000.0,2700000.0,,,,,,,,,,,4500000.0,5300000.0,8000000.0,9200000.0,9700000.0,6600000.0,3600000.0,3200000.0,4200000.0,3300000.0,2700000.0,,,,,,,,,,,,,,,,,,,,,,,,,,,,,,,,,,,,,,,,,,,,,,,,,,,,,Thermal coal,Thermal coal,Thermal coal,Thermal coal,Thermal coal,Thermal coal,Thermal coal,Thermal coal,Thermal coal,Thermal coal,Thermal coal,,,,,,,,,,,,,,,,,,,,,,,,,,,,,,,,,,,,,,,,,,,,,,,,,,,,,,,,,,,,,,,,,,,,,,,,,,,,,,,,,,,,,,,,,,,,,,,,,Open pit,Open pit,Open pit,Open pit,Open pit,Open pit,Open pit,Open pit,Open pit,Open pit,Open pit,,,,,,,,,,,PT Mahakam Sumber Jaya,PT Mahakam Sumber Jaya,PT Mahakam Sumber Jaya,PT Mahakam Sumber Jaya,PT Mahakam Sumber Jaya,PT Mahakam Sumber Jaya,PT Mahakam Sumber Jaya,PT Mahakam Sumber Jaya,PT Mahakam Sumber Jaya,PT Mahakam Sumber Jaya,PT Mahakam Sumber Jaya,,,,,,,,,,,Mine,Mine,Mine,Mine,Mine,Mine,Mine,Mine,Mine,Mine,Mine,,,,,,,,,,,,,,,,,938.0,939.0,940.0,,,,,,,,,,,,,,,,,,,,,,,,,740.0,,,,,,,,,,,F.stc,F.stc,F.stc,F.stc,F.stc,F.stc,F.stc,F.stc,F.stc,F.stc,F.coal,,,,,,,,,,,,,,,,,,,,,,,,,,,,,,,,,,,,,,,,,,,,,,,,,,,,,,,,,,,,,,,,,,,,,,,,,,,,,,,,,,,,,,,,,,,,,,,,,,,,,,,,,,,,,,,,,,,95300000.0,,,,,,,,,,,,,,,,,,,,,,,,,,,,,,,,,,,,Waste rock,Waste rock,Waste rock,,,,,,,,,,,,,,,,,41358000.0,45018000.0,32818000.0,
COM01040.00,Coal,Indonesia,12285.78,13.0,1.0,75.08,,,,,,,,,,,,,,,,,,1800000.0,2300000.0,4100000.0,3600000.0,3900000.0,3600000.0,4200000.0,4000000.0,,,,,,,,,,,,,,1800000.0,2300000.0,4100000.0,3600000.0,3900000.0,3600000.0,4200000.0,4000000.0,,,,,,,,,,,,,,,,,,,,,,,,,,,,,,,,,,,,,,,,,,,,,,,,,,,,,,,,Coal,Coal,Coal,Coal,Coal,Coal,Coal,Coal,,,,,,,,,,,,,,,,,,,,,,,,,,,,,,,,,,,,,,,,,,,,,,,,,,,,,,,,,,,,,,,,,,,,,,,,,,,,,,,,,,,,,,,,,,,,,,,,,,,,,,,,,,,,,,,,,,,,,,,,,PT Mitrabara Adiperdana Tbk,PT Mitrabara Adiperdana Tbk,PT Mitrabara Adiperdana Tbk,PT Mitrabara Adiperdana Tbk,PT Mitrabara Adiperdana Tbk,PT Mitrabara Adiperdana Tbk,PT Mitrabara Adiperdana Tbk,PT Mitrabara Adiperdana Tbk,,,,,,,,,,,,,,Mine,Mine,Mine,Mine,Mine,Mine,Mine,Mine,,,,,,,,,,,,,,,,,,,,,,,,,,,,,,,,,,,,,,,,,,,,,,,,,,,,,,,,,,F.coal,F.coal,F.coal,F.coal,F.coal,F.coal,F.coal,F.coal,,,,,,,,,,,,,,,,,,,,,,,,,,,,,,,,,,,,,,,,,,,,,,,,,,,,,,,,,,,,,,,,,,,,,,,,,,,,,,,,,,,,,,,,,,,,,,,,,,,,,,,,,,,,,,,,,,,,,,,,,,,,,,,,,,,,,,,,,,,,,,,,,,,,,,,,,,,,,,,,,,,,,,,,,,,,
COM01041.00,Coal,Indonesia,12285.78,5.0,1.0,69.16,,,,,,,,,,,,,,,,,,,,,100000.0,500000.0,1200000.0,1600000.0,1300000.0,,,,,,,,,,,,,,,,,100000.0,500000.0,1200000.0,1600000.0,1300000.0,,,,,,,,,,,,,,,,,,,,,,,,,,,,,,,,,,,,,,,,,,,,,,,,,,,,,,,,,,,"Bituminous thermal coal, Bituminous coking coal","Bituminous thermal coal, Bituminous coking coal","Bituminous thermal coal, Bituminous coking coal","Bituminous thermal coal, Bituminous coking coal","Bituminous thermal coal, Bituminous coking coal",,,,,,,,,,,,,,,,,,,,,,,,,,,,,,,,,,,,,,,,,,,,,,,,,,,,,,,,,,,,,,,,,,,,,,,,,,,,,,,,,,,,,,,,,,,,,,,,,,,,,,,Open pit,Open pit,Open pit,Open pit,Open pit,,,,,,,,,,,,,,,,,PT Multi Tambangjaya Utama,PT Multi Tambangjaya Utama,PT Multi Tambangjaya Utama,PT Multi Tambangjaya Utama,PT Multi Tambangjaya Utama,,,,,,,,,,,,,,,,,Mine,Mine,Mine,Mine,Mine,,,,,,,,,,,,,,,,,,,,,,,,,,,,,,,,,,,,,,,,741.0,741.0,741.0,741.0,741.0,,,,,,,,,,,,,,,,,F.coal,F.coal,F.coal,F.coal,F.coal,,,,,,,,,,,,,,,,,,,,,,,,,,,,,,,,,,,,,,,,,,,,,,,,,,,,,,,,,,,,,,,,,,,,,,,,,,,,,,,,,,,,,,,,,,,,,,,,,,,,,,,,,,,,,,,44000000.0,43900000.0,43400000.0,42200000.0,40600000.0,,,,,,,,,,,,,,,,,,,,,,,,,,,,,,,,,,,,,,,,,,,,,,,,,,,,,,,,,
COM01045.00,Coal,Indonesia,12285.78,7.0,1.0,69.16,,,,,,,,,,,,,,,,,,,,,101000.0,147000.0,489542.0,742302.0,,,,,,,,,,,,,,,,,,101000.0,147000.0,489542.0,742302.0,,,,,,,,,,,,,,,,,,,,,,,,,,,,,,,,,,,,,,,,,,,,,,,,,,,,,,,,,,,,Coal,Coal,Coal,Coal,,,,,,,,,,,,,,,,,,,,,,,,,,,,,,,,,,,,,,,,,,,,,,,,,,,,,,,,,,,,,,,,,,,,,,,,,,,,,,,,,,,,,,,,,,,,,,,,,,,,,,,,Open pit,Open pit,Open pit,Open pit,,,,,,,,,,,,,,,,,,PT Triaryani,PT Triaryani,PT Triaryani,PT Triaryani,,,,,,,,,,,,,,,,,,Mine,Mine,Mine,Mine,,,,,,,,,,,,,,,,,,,,,,,,,,,,,,,,,,,,,,,,,,,,,,,,,,,,,,,,,,,,,,F.coal,F.coal,F.coal,F.coal,,,,,,,,,,,,,,,,,,,,,,,,,,,,,,,,,,,,,,,,,,,,,,,,,,,,,,,,,,,,,,,,,,,,,,,,,,,,,,,,,,,,,,,,,,,,,,,,,,,,,,,,,,,,,,,,,,,,,,,,,,,,,,,,,,,,,,,,,,,,,,,,,,,,,,,,,,,,,,,,,,,,,,,,,,,,,
COM01046.00,Coal,Indonesia,12285.78,10.0,1.0,107.05,,,,,,,,,,,,,,,,39000.0,300000.0,900000.0,1400000.0,1000000.0,963100.0,1106900.0,1000000.0,1200000.0,,,,,,,,,,,,,39000.0,300000.0,900000.0,1400000.0,1000000.0,963100.0,1106900.0,1000000.0,1200000.0,,,,,,,,,,,,,,,,,,,,,,,,,,,,,,,,,,,,,,,,,,,,,,,,,,,,,,,Thermal coal,Thermal coal,Thermal coal,Thermal coal,Thermal coal,Thermal coal,Thermal coal,Thermal coal,Thermal coal,Thermal coal,,,,,,,,,,,,,,,,,,,,,,,,,,,,,,,,,,,,,,,,,,,,,,,,,,,,,,,,,,,,,,,,,,,,,,,,,,,,,,,,,,,,,,,,,,,,,,,,,,Open pit,Open pit,Open pit,Open pit,Open pit,Open pit,Open pit,Open pit,Open pit,Open pit,,,,,,,,,,,,PT Trisensa Mineral Utama,PT Trisensa Mineral Utama,PT Trisensa Mineral Utama,PT Trisensa Mineral Utama,PT Trisensa Mineral Utama,PT Trisensa Mineral Utama,PT Trisensa Mineral Utama,PT Trisensa Mineral Utama,PT Trisensa Mineral Utama,PT Trisensa Mineral Utama,,,,,,,,,,,,Mine,Mine,Mine,Mine,Mine,Mine,Mine,Mine,Mine,Mine,,,,,,,,,,,944.0,945.0,946.0,947.0,,,,,,,,,,,,,,,,,,,,,,,,,,,,,744.0,745.0,,,,,,,,,,,,F.stc,F.stc,F.stc,F.stc,F.stc,F.stc,F.stc,F.stc,F.coal,F.coal,,,,,,,,,,,,,,,,,,,,,,,,,,,,,,,,,,,,,,,,,,,,,,,,,,,,,,,,,,,,,,,,,,,,,,,,,,,,,,,,,,,,,,,,,,,,,,,,,,,,,,,,,,,,,,,,,,5800000.0,254000000.0,,,,,,,,,,,,,,,,,,,,,,,,,,,,,,,,,,,,,,,,,,,,,,,,,,,,,,,,,
COM01052.00,Gold,Dominican Republic,8170.0,8.0,1.0,1286.07,,,,,,,,,,,,,,,,,,,,,,,,,,,,,,,,,,,,,,,,,,,,,,,,,,,,,,,,,,,,5.708483,5.53,4.94,5.29,4.57,4.04,,,,,,,,,,,,,,,,9035.0,9037.0,9039.0,9041.0,9043.0,9045.0,,,,,,,,,,,,,,,,Gold,Gold,Gold,Gold,Gold,Gold,,,,,,,,,,,,,,,,,0.035207,0.047219,0.039305,0.051855,0.068596,,,,,,,,,,,,,,,,25.284,34.473,29.652,36.287,33.695,30.119,,,,,,,,,,,,,,,,Me.Au,Me.Au,Me.Au,Me.Au,Me.Au,Me.Au,,,,,,,,,,,,,,,,,,Me.Ag,Me.Ag,Me.Ag,Me.Ag,Me.Ag,Me.Ag,,,,,,,,,,,,,,,,Open Pit,Open Pit,Open Pit,Open Pit,Open Pit,Open Pit,,,,,,,,,,,,,,,,Pueblo Viejo,Pueblo Viejo,Pueblo Viejo,Pueblo Viejo,Pueblo Viejo,Pueblo Viejo,,,,,,,,,,,,,,,,Mine,Mine,Mine,Mine,Mine,Mine,,,,,,,,,,,,,,,948.0,949.0,950.0,951.0,952.0,,,,,,,,,,,,,,,,,,,,748.0,748.0,748.0,748.0,748.0,748.0,,,,,,,,,,,,,,,,O.Au,O.Au,O.Au,O.Au,O.Au,O.Au,,,,,,,,,,,,,,,,,,,,,,,,,,,,,,,,,,,,,,4429250.0,6711667.0,6916667.0,7545000.0,7985000.0,8346667.0,,,,,,,,,,,,,,,,4429250.0,6711667.0,6916667.0,7545000.0,7985000.0,8346667.0,,,,,,,,,,,,,,,1986.92356866,,,,,,,,,,,,,,,17.04,,,,,,,,,,,,,,,,161489250.6666667,157060000.6666667,150348333.6666667,143431666.6666667,135886666.6666667,127901666.66666669,,,,,,,,,,,,,,,35091666.66666667,37893333.333333336,38796666.66666667,39050000.0,40105000.0,,,,,,,,,,,,,,,,,,,,,,,,,,,,,,,,,,,,,,,,
COM01060.00,Silver,Peru,10531.43,81.0,1.0,6.08,,,,,,,,,,,,,,,,,,,,,,,,,,,,,,,,,,,,,,,,,,,,,,,,,176.0,201.0,235.0,221.0,209.0,162.0,145.0,155.0,141.35,114.0,,,,,,,,,,,,9101.0,9103.0,9105.0,9107.0,9109.0,9111.0,9113.0,9115.0,9117.0,9119.0,,,,,,,,,,,,"Silver, Gold, Zinc, Lead, Copper","Silver, Gold, Zinc, Lead, Copper","Silver, Gold, Zinc, Lead, Copper","Silver, Gold, Zinc, Lead, Copper","Silver, Gold, Zinc, Lead, Copper","Silver, Gold, Zinc, Lead, Copper","Silver, Gold, Zinc, Lead, Copper","Silver, Gold, Zinc, Lead, Copper","Silver, Gold, Zinc, Lead, Copper","Silver, Gold, Zinc, Lead, Copper",,,,,,,,,,,,4.1e-05,3.1e-05,2.3e-05,2.6e-05,3e-05,5e-05,6.2e-05,5.3e-05,6.5e-05,0.00031,,,,,,,,,,,,71.024,70.578,71.624,63.238,59.585,44.413,39.139,40.24,35.234,8.348,,,,,,,,,,,,Me.Ag,Me.Ag,Me.Ag,Me.Ag,Me.Ag,Me.Ag,Me.Ag,Me.Ag,Me.Ag,Me.Ag,,,,,,,,,,,,,,,,,,,,,,,,,,,,,,,,,,,Underground,Underground,Underground,Underground,Underground,Underground,Underground,Underground,Underground,Underground,,,,,,,,,,,,Quiruvilca,Quiruvilca,Quiruvilca,Quiruvilca,Quiruvilca,Quiruvilca,Quiruvilca,Quiruvilca,Quiruvilca,Quiruvilca,,,,,,,,,,,,Mine,Mine,Mine,Mine,Mine,Mine,Mine,Mine,Mine,Mine,,,,,,,,,,,,,,,,,,,,,,,,,,,,,,,,,,,,,,,,,,,,,,,,,,,,,,,,O.bulk,O.bulk,O.bulk,O.bulk,O.bulk,O.bulk,O.bulk,O.bulk,O.bulk,O.bulk,,,,,,,,,,,,,,,,,,,,,,,,,,,,,,,,,,508352.0,442093.0,381237.0,362192.0,370115.0,362141.0,349022.0,330030.0,323427.0,295000.0,,,,,,,,,,,,508352.0,442093.0,381237.0,362192.0,370115.0,362141.0,349022.0,330030.0,323427.0,295000.0,,,,,,,,,,,,,,,,,,,,,,,,,,,,,,,,,,,,,,,,,,,,,,,,,,,,,,,,,,,,,,,,,,,,,,,,,,,,,,,,,,,,,,,,,,,,,,,,,,,,,,,,,,,,,,,,,,,,,
COM01061.00,Zinc,India,6655.62,38.0,1.0,3642.05,,,,,,,,,,,,,,,,,,,,,,,,,,,,,,,,,,,,,,,,,,,,,,,,,,,,,14000.0,15000.0,21000.0,21000.0,19000.0,18500.0,17500.0,18500.0,17000.0,16000.0,17000.0,16500.0,20266.090109,23110.585473,,,,,,,,9123.0,9127.0,9131.0,9136.0,9141.0,9146.0,9151.0,9156.0,9160.0,9165.0,9170.0,9174.0,9178.0,9182.0,,,,,,,,"Lead, Zinc","Lead, Zinc","Lead, Zinc","Lead, Zinc","Lead, Zinc","Lead, Zinc","Lead, Zinc","Lead, Zinc","Lead, Zinc","Lead, Zinc","Lead, Zinc","Lead, Zinc","Lead, Zinc","Lead, Zinc",,,,,,,,0.644,0.676,0.716,0.743,0.762,0.7555,0.769,0.7775,0.766,0.7845,0.7965,0.7815,0.865716,0.869102,,,,,,,,4432.482,5871.821,12228.012,12221.643,13696.145,16077.232,25443.422,30774.091,30386.772,31170.871,49265.268,56869.742,91578.0,117529.0,,,,,,,,Me.Pb,Me.Pb,Me.Pb,Me.Pb,Me.Pb,Me.Pb,Me.Pb,Me.Pb,Me.Pb,Me.Pb,Me.Pb,Me.Pb,Me.Pb,Me.Pb,,,,,,,,,,Me.Ag,Me.Ag,Me.Ag,Me.Ag,Me.Ag,Me.Ag,Me.Ag,Me.Ag,Me.Ag,Me.Ag,Me.Ag,Me.Ag,Me.Ag,Me.Ag,,,,,,,,Underground,Underground,Underground,Underground,Underground,Underground,Underground,Underground,Underground,Underground,Underground,Underground,Underground,Underground,,,,,,,,Rajpura Dariba,Rajpura Dariba,Rajpura Dariba,Rajpura Dariba,Rajpura Dariba,Rajpura Dariba,Rajpura Dariba,Rajpura Dariba,Rajpura Dariba,Rajpura Dariba,Rajpura Dariba,Rajpura Dariba,Rajpura Dariba,Rajpura Dariba,,,,,,,,Mine,Mine,Mine,Mine,Mine,Mine,Mine,Mine,Mine,Mine,Mine,Mine,Mine,Mine,,,,,,,,,,,,,,,,,,,,,,,,,,,,,,,764.0,764.0,764.0,764.0,764.0,764.0,764.0,764.0,764.0,764.0,764.0,764.0,764.0,764.0,,,,,,,,Con.Pb,Con.Pb,Con.Pb,Con.Pb,Con.Pb,Con.Pb,Con.Pb,Con.Pb,Con.Pb,Con.Pb,Con.Pb,Con.Pb,Con.Pb,Con.Pb,,,,,,,,,9245.0,12210.0,23706.0,17745.0,20828.0,26896.0,58880.0,69328.0,72369.0,72277.0,105018.0,123489.0,164542.0,210300.0,,,,,,,,491624.0,579075.0,813249.0,783288.0,945997.0,1150284.0,1890650.0,2139504.0,2333495.0,2483339.0,3638364.0,4410302.0,5395568.0,6390749.0,,,,,,,,491624.0,579075.0,813249.0,783288.0,945997.0,1150284.0,1890650.0,2139504.0,2333495.0,2483339.0,3638364.0,4410302.0,5395568.0,6390749.0,,,,,,,,,,,,,,,,,,,,,,,,,,,,,,,,,,,,,,69754739.0,69263115.0,68684040.0,67870791.0,67087503.0,66141506.0,64991222.0,63100572.0,60961068.0,58627573.0,56144234.0,52505870.0,48095568.0,42700000.0,,,,,,,,,,,,,,,,,,,,,,,,,,,,,,,,,,,,,,,,,,,,,,,,,,,,,,,,,,
COM01065.00,Coal,United States of America,55819.0,15.0,1.0,55.48,,,,,,,,,,,223688.0,551639.0,602621.0,660883.0,678444.0,,,,,,,,,,,,,,,,,223688.0,551639.0,602621.0,660883.0,678444.0,,,,,,,,,,,,,,,,,,,,,,,,,,,,,,,,,,,,,,,,,,,,,,,,,,,,,,,,,,,Coal,Coal,Coal,Coal,Coal,,,,,,,,,,,,,,,,,,,,,,,,,,,,,,,,,,,,,,,,,,,,,,,,,,,,,,,,,,,,,,,,,,,,,,,,,,,,,,,,,,,,,,,,,,,,,,,,,,,,,,,Underground,Underground,Underground,Underground,Underground,,,,,,,,,,,,,,,,,Raven,Raven,Raven,Raven,Raven,,,,,,,,,,,,,,,,,Mine,Mine,Mine,Mine,Mine,,,,,,,,,,,,,,,,,,,,,,,,,,,,,,,,,,,,,,,,770.0,770.0,770.0,770.0,770.0,,,,,,,,,,,,,,,,,F.coal,F.coal,F.coal,F.coal,F.coal,,,,,,,,,,,,,,,,,,,,,,,,,,,,,,,,,,,,,,,,,,,,,,,,,,,,,,,,,,,,,,,,,,,,,,,,,,,,,,,,,,,,,,,,,,,,,,,,,,,,,,,,,,,,,,,19729231.0,19505543.0,18953904.0,18351283.0,17690400.0,,,,,,,,,,,,,,,,,,,,,,,,,,,,,,,,,,,,,,,,,,,,,,,,,,,,,,,,,,,,,,,,,,,
COM01072.00,Zinc,United States of America,55819.0,32.0,1.0,1417.97,,,,,,,,,,,,,,,,,,,,,,,,,,,,,,,,,,,,,,,,,,,,,,,47000.0,51000.0,54000.0,62000.0,60000.0,56000.0,61000.0,61000.0,,,54000.0,50000.0,46000.0,39000.0,44000.0,48000.0,49000.0,50000.0,44000.0,,,9270.0,9272.0,9274.0,9276.0,9278.0,9280.0,9282.0,9284.0,,,9290.0,9292.0,9294.0,9296.0,9298.0,9300.0,9302.0,9304.0,9306.0,,,"Zinc, Lead","Zinc, Lead","Zinc, Lead","Zinc, Lead","Zinc, Lead","Zinc, Lead","Zinc, Lead","Zinc, Lead","Zinc, Lead","Zinc, Lead","Zinc, Lead","Zinc, Lead","Zinc, Lead","Zinc, Lead","Zinc, Lead","Zinc, Lead","Zinc, Lead","Zinc, Lead","Zinc, Lead",,,0.579,0.59,0.602,0.638,0.659,0.59,0.628,0.659,,,0.57,0.459,0.577,0.649,0.653,0.607,0.56,0.523,0.502,,,83007.404,95254.398,107900.0,124900.0,117000.0,102300.0,123500.0,136200.0,,,109900.0,84000.0,95400.0,96700.0,122500.0,117600.0,122300.0,111300.0,98400.0,,,Me.Pb,Me.Pb,Me.Pb,Me.Pb,Me.Pb,Me.Pb,Me.Pb,Me.Pb,,,Me.Pb,Me.Pb,Me.Pb,Me.Pb,Me.Pb,Me.Pb,Me.Pb,Me.Pb,Me.Pb,,,,,Me.Ag,Me.Ag,Me.Ag,Me.Ag,Me.Ag,Me.Ag,Me.Ag,Me.Ag,,,Me.Ag,Me.Ag,Me.Ag,Me.Ag,Me.Ag,Me.Ag,Me.Ag,Me.Ag,Me.Ag,,,Open pit,Open pit,Open pit,Open pit,Open pit,Open pit,Open pit,Open pit,Open pit,Open pit,Open pit,Open pit,Open pit,Open pit,Open pit,Open pit,Open pit,Open pit,Open pit,,,Red Dog,Red Dog,Red Dog,Red Dog,Red Dog,Red Dog,Red Dog,Red Dog,Red Dog,Red Dog,Red Dog,Red Dog,Red Dog,Red Dog,Red Dog,Red Dog,Red Dog,Red Dog,Red Dog,,,Mine,Mine,Mine,Mine,Mine,Mine,Mine,Mine,Mine,Mine,Mine,Mine,Mine,Mine,Mine,Mine,Mine,Mine,Mine,,,,,,,,,,,,,,966.0,967.0,968.0,969.0,970.0,971.0,,,,,,,780.0,780.0,780.0,780.0,780.0,780.0,780.0,780.0,,,780.0,780.0,780.0,780.0,780.0,780.0,780.0,780.0,780.0,,,O.bulk,O.bulk,O.bulk,O.bulk,O.bulk,O.bulk,O.bulk,O.bulk,Con.Pb,Con.Pb,O.bulk,O.bulk,O.bulk,O.bulk,O.bulk,O.bulk,O.bulk,O.bulk,O.bulk,,,,,,,,,,,,245000.0,220000.0,,,,,,,,,,,,6591000.0,7294000.0,7257000.0,6450000.0,6345000.0,3087000.0,3238000.0,3381000.0,,,3572000.0,3673000.0,3576000.0,3853000.0,4300000.0,4026000.0,4250000.0,4270000.0,4429000.0,,,3045000.0,3211000.0,3166000.0,3154000.0,2948000.0,3087000.0,3238000.0,3381000.0,,,3572000.0,3673000.0,3576000.0,3853000.0,4300000.0,4026000.0,4250000.0,4270000.0,4429000.0,,,,,,,,,,,,,,,,,,,,,,,,,,,,,,,,,131163000.0,124572000.0,117278000.0,110021000.0,103571000.0,97226000.0,94139000.0,90901000.0,,,87520000.0,83948000.0,80275000.0,76699000.0,72846000.0,68546000.0,64520000.0,60270000.0,56000000.0,,,,,,,,,,,,,,12343000.0,12930000.0,12496000.0,13704000.0,11726000.0,11469000.0,,,,,,,,,,,,,,,,,,,,,,,,,,,,,,,,,,,,,,,,
COM01073.00,Coal,United States of America,55819.0,21.0,1.0,33.2,,,,,0.0,453600.0,2630880.0,3356640.0,3265920.0,3265920.0,3265920.0,3084480.0,2721600.0,3356640.0,3265920.0,2449440.0,2812320.0,2903040.0,2358720.0,2903040.0,2721600.0,2177280.0,2721600.0,2358720.0,,0.0,453600.0,2630880.0,3356640.0,3265920.0,3265920.0,3265920.0,3084480.0,2721600.0,3356640.0,3265920.0,2449440.0,2812320.0,2903040.0,2358720.0,2903040.0,2721600.0,2177280.0,2721600.0,2358720.0,,,,,,,,,,,,,,,,,,,,,,,,,,,,,,,,,,,,,,,,,,,,Lignite,Lignite,Lignite,Lignite,Lignite,Lignite,Lignite,Lignite,Lignite,Lignite,Lignite,Lignite,Lignite,Lignite,Lignite,Lignite,Lignite,Lignite,Lignite,Lignite,,,,,,,,,,,,,,,,,,,,,,,,,,,,,,,,,,,,,,,,,,,,,,,,,,,,,,,,,,,,,,,,,,,,,,,,,,,,,,,,,,,,,,,,Surface,Surface,Surface,Surface,Surface,Surface,Surface,Surface,Surface,Surface,Surface,Surface,Surface,Surface,Surface,Surface,Surface,Surface,Surface,Surface,,Red Hills,Red Hills,Red Hills,Red Hills,Red Hills,Red Hills,Red Hills,Red Hills,Red Hills,Red Hills,Red Hills,Red Hills,Red Hills,Red Hills,Red Hills,Red Hills,Red Hills,Red Hills,Red Hills,Red Hills,,Mine,Mine,Mine,Mine,Mine,Mine,Mine,Mine,Mine,Mine,Mine,Mine,Mine,Mine,Mine,Mine,Mine,Mine,Mine,Mine,,,,,,,,,,,,,,,,,,,,,,,,,,,,,,,,,,,,,,,,,,,,783.0,,F.lig,F.lig,F.lig,F.lig,F.lig,F.lig,F.lig,F.lig,F.lig,F.lig,F.lig,F.lig,F.lig,F.lig,F.lig,F.lig,F.lig,F.lig,F.lig,F.coal,,,,,,,,,,,,,,,,,,,,,,,,,,,,,,,,,,,,,,,,,,,,,,,,,,,,,,,,,,,,,,,,,,,,,,,,,,,,,,,,,,,,,,,,,,,,,,,,,,,,,,,,,,,,,,,,,,,217728000.0,,,,,,,,,,,,,,,,,,,,,,,,,,,,,,,,,,,,,,,,,,,,,,,,,,,,,,,,,,
COM01077.00,Gold,New Zealand,40902.1,9.0,0.0,730.09,,,,,,,,,,,,,,,,,,,,,,,,,,,,,,,,,,,,,,,,,,,,,,,,,,,,,,2.6,2.47,2.6,2.01,1.67,1.48,1.57,1.26,1.51,1.4,,,,,,,,,,,,9358.0,9360.0,9362.0,9364.0,9366.0,9368.0,9370.0,9372.0,9374.0,9376.0,,,,,,,,,,,,Gold,Gold,Gold,Gold,Gold,Gold,Gold,Gold,Gold,Gold,,,,,,,,,,,,0.196326,0.203985,0.180981,0.30243,0.439236,0.563954,0.499337,0.765413,0.534353,9.702734,,,,,,,,,,,,1.179,2.368,2.716,2.67,2.415,1.969,1.886,1.483,2.215,0.015,,,,,,,,,,,,Me.Au,Me.Au,Me.Au,Me.Au,Me.Au,Me.Au,Me.Au,Me.Au,Me.Au,Me.Au,,,,,,,,,,,,,,,,,,,,,,,,,,,,,,,,,,,Open pit,Open pit,Open pit,Open pit,Open pit,Open pit,Open pit,Open pit,Open pit,Open pit,,,,,,,,,,,,Reefton,Reefton,Reefton,Reefton,Reefton,Reefton,Reefton,Reefton,Reefton,Reefton,,,,,,,,,,,,Mine,Mine,Mine,Mine,Mine,Mine,Mine,Mine,Mine,Mine,,,,,,,,,,,,,,,,,,,,,,,,,,,,,,,,,,,,,,,,,,,,,,,,,,,,,,,,O.Au,O.Au,O.Au,O.Au,O.Au,O.Au,O.Au,O.Au,O.Au,O.Au,,,,,,,,,,,,,,,,,,,,,,,,,,,,,,,,,,601612.0,1192954.0,1278176.0,1622881.0,1771353.0,1643120.0,1478349.0,1430599.0,1787075.0,201512.0,,,,,,,,,,,,601612.0,1192954.0,1278176.0,1622881.0,1771353.0,1643120.0,1478349.0,1430599.0,1787075.0,201512.0,,,,,,,,,,,,,,,,,,,,,,,,,,,,,,,,,,,,,,,,,,,,,,,,,,,,,,,,,,,,,,,,,,,,,,,,,,,,,,,,,,,,,,,,,,,,,,,,,,,,,,,,,,,,,,,,
COM01080.00,Coal,United States of America,55819.0,35.0,1.0,33.2,,,,,3084480.0,1814400.0,1542240.0,,,,,,,,,,,,,,,,,,,3084480.0,1814400.0,1542240.0,,,,,,,,,,,,,,,,,,,,,,,,,,,,,,,,,,,,,,,,,,,,,,,,,,,,,,,,,,,,,Coal,Coal,Coal,,,,,,,,,,,,,,,,,,,,,,,,,,,,,,,,,,,,,,,,,,,,,,,,,,,,,,,,,,,,,,,,,,,,,,,,,,,,,,,,,,,,,,,,,,,,,,,,,,,,,,,,,Underground,Underground,Underground,,,,,,,,,,,,,,,,,,,Rend Lake,Rend Lake,Rend Lake,,,,,,,,,,,,,,,,,,,Mine,Mine,Mine,,,,,,,,,,,,,,,,,,,,,,,,,,,,,,,,,,,,,,,,,,,,,,,,,,,,,,,,,,,,,,,F.coal,F.coal,F.coal,,,,,,,,,,,,,,,,,,,,,,,,,,,,,,,,,,,,,,,,,,,,,,,,,,,,,,,,,,,,,,,,,,,,,,,,,,,,,,,,,,,,,,,,,,,,,,,,,,,,,,,,,,,,,,,,,,,,,,,,,,,,,,,,,,,,,,,,,,,,,,,,,,,,,,,,,,,,,,,,,,,,,,,,,,,,,,,,,,,,,,,,,,,,,,
COM01088.00,Coal,United States of America,55819.0,12.0,1.0,70.77,,,,,,,,,,,,,,453600.0,5352480.0,6894720.0,7801920.0,8436960.0,8436960.0,8255520.0,7801920.0,8164800.0,8890560.0,10251360.0,,,,,,,,,,,453600.0,5352480.0,6894720.0,7801920.0,8436960.0,8436960.0,8255520.0,7801920.0,8164800.0,8890560.0,10251360.0,,,,,,,,,,,,,,,,,,,,,,,,,,,,,,,,,,,,,,,,,,,,,,,,,,,,,Coal,Coal,Coal,Coal,Coal,Coal,Coal,Coal,Coal,Coal,Coal,,,,,,,,,,,,,,,,,,,,,,,,,,,,,,,,,,,,,,,,,,,,,,,,,,,,,,,,,,,,,,,,,,,,,,,,,,,,,,,,,,,,,,,,,,,,,,,,,Underground,Underground,Underground,Underground,Underground,Underground,Underground,Underground,Underground,Underground,Underground,,,,,,,,,,,River View Complex,River View Complex,River View Complex,River View Complex,River View Complex,River View Complex,River View Complex,River View Complex,River View Complex,River View Complex,River View Complex,,,,,,,,,,,Mine,Mine,Mine,Mine,Mine,Mine,Mine,Mine,Mine,Mine,Mine,,,,,,,,,,,,,,,,,,,,,,,,,,,,,,,,,,791.0,791.0,791.0,791.0,791.0,791.0,791.0,791.0,791.0,791.0,791.0,,,,,,,,,,,F.coal,F.coal,F.coal,F.coal,F.coal,F.coal,F.coal,F.coal,F.coal,F.coal,F.coal,,,,,,,,,,,,,,,,,,,,,,,,,,,,,,,,,,,,,,,,,,,,,,,,,,,,,,,,,,,,,,,,,,,,,,,,,,,,,,,,,,,,,,,,,,,,,,,,,,,,,,,,,281594880.0,281141280.0,275788800.0,268894080.0,261092160.0,252655200.0,244218240.0,235962720.0,228160800.0,219996000.0,211105440.0,,,,,,,,,,,,,,,,,,,,,,,,,,,,,,,,,,,,,,,,,,,,,,,,,,,,,,,,,,
COM01092.00,Coal,United States of America,55819.0,55.0,1.0,33.2,,,,,5533920.0,5987520.0,4263840.0,5171040.0,5715360.0,5533920.0,5171040.0,5896800.0,5080320.0,5080320.0,4989600.0,362880.0,4536000.0,,,,,,,,,5533920.0,5987520.0,4263840.0,5171040.0,5715360.0,5533920.0,5171040.0,5896800.0,5080320.0,5080320.0,4989600.0,362880.0,4536000.0,,,,,,,,,,,,,,,,,,,,,,,,,,,,,,,,,,,,,,,,,,,,,,,,,,,"Thermal coal, Metallurgical coal","Thermal coal, Metallurgical coal","Thermal coal, Metallurgical coal","Thermal coal, Metallurgical coal","Thermal coal, Metallurgical coal","Thermal coal, Metallurgical coal","Thermal coal, Metallurgical coal","Thermal coal, Metallurgical coal","Thermal coal, Metallurgical coal","Thermal coal, Metallurgical coal","Thermal coal, Metallurgical coal","Thermal coal, Metallurgical coal","Thermal coal, Metallurgical coal",,,,,,,,,,,,,,,,,,,,,,,,,,,,,,,,,,,,,,,,,,,,,,,,,,,,,,,,,,,,,,,,,,,,,,,,,,,,,,,,,,,,,,,,,,,,,,,Underground,Underground,Underground,Underground,Underground,Underground,Underground,Underground,Underground,Underground,Underground,Underground,Underground,,,,,,,,,Robinson Run,Robinson Run,Robinson Run,Robinson Run,Robinson Run,Robinson Run,Robinson Run,Robinson Run,Robinson Run,Robinson Run,Robinson Run,Robinson Run,Robinson Run,,,,,,,,,Mine,Mine,Mine,Mine,Mine,Mine,Mine,Mine,Mine,Mine,Mine,Mine,Mine,,,,,,,,,,,,,,,,,,,,,,,,,,,,,,,,,,,,,,,,,,,,,,,,,,,,,F.coal,F.coal,F.coal,F.coal,F.coal,F.coal,F.coal,F.coal,F.coal,F.coal,F.stc,F.coc,F.stc,,,,,,,,,,,,,,,,,,,,,,,,,,,,,,,,,,,,,,,,,,,,,,,,,,,,,,,,,,,,,,,,,,,,,,,,,,,,,,,,,,,,,,,,,,,,,,,,,,,,,,,,,,,,,,,,,,,,,,,,,,,,,,,,,,,,,,,,,,,,,,,,,,,,,,,,,,,,,,,,,,,,,,,,,,,,,,,,,,,,
COM01097.00,Zinc,Australia,56861.95,85.0,1.0,2160.74,,,,,,,,,,,,,,,,,,,,,,,,,,,,,,,,,,,,,,,,,,,,,,,,,,,,,,,,,,,1953.002418,2064.022593,3912.595768,5107.055854,,1363.862094,2499.601685,,,,,,,,,,,,,,,9506.0,9508.0,9510.0,9512.0,,9514.0,9516.0,,,,,,,,,,,,,"Zinc, Lead, Copper, Gold, Silver","Zinc, Lead, Copper, Gold, Silver","Zinc, Lead, Copper, Gold, Silver","Zinc, Lead, Copper, Gold, Silver","Zinc, Lead, Copper, Gold, Silver","Zinc, Lead, Copper, Gold, Silver",,"Zinc, Lead, Copper, Gold, Silver","Zinc, Lead, Copper, Gold, Silver",,,,,,,,,,,,,,,,,0.67,0.64,,,0.57,,,,,,,,,,,,,,,66.694,67.695,69.227,52.857,,66.633,82.602,,,,,,,,,,,,,,,Me.Ag,Me.Ag,Me.Ag,Me.Ag,,Me.Ag,Me.Ag,,,,,,,,,,,,,,,Me.Ag,Me.Ag,Me.Ag,Me.Ag,Me.Ag,Me.Ag,,Me.Ag,Me.Ag,,,,,,,,,,,,,Underground,Underground,Underground,Underground,Underground,Underground,,Underground,Underground,,,,,,,,,,,,,Rosebery,Rosebery,Rosebery,Rosebery,Rosebery,Rosebery,,Rosebery,Rosebery,,,,,,,,,,,,,Mine,Mine,Mine,Mine,Mine,Mine,,Mine,Mine,,,,,,,,,,,,,,,,,,,,,,,,,,,,,,,,,,,,795.0,795.0,795.0,795.0,795.0,795.0,,795.0,795.0,,,,,,,,,,,,,O.bulk,O.bulk,O.bulk,O.bulk,O.bulk,O.bulk,,O.bulk,O.bulk,,,,,,,,,,,,,,,,,,,,,,,,,,,,,,,,,,,687247.0,779447.0,856957.0,893181.0,842923.0,897516.0,,990813.0,1017089.0,,,,,,,,,,,,,724792.0,788411.0,812595.0,897277.0,879288.0,898573.0,,968573.0,1028234.0,,,,,,,,,,,,,,,,,,,,,,,,,,,,,,,,,,,,,,,,,,,11348084.0,10660837.0,9881390.0,9024433.0,8131252.0,7288329.0,,6390813.0,5400000.0,,,,,,,,,,,,,,,,,,,,,,,,,,,,,,,,,,,,,,,,,,,,,,,,,,,,,,,,,,,
COM01100.00,Other (poly)-metallic,Namibia,1276.0,45.0,1.0,,,,,,,,,,,,,,,,,,,,,,,,,,,,,,,,,,,,,,,,,,,,,,,,,,,,,,,,,,,,,,,,,,,,,,,,,,,,,,,,,,,,,,,,,,,Uranium,Uranium,Uranium,Uranium,Uranium,Uranium,Uranium,Uranium,Uranium,Uranium,Uranium,Uranium,Uranium,Uranium,Uranium,Uranium,Uranium,Uranium,,,,,,,,,,,,,,,,,,,,,,,,,2640.0,2751.0,2401.0,3582.0,3711.0,3617.0,3045.419,4066.909,4150.37,3628.285,2148.213,2698.875,2409.483,1542.668,1246.018,1849.75,2110.112,2478.882,,,,Me.U3O8,Me.U3O8,Me.U3O8,Me.U3O8,Me.U3O8,Me.U3O8,Me.U3O8,Me.U3O8,Me.U3O8,Me.U3O8,Me.U3O8,Me.U3O8,Me.U3O8,Me.U3O8,Me.U3O8,Me.U3O8,Me.U3O8,Me.U3O8,,,,,,,,,,,,,,,,,,,,,,,Me.U,,,,Open pit,Open pit,Open pit,Open pit,Open pit,Open pit,Open pit,Open pit,Open pit,Open pit,Open pit,Open pit,Open pit,Open pit,Open pit,Open pit,Open pit,Open pit,,,,Rössing,Rössing,Rössing,Rössing,Rössing,Rössing,Rössing,Rössing,Rössing,Rössing,Rössing,Rössing,Rössing,Rössing,Rössing,Rössing,Rössing,Rössing,,,,Mine,Mine,Mine,Mine,Mine,Mine,Mine,Mine,Mine,Mine,Mine,Mine,Mine,Mine,Mine,Mine,Mine,Mine,,,,,,,,,,,,,,,,,,,,,,,,,,,,,,,,,,,,,,,,,,,,803.0,,,,,,,,,,,,,,,,,,,,,,,,,,,,,,,,,,,,,,,,,,,,,,,,,,,,,,,,,,,,,,,,,,,,,,,,,,,,,,,,,,,,,,,,,,,,,,,,,,,,,,,,,,,,,,,,,,,,,,,,,,,,,,,,,,,,,,,,72000000.0,,,,,,,,,,,,,,,,,,,,,,,,,,,,,,,,,,,,,,,,,,,,,,,,,,,,,,,,,,,
COM01102.00,Copper,DR Congo,2424.0,14.0,1.0,7459.11,,,,,,,,,,,,,,,,,,,,,,,,,,,,,,,,,,,,,,,,,,,,,,,,,,,,,,6000.0,4000.0,5000.0,5000.0,4000.0,,,,,,29100.0,4154.935735,3574.984417,,,,,,,,,9584.0,9586.0,9588.0,9590.0,9592.0,,,,,,,9594.0,9596.0,,,,,,,,,"Copper, Cobalt, Copper cathode, Cobalt hydroxide","Copper, Cobalt, Copper cathode, Cobalt hydroxide","Copper, Cobalt, Copper cathode, Cobalt hydroxide","Copper, Cobalt, Copper cathode, Cobalt hydroxide","Copper, Cobalt, Copper cathode, Cobalt hydroxide","Copper, Cobalt, Copper cathode, Cobalt hydroxide","Copper, Cobalt, Copper cathode, Cobalt hydroxide","Copper, Cobalt, Copper cathode, Cobalt hydroxide","Copper, Cobalt, Copper cathode, Cobalt hydroxide","Copper, Cobalt, Copper cathode, Cobalt hydroxide","Copper, Cobalt, Copper cathode, Cobalt hydroxide","Copper, Cobalt, Copper cathode, Cobalt hydroxide","Copper, Cobalt, Copper cathode, Cobalt hydroxide",,,,,,,,,0.05,0.23,0.27,0.6,0.69,,,,,,0.847,0.807,0.8182,,,,,,,,,132.0,565.0,720.0,3580.0,3678.0,3035.0,3045.0,3885.0,4344.0,3391.0,4638.0,4752.0,5070.0,,,,,,,,,Me.Co,Me.Co,Me.Co,Me.Co,Me.Co,Me.Co,Me.Co,Me.Co,Me.Co,Me.Co,Me.Co,Me.Co,Me.Co,,,,,,,,,,,Me.Co,Me.Co,Me.Co,Me.Co,Me.Co,,,,,,,Me.Co,Me.Co,,,,,,,,,"Open cast, SX-EW plant","Open cast, SX-EW plant","Open cast, SX-EW plant","Open cast, SX-EW plant","Open cast, SX-EW plant","Open cast, SX-EW plant","Open cast, SX-EW plant","Open cast, SX-EW plant","Open cast, SX-EW plant","Open cast, SX-EW plant","Open cast, SX-EW plant","Open cast, SX-EW plant","Open cast, SX-EW plant",,,,,,,,,Ruashi,Ruashi,Ruashi,Ruashi,Ruashi,Ruashi,Ruashi,Ruashi,Ruashi,Ruashi,Ruashi,Ruashi,Ruashi,,,,,,,,,Mine,Mine,Mine,Mine,Mine,Mine,Mine,Mine,Mine,Mine,Mine,Mine,Mine,,,,,,,,,,,,,,,,,,,,,,,,,,,,,,,,807.0,807.0,807.0,807.0,807.0,,,,,,,807.0,807.0,,,,,,,,,O.bulk,O.bulk,O.bulk,O.bulk,O.bulk,O.bulk,O.bulk,O.bulk,O.bulk,O.bulk,O.bulk,O.bulk,O.bulk,,,,,,,,,,,,,,,,,,,,,,,,,,,,,,,473090.0,601505.0,485360.0,1206172.0,1269740.0,,,,,,,1143700.0,1418188.0,,,,,,,,,473090.0,601505.0,485360.0,1206172.0,1269740.0,,,,,,,1143700.0,1418188.0,,,,,,,,,,,,,,,29000.0,,,,,,,,,,,,,,,2409.8360655737706,,,,,,,,,17379567.0,16906477.0,16304972.0,15819612.0,14613440.0,,,,,,,13343700.0,12200000.0,,,,,,,,,,,,,,,,,,,,,,,,,,,,,,,,,,,,,,,,,,,,,,,,,,,,,,,,,,
COM01104.00,Copper,Poland,24382.55,47.0,1.0,5176.96,,,,,,,,,,,,,,,,,,,,,,,,,,,,,,,,,,,,,,,,,,,,,,,,,,,,,,,,,,,,,,,,,,,,,,,,,,,,,,,,,,,,,,,,,,,,,,,,,,,,,,,,,"Copper, Silver, Lead, Gold","Copper, Silver, Lead, Gold","Copper, Silver, Lead, Gold",,,,,,,,,,,,,,,,,,,,,,,,,,,,,,,,,,,,,,,,203500.0,195300.0,186200.0,,,,,,,,,,,,,,,,,,,Me.Cu,Me.Cu,Me.Cu,,,,,,,,,,,,,,,,,,,,,,,,,,,,,,,,,,,,,,,,,,Underground,Underground,Underground,,,,,,,,,,,,,,,,,,,Rudna,Rudna,Rudna,,,,,,,,,,,,,,,,,,,Mine,Mine,Mine,,,,,,,,,,,,,,,,,,,,,,,,,,,,,,,,,,,,,,,,,,,,,,,,,,,,,,,,,,,,,,,,,,,,,,,,,,,,,,,,,,,,,,,,,,,,,,,,,,,,,,,,,,,,,,,,,,,,,,,,,,,,,,,,,,,,,,,,,,,,,,,,,,,,,,,,,,,,,,,,,,,,,,,,,,,,,,,,,,,,,,,,,,,,,,,,,,,,,,,,,,,,,,,,,,,,,,,,,,,,,,,,,,,,,,,,,,,,,,,
COM01107.00,Copper,United States of America,55819.0,14.0,1.0,6764.45,,,,,,,,,,,,,,,,,,,,,,,,,,,,,,,,,,,,,,,,,,,,,,,,,,,,,,,,,,,,,,,,,,,,,,,,,,,,,,,,,,,,,,,,,,,,,,,,,Copper,Copper,Copper,Copper,Copper,Copper,Copper,Copper,Copper,Copper,Copper,Copper,,,,,,,,,,,,,,,,,,,,,,,,,,,,,,,60327.785,83460.996,64863.709,68492.448,79378.665,66224.486,63049.339,91625.659,104326.245,68038.856,55791.862,49895.161,,,,,,,,,,Me.Cu,Me.Cu,Me.Cu,Me.Cu,Me.Cu,Me.Cu,Me.Cu,Me.Cu,Me.Cu,Me.Cu,Me.Cu,Me.Cu,,,,,,,,,,,,,,,,,,,,,,,Me.Cu,,,,,,,,,,"Open pit, SX-EW","Open pit, SX-EW","Open pit, SX-EW","Open pit, SX-EW","Open pit, SX-EW","Open pit, SX-EW","Open pit, SX-EW","Open pit, SX-EW","Open pit, SX-EW","Open pit, SX-EW","Open pit, SX-EW","Open pit, SX-EW",,,,,,,,,,Safford,Safford,Safford,Safford,Safford,Safford,Safford,Safford,Safford,Safford,Safford,Safford,,,,,,,,,,Mine,Mine,Mine,Mine,Mine,Mine,Mine,Mine,Mine,Mine,Mine,Mine,,,,,,,,,,,,,,,,,,,,,,,,,,,,,,,,,,,,,,,,,,,,812.0,,,,,,,,,,,,,,,,,,,,,O.bulk,,,,,,,,,,,,,,,,,,,,,,,,,,,,,,,,,,,,,,,,,,,,,,,,,,,,,,,,,,,,,,,,,,,,,,,,,,,,,,,,,,,,,,,,,,,,,,,,,,,,,,,,,,,,,,,,,,,812000000.0,,,,,,,,,,,,,,,,,,,,,,,,,,,,,,,,,,,,,,,,,,,,,,,,,,,,,,,,,,
COM01112.00,Copper,Brazil,11963.92,9.0,1.0,7223.39,,,,,,,,,,,,,,,,,,,,,,,,,,,,,,,,,,,,,,,,,,,,,,,,,,,,,,,,,,,,,0.130126,0.176246,0.172136,0.174781,0.220324,0.236157,,,,,,,,,,,,,,,,9662.0,9664.0,9666.0,9668.0,9670.0,9672.0,,,,,,,,,,,,,,"Copper, Gold","Copper, Gold","Copper, Gold","Copper, Gold","Copper, Gold","Copper, Gold","Copper, Gold","Copper, Gold",,,,,,,,,,,,,,,,0.0,0.0,0.0,0.0,0.0,0.0,,,,,,,,,,,,,,0.622,3.639,2.426,7.807,9.86,10.762,11.228,11.446,,,,,,,,,,,,,,Me.Au,Me.Au,Me.Au,Me.Au,Me.Au,Me.Au,Me.Au,Me.Au,,,,,,,,,,,,,,,,,,,,,,,Me.Au,,,,,,,,,,,,,,Open pit,Open pit,Open pit,Open pit,Open pit,Open pit,Open pit,Open pit,,,,,,,,,,,,,,Salobo,Salobo,Salobo,Salobo,Salobo,Salobo,Salobo,Salobo,,,,,,,,,,,,,,Mine,Mine,Mine,Mine,Mine,Mine,Mine,Mine,,,,,,,,,,,,,,,,,,,,,,,,,,,,,,,,,,,,,,,,,,,,813.0,,,,,,,,,,,,,,O.Cu,O.Cu,O.Cu,O.Cu,O.Cu,O.Cu,O.Cu,O.Cu,,,,,,,,,,,,,,,,,,,,,,,,,,,,,,,,,,,,,,18644000.0,44296000.0,57279000.0,61573000.0,50963000.0,48468000.0,,,,,,,,,,,,,,,,18644000.0,44296000.0,57279000.0,61573000.0,50963000.0,48468000.0,,,,,,,,,,,,,,,,,,,,,,,,,,,,,,,,,,,,,,,,,,,,,,,,,,,1148400000.0,,,,,,,,,,,,,,,,,,,,,,,,,,,,,,,,,,,,,,,,,,,,,,,,,,,,,,,,,,
COM01113.00,Copper,Chile,14122.0,62.0,1.0,2279.37,,,,,,,,,,,,,,,,,,,,,,,,,,,,,,,,,,,,,,,,,,,,,,,,,,,,,,,,,,,,,,,,,,,,,,,,,,,,,,,,,,,,,,,,,"Copper, Copper cathodes, Molybdenum, Gold, Silver","Copper, Copper cathodes, Molybdenum, Gold, Silver","Copper, Copper cathodes, Molybdenum, Gold, Silver","Copper, Copper cathodes, Molybdenum, Gold, Silver","Copper, Copper cathodes, Molybdenum, Gold, Silver","Copper, Copper cathodes, Molybdenum, Gold, Silver","Copper, Copper cathodes, Molybdenum, Gold, Silver","Copper, Copper cathodes, Molybdenum, Gold, Silver","Copper, Copper cathodes, Molybdenum, Gold, Silver","Copper, Copper cathodes, Molybdenum, Gold, Silver","Copper, Copper cathodes, Molybdenum, Gold, Silver","Copper, Copper cathodes, Molybdenum, Gold, Silver","Copper, Copper cathodes, Molybdenum, Gold, Silver","Copper, Copper cathodes, Molybdenum, Gold, Silver","Copper, Copper cathodes, Molybdenum, Gold, Silver","Copper, Copper cathodes, Molybdenum, Gold, Silver","Copper, Copper cathodes, Molybdenum, Gold, Silver","Copper, Copper cathodes, Molybdenum, Gold, Silver","Copper, Copper cathodes, Molybdenum, Gold, Silver",,,,,,,,,,,,,,,,,,,,,,,,80538.0,81166.0,72819.0,80105.0,74874.0,77520.0,80615.0,63885.0,42682.0,65462.0,76184.0,41.664,32.01,27.272,43.938,48582.0,59796.0,53.028,35.497,,,Me.Cu,Me.Cu,Me.Cu,Me.Cu,Me.Cu,Me.Cu,Me.Cu,Me.Cu,Me.Cu,Me.Cu,Me.Cu,Me.Ag,Me.Ag,Me.Ag,Me.Ag,Me.Cu,Me.Cu,Me.Ag,Me.Ag,,,,,,,,,,,,,,,,,,,,,,,Me.Cu,,,"Open pit, Underground","Open pit, Underground","Open pit, Underground","Open pit, Underground","Open pit, Underground","Open pit, Underground","Open pit, Underground","Open pit, Underground","Open pit, Underground","Open pit, Underground","Open pit, Underground","Open pit, Underground","Open pit, Underground","Open pit, Underground","Open pit, Underground","Open pit, Underground","Open pit, Underground","Open pit, Underground","Open pit, Underground",,,Salvador,Salvador,Salvador,Salvador,Salvador,Salvador,Salvador,Salvador,Salvador,Salvador,Salvador,Salvador,Salvador,Salvador,Salvador,Salvador,Salvador,Salvador,Salvador,,,Mine,Mine,Mine,Mine,Mine,Mine,Mine,Mine,Mine,Mine,Mine,Mine,Mine,Mine,Mine,Mine,Mine,Mine,Mine,,,,,,,,,,,,,,,,,,,,,,,,,,,,,,,,,,,,,,,,,,,,815.0,,,O.Cu,O.Cu,O.Cu,O.Cu,O.Cu,O.Cu,O.Cu,O.Cu,O.Cu,O.Cu,O.Cu,O.Cu,O.Cu,O.Cu,O.Cu,O.Cu,O.Cu,O.Cu,O.Cu,,,,,,,,,,,,,,,,,,,,,,,,,,,,,,,,,,,,,,,,,,,,,,,,,,,,,,,,,,,,,,,,,,,,,,,,,,,,,,,3700000.0,,,,,,,,,,,,,,,6400.0,,,,,,,,,,,,,,,,,,,,,581000000.0,,,,,,,,,,,,,,,,,,,,,,,,,,,,,,,,,,,,,,,,,,,,,,,,,,,,,,,,,,,
COM01114.00,Iron,Brazil,11963.92,44.0,1.0,36.19,,,,,,,,,,,,,,,,,,,,,,,,,,,,,,,,,,,,,,,,,,,,,,,,,,,,,,,,,,,,,,,,,,,,,,,,,,,,,,,,,,,,,,,,,Iron,Iron,Iron,Iron,Iron,Iron,Iron,Iron,Iron,Iron,Iron,Iron,Iron,Iron,Iron,Iron,Iron,,,,,,,,,,,,,,,,,,,,,,,,,,,,,,,,,,,,,,,,,,,,,,,,,,,,,,,,,,,,,,,,,,,,,,,,,,,,,,,,,,,,,,,,,,,Open pit,Open pit,Open pit,Open pit,Open pit,Open pit,Open pit,Open pit,Open pit,Open pit,Open pit,Open pit,Open pit,Open pit,Open pit,Open pit,Open pit,,,,,Samarco,Samarco,Samarco,Samarco,Samarco,Samarco,Samarco,Samarco,Samarco,Samarco,Samarco,Samarco,Samarco,Samarco,Samarco,Samarco,Samarco,,,,,Mine,Mine,Mine,Mine,Mine,Mine,Mine,Mine,Mine,Mine,Mine,Mine,Mine,Mine,Mine,Mine,Mine,,,,,,,,,,,,,,,,,,,,,,,,,,,,,,,,,,,,,,,,,,,,,,,,,O.Fe,O.Fe,O.Fe,O.Fe,O.Fe,O.Fe,O.Fe,O.Fe,O.Fe,O.Fe,O.Fe,O.Fe,O.Fe,O.Fe,O.Fe,O.Fe,O.Fe,,,,,,,,,,,,,,,,,,,,,,,,,,,14138000.0,15018000.0,11258000.0,15712000.0,15450000.0,15374000.0,15006000.0,15600000.0,16928000.0,16636000.0,22188000.0,23418000.0,22846000.0,21964000.0,21838000.0,29026000.0,10808000.0,,,,,14138000.0,15018000.0,11258000.0,15712000.0,15450000.0,15374000.0,15006000.0,15600000.0,16928000.0,16636000.0,22188000.0,23418000.0,22846000.0,21964000.0,21838000.0,29026000.0,10808000.0,,,,,,,,,,,,,,,,,,,,,,,,,,,,,,,,,,,,,,,,,,,,,,,,,,,,,,,,,,,,,,,,,,,,,,,,,,,,,,,,,,,,,,,,,,,,,,,,,,,,,,,,,,,,,,,,
COM01117.00,Silver,Bolivia,9805.56,13.0,1.0,14.58,,,,,,,,,,,,,,,,,,,,,,,,,,,,,,,,,,,,,,,,,,,,,,,,,,,,,,,211.487443,155.638882,142.598101,152.520434,127.289359,111.413626,107.728188,106.310712,104.60974,89.867988,,,,,,,,,,,,9714.0,9716.0,9718.0,9720.0,9722.0,9724.0,9726.0,9728.0,9730.0,9732.0,,,,,,,,,,,,Silver,Silver,Silver,Silver,Silver,Silver,Silver,Silver,Silver,Silver,,,,,,,,,,,,0.758,0.896,0.886,0.889,0.895,0.9,0.881,0.888,0.888,0.893,,,,,,,,,,,,80.98,211.379,189.858,212.289,167.83,168.117,165.602,153.849,154.77,120.831,,,,,,,,,,,,Me.Ag,Me.Ag,Me.Ag,Me.Ag,Me.Ag,Me.Ag,Me.Ag,Me.Ag,Me.Ag,Me.Ag,,,,,,,,,,,,,,,,,,,,,,,,,,,,,,,,,,,Open pit,Open pit,Open pit,Open pit,Open pit,Open pit,Open pit,Open pit,Open pit,Open pit,,,,,,,,,,,,San Bartolome,San Bartolome,San Bartolome,San Bartolome,San Bartolome,San Bartolome,San Bartolome,San Bartolome,San Bartolome,San Bartolome,,,,,,,,,,,,Mine,Mine,Mine,Mine,Mine,Mine,Mine,Mine,Mine,Mine,,,,,,,,,,,,,,,,,,,,,,,,,,,,,,,,,,,,,,,,,,,,,,,,,,,,,,,,O.Ag,O.Ag,O.Ag,O.Ag,O.Ag,O.Ag,O.Ag,O.Ag,O.Ag,O.Ag,,,,,,,,,,,,,,,,,,,,,,,,,,,,,,,,,,458602.0,1377738.0,1365136.0,1421826.0,1340180.0,1523950.0,1587077.0,1554105.0,1512109.0,1369607.0,,,,,,,,,,,,458602.0,1377738.0,1365136.0,1421826.0,1340180.0,1523950.0,1587077.0,1554105.0,1512109.0,1369607.0,,,,,,,,,,,,,,,,,,,,,,,,,,,,,,,,,,,,,,,,,,,,,,,,,,,,,,,,,,,,,,,,,,,,,,,,,,,,,,,,,,,,,,,,,,,,,,,,,,,,,,,,,,,,,,,
COM01120.00,Iron,Mexico,9018.86,75.0,1.0,94.34,,,,,,,,,,,,,,,,,,,,,,,,,,,,,,,,,,,,,,,,,,,,,,,,,,,,,,,,,,,,,,,,,,650000.0,,,,,,,,,,,,,,,,,,,,,9741.0,,,,,,,,,,,,,,,,,,,,,Iron,,,,,,,,,,,,,,,,,,,,,0.0,,,,,,,,,,,,,,,,,,,,,325000.0,,,,,,,,,,,,,,,,,,,,,Me.Fe,,,,,,,,,,,,,,,,,,,,,,,,,,,,,,,,,,,,,,,,,,,,Open pit,,,,,,,,,,,,,,,,,,,,,San Jose,,,,,,,,,,,,,,,,,,,,,Mine,,,,,,,,,,,,,,,,,,,,,,,,,,,,,,,,,,,,,,,,,,,,,,,,,,,,,,,,,,,,,,,,,Con.Fe,,,,,,,,,,,,,,,,,,,,,,500000.0,,,,,,,,,,,,,,,,,,,,,,,,,,,,,,,,,,,,,,,,,,,,,,,,,,,,,,,,,,,,,,,,,,,,,,,,,,,,,,,,,,,,,,,,,,,,,,,,,,,,,,,,,,,,,,,,,,,,,,,,,,,,,,,,,,,,,,,,,,,,,,,,,,,,,,,
COM01121.00,Coal,United States of America,55819.0,48.0,1.0,43.21,,,,,,7254000.0,6038000.0,6113000.0,6014000.0,6682000.0,7080000.0,6906000.0,6119000.0,5773000.0,6013000.0,4140000.0,2408000.0,6694000.0,5685000.0,5165000.0,3541709.0,4832654.0,,,,,7254000.0,6038000.0,6113000.0,6014000.0,6682000.0,7080000.0,6906000.0,6119000.0,5773000.0,6013000.0,4140000.0,2408000.0,6694000.0,5685000.0,5165000.0,3541709.0,4832654.0,,,,,,,,,,,,,,,,,,,,,,,,,,,,,,,,,,,,,,,,,,,,,,,Sub-bituminous coal,Sub-bituminous coal,Sub-bituminous coal,Sub-bituminous coal,Sub-bituminous coal,Sub-bituminous coal,Sub-bituminous coal,Sub-bituminous coal,Sub-bituminous coal,Sub-bituminous coal,Sub-bituminous coal,Sub-bituminous coal,Sub-bituminous coal,Sub-bituminous coal,Sub-bituminous coal,Sub-bituminous coal,Sub-bituminous coal,,,,,,,,,,,,,,,,,,,,,,,,,,,,,,,,,,,,,,,,,,,,,,,,,,,,,,,,,,,,,,,,,,,,,,,,,,,,,,,,,,,,,,,,,,,,,,,,,,,,,,,,,,,,,,,,San Juan,San Juan,San Juan,San Juan,San Juan,San Juan,San Juan,San Juan,San Juan,San Juan,San Juan,San Juan,San Juan,San Juan,San Juan,San Juan,San Juan,,,,,Mine,Mine,Mine,Mine,Mine,Mine,Mine,Mine,Mine,Mine,Mine,Mine,Mine,Mine,Mine,Mine,Mine,,,,,,,,,,,,,,,,,,,,,,,,,,,,817.0,817.0,817.0,817.0,817.0,817.0,817.0,817.0,817.0,817.0,817.0,817.0,817.0,817.0,817.0,817.0,817.0,,,,,F.sbc,F.sbc,F.sbc,F.sbc,F.sbc,F.sbc,F.sbc,F.sbc,F.sbc,F.sbc,F.sbc,F.sbc,F.sbc,F.sbc,F.sbc,F.sbc,F.sbc,,,,,,,,,,,,,,,,,,,,,,,,,,,,,,,,,,,,,,,,,,,,,,,,,,,,,,,,,,,,,,,,,,,,,,,,,,,,,,,,,,,,,,,,,,,,,,,,,,,102008613.0,94754613.0,88716613.0,82603613.0,76589613.0,69907613.0,62827613.0,55921613.0,49802613.0,44029613.0,38016613.0,33876613.0,31468613.0,24774613.0,19089613.0,13924613.0,10382904.0,,,,,,,,,,,,,,,,,,,,,,,,,,,,,,,,,,,,,,,,,,,,,,,,,,,,,,,,,,,,
COM01123.00,Silver,Mexico,9018.86,5.0,1.0,17.54,,,,,,,,,,,,,,,,,,,,,,,,,,,,,,,,,,,,,,,,,,,,,,,,,,,,,,,,,,,,,,,,167.28295,150.574286,,,,,,,,,,,,,,,,,,,,9743.0,9745.0,,,,,,,,,,,,,,,,,,,,"Silver, Gold, Lead, Zinc","Silver, Gold, Lead, Zinc",,,,,,,,,,,,,,,,,,,,4.4e-05,5.6e-05,,,,,,,,,,,,,,,,,,,,298.634,414.754,,,,,,,,,,,,,,,,,,,,Me.Ag,Me.Ag,,,,,,,,,,,,,,,,,,,,,,Me.Ag,Me.Ag,,,,,,,,,,,,,,,,,,,,Underground,Underground,,,,,,,,,,,,,,,,,,,,San Julian,San Julian,,,,,,,,,,,,,,,,,,,,Mine,Mine,,,,,,,,,,,,,,,,,,,,,,,,,,,,,,,,,,,,,,,,,,,818.0,818.0,,,,,,,,,,,,,,,,,,,,O.bulk,O.bulk,,,,,,,,,,,,,,,,,,,,,,,,,,,,,,,,,,,,,,,,,,2218000.0,3492000.0,,,,,,,,,,,,,,,,,,,,2218000.0,3492000.0,,,,,,,,,,,,,,,3178.406771145,,,,,,,,,,,,,,,188.95838300639429,,,,,,,,,,,,,,,,,,,,16216000.0,18454000.0,,,,,,,,,,,,,,,,,,,,,,,,,,,,,,,,,,,,,,,,,,,,,,,,,,,,,,,,,,,
COM01127.00,Coal,United States of America,55819.0,41.0,1.0,33.2,,,,,3084480.0,3084480.0,2993760.0,2812320.0,2812320.0,2993760.0,3265920.0,2630880.0,2812320.0,2903040.0,,,,,,,,,,,,3084480.0,3084480.0,2993760.0,2812320.0,2812320.0,2993760.0,3265920.0,2630880.0,2812320.0,2903040.0,,,,,,,,,,,,,,,,,,,,,,,,,,,,,,,,,,,,,,,,,,,,,,,,,,,,,,Lignite,Lignite,Lignite,Lignite,Lignite,Lignite,Lignite,Lignite,Lignite,Lignite,,,,,,,,,,,,,,,,,,,,,,,,,,,,,,,,,,,,,,,,,,,,,,,,,,,,,,,,,,,,,,,,,,,,,,,,,,,,,,,,,,,,,,,,,,,,,,,,,,Surface,Surface,Surface,Surface,Surface,Surface,Surface,Surface,Surface,Surface,,,,,,,,,,,,San Miguel,San Miguel,San Miguel,San Miguel,San Miguel,San Miguel,San Miguel,San Miguel,San Miguel,San Miguel,,,,,,,,,,,,Mine,Mine,Mine,Mine,Mine,Mine,Mine,Mine,Mine,Mine,,,,,,,,,,,,,,,,,,,,,,,,,,,,,,,,,,,,,,,,,,,,,,,,,,,,,,,,F.lig,F.lig,F.lig,F.lig,F.lig,F.lig,F.lig,F.lig,F.lig,F.lig,,,,,,,,,,,,,,,,,,,,,,,,,,,,,,,,,,,,,,,,,,,,,,,,,,,,,,,,,,,,,,,,,,,,,,,,,,,,,,,,,,,,,,,,,,,,,,,,,,,,,,,,,,,,,,,,,,,,,,,,,,,,,,,,,,,,,,,,,,,,,,,,,,,,,,,,,,,,,,,,,,,,,,,,,,,,,,,,,,,,,,,
COM01134.00,Coal,Australia,56861.95,47.0,1.0,33.2,,,,,4638000.0,4148000.0,5094000.0,4642000.0,5822000.0,6502000.0,5268000.0,6794000.0,5792000.0,7010000.0,6804000.0,5558000.0,6106000.0,6898000.0,9116000.0,9012000.0,8412000.0,9468000.0,10106000.0,9784000.0,,4638000.0,4148000.0,5094000.0,4642000.0,5822000.0,6502000.0,5268000.0,6794000.0,5792000.0,7010000.0,6804000.0,5558000.0,6106000.0,6898000.0,9116000.0,9012000.0,8412000.0,9468000.0,10106000.0,9784000.0,,,,,,,,,,,,,,,,,,,,,,,,,,,,,,,,,,,,,,,,,,,,Metallurgical bituminous coal,Metallurgical bituminous coal,Metallurgical bituminous coal,Metallurgical bituminous coal,Metallurgical bituminous coal,Metallurgical bituminous coal,Metallurgical bituminous coal,Metallurgical bituminous coal,Metallurgical bituminous coal,Metallurgical bituminous coal,Metallurgical bituminous coal,Metallurgical bituminous coal,Metallurgical bituminous coal,Metallurgical bituminous coal,Metallurgical bituminous coal,Metallurgical bituminous coal,Metallurgical bituminous coal,Metallurgical bituminous coal,Metallurgical bituminous coal,Metallurgical bituminous coal,,,,,,,,,,,,,,,,,,,,,,,,,,,,,,,,,,,,,,,,,,,,,,,,,,,,,,,,,,,,,,,,,,,,,,,,,,,,,,,,,,,,,,,,Open pit,Open pit,Open pit,Open pit,Open pit,Open pit,Open pit,Open pit,Open pit,Open pit,Open pit,Open pit,Open pit,Open pit,Open pit,Open pit,Open pit,Open pit,Open pit,Open pit,,Saraji,Saraji,Saraji,Saraji,Saraji,Saraji,Saraji,Saraji,Saraji,Saraji,Saraji,Saraji,Saraji,Saraji,Saraji,Saraji,Saraji,Saraji,Saraji,Saraji,,Mine,Mine,Mine,Mine,Mine,Mine,Mine,Mine,Mine,Mine,Mine,Mine,Mine,Mine,Mine,Mine,Mine,Mine,Mine,Mine,,,,,,,,,,,,,,,,,,,,,,,,,827.0,827.0,827.0,827.0,827.0,827.0,827.0,827.0,827.0,827.0,827.0,827.0,827.0,827.0,827.0,827.0,827.0,827.0,827.0,827.0,,F.coc,F.coc,F.coc,F.coc,F.coc,F.coc,F.coc,F.coc,F.coc,F.coc,F.coc,F.coc,F.coc,F.coc,F.coc,F.coc,F.coc,F.coc,F.coc,F.coc,,,,,,,,,,,,,,,,,,,,,,,,,,,,,,,,,,,,,,,,,,,,,,,,,,,,,,,,,,,,,,,,,,,,,,,,,,,,,,,,,,,,,,,,,,,,,,,,629190000.0,624552000.0,620404000.0,615310000.0,610668000.0,604846000.0,598344000.0,593076000.0,586282000.0,580490000.0,573480000.0,566676000.0,561118000.0,555012000.0,548114000.0,538998000.0,529986000.0,521574000.0,512106000.0,502000000.0,,,,,,,,,,,,,,,,,,,,,,,,,,,,,,,,,,,,,,,,,,,,,,,,,,,,,,,,,,
COM01138.00,Silver,Mexico,9018.86,10.0,1.0,20.15,,,,,,,,,,,,,,,,,,,,,,,,,,,,,,,,,,,,,,,,,,,,,,,,,,,,,,,,,238.918049,204.615628,220.969652,277.762966,284.363261,327.0,303.0,280.0,257.0,,,,,,,,,,,,,9825.0,9827.0,9829.0,9831.0,9833.0,9835.0,9837.0,9839.0,9841.0,,,,,,,,,,,,,"Silver, Gold, Lead, Zinc","Silver, Gold, Lead, Zinc","Silver, Gold, Lead, Zinc","Silver, Gold, Lead, Zinc","Silver, Gold, Lead, Zinc","Silver, Gold, Lead, Zinc","Silver, Gold, Lead, Zinc","Silver, Gold, Lead, Zinc","Silver, Gold, Lead, Zinc",,,,,,,,,,,,,,,,,,1.1e-05,1.4e-05,1.6e-05,1.9e-05,,,,,,,,,,,,,34.643,167.376,199.978,328.316,436.498,623.236,622.159,601.435,560.782,,,,,,,,,,,,,Me.Ag,Me.Ag,Me.Ag,Me.Ag,Me.Ag,Me.Ag,Me.Ag,Me.Ag,Me.Ag,,,,,,,,,,,,,,,Me.Ag,Me.Ag,Me.Ag,Me.Ag,Me.Ag,Me.Ag,Me.Ag,Me.Ag,Me.Ag,,,,,,,,,,,,,Underground,Underground,Underground,Underground,Underground,Underground,Underground,Underground,Underground,,,,,,,,,,,,,Saucito,Saucito,Saucito,Saucito,Saucito,Saucito,Saucito,Saucito,Saucito,,,,,,,,,,,,,Mine,Mine,Mine,Mine,Mine,Mine,Mine,Mine,Mine,,,,,,,,,,,,,,,,,,,,,,,,,,,,,,,,,,,,828.0,828.0,828.0,828.0,828.0,828.0,828.0,828.0,828.0,,,,,,,,,,,,,O.bulk,O.bulk,O.bulk,O.bulk,O.bulk,O.bulk,O.bulk,O.bulk,O.bulk,,,,,,,,,,,,,,,,,,,,,,,,,,,,,,,,,,,145000.0,818000.0,905000.0,1182000.0,1535000.0,2339000.0,2635000.0,2754000.0,2792000.0,,,,,,,,,,,,,145000.0,818000.0,905000.0,1182000.0,1535000.0,2339000.0,2635000.0,2754000.0,2792000.0,,,,,,,,,,,,,,,376.736811147,,,,,,,,,,,,,,,272.0,,,,,,,,,,,,,27223000.0,27078000.0,26260000.0,25355000.0,24173000.0,22638000.0,20299000.0,17664000.0,14910000.0,,,,,,,,,,,,,,,,,,,,,,,,,,,,,,,,,,,,,,,,,,,,,,,,,,,,,,,,,,,
COM01139.00,Coal,United States of America,55819.0,63.0,1.0,43.21,,,,,,313891.0,305726.0,343829.0,340200.0,299376.0,343829.0,325685.0,325685.0,311170.0,319334.0,322056.0,272160.0,321149.0,303005.0,244944.0,280325.0,247666.0,,,,,313891.0,305726.0,343829.0,340200.0,299376.0,343829.0,325685.0,325685.0,311170.0,319334.0,322056.0,272160.0,321149.0,303005.0,244944.0,280325.0,247666.0,,,,,,,,,,,,,,,,,,,,,,,,,,,,,,,,,,,,,,,,,,,,,,,Lignite,Lignite,Lignite,Lignite,Lignite,Lignite,Lignite,Lignite,Lignite,Lignite,Lignite,Lignite,Lignite,Lignite,Lignite,Lignite,Lignite,,,,,,,,,,,,,,,,,,,,,,,,,,,,,,,,,,,,,,,,,,,,,,,,,,,,,,,,,,,,,,,,,,,,,,,,,,,,,,,,,,,,,,,,,,,,,,,,,,,,,,,,,,,,,,,,Savage,Savage,Savage,Savage,Savage,Savage,Savage,Savage,Savage,Savage,Savage,Savage,Savage,Savage,Savage,Savage,Savage,,,,,Mine,Mine,Mine,Mine,Mine,Mine,Mine,Mine,Mine,Mine,Mine,Mine,Mine,Mine,Mine,Mine,Mine,,,,,,,,,,,,,,,,,,,,,,,,,,,,832.0,832.0,832.0,832.0,832.0,832.0,832.0,832.0,832.0,832.0,832.0,832.0,832.0,832.0,832.0,832.0,832.0,,,,,F.lig,F.lig,F.lig,F.lig,F.lig,F.lig,F.lig,F.lig,F.lig,F.lig,F.lig,F.lig,F.lig,F.lig,F.lig,F.lig,F.lig,,,,,,,,,,,,,,,,,,,,,,,,,,,,,,,,,,,,,,,,,,,,,,,,,,,,,,,,,,,,,,,,,,,,,,,,,,,,,,,,,,,,,,,,,,,,,,,,,,,8315396.0,8001505.0,7695779.0,7351950.0,7011750.0,6712374.0,6368545.0,6042860.0,5717175.0,5406005.0,5086671.0,4764615.0,4492455.0,4171306.0,3868301.0,3623357.0,3343032.0,,,,,,,,,,,,,,,,,,,,,,,,,,,,,,,,,,,,,,,,,,,,,,,,,,,,,,,,,,,,
COM01143.00,Gold,Canada,43833.79,30.0,1.0,350.72,,,,,,,,,,,,,,,,,,,,,,,,,,,,,,,,,,,,,,,,,,,,,,,8.58,6.13,6.59,7.95,7.15,6.32,6.16,6.35,6.46,6.17,7.55,5.68,5.86,5.11,7.32,8.82,7.7816,8.25,9.16,9.56,,9883.0,9885.0,9887.0,9889.0,9891.0,9893.0,9895.0,9897.0,9899.0,9901.0,9903.0,9905.0,9907.0,9909.0,9911.0,9913.0,9915.0,9917.0,9919.0,9921.0,,Gold,Gold,Gold,Gold,Gold,Gold,Gold,Gold,Gold,Gold,Gold,Gold,Gold,Gold,Gold,Gold,Gold,Gold,Gold,Gold,,0.879,0.888,0.937,0.947,0.9521,0.9286,0.9362,0.954,0.958,0.953,0.955,0.953,0.956,0.953,0.957,0.9628,,0.974,0.974,0.982,,1.813,1.44,1.291,1.58,1.272,1.387,1.44,1.378,1.414,1.456,1.47,1.392,1.542,1.364,1.959,2.356,2.483,2.612,2.973,3.487,,Me.Au,Me.Au,Me.Au,Me.Au,Me.Au,Me.Au,Me.Au,Me.Au,Me.Au,Me.Au,Me.Au,Me.Au,Me.Au,Me.Au,Me.Au,Me.Au,Me.Au,Me.Au,Me.Au,Me.Au,,,,Me.Au,Me.Au,Me.Au,Me.Au,Me.Au,Me.Au,Me.Au,Me.Au,Me.Au,Me.Au,Me.Au,Me.Au,Me.Au,Me.Au,Me.Au,Me.Au,Me.Au,Me.Au,Me.Au,Me.Au,,,,,,,,,,,,,,,,,,,,,,,Seabee,Seabee,Seabee,Seabee,Seabee,Seabee,Seabee,Seabee,Seabee,Seabee,Seabee,Seabee,Seabee,Seabee,Seabee,Seabee,Seabee,Seabee,Seabee,Seabee,,Mine,Mine,Mine,Mine,Mine,Mine,Mine,Mine,Mine,Mine,Mine,Mine,Mine,Mine,Mine,Mine,Mine,Mine,Mine,Mine,,,,,,,,,,,,,,,,,,,,,,,,,834.0,834.0,834.0,834.0,834.0,834.0,834.0,834.0,834.0,834.0,834.0,834.0,834.0,834.0,834.0,834.0,834.0,834.0,834.0,834.0,,O.Au,O.Au,O.Au,O.Au,O.Au,O.Au,O.Au,O.Au,O.Au,O.Au,O.Au,O.Au,O.Au,O.Au,O.Au,O.Au,O.Au,O.Au,O.Au,O.Au,,,,,,,,,,,,,,,,,,,,,,,,237500.0,274800.0,201900.0,208900.0,186900.0,236400.0,246000.0,227631.0,228427.0,247641.0,203958.0,257181.0,275235.0,280054.0,279597.0,277368.0,319094.0,330415.0,351999.0,344039.0,,237500.0,274800.0,201900.0,208900.0,186900.0,236400.0,246000.0,227631.0,228427.0,247641.0,203958.0,257181.0,275235.0,280054.0,279597.0,277368.0,319094.0,330415.0,351999.0,344039.0,,,,,,,,,,,,,,,14.1747615,,,,,,,,,,,,,,,10.17,,6399000.0,6161500.0,5886700.0,5684800.0,5475900.0,5289000.0,5052600.0,4806600.0,4578969.0,4350542.0,4102901.0,3898943.0,3641762.0,3366527.0,3086473.0,2806876.0,2529508.0,2210414.0,1879999.0,1528000.0,,,,,,,,,,,,,,,,,,,,,,,,,,,,,,,,,,,,,,,,,,,,,,,,,,,,,,,,,,
COM01147.00,Coal,China,19604.88,8.0,1.0,100.46,,,,,,,,,,,,,,,,,,,,,,,4046100.0,3961800.0,3321700.0,,,,,,,,,,,,,,,,,,,4583200.0,4504000.0,4065900.0,,,,,,,,,,,,,,,,,,,,,,,,,,,,,,,,,,,,,,,,,,,,,,,,,,,,,,,,,,,,,Coal,Coal,Coal,,,,,,,,,,,,,,,,,,,,,,,,,,,,,,,,,,,,,,,,,,,,,,,,,,,,,,,,,,,,,,,,,,,,,,,,,,,,,,,,,,,,,,,,,,,,,,,,,,,,,,,,,Underground,Underground,Underground,,,,,,,,,,,,,,,,,,,Selian,Selian,Selian,,,,,,,,,,,,,,,,,,,Mine,Mine,Mine,,,,,,,,,,,,,,,,,,,,,,,,,,,,,,,,,,,,,,,,,,,,,,,,,,,,,,,,,,,,,,,F.coal,F.coal,F.coal,,,,,,,,,,,,,,,,,,,,,,,,,,,,,,,,,,,,,,,,,,,,,,,,,,,,,,,,,,,,,,,,,,,,,,,,,,,,,,,,,,,,,,,,,,,,,,,,,,,,,,,,,,,,,,,,,,,,,,,,,,,,,,,,,,,,,,,,,,,,,,,,,,,,,,,,,,,,,,,,,,,,,,,,,,,,
COM01152.00,Iron,Brazil,11963.92,75.0,1.0,82.91,,,,,,,,,,,,,,,,,,,,,,,,,,,,,,,,,,,,,,,,,,,,,,,,,,,,,,,,,,,,,,,,,,,,,,,,,,,,,,,,,,,,,,,,,,,,,,,,,,Iron,Iron,Iron,Iron,Iron,Iron,Iron,Iron,Iron,Iron,Iron,,,,,,,,,,,,,,,,,,,,,,,,,,,,,,,,,,,,,,,,,,,,,,,,,,,,,,,,,,,,,,,,,,,,,,,,,,,,,,,,,,,,,,,,,,,,,,,,,Open pit,Open pit,Open pit,Open pit,Open pit,Open pit,Open pit,Open pit,Open pit,Open pit,Open pit,,,,,,,,,,,Serra Azul,Serra Azul,Serra Azul,Serra Azul,Serra Azul,Serra Azul,Serra Azul,Serra Azul,Serra Azul,Serra Azul,Serra Azul,,,,,,,,,,,Mine,Mine,Mine,Mine,Mine,Mine,Mine,Mine,Mine,Mine,Mine,,,,,,,,,,,,,,,,,,,,,,,,,,,,,,,,,,,,,,,,,,,,,,,,,,,,,,,Con.Fe,Con.Fe,Con.Fe,Con.Fe,Con.Fe,Con.Fe,Con.Fe,Con.Fe,Con.Fe,Con.Fe,Con.Fe,,,,,,,,,,,,2400000.0,3300000.0,3600000.0,1720000.0,1400000.0,1800000.0,2000000.0,1600000.0,1600000.0,1300000.0,900000.0,,,,,,,,,,,,,,,,,,,,,,,,,,,,,,,,,,,,,,,,,,,,,,,,,,,,,,,,,,,,,,,,,,,,,,,,,,,,,,,,,,,,,,,,,,,,,,,,,,,,,,,,,,,,,,,,,,,,,,,,,,,,,,,,,,,,,,,,,,,,,,,,,,,,,,,
COM01158.00,Gold,Indonesia,12285.78,7.0,1.0,1169.12,,,,,,,,,,,,,,,,,,,,,,,,,,,,,,,,,,,,,,,,,,,,,,,,,,,,,,,,,,,,,,,,,,,,,,,,,,,,,,,,,,,,,,,,,,,,,,,,,,,,,,,Gold,Gold,Gold,Gold,Gold,Gold,,,,,,,,,,,,,,,,,,,,,,,,,,,,,,,,,,,,,2.416,2.209,2.177,2.552,1.789,1.654,,,,,,,,,,,,,,,,Me.Au,Me.Au,Me.Au,Me.Au,Me.Au,Me.Au,,,,,,,,,,,,,,,,,,,,,,,Me.Au,,,,,,,,,,,,,,,,Heap leaching plant,Heap leaching plant,Heap leaching plant,Heap leaching plant,Heap leaching plant,Heap leaching plant,,,,,,,,,,,,,,,,Seruyung,Seruyung,Seruyung,Seruyung,Seruyung,Seruyung,,,,,,,,,,,,,,,,Mine,Mine,Mine,Mine,Mine,Mine,,,,,,,,,,,,,,,,,,,,,,,,,,,,,,,,,,,,,,,,,,,,843.0,,,,,,,,,,,,,,,,O.Au,O.Au,O.Au,O.Au,O.Au,O.Au,,,,,,,,,,,,,,,,,,,,,,,,,,,,,,,,,,,,,,,,,,,,,,,,,,,,,,,,,,,,,,,,,,,,,,,,,,,,,,,2.466408501,,,,,,,,,,,,,,,0.63,,,,,,,,,,,,,,,,,,,,,4300000.0,,,,,,,,,,,,,,,,,,,,,,,,,,,,,,,,,,,,,,,,,,,,,,,,,,,,,,,,,,
COM01173.00,Coal,Canada,43833.79,37.0,1.0,43.21,,,,,,3700000.0,3600000.0,3800000.0,3800000.0,3700000.0,3600000.0,3800000.0,3800000.0,3300000.0,3300000.0,3400000.0,3300000.0,3800000.0,3374784.0,2818670.0,3134376.0,3174293.0,,,,,3700000.0,3600000.0,3800000.0,3800000.0,3700000.0,3600000.0,3800000.0,3800000.0,3300000.0,3300000.0,3400000.0,3300000.0,3800000.0,3374784.0,2818670.0,3134376.0,3174293.0,,,,,,,,,,,,,,,,,,,,,,,,,,,,,,,,,,,,,,,,,,,,,,,Sub-bituminous coal,Sub-bituminous coal,Sub-bituminous coal,Sub-bituminous coal,Sub-bituminous coal,Sub-bituminous coal,Sub-bituminous coal,Sub-bituminous coal,Sub-bituminous coal,Sub-bituminous coal,Sub-bituminous coal,Sub-bituminous coal,Sub-bituminous coal,Sub-bituminous coal,Sub-bituminous coal,Sub-bituminous coal,Sub-bituminous coal,,,,,,,,,,,,,,,,,,,,,,,,,,,,,,,,,,,,,,,,,,,,,,,,,,,,,,,,,,,,,,,,,,,,,,,,,,,,,,,,,,,,,,,,,,,Surface,Surface,Surface,Surface,Surface,Surface,Surface,Surface,Surface,Surface,Surface,Surface,Surface,Surface,Surface,Surface,Surface,,,,,Sheerness,Sheerness,Sheerness,Sheerness,Sheerness,Sheerness,Sheerness,Sheerness,Sheerness,Sheerness,Sheerness,Sheerness,Sheerness,Sheerness,Sheerness,Sheerness,Sheerness,,,,,Mine,Mine,Mine,Mine,Mine,Mine,Mine,Mine,Mine,Mine,Mine,Mine,Mine,Mine,Mine,Mine,Mine,,,,,,,,,,,,,,,,,,,,,,,,,,,,847.0,847.0,847.0,847.0,847.0,847.0,847.0,847.0,847.0,847.0,847.0,847.0,847.0,847.0,847.0,847.0,847.0,,,,,F.sbc,F.sbc,F.sbc,F.sbc,F.sbc,F.sbc,F.sbc,F.sbc,F.sbc,F.sbc,F.sbc,F.sbc,F.sbc,F.sbc,F.sbc,F.sbc,F.sbc,,,,,,,,,,,,,,,,,,,,,,,,,,,,,,,,,,,,,,,,,,,,,,,,,,,,,,,,,,,,,,,,,,,,,,,,,,,,,,,,,,,,,,,,,,,,,,,,,,,74172246.0,70472246.0,66872246.0,63072246.0,59272246.0,55572246.0,51972246.0,48172246.0,44372246.0,41072246.0,37772246.0,34372246.0,31072246.0,27272246.0,23897462.0,21078792.0,17944416.0,,,,,,,,,,,,,,,,,,,,,,,,,,,,,,,,,,,,,,,,,,,,,,,,,,,,,,,,,,,,
COM01181.00,Coal,United States of America,55819.0,55.0,1.0,33.2,,,,,3447360.0,3719520.0,3084480.0,3447360.0,3356640.0,3175200.0,907200.0,0.0,997920.0,362880.0,3538080.0,4626720.0,4808160.0,,,,,,,,,3447360.0,3719520.0,3084480.0,3447360.0,3356640.0,3175200.0,907200.0,0.0,997920.0,362880.0,3538080.0,4626720.0,4808160.0,,,,,,,,,,,,,,,,,,,,,,,,,,,,,,,,,,,,,,,,,,,,,,,,,,,Coal,Coal,Coal,Coal,Coal,Coal,Coal,Coal,Coal,Coal,Coal,Coal,Coal,,,,,,,,,,,,,,,,,,,,,,,,,,,,,,,,,,,,,,,,,,,,,,,,,,,,,,,,,,,,,,,,,,,,,,,,,,,,,,,,,,,,,,,,,,,,,,,Underground,Underground,Underground,Underground,Underground,Underground,Underground,Underground,Underground,Underground,Underground,Underground,Underground,,,,,,,,,Shoemaker,Shoemaker,Shoemaker,Shoemaker,Shoemaker,Shoemaker,Shoemaker,Shoemaker,Shoemaker,Shoemaker,Shoemaker,Shoemaker,Shoemaker,,,,,,,,,Mine,Mine,Mine,Mine,Mine,Mine,Mine,Mine,Mine,Mine,Mine,Mine,Mine,,,,,,,,,,,,,,,,,,,,,,,,,,,,,,,,,,,,,,,,,,,,,,,,,,,,,F.coal,F.coal,F.coal,F.coal,F.coal,F.coal,F.coal,F.coal,F.coal,F.coal,F.coal,F.coal,F.coal,,,,,,,,,,,,,,,,,,,,,,,,,,,,,,,,,,,,,,,,,,,,,,,,,,,,,,,,,,,,,,,,,,,,,,,,,,,,,,,,,,,,,,,,,,,,,,,,,,,,,,,,,,,,,,,,,,,,,,,,,,,,,,,,,,,,,,,,,,,,,,,,,,,,,,,,,,,,,,,,,,,,,,,,,,,,,,,,,,,,
COM01183.00,Gold,China,19604.88,18.0,1.0,456.56,,,,,,,,,,,,,,,,,,,,,,,,,,,,,,,,,,,,,,,,,,,,,,,,,,,,,,,,,,,,,,,,,,,,,,,,,,,,,,,,,,,,,,,,,,,,"Gold, Copper","Gold, Copper","Gold, Copper","Gold, Copper","Gold, Copper","Gold, Copper","Gold, Copper","Gold, Copper","Gold, Copper","Gold, Copper","Gold, Copper","Gold, Copper","Gold, Copper","Gold, Copper","Gold, Copper","Gold, Copper",,,,,,,,,,,,,,,,,,,,,,,,,,,0.18,0.618,1.024,1.1,1.422,1.786,2.3,2.413,2.335,2.557,1.793,2.081,2.581,2.511,2.571,3.111,,,,,,Me.Au,Me.Au,Me.Au,Me.Au,Me.Au,Me.Au,Me.Au,Me.Au,Me.Au,Me.Au,Me.Au,Me.Au,Me.Au,Me.Au,Me.Au,Me.Au,,,,,,,,,,,,,,,,,,,,,,,Me.Au,,,,,,"Open Pit, Underground","Open Pit, Underground","Open Pit, Underground","Open Pit, Underground","Open Pit, Underground","Open Pit, Underground","Open Pit, Underground","Open Pit, Underground","Open Pit, Underground","Open Pit, Underground","Open Pit, Underground","Open Pit, Underground","Open Pit, Underground","Open Pit, Underground","Open Pit, Underground","Open Pit, Underground",,,,,,Shuguang,Shuguang,Shuguang,Shuguang,Shuguang,Shuguang,Shuguang,Shuguang,Shuguang,Shuguang,Shuguang,Shuguang,Shuguang,Shuguang,Shuguang,Shuguang,,,,,,Mine,Mine,Mine,Mine,Mine,Mine,Mine,Mine,Mine,Mine,Mine,Mine,Mine,Mine,Mine,Mine,,,,,,,,,,,,,,,,,,,,,,,,,,,,,,,,,,,,,,,,,,,,855.0,,,,,,O.bulk,O.bulk,O.bulk,O.bulk,O.bulk,O.bulk,O.bulk,O.bulk,O.bulk,O.bulk,O.bulk,O.bulk,O.bulk,O.bulk,O.bulk,O.bulk,,,,,,,,,,,,,,,,,,,,,,,,,,,,,,,,,,,,,,,,,,,,,,,,,,,,,,,,,,,,,,,,,,,,,,,,,,,,,,,12.864,,,,,,,,,,,,,,,0.5,,,,,,,,,,,,,,,,,,,,,,,,,,,,,,,,,,,,,,,,,,,,,,,,,,,,,,,,,,,,,,,,,,,,,,,,,,,,,,,,
COM01187.00,Coal,Russian Federation,11616.07,51.0,1.0,43.21,,,,,,1818000.0,1949000.0,2868000.0,3000000.0,2822000.0,1759000.0,2181000.0,2522000.0,1800000.0,3200000.0,3000000.0,2700000.0,3300000.0,2200000.0,1600000.0,400000.0,600000.0,800000.0,2100000.0,2400000.0,,1818000.0,1949000.0,2868000.0,3000000.0,2822000.0,1759000.0,2181000.0,2522000.0,1800000.0,3200000.0,3000000.0,2700000.0,3300000.0,2200000.0,1600000.0,400000.0,600000.0,800000.0,2100000.0,2400000.0,,,,,,,,,,,,,,,,,,,,,,,,,,,,,,,,,,,,,,,,,,,,"Coking coal, Thermal coal","Coking coal, Thermal coal","Coking coal, Thermal coal","Coking coal, Thermal coal","Coking coal, Thermal coal","Coking coal, Thermal coal","Coking coal, Thermal coal","Coking coal, Thermal coal","Coking coal, Thermal coal","Coking coal, Thermal coal","Coking coal, Thermal coal","Coking coal, Thermal coal","Coking coal, Thermal coal","Coking coal, Thermal coal","Coking coal, Thermal coal","Coking coal, Thermal coal","Coking coal, Thermal coal","Coking coal, Thermal coal","Coking coal, Thermal coal","Coking coal, Thermal coal",,,,,,,,,,,,,,,,,,,,,,,,,,,,,,,,,,,,,,,,,,,,,,,,,,,,,,,,,,,,,,,,,,,,,,,,,,,,,,,,,,,,,,,,"Open pit, Underground","Open pit, Underground","Open pit, Underground","Open pit, Underground","Open pit, Underground","Open pit, Underground","Open pit, Underground","Open pit, Underground","Open pit, Underground","Open pit, Underground","Open pit, Underground","Open pit, Underground","Open pit, Underground","Open pit, Underground","Open pit, Underground","Open pit, Underground","Open pit, Underground","Open pit, Underground","Open pit, Underground","Open pit, Underground",,Sibirginsky,Sibirginsky,Sibirginsky,Sibirginsky,Sibirginsky,Sibirginsky,Sibirginsky,Sibirginsky,Sibirginsky,Sibirginsky,Sibirginsky,Sibirginsky,Sibirginsky,Sibirginsky,Sibirginsky,Sibirginsky,Sibirginsky,Sibirginsky,Sibirginsky,Sibirginsky,,Mine,Mine,Mine,Mine,Mine,Mine,Mine,Mine,Mine,Mine,Mine,Mine,Mine,Mine,Mine,Mine,Mine,Mine,Mine,Mine,,,,,,,,,,,,,,,,,,,,,,,,,,,,,,,,,,,,,,,,,,,,859.0,,F.coc,F.coc,F.coc,F.coc,F.coc,F.coc,F.coc,F.coc,F.coc,F.coc,F.coc,F.coc,F.coc,F.coc,F.coc,F.coc,F.coc,F.coc,F.coc,F.coal,,,,,,,,,,,,,,,,,,,,,,,,,,,,,,,,,,,,,,,,,,,,,,,,,,,,,,,,,,,,,,,,,,,,,,,,,,,,,,,,,,,,,,,,,,,,,,,,,,,,,,,,,,,,,,,,,,,203286000.0,,,,,,,,,,,,,,,,,,,,,,,,,,,,,,,,,,,,,,,,,,,,,,,,,,,,,,,,,
COM01188.00,Copper,Chile,14122.0,6.0,1.0,5176.96,,,,,,,,,,,,,,,,,,,,,,,,,,,,,,,,,,,,,,,,,,,,,,,,,,,,,,,,,,,,,,,,,,,,,,,,,,,,,,,,,,,,,,,,,,,,,,,,,,,,,,,,,"Copper, Molybdenum, Gold","Copper, Molybdenum, Gold","Copper, Molybdenum, Gold",,,,,,,,,,,,,,,,,,,,,,,,,,,,,,,,,,,,,,,,93700.0,97100.0,96900.0,,,,,,,,,,,,,,,,,,,Me.Cu,Me.Cu,Me.Cu,,,,,,,,,,,,,,,,,,,,,,,,,,,,,,,,,,,,,,,,,,Open pit,Open pit,Open pit,,,,,,,,,,,,,,,,,,,Sierra Gorda,Sierra Gorda,Sierra Gorda,,,,,,,,,,,,,,,,,,,Mine,Mine,Mine,,,,,,,,,,,,,,,,,,,,,,,,,,,,,,,,,,,,,,,,,,,,,,,,,,,,,,,,,,,,,,,Con.bulk,Con.bulk,Con.bulk,,,,,,,,,,,,,,,,,,,,,,,,,,,,,,,,,,,,,,,,,,,,,,,,,,,,,,,,,,,,,,,,,,,,,,,,,,,,,,,,,,,,,,,,,,,,,,,,,,,,,,,,,,,,,,,,,,,,,,,,,,,,,,,,,,,,,,,,,,,,,,,,,,,,,,,,,,,,,,,,,,,,,,,,,,,,,,
COM01190.00,Copper,United States of America,55819.0,62.0,1.0,2279.37,,,,,,,,,,,,,,,,,,,,,,,,,,,,,,,,,,,,,,,,,,,,,,,2000.0,2200.0,2100.0,2600.0,,,,,,,,,,,,,,,,,,10140.0,10143.0,10146.0,10149.0,,,,,,,,,,,,,,,,,,"Copper, Molybdenum","Copper, Molybdenum","Copper, Molybdenum","Copper, Molybdenum","Copper, Molybdenum","Copper, Molybdenum","Copper, Molybdenum","Copper, Molybdenum","Copper, Molybdenum","Copper, Molybdenum","Copper, Molybdenum","Copper, Molybdenum","Copper, Molybdenum","Copper, Molybdenum","Copper, Molybdenum","Copper, Molybdenum","Copper, Molybdenum","Copper, Molybdenum","Copper, Molybdenum","Copper, Molybdenum",,0.0,0.0,0.0,0.0,,,,,,,,,,,,,,,,,,26500.0,26300.0,16200.0,9300.0,70306.817,71667.594,73481.964,68038.856,85275.366,77110.703,66678.078,80285.849,71214.002,77564.295,88450.512,85728.958,73481.964,72574.779,68946.04,72574.779,,Me.Cu,Me.Cu,Me.Cu,Me.Cu,Me.Cu,Me.Cu,Me.Cu,Me.Cu,Me.Cu,Me.Cu,Me.Cu,Me.Cu,Me.Cu,Me.Cu,Me.Cu,Me.Cu,Me.Cu,Me.Cu,Me.Cu,Me.Cu,,,,,,,,,,,,,,,,,,,,,,,Me.Ag,,"Open pit, SX-EW","Open pit, SX-EW","Open pit, SX-EW","Open pit, SX-EW","Open pit, SX-EW","Open pit, SX-EW","Open pit, SX-EW","Open pit, SX-EW","Open pit, SX-EW","Open pit, SX-EW","Open pit, SX-EW","Open pit, SX-EW","Open pit, SX-EW","Open pit, SX-EW","Open pit, SX-EW","Open pit, SX-EW","Open pit, SX-EW","Open pit, SX-EW","Open pit, SX-EW","Open pit, SX-EW",,Sierrita,Sierrita,Sierrita,Sierrita,Sierrita,Sierrita,Sierrita,Sierrita,Sierrita,Sierrita,Sierrita,Sierrita,Sierrita,Sierrita,Sierrita,Sierrita,Sierrita,Sierrita,Sierrita,Sierrita,,Mine,Mine,Mine,Mine,Mine,Mine,Mine,Mine,Mine,Mine,Mine,Mine,Mine,Mine,Mine,Mine,Mine,Mine,Mine,Mine,,,,,,,,,,,,,,,,,,,,,,,,,,,,,,,,,,,,,,,,,,,,861.0,,O.Cu,O.Cu,O.Cu,O.Cu,,,,,,,,,,,,,,,,O.bulk,,,,,,,,,,,,,,,,,,,,,,,,75319000.0,60869000.0,23066000.0,35525000.0,,,,,,,,,,,,,,,,,,56705000.0,52480000.0,21609000.0,27029000.0,,,,,,,,,,,,,,,,,,,,,,,,,,,,,,,,,,,,,,,,,,,,,,,,,,,,,,,,,,,,,,,,,,,2960000000.0,,,,,,,,,,,,,,,,,,,,,,,,,,,,,,,,,,,,,,,,,,,,,,,,,,,,,,,,,,
COM01195.00,Gold,Papua New Guinea,10042.56,13.0,1.0,847.72,,,,,,,,,,,,,,,,,,,,,,,,,,,,,,,,,,,,,,,,,,,,,,,,,,,,,,,2.95,1.64,1.18,,,,1.0,1.1,1.26,1.19,1.35,1.64,1.17,,,,,,,,,10186.0,10188.0,10190.0,,,,10192.0,10194.0,10196.0,10198.0,10200.0,10202.0,10204.0,,,,,,,,,Gold,Gold,Gold,,,,Gold,Gold,Gold,Gold,Gold,Gold,Gold,,,,,,,,,0.843,0.832,0.879,,,,0.8,0.84,0.82,0.82,0.85,0.87,0.83,,,,,,,,,1.028,2.258,2.001,,,,1.376,2.475,3.43,3.609,4.188,4.422,3.237,,,,,,,,,Me.Au,Me.Au,Me.Au,,,,Me.Au,Me.Au,Me.Au,Me.Au,Me.Au,Me.Au,Me.Au,,,,,,,,,,,Me.Au,Me.Au,Me.Au,,,,Me.Au,Me.Au,Me.Au,Me.Au,Me.Au,Me.Au,Me.Au,,,,,,,,,Open pit,Open pit,Open pit,,,,Open pit,Open pit,Open pit,Open pit,Open pit,Open pit,Open pit,,,,,,,,,Simberi,Simberi,Simberi,,,,Simberi,Simberi,Simberi,Simberi,Simberi,Simberi,Simberi,,,,,,,,,Mine,Mine,Mine,,,,Mine,Mine,Mine,Mine,Mine,Mine,Mine,,,,,,,1014.0,1015.0,1016.0,,,,,,,,,,,,,,,,,,,,,,,869.0,869.0,869.0,,,,869.0,869.0,869.0,869.0,869.0,869.0,869.0,,,,,,,,,O.Au,O.Au,O.Au,,,,O.Au,O.Au,O.Au,O.Au,O.Au,O.Au,O.Au,,,,,,,,,,,,,,,,,,,,,,,,,,,,,,,411297.0,1708765.0,1981500.0,,,,1886000.0,2070000.0,3372000.0,4020000.0,4199000.0,3396000.0,2963000.0,,,,,,,,,416627.0,1654189.0,1949650.0,,,,1714000.0,2660000.0,3315000.0,3690000.0,3586000.0,3072000.0,3314000.0,,,,,,,,,,,,,,,58.68351261,,,,,,,,,,,,,,,2.0610588348951793,,,,,,,,,54097562.0,53686265.0,51977500.0,,,,49996000.0,48110000.0,46040000.0,42668000.0,38648000.0,34449000.0,31053000.0,,,,,,,,1908511.0,2615796.0,,,,,,,,,,,,,,,,,Waste rock,Waste rock,Waste rock,,,,,,,,,,,,,,,,,81390.0,199746.0,634296.0,,,,,,,,,,
COM01198.00,Iron,Australia,56861.95,8.0,1.0,89.56,,,,,,,,,,,,,,,,,,,,,,,,,,,,,,,,,,,,,,,,,,,,,,,,,,,,,,,,,,,,,,,,,,,,,,,,,,,,,,,,,,,,,,,,,,,,,,,,,,,,,,,Iron ore,Iron ore,Iron ore,Iron ore,Iron ore,Iron ore,,,,,,,,,,,,,,,,,,,,,,,,,,,,,,,,,,,,,,,,,,,,,,,,,,,,,,,,,,,,,,,,,,,,,,,,,,,,,,,,,,,,,,,,,,,,,,,,,,,,,,Open pit,Open pit,Open pit,Open pit,Open pit,Open pit,,,,,,,,,,,,,,,,Sino Iron,Sino Iron,Sino Iron,Sino Iron,Sino Iron,Sino Iron,,,,,,,,,,,,,,,,Mine,Mine,Mine,Mine,Mine,Mine,,,,,,,,,,,,,,,,,,,,,,,,,,,,,,,,,,,,,,,,,,,,,,,,,,,,,,,,,,,,Con.Fe,Con.Fe,Con.Fe,Con.Fe,Con.Fe,Con.Fe,,,,,,,,,,,,,,,,,2600000.0,6000000.0,11142857.0,17000000.0,19000000.0,20000000.0,,,,,,,,,,,,,,,,,,,,,,,,,,,,,,,,,,,,,,,,,,,,,,,,,,,,,,,,,,,,,,,,,,,,,,,,,,,,,,,,,,,,,,,,,,,,,,,,,,,,,,,,,,,,,,,,,,,,,,,,,,,,,,,,,,,,,,,,,,,,,,,,,,,,,,,
COM01200.00,Gold,Cote d'Ivoire,6677.28,3.0,1.0,1246.05,,,,,,,,,,,,,,,,,,,,,,,,,,,,,,,,,,,,,,,,,,,,,,,,,,,,,,,,,,,,,,,,,1.7,1.71,1.79,,,,,,,,,,,,,,,,,,,10236.0,10238.0,10240.0,,,,,,,,,,,,,,,,,,,Gold,Gold,Gold,,,,,,,,,,,,,,,,,,,0.961,0.95,0.949,,,,,,,,,,,,,,,,,,,1.102,2.483,2.675,,,,,,,,,,,,,,,,,,,Me.Au,Me.Au,Me.Au,,,,,,,,,,,,,,,,,,,,,Me.Au,Me.Au,Me.Au,,,,,,,,,,,,,,,,,,,"Open pit, Carbon in Leach plant","Open pit, Carbon in Leach plant","Open pit, Carbon in Leach plant",,,,,,,,,,,,,,,,,,,Sissingue,Sissingue,Sissingue,,,,,,,,,,,,,,,,,,,Mine,Mine,Mine,,,,,,,,,,,,,,,,,1019.0,1020.0,1021.0,,,,,,,,,,,,,,,,,,,,,,,871.0,871.0,871.0,,,,,,,,,,,,,,,,,,,O.Au,O.Au,O.Au,,,,,,,,,,,,,,,,,,,,,,,,,,,,,,,,,,,,,,,,,1019280.0,1650753.0,1987558.0,,,,,,,,,,,,,,,,,,,678027.0,1530086.0,1579491.0,,,,,,,,,,,,,,,6.917283612,,,,,,,,,,,,,,,2.1,,,,,,,,,,,,,,,,,,,6270033.0,5250753.0,3600000.0,,,,,,,,,,,,,,,,,3540743.0,6585782.0,6504008.0,,,,,,,,,,,,,,,,,,,,,,,,,,,,,,,,,,,,,,
COM01201.00,Zinc,Namibia,1276.0,18.0,1.0,1039.56,,,150000.0,,,,,,,,,,,,,,,,,,,,,,,,,,,,,,,,,,,,,,,,,,,,,,,120000.0,123000.0,124000.0,117000.0,117000.0,117000.0,115000.0,111000.0,114000.0,104000.0,103000.0,102000.0,90000.0,75300.0,84000.0,82000.0,76000.0,,,,,10242.0,10244.0,10246.0,10248.0,10250.0,10252.0,10254.0,10256.0,10258.0,10260.0,10262.0,10264.0,10266.0,10268.0,10270.0,10272.0,10274.0,,,,,"Zinc, Zinc ingots","Zinc, Zinc ingots","Zinc, Zinc ingots","Zinc, Zinc ingots","Zinc, Zinc ingots","Zinc, Zinc ingots","Zinc, Zinc ingots","Zinc, Zinc ingots","Zinc, Zinc ingots","Zinc, Zinc ingots","Zinc, Zinc ingots","Zinc, Zinc ingots","Zinc, Zinc ingots","Zinc, Zinc ingots","Zinc, Zinc ingots","Zinc, Zinc ingots","Zinc, Zinc ingots",,,,,0.0,0.0,0.0,0.0,0.0,0.0,0.0,0.903,0.905,0.914,0.904,0.901,0.882,0.855,0.839,0.812,0.774,,,,,47400.0,119200.0,132800.0,129900.0,150100.0,145400.0,150400.0,155661.849,35686.503,159313.856,154964.626,115069.759,106708.311,80167.715,85006.46,35760.003,59367.71,,,,,Me.Zn,Me.Zn,Me.Zn,Me.Zn,Me.Zn,Me.Zn,Me.Zn,Me.Zn,Me.Zn,Me.Zn,Me.Zn,Me.Zn,Me.Zn,Me.Zn,Me.Zn,Me.Zn,Me.Zn,,,Me.Zn,,,,Me.Zn,Me.Zn,Me.Zn,Me.Zn,Me.Zn,Me.Zn,Me.Zn,Me.Zn,Me.Zn,Me.Zn,Me.Zn,Me.Zn,Me.Zn,Me.Zn,Me.Zn,Me.Zn,Me.Zn,,,,,Open pit,Open pit,Open pit,Open pit,Open pit,Open pit,Open pit,Open pit,Open pit,Open pit,Open pit,Open pit,Open pit,Open pit,Open pit,Open pit,Open pit,,,,,Skorpion,Skorpion,Skorpion,Skorpion,Skorpion,Skorpion,Skorpion,Skorpion,Skorpion,Skorpion,Skorpion,Skorpion,Skorpion,Skorpion,Skorpion,Skorpion,Skorpion,,,,,"Mine, Refinery","Mine, Refinery","Mine, Refinery","Mine, Refinery","Mine, Refinery","Mine, Refinery","Mine, Refinery","Mine, Refinery","Mine, Refinery","Mine, Refinery","Mine, Refinery","Mine, Refinery","Mine, Refinery","Mine, Refinery","Mine, Refinery","Mine, Refinery","Mine, Refinery",,,,,,,,,,,,,,,,,,,,,,,138.0,,,,,872.0,872.0,872.0,872.0,872.0,872.0,872.0,872.0,872.0,872.0,872.0,872.0,872.0,872.0,872.0,872.0,873.0,,,,,O.Zn,O.Zn,O.Zn,O.Zn,O.Zn,O.Zn,O.Zn,O.Zn,O.Zn,O.Zn,O.Zn,O.Zn,O.Zn,O.Zn,O.Zn,O.Zn,O.Zn,,,,,,,,,,,,,,,,,,,,,,,,,,,673000.0,1304000.0,1199000.0,1456500.0,1402300.0,1390400.0,1495900.0,1553000.0,345900.0,1676000.0,1664282.0,1252092.0,1344272.0,1245198.0,1206176.0,537066.0,1009243.0,,,,,619000.0,1187000.0,1280000.0,1311800.0,1379600.0,1333300.0,1426800.0,1553000.0,345900.0,1676000.0,1664282.0,1252092.0,1344272.0,1245198.0,1206176.0,537066.0,1009243.0,,,,,,,,,,,,,,,,,,,,,,,,,,,,,,,,,,,15425200.0,14752200.0,13448200.0,12249200.0,10792700.0,9390400.0,8000000.0,6447000.0,6101100.0,4425100.0,2760818.0,1508726.0,164454.0,-1080744.0,-2286920.0,-2823986.0,2100000.0,,,,,,,,,,,,,,,,,,,,,,,,,,,,,,,,,,,,,,,,,,,,,,,,,,,,,,,,,,
COM01209.00,Copper,Brazil,11963.92,17.0,1.0,3370.44,,,,,,,,,,,,,,,,,,,,,,,,,,,,,,,,,,,,,,,,,,,,,,,,,,,,,,,,,,,,,0.160614,0.193535,0.164257,0.163306,0.117154,0.113971,,,,,,,,,,,,,,,,10318.0,10320.0,10322.0,10324.0,10326.0,10328.0,,,,,,"Copper, Gold","Copper, Gold","Copper, Gold","Copper, Gold","Copper, Gold","Copper, Gold","Copper, Gold","Copper, Gold","Copper, Gold","Copper, Gold","Copper, Gold","Copper, Gold","Copper, Gold","Copper, Gold","Copper, Gold","Copper, Gold",,,,,,,,,,,,,,,,0.0,0.0,0.0,0.0,0.0,0.0,,,,,,73000.0,107000.0,117000.0,118000.0,126000.0,117000.0,117000.0,2.799,2.333,2.426,2.426,2.488,2.084,2.022,1.835,1.337,,,,,,Me.Cu,Me.Cu,Me.Cu,Me.Cu,Me.Cu,Me.Cu,Me.Cu,Me.Au,Me.Au,Me.Au,Me.Au,Me.Au,Me.Au,Me.Au,Me.Au,Me.Au,,,,,,,,,,,,,,,,,,,,,,,Me.Au,,,,,,Open pit,Open pit,Open pit,Open pit,Open pit,Open pit,Open pit,Open pit,Open pit,Open pit,Open pit,Open pit,Open pit,Open pit,Open pit,Open pit,,,,,,Sossego,Sossego,Sossego,Sossego,Sossego,Sossego,Sossego,Sossego,Sossego,Sossego,Sossego,Sossego,Sossego,Sossego,Sossego,Sossego,,,,,,Mine,Mine,Mine,Mine,Mine,Mine,Mine,Mine,Mine,Mine,Mine,Mine,Mine,Mine,Mine,Mine,,,,,,,,,,,,,,,,,,,,,,,,,,,,,,,,,,,,,,,,,,,,877.0,,,,,,O.Cu,O.Cu,O.Cu,O.Cu,O.Cu,O.Cu,O.Cu,O.Cu,O.Cu,O.Cu,O.Cu,O.Cu,O.Cu,O.Cu,O.Cu,O.Cu,,,,,,,,,,,,,,,,,,,,,,,,,,,,,,,,,,,,,,15105000.0,12857000.0,12687000.0,12380000.0,15664000.0,11735000.0,,,,,,,,,,,,,,,,15105000.0,12857000.0,12687000.0,12380000.0,15664000.0,11735000.0,,,,,,,,,,,,,,,,,,,,,,,,,,,,,,,,,,,,,,,,,,,,,,,,,,,109300000.0,,,,,,,,,,,,,,,,,,,,,,,,,,,,,,,,,,,,,,,,,,,,,,,,,,,,,,,,,,
COM01211.00,Coal,United States of America,55819.0,36.0,1.0,33.2,,,,,6985440.0,2903040.0,3628800.0,3719520.0,3991680.0,4082400.0,3538080.0,3810240.0,3719520.0,2993760.0,3991680.0,3810240.0,3447360.0,3900960.0,4082400.0,3356640.0,3810240.0,3265920.0,3447360.0,2358720.0,,6985440.0,2903040.0,3628800.0,3719520.0,3991680.0,4082400.0,3538080.0,3810240.0,3719520.0,2993760.0,3991680.0,3810240.0,3447360.0,3900960.0,4082400.0,3356640.0,3810240.0,3265920.0,3447360.0,2358720.0,,,,,,,,,,,,,,,,,,,,,,,,,,,,,,,,,,,,,,,,,,,,Lignite,Lignite,Lignite,Lignite,Lignite,Lignite,Lignite,Lignite,Lignite,Lignite,Lignite,Lignite,Lignite,Lignite,Lignite,Lignite,Lignite,Lignite,Lignite,Lignite,,,,,,,,,,,,,,,,,,,,,,,,,,,,,,,,,,,,,,,,,,,,,,,,,,,,,,,,,,,,,,,,,,,,,,,,,,,,,,,,,,,,,,,,Surface,Surface,Surface,Surface,Surface,Surface,Surface,Surface,Surface,Surface,Surface,Surface,Surface,Surface,Surface,Surface,Surface,Surface,Surface,Surface,,South Hallsville No. 1,South Hallsville No. 1,South Hallsville No. 1,South Hallsville No. 1,South Hallsville No. 1,South Hallsville No. 1,South Hallsville No. 1,South Hallsville No. 1,South Hallsville No. 1,South Hallsville No. 1,South Hallsville No. 1,South Hallsville No. 1,South Hallsville No. 1,South Hallsville No. 1,South Hallsville No. 1,South Hallsville No. 1,South Hallsville No. 1,South Hallsville No. 1,South Hallsville No. 1,South Hallsville No. 1,,Mine,Mine,Mine,Mine,Mine,Mine,Mine,Mine,Mine,Mine,Mine,Mine,Mine,Mine,Mine,Mine,Mine,Mine,Mine,Mine,,,,,,,,,,,,,,,,,,,,,,,,,,,,,,,,,,,,,,,,,,,,879.0,,F.lig,F.lig,F.lig,F.lig,F.lig,F.lig,F.lig,F.lig,F.lig,F.lig,F.lig,F.lig,F.lig,F.lig,F.lig,F.lig,F.lig,F.lig,F.lig,F.coal,,,,,,,,,,,,,,,,,,,,,,,,,,,,,,,,,,,,,,,,,,,,,,,,,,,,,,,,,,,,,,,,,,,,,,,,,,,,,,,,,,,,,,,,,,,,,,,,,,,,,,,,,,,,,,,,,,,93078720.0,,,,,,,,,,,,,,,,,,,,,,,,,,,,,,,,,,,,,,,,,,,,,,,,,,,,,,,,,,
COM01214.00,Coal,Australia,56861.95,25.0,1.0,33.2,,,,,2533000.0,3146000.0,3341000.0,3927000.0,3658000.0,3273000.0,3049000.0,3422000.0,2862000.0,2978000.0,3609000.0,3134000.0,4081000.0,4351000.0,5246000.0,5293000.0,5436000.0,5123000.0,6029000.0,6194000.0,,2533000.0,3146000.0,3341000.0,3927000.0,3658000.0,3273000.0,3049000.0,3422000.0,2862000.0,2978000.0,3609000.0,3134000.0,4081000.0,4351000.0,5246000.0,5293000.0,5436000.0,5123000.0,6029000.0,6194000.0,,,,,,,,,,,,,,,,,,,,,,,,,,,,,,,,,,,,,,,,,,,,Metallurgical bituminous coal,Metallurgical bituminous coal,Metallurgical bituminous coal,Metallurgical bituminous coal,Metallurgical bituminous coal,Metallurgical bituminous coal,Metallurgical bituminous coal,Metallurgical bituminous coal,Metallurgical bituminous coal,Metallurgical bituminous coal,Metallurgical bituminous coal,Metallurgical bituminous coal,Metallurgical bituminous coal,Metallurgical bituminous coal,Metallurgical bituminous coal,Metallurgical bituminous coal,Metallurgical bituminous coal,Metallurgical bituminous coal,Metallurgical bituminous coal,Metallurgical bituminous coal,,,,,,,,,,,,,,,,,,,,,,,,,,,,,,,,,,,,,,,,,,,,,,,,,,,,,,,,,,,,,,,,,,,,,,,,,,,,,,,,,,,,,,,,Open pit,Open pit,Open pit,Open pit,Open pit,Open pit,Open pit,Open pit,Open pit,Open pit,Open pit,Open pit,Open pit,Open pit,Open pit,Open pit,Open pit,Open pit,Open pit,Open pit,,South Walker Creek,South Walker Creek,South Walker Creek,South Walker Creek,South Walker Creek,South Walker Creek,South Walker Creek,South Walker Creek,South Walker Creek,South Walker Creek,South Walker Creek,South Walker Creek,South Walker Creek,South Walker Creek,South Walker Creek,South Walker Creek,South Walker Creek,South Walker Creek,South Walker Creek,South Walker Creek,,Mine,Mine,Mine,Mine,Mine,Mine,Mine,Mine,Mine,Mine,Mine,Mine,Mine,Mine,Mine,Mine,Mine,Mine,Mine,Mine,,,,,,,,,,,,,,,,,,,,,,,,,,,,,,,,,,,,,,,,,,,,880.0,,F.coc,F.coc,F.coc,F.coc,F.coc,F.coc,F.coc,F.coc,F.coc,F.coc,F.coc,F.coc,F.coc,F.coc,F.coc,F.coc,F.coc,F.coc,F.coc,F.coal,,,,,,,,,,,,,,,,,,,,,,,,,,,,,,,,,,,,,,,,,,,,,,,,,,,,,,,,,,,,,,,,,,,,,,,,,,,,,,,,,,,,,,,,,,,,,,,,,,,,,,,,,,,,,,,,,,,137000000.0,,,,,,,,,,,,,,,,,,,,,,,,,,,,,,,,,,,,,,,,,,,,,,,,,,,,,,,,,,
COM01226.00,Coal,Russian Federation,11616.07,28.0,1.0,107.05,,,,,,,,,,,,,,,,3405000.0,3718000.0,3854000.0,4020000.0,4038000.0,,,,,,,,,,,,,,,,,3405000.0,3718000.0,3854000.0,4020000.0,4038000.0,,,,,,,,,,,,,,,,,,,,,,,,,,,,,,,,,,,,,,,,,,,,,,,,,,,,,,,,,,,Coal,Coal,Coal,Coal,Coal,,,,,,,,,,,,,,,,,,,,,,,,,,,,,,,,,,,,,,,,,,,,,,,,,,,,,,,,,,,,,,,,,,,,,,,,,,,,,,,,,,,,,,,,,,,,,,,,,,,,,,,,,,,,,,,,,,,,,,,,,,,,Stepnoy,Stepnoy,Stepnoy,Stepnoy,Stepnoy,,,,,,,,,,,,,,,,,Mine,Mine,Mine,Mine,Mine,,,,,,,,,,,,,,,,,,,,,,,,,,,,,,,,,,,,,,,,,,,,,,,,,,,,,,,,,,,,,F.stc,F.stc,F.stc,F.stc,F.stc,,,,,,,,,,,,,,,,,,,,,,,,,,,,,,,,,,,,,,,,,,,,,,,,,,,,,,,,,,,,,,,,,,,,,,,,,,,,,,,,,,,,,,,,,,,,,,,,,,,,,,,,,,,,,,,,,,,,,,,,,,,,,,,,,,,,,,,,,,,,,,,,,,,,,,,,,,,,,,,,,,,,,,,,,,,,,,,,,
COM01253.00,Gold,Kyrgyzstan,4278.24,15.0,1.0,1292.59,,,,,,,,,,,,,,,,,,,,,,,,,,,,,,,,,,,,,,,,,,,,,,,,,,,,,,,,,,,,,,,,,,,,,,,,,,,,,,,,,,,,,,,,,,,,,,,,,,,,,,,,,,Gold,Gold,,,,,,,,,,,,,,,,,,,,,,,,,,,,,,,,,,,,,,,,,1.424,3.237,,,,,,,,,,,,,,,,,,,,Me.Au,Me.Au,,,,,,,,,,,,,,,,,,,,,,,,,,,,,,,,,,,,,,,,,,,Underground,Underground,,,,,,,,,,,,,,,,,,,,Taldybulak Levoberezhny,Taldybulak Levoberezhny,,,,,,,,,,,,,,,,,,,,Mine,Mine,,,,,,,,,,,,,,,,,,,,,,,,,,,,,,,,,,,,,,,,,,,,,,,,,,,,,,,,,,,,,,,,O.Au,O.Au,,,,,,,,,,,,,,,,,,,,,,,,,,,,,,,,,,,,,,,,,,,,,,,,,,,,,,,,,,,,,,,,,,,,,,,,,,,,,,,,,,,,,,,,,,,,,,,,,,,,,,,,,,,,,,,,,,,,,,,,,,,,,,,,,,,,,,,,,,,,,,,,,,,,,,,,,,,,,,,,,,,,,,,,,,,,,,
COM01254.00,Iron,Australia,56861.95,12.0,0.0,44.57,,,,,,,,,,,,,,,,,,,,,,,,,,,,,,,,,,,,,,,,,,,,,,,,,,,,,,,,,,,,,,,,,,,,,,,,,,,,,,,,,,,,,,,,,,,,,Iron ore,Iron ore,Iron ore,Iron ore,Iron ore,Iron ore,Iron ore,Iron ore,Iron ore,Iron ore,Iron ore,,,,,,,,,,,,,,,,,,,,,,,,,,,,,,,,,,,,,,,,,,,,,,,,,,,,,,,,,,,,,,,,,,,,,,,,,,,,,,,,,,,,,,,,,,,,,,,,,,,,,,,,,,,,,,,,,,,,,,Tallering Peak,Tallering Peak,Tallering Peak,Tallering Peak,Tallering Peak,Tallering Peak,Tallering Peak,Tallering Peak,Tallering Peak,Tallering Peak,Tallering Peak,,,,,,,,,,,Mine,Mine,Mine,Mine,Mine,Mine,Mine,Mine,Mine,Mine,Mine,,,,,,,,,1039.0,1040.0,1041.0,1042.0,1043.0,1044.0,1045.0,1046.0,1047.0,1048.0,1049.0,,,,,,,,,,,,,,,,,,,,,,,,,,,,,,,,,,,,Con.Fe,Con.Fe,Con.Fe,Con.Fe,Con.Fe,Con.Fe,Con.Fe,Con.Fe,Con.Fe,Con.Fe,Con.Fe,,,,,,,,,,,,517000.0,1953000.0,1350000.0,2711000.0,2005000.0,2620000.0,3372000.0,3066000.0,2133000.0,2404000.0,2516000.0,,,,,,,,,,,534000.0,1935000.0,1122000.0,2932000.0,3841000.0,2388000.0,3806000.0,2597000.0,1949000.0,2146000.0,2162000.0,,,,,,,,,,,534000.0,1935000.0,1122000.0,2932000.0,3841000.0,2388000.0,3806000.0,2597000.0,1949000.0,2146000.0,2162000.0,,,,,,,,,,,,,,,,,,,,,,,,,,,,,,,,,,,,,,,,,,,,,,,,,,,,,,,,,,,,,,,,,,,,,,,,,,,,,,,Waste rock,Waste rock,Waste rock,Waste rock,Waste rock,Waste rock,Waste rock,Waste rock,Waste rock,Waste rock,Waste rock,,,,,,,,,2034960.0,4631120.0,8009300.0,11712000.0,12186580.0,9179280.0,9540400.0,9984480.0,7043060.0,6115000.0,4009000.0,,,,,,
COM01255.00,Gold,Peru,10531.43,5.0,1.0,1292.59,,,,,,,,,,,,,,,,,,,,,,,,,,,,,,,,,,,,,,,,,,,,,,,,,,,,,,,,,,,,,,,,264.38,252.25,141.21,,,,,,,,,,,,,,,,,,,10609.0,10611.0,10613.0,,,,,,,,,,,,,,,,,,,"Gold, Silver, Lead, Zinc","Gold, Silver, Lead, Zinc","Gold, Silver, Lead, Zinc",,,,,,,,,,,,,,,,,,,0.6212,0.8511,0.8776,,,,,,,,,,,,,,,,,,,55.614,122.217,79.504,,,,,,,,,,,,,,,,,,,Me.Ag,Me.Ag,Me.Ag,,,,,,,,,,,,,,,,,,,,,Me.Ag,Me.Ag,Me.Ag,,,,,,,,,,,,,,,,,,,Underground,Underground,Underground,,,,,,,,,,,,,,,,,,,Tambomayo,Tambomayo,Tambomayo,,,,,,,,,,,,,,,,,,,Mine,Mine,Mine,,,,,,,,,,,,,,,,,,,,,,,,,,,,,,,,,,,,,,,,,,906.0,906.0,906.0,,,,,,,,,,,,,,,,,,,O.bulk,O.bulk,O.bulk,,,,,,,,,,,,,,,,,,,,,,,,,,,,,,,,,,,,,,,,,332193.0,557364.0,640914.0,,,,,,,,,,,,,,,,,,,332193.0,557364.0,640914.0,,,,,,,,,,,,,,,,,,,,,,,,,,,,,,,,,,,,,,,,,,,,,,,,,3335163.0,3002970.0,2445606.0,,,,,,,,,,,,,,,,,,,,,,,,,,,,,,,,,,,,,,,,,,,,,,,,,,,,,,,,,,
COM01256.00,Gold,Australia,56861.95,38.0,1.0,672.01,,,,,,,,,,,,,,,,,,,,,,,,,,,,,,,,,,,,,,,,,,,,,,,,,,,,,,4.397562,3.649513,3.233616,4.672691,3.419677,3.740933,5.078603,4.759945,5.159613,5.102914,4.507574,5.273011,5.074565,,,,,,,,,10615.0,10617.0,10619.0,10621.0,10623.0,10625.0,10627.0,10629.0,10631.0,10633.0,10635.0,10637.0,10639.0,,,,,,,,Gold,Gold,Gold,Gold,Gold,Gold,Gold,Gold,Gold,Gold,Gold,Gold,Gold,Gold,,,,,,,,,,,,,,,,,0.966,0.964,0.961,0.977,0.976,,,,,,,,11.829,12.084,10.386,8.179,7.075,6.254,5.179,9.141,9.764,12.36,13.012,11.878,14.061,14.175,,,,,,,,Me.Au,Me.Au,Me.Au,Me.Au,Me.Au,Me.Au,Me.Au,Me.Au,Me.Au,Me.Au,Me.Au,Me.Au,Me.Au,Me.Au,,,,,,,,,,,Me.Au,Me.Au,Me.Au,Me.Au,Me.Au,Me.Au,Me.Au,Me.Au,Me.Au,Me.Au,Me.Au,Me.Au,Me.Au,,,,,,,,Underground,Underground,Underground,Underground,Underground,Underground,Underground,Underground,Underground,Underground,Underground,Underground,Underground,Underground,,,,,,,,Tanami,Tanami,Tanami,Tanami,Tanami,Tanami,Tanami,Tanami,Tanami,Tanami,Tanami,Tanami,Tanami,Tanami,,,,,,,,Mine,Mine,Mine,Mine,Mine,Mine,Mine,Mine,Mine,Mine,Mine,Mine,Mine,Mine,,,,,,,,,,,,,,,,,,,,,,,,,,,,,,,,910.0,910.0,910.0,910.0,910.0,910.0,910.0,910.0,910.0,910.0,910.0,910.0,910.0,,,,,,,,O.Au,O.Au,O.Au,O.Au,O.Au,O.Au,O.Au,O.Au,O.Au,O.Au,O.Au,O.Au,O.Au,O.Au,,,,,,,,,,,,,,,,,,,,,,,,,,,,,,,1843430.0,1970438.0,1863389.0,1612094.0,1454242.0,1301832.0,1850688.0,2087467.0,2252578.0,2472120.0,2330597.0,2453069.0,2615458.0,,,,,,,,,2747909.0,2845886.0,2529274.0,1514117.0,1828915.0,1384387.0,1799885.0,2051179.0,2248949.0,2404987.0,2482099.0,2477563.0,2600942.0,,,,,,,,,,,,,125.02139643,,,,,,,,,,,,,,,4.706020839580001,,,,,,,,,,,45108278.0,43264848.0,41294410.0,39431021.0,37818927.0,36364685.0,35062853.0,33212165.0,31124698.0,28872120.0,26400000.0,23946931.0,21331473.0,,,,,,,,,,,,,,,,,,,,,,,,,,,,,,,,,,,,,,,,,,,,,,,,,,,,,,,,,,
COM01258.00,Gold,Peru,10531.43,10.0,1.0,1413.19,,,,,,,,,,,,,,,,,,,,,,,,,,,,,,,,,,,,,,,,,,,,,,,,,,,,,,,,,,19.59519,16.41,14.49,11.08,13.0,12.25,12.3,7.45,10.64,,,,,,,,,,,,,10641.0,10643.0,10645.0,10647.0,10649.0,10651.0,10653.0,10655.0,10657.0,,,,,,,,,,,,,"Gold, Silver","Gold, Silver","Gold, Silver","Gold, Silver","Gold, Silver","Gold, Silver","Gold, Silver","Gold, Silver","Gold, Silver",,,,,,,,,,,,,0.025008,0.02104,0.022546,0.03791,0.034256,0.039205,0.042813,0.073013,0.055604,,,,,,,,,,,,,8.088,28.592,21.273,23.461,27.363,22.123,24.909,24.606,23.459,,,,,,,,,,,,,Me.Ag,Me.Ag,Me.Ag,Me.Ag,Me.Ag,Me.Ag,Me.Ag,Me.Ag,Me.Ag,,,,,,,,,,,,,,,Me.Ag,Me.Ag,Me.Ag,Me.Ag,Me.Ag,Me.Ag,Me.Ag,Me.Ag,Me.Ag,,,,,,,,,,,,,Open Pit,Open Pit,Open Pit,Open Pit,Open Pit,Open Pit,Open Pit,Open Pit,Open Pit,,,,,,,,,,,,,Tantahuatay,Tantahuatay,Tantahuatay,Tantahuatay,Tantahuatay,Tantahuatay,Tantahuatay,Tantahuatay,Tantahuatay,,,,,,,,,,,,,Mine,Mine,Mine,Mine,Mine,Mine,Mine,Mine,Mine,,,,,,,,,,,,,,,,,,,,,,,,,,,,,,,,,,,,912.0,912.0,912.0,912.0,912.0,912.0,912.0,912.0,912.0,,,,,,,,,,,,,O.bulk,O.bulk,O.bulk,O.bulk,O.bulk,O.bulk,O.bulk,O.bulk,O.bulk,,,,,,,,,,,,,,,,,,,,,,,,,,,,,,,,,,,3963580.0,9871776.0,6949742.0,9854334.0,12185425.0,10624498.0,13117287.0,13384291.0,13878907.0,,,,,,,,,,,,,3963580.0,9871776.0,6949742.0,9854334.0,12185425.0,10624498.0,13117287.0,13384291.0,13878907.0,,,,,,,,,,,,,,,,,,,,,,,,,,,,,,,,,,,,,,,,,,,146809589.0,142846009.0,132974233.0,126024491.0,116170157.0,103984732.0,93360234.0,80242947.0,66858656.0,,,,,,,,,,,,,,,,,,,,,,,,,,,,,,,,,,,,,,,,,,,,,,,,,,,,,,,,,,
COM01264.00,Coal,China,19604.88,15.0,1.0,55.48,,,,,,,,,,,3301503.0,7816700.0,7550503.0,11642504.0,14130000.0,16110000.0,,15965100.0,16044700.0,15198100.0,16979200.0,19015600.0,21378300.0,23598400.0,23348500.0,,,,,,,3301503.0,7816700.0,10254958.0,15845766.0,20800000.0,23000000.0,,20061800.0,21092000.0,25476300.0,22453300.0,22626700.0,25470000.0,28597100.0,26812300.0,,,,,,,,,,,,,,,,,,,,,,,,,,,,,,,,,,,,,,,,,,,,,,,,,Coal,Coal,Coal,Coal,Coal,Coal,,Coal,Coal,Coal,Coal,Coal,Coal,Coal,Coal,,,,,,,,,,,,,,,,,,,,,,,,,,,,,,,,,,,,,,,,,,,,,,,,,,,,,,,,,,,,,,,,,,,,,,,,,,,,,,,,,,,,,,,,,,,,,Underground,Underground,Underground,Underground,Underground,Underground,,Underground,Underground,Underground,Underground,Underground,Underground,Underground,Underground,,,,,,,Tashan,Tashan,Tashan,Tashan,Tashan,Tashan,,Tashan,Tashan,Tashan,Tashan,Tashan,Tashan,Tashan,Tashan,,,,,,,Mine,Mine,Mine,Mine,Mine,Mine,,Mine,Mine,Mine,Mine,Mine,Mine,Mine,Mine,,,,,,,,,,,,,,,,,,,,,,,,,,,,,,,,,,,,,,,,,,,,,,,,,,,F.coal,F.coal,F.coal,F.coal,F.coal,F.coal,,F.coal,F.coal,F.coal,F.coal,F.coal,F.coal,F.coal,F.coal,,,,,,,,,,,,,,,,,,,,,,,,,,,,,,,,,,,,,,,,,,,,,,,,,,,,,,,,,,,,,,,,,,,,,,,,,,,,,,,,,,,,,,,,,,,,,,,,,,,,,,,,,,,,,,,,,,,,,,,,,,,,,,,,,,,,,,,,,,,,,,,,,,,,,,,,,,,,,,,,,,,,,,,,,,,,
COM01268.00,Aluminium,Indonesia,12285.78,12.0,1.0,2173.12,,,300000.0,,,,,,,,,,,,,,,,,,,,,,,,,,,,,,,,,,,,,,,,,,,,,,,,,,,,,,,,,,,,,,,,,,,,,,,,,,,,,,,,,,,,,,,,,,,,,,,,"Bauxite, Chemical grade Alumina, Aluminium hydroxide","Bauxite, Chemical grade Alumina, Aluminium hydroxide","Bauxite, Chemical grade Alumina, Aluminium hydroxide","Bauxite, Chemical grade Alumina, Aluminium hydroxide","Bauxite, Chemical grade Alumina, Aluminium hydroxide","Bauxite, Chemical grade Alumina, Aluminium hydroxide","Bauxite, Chemical grade Alumina, Aluminium hydroxide","Bauxite, Chemical grade Alumina, Aluminium hydroxide","Bauxite, Chemical grade Alumina, Aluminium hydroxide","Bauxite, Chemical grade Alumina, Aluminium hydroxide",,,,,,,,,,,,,,,,,,,,,,,,,,,,,,,,,,,,,,,,,,,,,,,,,,,,,,,,,,,,,,,,,,,,,,,,,,,,,,,,,,,,,,,,,,,,,,,,,,"Bayer process plant, Open pit","Bayer process plant, Open pit","Bayer process plant, Open pit","Bayer process plant, Open pit","Bayer process plant, Open pit","Bayer process plant, Open pit","Bayer process plant, Open pit","Bayer process plant, Open pit","Bayer process plant, Open pit","Bayer process plant, Open pit",,,,,,,,,,,,Tayan,Tayan,Tayan,Tayan,Tayan,Tayan,Tayan,Tayan,Tayan,Tayan,,,,,,,,,,,,"Mine, Refinery","Mine, Refinery","Mine, Refinery","Mine, Refinery","Mine, Refinery","Mine, Refinery","Mine, Refinery","Mine, Refinery","Mine, Refinery","Mine, Refinery",,,,,,,,,,,,,,,,,,,,,,,142.0,,,,,,,,,,,,,,,,,,,,,,,,,,,,,,,,,O.Al,O.Al,O.Al,O.Al,O.Al,O.Al,O.Al,O.Al,O.Al,O.Al,,,,,,,,,,,,,,,,,,,,,,,,,,,,,,,,,,104692.0,32748.0,194190.0,570721.0,267292.0,201517.0,241202.0,705322.0,1102385.0,1726734.0,,,,,,,,,,,,104692.0,32748.0,194190.0,570721.0,267292.0,201517.0,241202.0,705322.0,1102385.0,1726734.0,,,,,,,,,,,,,,,,,,,,,,,,,,,,,,,,,,,,,,,,,,,,,,,,,,,,,,,,,,,,,,,,,,,,,,,,,,,,,,,,,,,,,,,,,,,,,,,,,,,,,,,,,,,,,
COM01269.00,Coal,Indonesia,12285.78,14.0,1.0,67.27,,,,,,,,,,,,20000.0,190000.0,1340000.0,1600000.0,2600000.0,3700000.0,2700000.0,2200000.0,2200000.0,2000000.0,3000000.0,3500000.0,3400000.0,,,,,,,,,20000.0,190000.0,1340000.0,1600000.0,2600000.0,3700000.0,2700000.0,2200000.0,2200000.0,2000000.0,3000000.0,3500000.0,3400000.0,,,,,,,,,,,,,,,,,,,,,,,,,,,,,,,,,,,,,,,,,,,,,,,,,,,Bituminous coal,Bituminous coal,Bituminous coal,Bituminous coal,Bituminous coal,Bituminous coal,Bituminous coal,Bituminous coal,Bituminous coal,Bituminous coal,Bituminous coal,Bituminous coal,Bituminous coal,,,,,,,,,,,,,,,,,,,,,,,,,,,,,,,,,,,,,,,,,,,,,,,,,,,,,,,,,,,,,,,,,,,,,,,,,,,,,,,,,,,,,,,,,,,,,,,Open pit,Open pit,Open pit,Open pit,Open pit,Open pit,Open pit,Open pit,Open pit,Open pit,Open pit,Open pit,Open pit,,,,,,,,,Teguh Sinarabadi and Firman Ketaun Perkasa,Teguh Sinarabadi and Firman Ketaun Perkasa,Teguh Sinarabadi and Firman Ketaun Perkasa,Teguh Sinarabadi and Firman Ketaun Perkasa,Teguh Sinarabadi and Firman Ketaun Perkasa,Teguh Sinarabadi and Firman Ketaun Perkasa,Teguh Sinarabadi and Firman Ketaun Perkasa,Teguh Sinarabadi and Firman Ketaun Perkasa,Teguh Sinarabadi and Firman Ketaun Perkasa,Teguh Sinarabadi and Firman Ketaun Perkasa,Teguh Sinarabadi and Firman Ketaun Perkasa,Teguh Sinarabadi and Firman Ketaun Perkasa,Teguh Sinarabadi and Firman Ketaun Perkasa,,,,,,,,,Mine,Mine,Mine,Mine,Mine,Mine,Mine,Mine,Mine,Mine,Mine,Mine,Mine,,,,,,,,,,,,,,,,,,,,,,,,,,,,,,,,921.0,921.0,921.0,921.0,921.0,921.0,921.0,921.0,921.0,921.0,921.0,921.0,921.0,,,,,,,,,F.coal,F.coal,F.coal,F.coal,F.coal,F.coal,F.coal,F.coal,F.coal,F.coal,F.coal,F.coal,F.coal,,,,,,,,,,,,,,,,,,,,,,,,,,,,,,,,,,,,,,,,,,,,,,,,,,,,,,,,,,,,,,,,,,,,,,,,,,,,,,,,,,,,,,,,,,,,,,,,,,,,,,,38050000.0,38030000.0,37840000.0,36500000.0,34900000.0,32300000.0,28600000.0,25900000.0,23700000.0,21500000.0,19500000.0,16500000.0,13000000.0,,,,,,,,,,,,,,,,,,,,,,,,,,,,,,,,,,,,,,,,,,,,,,,,,,,,,,,,,,
COM01273.00,Copper,DR Congo,2424.0,12.0,1.0,5338.73,,,,,,,,,,,,,,,,,,,,,,,,,,,,,,,,,,,,,,,,,,,,,,,,,,,,,,,,37000.0,2449.548593,2763.717252,2457.666386,2349.115696,2482.129561,2943.75,,,,,,,,,,,,,,,10882.0,10884.0,10886.0,10888.0,10890.0,10892.0,10894.0,,,,,,,,,,,,,,,"Copper, Cobalt","Copper, Cobalt","Copper, Cobalt","Copper, Cobalt","Copper, Cobalt","Copper, Cobalt","Copper, Cobalt",,,,,,,,,,,,,,,0.92,0.91,0.93,0.924,0.914,0.926,0.94,,,,,,,,,,,,,,,70001.0,9225.0,11182.0,11669.0,12751.0,13334.0,16014.0,,,,,,,,,,,,,,,Me.Cu,Me.Co,Me.Co,Me.Co,Me.Co,Me.Co,Me.Co,,,,,,,,,,,,,,,,,,,,,,,,,,,,,,,,,,,,,,Open pit,Open pit,Open pit,Open pit,Open pit,Open pit,Open pit,,,,,,,,,,,,,,,Tenke Fungurume,Tenke Fungurume,Tenke Fungurume,Tenke Fungurume,Tenke Fungurume,Tenke Fungurume,Tenke Fungurume,,,,,,,,,,,,,,,Mine,Mine,Mine,Mine,Mine,Mine,Mine,,,,,,,,,,,,,,,,,,,,,,,,,,,,,,,,,,,,,,,,,,,,,,,,,,,,,,,,,,,O.bulk,O.bulk,O.bulk,O.bulk,O.bulk,O.bulk,O.bulk,,,,,,,,,,,,,,,,,,,,,,,,,,,,,,,,,,,,,6219344.0,8541000.0,9995000.0,12806000.0,13231000.0,13073000.0,12657000.0,,,,,,,,,,,,,,,2111067.0,3766000.0,4046000.0,4748000.0,5428000.0,5372000.0,5440000.0,,,,,,,,,,,,,,,,,,,,,,,,,,,,,,,,,,,,,,,,,,,,,,,,,,,,,,,,,,,,,,,,,,,,,,,,,,,,,,,,,,,,,,,,,,,,,,,,,,,,,,,,,,,,,,,,,
COM01278.00,Gold,Australia,56861.95,5.0,1.0,1328.29,,,,,,,,,,,,,,,,,,,,,,,,,,,,,,,,,,,,,,,,,,,,,,,,,,,,,,,,,,,,,,,1.1,1.7,1.8,1.8,2.1,,,,,,,,,,,,,,,,,11066.0,11068.0,11070.0,11072.0,11074.0,,,,,,,,,,,,,,,,,Gold,Gold,Gold,Gold,Gold,,,,,,,,,,,,,,,,,0.924,0.914,0.939,0.94,0.945,,,,,,,,,,,,,,,,,0.979,3.634,4.514,4.831,5.739,,,,,,,,,,,,,,,,,Me.Au,Me.Au,Me.Au,Me.Au,Me.Au,,,,,,,,,,,,,,,,,,,Me.Au,Me.Au,Me.Au,Me.Au,Me.Au,,,,,,,,,,,,,,,,,,,,,,,,,,,,,,,,,,,,,,Thunderbox,Thunderbox,Thunderbox,Thunderbox,Thunderbox,,,,,,,,,,,,,,,,,Mine,Mine,Mine,Mine,Mine,,,,,,,,,,,,,,,,,,,,,,,,,,,,,,,,,,,,,,,,939.0,939.0,939.0,939.0,939.0,,,,,,,,,,,,,,,,,O.Au,O.Au,O.Au,O.Au,O.Au,,,,,,,,,,,,,,,,,,,,,,,,,,,,,,,,,,,,,,,949000.0,2305000.0,11906000.0,7423000.0,6399000.0,,,,,,,,,,,,,,,,,949000.0,2305000.0,2656000.0,2826000.0,2891000.0,,,,,,,,,,,,,,,48.1941891,,,,,,,,,,,,,,,1.6,,,,,,,,,,,,,,,,,55583000.0,54634000.0,52329000.0,40423000.0,33000000.0,,,,,,,,,,,,,,,,,,,,,,,,,,,,,,,,,,,,,,,,,,,,,,,,,,,,,,,,,
COM01280.00,Coal,China,19604.88,15.0,1.0,55.48,,,,,,,,,,,100000.0,1200000.0,1100000.0,1000000.0,1500000.0,1200000.0,1400000.0,1500000.0,1600000.0,700000.0,1593000.0,1319000.0,1714000.0,1717000.0,1612000.0,,,,,,,100000.0,1200000.0,1100000.0,1000000.0,1500000.0,1200000.0,1400000.0,1500000.0,1600000.0,700000.0,1608000.0,1730000.0,1730000.0,1717000.0,1612000.0,,,,,,,,,,,,,,,,,,,,,,,,,,,,,,,,,,,,,,,,,,,,,,,,,Thermal coal,Thermal coal,Thermal coal,Thermal coal,Thermal coal,Thermal coal,Thermal coal,Thermal coal,Thermal coal,Thermal coal,Thermal coal,Thermal coal,Thermal coal,Thermal coal,Thermal coal,,,,,,,,,,,,,,,,,,,,,,,,,,,,,,,,,,,,,,,,,,,,,,,,,,,,,,,,,,,,,,,,,,,,,,,,,,,,,,,,,,,,,,,,,,,,,Underground,Underground,Underground,Underground,Underground,Underground,Underground,Underground,Underground,Underground,Underground,Underground,Underground,Underground,Underground,,,,,,,Tianchi,Tianchi,Tianchi,Tianchi,Tianchi,Tianchi,Tianchi,Tianchi,Tianchi,Tianchi,Tianchi,Tianchi,Tianchi,Tianchi,Tianchi,,,,,,,Mine,Mine,Mine,Mine,Mine,Mine,Mine,Mine,Mine,Mine,Mine,Mine,Mine,Mine,Mine,,,,,,,,,,,,,,,,,,,,,,,,,,,,,,,,,,,,,,,,,,,,940.0,,,,,,,F.stc,F.stc,F.stc,F.stc,F.stc,F.stc,F.stc,F.stc,F.stc,F.stc,F.stc,F.stc,F.stc,F.stc,F.coal,,,,,,,,,,,,,,,,,,,,,,,,,,,,,,,,,,,,,,,,,,,,,,,,,,,,,,,,,,,,,,,,,,,,,,,,,,,,,,,,,,,,,,,,,,,,,,,,,,,,,,,,,,,,,,,,,,,12000000.0,,,,,,,,,,,,,,,,,,,,,,,,,,,,,,,,,,,,,,,,,,,,,,,,,,,,,,,,,
COM01281.00,Other (poly)-metallic,China,19604.88,65.0,1.0,,,,,,,,,,,,,,,,,,,,,,,,,,,,,,,,,,,,,,,,,,,,,,,,,,,,,,,,,,,,221000.0,215000.0,223000.0,206000.0,,114000.0,105000.0,119000.0,,,,,,,,,,,,,,11075.0,11078.0,11081.0,11084.0,,11089.0,11092.0,11096.0,,,,,,,,,,,,,,"Manganese, Electrolytic manganese metal","Manganese, Electrolytic manganese metal","Manganese, Electrolytic manganese metal","Manganese, Electrolytic manganese metal","Manganese, Electrolytic manganese metal","Manganese, Electrolytic manganese metal","Manganese, Electrolytic manganese metal","Manganese, Electrolytic manganese metal",,,,,,,,,,,,,,0.0,0.0,0.0,0.0,,0.0,0.0,0.0,,,,,,,,,,,,,,27846.0,20640.0,19178.0,11948.0,,36480.0,36960.0,47481.0,,,,,,,,,,,,,,Me.Mn,Me.Mn,Me.Mn,Me.Mn,,Me.Mn,Me.Mn,Me.Mn,,,,,,,,,,,,,,,,Me.Mn,Me.Mn,Me.Mn,Me.Mn,Me.Mn,Me.Mn,Me.Mn,Me.Mn,,,,,,,,,,,,,,Open pit,Open pit,Open pit,Open pit,Open pit,Open pit,Open pit,Open pit,,,,,,,,,,,,,,Tiandeng,Tiandeng,Tiandeng,Tiandeng,Tiandeng,Tiandeng,Tiandeng,Tiandeng,,,,,,,,,,,,,,"Mine, Refinery","Mine, Refinery","Mine, Refinery","Mine, Refinery","Mine, Refinery","Mine, Refinery","Mine, Refinery","Mine, Refinery",,,,,,,,,,,,,,,,,,,,,,,,,,,,,,,,,,,,,941.0,941.0,941.0,941.0,941.0,941.0,941.0,941.0,,,,,,,,,,,,,,Con.MnO,Con.MnO,Con.MnO,Con.MnO,O.Mn,Con.MnCO3,Con.MnCO3,Con.MnCO3,,,,,,,,,,,,,,,126000.0,96000.0,86000.0,58000.0,,320000.0,352000.0,399000.0,,,,,,,,,,,,,,311000.0,208000.0,278000.0,235000.0,366000.0,131000.0,233000.0,319000.0,,,,,,,,,,,,,,311000.0,208000.0,278000.0,235000.0,366000.0,131000.0,233000.0,319000.0,,,,,,,,,,,,,,,,,,,,,,,,,,,,,,,,,,,,,,,,,,,,4912000.0,4601000.0,4393000.0,4115000.0,3880000.0,3514000.0,3383000.0,3150000.0,,,,,,,,,,,,,,,,,,,,,,,,,,,,,,,,,,,,,,,,,,,,,,,,,,,,,,,,,,
COM01282.00,Iron,United States of America,55819.0,47.0,1.0,36.19,,,,,,,,,,,,,,,,,,,,,,,,,,,,,,,,,,,,,,,,,,,,,,,,,,,,,,,,,,,,,,,,,,,,,,,,,,,,,,,,,,,,,,,,,"Iron, Iron ore pellets","Iron, Iron ore pellets","Iron, Iron ore pellets","Iron, Iron ore pellets","Iron, Iron ore pellets","Iron, Iron ore pellets","Iron, Iron ore pellets","Iron, Iron ore pellets","Iron, Iron ore pellets",,,,,"Iron, Iron ore pellets","Iron, Iron ore pellets","Iron, Iron ore pellets","Iron, Iron ore pellets","Iron, Iron ore pellets","Iron, Iron ore pellets","Iron, Iron ore pellets",,,,,,,,,,,,,,,,,,,,,,,,,,,,,,,,,,,,,,,,,,,,,,,,,,,,,,,,,,,,,,,,,,,,,,,,,,,,,,,,,,,,,,Me.Fe,,Open pit,Open pit,Open pit,Open pit,Open pit,Open pit,Open pit,Open pit,Open pit,,,,,Open pit,Open pit,Open pit,Open pit,Open pit,Open pit,Open pit,,Tilden,Tilden,Tilden,Tilden,Tilden,Tilden,Tilden,Tilden,Tilden,,,,,Tilden,Tilden,Tilden,Tilden,Tilden,Tilden,Tilden,,Mine,Mine,Mine,Mine,Mine,Mine,Mine,Mine,Mine,,,,,Mine,Mine,Mine,Mine,Mine,Mine,Mine,,,,,,,,,,,,,,,,,,,,,,,,,,,,,,,,,,,,,,,,,,,,942.0,,Con.Fe,Con.Fe,Con.Fe,Con.Fe,Con.Fe,Con.Fe,Con.Fe,Con.Fe,Con.Fe,,,,,Con.Fe,Con.Fe,Con.Fe,Con.Fe,Con.Fe,Con.Fe,Con.Fe,,,7200000.0,6502701.0,8026771.0,7112329.0,7925167.0,8026771.0,7010724.0,7315538.0,7721957.0,,,,,7620352.0,7721957.0,7721957.0,7721957.0,7823562.0,7823562.0,7823562.0,,,,,,,,,,,,,,,,,,,,,,,,,,,,,,,,,,,,,,,,,,,,,,,,,,,,,,,,,,,,,,,,,,,,,,,,,,,,,,,,,,,,,,,,,,,,,613082759.8,,,,,,,,,,,,,,,,,,,,,,,,,,,,,,,,,,,,,,,,,,,,,,,,,,,,,,,,,,
COM01284.00,Gold,Canada,43833.79,10.0,1.0,1292.59,,,,,,,,,,,,,,,,,,,,,,,,,,,,,,,,,,,,,,,,,,,,,,,,,,,,,,,,,,,,,,,,3.97,,,,,,,,,,,,,,,,,,,,,11141.0,,,,,,,,,,,,,,,,,,,,,Gold,,Gold,,,,,,,,,,,,,,,,,,,0.96,,,,,,,,,,,,,,,,,,,,,5.194,,,,,,,,,,,,,,,,,,,,,Me.Au,,,,,,,,,,,,,,,,,,,,,,,Me.Au,,Me.Au,,,,,,,,,,,,,,,,,,,Underground,,Underground,,,,,,,,,,,,,,,,,,,Timmins West & Bell Creek,,Timmins West & Bell Creek,,,,,,,,,,,,,,,,,,,Mine,,Mine,,,,,,,,,,,,,,,,,,,,,,,,,,,,,,,,,,,,,,,,,,943.0,,943.0,,,,,,,,,,,,,,,,,,,O.bulk,,O.bulk,,,,,,,,,,,,,,,,,,,,,,,,,,,,,,,,,,,,,,,,,1360000.0,,1740267.0,,,,,,,,,,,,,,,,,,,1360000.0,,1740267.0,,,,,,,,,,,,,,,,,,,,,,,,,,,,,,,,,,,,,,,,,,,,,,,,,11260000.0,,9900000.0,,,,,,,,,,,,,,,,,,,,,,,,,,,,,,,,,,,,,,,,,,,,,,,,,,,,,,,,,,
COM01288.00,Coal,Russian Federation,11616.07,62.0,1.0,43.21,,,,,,2252000.0,2290000.0,2727000.0,2660000.0,2607000.0,2477000.0,2385000.0,1952000.0,1300000.0,2000000.0,1800000.0,1700000.0,1400000.0,900000.0,800000.0,800000.0,400000.0,400000.0,500000.0,500000.0,,2252000.0,2290000.0,2727000.0,2660000.0,2607000.0,2477000.0,2385000.0,1952000.0,1300000.0,2000000.0,1800000.0,1700000.0,1400000.0,900000.0,800000.0,800000.0,400000.0,400000.0,500000.0,500000.0,,,,,,,,,,,,,,,,,,,,,,,,,,,,,,,,,,,,,,,,,,,,"Coking coal, Thermal coal","Coking coal, Thermal coal","Coking coal, Thermal coal","Coking coal, Thermal coal","Coking coal, Thermal coal","Coking coal, Thermal coal","Coking coal, Thermal coal","Coking coal, Thermal coal","Coking coal, Thermal coal","Coking coal, Thermal coal","Coking coal, Thermal coal","Coking coal, Thermal coal","Coking coal, Thermal coal","Coking coal, Thermal coal","Coking coal, Thermal coal","Coking coal, Thermal coal","Coking coal, Thermal coal","Coking coal, Thermal coal","Coking coal, Thermal coal","Coking coal, Thermal coal",,,,,,,,,,,,,,,,,,,,,,,,,,,,,,,,,,,,,,,,,,,,,,,,,,,,,,,,,,,,,,,,,,,,,,,,,,,,,,,,,,,,,,,,Open pit,Open pit,Open pit,Open pit,Open pit,Open pit,Open pit,Open pit,Open pit,Open pit,Open pit,Open pit,Open pit,Open pit,Open pit,Open pit,Open pit,Open pit,Open pit,Open pit,,Tomusinsky,Tomusinsky,Tomusinsky,Tomusinsky,Tomusinsky,Tomusinsky,Tomusinsky,Tomusinsky,Tomusinsky,Tomusinsky,Tomusinsky,Tomusinsky,Tomusinsky,Tomusinsky,Tomusinsky,Tomusinsky,Tomusinsky,Tomusinsky,Tomusinsky,Tomusinsky,,Mine,Mine,Mine,Mine,Mine,Mine,Mine,Mine,Mine,Mine,Mine,Mine,Mine,Mine,Mine,Mine,Mine,Mine,Mine,Mine,,,,,,,,,,,,,,,,,,,,,,,,,,,,,,,,,,,,,,,,,,,,944.0,,F.coc,F.coc,F.coc,F.coc,F.coc,F.coc,F.coc,F.coc,F.coc,F.coc,F.coc,F.coc,F.coc,F.coc,F.coc,F.coc,F.coc,F.coc,F.coc,F.coal,,,,,,,,,,,,,,,,,,,,,,,,,,,,,,,,,,,,,,,,,,,,,,,,,,,,,,,,,,,,,,,,,,,,,,,,,,,,,,,,,,,,,,,,,,,,,,,,,,,,,,,,,,,,,,,,,,,8603000.0,,,,,,,,,,,,,,,,,,,,,,,,,,,,,,,,,,,,,,,,,,,,,,,,,,,,,,,,,
COM01290.00,Copper,Peru,10531.43,61.0,1.0,2279.37,,,,,,,,,,,,,,,,,,,,,,,,,,,,,,,,,,,,,,,,,,,,,,,6490.640389,7165.329558,7128.399375,6713.158521,7376.164491,273200.0,272200.0,269900.0,272000.0,272500.0,273000.0,264500.0,266000.0,270200.0,275500.0,278400.0,274500.0,272100.0,272100.0,262000.0,,11145.0,11147.0,11150.0,11153.0,11156.0,11157.0,11162.0,11167.0,11172.0,11177.0,11182.0,11187.0,11192.0,11197.0,11202.0,11207.0,11212.0,11217.0,11222.0,11227.0,,"Copper, Molybdenum, Copper Cathode, Silver","Copper, Molybdenum, Copper Cathode, Silver","Copper, Molybdenum, Copper Cathode, Silver","Copper, Molybdenum, Copper Cathode, Silver","Copper, Molybdenum, Copper Cathode, Silver","Copper, Molybdenum, Copper Cathode, Silver","Copper, Molybdenum, Copper Cathode, Silver","Copper, Molybdenum, Copper Cathode, Silver","Copper, Molybdenum, Copper Cathode, Silver","Copper, Molybdenum, Copper Cathode, Silver","Copper, Molybdenum, Copper Cathode, Silver","Copper, Molybdenum, Copper Cathode, Silver","Copper, Molybdenum, Copper Cathode, Silver","Copper, Molybdenum, Copper Cathode, Silver","Copper, Molybdenum, Copper Cathode, Silver","Copper, Molybdenum, Copper Cathode, Silver","Copper, Molybdenum, Copper Cathode, Silver","Copper, Molybdenum, Copper Cathode, Silver","Copper, Molybdenum, Copper Cathode, Silver","Copper, Molybdenum, Copper Cathode, Silver",,,,,,,0.0,0.0,0.0,0.0,0.0,0.0,0.0,0.0,0.0,0.0,0.0,0.0,0.0,0.0,0.0,,105641.663,122742.095,125424.187,142372.666,160852.019,157500.0,151800.0,140900.0,114100.0,127100.0,131500.0,120400.0,120100.0,110700.0,114800.0,119400.0,116500.0,122900.0,143700.0,231700.0,,Me.Cu,Me.Cu,Me.Cu,Me.Cu,Me.Cu,Me.Cu,Me.Cu,Me.Cu,Me.Cu,Me.Cu,Me.Cu,Me.Cu,Me.Cu,Me.Cu,Me.Cu,Me.Cu,Me.Cu,Me.Cu,Me.Cu,Me.Cu,,,,,,,,,,,,,,,,,,,,,,Me.Cu,,,"Open pit, SX-EW plant","Open pit, SX-EW plant","Open pit, SX-EW plant","Open pit, SX-EW plant","Open pit, SX-EW plant","Open pit, SX-EW plant","Open pit, SX-EW plant","Open pit, SX-EW plant","Open pit, SX-EW plant","Open pit, SX-EW plant","Open pit, SX-EW plant","Open pit, SX-EW plant","Open pit, SX-EW plant","Open pit, SX-EW plant","Open pit, SX-EW plant","Open pit, SX-EW plant","Open pit, SX-EW plant","Open pit, SX-EW plant","Open pit, SX-EW plant","Open pit, SX-EW plant",,Toquepala,Toquepala,Toquepala,Toquepala,Toquepala,Toquepala,Toquepala,Toquepala,Toquepala,Toquepala,Toquepala,Toquepala,Toquepala,Toquepala,Toquepala,Toquepala,Toquepala,Toquepala,Toquepala,Toquepala,,Mine,Mine,Mine,Mine,Mine,Mine,Mine,Mine,Mine,Mine,Mine,Mine,Mine,Mine,Mine,Mine,Mine,Mine,Mine,Mine,,,,,1050.0,1051.0,1052.0,1053.0,1054.0,1055.0,1056.0,1057.0,1058.0,1059.0,1060.0,1061.0,1062.0,1063.0,1064.0,,,,,,,,,,,,,,,,,,,,,,,,946.0,,,O.bulk,O.bulk,Con.Cu,Con.Cu,Con.Cu,Con.Cu,Con.Cu,Con.Cu,Con.Cu,Con.Cu,Con.Cu,Con.Cu,Con.Cu,Con.Cu,Con.Cu,Con.Cu,Con.Cu,Con.Cu,Con.Cu,Con.Cu,,,,,446400.0,505200.0,580100.0,576400.0,557500.0,521900.0,419700.0,466400.0,481700.0,455200.0,451500.0,409600.0,416700.0,429000.0,424500.0,451900.0,528200.0,885200.0,,16276000.0,17130000.0,17595000.0,21208000.0,21807000.0,21224000.0,20813000.0,20889000.0,21356000.0,21685000.0,21634000.0,21525000.0,20072000.0,19954000.0,19922000.0,20150000.0,19940000.0,20411000.0,22701000.0,38248000.0,,16276000.0,17130000.0,17595000.0,21208000.0,21807000.0,21225000.0,20828000.0,20906000.0,21328000.0,21700000.0,21654000.0,21497000.0,20090000.0,19925000.0,19942000.0,20272000.0,20071000.0,20392000.0,23060000.0,38121000.0,,,,,,,,,,,,,,,,,,,,,,,,,,,,,,,,,,,,,,,,,,,,,,,,,,2064661000.0,,,,,,134505000.0,131607000.0,130267000.0,131646000.0,149287000.0,179313000.0,177398000.0,173927000.0,169808000.0,211202000.0,193013000.0,209064000.0,203778000.0,241514000.0,249083000.0,,,,,,,,,,,,,,,,,,,,,,,,,,,,,,,,,,,,,,,
COM01292.00,Gold,Canada,43833.79,4.0,1.0,1808.23,,,,,,,,,,,,,,,,,,,,,,,,,,,,,,,,,,,,,,,,,,,,,,,,,,,,,,,,,,,,,,,,,,,1.38,,,,,,,,,,,,,,,,,,,,,11253.0,,,,,,,,,,,,,,,,,,,,,Gold,,,,,,,,,,,,,,,,,,,,,0.94,,,,,,,,,,,,,,,,,,,,,3.182,,,,,,,,,,,,,,,,,,,,,Me.Au,,,,,,,,,,,,,,,,,,,,,,,Me.Au,,,,,,,,,,,,,,,,,,,,,"Open pit, Carbon in Leach circuit",,,,,,,,,,,,,,,,,,,,,Touquoy,,,,,,,,,,,,,,,,,,,,,Mine,,,,,,,,,,,,,,,,,,,,,,,,,,,,,,,,,,,,,,,,,,,,948.0,,,,,,,,,,,,,,,,,,,,,O.Au,,,,,,,,,,,,,,,,,,,,,,,,,,,,,,,,,,,,,,,,,,,4388000.0,,,,,,,,,,,,,,,,,,,,,2457000.0,,,,,,,,,,,,,,,49.214771928000005,,,,,,,,,,,,,,,1.0352731591448932,,,,,,,,,,,,,,,,,,,,,50520000.0,,,,,,,,,,,,,,,,,,,,,,,,,,,,,,,,,,,,,,,,,,,,,,,,,,,,,,,,,
COM01295.00,Copper,Australia,56861.95,17.0,1.0,2279.37,,,,,,,,,,,,,,,,,,,,,,,,,,,,,,,,,,,,,,,,,,,,,,,,,,,,,47.45,52.37,251500.0,249500.0,249100.0,250000.0,250000.0,240000.0,240000.0,243700.0,240100.0,233500.0,224500.0,226000.0,206000.0,,,,,,,11254.0,11257.0,11260.0,11263.0,11266.0,11269.0,11273.0,11277.0,11281.0,11285.0,11289.0,11293.0,11297.0,11301.0,11305.0,"Copper, Gold, Silver","Copper, Gold, Silver","Copper, Gold, Silver","Copper, Gold, Silver",,"Copper, Gold, Silver","Copper, Gold, Silver","Copper, Gold, Silver","Copper, Gold, Silver","Copper, Gold, Silver","Copper, Gold, Silver","Copper, Gold, Silver","Copper, Gold, Silver","Copper, Gold, Silver","Copper, Gold, Silver","Copper, Gold, Silver","Copper, Gold, Silver","Copper, Gold, Silver","Copper, Gold, Silver","Copper, Gold, Silver","Copper, Gold, Silver",,,,,,,0.000444,0.000365,0.0,0.0,0.0,0.0,0.0,0.0,0.0,0.0,0.0,0.0,0.0,0.0,0.0,12939.0,3999.0,1858.0,595.0,,19296.0,4.344,3.898,8372.0,24111.0,20847.0,23354.0,23374.0,22803.0,26185.0,30059.0,30122.0,23253.0,26576.0,26795.0,25004.0,Me.Cu,Me.Cu,Me.Cu,Me.Cu,,Me.Cu,Me.Ag,Me.Ag,Me.Cu,Me.Cu,Me.Cu,Me.Cu,Me.Cu,Me.Cu,Me.Cu,Me.Cu,Me.Cu,Me.Cu,Me.Cu,Me.Cu,Me.Cu,,,,,,,,,Me.Ag,Me.Ag,Me.Ag,Me.Ag,Me.Ag,Me.Ag,Me.Ag,Me.Ag,Me.Ag,Me.Ag,Me.Ag,Me.Ag,Me.Ag,Me.Ag,Me.Ag,Underground,Underground,Underground,Underground,,Underground,Underground,Underground,Underground,Underground,Underground,Underground,Underground,Underground,Underground,Underground,Underground,Underground,Underground,Underground,Underground,Tritton,Tritton,Tritton,Tritton,,Tritton,Tritton,Tritton,Tritton,Tritton,Tritton,Tritton,Tritton,Tritton,Tritton,Tritton,Tritton,Tritton,Tritton,Tritton,Tritton,Mine,Mine,Mine,Mine,,Mine,Mine,Mine,Mine,Mine,Mine,Mine,Mine,Mine,Mine,Mine,Mine,Mine,Mine,Mine,Mine,,,,,,,,,,,,,,,,,,,,,,,,,,,,,,949.0,949.0,949.0,949.0,949.0,949.0,949.0,949.0,949.0,949.0,949.0,949.0,949.0,949.0,949.0,Con.Cu,Con.Cu,Con.Cu,Con.Cu,,Con.Cu,Con.Cu,Con.Cu,Con.Cu,Con.Cu,Con.Cu,Con.Cu,Con.Cu,Con.Cu,Con.Cu,Con.Cu,Con.Cu,Con.Cu,Con.Cu,Con.Cu,Con.Cu,,,,,,,,91569.0,74445.0,33282.0,95026.0,81183.0,94483.0,93580.0,94520.0,109232.0,123367.0,125469.0,99567.0,118366.0,118576.0,121398.0,,,,,,,790940.0,680439.0,343606.0,932532.0,911539.0,1160476.0,1260656.0,1303552.0,1572728.0,1622829.0,1693951.0,1457406.0,1615855.0,1673066.0,1610504.0,,,,,,,823642.0,733638.0,406672.0,921116.0,906347.0,1163732.0,1254355.0,1267683.0,1568755.0,1641483.0,1700860.0,1467244.0,1592165.0,1669274.0,1640680.0,,,,,,,,,,,,,,,19.135928025,,,,,,,,,,,,,,,4.753061224489796,,,,,,,22619575.0,21828635.0,21148196.0,20804590.0,19872058.0,18960519.0,17800043.0,16539387.0,15235835.0,13663107.0,12040278.0,10346327.0,8888921.0,7273066.0,4900000.0,,,,,,,,,,,,,,,,,,,,,,,,,,,,,,,,,,,,,,,,,,,,,,,,,,,,,,,,,
COM01299.00,Coal,Indonesia,12285.78,12.0,1.0,70.77,,,,,,,,,,,,,,3258225.0,1946925.0,882039.0,2243705.0,2243705.0,1697885.0,553711.0,1048394.0,1086752.0,,,,,,,,,,,,,3258225.0,1946925.0,882039.0,2243705.0,2243705.0,1697885.0,553711.0,1048394.0,1086752.0,,,,,,,,,,,,,,,,,,,,,,,,,,,,,,,,,,,,,,,,,,,,,,,,,,,,,,,Metallurgical coal,Metallurgical coal,Metallurgical coal,Metallurgical coal,Metallurgical coal,Metallurgical coal,Metallurgical coal,Metallurgical coal,Metallurgical coal,,,,,,,,,,,,,,,,,,,,,,,,,,,,,,,,,,,,,,,,,,,,,,,,,,,,,,,,,,,,,,,,,,,,,,,,,,,,,,,,,,,,,,,,,,,,,,,,,,,,,,,,,,,,,,,,,,,,,,,,Tuhup,Tuhup,Tuhup,Tuhup,Tuhup,Tuhup,Tuhup,Tuhup,Tuhup,,,,,,,,,,,,,Mine,Mine,Mine,Mine,Mine,Mine,Mine,Mine,Mine,,,,,,,,,,,,,,,,,,,,,,,,,,,,,,,,,,,,,,,,953.0,,,,,,,,,,,,,,,,,F.coc,F.coc,F.coc,F.coc,F.coal,F.coc,F.coc,F.coc,F.coc,,,,,,,,,,,,,,,,,,,,,,,,,,,,,,,,,,,,,,,,,,,,,,,,,,,,,,,,,,,,,,,,,,,,,,,,,,,,,,,,,,,,,,,,,,,,,,,,,,,,,,,,,,,,,,,167800000.0,,,,,,,,,,,,,,,,,,,,,,,,,,,,,,,,,,,,,,,,,,,,,,,,,,,,,,,,,,,,,,,,
COM01300.00,Gold,Indonesia,12285.78,4.0,1.0,1292.59,,,,,,,,,,,,,,,,,,,,,,,,,,,,,,,,,,,,,,,,,,,,,,,,,,,,,,,,,,,,,,,,8.08,11.93,1.19,,,,,,,,,,,,,,,,,,,,,,,,,,,,,,,,,,,,,,,,"Gold, Copper","Gold, Copper","Gold, Copper",,,,,,,,,,,,,,,,,,,,,,,,,,,,,,,,,,,,,,,,1.276,3.997,11.589,,,,,,,,,,,,,,,,,,,Me.Ag,Me.Ag,Me.Ag,,,,,,,,,,,,,,,,,,,,,Me.Ag,Me.Ag,Me.Ag,,,,,,,,,,,,,,,,,,,"Open pit, leaching plant","Open pit, leaching plant","Open pit, leaching plant",,,,,,,,,,,,,,,,,,,Tujuh Bukit,Tujuh Bukit,Tujuh Bukit,,,,,,,,,,,,,,,,,,,Mine,Mine,Mine,,,,,,,,,,,,,,,,,1065.0,1066.0,1067.0,,,,,,,,,,,,,,,,,,,,,,,954.0,954.0,954.0,,,,,,,,,,,,,,,,,,,O.Au,O.Au,O.Au,,,,,,,,,,,,,,,,,,,,,,,,,,,,,,,,,,,,,,,,,3313749.0,5296366.0,7400000.0,,,,,,,,,,,,,,,,,,,3149602.0,4940908.0,7400000.0,,,,,,,,,,,,,,,996.457383927,,,,,,,,,,,,,,,30.768824673520424,,,,,,,,,,,,,,,,,,,44600115.0,41286366.0,35990000.0,,,,,,,,,,,,,,,,,,,,,,,,,,,,,,,,,,,,Waste rock,Waste rock,Waste rock,,,,,,,,,,,,,,,,,4080080.0,9424215.0,8400000.0,
COM01302.00,Coal,United States of America,55819.0,11.0,1.0,95.29,,,,,,,,,,,,,,,90720.0,272160.0,1814400.0,3356640.0,5715360.0,5080320.0,5987520.0,6168960.0,6168960.0,6713280.0,,,,,,,,,,,,90720.0,272160.0,1814400.0,3356640.0,5715360.0,5080320.0,5987520.0,6168960.0,6168960.0,6713280.0,,,,,,,,,,,,,,,,,,,,,,,,,,,,,,,,,,,,,,,,,,,,,,,,,,,,,,Coal,Coal,Coal,Coal,Coal,Coal,Coal,Coal,Coal,Coal,,,,,,,,,,,,,,,,,,,,,,,,,,,,,,,,,,,,,,,,,,,,,,,,,,,,,,,,,,,,,,,,,,,,,,,,,,,,,,,,,,,,,,,,,,,,,,,,,,Underground,Underground,Underground,Underground,Underground,Underground,Underground,Underground,Underground,Underground,,,,,,,,,,,,Tunnel Ridge Complex,Tunnel Ridge Complex,Tunnel Ridge Complex,Tunnel Ridge Complex,Tunnel Ridge Complex,Tunnel Ridge Complex,Tunnel Ridge Complex,Tunnel Ridge Complex,Tunnel Ridge Complex,Tunnel Ridge Complex,,,,,,,,,,,,Mine,Mine,Mine,Mine,Mine,Mine,Mine,Mine,Mine,Mine,,,,,,,,,,,,,,,,,,,,,,,,,,,,,,,,,,,957.0,957.0,957.0,957.0,957.0,957.0,957.0,957.0,957.0,957.0,,,,,,,,,,,,F.coal,F.coal,F.coal,F.coal,F.coal,F.coal,F.coal,F.coal,F.coal,F.coal,,,,,,,,,,,,,,,,,,,,,,,,,,,,,,,,,,,,,,,,,,,,,,,,,,,,,,,,,,,,,,,,,,,,,,,,,,,,,,,,,,,,,,,,,,,,,,,,,,,,,,,,,,99610560.0,99519840.0,99247680.0,97433280.0,94076640.0,88361280.0,83280960.0,77293440.0,71124480.0,64955519.99999999,,,,,,,,,,,,,,,,,,,,,,,,,,,,,,,,,,,,,,,,,,,,,,,,,,,,,,,,,,
COM01303.00,Coal,United States of America,55819.0,18.0,1.0,95.29,,,,,,,,,,,,,,,816480.0,816480.0,637762.0,849139.0,1075032.0,610546.0,408240.0,191419.0,62597.0,,,,,,,,,,,,,816480.0,816480.0,637762.0,849139.0,1075032.0,610546.0,408240.0,191419.0,62597.0,,,,,,,,,,,,,,,,,,,,,,,,,,,,,,,,,,,,,,,,,,,,,,,,,,,,,,,Bituminous coal,Bituminous coal,Bituminous coal,Bituminous coal,Bituminous coal,Bituminous coal,Bituminous coal,Bituminous coal,Bituminous coal,,,,,,,,,,,,,,,,,,,,,,,,,,,,,,,,,,,,,,,,,,,,,,,,,,,,,,,,,,,,,,,,,,,,,,,,,,,,,,,,,,,,,,,,,,,,,,,,,,,Surface,Surface,Surface,Surface,Surface,Surface,Surface,Surface,Surface,,,,,,,,,,,,,Tuscarawas,Tuscarawas,Tuscarawas,Tuscarawas,Tuscarawas,Tuscarawas,Tuscarawas,Tuscarawas,Tuscarawas,,,,,,,,,,,,,Mine,Mine,Mine,Mine,Mine,Mine,Mine,Mine,Mine,,,,,,,,,,,,,,,,,,,,,,,,,,,,,,,,,,,,958.0,958.0,958.0,958.0,958.0,958.0,958.0,958.0,958.0,,,,,,,,,,,,,F.obc,F.obc,F.obc,F.obc,F.obc,F.obc,F.obc,F.obc,F.obc,,,,,,,,,,,,,,,,,,,,,,,,,,,,,,,,,,,,,,,,,,,,,,,,,,,,,,,,,,,,,,,,,,,,,,,,,,,,,,,,,,,,,,,,,,,,,,,,,,,,,,,,,,,8783510.8,7967030.800000001,7150550.800000001,6512788.800000001,5663649.800000001,4588617.800000001,3978071.8,3569831.8000000003,3378412.8000000003,,,,,,,,,,,,,,,,,,,,,,,,,,,,,,,,,,,,,,,,,,,,,,,,,,,,,,,,,,,
COM01304.00,Other mine,United States of America,55819.0,18.0,1.0,,,,,,,,,,,,,,,,,,,,,,,,,,,,,,,,,,,,,,,,,,,,,,,,,,,,,,,,,,,,,,,,,,,,,,,,,,,,,,,,,,,,,,,,,,,,,,,,,,,,,,,,,,,,Bituminous coal,,,,,,,,,,,,,,,,,,,,,,,,,,,,,,,,,,,,,,,,,,,,,,,,,,,,,,,,,,,,,,,,,,,,,,,,,,,,,,,,,,,,,,,,,,,,,,,,,,,,,,,,,,,Surface,,,,,,,,,,,,,,,,,,,,,Tusky,,,,,,,,,,,,,,,,,,,,,Mine,,,,,,,,,,,,,,,,,,,,,,,,,,,,,,,,,,,,,,,,,,,,959.0,,,,,,,,,,,,,,,,,,,,,F.obc,,,,,,,,,,,,,,,,,,,,,,,,,,,,,,,,,,,,,,,,,,,,,,,,,,,,,,,,,,,,,,,,,,,,,,,,,,,,,,,,,,,,,,,,,,,,,,,,,,,,,,,,,,,,,,,,,,,14968800.0,,,,,,,,,,,,,,,,,,,,,,,,,,,,,,,,,,,,,,,,,,,,,,,,,,,,,,,,,,,
COM01310.00,Other (poly)-metallic,South Africa,16266.82,14.0,1.0,,,,,,,,,,,,,,,,,,,,,,,,,,,,,,,,,,,,,,,,,,,,,,,,,,,,,,,0.016508,0.015535,0.017574,0.018502,0.018918,0.022695,0.020078,0.021337,0.021107,0.021729,0.021678,0.020677,0.019319,,,,,,,,,11364.0,11366.0,11368.0,11370.0,11372.0,11374.0,11376.0,11379.0,11382.0,11385.0,11388.0,11391.0,11394.0,,,,,,,,,"Platinum, Palladium, Rhodium, Ruthenium, Iridium, Gold, Nickel, Copper, Chrome","Platinum, Palladium, Rhodium, Ruthenium, Iridium, Gold, Nickel, Copper, Chrome","Platinum, Palladium, Rhodium, Ruthenium, Iridium, Gold, Nickel, Copper, Chrome","Platinum, Palladium, Rhodium, Ruthenium, Iridium, Gold, Nickel, Copper, Chrome","Platinum, Palladium, Rhodium, Ruthenium, Iridium, Gold, Nickel, Copper, Chrome","Platinum, Palladium, Rhodium, Ruthenium, Iridium, Gold, Nickel, Copper, Chrome","Platinum, Palladium, Rhodium, Ruthenium, Iridium, Gold, Nickel, Copper, Chrome","Platinum, Palladium, Rhodium, Ruthenium, Iridium, Gold, Nickel, Copper, Chrome","Platinum, Palladium, Rhodium, Ruthenium, Iridium, Gold, Nickel, Copper, Chrome","Platinum, Palladium, Rhodium, Ruthenium, Iridium, Gold, Nickel, Copper, Chrome","Platinum, Palladium, Rhodium, Ruthenium, Iridium, Gold, Nickel, Copper, Chrome","Platinum, Palladium, Rhodium, Ruthenium, Iridium, Gold, Nickel, Copper, Chrome","Platinum, Palladium, Rhodium, Ruthenium, Iridium, Gold, Nickel, Copper, Chrome",,,,,,,,,,,,,,,,,,,,,,,,,,,,,,0.034,0.037,0.046,0.054,0.056,0.07,0.064,0.07,0.071,0.076,0.076,0.072,0.066,,,,,,,,,Me.Au,Me.Au,Me.Au,Me.Au,Me.Au,Me.Au,Me.Au,Me.Au,Me.Au,Me.Au,Me.Au,Me.Au,Me.Au,,,,,,,,,,,Me.pgm,Me.pgm,Me.pgm,Me.pgm,Me.pgm,Me.pgm,Me.pgm,Me.pgm,Me.pgm,Me.pgm,Me.pgm,Me.pgm,Me.pgm,,,,,,,,,Underground,Underground,Underground,Underground,Underground,Underground,Underground,Underground,Underground,Underground,Underground,Underground,Underground,,,,,,,,,Two Rivers,Two Rivers,Two Rivers,Two Rivers,Two Rivers,Two Rivers,Two Rivers,Two Rivers,Two Rivers,Two Rivers,Two Rivers,Two Rivers,Two Rivers,,,,,,,,,Mine,Mine,Mine,Mine,Mine,Mine,Mine,Mine,Mine,Mine,Mine,Mine,Mine,,,,,,,,,,,,,,,,,,,,,,,,,,,,,,,,963.0,963.0,963.0,963.0,963.0,963.0,963.0,963.0,963.0,963.0,963.0,963.0,963.0,,,,,,,,,O.pgm,O.pgm,O.pgm,O.pgm,O.pgm,O.pgm,O.pgm,Con.Cr,Con.Cr,Con.Cr,Con.Cr,Con.Cr,Con.Cr,,,,,,,,,,,,,,,,,160951.0,240411.0,283765.0,275189.0,229642.0,219566.0,,,,,,,,,2040000.0,2370000.0,2620000.0,2920000.0,2950000.0,3100000.0,3170000.0,3280000.0,3360000.0,3510000.0,3500000.0,3460000.0,3400000.0,,,,,,,,,2040000.0,2370000.0,2620000.0,2920000.0,2950000.0,3100000.0,3170000.0,3280000.0,3360000.0,3510000.0,3500000.0,3460000.0,3400000.0,,,,,,,,,,,,,,,207.2350140803,,,,,,,,,,,,,,,3.5,,,,,,,,,101250000.0,99210000.0,96840000.0,94220000.0,91300000.0,88350000.0,85250000.0,82080000.0,78800000.0,75440000.0,71930000.0,68430000.0,64970000.0,,,,,,,,,,,,,,,,,,,,,,,,,,,,,,,,,,,,,,,,,,,,,,,,,,,,,,,,,,
COM01311.00,Copper,United States of America,55819.0,54.0,1.0,2279.37,,,,,,,,,,,,,,,,,,,,,,,,,,,,,,,,,,,,,,,,,,,,,,,2600.0,2900.0,3500.0,3400.0,,,,,,,,,,,,,,,,,,11396.0,11398.0,11400.0,11402.0,,,,,,,,,,,,,,,,,,Copper,Copper,Copper,Copper,Copper,Copper,Copper,Copper,Copper,Copper,Copper,Copper,Copper,Copper,Copper,Copper,Copper,Copper,Copper,Copper,,0.0,0.0,0.0,0.0,,,,,,,,,,,,,,,,,,79300.0,76400.0,69900.0,56900.0,39008.944,36740.982,29029.912,22679.619,34473.02,39008.944,37194.574,34473.02,37648.167,43544.868,42637.683,38101.759,34473.02,27669.135,24947.58,21772.434,,Me.Cu,Me.Cu,Me.Cu,Me.Cu,Me.Cu,Me.Cu,Me.Cu,Me.Cu,Me.Cu,Me.Cu,Me.Cu,Me.Cu,Me.Cu,Me.Cu,Me.Cu,Me.Cu,Me.Cu,Me.Cu,Me.Cu,Me.Cu,,,,Me.Cu,Me.Cu,Me.Cu,Me.Cu,,,,,,,,,,,,,,,,Me.Cu,,"Open pit, SX-EW","Open pit, SX-EW","Open pit, SX-EW","Open pit, SX-EW","Open pit, SX-EW","Open pit, SX-EW","Open pit, SX-EW","Open pit, SX-EW","Open pit, SX-EW","Open pit, SX-EW","Open pit, SX-EW","Open pit, SX-EW","Open pit, SX-EW","Open pit, SX-EW","Open pit, SX-EW","Open pit, SX-EW","Open pit, SX-EW","Open pit, SX-EW","Open pit, SX-EW","Open pit, SX-EW",,Tyrone,Tyrone,Tyrone,Tyrone,Tyrone,Tyrone,Tyrone,Tyrone,Tyrone,Tyrone,Tyrone,Tyrone,Tyrone,Tyrone,Tyrone,Tyrone,Tyrone,Tyrone,Tyrone,Tyrone,,Mine,Mine,Mine,Mine,Mine,Mine,Mine,Mine,Mine,Mine,Mine,Mine,Mine,Mine,Mine,Mine,Mine,Mine,Mine,Mine,,,,,,,,,,,,,,,,,,,,,,,,,964.0,964.0,964.0,964.0,,,,,,,,,,,,,,,,964.0,,O.Cu,O.Cu,O.Cu,O.Cu,,,,,,,,,,,,,,,,O.Cu,,,,,,,,,,,,,,,,,,,,,,,,113937000.0,73990000.0,45515000.0,16319000.0,,,,,,,,,,,,,,,,,,51446000.0,27513000.0,34835000.0,10722000.0,,,,,,,,,,,,,,,,,,,,,,,,,,,,,,,,,,,,,,,,,,,,,,,,298761000.0,184824000.0,110834000.0,65319000.0,,,,,,,,,,,,,,,,49000000.0,,,,,,,,,,,,,,,,,,,,,,,,,,,,,,,,,,,,,,,,,,,,,,,,,,,,,,,,,,
COM01313.00,Coal,South Africa,16266.82,1.0,1.0,64.58,,,,,,,,,,,,,,,,,,,,,,,,,333000.0,,,,,,,,,,,,,,,,,,,,,501000.0,,,,,,,,,,,,,,,,,,,,,,,,,,,,,,,,,,,,,,,,,,,,,,,,,,,,,,,,,,,,,,,Thermal coal,,,,,,,,,,,,,,,,,,,,,,,,,,,,,,,,,,,,,,,,,,,,,,,,,,,,,,,,,,,,,,,,,,,,,,,,,,,,,,,,,,,,,,,,,,,,,,,,,,,,,,,,,,,,,,,,,,,,,,,,,,,,,,,,Ubuntu,,,,,,,,,,,,,,,,,,,,,Mine,,,,,,,,,,,,,,,,,,,1076.0,,,,,,,,,,,,,,,,,,,,,,,,,965.0,,,,,,,,,,,,,,,,,,,,,F.stc,,,,,,,,,,,,,,,,,,,,,,,,,,,,,,,,,,,,,,,,,,,,,,,,,,,,,,,,,,,,,,,,,,,,,,,,,,,,,,,,,,,,,,,,,,,,,,,,,,,,,,,,,,,,,,,,,,,9000000.0,,,,,,,,,,,,,,,,,,,,,,,,,,,,,,,,,,,,,,,,,,,,,,,,,,,,,,,,,
COM01314.00,Silver,Peru,10531.43,46.0,1.0,6.23,,,,,,,,,,,,,,,,,,,,,,,,,,,,,,,,,,,,,,,,,,,,,,,497.655629,543.37774,526.892897,534.979801,522.227375,526.581862,498.899768,498.277698,497.655629,434.826606,402.167955,405.589337,445.85,441.4,452.87,460.33,473.71,458.15,388.17,281.85,,11404.0,11406.0,11408.0,11410.0,11412.0,11414.0,11416.0,11418.0,11420.0,11422.0,11424.0,11426.0,11428.0,11430.0,11432.0,11434.0,11436.0,11438.0,11440.0,11442.0,,"Silver, Lead, Zinc, Manganese","Silver, Lead, Zinc, Manganese","Silver, Lead, Zinc, Manganese","Silver, Lead, Zinc, Manganese","Silver, Lead, Zinc, Manganese","Silver, Lead, Zinc, Manganese","Silver, Lead, Zinc, Manganese","Silver, Lead, Zinc, Manganese","Silver, Lead, Zinc, Manganese","Silver, Lead, Zinc, Manganese","Silver, Lead, Zinc, Manganese","Silver, Lead, Zinc, Manganese","Silver, Lead, Zinc, Manganese","Silver, Lead, Zinc, Manganese","Silver, Lead, Zinc, Manganese","Silver, Lead, Zinc, Manganese","Silver, Lead, Zinc, Manganese","Silver, Lead, Zinc, Manganese","Silver, Lead, Zinc, Manganese","Silver, Lead, Zinc, Manganese",,0.748,0.753,0.744,0.744,0.7367,0.742,0.745,0.725,0.757,0.74,0.707,0.712,0.7488,0.8062,0.8167,0.8387,0.8395,0.825,0.8743,0.8796,,270.894,304.166,291.939,297.801,305.787,317.649,301.431,307.074,355.075,328.278,288.288,313.809,350.289,355.932,374.928,432.91,504.216,515.753,479.565,330.932,,Me.Ag,Me.Ag,Me.Ag,Me.Ag,Me.Ag,Me.Ag,Me.Ag,Me.Ag,Me.Ag,Me.Ag,Me.Ag,Me.Ag,Me.Ag,Me.Ag,Me.Ag,Me.Ag,Me.Ag,Me.Ag,Me.Ag,Me.Ag,,,,Me.Ag,Me.Ag,Me.Ag,Me.Ag,Me.Ag,Me.Ag,Me.Ag,Me.Ag,Me.Ag,Me.Ag,Me.Ag,Me.Ag,Me.Ag,Me.Ag,Me.Ag,Me.Ag,Me.Ag,Me.Ag,Me.Ag,Me.Ag,,Underground,Underground,Underground,Underground,Underground,Underground,Underground,Underground,Underground,Underground,Underground,Underground,Underground,Underground,Underground,Underground,Underground,Underground,Underground,Underground,,Uchucchacua,Uchucchacua,Uchucchacua,Uchucchacua,Uchucchacua,Uchucchacua,Uchucchacua,Uchucchacua,Uchucchacua,Uchucchacua,Uchucchacua,Uchucchacua,Uchucchacua,Uchucchacua,Uchucchacua,Uchucchacua,Uchucchacua,Uchucchacua,Uchucchacua,Uchucchacua,,Mine,Mine,Mine,Mine,Mine,Mine,Mine,Mine,Mine,Mine,Mine,Mine,Mine,Mine,Mine,Mine,Mine,Mine,Mine,Mine,,,,,,,,,,,,,,,,,,,,,,,,,966.0,966.0,966.0,966.0,966.0,966.0,966.0,966.0,966.0,966.0,966.0,966.0,966.0,966.0,966.0,966.0,966.0,966.0,966.0,966.0,,O.bulk,O.bulk,O.bulk,O.bulk,O.bulk,O.bulk,O.bulk,O.bulk,O.bulk,O.bulk,O.bulk,O.bulk,O.bulk,O.bulk,O.bulk,O.bulk,O.bulk,O.bulk,O.bulk,O.bulk,,,,,,,,,,,,,,,,,,,,,,,,725775.0,743290.0,744690.0,747190.0,795036.0,813220.0,810280.0,850463.0,950430.0,1017117.0,1013395.0,1086124.0,1049302.0,1001102.0,1013633.0,1121474.0,1267752.0,1364478.0,1387775.0,1335018.0,,725775.0,743290.0,744690.0,747190.0,795036.0,813220.0,810280.0,850463.0,950430.0,1017117.0,1013395.0,1086124.0,1049302.0,1001102.0,1013633.0,1121474.0,1267752.0,1364478.0,1387775.0,1335018.0,,,,,,,,,,,,,,,,,,,,,,,,,,,,,,,,28928303.0,28202528.0,27459238.0,26714548.0,25967358.0,25172322.0,24359102.0,23548822.0,22698359.0,21747929.0,20730812.0,19717417.0,18631293.0,17581991.0,16580889.0,15567256.0,14445782.0,13178030.0,11813552.0,10425777.0,,,,,,,,,,,,,,,,,,,,,,,,,,,,,,,,,,,,,,,,,,,,,,,,,,,,,,,,,,
COM01319.00,Iron,United States of America,55819.0,56.0,1.0,39.21,,,,,,,,,,,,,,,,,,,,,,,,,,,,,,,,,,,,,,,,,,,,,,,,,,,,,,,,,,,,,,,,,,,,,,,,,,,,,,,,,,,,,,,,,,"Iron, Iron ore pellets","Iron, Iron ore pellets","Iron, Iron ore pellets","Iron, Iron ore pellets","Iron, Iron ore pellets","Iron, Iron ore pellets","Iron, Iron ore pellets","Iron, Iron ore pellets",,,,,"Iron, Iron ore pellets","Iron, Iron ore pellets","Iron, Iron ore pellets","Iron, Iron ore pellets","Iron, Iron ore pellets","Iron, Iron ore pellets","Iron, Iron ore pellets",,,,,,,,,,,,,,,,,,,,,,,,,,,,,,,,,,,,,,,,,,,,,,,,,,,,,,,,,,,,,,,,,,,,,,,,,,,,,,,,,,,,,,Me.Fe,,,Open pit,Open pit,Open pit,Open pit,Open pit,Open pit,Open pit,Open pit,,,,,Open pit,Open pit,Open pit,Open pit,Open pit,Open pit,Open pit,,,United Taconite,United Taconite,United Taconite,United Taconite,United Taconite,United Taconite,United Taconite,United Taconite,,,,,United Taconite,United Taconite,United Taconite,United Taconite,United Taconite,United Taconite,United Taconite,,,Mine,Mine,Mine,Mine,Mine,Mine,Mine,Mine,,,,,Mine,Mine,Mine,Mine,Mine,Mine,Mine,,,,,,,,,,,,,,,,,,,,,,,,,,,,,,,,,,,,,,,,,,,,970.0,,,Con.Fe,Con.Fe,Con.Fe,Con.Fe,Con.Fe,Con.Fe,Con.Fe,Con.Fe,,,,,Con.Fe,Con.Fe,Con.Fe,Con.Fe,Con.Fe,Con.Fe,Con.Fe,,,,4267397.0,4267397.0,1625675.0,4165793.0,4978630.0,4369002.0,5385049.0,5181840.0,,,,,5283444.0,4978630.0,3149746.0,1524070.0,4877026.0,5283444.0,5385049.0,,,,,,,,,,,,,,,,,,,,,,,,,,,,,,,,,,,,,,,,,,,,,,,,,,,,,,,,,,,,,,,,,,,,,,,,,,,,,,,,,,,,,,,,,,,,,817917835.0,,,,,,,,,,,,,,,,,,,,,,,,,,,,,,,,,,,,,,,,,,,,,,,,,,,,,,,,,,
COM01324.00,Coal,Russian Federation,11616.07,68.0,1.0,43.21,,,,,,993000.0,1617000.0,1871000.0,2236000.0,1573000.0,1880000.0,2077000.0,1130000.0,1300000.0,1300000.0,1400000.0,700000.0,1000000.0,700000.0,400000.0,800000.0,500000.0,600000.0,400000.0,400000.0,,993000.0,1617000.0,1871000.0,2236000.0,1573000.0,1880000.0,2077000.0,1130000.0,1300000.0,1300000.0,1400000.0,700000.0,1000000.0,700000.0,400000.0,800000.0,500000.0,600000.0,400000.0,400000.0,,,,,,,,,,,,,,,,,,,,,,,,,,,,,,,,,,,,,,,,,,,,Coking coal,Coking coal,Coking coal,Coking coal,Coking coal,Coking coal,Coking coal,Coking coal,Coking coal,Coking coal,Coking coal,Coking coal,Coking coal,Coking coal,Coking coal,Coking coal,Coking coal,Coking coal,Coking coal,Coking coal,,,,,,,,,,,,,,,,,,,,,,,,,,,,,,,,,,,,,,,,,,,,,,,,,,,,,,,,,,,,,,,,,,,,,,,,,,,,,,,,,,,,,,,,Underground,Underground,Underground,Underground,Underground,Underground,Underground,Underground,Underground,Underground,Underground,Underground,Underground,Underground,Underground,Underground,Underground,Underground,Underground,Underground,,V.I. Lenina,V.I. Lenina,V.I. Lenina,V.I. Lenina,V.I. Lenina,V.I. Lenina,V.I. Lenina,V.I. Lenina,V.I. Lenina,V.I. Lenina,V.I. Lenina,V.I. Lenina,V.I. Lenina,V.I. Lenina,V.I. Lenina,V.I. Lenina,V.I. Lenina,V.I. Lenina,V.I. Lenina,V.I. Lenina,,Mine,Mine,Mine,Mine,Mine,Mine,Mine,Mine,Mine,Mine,Mine,Mine,Mine,Mine,Mine,Mine,Mine,Mine,Mine,Mine,,,,,,,,,,,,,,,,,,,,,,,,,,,,,,,,,,,,,,,,,,,,973.0,,F.coc,F.coc,F.coc,F.coc,F.coc,F.coc,F.coc,F.coc,F.coc,F.coc,F.coc,F.coc,F.coc,F.coc,F.coc,F.coc,F.coc,F.coc,F.coc,F.coal,,,,,,,,,,,,,,,,,,,,,,,,,,,,,,,,,,,,,,,,,,,,,,,,,,,,,,,,,,,,,,,,,,,,,,,,,,,,,,,,,,,,,,,,,,,,,,,,,,,,,,,,,,,,,,,,,,,37423000.0,,,,,,,,,,,,,,,,,,,,,,,,,,,,,,,,,,,,,,,,,,,,,,,,,,,,,,,,,
COM01342.00,Coal,Russian Federation,11616.07,88.0,1.0,67.27,,,,,,,,,,,,6453000.0,6167000.0,6033300.0,5936566.0,5416996.0,5889760.0,6168711.0,4904980.0,5675159.0,4146803.0,3280122.0,3374000.0,4671000.0,10261000.0,,,,,,,,6453000.0,6167000.0,6033300.0,5936566.0,5416996.0,5889760.0,6168711.0,4904980.0,5675159.0,4146803.0,3280122.0,3374000.0,4671000.0,10261000.0,,,,,,,,,,,,,,,,,,,,,,,,,,,,,,,,,,,,,,,,,,,,,,,,,,"Hard coking coal, Semi-soft coking coal, Thermal coal, Coking coal concentrate","Hard coking coal, Semi-soft coking coal, Thermal coal, Coking coal concentrate","Hard coking coal, Semi-soft coking coal, Thermal coal, Coking coal concentrate","Hard coking coal, Semi-soft coking coal, Thermal coal, Coking coal concentrate","Hard coking coal, Semi-soft coking coal, Thermal coal, Coking coal concentrate","Hard coking coal, Semi-soft coking coal, Thermal coal, Coking coal concentrate","Hard coking coal, Semi-soft coking coal, Thermal coal, Coking coal concentrate","Hard coking coal, Semi-soft coking coal, Thermal coal, Coking coal concentrate","Hard coking coal, Semi-soft coking coal, Thermal coal, Coking coal concentrate","Hard coking coal, Semi-soft coking coal, Thermal coal, Coking coal concentrate","Hard coking coal, Semi-soft coking coal, Thermal coal, Coking coal concentrate","Hard coking coal, Semi-soft coking coal, Thermal coal, Coking coal concentrate","Hard coking coal, Semi-soft coking coal, Thermal coal, Coking coal concentrate","Hard coking coal, Semi-soft coking coal, Thermal coal, Coking coal concentrate",,,,,,,,,,,,,,,,,,,,,,,,,,,,,,,,,,,,,,,,,,,,,,,,,,,,,,,,,,,,,,,,,,,,,,,,,,,,,,,,,,,,,,,,,,,,,,"Open pit, Underground","Open pit, Underground","Open pit, Underground","Open pit, Underground","Open pit, Underground","Open pit, Underground","Open pit, Underground","Open pit, Underground","Open pit, Underground","Open pit, Underground","Open pit, Underground","Open pit, Underground","Open pit, Underground","Open pit, Underground",,,,,,,,Vorkutaugol,Vorkutaugol,Vorkutaugol,Vorkutaugol,Vorkutaugol,Vorkutaugol,Vorkutaugol,Vorkutaugol,Vorkutaugol,Vorkutaugol,Vorkutaugol,Vorkutaugol,Vorkutaugol,Vorkutaugol,,,,,,,,Mine,Mine,Mine,Mine,Mine,Mine,Mine,Mine,Mine,Mine,Mine,Mine,Mine,Mine,,,,,,,,,,,,,,,,,,,,,,,,,,,,,,,,,,,,,,,,,,,,,,,,,,,,F.coc,F.coc,F.coc,F.coc,F.coc,F.coc,F.coc,F.coc,F.coc,F.coc,F.coc,F.coc,F.coc,F.coc,,,,,,,,,,,,,,,,,,,,,,,,,,,,,,,,,,,,,,,,,,,,,,,,,,,,,,,,,,,,,,,,,,,,,,,,,,,,,,,,,,,,,,,,,,,,,,,,,,,,,,,,,,,,,,,,,,,,,,,,,,,,,,,,,,,,,,,,,,,,,,,,,,,,,,,,,,,,,,,,,,,,,,,,,,,,
COM01343.00,Coal,United States of America,55819.0,28.0,1.0,33.2,,,,,1814400.0,2086560.0,1995840.0,1723680.0,1360800.0,1088640.0,272160.0,,,,,,,,,,,,,,,1814400.0,2086560.0,1995840.0,1723680.0,1360800.0,1088640.0,272160.0,,,,,,,,,,,,,,,,,,,,,,,,,,,,,,,,,,,,,,,,,,,,,,,,,,,,,,,,,Coal,Coal,Coal,Coal,Coal,Coal,Coal,,,,,,,,,,,,,,,,,,,,,,,,,,,,,,,,,,,,,,,,,,,,,,,,,,,,,,,,,,,,,,,,,,,,,,,,,,,,,,,,,,,,,,,,,,,,,,,,,,,,,Underground,Underground,Underground,Underground,Underground,Underground,Underground,,,,,,,,,,,,,,,VP-8,VP-8,VP-8,VP-8,VP-8,VP-8,VP-8,,,,,,,,,,,,,,,Mine,Mine,Mine,Mine,Mine,Mine,Mine,,,,,,,,,,,,,,,,,,,,,,,,,,,,,,,,,,,,,,,,,,,,,,,,,,,,,,,,,,,F.coal,F.coal,F.coal,F.coal,F.coal,F.coal,F.coal,,,,,,,,,,,,,,,,,,,,,,,,,,,,,,,,,,,,,,,,,,,,,,,,,,,,,,,,,,,,,,,,,,,,,,,,,,,,,,,,,,,,,,,,,,,,,,,,,,,,,,,,,,,,,,,,,,,,,,,,,,,,,,,,,,,,,,,,,,,,,,,,,,,,,,,,,,,,,,,,,,,,,,,,,,,,,,,,,,,,,,,,,,
COM01345.00,Iron,Canada,43833.79,49.0,0.0,36.19,,,,,,,,,,,,,,,,,,,,,,,,,,,,,,,,,,,,,,,,,,,,,,,,,,,,,,,,,,,,,,,,,,,,,,,,,,,,,,,,,,,,,,,,,"Iron, Iron ore pellets","Iron, Iron ore pellets","Iron, Iron ore pellets","Iron, Iron ore pellets","Iron, Iron ore pellets","Iron, Iron ore pellets","Iron, Iron ore pellets","Iron, Iron ore pellets","Iron, Iron ore pellets",,,,,"Iron, Iron ore pellets","Iron, Iron ore pellets",,,,,,,,,,,,,,,,,,,,,,,,,,,,,,,,,,,,,,,,,,,,,,,,,,,,,,,,,,,,,,,,,,,,,,,,,,,,,,,,,,,,,,,,,,,,,Open pit,Open pit,Open pit,Open pit,Open pit,Open pit,Open pit,Open pit,Open pit,,,,,Open pit,Open pit,,,,,,,Wabush,Wabush,Wabush,Wabush,Wabush,Wabush,Wabush,Wabush,Wabush,,,,,Wabush,Wabush,,,,,,,Mine,Mine,Mine,Mine,Mine,Mine,Mine,Mine,Mine,,,,,Mine,Mine,,,,,,,,,,,,,,,,,,,,,,,,,,,,,,,,,,,,,,,,,,,,,,,,,,,Con.Fe,Con.Fe,Con.Fe,Con.Fe,Con.Fe,Con.Fe,Con.Fe,Con.Fe,Con.Fe,,,,,Con.Fe,Con.Fe,,,,,,,,5900000.0,4470607.0,4572212.0,5283444.0,3860979.0,4978630.0,4165793.0,4673816.0,4267397.0,,,,,2844932.0,304814.0,,,,,,,,,,,,,,,,,,,,,,,,,,,,,,,,,,,,,,,,,,,,,,,,,,,,,,,,,,,,,,,,,,,,,,,,,,,,,,,,,,,,,,,,,,,,,,,,,,,,,,,,,,,,,,,,,,,,,,,,,,,,,,,,,,,,,,,,,,,,,,,,,,,,,,,,,,,,
COM01348.00,Coal,Indonesia,12285.78,14.0,1.0,67.27,,,,,,,,,,,,10000.0,770000.0,2890000.0,2600000.0,4300000.0,3800000.0,3200000.0,2100000.0,1800000.0,1100000.0,1100000.0,1100000.0,1500000.0,,,,,,,,,10000.0,770000.0,2890000.0,2600000.0,4300000.0,3800000.0,3200000.0,2100000.0,1800000.0,1100000.0,1100000.0,1100000.0,1500000.0,,,,,,,,,,,,,,,,,,,,,,,,,,,,,,,,,,,,,,,,,,,,,,,,,,,Bituminous coal,Bituminous coal,Bituminous coal,Bituminous coal,Bituminous coal,Bituminous coal,Bituminous coal,Bituminous coal,Bituminous coal,Bituminous coal,Bituminous coal,Bituminous coal,Bituminous coal,,,,,,,,,,,,,,,,,,,,,,,,,,,,,,,,,,,,,,,,,,,,,,,,,,,,,,,,,,,,,,,,,,,,,,,,,,,,,,,,,,,,,,,,,,,,,,,Open pit,Open pit,Open pit,Open pit,Open pit,Open pit,Open pit,Open pit,Open pit,Open pit,Open pit,Open pit,Open pit,,,,,,,,,Wahana Baratama,Wahana Baratama,Wahana Baratama,Wahana Baratama,Wahana Baratama,Wahana Baratama,Wahana Baratama,Wahana Baratama,Wahana Baratama,Wahana Baratama,Wahana Baratama,Wahana Baratama,Wahana Baratama,,,,,,,,,Mine,Mine,Mine,Mine,Mine,Mine,Mine,Mine,Mine,Mine,Mine,Mine,Mine,,,,,,,,,,,,,,,,,,,,,,,,,,,,,,,,981.0,981.0,981.0,981.0,981.0,981.0,981.0,981.0,981.0,981.0,981.0,981.0,981.0,,,,,,,,,F.coal,F.coal,F.coal,F.coal,F.coal,F.coal,F.coal,F.coal,F.coal,F.coal,F.coal,F.coal,F.coal,,,,,,,,,,,,,,,,,,,,,,,,,,,,,,,,,,,,,,,,,,,,,,,,,,,,,,,,,,,,,,,,,,,,,,,,,,,,,,,,,,,,,,,,,,,,,,,,,,,,,,,37770000.0,37760000.0,36990000.0,34100000.0,31500000.0,27200000.0,23400000.0,20200000.0,18100000.0,16300000.0,15200000.0,14100000.0,13000000.0,,,,,,,,,,,,,,,,,,,,,,,,,,,,,,,,,,,,,,,,,,,,,,,,,,,,,,,,,,
COM01350.00,Gold,New Zealand,40902.1,33.0,1.0,672.01,,,,,,,,,,,,,,,,,,,,,,,,,,,,,,,,,,,,,,,,,,,,,,,,,,,,,,4.821028,4.209994,4.930101,3.277284,2.755832,4.644572,4.569158,3.686414,,8.07,8.61,6.82,5.61,,,,,,,,,11638.0,11640.0,11642.0,11644.0,11646.0,11648.0,11650.0,11652.0,,11654.0,11656.0,11658.0,11660.0,,,,,,,,Gold,Gold,Gold,Gold,Gold,Gold,Gold,Gold,Gold,Gold,Gold,Gold,Gold,Gold,,,,,,,,,,,,,,,,,,0.91,0.912,0.886,0.866,,,,,,,,3.396,2.406,4.075,3.198,3.056,2.745,1.896,3.113,3.736,5.348,3.608,3.704,2.597,2.118,,,,,,,,Me.Au,Me.Au,Me.Au,Me.Au,Me.Au,Me.Au,Me.Au,Me.Au,Me.Au,Me.Au,Me.Au,Me.Au,Me.Au,Me.Au,,,,,,,,,,,Me.Au,Me.Au,Me.Au,Me.Au,Me.Au,Me.Au,Me.Au,Me.Au,,Me.Au,Me.Au,Me.Au,Me.Ag,,,,,,,,"Open Pit, Underground","Open Pit, Underground","Open Pit, Underground","Open Pit, Underground","Open Pit, Underground","Open Pit, Underground","Open Pit, Underground","Open Pit, Underground","Open Pit, Underground","Open Pit, Underground","Open Pit, Underground","Open Pit, Underground","Open Pit, Underground","Open Pit, Underground",,,,,,,,Waihi,Waihi,Waihi,Waihi,Waihi,Waihi,Waihi,Waihi,Waihi,Waihi,Waihi,Waihi,Waihi,Waihi,,,,,,,,Mine,Mine,Mine,Mine,Mine,Mine,Mine,Mine,Mine,Mine,Mine,Mine,Mine,Mine,,,,,,,1083.0,1084.0,1085.0,1086.0,1087.0,1088.0,1089.0,1090.0,,1091.0,1092.0,1093.0,1094.0,,,,,,,,,,,,,982.0,982.0,982.0,982.0,982.0,982.0,982.0,982.0,,982.0,982.0,982.0,983.0,,,,,,,,O.Au,O.Au,O.Au,O.Au,O.Au,O.Au,O.Au,O.Au,O.Au,O.Au,O.Au,O.Au,O.Au,O.Au,,,,,,,,,,,,,,,,,,,,,,,,,,,,,,,801058.0,877262.0,1274616.0,937138.0,322963.0,395539.0,689472.0,1010621.0,,479000.0,474000.0,434000.0,433000.0,,,,,,,,,498960.0,967982.0,648648.0,932602.0,996106.0,408240.0,681307.0,1013342.0,,489000.0,473000.0,429000.0,436000.0,,,,,,,,,,10.20582828,,,,,23.246608966600004,,,,,,,,,,4.564273223930001,,,,,27.403260869565216,,,,,,,,,7498048.0,6696990.0,5819728.0,4545112.0,3607974.0,3285011.0,2889472.0,2200000.0,,1721000.0,1247000.0,813000.0,920000.0,,,,,,,3723148.8,2084745.6,1886976.0,1780833.6,2313360.0,2410430.4,1964995.2,2047550.4,,,,,,,,,,,,Waste rock,Waste rock,Waste rock,Waste rock,Waste rock,Waste rock,Waste rock,Waste rock,,Waste rock,Waste rock,Waste rock,Waste rock,,,,,,,3166128.0,1539518.4,935323.2,1215648.0,2313360.0,2389564.8000000003,1774483.2000000002,1353542.4,,193959.36,342105.12000000005,186883.2,127915.2,
COM01353.00,Coal,United States of America,55819.0,36.0,1.0,33.91,,,,,,,1451520.0,2177280.0,2812320.0,3719520.0,4082400.0,4173120.0,4626720.0,5624640.0,5261760.0,4898880.0,5352480.0,5352480.0,4626720.0,3628800.0,3447360.0,3265920.0,3175200.0,3356640.0,,,,1451520.0,2177280.0,2812320.0,3719520.0,4082400.0,4173120.0,4626720.0,5624640.0,5261760.0,4898880.0,5352480.0,5352480.0,4626720.0,3628800.0,3447360.0,3265920.0,3175200.0,3356640.0,,,,,,,,,,,,,,,,,,,,,,,,,,,,,,,,,,,,,,,,,,,,,,Coal,Coal,Coal,Coal,Coal,Coal,Coal,Coal,Coal,Coal,Coal,Coal,Coal,Coal,Coal,Coal,Coal,Coal,,,,,,,,,,,,,,,,,,,,,,,,,,,,,,,,,,,,,,,,,,,,,,,,,,,,,,,,,,,,,,,,,,,,,,,,,,,,,,,,,,,,,,,,,,Underground,Underground,Underground,Underground,Underground,Underground,Underground,Underground,Underground,Underground,Underground,Underground,Underground,Underground,Underground,Underground,Underground,Underground,,,,Warrior Complex,Warrior Complex,Warrior Complex,Warrior Complex,Warrior Complex,Warrior Complex,Warrior Complex,Warrior Complex,Warrior Complex,Warrior Complex,Warrior Complex,Warrior Complex,Warrior Complex,Warrior Complex,Warrior Complex,Warrior Complex,Warrior Complex,Warrior Complex,,,,Mine,Mine,Mine,Mine,Mine,Mine,Mine,Mine,Mine,Mine,Mine,Mine,Mine,Mine,Mine,Mine,Mine,Mine,,,,,,,,,,,,,,,,,,,,,,,,,,,986.0,986.0,986.0,986.0,986.0,986.0,986.0,986.0,986.0,986.0,986.0,986.0,986.0,986.0,986.0,986.0,986.0,986.0,,,,F.coal,F.coal,F.coal,F.coal,F.coal,F.coal,F.coal,F.coal,F.coal,F.coal,F.coal,F.coal,F.coal,F.coal,F.coal,F.coal,F.coal,F.coal,,,,,,,,,,,,,,,,,,,,,,,,,,,,,,,,,,,,,,,,,,,,,,,,,,,,,,,,,,,,,,,,,,,,,,,,,,,,,,,,,,,,,,,,,,,,,,,,,,149052960.0,147601440.0,145424160.0,142611840.0,138892320.0,134809920.0,130636800.0,126010080.0,120385440.0,115123680.0,110224800.0,104872320.0,99519840.0,94893120.0,91264320.0,87816960.0,84551040.0,81375840.0,,,,,,,,,,,,,,,,,,,,,,,,,,,,,,,,,,,,,,,,,,,,,,,,,,,,,,,,,,
COM01358.00,Coal,China,19604.88,24.0,1.0,107.05,,,,,,,,,,,,,,,,2100000.0,4600000.0,4100000.0,4100000.0,1000000.0,,,,,,,,,,,,,,,,,2100000.0,4600000.0,4100000.0,4100000.0,1000000.0,,,,,,,,,,,,,,,,,,,,,,,,,,,,,,,,,,,,,,,,,,,,,,,,,,,,,,,,,,,Thermal coal,Thermal coal,Thermal coal,Thermal coal,Thermal coal,,,,,,,,,,,,,,,,,,,,,,,,,,,,,,,,,,,,,,,,,,,,,,,,,,,,,,,,,,,,,,,,,,,,,,,,,,,,,,,,,,,,,,,,,,,,,,,,,,,,,,,Underground,Underground,Underground,Underground,Underground,,,,,,,,,,,,,,,,,Wenyu,Wenyu,Wenyu,Wenyu,Wenyu,,,,,,,,,,,,,,,,,Mine,Mine,Mine,Mine,Mine,,,,,,,,,,,,,,,,,,,,,,,,,,,,,,,,,,,,,,,,,,,,,,,,,,,,,,,,,,,,,F.stc,F.stc,F.stc,F.stc,F.stc,,,,,,,,,,,,,,,,,,,,,,,,,,,,,,,,,,,,,,,,,,,,,,,,,,,,,,,,,,,,,,,,,,,,,,,,,,,,,,,,,,,,,,,,,,,,,,,,,,,,,,,,,,,,,,,,,,,,,,,,,,,,,,,,,,,,,,,,,,,,,,,,,,,,,,,,,,,,,,,,,,,,,,,,,,,,,,,,,
COM01359.00,Coal,Australia,56861.95,16.0,1.0,55.48,,,,,,,,,,,824000.0,1291000.0,784000.0,1107000.0,1280000.0,1722000.0,1343000.0,1547000.0,2310000.0,2309000.0,2150000.0,1635000.0,2091000.0,1647000.0,1413000.0,,,,,,,903000.0,1289000.0,774000.0,1123000.0,1283000.0,1809000.0,1274000.0,1677000.0,2356000.0,2242000.0,2110000.0,1809000.0,1960000.0,1682000.0,1401000.0,,,,,,,,,,,,,,,,,,,,,,,,,,,,,,,,,,,,,,,,,,,,,,,,,Coal,Coal,Coal,Coal,Coal,Coal,Coal,Coal,Coal,Coal,Coal,Coal,Coal,Coal,Coal,,,,,,,,,,,,,,,,,,,,,,,,,,,,,,,,,,,,,,,,,,,,,,,,,,,,,,,,,,,,,,,,,,,,,,,,,,,,,,,,,,,,,,,,,,,,,Open cut,Open cut,Open cut,Open cut,Open cut,Open cut,Open cut,Open cut,Open cut,Open cut,Open cut,Open cut,Open cut,Open cut,Open cut,,,,,,,Werris Creek,Werris Creek,Werris Creek,Werris Creek,Werris Creek,Werris Creek,Werris Creek,Werris Creek,Werris Creek,Werris Creek,Werris Creek,Werris Creek,Werris Creek,Werris Creek,Werris Creek,,,,,,,Mine,Mine,Mine,Mine,Mine,Mine,Mine,Mine,Mine,Mine,Mine,Mine,Mine,Mine,Mine,,,,,,,,,,,,,,,,,,,,,,,,,,,,,,989.0,989.0,989.0,989.0,989.0,989.0,989.0,989.0,989.0,989.0,989.0,989.0,989.0,989.0,989.0,,,,,,,F.coal,F.coal,F.coal,F.coal,F.coal,F.coal,F.coal,F.coal,F.coal,F.coal,F.coal,F.coal,F.coal,F.coal,F.coal,,,,,,,,,,,,,,,,,,,,,,,,,,,,,,,,,,,,,,,,,,,,,,,,,,,,,,,,,,,,,,,,,,,,,,,,,,,,,,,,,,,,,,,,,,,,,,,,,,,,,29791000.0,28888000.0,27599000.0,26825000.0,25702000.0,24419000.0,22610000.0,21336000.0,19659000.0,17303000.0,15061000.0,12951000.0,11142000.0,9182000.0,7500000.0,,,,,,,,,,,,,,,,,,,,,,,,,,,,,,,,,,,,,,,,,,,,,,,,,,,,,,,,,
COM01364.00,Iron,Liberia,2007.5,10.0,1.0,151.08,,,,,,,,,,,,,,,,,,,,,,,,,,,,,,,,,,,,,,,,,,,,,,,,,,,,,,,,,,605000.0,600000.0,600000.0,590000.0,590000.0,590000.0,600000.0,620000.0,620000.0,,,,,,,,,,,,,11698.0,11700.0,11702.0,11704.0,11706.0,11708.0,11710.0,11712.0,11714.0,,,,,,,,,,,,,Iron,Iron,Iron,Iron,Iron,Iron,Iron,Iron,Iron,,,,,,,,,,,,,0.0,0.0,0.0,0.0,0.0,0.0,0.0,0.0,0.0,,,,,,,,,,,,,786500.0,1950000.0,2460000.0,2891000.0,2537000.0,1239000.0,1200000.0,2852000.0,2728000.0,,,,,,,,,,,,,Me.Fe,Me.Fe,Me.Fe,Me.Fe,Me.Fe,Me.Fe,Me.Fe,Me.Fe,Me.Fe,,,,,,,,,,,,,,,Me.Fe,Me.Fe,Me.Fe,Me.Fe,Me.Fe,Me.Fe,Me.Fe,Me.Fe,Me.Fe,,,,,,,,,,,,,Open pit,Open pit,Open pit,Open pit,Open pit,Open pit,Open pit,Open pit,Open pit,,,,,,,,,,,,,Western Range Project,Western Range Project,Western Range Project,Western Range Project,Western Range Project,Western Range Project,Western Range Project,Western Range Project,Western Range Project,,,,,,,,,,,,,Mine,Mine,Mine,Mine,Mine,Mine,Mine,Mine,Mine,,,,,,,,,,,,,,,,,,,,,,,,,,,,,,,,,,,,991.0,991.0,991.0,991.0,991.0,991.0,991.0,991.0,991.0,,,,,,,,,,,,,O.Fe,O.Fe,O.Fe,O.Fe,O.Fe,O.Fe,O.Fe,O.Fe,O.Fe,,,,,,,,,,,,,,,,,,,,,,,,,,,,,,,,,,,1400000.0,3300000.0,3900000.0,4500000.0,4300000.0,2000000.0,1900000.0,4600000.0,4300000.0,,,,,,,,,,,,,1300000.0,3250000.0,4100000.0,4900000.0,4300000.0,2100000.0,2000000.0,4600000.0,4400000.0,,,,,,,,,,,,,,,,,,,,,,,,,,,,,,,,,,,,,,,,,,,505900000.0,504500000.0,501200000.0,497300000.0,492800000.0,488500000.0,486500000.0,484600000.0,480000000.0,,,,,,,,,,,,,,,,,,,,,,,,,,,,,,,,,,,,,,,,,,,,,,,,,,,,,,,,,,
COM01365.00,Coal,Australia,56861.95,20.0,0.0,55.48,,,,,,,,,,,780000.0,895000.0,751000.0,787000.0,802000.0,907000.0,97000.0,,,,,,,,,,,,,,,780000.0,895000.0,751000.0,787000.0,802000.0,907000.0,97000.0,,,,,,,,,,,,,,,,,,,,,,,,,,,,,,,,,,,,,,,,,,,,,,,,,,,,,,,,,Thermal coal,Thermal coal,Thermal coal,Thermal coal,Thermal coal,Thermal coal,Thermal coal,,,,,,,,,,,,,,,,,,,,,,,,,,,,,,,,,,,,,,,,,,,,,,,,,,,,,,,,,,,,,,,,,,,,,,,,,,,,,,,,,,,,,,,,,,,,,,,,,,,,,Open pit,Open pit,Open pit,Open pit,Open pit,Open pit,Open pit,,,,,,,,,,,,,,,Westside,Westside,Westside,Westside,Westside,Westside,Westside,,,,,,,,,,,,,,,Mine,Mine,Mine,Mine,Mine,Mine,Mine,,,,,,,,,,,,,,,,,,,,,,,,,,,,,,,,,,,,,,,,,,,,,,,,,,,,,,,,,,,F.stc,F.stc,F.stc,F.stc,F.stc,F.stc,F.stc,,,,,,,,,,,,,,,,,,,,,,,,,,,,,,,,,,,,,,,,,,,,,,,,,,,,,,,,,,,,,,,,,,,,,,,,,,,,,,,,,,,,,,,,,,,,,,,,,,,,,,,,,,,,,,,,,,,,,,,,,,,,,,,,,,,,,,,,,,,,,,,,,,,,,,,,,,,,,,,,,,,,,,,,,,,,,,,,,,,,
COM01366.00,Copper,Indonesia,12285.78,11.0,1.0,6410.56,,,,,,,,,,,,,,,,,,,,,,,,,,,,,,,,,,,,,,,,,,,,,,,,,,,,,,,,,,,,,,,,,25800.0,,,,,,,,,,,,,,,,,,,,,,,,,,,,,,,,,,,,,,,,,,Copper,Copper,,,,,,,,,,,,,,,,,,,,,,,,,,,,,,,,,,,,,,,,,17071.0,16777.0,,,,,,,,,,,,,,,,,,,,Me.Cu,Me.Cu,,,,,,,,,,,,,,,,,,,,,,Me.Cu,Me.Cu,,,,,,,,,,,,,,,,,,,,"Open pit, SX-EW plant","Open pit, SX-EW plant",,,,,,,,,,,,,,,,,,,,Wetar,Wetar,,,,,,,,,,,,,,,,,,,,Mine,Mine,,,,,,,,,,,,,,,,,,1101.0,,,,,,,,,,,,,,,,,,,,,,,,,992.0,992.0,,,,,,,,,,,,,,,,,,,,O.Cu,O.Cu,,,,,,,,,,,,,,,,,,,,,,,,,,,,,,,,,,,,,,,,,,1587951.0,,,,,,,,,,,,,,,,,,,,,1715607.0,,,,,,,,,,,,,,,,113500.0,,,,,,,,,,,,,,,13287.769784172662,,,,,,,,,,,,,,,,,,,,9927951.0,8340000.0,,,,,,,,,,,,,,,,,,,,,,,,,,,,,,,,,,,,,Waste rock,,,,,,,,,,,,,,,,,,,1718579.84,,
COM01368.00,Copper,Australia,56861.95,16.0,1.0,4194.84,,,,,,,,,,,,,,,,,,,,,,,,,,,,,,,,,,,,,,,,,,,,,,,,,,,,,9300.0,8700.0,9000.0,,,,,,,,,,,,,,,,,,,11756.0,11758.0,11760.0,,,,,,,,,,,,,,,,,,Copper,Copper,Copper,Copper,Copper,Copper,,,,,,,,,,,,,,,,,0.0,0.0,0.0,,,,,,,,,,,,,,,,,,8746.0,14800.0,15339.0,6037.0,10089.0,1275.0,,,,,,,,,,,,,,,,Me.Cu,Me.Cu,Me.Cu,Me.Cu,Me.Cu,Me.Cu,,,,,,,,,,,,,,,,,,,,,,,,,,,,,,,,,,,,,,,"Open pit, SX-EW","Open pit, SX-EW","Open pit, SX-EW","Open pit, SX-EW","Open pit, SX-EW","Open pit, SX-EW",,,,,,,,,,,,,,,,Whim Creek,Whim Creek,Whim Creek,Whim Creek,Whim Creek,Whim Creek,,,,,,,,,,,,,,,,Mine,Mine,Mine,Mine,Mine,Mine,,,,,,,,,,,,,,,,,,,,,,,,,,,,,,,,,,,,,,,,,,,,,,,,,,,,,,,,,,,,O.Cu,O.Cu,O.Cu,O.Cu,O.Cu,O.Cu,,,,,,,,,,,,,,,,,,,,,,,,,,,,,,,,,,,,,,,1740594.0,2196680.0,1032329.0,,,,,,,,,,,,,,,,,,,1508176.0,1922201.0,733262.0,,,,,,,,,,,,,,,,,,,,,,,,,,,,,,,,,,,,,,,,,,,,,,,,,,,,,,,,,,,,,,,,,,,,,,,,,,,,,,,,,,,,,,,,,,,,,,,,,,,,,,,,,,,,,,,,,,,,,,,,
COM01369.00,Coal,Canada,43833.79,54.0,0.0,67.27,,,,,,,,,,,,300000.0,1000000.0,900000.0,200000.0,,,,,,,,,,,,,,,,,,300000.0,1000000.0,900000.0,200000.0,,,,,,,,,,,,,,,,,,,,,,,,,,,,,,,,,,,,,,,,,,,,,,,,,,,,,,,,,,,,Thermal coal,Thermal coal,Thermal coal,Thermal coal,,,,,,,,,,,,,,,,,,,,,,,,,,,,,,,,,,,,,,,,,,,,,,,,,,,,,,,,,,,,,,,,,,,,,,,,,,,,,,,,,,,,,,,,,,,,,,,,,,,,,,,,,,,,,,,,,,,,,,,,,,,,,Whitewood,Whitewood,Whitewood,Whitewood,,,,,,,,,,,,,,,,,,Mine,Mine,Mine,Mine,,,,,,,,,,,,,,,,,,,,,,,,,,,,,,,,,,,,,,,,,,,,,,,,,,,,,,,,,,,,,,F.stc,F.stc,F.stc,F.stc,,,,,,,,,,,,,,,,,,,,,,,,,,,,,,,,,,,,,,,,,,,,,,,,,,,,,,,,,,,,,,,,,,,,,,,,,,,,,,,,,,,,,,,,,,,,,,,,,,,,,,,,,,,,,,,,,,,,,,,,,,,,,,,,,,,,,,,,,,,,,,,,,,,,,,,,,,,,,,,,,,,,,,,,,,,,,,,,,,,,,,
COM01373.00,Coal,Australia,56861.95,15.0,1.0,55.48,,,,,,,,,,,272160.0,4626720.0,6804000.0,7620480.0,8709120.0,9888480.0,11067840.0,12065760.0,13063680.0,10886400.0,12700800.0,12156480.0,12791520.0,12791520.0,,,,,,,,272160.0,4626720.0,6804000.0,7620480.0,8709120.0,9888480.0,11067840.0,12065760.0,13063680.0,10886400.0,12700800.0,12156480.0,12791520.0,12791520.0,,,,,,,,,,,,,,,,,,,,,,,,,,,,,,,,,,,,,,,,,,,,,,,,,,Thermal coal,Thermal coal,Thermal coal,Thermal coal,Thermal coal,Thermal coal,Thermal coal,Thermal coal,Thermal coal,Thermal coal,Thermal coal,Thermal coal,Thermal coal,Thermal coal,,,,,,,,,,,,,,,,,,,,,,,,,,,,,,,,,,,,,,,,,,,,,,,,,,,,,,,,,,,,,,,,,,,,,,,,,,,,,,,,,,,,,,,,,,,,,,Surface,Surface,Surface,Surface,Surface,Surface,Surface,Surface,Surface,Surface,Surface,Surface,Surface,Surface,,,,,,,,Wilpinjong,Wilpinjong,Wilpinjong,Wilpinjong,Wilpinjong,Wilpinjong,Wilpinjong,Wilpinjong,Wilpinjong,Wilpinjong,Wilpinjong,Wilpinjong,Wilpinjong,Wilpinjong,,,,,,,,Mine,Mine,Mine,Mine,Mine,Mine,Mine,Mine,Mine,Mine,Mine,Mine,Mine,Mine,,,,,,,,,,,,,,,,,,,,,,,,,,,,,,,995.0,995.0,995.0,995.0,995.0,995.0,995.0,995.0,995.0,995.0,995.0,995.0,995.0,995.0,,,,,,,,F.stc,F.stc,F.stc,F.stc,F.stc,F.stc,F.stc,F.stc,F.stc,F.stc,F.stc,F.stc,F.stc,F.stc,,,,,,,,,,,,,,,,,,,,,,,,,,,,,,,,,,,,,,,,,,,,,,,,,,,,,,,,,,,,,,,,,,,,,,,,,,,,,,,,,,,,,,,,,,,,,,,,,,,,,,217002240.0,216730080.0,212103360.0,205299360.0,197678880.0,188969760.0,179081280.0,168013440.0,155947680.0,142884000.0,131997600.0,119296800.0,107140320.0,94348800.0,,,,,,,,,,,,,,,,,,,,,,,,,,,,,,,,,,,,,,,,,,,,,,,,,,,,,,,,,,
COM01374.00,Gold,Australia,56861.95,5.0,1.0,1292.59,,,,,,,,,,,,,,,,,,,,,,,,,,,,,,,,,,,,,,,,,,,,,,,,,,,,,,,,,,,,,,,,1.4,1.4,1.3,1.4,,,,,,,,,,,,,,,,,,11762.0,11764.0,11766.0,11768.0,,,,,,,,,,,,,,,,,,Gold,Gold,Gold,Gold,,,,,,,,,,,,,,,,,,0.917,0.87,0.85,0.79,,,,,,,,,,,,,,,,,,1.226,2.195,2.034,1.925,,,,,,,,,,,,,,,,,,Me.Au,Me.Au,Me.Au,Me.Au,,,,,,,,,,,,,,,,,,,,Me.Au,Me.Au,Me.Au,Me.Au,,,,,,,,,,,,,,,,,,"Open pit, Underground","Open pit, Underground","Open pit, Underground","Open pit, Underground",,,,,,,,,,,,,,,,,,Wiluna,Wiluna,Wiluna,Wiluna,,,,,,,,,,,,,,,,,,Mine,Mine,Mine,Mine,,,,,,,,,,,,,,,,,,,,,,,,,,,,,,,,,,,,,,,,,996.0,996.0,996.0,996.0,,,,,,,,,,,,,,,,,,O.Au,O.Au,O.Au,O.Au,,,,,,,,,,,,,,,,,,,,,,,,,,,,,,,,,,,,,,,,1323616.0,1696842.0,1938606.0,2758258.0,,,,,,,,,,,,,,,,,,965300.0,1835057.0,1807931.0,1688291.0,,,,,,,,,,,,,,,39.689332382,,,,,,,,,,,,,,,1.7,,,,,,,,,,,,,,,,,,29659064.0,28335448.0,26638606.0,24700000.0,,,,,,,,,,,,,,,,,,,,,,,,,,,,,,,,,,,,,,,,,,,,,,,,,,,,,,,,,
COM01384.00,Iron,China,19604.88,17.0,1.0,74.12,,,,,,,,,,,,,,,,,,,,,,,,,,,,,,,,,,,,,,,,,,,,,,,,,,,,,,,,,,,,,,,,,,,,,,,,,,,,,,,,,,,,,,,,,,,,,,Iron ore,Iron ore,,Iron ore,,,,,,,,,Iron ore,Iron ore,,,,,,,,,,,,,,,,,,,,,,,,,,,,,,,,,,,,,,,,,,,,,,,,,,,,,,,,,,,,,,,,,,,,,,,,,,,,,,,,,,,,,,,,,,,,,,,,,,,,,,,,,,,,,,,,,,,Xinjiang Jinbao,Xinjiang Jinbao,,Xinjiang Jinbao,,,,,,,,,Xinjiang Jinbao,Xinjiang Jinbao,,,,,,,,Mine,Mine,,Mine,,,,,,,,,Mine,Mine,,,,,,,,,,,,,,,,,,,,,,,,,,,,,,,,,,,,,,,,,,,,,,,,,,,,Con.Fe,Con.Fe,,Con.Fe,,,,,,,,,Con.Fe,O.Fe,,,,,,,,,350000.0,600000.0,,904800.0,,,,,,,,,2430000.0,,,,,,,,,,,,,,,,,,,,,,2470000.0,,,,,,,,,,,,,,,,,,,,,2470000.0,,,,,,,,,,,,,,,,,,,,,,,,,,,,,,,,,,,,,,,,,,,,,,,,,,,,,,,,,,,,,,,,,,,,,,,,,,,,,,,,,,,,,,,,,,,,,,,,,,,,,,,,,,,,,,
COM01387.00,Iron,Russian Federation,11616.07,24.0,1.0,68.48,,,,,,,,,,,,,,,,,,,,,,,,,,,,,,,,,,,,,,,,,,,,,,,,,,,,,,,,,,,,,,,,,,,,,,,,,,,,,,,,,,,,,,,,,,,,,,,,,,,,,,,,,,,Iron,Iron,,,,,,,,,,,,,,,,,,,,,,,,,,,,,,,,,,,,,,,,,,,,,,,,,,,,,,,,,,,,,,,,,,,,,,,,,,,,,,,,,,,,,,,,,,,,,,,,,,,,,,,,,,,,,,,,,,,,,,,,,,,,,,,Yakovlevskiy,Yakovlevskiy,,,,,,,,,,,,,,,,,,,,Mine,Mine,,,,,,,,,,,,,,,,,,,,,,,,,,,,,,,,,,,,,,,,,,,,,,,,,,,,,,,,,,,,,,,,Con.Fe,Con.Fe,,,,,,,,,,,,,,,,,,,,,1210000.0,1381000.0,,,,,,,,,,,,,,,,,,,,,,,,,,,,,,,,,,,,,,,,,,,,,,,,,,,,,,,,,,,,,,,,,,,,,,,,,,,,,,,,,,,,,,,,,,,,,,,,,,,,,,,,,,,,,,,,,,,,,,,,,,,,,,,,,,,,,,,,,,,,,,,,,,,,,,,
COM01388.00,Gold,Peru,10531.43,28.0,1.0,350.72,,,,,,,,,,,,,,,,,,,,,,,,,,,,,,,,,,,,,,,,,,,,,,,,,,,,,,0.543685,0.602725,1.018395,1.458653,0.719657,0.548711,0.296936,0.488562,0.375585,0.491425,1.325866,1.235803,0.660832,,,,,,,,,11892.0,11894.0,11896.0,11898.0,11900.0,11902.0,11904.0,11906.0,11908.0,11910.0,11912.0,11914.0,11916.0,,"Gold, Silver","Gold, Silver","Gold, Silver","Gold, Silver","Gold, Silver","Gold, Silver","Gold, Silver","Gold, Silver","Gold, Silver","Gold, Silver","Gold, Silver","Gold, Silver","Gold, Silver","Gold, Silver","Gold, Silver","Gold, Silver","Gold, Silver","Gold, Silver","Gold, Silver","Gold, Silver",,,,,,,,,,,,,,,,,,,,,,,47.788,45.598,59.764,94.397,93.838,103.659,81.239,48.63,56.302,135.822,110.778,41.923,17.201,11.298,17.855,13.913,14.22,32.315,33.479,22.928,,Me.Ag,Me.Ag,Me.Ag,Me.Ag,Me.Ag,Me.Ag,Me.Ag,Me.Ag,Me.Ag,Me.Ag,Me.Ag,Me.Ag,Me.Ag,Me.Ag,Me.Ag,Me.Ag,Me.Ag,Me.Ag,Me.Ag,Me.Ag,,,,,,,,,,,,,,,,,,,,,Me.Ag,,,,"Open pit, Underground","Open pit, Underground","Open pit, Underground","Open pit, Underground","Open pit, Underground","Open pit, Underground","Open pit, Underground","Open pit, Underground","Open pit, Underground","Open pit, Underground","Open pit, Underground","Open pit, Underground","Open pit, Underground","Open pit, Underground","Open pit, Underground","Open pit, Underground","Open pit, Underground","Open pit, Underground","Open pit, Underground","Open pit, Underground",,Yanacocha,Yanacocha,Yanacocha,Yanacocha,Yanacocha,Yanacocha,Yanacocha,Yanacocha,Yanacocha,Yanacocha,Yanacocha,Yanacocha,Yanacocha,Yanacocha,Yanacocha,Yanacocha,Yanacocha,Yanacocha,Yanacocha,Yanacocha,,Mine,Mine,Mine,Mine,Mine,Mine,Mine,Mine,Mine,Mine,Mine,Mine,Mine,Mine,Mine,Mine,Mine,Mine,Mine,Mine,,,,,,,1107.0,1108.0,1109.0,1110.0,1111.0,1112.0,1113.0,1114.0,1115.0,1116.0,1117.0,1118.0,1119.0,,,,,,,,,,,,,,,,,,,,,,,1006.0,,,,O.Au,O.Au,O.Au,O.Au,O.Au,O.Au,O.Au,O.Au,O.Au,O.Au,O.Au,O.Au,O.Au,O.Au,O.Au,O.Au,O.Au,O.Au,O.Au,O.Au,,,,,,,,,,,,,,,,,,,,,,,,,,,,,,,89445384.0,93411662.0,133368379.0,75945341.0,58254034.0,31348296.0,38047968.0,36545645.0,37044605.0,28936958.0,24372835.0,27090806.0,34695864.0,,,,,,,,,89445384.0,93411662.0,133368379.0,75945341.0,58254034.0,31348296.0,38047968.0,36545645.0,37044605.0,28936958.0,24372835.0,27090806.0,34695864.0,,,,,,,,,,,,,1416.4269448556624,,,,,,,,,,,,,,,7.973926366213754,,,,,,,,,,,,,,,,,,,,,178941524.79644707,,,,,,,,,189487771.2,191894572.8,179225524.8,180956462.4,149639011.20000002,46533009.6,141996758.4,105536390.4,73144814.4,81943747.2,56653732.8,48301142.400000006,47775873.6,,,,,,,Waste rock,Waste rock,Waste rock,Waste rock,Waste rock,Waste rock,Waste rock,Waste rock,Waste rock,Waste rock,Waste rock,Waste rock,Waste rock,,,,,,,100042387.2,98482910.4,45857145.6,105011121.6,91384977.6,15184713.6,103948790.4,68990745.60000001,36100209.6,53006788.8,32280897.6,21210336.0,13117204.8,
COM01390.00,Iron,Australia,56861.95,29.0,1.0,36.19,,,,,,,,,,,,,,,,,,,,,,,,,,,,,,,,,,,,,,,,,,,,,,,,,,,,,,,,,,,,,,,,,,,,,,,,,,,,,,,,,,,,,,,,,Iron,Iron,Iron,Iron,Iron,Iron,Iron,Iron,Iron,Iron,Iron,Iron,Iron,Iron,Iron,Iron,Iron,Iron,Iron,Iron,,,,,,,,,,,,,,,,,,,,,,,,,,,,,,,,,,,,,,,,,,,,,,,,,,,,,,,,,,,,,,,,,,,,,,,,,,,,,,,,,,,,,,,,Open pit,Open pit,Open pit,Open pit,Open pit,Open pit,Open pit,Open pit,Open pit,Open pit,Open pit,Open pit,Open pit,Open pit,Open pit,Open pit,Open pit,Open pit,Open pit,Open pit,,Yandi,Yandi,Yandi,Yandi,Yandi,Yandi,Yandi,Yandi,Yandi,Yandi,Yandi,Yandi,Yandi,Yandi,Yandi,Yandi,Yandi,Yandi,Yandi,Yandi,,Mine,Mine,Mine,Mine,Mine,Mine,Mine,Mine,Mine,Mine,Mine,Mine,Mine,Mine,Mine,Mine,Mine,Mine,Mine,Mine,,,,,,,,,,,,,,,,,,,,,,,,,,,,,,,,,,,,,,,,,,,,,,O.Fe,O.Fe,O.Fe,O.Fe,O.Fe,O.Fe,O.Fe,O.Fe,O.Fe,O.Fe,O.Fe,O.Fe,O.Fe,O.Fe,O.Fe,O.Fe,O.Fe,O.Fe,O.Fe,O.Fe,,,,,,,,,,,,,,,,,,,,,,,,26609412.0,30762353.0,32065882.0,37397647.0,40187059.0,41954118.0,40230588.0,41821176.0,47383529.0,44491765.0,48701176.0,42894118.0,62983529.0,70651765.0,80609412.0,80648235.0,79264706.0,76888235.0,75350588.0,76702353.0,,26609412.0,30762353.0,32065882.0,37397647.0,40187059.0,41954118.0,40230588.0,41821176.0,47383529.0,44491765.0,48701176.0,42894118.0,62983529.0,70651765.0,80609412.0,80648235.0,79264706.0,76888235.0,75350588.0,76702353.0,,,,,,,,,,,,,,,,,,,,,,,,,,,,,,,,,,,,,,,,,,,,,,,,,,,,,,,,,,,,,,,,,,,,,,,,,,,,,,,,,,,,,,,,,,,,,,,,,,,,,,,,,,,,,
COM01391.00,Coal,China,19604.88,33.0,1.0,75.08,,,,,,,,,,,,,,,,,,1100000.0,1000000.0,1600000.0,,,,,,,,,,,,,,,,,,,1100000.0,1000000.0,1600000.0,,,,,,,,,,,,,,,,,,,,,,,,,,,,,,,,,,,,,,,,,,,,,,,,,,,,,,,,,,,,,Thermal coal,Thermal coal,Thermal coal,,,,,,,,,,,,,,,,,,,,,,,,,,,,,,,,,,,,,,,,,,,,,,,,,,,,,,,,,,,,,,,,,,,,,,,,,,,,,,,,,,,,,,,,,,,,,,,,,,,,,,,,,Underground,Underground,Underground,,,,,,,,,,,,,,,,,,,Yangcun,Yangcun,Yangcun,,,,,,,,,,,,,,,,,,,Mine,Mine,Mine,,,,,,,,,,,,,,,,,,,,,,,,,,,,,,,,,,,,,,,,,,,,,,,,,,,,,,,,,,,,,,,F.stc,F.stc,F.stc,,,,,,,,,,,,,,,,,,,,,,,,,,,,,,,,,,,,,,,,,,,,,,,,,,,,,,,,,,,,,,,,,,,,,,,,,,,,,,,,,,,,,,,,,,,,,,,,,,,,,,,,,,,,,,,,,,,,,,,,,,,,,,,,,,,,,,,,,,,,,,,,,,,,,,,,,,,,,,,,,,,,,,,,,,,,,,,,,
COM01399.00,Zinc,Peru,10531.43,73.0,1.0,1975.77,,,,,,,,,,,,,,,,,,,,,,,,,,,,,,,,,,,,,,,,,,,,,,,,,,,,,,,,,,96.07,100.39,83.2,112.95,102.62,97.69,67.13,60.32,63.24,,,,,,,,,,,,,12033.0,12037.0,12041.0,12044.0,12046.0,12048.0,12050.0,12052.0,12054.0,,,,,,,,,,,,,"Silver, Gold, Zinc, Lead, Copper","Silver, Gold, Zinc, Lead, Copper","Silver, Gold, Zinc, Lead, Copper","Silver, Gold, Zinc, Lead, Copper","Silver, Gold, Zinc, Lead, Copper","Silver, Gold, Zinc, Lead, Copper","Silver, Gold, Zinc, Lead, Copper","Silver, Gold, Zinc, Lead, Copper","Silver, Gold, Zinc, Lead, Copper",,,,,,,,,,,,,0.6955,0.7034,0.7037,0.6597,0.6523,0.6534,0.7482,0.7285,0.792,,,,,,,,,,,,,25.552,42.902,37.545,65.981,55.702,57.262,51.414,48.615,55.955,,,,,,,,,,,,,Me.Ag,Me.Ag,Me.Ag,Me.Ag,Me.Ag,Me.Ag,Me.Ag,Me.Ag,Me.Ag,,,,,,,,,,,,,,,Me.Ag,Me.Ag,Me.Ag,Me.Ag,Me.Ag,Me.Ag,Me.Ag,Me.Ag,Me.Ag,,,,,,,,,,,,,Underground,Underground,Underground,Underground,Underground,Underground,Underground,Underground,Underground,,,,,,,,,,,,,Yauricocha,Yauricocha,Yauricocha,Yauricocha,Yauricocha,Yauricocha,Yauricocha,Yauricocha,Yauricocha,,,,,,,,,,,,,Mine,Mine,Mine,Mine,Mine,Mine,Mine,Mine,Mine,,,,,,,,,,,,,,,,,,,,,,,,,,,,,,,,,,,,1016.0,1016.0,1016.0,1016.0,1016.0,1016.0,1016.0,1016.0,1016.0,,,,,,,,,,,,,O.bulk,O.bulk,O.bulk,O.bulk,O.bulk,O.bulk,O.bulk,O.bulk,O.bulk,,,,,,,,,,,,,,,,,,,,,,,,,,,,,,,,,,,382421.0,607558.0,641268.0,885495.0,832225.0,897169.0,1023491.0,1106648.0,1116919.0,,,,,,,,,,,,,382421.0,607558.0,641268.0,885495.0,832225.0,897169.0,1023491.0,1106648.0,1116919.0,,,,,,,,,,,,,,,357.203991438,,,,,,,,,,,,,,,46.49,,,,,,,,,,,,,14815275.0,14432854.0,13825296.0,13184028.0,12298533.0,11466308.0,10569139.0,9545648.0,8439000.0,,,,,,,,,,,,,,,,,,,,,,,,,,,,,,,,,,,,,,,,,,,,,,,,,,,,,,,,,,
COM01415.00,Coal,Russian Federation,11616.07,68.0,1.0,67.27,,,,,,,,,,,,4400000.0,4441000.0,5190100.0,5002000.0,,4682000.0,4173000.0,2880000.0,5043000.0,,,,,,,,,,,,,4400000.0,4441000.0,5190100.0,5002000.0,,4682000.0,4173000.0,2880000.0,5043000.0,,,,,,,,,,,,,,,,,,,,,,,,,,,,,,,,,,,,,,,,,,,,,,,,,,,,,,,Coal,Coal,Coal,Coal,,Coal,Coal,Coal,Coal,,,,,,,,,,,,,,,,,,,,,,,,,,,,,,,,,,,,,,,,,,,,,,,,,,,,,,,,,,,,,,,,,,,,,,,,,,,,,,,,,,,,,,,,,,,,,,,,,,,Underground,Underground,Underground,Underground,,Underground,Underground,Underground,Underground,,,,,,,,,,,,,Zarechnaya,Zarechnaya,Zarechnaya,Zarechnaya,,Zarechnaya,Zarechnaya,Zarechnaya,Zarechnaya,,,,,,,,,,,,,Mine,Mine,Mine,Mine,,Mine,Mine,Mine,Mine,,,,,,,,,,,,,,,,,,,,,,,,,,,,,,,,,,,,,,,,,,,,,,,,,,,,,,,,,F.stc,F.stc,F.stc,F.stc,,F.stc,F.stc,F.stc,F.stc,,,,,,,,,,,,,,,,,,,,,,,,,,,,,,,,,,,,,,,,,,,,,,,,,,,,,,,,,,,,,,,,,,,,,,,,,,,,,,,,,,,,,,,,,,,,,,,,,,,,,,,,,,,,,,,,,,,,,,,,,,,,,,,,,,,,,,,,,,,,,,,,,,,,,,,,,,,,,,,,,,,,,,,,,,,,,,,,,
COM01418.00,Gold,Tajikistan,2811.72,14.0,1.0,1514.58,,,,,,,,,,,,,,,,,,,,,,,,,,,,,,,,,,,,,,,,,,,,,,,,,,,,,,,,,,,,,,,,,,,,,,,,,,,,,,,,,,,,,,,,,,,,,,,,,,,,,Gold,Gold,Gold,Gold,Gold,Gold,Gold,,,,,,,,,,,,,,,,,,,,,,,,,,,,,,,,,,,,1.512,1.617,2.124,3.106,3.301,4.014,4.567,,,,,,,,,,,,,,,Me.Au,Me.Au,Me.Au,Me.Au,Me.Au,Me.Au,Me.Au,,,,,,,,,,,,,,,,,,,,,,,Me.Au,,,,,,,,,,,,,,,"Open Pit, Underground","Open Pit, Underground","Open Pit, Underground","Open Pit, Underground","Open Pit, Underground","Open Pit, Underground","Open Pit, Underground",,,,,,,,,,,,,,,Zeravshan,Zeravshan,Zeravshan,Zeravshan,Zeravshan,Zeravshan,Zeravshan,,,,,,,,,,,,,,,Mine,Mine,Mine,Mine,Mine,Mine,Mine,,,,,,,,,,,,,,,,,,,,,,,,,,,,,,,,,,,,,,,,,,,,1029.0,,,,,,,,,,,,,,,O.bulk,O.bulk,O.bulk,O.bulk,O.Au,O.Au,O.Au,,,,,,,,,,,,,,,,,,,,,,,,,,,,,,,,,,,,,,,,,,,,,,,,,,,,,,,,,,,,,,,,,,,,,,,,,,,,,,,9.896,,,,,,,,,,,,,,,7.879999999999999,,,,,,,,,,,,,,,,,,,,,,,,,,,,,,,,,,,,,,,,,,,,,,,,,,,,,,,,,,,,,,,,,,,,,,,,,,,,,,,,
COM01419.00,Coal,China,19604.88,12.0,1.0,70.77,,,,,,,,,,,,,,40000.0,1600000.0,3000000.0,2700000.0,2900000.0,3000000.0,3200000.0,3233000.0,2368000.0,3247000.0,2725000.0,3282000.0,,,,,,,,,,40000.0,1600000.0,3000000.0,2700000.0,2900000.0,3000000.0,3200000.0,3246000.0,2397000.0,3267000.0,2725000.0,3282000.0,,,,,,,,,,,,,,,,,,,,,,,,,,,,,,,,,,,,,,,,,,,,,,,,,,,,Coking coal,Coking coal,Coking coal,Coking coal,Coking coal,Coking coal,Coking coal,Coking coal,Coking coal,Coking coal,Coking coal,Coking coal,,,,,,,,,,,,,,,,,,,,,,,,,,,,,,,,,,,,,,,,,,,,,,,,,,,,,,,,,,,,,,,,,,,,,,,,,,,,,,,,,,,,,,,,,,,,,,,,Underground,Underground,Underground,Underground,Underground,Underground,Underground,Underground,Underground,Underground,Underground,Underground,,,,,,,,,,Zhaolou,Zhaolou,Zhaolou,Zhaolou,Zhaolou,Zhaolou,Zhaolou,Zhaolou,Zhaolou,Zhaolou,Zhaolou,Zhaolou,,,,,,,,,,Mine,Mine,Mine,Mine,Mine,Mine,Mine,Mine,Mine,Mine,Mine,Mine,,,,,,,,,,,,,,,,,,,,,,,,,,,,,,,,,,,,,,,,,,,,1030.0,,,,,,,,,,F.coc,F.coc,F.coc,F.coc,F.coc,F.coc,F.coc,F.coc,F.coc,F.coc,F.coc,F.coal,,,,,,,,,,,,,,,,,,,,,,,,,,,,,,,,,,,,,,,,,,,,,,,,,,,,,,,,,,,,,,,,,,,,,,,,,,,,,,,,,,,,,,,,,,,,,,,,,,,,,,,,,,,,,,,,,,,25000000.0,,,,,,,,,,,,,,,,,,,,,,,,,,,,,,,,,,,,,,,,,,,,,,,,,,,,,,,,,
COM01430.00,Gold,China,19604.88,41.0,1.0,456.56,,,,,,,,,,,,,,,,,,,,,,,,,,,,,,,,,,,,,,,,,,,,,,,,,,,,,,,,,,,,,,,,,,,,,,,,,,,,,,,,,,,,,,,,,,,,"Gold, Copper, Copper cathodes, Silver","Gold, Copper, Copper cathodes, Silver","Gold, Copper, Copper cathodes, Silver","Gold, Copper, Copper cathodes, Silver","Gold, Copper, Copper cathodes, Silver","Gold, Copper, Copper cathodes, Silver","Gold, Copper, Copper cathodes, Silver","Gold, Copper, Copper cathodes, Silver","Gold, Copper, Copper cathodes, Silver","Gold, Copper, Copper cathodes, Silver","Gold, Copper, Copper cathodes, Silver","Gold, Copper, Copper cathodes, Silver","Gold, Copper, Copper cathodes, Silver","Gold, Copper, Copper cathodes, Silver","Gold, Copper, Copper cathodes, Silver","Gold, Copper, Copper cathodes, Silver",,,,,,,,,,,,,,,,,,,,,,,,,,,9.887,10.663,11.489,13.87,15.893,17.428,18.002,16.228,16.165,10.501,11.742,10.322,9.152,7.278,31.357,29.976,,,,,,Me.Au,Me.Au,Me.Au,Me.Au,Me.Au,Me.Au,Me.Au,Me.Au,Me.Au,Me.Ag,Me.Au,Me.Au,Me.Au,Me.Au,Me.Ag,Me.Ag,,,,,,,,,,,,,,,,,,,,,,,Me.Au,,,,,,Open Pit,Open Pit,Open Pit,Open Pit,Open Pit,Open Pit,Open Pit,Open Pit,Open Pit,Open Pit,Open Pit,Open Pit,Open Pit,Open Pit,Open Pit,Open Pit,,,,,,Zijinshan,Zijinshan,Zijinshan,Zijinshan,Zijinshan,Zijinshan,Zijinshan,Zijinshan,Zijinshan,Zijinshan,Zijinshan,Zijinshan,Zijinshan,Zijinshan,Zijinshan,Zijinshan,,,,,,Mine,Mine,Mine,Mine,Mine,Mine,Mine,Mine,Mine,Mine,Mine,Mine,Mine,Mine,Mine,Mine,,,,,,,,,,,,,,,,,,,,,,,,,,,,,,,,,,,,,,,,,,,,1033.0,,,,,,O.bulk,O.bulk,O.bulk,O.bulk,O.bulk,O.bulk,O.bulk,O.bulk,O.bulk,O.bulk,O.bulk,O.bulk,O.bulk,O.bulk,O.bulk,O.bulk,,,,,,,,,,,,,,,,,,,,,,,,,,,,,,,,,,,,,,,,,,,,,,,,,,,,,,,,,,,,,,,,,,,,,,,,,,,,,,,0.357,,,,,,,,,,,,,,,0.32,,,,,,,,,,,,,,,,,,,,,,,,,,,,,,,,,,,,,,,,,,,,,,,,,,,,,,,,,,,,,,,,,,,,,,,,,,,,,,,,
COM01432.00,Zinc,Sweden,45400.44,164.0,1.0,1156.66,,,,,,,,,,,,,,,,,,,,,,,,,,,,,,,,,,,,,,,,,,,,,,,,,,,99.0,95.0,63.320811,56.760383,53.580929,51.220948,22000.0,18000.0,23000.0,17000.0,23000.0,17000.0,20000.0,15000.0,14000.0,18000.0,,,,,,12224.0,12226.0,12228.0,12230.0,12232.0,12234.0,12237.0,12241.0,12245.0,12249.0,12253.0,12257.0,12261.0,12265.0,12269.0,12273.0,,,"Lead, Silver, Copper, Zinc","Lead, Silver, Copper, Zinc","Lead, Silver, Copper, Zinc","Lead, Silver, Copper, Zinc","Lead, Silver, Copper, Zinc","Lead, Silver, Copper, Zinc","Lead, Silver, Copper, Zinc","Lead, Silver, Copper, Zinc","Lead, Silver, Copper, Zinc","Lead, Silver, Copper, Zinc","Lead, Silver, Copper, Zinc","Lead, Silver, Copper, Zinc","Lead, Silver, Copper, Zinc","Lead, Silver, Copper, Zinc","Lead, Silver, Copper, Zinc","Lead, Silver, Copper, Zinc","Lead, Silver, Copper, Zinc","Lead, Silver, Copper, Zinc","Lead, Silver, Copper, Zinc",,,,,,0.75,0.76,0.88,0.88,0.86,0.85,0.9,0.9,0.918,0.898,0.907,0.881,0.916,0.883,0.884,0.891,,,42.411,44.055,52.191,57.684,52.81,49.834,49.697,47.956,52.667,540.0,1768.0,3059.0,3460.0,3464.0,2044.0,1906.0,977.0,1386.0,2906.0,,,Me.Ag,Me.Ag,Me.Ag,Me.Ag,Me.Ag,Me.Ag,Me.Ag,Me.Ag,Me.Ag,Me.Cu,Me.Cu,Me.Cu,Me.Cu,Me.Cu,Me.Cu,Me.Cu,Me.Cu,Me.Cu,Me.Cu,,,,,,,,Me.Ag,Me.Ag,Me.Ag,Me.Ag,Me.Ag,Me.Ag,,,,,,,,,,Me.Ag,,,,,,,,,,,,,,,,,,,,,,,,Zinkgruvan,Zinkgruvan,Zinkgruvan,Zinkgruvan,Zinkgruvan,Zinkgruvan,Zinkgruvan,Zinkgruvan,Zinkgruvan,Zinkgruvan,Zinkgruvan,Zinkgruvan,Zinkgruvan,Zinkgruvan,Zinkgruvan,Zinkgruvan,Zinkgruvan,Zinkgruvan,Zinkgruvan,,,Mine,Mine,Mine,Mine,Mine,Mine,Mine,Mine,Mine,Mine,Mine,Mine,Mine,Mine,Mine,Mine,Mine,Mine,Mine,,,,,,,,,,,,,,,,,,,,,,,,,,,,,1035.0,1035.0,1035.0,1035.0,1035.0,1035.0,,,,,,,,,,1035.0,,,O.bulk,O.bulk,O.bulk,O.bulk,O.bulk,O.bulk,O.bulk,O.bulk,O.bulk,O.Cu,O.Cu,O.Cu,O.Cu,O.Cu,O.Cu,O.Cu,O.Cu,O.Cu,O.Cu,,,,,,,,,,,,,,,,,,,,,,,,,,,,732812.0,803883.0,787889.0,860240.0,900387.0,990655.0,33640.0,103349.0,157000.0,214000.0,167000.0,137000.0,107000.0,92000.0,97000.0,182000.0,,,,,,732812.0,803883.0,787003.0,875556.0,895024.0,1028234.0,27296.0,109666.0,145000.0,222000.0,167000.0,139000.0,107000.0,76000.0,111000.0,178000.0,,,,,,,,,,,,,,,822.13617077,,,,,,,,,,,,,,,82.00000000000001,,,,,,15891866.0,15159054.0,14355171.0,13567282.0,12707042.0,11806655.0,,,,,,,,,,10816000.0,,,,,,,,,,,,,,,,,,,,,,,,,,,,,,,,,,,,,,,,,,,,,,,,,,,,,,,,,,
