id,facility_id,year,material,commodity,mineral_value_tonnes,commodity_value_tonnes,grade_ppm,source_id,comment
1,COM00001.00,2013,O.bulk,Me.Ag,11144283.0,,,filled,
1,COM00001.00,2014,O.bulk,Me.Ag,9518751.0,,,filled,
1,COM00001.00,2015,O.bulk,Me.Ag,8065818.0,,,filled,
1,COM00001.00,2016,O.bulk,Me.Ag,6830765.0,,,filled,
1,COM00001.00,2017,O.bulk,Me.Ag,5532936.0,,,filled,
1,COM00001.00,2018,O.bulk,Me.Ag,4518567.0,,,filled,
1,COM00001.00,2019,O.bulk,Me.Ag,3552000.0,,,,
2,COM00001.00,2019,O.bulk,Me.Au,3552000.0,,,,
3,COM00001.00,2019,O.bulk,Me.Cu,3552000.0,,,,
4,COM00001.00,2019,O.bulk,Me.Zn,3552000.0,,,,
5,COM00002.00,2012,O.Fe,Me.Fe,66700000.0,,,filled,
5,COM00002.00,2013,O.Fe,Me.Fe,65700000.0,,,filled,
5,COM00002.00,2014,O.Fe,Me.Fe,65700000.0,,,filled,
5,COM00002.00,2015,O.Fe,Me.Fe,64200000.0,,,filled,
5,COM00002.00,2016,O.Fe,Me.Fe,63600000.0,,,filled,
5,COM00002.00,2017,O.Fe,Me.Fe,60600000.0,,,filled,
5,COM00002.00,2018,O.Fe,Me.Fe,58500000.0,,,filled,
5,COM00002.00,2019,O.Fe,Me.Fe,56300000.0,,,,
6,COM00003.00,2001,F.sbc,,107488685.0,,,filled,
6,COM00003.00,2002,F.sbc,,102132576.0,,,filled,
6,COM00003.00,2003,F.sbc,,97451424.0,,,filled,
6,COM00003.00,2004,F.sbc,,91993709.0,,,filled,
6,COM00003.00,2005,F.sbc,,86107795.0,,,filled,
6,COM00003.00,2006,F.sbc,,80244561.0,,,filled,
6,COM00003.00,2007,F.sbc,,74095559.0,,,filled,
6,COM00003.00,2008,F.sbc,,67427639.0,,,filled,
6,COM00003.00,2009,F.sbc,,61629724.0,,,filled,
6,COM00003.00,2010,F.sbc,,56314439.0,,,filled,
6,COM00003.00,2011,F.sbc,,51355684.0,,,filled,
6,COM00003.00,2012,F.sbc,,46332518.0,,,filled,
6,COM00003.00,2013,F.sbc,,43848604.0,,,filled,
6,COM00003.00,2014,F.sbc,,40092796.0,,,filled,
6,COM00003.00,2015,F.sbc,,34094390.0,,,filled,
6,COM00003.00,2016,F.sbc,,28758240.0,,,filled,
6,COM00003.00,2017,F.sbc,,25006968.0,,,,
7,COM00007.00,2003,O.Au,Me.Au,36260000.0,,,filled,
7,COM00007.00,2004,O.Au,Me.Au,35160000.0,,,filled,
7,COM00007.00,2005,O.Au,Me.Au,34160000.0,,,filled,
7,COM00007.00,2006,O.Au,Me.Au,32860000.0,,,filled,
7,COM00007.00,2007,O.Au,Me.Au,31760000.0,,,filled,
7,COM00007.00,2008,O.Au,Me.Au,30360000.0,,,filled,
7,COM00007.00,2009,O.Au,Me.Au,28960000.0,,,filled,
7,COM00007.00,2010,O.Au,Me.Au,27460000.0,,,filled,
7,COM00007.00,2011,O.Au,Me.Au,25860000.0,,,filled,
7,COM00007.00,2012,O.Au,Me.Au,24160000.0,,,filled,
7,COM00007.00,2013,O.Au,Me.Au,21960000.0,,,filled,
7,COM00007.00,2014,O.Au,Me.Au,19660000.0,,,filled,
7,COM00007.00,2015,O.Au,Me.Au,17160000.0,,,filled,
7,COM00007.00,2016,O.Au,Me.Au,14560000.0,,,filled,
7,COM00007.00,2017,O.Au,Me.Au,11760000.0,,,filled,
7,COM00007.00,2018,O.Au,Me.Au,10730000.0,48.194189321,4.932516309412861,,
8,COM00007.00,2018,O.Au,Nm.S,8760000.0,370584.96629,42636.98630136986,,
9,COM00009.00,2007,O.Au,Me.Au,292872341.0,,,filled,
9,COM00009.00,2008,O.Au,Me.Au,284777395.0,,,filled,
9,COM00009.00,2009,O.Au,Me.Au,273675989.0,,,filled,
9,COM00009.00,2010,O.Au,Me.Au,263259519.0,,,filled,
9,COM00009.00,2011,O.Au,Me.Au,252137247.0,,,filled,
9,COM00009.00,2012,O.Au,Me.Au,237955897.0,,,filled,
9,COM00009.00,2013,O.Au,Me.Au,225379383.0,,,filled,
9,COM00009.00,2014,O.Au,Me.Au,209243924.0,,,filled,
9,COM00009.00,2015,O.Au,Me.Au,197334202.0,,,filled,
9,COM00009.00,2016,O.Au,Me.Au,190787847.0,,,filled,
9,COM00009.00,2017,O.Au,Me.Au,184950922.0,,,filled,
9,COM00009.00,2018,O.Au,Me.Au,178319290.0,,,filled,
9,COM00009.00,2019,O.Au,Me.Au,171000000.0,273.28940172,1.594967381429696,,
10,COM00013.00,2018,O.bulk,Me.Ag,1148000000.0,,,,
11,COM00013.00,2018,O.bulk,Me.Au,1148000000.0,,,,
12,COM00013.00,2018,O.bulk,Me.Cu,1148000000.0,,,,
13,COM00015.00,2019,O.bulk,Me.Cu,1399000000.0,,,,
14,COM00015.00,2019,O.bulk,Me.Mo,1399000000.0,,,,
15,COM00016.00,2013,O.Au,Me.Au,111106962.0,,,filled,
15,COM00016.00,2014,O.Au,Me.Au,109374210.0,,,filled,
15,COM00016.00,2015,O.Au,Me.Au,97987036.0,,,filled,
15,COM00016.00,2016,O.Au,Me.Au,88620196.0,,,filled,
15,COM00016.00,2017,O.Au,Me.Au,79639823.0,,,filled,
15,COM00016.00,2018,O.Au,Me.Au,71422405.0,,,filled,
15,COM00016.00,2019,O.Au,Me.Au,60800000.0,73.14176934,1.2160453342605264,,
16,COM00017.00,2014,O.Al,Me.Al2O3,203465545.19592163,,,filled,
16,COM00017.00,2015,O.Al,Me.Al2O3,202668732.19592163,,,filled,
16,COM00017.00,2016,O.Al,Me.Al2O3,200278294.19592163,,,filled,
16,COM00017.00,2017,O.Al,Me.Al2O3,196692637.19592163,,,filled,
16,COM00017.00,2018,O.Al,Me.Al2O3,193106980.19592163,,,filled,
16,COM00017.00,2019,O.Al,Me.Al2O3,188724510.19592163,,,,
17,COM00017.00,2019,O.Al,Nm.SiO2,188724510.19592163,,,,
18,COM00024.00,2014,O.bulk,Me.Ag,5850000.0,,,filled,
18,COM00024.00,2015,O.bulk,Me.Ag,5247000.0,,,filled,
18,COM00024.00,2016,O.bulk,Me.Ag,4368000.0,,,filled,
18,COM00024.00,2017,O.bulk,Me.Ag,3458000.0,,,filled,
18,COM00024.00,2018,O.bulk,Me.Ag,2500000.0,,,,
19,COM00024.00,2018,O.bulk,Me.Cu,2500000.0,,,,
20,COM00024.00,2018,O.bulk,Me.Pb,2500000.0,,,,
21,COM00024.00,2018,O.bulk,Me.Zn,2500000.0,,,,
22,COM00033.00,2018,O.pgm,Me.pgm,103500000.0,428.077799263,4.54,,
23,COM00035.00,2019,M.lat,Me.Co,124500000.0,99600.0,800.0,,
24,COM00035.00,2019,M.lat,Me.Ni,124500000.0,1096000.0,8800.0,,
25,COM00041.00,2018,O.Cu,Me.Cu,1163000000.0,8000000.0,6899.999999999999,,
26,COM00048.00,2001,O.bulk,Me.Ag,778107000.0,,,filled,
26,COM00048.00,2002,O.bulk,Me.Ag,765207000.0,,,filled,
26,COM00048.00,2003,O.bulk,Me.Ag,738459000.0,,,filled,
26,COM00048.00,2004,O.bulk,Me.Ag,712047000.0,,,filled,
26,COM00048.00,2005,O.bulk,Me.Ag,680792000.0,,,filled,
26,COM00048.00,2006,O.bulk,Me.Ag,650448000.0,,,filled,
26,COM00048.00,2007,O.bulk,Me.Ag,620192000.0,,,filled,
26,COM00048.00,2010,O.bulk,Me.Ag,589018000.0,,,filled,
26,COM00048.00,2011,O.bulk,Me.Ag,552511000.0,,,filled,
26,COM00048.00,2012,O.bulk,Me.Ag,514917000.0,,,filled,
26,COM00048.00,2013,O.bulk,Me.Ag,468434000.0,,,filled,
26,COM00048.00,2014,O.bulk,Me.Ag,421395000.0,,,filled,
26,COM00048.00,2015,O.bulk,Me.Ag,370945000.0,,,filled,
26,COM00048.00,2016,O.bulk,Me.Ag,314749000.0,,,filled,
26,COM00048.00,2017,O.bulk,Me.Ag,260704000.0,,,filled,
26,COM00048.00,2018,O.bulk,Me.Ag,489100000.0,,,,
27,COM00048.00,2018,O.bulk,Me.Cu,489100000.0,,,,
28,COM00048.00,2018,O.bulk,Me.Mo,279500000.0,,,,
29,COM00048.00,2018,O.bulk,Me.Zn,209600000.0,,,,
30,COM00050.00,2001,O.bulk,Me.Au,1822478.0,,,filled,
30,COM00050.00,2002,O.bulk,Me.Au,1762300.0,,,filled,
30,COM00050.00,2003,O.bulk,Me.Au,1641139.0,,,filled,
30,COM00050.00,2004,O.bulk,Me.Au,1485645.0,,,filled,
30,COM00050.00,2005,O.bulk,Me.Au,1305860.0,,,filled,
30,COM00050.00,2006,O.bulk,Me.Au,1125987.0,,,filled,
30,COM00050.00,2007,O.bulk,Me.Au,946167.0,,,filled,
30,COM00050.00,2008,O.bulk,Me.Au,767198.0,,,filled,
30,COM00050.00,2009,O.bulk,Me.Au,560184.0,,,filled,
30,COM00050.00,2010,O.bulk,Me.Au,417424.0,,,filled,
30,COM00050.00,2011,O.bulk,Me.Au,271509.0,,,filled,
30,COM00050.00,2012,O.bulk,Me.Au,115667.0,,,filled,
30,COM00050.00,2013,O.bulk,Me.Au,37547.0,,,,
31,COM00051.00,2018,O.bulk,Me.Au,1139102.0,,,filled,
31,COM00051.00,2019,O.bulk,Me.Au,600000.0,0.2438058978,0.4,,
32,COM00051.00,2019,O.bulk,Me.Cu,600000.0,5900.0,9000.0,,
33,COM00052.00,2018,F.coal,,428561280.0,,,,
34,COM00054.00,2016,O.Cu,Me.Cu,768030000.0,,,filled,
34,COM00054.00,2017,O.Cu,Me.Cu,743356000.0,,,filled,
34,COM00054.00,2018,O.Cu,Me.Cu,714265500.0,,,filled,
34,COM00054.00,2019,O.Cu,Me.Cu,687000000.0,,,,
35,COM00055.00,2020,F.coal,,198000000.0,,,,
36,COM00056.00,2010,O.P,Nm.PO,135597000.0,,,filled,
36,COM00056.00,2011,O.P,Nm.PO,134415000.0,,,filled,
36,COM00056.00,2012,O.P,Nm.PO,133184000.0,,,filled,
36,COM00056.00,2013,O.P,Nm.PO,132100000.0,,,,
37,COM00066.00,2000,F.coal,,16238880.0,,,filled,
37,COM00066.00,2001,F.coal,,15513120.0,,,filled,
37,COM00066.00,2002,F.coal,,14878080.0,,,filled,
37,COM00066.00,2003,F.coal,,14333760.0,,,filled,
37,COM00066.00,2004,F.coal,,13880160.0,,,filled,
37,COM00066.00,2005,F.coal,,13698720.0,,,filled,
37,COM00066.00,2006,F.coal,,13698720.0,,,filled,
37,COM00066.00,2007,F.coal,,13698720.0,,,filled,
37,COM00066.00,2008,F.coal,,13698720.0,,,filled,
37,COM00066.00,2009,F.coal,,13517280.0,,,filled,
37,COM00066.00,2010,F.coal,,13426560.0,,,,
37,COM00066.00,2011,F.coal,,13335840.0,,,filled,
38,COM00067.00,2017,O.dig,Nm.dia,16000000.0,,,,
39,COM00072.00,2018,O.Cu,Me.Cu,,161181.0,31700.0,,
40,COM00082.00,2000,O.Mn,Me.Mn,44338000.0,,,filled,
40,COM00082.00,2001,O.Mn,Me.Mn,42938000.0,,,filled,
40,COM00082.00,2002,O.Mn,Me.Mn,41538000.0,,,filled,
40,COM00082.00,2003,O.Mn,Me.Mn,39787000.0,,,filled,
40,COM00082.00,2004,O.Mn,Me.Mn,38239000.0,,,filled,
40,COM00082.00,2005,O.Mn,Me.Mn,36231000.0,,,filled,
40,COM00082.00,2006,O.Mn,Me.Mn,33995000.0,,,filled,
40,COM00082.00,2007,O.Mn,Me.Mn,32303000.0,,,filled,
40,COM00082.00,2008,O.Mn,Me.Mn,31358000.0,,,filled,
40,COM00082.00,2009,O.Mn,Me.Mn,29355000.0,,,filled,
40,COM00082.00,2010,O.Mn,Me.Mn,27973000.0,,,filled,
40,COM00082.00,2011,O.Mn,Me.Mn,26423000.0,,,filled,
40,COM00082.00,2012,O.Mn,Me.Mn,24358000.0,,,filled,
40,COM00082.00,2013,O.Mn,Me.Mn,22495000.0,,,filled,
40,COM00082.00,2014,O.Mn,Me.Mn,20645000.0,,,filled,
40,COM00082.00,2015,O.Mn,Me.Mn,18950000.0,,,filled,
40,COM00082.00,2016,O.Mn,Me.Mn,17244000.0,,,filled,
40,COM00082.00,2017,O.Mn,Me.Mn,15547000.0,,,filled,
40,COM00082.00,2018,O.Mn,Me.Mn,14128000.0,,,filled,
40,COM00082.00,2019,O.Mn,Me.Mn,13100000.0,,,,
41,COM00084.00,2019,O.bulk,Me.Ag,2510000000.0,,,,
42,COM00084.00,2019,O.bulk,Me.Cu,2535000000.0,,,,
43,COM00084.00,2019,O.bulk,Me.Mo,2510000000.0,,,,
44,COM00086.00,2019,O.Au,Me.Au,32700000.0,19.759617531000004,0.6688379204892967,,
45,COM00087.00,2019,F.coal,,135000000.0,,,,
46,COM00088.00,2007,O.Au,Me.Au,128093000.0,86.72119085700001,0.6803885551200001,,
46,COM00088.00,2016,O.Au,Me.Au,117437000.0,,,filled,
46,COM00088.00,2017,O.Au,Me.Au,95822000.0,,,filled,
47,COM00088.00,2018,O.Au,Me.Au,66650000.0,38.186807481,0.6,,
48,COM00092.00,2014,O.Nb,Me.Nb,1100000.0,,,,
49,COM00093.00,2019,F.coal,,1150000000.0,,,,
50,COM00095.00,2019,F.coal,,30000000.0,,,,
51,COM00100.00,2011,O.Ni,Me.Ni,70566100.0,,,filled,
51,COM00100.00,2012,O.Ni,Me.Ni,69588100.0,,,filled,
51,COM00100.00,2013,O.Ni,Me.Ni,68356400.0,,,filled,
51,COM00100.00,2014,O.Ni,Me.Ni,66357500.0,,,filled,
51,COM00100.00,2015,O.Ni,Me.Ni,63847100.0,,,filled,
51,COM00100.00,2016,O.Ni,Me.Ni,60903500.0,,,filled,
51,COM00100.00,2017,O.Ni,Me.Ni,58272800.0,,,filled,
51,COM00100.00,2018,O.Ni,Me.Ni,52000000.0,682000.0,13100.0,,
51,COM00100.00,2019,O.Ni,Me.Ni,47924400.0,,,filled,
51,COM00100.00,2020,O.Ni,Me.Ni,43726500.0,,,filled,
52,COM00104.00,2015,O.bulk,Me.Ag,658350515.4639175,523.7355176907217,0.8058260943560288,,
53,COM00104.00,2015,O.bulk,Me.Au,658350515.4639175,156.06850806185568,0.2283499484436172,,
54,COM00104.00,2015,O.bulk,Me.Cu,658350515.4639175,2440981.62,,,
55,COM00107.00,2010,O.P,Nm.PO,422444000.0,,,filled,
55,COM00107.00,2011,O.P,Nm.PO,421653000.0,,,filled,
55,COM00107.00,2012,O.P,Nm.PO,419109000.0,,,filled,
55,COM00107.00,2013,O.P,Nm.PO,415900000.0,,,,
56,COM00109.00,2010,F.stc,,269619840.0,,,filled,
56,COM00109.00,2011,F.stc,,267079680.0,,,filled,
56,COM00109.00,2012,F.stc,,261182880.0,,,filled,
56,COM00109.00,2013,F.stc,,254016000.0,,,filled,
56,COM00109.00,2014,F.stc,,246576960.0,,,filled,
56,COM00109.00,2015,F.stc,,238956480.0,,,filled,
56,COM00109.00,2016,F.stc,,231789600.0,,,filled,
56,COM00109.00,2017,F.stc,,225167040.0,,,filled,
56,COM00109.00,2018,F.stc,,218544480.0,,,filled,
56,COM00109.00,2019,F.stc,,212284800.0,,,,
57,COM00110.00,2012,O.Au,Me.Au,38472000.0,,,filled,
57,COM00110.00,2013,O.Au,Me.Au,35104000.0,,,filled,
57,COM00110.00,2014,O.Au,Me.Au,31013000.0,,,filled,
57,COM00110.00,2015,O.Au,Me.Au,26467000.0,,,filled,
57,COM00110.00,2016,O.Au,Me.Au,22148000.0,,,filled,
57,COM00110.00,2017,O.Au,Me.Au,17815000.0,,,filled,
57,COM00110.00,2018,O.Au,Me.Au,14300000.0,34.8699134499,2.676223776223776,,
58,COM00113.00,2007,F.coc,,32669320.0,,,filled,
58,COM00113.00,2008,F.coc,,32633261.0,,,filled,
58,COM00113.00,2009,F.coc,,32150774.0,,,filled,
58,COM00113.00,2010,F.coc,,31469940.0,,,filled,
58,COM00113.00,2011,F.coc,,30579618.0,,,filled,
58,COM00113.00,2012,F.coc,,29574720.0,,,filled,
58,COM00113.00,2013,F.coc,,28576800.0,,,filled,
58,COM00113.00,2014,F.coc,,27578880.0,,,filled,
58,COM00113.00,2015,F.coc,,26671680.0,,,filled,
58,COM00113.00,2016,F.coc,,25855200.0,,,filled,
58,COM00113.00,2017,F.coc,,24948000.0,,,filled,
58,COM00113.00,2018,F.coc,,24040800.0,,,filled,
58,COM00113.00,2019,F.coc,,23133600.0,,,,
59,COM00114.00,2005,O.Fe,Me.Fe,91347000.0,,,filled,
59,COM00114.00,2006,O.Fe,Me.Fe,84913000.0,,,filled,
59,COM00114.00,2007,O.Fe,Me.Fe,79377000.0,,,filled,
59,COM00114.00,2008,O.Fe,Me.Fe,72702000.0,,,filled,
59,COM00114.00,2009,O.Fe,Me.Fe,68209000.0,,,filled,
59,COM00114.00,2010,O.Fe,Me.Fe,65551000.0,,,filled,
59,COM00114.00,2011,O.Fe,Me.Fe,65030000.0,,,filled,
59,COM00114.00,2012,O.Fe,Me.Fe,64070000.0,,,filled,
59,COM00114.00,2013,O.Fe,Me.Fe,62681000.0,,,filled,
59,COM00114.00,2014,O.Fe,Me.Fe,60668000.0,,,filled,
59,COM00114.00,2015,O.Fe,Me.Fe,58445000.0,,,filled,
59,COM00114.00,2016,O.Fe,Me.Fe,55018000.0,,,filled,
59,COM00114.00,2017,O.Fe,Me.Fe,51908000.0,,,filled,
59,COM00114.00,2018,O.Fe,Me.Fe,48754000.0,,,filled,
59,COM00114.00,2019,O.Fe,Me.Fe,44870000.0,,,,
60,COM00118.00,2010,F.obc,,11031553.2,,,filled,
60,COM00118.00,2011,F.obc,,10033633.2,,,filled,
60,COM00118.00,2012,F.obc,,9126433.2,,,filled,
60,COM00118.00,2013,F.obc,,8189295.2,,,filled,
60,COM00118.00,2014,F.obc,,7286631.2,,,filled,
60,COM00118.00,2015,F.obc,,6921029.2,,,filled,
60,COM00118.00,2016,F.obc,,6336792.2,,,filled,
60,COM00118.00,2017,F.obc,,6033787.2,,,filled,
60,COM00118.00,2018,F.obc,,5670907.2,,,,
61,COM00122.00,2012,O.Mn,Me.Mn,16256000.0,,,filled,
61,COM00122.00,2013,O.Mn,Me.Mn,15809000.0,,,filled,
61,COM00122.00,2014,O.Mn,Me.Mn,15295000.0,,,filled,
61,COM00122.00,2015,O.Mn,Me.Mn,14704000.0,,,filled,
61,COM00122.00,2016,O.Mn,Me.Mn,14388000.0,,,filled,
61,COM00122.00,2017,O.Mn,Me.Mn,14388000.0,,,filled,
61,COM00122.00,2018,O.Mn,Me.Mn,13406000.0,,,filled,
61,COM00122.00,2019,O.Mn,Me.Mn,12130000.0,,,,
62,COM00128.00,2001,F.lig,,43121938.6,,,filled,
62,COM00128.00,2002,F.lig,,40321412.6,,,filled,
62,COM00128.00,2003,F.lig,,37594369.6,,,filled,
62,COM00128.00,2004,F.lig,,35039694.6,,,filled,
62,COM00128.00,2005,F.lig,,32270012.6,,,filled,
62,COM00128.00,2006,F.lig,,29660905.6,,,filled,
62,COM00128.00,2007,F.lig,,27230516.6,,,filled,
62,COM00128.00,2008,F.lig,,24551554.6,,,filled,
62,COM00128.00,2009,F.lig,,21788223.6,,,filled,
62,COM00128.00,2010,F.lig,,19441297.6,,,filled,
62,COM00128.00,2011,F.lig,,16814953.6,,,filled,
62,COM00128.00,2012,F.lig,,14162300.600000001,,,filled,
62,COM00128.00,2013,F.lig,,12063039.600000001,,,filled,
62,COM00128.00,2014,F.lig,,9814997.600000001,,,filled,
62,COM00128.00,2015,F.lig,,7307496.600000001,,,filled,
62,COM00128.00,2016,F.lig,,5372438.600000001,,,filled,
62,COM00128.00,2017,F.lig,,4570473.600000001,,,,
63,COM00130.00,2004,O.Au,Me.Au,6850000.0,,,filled,
63,COM00130.00,2005,O.Au,Me.Au,4300000.0,2.8349523130000005,0.8504856939000002,,
63,COM00130.00,2006,O.Au,Me.Au,2009091.0,,,filled,
64,COM00133.00,2018,O.bulk,Me.Ag,619000000.0,,,,
65,COM00133.00,2018,O.bulk,Me.Au,619000000.0,,,,
66,COM00133.00,2018,O.bulk,Me.Cu,619000000.0,,,,
67,COM00133.00,2018,O.bulk,Me.Mo,619000000.0,,,,
68,COM00134.00,2009,F.coal,,163400000.0,,,filled,
68,COM00134.00,2010,F.coal,,159100000.0,,,filled,
68,COM00134.00,2011,F.coal,,154900000.0,,,filled,
68,COM00134.00,2012,F.coal,,150300000.0,,,filled,
68,COM00134.00,2013,F.coal,,144900000.0,,,filled,
68,COM00134.00,2014,F.coal,,136900000.0,,,filled,
68,COM00134.00,2015,F.coal,,127600000.0,,,filled,
68,COM00134.00,2016,F.coal,,115400000.0,,,filled,
68,COM00134.00,2017,F.coal,,102600000.0,,,filled,
68,COM00134.00,2018,F.coal,,90100000.0,,,filled,
68,COM00134.00,2019,F.coal,,77000000.0,,,,
69,COM00135.00,2003,F.coal,,25299987.0,,,filled,
69,COM00135.00,2004,F.coal,,22889069.0,,,filled,
69,COM00135.00,2005,F.coal,,20428682.0,,,filled,
69,COM00135.00,2006,F.coal,,17919036.0,,,filled,
69,COM00135.00,2007,F.coal,,15153165.0,,,filled,
69,COM00135.00,2008,F.coal,,12188435.0,,,filled,
69,COM00135.00,2009,F.coal,,9254081.0,,,filled,
69,COM00135.00,2010,F.coal,,6985440.0,,,,
70,COM00139.00,2003,O.bulk,Me.Cu,15951500.0,,,filled,
70,COM00139.00,2004,O.bulk,Me.Cu,14450500.0,,,filled,
70,COM00139.00,2005,O.bulk,Me.Cu,12932500.0,,,filled,
70,COM00139.00,2006,O.bulk,Me.Cu,11519500.0,,,filled,
70,COM00139.00,2007,O.bulk,Me.Cu,9965000.0,,,filled,
70,COM00139.00,2008,O.bulk,Me.Cu,8899800.0,,,filled,
70,COM00139.00,2009,O.bulk,Me.Cu,7700000.0,,,,
71,COM00139.00,2009,O.bulk,Me.Pb,7700000.0,,,,
72,COM00139.00,2009,O.bulk,Me.Zn,7700000.0,,,,
70,COM00139.00,2010,O.bulk,Me.Cu,6321000.0,,,filled,
70,COM00139.00,2011,O.bulk,Me.Cu,5941244.0,,,filled,
70,COM00139.00,2012,O.bulk,Me.Cu,4507156.0,,,filled,
70,COM00139.00,2013,O.bulk,Me.Cu,2988616.0,,,filled,
70,COM00139.00,2014,O.bulk,Me.Cu,1593082.0,,,filled,
70,COM00139.00,2015,O.bulk,Me.Cu,155520.0,,,filled,
70,COM00139.00,2016,O.bulk,Me.Cu,-1424113.0,,,filled,
70,COM00139.00,2017,O.bulk,Me.Cu,-3014713.0,,,filled,
70,COM00139.00,2018,O.bulk,Me.Cu,-4620605.0,,,filled,
73,COM00139.00,2019,O.bulk,Me.Ag,7700000.0,,,,
74,COM00139.00,2019,O.bulk,Me.Pb,61400000.0,,,,
75,COM00139.00,2019,O.bulk,Me.Zn,61400000.0,,,,
76,COM00140.00,2005,O.Mn,Me.Mn,334174000.0,,,filled,
76,COM00140.00,2006,O.Mn,Me.Mn,332292000.0,,,filled,
76,COM00140.00,2007,O.Mn,Me.Mn,329720000.0,,,filled,
76,COM00140.00,2008,O.Mn,Me.Mn,326873000.0,,,filled,
76,COM00140.00,2009,O.Mn,Me.Mn,323719000.0,,,filled,
76,COM00140.00,2010,O.Mn,Me.Mn,320581000.0,,,filled,
76,COM00140.00,2011,O.Mn,Me.Mn,318608000.0,,,filled,
76,COM00140.00,2012,O.Mn,Me.Mn,315560000.0,,,filled,
76,COM00140.00,2013,O.Mn,Me.Mn,312264000.0,,,filled,
76,COM00140.00,2014,O.Mn,Me.Mn,309065000.0,,,filled,
76,COM00140.00,2015,O.Mn,Me.Mn,305707000.0,,,filled,
76,COM00140.00,2016,O.Mn,Me.Mn,302620000.0,,,filled,
76,COM00140.00,2017,O.Mn,Me.Mn,299686000.0,,,filled,
76,COM00140.00,2018,O.Mn,Me.Mn,296617000.0,,,filled,
76,COM00140.00,2019,O.Mn,Me.Mn,292900000.0,,,,
77,COM00141.00,2000,F.stc,,1815448640.0,,,filled,
77,COM00141.00,2001,F.stc,,1760925920.0,,,filled,
77,COM00141.00,2002,F.stc,,1734313920.0,,,filled,
77,COM00141.00,2003,F.stc,,1705529920.0,,,filled,
77,COM00141.00,2004,F.stc,,1673111920.0,,,filled,
77,COM00141.00,2005,F.stc,,1638132920.0,,,filled,
77,COM00141.00,2006,F.stc,,1604309920.0,,,filled,
77,COM00141.00,2007,F.stc,,1568051920.0,,,filled,
77,COM00141.00,2008,F.stc,,1533486920.0,,,filled,
77,COM00141.00,2009,F.stc,,1453199720.0,,,filled,
77,COM00141.00,2010,F.stc,,1426662720.0,,,filled,
77,COM00141.00,2011,F.stc,,1321246080.0,,,filled,
77,COM00141.00,2012,F.stc,,1226080800.0,,,filled,
77,COM00141.00,2013,F.stc,,1141801920.0,,,filled,
77,COM00141.00,2014,F.stc,,1050446880.0,,,filled,
77,COM00141.00,2015,F.stc,,958638240.0,,,filled,
77,COM00141.00,2016,F.stc,,868371840.0,,,filled,
77,COM00141.00,2017,F.stc,,806772960.0,,,filled,
77,COM00141.00,2018,F.stc,,742815360.0,,,filled,
77,COM00141.00,2019,F.stc,,678313440.0,,,,
78,COM00143.00,2000,F.coal,,475568000.0,,,filled,
78,COM00143.00,2001,F.coal,,468474000.0,,,filled,
78,COM00143.00,2002,F.coal,,459818000.0,,,filled,
78,COM00143.00,2003,F.coal,,445744000.0,,,filled,
78,COM00143.00,2004,F.coal,,432062000.0,,,filled,
78,COM00143.00,2019,F.coal,,419000000.0,,,,
79,COM00144.00,2001,F.stc,,75877920.0,,,filled,
79,COM00144.00,2002,F.stc,,65285920.0,,,filled,
79,COM00144.00,2003,F.stc,,53476920.0,,,filled,
79,COM00144.00,2010,F.stc,,40996920.0,,,filled,
79,COM00144.00,2011,F.stc,,34193920.0,,,filled,
79,COM00144.00,2012,F.stc,,31308920.0,,,filled,
79,COM00144.00,2018,F.stc,,28721920.0,,,filled,
79,COM00144.00,2019,F.stc,,27147000.0,,,filled,
79,COM00144.00,2020,F.stc,,24500000.0,,,,
80,COM00145.00,2018,O.Au,Me.Au,15300000.0,59.50564904987001,4.3,,
81,COM00150.00,2006,O.Al,Me.Al2O3,10168754.0,,,filled,
81,COM00150.00,2007,O.Al,Me.Al2O3,10102933.0,,,filled,
81,COM00150.00,2008,O.Al,Me.Al2O3,9770983.0,,,filled,
81,COM00150.00,2009,O.Al,Me.Al2O3,9250874.0,,,filled,
81,COM00150.00,2010,O.Al,Me.Al2O3,8950624.0,,,filled,
81,COM00150.00,2011,O.Al,Me.Al2O3,8650624.0,,,filled,
81,COM00150.00,2012,O.Al,Me.Al2O3,8144516.0,,,filled,
81,COM00150.00,2013,O.Al,Me.Al2O3,7259255.0,,,filled,
81,COM00150.00,2014,O.Al,Me.Al2O3,6553385.0,,,filled,
81,COM00150.00,2015,O.Al,Me.Al2O3,6081230.0,,,filled,
81,COM00150.00,2016,O.Al,Me.Al2O3,5220520.0,,,filled,
81,COM00150.00,2017,O.Al,Me.Al2O3,4187220.0,,,filled,
81,COM00150.00,2018,O.Al,Me.Al2O3,3121920.0,,,filled,
81,COM00150.00,2019,O.Al,Me.Al2O3,2540000.0,,,,
82,COM00150.00,2019,O.Al,Nm.SiO2,2540000.0,,,,
83,COM00151.00,2017,O.bulk,Me.Au,651000000.0,358.62146595,0.558934146503149,,
84,COM00151.00,2017,O.bulk,Me.Cu,651000000.0,607813.7758,,,
85,COM00153.00,2010,F.coal,,2058084000.0,,,filled,
85,COM00153.00,2011,F.coal,,2019194000.0,,,filled,
85,COM00153.00,2012,F.coal,,1978554000.0,,,filled,
85,COM00153.00,2013,F.coal,,1934530000.0,,,filled,
85,COM00153.00,2014,F.coal,,1892826000.0,,,filled,
85,COM00153.00,2015,F.coal,,1854824000.0,,,filled,
85,COM00153.00,2016,F.coal,,1820324000.0,,,filled,
85,COM00153.00,2017,F.coal,,1785274000.0,,,filled,
85,COM00153.00,2018,F.coal,,1744866000.0,,,filled,
85,COM00153.00,2019,F.coal,,1700000000.0,,,,
86,COM00157.00,2008,O.bulk,Me.Ag,13438770.0,,,filled,
86,COM00157.00,2009,O.bulk,Me.Ag,13312281.0,,,filled,
86,COM00157.00,2010,O.bulk,Me.Ag,13222704.0,,,filled,
86,COM00157.00,2011,O.bulk,Me.Ag,13117882.0,,,filled,
86,COM00157.00,2012,O.bulk,Me.Ag,12981167.0,,,filled,
86,COM00157.00,2013,O.bulk,Me.Ag,12668215.0,,,filled,
86,COM00157.00,2014,O.bulk,Me.Ag,12290783.0,,,filled,
86,COM00157.00,2015,O.bulk,Me.Ag,11624832.0,,,filled,
86,COM00157.00,2016,O.bulk,Me.Ag,10794385.0,,,filled,
86,COM00157.00,2017,O.bulk,Me.Ag,9843987.0,,,filled,
86,COM00157.00,2018,O.bulk,Me.Ag,8956750.0,,,filled,
86,COM00157.00,2019,O.bulk,Me.Ag,7925000.0,141.74761565,19.0,,
87,COM00157.00,2019,O.bulk,Me.Au,7925000.0,1.814369472,0.25,,
88,COM00157.00,2019,O.bulk,Me.Cu,7925000.0,68038.8555,8600.0,,
89,COM00160.00,2003,F.coal,,217980000.0,,,filled,
89,COM00160.00,2004,F.coal,,210180000.0,,,filled,
89,COM00160.00,2005,F.coal,,202000000.0,,,filled,
89,COM00160.00,2006,F.coal,,194300000.0,,,filled,
89,COM00160.00,2007,F.coal,,186500000.0,,,filled,
89,COM00160.00,2008,F.coal,,178900000.0,,,filled,
89,COM00160.00,2009,F.coal,,171600000.0,,,filled,
89,COM00160.00,2010,F.coal,,165200000.0,,,filled,
89,COM00160.00,2011,F.coal,,157600000.0,,,filled,
89,COM00160.00,2012,F.coal,,150800000.0,,,filled,
89,COM00160.00,2013,F.coal,,143500000.0,,,filled,
89,COM00160.00,2014,F.coal,,135500000.0,,,filled,
89,COM00160.00,2015,F.coal,,127600000.0,,,filled,
89,COM00160.00,2016,F.coal,,120300000.0,,,filled,
89,COM00160.00,2017,F.coal,,113700000.0,,,filled,
89,COM00160.00,2018,F.coal,,107600000.0,,,filled,
89,COM00160.00,2019,F.coal,,101900000.0,,,filled,
89,COM00160.00,2020,F.coal,,97000000.0,,,,
90,COM00163.00,2019,O.bulk,Me.Ag,864100000.0,,,,
91,COM00163.00,2019,O.bulk,Me.Au,864100000.0,,,,
92,COM00163.00,2019,O.bulk,Me.Cu,864100000.0,,,,
93,COM00163.00,2019,O.bulk,Me.Mo,864100000.0,,,,
94,COM00164.00,2019,O.bulk,Me.Ag,11700000.0,,,,
95,COM00164.00,2019,O.bulk,Me.Au,11700000.0,,,,
96,COM00164.00,2019,O.bulk,Me.Cu,11700000.0,,,,
97,COM00170.00,2019,F.coc,,181000000.0,,,,
98,COM00176.00,2019,F.coal,,108000000.0,,,,
99,COM00177.00,2015,F.obc,,16086469.8,,,filled,
99,COM00177.00,2016,F.obc,,15404255.8,,,filled,
99,COM00177.00,2017,F.obc,,14759236.8,,,,
100,COM00178.00,2018,O.sul,Me.Cu,4102003000.0,,,,
101,COM00178.00,2018,O.sul,Me.Mo,4102003000.0,,,,
102,COM00180.00,2002,O.Au,Me.Au,22770463.223787166,,,filled,
102,COM00180.00,2003,O.Au,Me.Au,21695463.223787166,,,filled,
102,COM00180.00,2004,O.Au,Me.Au,20715463.223787166,,,filled,
102,COM00180.00,2005,O.Au,Me.Au,19592463.223787166,,,filled,
102,COM00180.00,2009,O.Au,Me.Au,18547463.223787166,,,filled,
102,COM00180.00,2010,O.Au,Me.Au,17580463.223787166,,,filled,
102,COM00180.00,2011,O.Au,Me.Au,16622463.223787168,,,filled,
102,COM00180.00,2012,O.Au,Me.Au,15574463.223787168,,,filled,
102,COM00180.00,2013,O.Au,Me.Au,14615463.223787168,,,filled,
102,COM00180.00,2014,O.Au,Me.Au,13743463.223787168,,,filled,
102,COM00180.00,2015,O.Au,Me.Au,12834463.223787168,,,filled,
102,COM00180.00,2016,O.Au,Me.Au,11841463.223787168,,,filled,
102,COM00180.00,2017,O.Au,Me.Au,10932463.223787168,,,filled,
102,COM00180.00,2018,O.Au,Me.Au,10336463.223787168,77.50644238028168,8.23,,
103,COM00183.00,2018,O.Au,Me.Au,14200000.0,55.139822487850005,4.3,,
104,COM00186.00,2009,O.Au,Me.Au,56484231.61189358,,,filled,
104,COM00186.00,2010,O.Au,Me.Au,51450231.61189358,,,filled,
104,COM00186.00,2011,O.Au,Me.Au,47165231.61189358,,,filled,
104,COM00186.00,2012,O.Au,Me.Au,43620231.61189358,,,filled,
104,COM00186.00,2013,O.Au,Me.Au,39397231.61189358,,,filled,
104,COM00186.00,2014,O.Au,Me.Au,35644231.61189358,,,filled,
104,COM00186.00,2015,O.Au,Me.Au,30952231.611893583,,,filled,
104,COM00186.00,2016,O.Au,Me.Au,25294231.611893583,,,filled,
104,COM00186.00,2017,O.Au,Me.Au,19977231.611893583,,,filled,
104,COM00186.00,2018,O.Au,Me.Au,10668231.611893583,8.739993788732395,0.8999999999999999,,
105,COM00189.00,2000,F.stc,,776109600.0,,,filled,
105,COM00189.00,2001,F.stc,,752431680.0,,,filled,
105,COM00189.00,2002,F.stc,,729207360.0,,,filled,
105,COM00189.00,2003,F.stc,,705620160.0,,,filled,
105,COM00189.00,2004,F.stc,,684936000.0,,,filled,
105,COM00189.00,2005,F.stc,,660895200.0,,,filled,
105,COM00189.00,2006,F.stc,,633225600.0,,,filled,
105,COM00189.00,2007,F.stc,,603469440.0,,,filled,
105,COM00189.00,2008,F.stc,,575164800.0,,,filled,
105,COM00189.00,2009,F.stc,,546860160.0,,,filled,
105,COM00189.00,2010,F.stc,,525722400.0,,,filled,
105,COM00189.00,2011,F.stc,,504403200.0,,,filled,
105,COM00189.00,2012,F.stc,,482539680.0,,,filled,
105,COM00189.00,2013,F.stc,,467208000.0,,,filled,
105,COM00189.00,2014,F.stc,,459043200.0,,,filled,
105,COM00189.00,2015,F.stc,,451785600.0,,,filled,
105,COM00189.00,2016,F.stc,,441443520.0,,,filled,
105,COM00189.00,2017,F.stc,,431282880.0,,,filled,
105,COM00189.00,2018,F.stc,,421212960.0,,,filled,
105,COM00189.00,2019,F.stc,,410961600.0,,,,
106,COM00190.00,2005,O.bulk,Me.Ag,1759567000.0,,,filled,
106,COM00190.00,2006,O.bulk,Me.Ag,1676917000.0,,,filled,
106,COM00190.00,2007,O.bulk,Me.Ag,1619517000.0,,,filled,
106,COM00190.00,2012,O.bulk,Me.Ag,1566417000.0,,,filled,
106,COM00190.00,2013,O.bulk,Me.Ag,1550417000.0,,,filled,
106,COM00190.00,2014,O.bulk,Me.Ag,1539073000.0,,,filled,
106,COM00190.00,2016,O.bulk,Me.Ag,1522180000.0,,,filled,
106,COM00190.00,2017,O.bulk,Me.Ag,1498853000.0,,,filled,
106,COM00190.00,2018,O.bulk,Me.Ag,1400000000.0,1020.58283268,0.78,,
107,COM00190.00,2018,O.bulk,Me.Au,1480000000.0,635.029318112,0.4737837837837838,,
108,COM00190.00,2018,O.bulk,Me.Cu,1480000000.0,4330000.0,2989.189189189189,,
109,COM00191.00,2010,F.obc,,16207129.2,,,filled,
109,COM00191.00,2011,F.obc,,14937049.2,,,filled,
109,COM00191.00,2012,F.obc,,13394809.2,,,filled,
109,COM00191.00,2013,F.obc,,11668407.2,,,filled,
109,COM00191.00,2014,F.obc,,9926583.2,,,filled,
109,COM00191.00,2015,F.obc,,7137850.2,,,filled,
109,COM00191.00,2016,F.obc,,5210050.2,,,filled,
109,COM00191.00,2017,F.obc,,3559853.2,,,filled,
109,COM00191.00,2018,F.obc,,2132827.2,,,,
112,COM00192.00,2019,O.Fe,Me.Ni,7862000.0,97490.0,12400.0,,
110,COM00192.00,2019,O.bulk,Me.Fe,11461000.0,,,,
111,COM00192.00,2019,O.bulk,Me.Ni,11461000.0,165030.0,14400.0,,
113,COM00194.00,2010,O.P,Nm.PO,116077000.0,,,filled,
113,COM00194.00,2011,O.P,Nm.PO,115532000.0,,,filled,
113,COM00194.00,2012,O.P,Nm.PO,114950000.0,,,filled,
113,COM00194.00,2013,O.P,Nm.PO,114400000.0,,,,
114,COM00196.00,2019,O.Au,Me.Au,133808000.0,135.454020894,1.11,,
115,COM00197.00,2019,O.bulk,Me.Ag,663696000.0,1077.28187894,2.2438630777886353,,
116,COM00197.00,2019,O.bulk,Me.Au,663696000.0,76.543712451,0.122335376437405,,
117,COM00197.00,2019,O.bulk,Me.Cu,663696000.0,3603000.0,5585.9595356910395,,
118,COM00198.00,2000,O.bulk,Me.Au,75369000.0,,,filled,
118,COM00198.00,2001,O.bulk,Me.Au,73751000.0,,,filled,
118,COM00198.00,2002,O.bulk,Me.Au,71890000.0,,,filled,
118,COM00198.00,2003,O.bulk,Me.Au,69650000.0,,,filled,
118,COM00198.00,2004,O.bulk,Me.Au,67257000.0,,,filled,
118,COM00198.00,2005,O.bulk,Me.Au,64511000.0,,,filled,
118,COM00198.00,2006,O.bulk,Me.Au,61074000.0,,,filled,
118,COM00198.00,2007,O.bulk,Me.Au,57982000.0,,,filled,
118,COM00198.00,2008,O.bulk,Me.Au,55599000.0,,,filled,
118,COM00198.00,2009,O.bulk,Me.Au,52448000.0,,,filled,
118,COM00198.00,2010,O.bulk,Me.Au,49244000.0,,,filled,
118,COM00198.00,2011,O.bulk,Me.Au,46014000.0,,,filled,
118,COM00198.00,2012,O.bulk,Me.Au,42904000.0,,,filled,
118,COM00198.00,2013,O.bulk,Me.Au,39671000.0,,,filled,
118,COM00198.00,2014,O.bulk,Me.Au,36525000.0,,,filled,
118,COM00198.00,2015,O.bulk,Me.Au,33079000.0,,,filled,
118,COM00198.00,2016,O.bulk,Me.Au,29661000.0,,,filled,
118,COM00198.00,2017,O.bulk,Me.Au,26372000.0,,,filled,
118,COM00198.00,2018,O.bulk,Me.Au,23463000.0,,,filled,
118,COM00198.00,2019,O.bulk,Me.Au,21000000.0,,,,
119,COM00198.00,2019,O.bulk,Me.Pb,21000000.0,,,,
120,COM00198.00,2019,O.bulk,Me.Zn,21000000.0,,,,
121,COM00201.00,2020,F.coc,,84800000.0,,,,
122,COM00201.00,2020,F.stc,,9100000.0,,,,
123,COM00203.00,2013,F.coal,,26800000.0,,,,
124,COM00205.00,2007,O.Au,Me.Au,478595223.0,,,filled,
124,COM00205.00,2008,O.Au,Me.Au,461014594.0,,,filled,
124,COM00205.00,2009,O.Au,Me.Au,441169594.0,,,filled,
124,COM00205.00,2010,O.Au,Me.Au,429845924.0,,,filled,
124,COM00205.00,2011,O.Au,Me.Au,424867210.0,,,filled,
124,COM00205.00,2012,O.Au,Me.Au,407229428.0,,,filled,
124,COM00205.00,2013,O.Au,Me.Au,389074542.0,,,filled,
124,COM00205.00,2014,O.Au,Me.Au,361697060.0,,,filled,
124,COM00205.00,2015,O.Au,Me.Au,340263553.0,,,filled,
124,COM00205.00,2016,O.Au,Me.Au,319341707.0,,,filled,
124,COM00205.00,2017,O.Au,Me.Au,295300000.0,420.42342609,1.419127398619323,,
124,COM00205.00,2018,O.Au,Me.Au,276745038.0,,,filled,
125,COM00207.00,2010,O.bulk,Me.Au,450827000.0,,,filled,
125,COM00207.00,2011,O.bulk,Me.Au,441142000.0,,,filled,
125,COM00207.00,2012,O.bulk,Me.Au,426391000.0,,,filled,
125,COM00207.00,2013,O.bulk,Me.Au,409668000.0,,,filled,
125,COM00207.00,2014,O.bulk,Me.Au,391620000.0,,,filled,
125,COM00207.00,2015,O.bulk,Me.Au,373944000.0,,,filled,
125,COM00207.00,2016,O.bulk,Me.Au,356635000.0,,,filled,
125,COM00207.00,2017,O.bulk,Me.Au,338774000.0,,,filled,
125,COM00207.00,2018,O.bulk,Me.Au,316400000.0,,,,
126,COM00207.00,2018,O.bulk,Me.Cu,321500000.0,,,,
127,COM00208.00,2013,O.Au,Me.Au,48867582.0,,,filled,
127,COM00208.00,2014,O.Au,Me.Au,46367000.0,,,filled,
127,COM00208.00,2015,O.Au,Me.Au,43798000.0,,,filled,
127,COM00208.00,2016,O.Au,Me.Au,41484000.0,,,filled,
127,COM00208.00,2017,O.Au,Me.Au,39163000.0,,,filled,
127,COM00208.00,2018,O.Au,Me.Au,36694000.0,,,filled,
127,COM00208.00,2019,O.Au,Me.Au,34976000.0,,,filled,
127,COM00208.00,2020,O.Au,Me.Au,33000000.0,56.699046,1.9,,
128,COM00210.00,2002,O.Fe,Me.Fe,2987600000.0,,,filled,
128,COM00210.00,2003,O.Fe,Me.Fe,2971700000.0,,,filled,
128,COM00210.00,2004,O.Fe,Me.Fe,2953600000.0,,,filled,
128,COM00210.00,2005,O.Fe,Me.Fe,2933000000.0,,,filled,
128,COM00210.00,2006,O.Fe,Me.Fe,2914000000.0,,,filled,
128,COM00210.00,2007,O.Fe,Me.Fe,2896500000.0,,,filled,
128,COM00210.00,2008,O.Fe,Me.Fe,2874900000.0,,,filled,
128,COM00210.00,2009,O.Fe,Me.Fe,2855000000.0,,,filled,
128,COM00210.00,2019,O.Fe,Me.Fe,2828000000.0,,,,
129,COM00211.00,2011,O.bulk,Me.Au,3623178.0,,,filled,
129,COM00211.00,2012,O.bulk,Me.Au,3383627.0,,,filled,
129,COM00211.00,2013,O.bulk,Me.Au,2920450.0,,,filled,
129,COM00211.00,2014,O.bulk,Me.Au,2498031.0,,,filled,
129,COM00211.00,2015,O.bulk,Me.Au,1891663.0,,,filled,
129,COM00211.00,2017,O.bulk,Me.Au,1704335.0,,,filled,
129,COM00211.00,2018,O.bulk,Me.Au,1382336.0,,,filled,
129,COM00211.00,2019,O.bulk,Me.Au,1216000.0,104.04274941,91.5,,
130,COM00212.00,2011,,Me.Nb,4300000.0,,,,
131,COM00213.00,2010,O.P,Nm.PO,55399000.0,,,filled,
131,COM00213.00,2011,O.P,Nm.PO,54773000.0,,,filled,
131,COM00213.00,2012,O.P,Nm.PO,53826000.0,,,filled,
131,COM00213.00,2013,O.P,Nm.PO,52800000.0,,,,
132,COM00215.00,2014,F.coc,,376942000.0,,,filled,
132,COM00215.00,2015,F.coc,,375816000.0,,,filled,
132,COM00215.00,2016,F.coc,,369688000.0,,,filled,
132,COM00215.00,2017,F.coc,,362486000.0,,,filled,
132,COM00215.00,2018,F.coc,,355570000.0,,,filled,
132,COM00215.00,2019,F.coc,,347000000.0,,,,
136,COM00216.00,2017,O.Cu,Me.Cu,4099999.999999999,,,,
133,COM00216.00,2013,O.bulk,Me.Ag,9288000.0,,,filled,
133,COM00216.00,2014,O.bulk,Me.Ag,7954999.999999999,,,filled,
133,COM00216.00,2015,O.bulk,Me.Ag,6613999.999999999,,,filled,
133,COM00216.00,2016,O.bulk,Me.Ag,5384999.999999999,,,filled,
133,COM00216.00,2017,O.bulk,Me.Ag,4099999.999999999,,,,
134,COM00216.00,2017,O.bulk,Me.Au,4099999.999999999,,,,
135,COM00216.00,2017,O.bulk,Me.Zn,4099999.999999999,,,,
133,COM00216.00,2018,O.bulk,Me.Ag,3092999.999999999,,,filled,
137,COM00217.00,2001,O.Al,Me.Al2O3,642331000.0,,,filled,
137,COM00217.00,2002,O.Al,Me.Al2O3,630344000.0,,,filled,
137,COM00217.00,2003,O.Al,Me.Al2O3,618303000.0,,,filled,
137,COM00217.00,2008,O.Al,Me.Al2O3,606243000.0,,,filled,
137,COM00217.00,2009,O.Al,Me.Al2O3,593062000.0,,,filled,
137,COM00217.00,2010,O.Al,Me.Al2O3,581846000.0,,,filled,
137,COM00217.00,2011,O.Al,Me.Al2O3,569805000.0,,,filled,
137,COM00217.00,2012,O.Al,Me.Al2O3,557288000.0,,,filled,
137,COM00217.00,2013,O.Al,Me.Al2O3,543287000.0,,,filled,
137,COM00217.00,2014,O.Al,Me.Al2O3,527850000.0,,,filled,
137,COM00217.00,2015,O.Al,Me.Al2O3,512047000.0,,,filled,
137,COM00217.00,2016,O.Al,Me.Al2O3,497432000.0,,,filled,
137,COM00217.00,2017,O.Al,Me.Al2O3,481409000.0,,,filled,
137,COM00217.00,2018,O.Al,Me.Al2O3,466000000.0,,,,
138,COM00219.00,2018,O.Fe,Me.Fe,23700000.0,,,,
139,COM00220.00,2019,O.bulk,Me.Au,1829400000.0,,,,
140,COM00220.00,2019,O.bulk,Me.Cu,2154900000.0,,,,
141,COM00220.00,2019,O.bulk,Me.Mo,1829400000.0,,,,
142,COM00221.00,2000,F.coal,,25356570000.0,,,filled,
142,COM00221.00,2001,F.coal,,25324170000.0,,,filled,
142,COM00221.00,2002,F.coal,,25292420000.0,,,filled,
142,COM00221.00,2003,F.coal,,25258610000.0,,,filled,
142,COM00221.00,2004,F.coal,,25221630000.0,,,filled,
142,COM00221.00,2005,F.coal,,25184300000.0,,,filled,
142,COM00221.00,2006,F.coal,,25146910000.0,,,filled,
142,COM00221.00,2007,F.coal,,25106400000.0,,,filled,
142,COM00221.00,2008,F.coal,,25065080000.0,,,filled,
142,COM00221.00,2009,F.coal,,25020930000.0,,,filled,
142,COM00221.00,2010,F.coal,,24977690000.0,,,filled,
142,COM00221.00,2011,F.coal,,24930610000.0,,,filled,
142,COM00221.00,2012,F.coal,,24883090000.0,,,filled,
142,COM00221.00,2013,F.coal,,24835090000.0,,,filled,
142,COM00221.00,2014,F.coal,,24787030000.0,,,filled,
142,COM00221.00,2020,F.coal,,24737010000.0,,,,
143,COM00222.00,2012,O.Fe,,709460000.0,,,,
144,COM00223.00,2002,O.Au,Me.Au,33705272.0,,,filled,
144,COM00223.00,2003,O.Au,Me.Au,32319188.0,,,filled,
144,COM00223.00,2004,O.Au,Me.Au,31836147.0,,,filled,
144,COM00223.00,2016,O.Au,Me.Au,31836147.0,,,filled,
144,COM00223.00,2017,O.Au,Me.Au,30739484.0,,,filled,
144,COM00223.00,2018,O.Au,Me.Au,29189444.0,,,filled,
144,COM00223.00,2019,O.Au,Me.Au,27528417.0,,,filled,
144,COM00223.00,2020,O.Au,Me.Au,25615000.0,61.149921111,2.6233066562561,,
145,COM00224.00,2012,O.bulk,Me.Ag,22124336.0,,,filled,
145,COM00224.00,2013,O.bulk,Me.Ag,16920323.0,,,filled,
145,COM00224.00,2014,O.bulk,Me.Ag,9973064.0,,,filled,
145,COM00224.00,2015,O.bulk,Me.Ag,2700000.0,,,,
146,COM00224.00,2015,O.bulk,Me.Pb,2700000.0,,,,
147,COM00224.00,2015,O.bulk,Me.Zn,2700000.0,,,,
145,COM00224.00,2016,O.bulk,Me.Ag,2581049.0,,,filled,
148,COM00225.00,2003,F.stc,,822283784.0,,,filled,
148,COM00225.00,2004,F.stc,,800219219.0,,,filled,
148,COM00225.00,2005,F.stc,,776459459.0,,,filled,
148,COM00225.00,2006,F.stc,,752513513.0,,,filled,
148,COM00225.00,2007,F.stc,,724537537.0,,,filled,
148,COM00225.00,2008,F.stc,,696291291.0,,,filled,
148,COM00225.00,2009,F.stc,,665156156.0,,,filled,
148,COM00225.00,2010,F.stc,,633342342.0,,,filled,
148,COM00225.00,2011,F.stc,,602846847.0,,,filled,
148,COM00225.00,2012,F.stc,,573150150.0,,,filled,
148,COM00225.00,2013,F.stc,,538126126.0,,,filled,
148,COM00225.00,2014,F.stc,,508045045.0,,,filled,
148,COM00225.00,2015,F.stc,,471012012.0,,,filled,
148,COM00225.00,2016,F.stc,,437105105.0,,,filled,
148,COM00225.00,2017,F.stc,,406792793.0,,,filled,
148,COM00225.00,2018,F.stc,,373882883.0,,,filled,
148,COM00225.00,2019,F.stc,,342000000.0,,,,
149,COM00227.00,2009,O.bulk,Me.Ag,14906898.0,,,filled,
149,COM00227.00,2010,O.bulk,Me.Ag,11396898.0,,,filled,
149,COM00227.00,2011,O.bulk,Me.Ag,8066898.0,,,filled,
149,COM00227.00,2012,O.bulk,Me.Ag,5516898.0,,,filled,
149,COM00227.00,2013,O.bulk,Me.Ag,3628200.0,,,filled,
149,COM00227.00,2014,O.bulk,Me.Ag,2975200.0,,,filled,
149,COM00227.00,2015,O.bulk,Me.Ag,2387200.0,,,filled,
149,COM00227.00,2016,O.bulk,Me.Ag,2100000.0,,,filled,
149,COM00227.00,2017,O.bulk,Me.Ag,2100000.0,,,filled,
149,COM00227.00,2018,O.bulk,Me.Ag,2100000.0,,,,
150,COM00227.00,2018,O.bulk,Me.Pb,2100000.0,,,,
151,COM00227.00,2018,O.bulk,Me.Zn,2100000.0,,,,
152,COM00228.00,2018,O.Ni,Me.Ni,35744745.0,,,filled,
152,COM00228.00,2019,O.Ni,Me.Ni,32000000.0,,,,
153,COM00229.00,2019,O.Au,Me.Ag,1530000.0,863.554820103,619.2,,
154,COM00229.00,2019,O.Au,Me.Au,1530000.0,14.996897667,10.75,,
155,COM00230.00,2019,O.Au,Me.Au,9300000.0,73.70875980000001,8.02291504579,,
156,COM00231.00,2020,O.Fe,Me.Fe,303400000.0,,,,
157,COM00232.00,2001,O.Au,Me.Ag,44605403.94594595,,,filled,
157,COM00232.00,2002,O.Au,Me.Ag,44172971.94594595,,,filled,
157,COM00232.00,2003,O.Au,Me.Ag,43524322.94594595,,,filled,
157,COM00232.00,2004,O.Au,Me.Ag,42551349.94594595,,,filled,
157,COM00232.00,2005,O.Au,Me.Ag,41578376.94594595,,,filled,
157,COM00232.00,2006,O.Au,Me.Ag,40605403.94594595,,,filled,
157,COM00232.00,2007,O.Au,Me.Ag,39632430.94594595,,,filled,
157,COM00232.00,2008,O.Au,Me.Ag,38659457.94594595,,,filled,
157,COM00232.00,2009,O.Au,Me.Ag,37686484.94594595,,,filled,
157,COM00232.00,2010,O.Au,Me.Ag,36713511.94594595,,,filled,
157,COM00232.00,2011,O.Au,Me.Ag,35632430.94594595,,,filled,
157,COM00232.00,2012,O.Au,Me.Ag,34551349.94594595,,,filled,
157,COM00232.00,2013,O.Au,Me.Ag,32713511.945945945,,,filled,
157,COM00232.00,2014,O.Au,Me.Ag,30227025.945945945,,,filled,
157,COM00232.00,2015,O.Au,Me.Ag,26983782.945945945,,,filled,
157,COM00232.00,2016,O.Au,Me.Ag,23632431.945945945,,,filled,
157,COM00232.00,2017,O.Au,Me.Ag,20497296.945945945,,,filled,
157,COM00232.00,2018,O.Au,Me.Ag,17145945.945945945,1001.5809901496216,64.08,,
158,COM00232.00,2018,O.Au,Me.Au,17145945.945945945,32.79350243145946,2.1,,
159,COM00233.00,2019,O.bulk,Me.Ag,4170000000.0,,,,
160,COM00233.00,2019,O.bulk,Me.Cu,4265000000.0,,,,
161,COM00233.00,2019,O.bulk,Me.Mo,4170000000.0,,,,
162,COM00241.00,2010,O.Al,Me.Al2O3,29810300.0,,,filled,
162,COM00241.00,2011,O.Al,Me.Al2O3,29315300.0,,,filled,
162,COM00241.00,2012,O.Al,Me.Al2O3,28345400.0,,,filled,
162,COM00241.00,2013,O.Al,Me.Al2O3,27340000.0,,,filled,
162,COM00241.00,2014,O.Al,Me.Al2O3,25573000.0,,,filled,
162,COM00241.00,2015,O.Al,Me.Al2O3,23606000.0,,,filled,
162,COM00241.00,2016,O.Al,Me.Al2O3,20769000.0,,,filled,
162,COM00241.00,2017,O.Al,Me.Al2O3,19339000.0,,,filled,
162,COM00241.00,2018,O.Al,Me.Al2O3,19050000.0,,,filled,
162,COM00241.00,2019,O.Al,Me.Al2O3,17730000.0,,,,
163,COM00241.00,2019,O.Al,Nm.SiO2,17730000.0,,,,
164,COM00243.00,2012,O.Mn,Me.Mn,17727300.0,,,filled,
164,COM00243.00,2013,O.Mn,Me.Mn,17565300.0,,,filled,
164,COM00243.00,2014,O.Mn,Me.Mn,17470000.0,,,filled,
164,COM00243.00,2015,O.Mn,Me.Mn,17470000.0,,,filled,
164,COM00243.00,2016,O.Mn,Me.Mn,17461000.0,,,filled,
164,COM00243.00,2017,O.Mn,Me.Mn,17366000.0,,,filled,
164,COM00243.00,2018,O.Mn,Me.Mn,17153000.0,,,filled,
164,COM00243.00,2019,O.Mn,Me.Mn,17000000.0,,,,
165,COM00244.00,2006,O.bulk,Me.Au,1000684155.0,,,filled,
165,COM00244.00,2007,O.bulk,Me.Au,999806958.0,,,filled,
165,COM00244.00,2008,O.bulk,Me.Au,981155796.0,,,filled,
165,COM00244.00,2009,O.bulk,Me.Au,966634656.0,,,filled,
165,COM00244.00,2010,O.bulk,Me.Au,949635769.0,,,filled,
165,COM00244.00,2011,O.bulk,Me.Au,928153242.0,,,filled,
165,COM00244.00,2012,O.bulk,Me.Au,906670715.0,,,filled,
165,COM00244.00,2013,O.bulk,Me.Au,884585936.0,,,filled,
165,COM00244.00,2014,O.bulk,Me.Au,862752678.0,,,filled,
165,COM00244.00,2015,O.bulk,Me.Au,843923968.0,,,filled,
165,COM00244.00,2016,O.bulk,Me.Au,823964025.0,,,filled,
165,COM00244.00,2017,O.bulk,Me.Au,806740261.0,,,filled,
165,COM00244.00,2018,O.bulk,Me.Au,772576816.0,,,filled,
165,COM00244.00,2019,O.bulk,Me.Au,803984000.0,130.40780639800002,0.1324359688750024,,
166,COM00244.00,2019,O.bulk,Me.Cu,738789000.0,1757000.0,2000.0,,
167,COM00245.00,2014,O.P,Nm.PO,112000000.0,,,,
168,COM00250.00,2006,O.Cu,Me.Cu,3371867.0,,,filled,
168,COM00250.00,2007,O.Cu,Me.Cu,3008556.0,,,filled,
168,COM00250.00,2008,O.Cu,Me.Cu,2504676.0,,,filled,
168,COM00250.00,2009,O.Cu,Me.Cu,1949101.0,,,filled,
168,COM00250.00,2010,O.Cu,Me.Cu,1380914.0,,,filled,
168,COM00250.00,2011,O.Cu,Me.Cu,809824.0,,,filled,
168,COM00250.00,2019,O.Cu,Me.Cu,250000.0,6800.0,25200.0,,
169,COM00253.00,2019,O.bulk,Me.Ag,224000000.0,,,,
170,COM00253.00,2019,O.bulk,Me.Au,224000000.0,,,,
171,COM00253.00,2019,O.bulk,Me.Cu,324000000.0,,,,
172,COM00253.00,2019,O.bulk,Me.Mo,224000000.0,,,,
173,COM00254.00,2010,O.Au,Me.Au,31839555.555555556,,,filled,
173,COM00254.00,2011,O.Au,Me.Au,30531555.555555556,,,filled,
173,COM00254.00,2012,O.Au,Me.Au,26638555.555555556,,,filled,
173,COM00254.00,2013,O.Au,Me.Au,21910555.555555556,,,filled,
173,COM00254.00,2014,O.Au,Me.Au,18124555.555555556,,,filled,
173,COM00254.00,2015,O.Au,Me.Au,14903555.555555556,,,filled,
173,COM00254.00,2016,O.Au,Me.Au,11857555.555555556,,,filled,
173,COM00254.00,2017,O.Au,Me.Au,9135555.555555556,,,filled,
173,COM00254.00,2018,O.Au,Me.Au,6725555.555555555,13.07228005,2.1,,
174,COM00256.00,2017,F.stc,,17380000.0,,,filled,
174,COM00256.00,2018,F.stc,,17200000.0,,,filled,
174,COM00256.00,2019,F.stc,,17200000.0,,,,
175,COM00257.00,2009,O.bulk,Me.Ag,24496800.0,,,filled,
175,COM00257.00,2010,O.bulk,Me.Ag,23066800.0,,,filled,
175,COM00257.00,2011,O.bulk,Me.Ag,21586800.0,,,filled,
175,COM00257.00,2012,O.bulk,Me.Ag,20056800.0,,,filled,
175,COM00257.00,2013,O.bulk,Me.Ag,18313000.0,,,filled,
175,COM00257.00,2014,O.bulk,Me.Ag,16299000.0,,,filled,
175,COM00257.00,2015,O.bulk,Me.Ag,14161000.0,,,filled,
175,COM00257.00,2016,O.bulk,Me.Ag,12153000.0,,,filled,
175,COM00257.00,2017,O.bulk,Me.Ag,10138000.0,,,filled,
175,COM00257.00,2018,O.bulk,Me.Ag,8300000.000000001,,,,
176,COM00257.00,2018,O.bulk,Me.Cu,8300000.000000001,,,,
177,COM00257.00,2018,O.bulk,Me.Pb,8300000.000000001,,,,
178,COM00257.00,2018,O.bulk,Me.Zn,8300000.000000001,,,,
179,COM00258.00,2010,O.bulk,Me.Ag,18379000.0,,,filled,
179,COM00258.00,2011,O.bulk,Me.Ag,17519000.0,,,filled,
179,COM00258.00,2012,O.bulk,Me.Ag,16552000.0,,,filled,
179,COM00258.00,2013,O.bulk,Me.Ag,15439000.0,,,filled,
179,COM00258.00,2014,O.bulk,Me.Ag,14197000.0,,,filled,
179,COM00258.00,2015,O.bulk,Me.Ag,12856000.0,,,filled,
179,COM00258.00,2016,O.bulk,Me.Ag,11527000.0,,,filled,
179,COM00258.00,2017,O.bulk,Me.Ag,10252000.0,,,filled,
179,COM00258.00,2018,O.bulk,Me.Ag,8950000.0,1613.995043436,198.0,,
180,COM00258.00,2018,O.bulk,Me.Au,8950000.0,16.953014754,2.08,,
181,COM00258.00,2018,O.bulk,Me.Pb,8950000.0,74000.0,8199.999999999998,,
182,COM00258.00,2018,O.bulk,Me.Zn,8950000.0,112000.0,12500.0,,
183,COM00262.00,2019,O.Ni,Me.Ni,450000.0,,,,
184,COM00263.00,2017,F.coal,,91200000.0,,,filled,
184,COM00263.00,2018,F.coal,,88600000.0,,,filled,
184,COM00263.00,2019,F.coal,,86000000.0,,,,
185,COM00264.00,2019,,Me.Mo,160000000.0,,,,
186,COM00265.00,2000,F.stc,,191237760.0,,,filled,
186,COM00265.00,2001,F.stc,,187427520.0,,,filled,
186,COM00265.00,2002,F.stc,,187427520.0,,,filled,
186,COM00265.00,2003,F.stc,,187427520.0,,,filled,
186,COM00265.00,2004,F.stc,,187427520.0,,,filled,
186,COM00265.00,2005,F.stc,,187427520.0,,,filled,
186,COM00265.00,2006,F.stc,,187427520.0,,,filled,
186,COM00265.00,2007,F.stc,,184615200.0,,,filled,
186,COM00265.00,2008,F.stc,,175361760.0,,,filled,
186,COM00265.00,2009,F.stc,,164928960.0,,,filled,
186,COM00265.00,2010,F.stc,,156038400.0,,,filled,
186,COM00265.00,2011,F.stc,,145696320.0,,,filled,
186,COM00265.00,2012,F.stc,,136624320.0,,,filled,
186,COM00265.00,2013,F.stc,,129820320.0,,,filled,
186,COM00265.00,2014,F.stc,,122109120.0,,,filled,
186,COM00265.00,2015,F.stc,,113581440.0,,,filled,
186,COM00265.00,2016,F.stc,,106505280.0,,,filled,
186,COM00265.00,2017,F.stc,,99066240.0,,,filled,
186,COM00265.00,2018,F.stc,,90901440.0,,,filled,
186,COM00265.00,2019,F.stc,,83643840.0,,,,
187,COM00266.00,2001,F.obc,,49326311.6,,,filled,
187,COM00266.00,2002,F.obc,,47826311.6,,,filled,
187,COM00266.00,2003,F.obc,,46026311.6,,,filled,
187,COM00266.00,2004,F.obc,,44826311.6,,,filled,
187,COM00266.00,2005,F.obc,,43126311.6,,,filled,
187,COM00266.00,2006,F.obc,,41726311.6,,,filled,
187,COM00266.00,2007,F.obc,,40026311.6,,,filled,
187,COM00266.00,2008,F.obc,,36626311.6,,,filled,
187,COM00266.00,2009,F.obc,,32926311.6,,,filled,
187,COM00266.00,2010,F.obc,,29226311.6,,,filled,
187,COM00266.00,2011,F.obc,,25826311.6,,,filled,
187,COM00266.00,2012,F.obc,,22426311.6,,,filled,
187,COM00266.00,2013,F.obc,,18926311.6,,,filled,
187,COM00266.00,2014,F.obc,,15726311.6,,,filled,
187,COM00266.00,2015,F.obc,,13864737.6,,,filled,
187,COM00266.00,2016,F.obc,,11929679.6,,,filled,
187,COM00266.00,2017,F.obc,,9759657.6,,,,
188,COM00267.00,2000,F.stc,,62506080.0,,,filled,
188,COM00267.00,2001,F.stc,,61689600.0,,,filled,
188,COM00267.00,2002,F.stc,,59240160.0,,,filled,
188,COM00267.00,2003,F.stc,,57335040.0,,,filled,
188,COM00267.00,2004,F.stc,,55429920.0,,,filled,
188,COM00267.00,2005,F.stc,,53071200.0,,,filled,
188,COM00267.00,2006,F.stc,,50168160.0,,,filled,
188,COM00267.00,2007,F.stc,,46811520.0,,,filled,
188,COM00267.00,2008,F.stc,,43273440.0,,,filled,
188,COM00267.00,2009,F.stc,,39916800.0,,,filled,
188,COM00267.00,2010,F.stc,,37285920.0,,,filled,
188,COM00267.00,2011,F.stc,,34382880.0,,,filled,
188,COM00267.00,2012,F.stc,,31389120.0,,,filled,
188,COM00267.00,2013,F.stc,,28395360.0,,,filled,
188,COM00267.00,2014,F.stc,,25583040.0,,,filled,
188,COM00267.00,2015,F.stc,,23042880.0,,,filled,
188,COM00267.00,2016,F.stc,,20865600.0,,,,
188,COM00267.00,2017,F.stc,,18688320.0,,,filled,
188,COM00267.00,2018,F.stc,,16420320.0,,,filled,
189,COM00269.00,2013,O.Cu,Me.Cu,10130000.0,,,filled,
189,COM00269.00,2014,O.Cu,Me.Cu,8877000.0,,,filled,
189,COM00269.00,2015,O.Cu,Me.Cu,7338000.0,,,filled,
189,COM00269.00,2016,O.Cu,Me.Cu,5838000.0,,,filled,
189,COM00269.00,2017,O.Cu,Me.Cu,4300000.0,,,,
189,COM00269.00,2018,O.Cu,Me.Cu,2756000.0,,,filled,
190,COM00272.00,2018,O.Cu,Me.Cu,3229000000.0,19100000.0,5928.12016104057,,
191,COM00276.00,2003,O.Cu,Me.Cu,3570597700.0,,,filled,
191,COM00276.00,2004,O.Cu,Me.Cu,3542917700.0,,,filled,
191,COM00276.00,2005,O.Cu,Me.Cu,3492575700.0,,,filled,
191,COM00276.00,2006,O.Cu,Me.Cu,3451870700.0,,,filled,
191,COM00276.00,2007,O.Cu,Me.Cu,3406027400.0,,,filled,
191,COM00276.00,2008,O.Cu,Me.Cu,3344057600.0,,,filled,
191,COM00276.00,2009,O.Cu,Me.Cu,3286357800.0,,,filled,
191,COM00276.00,2010,O.Cu,Me.Cu,3215160000.0,,,filled,
191,COM00276.00,2018,O.Cu,Me.Cu,3131100000.0,29140000.0,9281.98396729584,,
192,COM00276.00,2018,O.Cu,Me.Mo,3131100000.0,791000.0,252.3116476637603,,
193,COM00280.00,2001,F.sbc,,373556836.4,,,filled,
193,COM00280.00,2002,F.sbc,,363319991.4,,,filled,
193,COM00280.00,2003,F.sbc,,354192652.4,,,filled,
193,COM00280.00,2004,F.sbc,,344210730.4,,,filled,
193,COM00280.00,2005,F.sbc,,332730114.4,,,filled,
193,COM00280.00,2006,F.sbc,,320567284.4,,,filled,
193,COM00280.00,2007,F.sbc,,309016814.4,,,filled,
193,COM00280.00,2008,F.sbc,,297784771.4,,,filled,
193,COM00280.00,2009,F.sbc,,286148117.4,,,filled,
193,COM00280.00,2010,F.sbc,,276980861.4,,,filled,
193,COM00280.00,2011,F.sbc,,265864032.4,,,filled,
193,COM00280.00,2012,F.sbc,,257912424.4,,,filled,
193,COM00280.00,2013,F.sbc,,250659360.4,,,filled,
193,COM00280.00,2014,F.sbc,,243177682.4,,,filled,
193,COM00280.00,2015,F.sbc,,235236053.4,,,filled,
193,COM00280.00,2016,F.sbc,,226695672.4,,,filled,
193,COM00280.00,2017,F.sbc,,218714126.4,,,,
194,COM00281.00,2014,O.bulk,Me.Ag,590847127.5559883,1071.0433226874393,1.7009713878,,
195,COM00281.00,2014,O.bulk,Me.Au,590847127.5559883,356.64638477117825,0.59533998573,,
196,COM00281.00,2014,O.bulk,Me.Cu,590847127.5559883,1492835.648101266,,,
197,COM00283.00,2015,O.bulk,Me.Ag,610503767.0,,,filled,
197,COM00283.00,2016,O.bulk,Me.Ag,584674918.0,,,filled,
197,COM00283.00,2017,O.bulk,Me.Ag,558154964.0,,,filled,
197,COM00283.00,2018,O.bulk,Me.Ag,528172156.0,,,filled,
197,COM00283.00,2019,O.bulk,Me.Ag,493800000.0,,,,
198,COM00283.00,2019,O.bulk,Me.Au,493800000.0,,,,
199,COM00283.00,2019,O.bulk,Me.Cu,493800000.0,,,,
200,COM00283.00,2019,O.bulk,Me.Mo,493800000.0,,,,
201,COM00285.00,2014,O.Au,Me.Au,35588000.0,,,filled,
201,COM00285.00,2015,O.Au,Me.Au,31916000.0,,,filled,
201,COM00285.00,2016,O.Au,Me.Au,26123000.0,,,filled,
201,COM00285.00,2017,O.Au,Me.Au,20922000.0,,,filled,
201,COM00285.00,2018,O.Au,Me.Au,17200000.0,4.50757417767,0.3063953488372093,,
202,COM00286.00,2011,O.P,Nm.PO,239200000.0,,,,
203,COM00287.00,2011,F.coc,,48353760.0,,,filled,
203,COM00287.00,2012,F.coc,,47990880.0,,,filled,
203,COM00287.00,2013,F.coc,,45450720.0,,,filled,
203,COM00287.00,2014,F.coc,,42547680.0,,,filled,
203,COM00287.00,2015,F.coc,,39644640.0,,,filled,
203,COM00287.00,2016,F.coc,,37104480.0,,,filled,
203,COM00287.00,2017,F.coc,,34927200.0,,,filled,
203,COM00287.00,2018,F.coc,,32387040.0,,,filled,
203,COM00287.00,2019,F.coc,,29937600.0,,,,
204,COM00292.00,2018,F.coal,,258824160.0,,,,
205,COM00294.00,2014,O.Au,Me.Au,218529000.0,,,filled,
205,COM00294.00,2015,O.Au,Me.Au,192572000.0,,,filled,
205,COM00294.00,2016,O.Au,Me.Au,170166000.0,,,filled,
205,COM00294.00,2018,O.Au,Me.Au,145054000.0,247.689782451,1.87,,
206,COM00297.00,2014,O.Au,Me.Au,41470000.0,44.083508265,1.17,,
207,COM00298.00,2019,F.coal,,63141119.99999999,,,,
208,COM00299.00,2007,O.bulk,Me.Ag,17110207.0,,,filled,
208,COM00299.00,2008,O.bulk,Me.Ag,16625566.0,,,filled,
208,COM00299.00,2009,O.bulk,Me.Ag,15799657.0,,,filled,
208,COM00299.00,2010,O.bulk,Me.Ag,14827058.0,,,filled,
208,COM00299.00,2011,O.bulk,Me.Ag,13848104.0,,,filled,
208,COM00299.00,2012,O.bulk,Me.Ag,12738000.0,,,filled,
208,COM00299.00,2013,O.bulk,Me.Ag,11567000.0,,,filled,
208,COM00299.00,2014,O.bulk,Me.Ag,10358000.0,,,filled,
208,COM00299.00,2015,O.bulk,Me.Ag,9142000.0,,,filled,
208,COM00299.00,2016,O.bulk,Me.Ag,8063000.0,,,filled,
208,COM00299.00,2017,O.bulk,Me.Ag,7067000.0,,,filled,
208,COM00299.00,2018,O.bulk,Me.Ag,6155000.0,,,filled,
208,COM00299.00,2019,O.bulk,Me.Ag,5166000.0,190.22529933,40.0,,
209,COM00299.00,2019,O.bulk,Me.Cu,5166000.0,78000.0,15000.0,,
210,COM00299.00,2019,O.bulk,Me.Pb,5166000.0,7000.0,1300.0,,
211,COM00299.00,2019,O.bulk,Me.Zn,5166000.0,33000.0,6400.0,,
212,COM00302.00,2001,O.Au,Me.Au,406150000.0,,,filled,
212,COM00302.00,2002,O.Au,Me.Au,394850000.0,,,filled,
212,COM00302.00,2003,O.Au,Me.Au,382450000.0,,,filled,
212,COM00302.00,2004,O.Au,Me.Au,365350000.0,,,filled,
212,COM00302.00,2005,O.Au,Me.Au,347150000.0,,,filled,
212,COM00302.00,2006,O.Au,Me.Au,327950000.0,,,filled,
212,COM00302.00,2007,O.Au,Me.Au,306150000.0,,,filled,
212,COM00302.00,2008,O.Au,Me.Au,285250000.0,,,filled,
212,COM00302.00,2009,O.Au,Me.Au,263150000.0,,,filled,
212,COM00302.00,2010,O.Au,Me.Au,244450000.0,,,filled,
212,COM00302.00,2011,O.Au,Me.Au,223850000.0,,,filled,
212,COM00302.00,2012,O.Au,Me.Au,203550000.0,,,filled,
212,COM00302.00,2013,O.Au,Me.Au,182650000.0,133.5262539423,0.8,,
212,COM00302.00,2014,O.Au,Me.Au,163350000.0,,,filled,
212,COM00302.00,2016,O.Au,Me.Au,143524958.0,,,filled,
213,COM00302.00,2017,O.Au,Me.Au,174200000.0,98.65634004,0.5731909036519691,,
212,COM00302.00,2018,O.Au,Me.Au,156546795.0,,,filled,
212,COM00302.00,2019,O.Au,Me.Au,135453488.0,,,filled,
216,COM00305.00,2005,O.oxi,Me.Cu,11065600.0,,,filled,
216,COM00305.00,2006,O.oxi,Me.Cu,11065600.0,,,filled,
216,COM00305.00,2007,O.oxi,Me.Cu,11024000.0,,,filled,
216,COM00305.00,2008,O.oxi,Me.Cu,11024000.0,,,filled,
216,COM00305.00,2009,O.oxi,Me.Cu,11024000.0,,,filled,
216,COM00305.00,2010,O.oxi,Me.Cu,11013000.0,,,filled,
216,COM00305.00,2011,O.oxi,Me.Cu,11003000.0,,,filled,
216,COM00305.00,2012,O.oxi,Me.Cu,7907000.0,,,filled,
216,COM00305.00,2013,O.oxi,Me.Cu,7353000.0,,,filled,
216,COM00305.00,2014,O.oxi,Me.Cu,4282000.0,,,filled,
216,COM00305.00,2015,O.oxi,Me.Cu,2384000.0,,,filled,
216,COM00305.00,2016,O.oxi,Me.Cu,2384000.0,,,filled,
216,COM00305.00,2017,O.oxi,Me.Cu,2384000.0,,,filled,
216,COM00305.00,2018,O.oxi,Me.Cu,2384000.0,,,filled,
216,COM00305.00,2019,O.oxi,Me.Cu,1262000.0,,,,
214,COM00305.00,2018,O.sul,Me.Cu,1766131000.0,,,,
215,COM00305.00,2018,O.sul,Me.Mo,1766131000.0,,,,
217,COM00307.00,2002,F.coal,,37013760.0,,,filled,
217,COM00307.00,2003,F.coal,,35562240.0,,,filled,
217,COM00307.00,2004,F.coal,,34201440.0,,,filled,
217,COM00307.00,2005,F.coal,,32749920.0,,,filled,
217,COM00307.00,2006,F.coal,,30663360.0,,,filled,
217,COM00307.00,2007,F.coal,,28304640.0,,,filled,
217,COM00307.00,2008,F.coal,,26127360.0,,,filled,
217,COM00307.00,2009,F.coal,,23950080.0,,,filled,
217,COM00307.00,2010,F.coal,,22498560.0,,,filled,
217,COM00307.00,2011,F.coal,,21137760.0,,,filled,
217,COM00307.00,2012,F.coal,,19141920.0,,,filled,
217,COM00307.00,2013,F.coal,,17781120.0,,,,
218,COM00309.00,2017,F.coal,,262300000.0,,,filled,
218,COM00309.00,2018,F.coal,,250100000.0,,,filled,
218,COM00309.00,2019,F.coal,,238000000.0,,,,
219,COM00314.00,2012,O.Al,Me.Al2O3,353600000.0,,,filled,
219,COM00314.00,2013,O.Al,Me.Al2O3,321800000.0,,,filled,
219,COM00314.00,2014,O.Al,Me.Al2O3,290400000.0,,,filled,
219,COM00314.00,2015,O.Al,Me.Al2O3,259000000.0,,,filled,
219,COM00314.00,2016,O.Al,Me.Al2O3,227300000.0,,,filled,
219,COM00314.00,2017,O.Al,Me.Al2O3,194900000.0,,,filled,
219,COM00314.00,2018,O.Al,Me.Al2O3,161700000.0,,,filled,
219,COM00314.00,2019,O.Al,Me.Al2O3,128200000.0,,,,
220,COM00314.00,2019,O.Al,Nm.SiO2,128200000.0,,,,
221,COM00315.00,2002,O.Au,Me.Au,8656000.0,,,filled,
221,COM00315.00,2003,O.Au,Me.Au,7807000.0,,,filled,
221,COM00315.00,2004,O.Au,Me.Au,6928000.0,,,filled,
221,COM00315.00,2005,O.Au,Me.Au,6067000.0,,,filled,
221,COM00315.00,2007,O.Au,Me.Au,5208000.0,18.568937565,3.5720399143800003,,
221,COM00315.00,2018,O.Au,Me.Au,4805729.0,,,filled,
221,COM00315.00,2019,O.Au,Me.Au,4308833.0,,,filled,
222,COM00315.00,2020,O.Au,Me.Au,2690000.0,6.775535997,2.8,,
223,COM00319.00,2019,F.coal,,99000000.0,,,,
224,COM00320.00,2020,F.coc,,73800000.0,,,,
225,COM00320.00,2020,F.stc,,63600000.0,,,,
226,COM00321.00,2012,O.Mn,Me.Mn,71075000.0,,,filled,
226,COM00321.00,2013,O.Mn,Me.Mn,69809000.0,,,filled,
226,COM00321.00,2014,O.Mn,Me.Mn,68354000.0,,,filled,
226,COM00321.00,2015,O.Mn,Me.Mn,66447000.0,,,filled,
226,COM00321.00,2016,O.Mn,Me.Mn,65300000.0,,,filled,
226,COM00321.00,2017,O.Mn,Me.Mn,63795000.0,,,filled,
226,COM00321.00,2018,O.Mn,Me.Mn,61995000.0,,,filled,
226,COM00321.00,2019,O.Mn,Me.Mn,60120000.0,,,,
227,COM00322.00,2018,O.Au,Me.Au,15300000.0,59.50564904987001,4.3,,
228,COM00326.00,2019,O.bulk,Me.Au,2858896.0,,,filled,
228,COM00326.00,2020,O.bulk,Me.Au,2225000.0,12.643887258,6.199999999999999,,
229,COM00326.00,2020,O.bulk,Me.Cu,2225000.0,6900.0,3000.0,,
230,COM00327.00,2013,O.bulk,Me.Au,14689576.0,,,filled,
230,COM00327.00,2014,O.bulk,Me.Au,13585785.0,,,filled,
230,COM00327.00,2015,O.bulk,Me.Au,12089099.0,,,filled,
230,COM00327.00,2016,O.bulk,Me.Au,10614317.0,,,filled,
230,COM00327.00,2017,O.bulk,Me.Au,9021149.0,,,filled,
230,COM00327.00,2018,O.bulk,Me.Au,7490848.0,,,filled,
230,COM00327.00,2019,O.bulk,Me.Au,5824988.0,,,filled,
230,COM00327.00,2020,O.bulk,Me.Au,4200000.0,5.95339983,1.6,,
231,COM00327.00,2020,O.bulk,Me.Cu,4200000.0,202000.0,48595.23809523809,,
232,COM00332.00,2018,O.dig,Nm.dia,12000000.0,,,,
233,COM00333.00,2013,O.Au,Me.Ag,69807811.0,,,filled,
233,COM00333.00,2014,O.Au,Me.Ag,67229516.0,,,filled,
233,COM00333.00,2015,O.Au,Me.Ag,64118000.0,,,filled,
233,COM00333.00,2016,O.Au,Me.Ag,57054000.0,,,filled,
233,COM00333.00,2017,O.Au,Me.Ag,47855000.0,,,filled,
233,COM00333.00,2018,O.Au,Me.Ag,44091000.0,,,filled,
233,COM00333.00,2019,O.Au,Me.Ag,43100000.0,75.9767219884,1.9394663573085849,,
234,COM00333.00,2019,O.Au,Me.Au,43100000.0,35.7203991438,0.904245939675174,,
235,COM00333.00,2019,O.Au,Me.Cu,43100000.0,160000.0,3589.0951276102087,,
236,COM00338.00,2008,O.bulk,Me.Ag,110359666.0,,,filled,
236,COM00338.00,2009,O.bulk,Me.Ag,107430691.0,,,filled,
236,COM00338.00,2010,O.bulk,Me.Ag,101057543.0,,,filled,
236,COM00338.00,2011,O.bulk,Me.Ag,95168791.0,,,filled,
236,COM00338.00,2012,O.bulk,Me.Ag,86825000.0,,,filled,
236,COM00338.00,2013,O.bulk,Me.Ag,81029000.0,,,filled,
236,COM00338.00,2014,O.bulk,Me.Ag,75677000.0,,,filled,
236,COM00338.00,2015,O.bulk,Me.Ag,69623000.0,,,filled,
236,COM00338.00,2016,O.bulk,Me.Ag,63514000.0,,,filled,
236,COM00338.00,2017,O.bulk,Me.Ag,57208000.0,,,filled,
236,COM00338.00,2018,O.bulk,Me.Ag,50603000.0,,,filled,
236,COM00338.00,2019,O.bulk,Me.Ag,43700000.0,,,,
237,COM00338.00,2019,O.bulk,Me.Au,43700000.0,,,,
238,COM00341.00,2000,F.coal,,138620160.0,,,filled,
238,COM00341.00,2001,F.coal,,135082080.0,,,filled,
238,COM00341.00,2002,F.coal,,130908960.0,,,filled,
238,COM00341.00,2003,F.coal,,126826560.0,,,filled,
238,COM00341.00,2004,F.coal,,122381280.0,,,filled,
238,COM00341.00,2005,F.coal,,118026720.0,,,filled,
238,COM00341.00,2006,F.coal,,113762880.0,,,filled,
238,COM00341.00,2007,F.coal,,109499040.0,,,filled,
238,COM00341.00,2008,F.coal,,105325920.0,,,filled,
238,COM00341.00,2009,F.coal,,101062080.0,,,filled,
238,COM00341.00,2010,F.coal,,97251840.0,,,filled,
238,COM00341.00,2011,F.coal,,93713760.0,,,filled,
238,COM00341.00,2012,F.coal,,90447840.0,,,filled,
238,COM00341.00,2013,F.coal,,87363360.0,,,filled,
238,COM00341.00,2014,F.coal,,84188160.0,,,filled,
238,COM00341.00,2015,F.coal,,80650080.0,,,filled,
238,COM00341.00,2016,F.coal,,77021280.0,,,filled,
238,COM00341.00,2017,F.coal,,73664640.0,,,filled,
238,COM00341.00,2018,F.coal,,71305920.0,,,filled,
238,COM00341.00,2019,F.coal,,69037920.0,,,,
239,COM00343.00,2018,,Me.Au,216600000.0,63.61632990372001,0.3314404432132964,,
240,COM00344.00,2012,O.Au,Me.Au,48194000.0,,,filled,
240,COM00344.00,2013,O.Au,Me.Au,43459000.0,,,filled,
240,COM00344.00,2014,O.Au,Me.Au,38149000.0,,,filled,
240,COM00344.00,2015,O.Au,Me.Au,32785000.0,,,filled,
240,COM00344.00,2016,O.Au,Me.Au,27013000.0,,,filled,
240,COM00344.00,2017,O.Au,Me.Au,21042000.0,,,filled,
240,COM00344.00,2018,O.Au,Me.Au,15000000.0,94.20546536099002,6.8933333333333335,,
241,COM00352.00,2018,O.bulk,Me.Ag,28600000.0,,,,
242,COM00352.00,2018,O.bulk,Me.Pb,28600000.0,,,,
243,COM00352.00,2018,O.bulk,Me.Zn,28600000.0,,,,
244,COM00353.00,2000,F.coal,,38102400.0,,,filled,
244,COM00353.00,2001,F.coal,,37648800.0,,,filled,
244,COM00353.00,2002,F.coal,,36015840.0,,,filled,
244,COM00353.00,2003,F.coal,,34201440.0,,,filled,
244,COM00353.00,2004,F.coal,,31933440.0,,,filled,
244,COM00353.00,2005,F.coal,,28486080.0,,,filled,
244,COM00353.00,2006,F.coal,,24040800.0,,,filled,
244,COM00353.00,2007,F.coal,,20230560.0,,,filled,
244,COM00353.00,2008,F.coal,,16601760.0,,,filled,
244,COM00353.00,2009,F.coal,,12700800.0,,,filled,
244,COM00353.00,2010,F.coal,,9797760.0,,,,
244,COM00353.00,2011,F.coal,,7801920.0,,,filled,
244,COM00353.00,2012,F.coal,,6259680.0,,,filled,
245,COM00354.00,2011,O.Au,Me.Au,72207823.81967212,,,filled,
245,COM00354.00,2012,O.Au,Me.Au,70179951.81967212,,,filled,
245,COM00354.00,2013,O.Au,Me.Au,67622950.81967212,76.97360240778688,1.1339809252000002,,
245,COM00354.00,2014,O.Au,Me.Au,58118257.81967212,,,filled,
245,COM00354.00,2015,O.Au,Me.Au,47048257.81967212,,,filled,
245,COM00354.00,2016,O.Au,Me.Au,36258257.81967212,,,filled,
245,COM00354.00,2017,O.Au,Me.Au,25408257.819672123,,,filled,
245,COM00354.00,2018,O.Au,Me.Au,14858257.819672123,,,filled,
245,COM00354.00,2019,O.Au,Me.Au,4718257.819672123,,,filled,
246,COM00354.00,2020,O.Au,Me.Au,43000000.0,45.359236800000005,1.1,,
247,COM00357.00,2018,O.Cu,Me.Cu,,549778.0,5000.0,,
248,COM00359.00,2018,O.Au,Me.Ag,2288000.0,21.857482233,10.5,,
249,COM00359.00,2018,O.Au,Me.Au,2288000.0,13.097479626,6.3,,
250,COM00360.00,2013,O.Cr,Me.Cr2O3,67870000.0,,,filled,
250,COM00360.00,2014,O.Cr,Me.Cr2O3,66270000.0,,,filled,
250,COM00360.00,2015,O.Cr,Me.Cr2O3,64660000.0,,,filled,
250,COM00360.00,2016,O.Cr,Me.Cr2O3,62890000.0,,,filled,
250,COM00360.00,2017,O.Cr,Me.Cr2O3,60930000.0,,,filled,
250,COM00360.00,2019,O.Cr,Me.Cr2O3,58890000.0,,,,
251,COM00363.00,2014,O.bulk,Me.Ag,7315000.0,,,filled,
251,COM00363.00,2015,O.bulk,Me.Ag,7117000.0,,,filled,
251,COM00363.00,2016,O.bulk,Me.Ag,6377000.0,,,filled,
251,COM00363.00,2017,O.bulk,Me.Ag,5632000.0,,,filled,
251,COM00363.00,2018,O.bulk,Me.Ag,4872000.0,,,filled,
251,COM00363.00,2019,O.bulk,Me.Ag,4119000.0,20.9786471162,6.0,,
252,COM00363.00,2019,O.bulk,Me.Au,4119000.0,,,,
253,COM00363.00,2019,O.bulk,Me.Cu,4119000.0,91000.0,22000.0,,
254,COM00363.00,2019,O.bulk,Me.Ni,4119000.0,108000.0,26000.0,,
255,COM00365.00,2018,O.pgm,Me.pgm,22500000.0,726.14468545182,17.2,,
256,COM00368.00,2012,O.Au,Me.Au,95545504.0,,,filled,
256,COM00368.00,2013,O.Au,Me.Au,90681504.0,,,filled,
256,COM00368.00,2014,O.Au,Me.Au,84519087.0,,,filled,
256,COM00368.00,2015,O.Au,Me.Au,78418472.0,,,filled,
256,COM00368.00,2016,O.Au,Me.Au,72265901.0,,,filled,
256,COM00368.00,2017,O.Au,Me.Au,66960110.0,,,filled,
256,COM00368.00,2018,O.Au,Me.Au,59328258.0,,,filled,
256,COM00368.00,2019,O.Au,Me.Au,49137887.0,,,filled,
256,COM00368.00,2020,O.Au,Me.Au,42100000.0,41.872245471,1.09,,
257,COM00369.00,2018,O.Au,Me.Au,8453000.0,,,filled,
257,COM00369.00,2019,O.Au,Me.Au,6374000.0,,,filled,
257,COM00369.00,2020,O.Au,Me.Au,5800000.0,12.4089,2.1517241379310343,,
258,COM00372.00,2000,O.Cu,Me.Cu,1032036000.0,,,filled,
258,COM00372.00,2001,O.Cu,Me.Cu,964250000.0,,,filled,
258,COM00372.00,2002,O.Cu,Me.Cu,881513000.0,,,filled,
258,COM00372.00,2003,O.Cu,Me.Cu,804682000.0,,,filled,
258,COM00372.00,2019,O.Cu,Me.Cu,717000000.0,,,,
259,COM00373.00,2020,O.Fe,Me.Fe,76800000.0,,,,
260,COM00374.00,2018,O.sul,Me.Cu,2353337000.0,,,,
261,COM00374.00,2018,O.sul,Me.Mo,2353337000.0,,,,
262,COM00376.00,2019,O.Au,Me.Ag,6397000.0,857.232876474,147.0,,
263,COM00376.00,2019,O.Au,Me.Au,6397000.0,25.968163068000003,4.45,,
264,COM00378.00,2020,O.Fe,Me.Fe,93500000.0,,,,
265,COM00380.00,2000,F.stc,,145968480.0,,,filled,
265,COM00380.00,2001,F.stc,,141523200.0,,,filled,
265,COM00380.00,2002,F.stc,,136805760.0,,,filled,
265,COM00380.00,2003,F.stc,,130999680.0,,,filled,
265,COM00380.00,2004,F.stc,,124740000.0,,,filled,
265,COM00380.00,2005,F.stc,,119478240.0,,,filled,
265,COM00380.00,2006,F.stc,,114670080.0,,,filled,
265,COM00380.00,2007,F.stc,,109680480.0,,,filled,
265,COM00380.00,2008,F.stc,,104872320.0,,,filled,
265,COM00380.00,2009,F.stc,,98884800.0,,,filled,
265,COM00380.00,2010,F.stc,,92625120.0,,,filled,
265,COM00380.00,2011,F.stc,,85186080.0,,,filled,
265,COM00380.00,2012,F.stc,,76023360.0,,,filled,
265,COM00380.00,2013,F.stc,,67042080.0,,,filled,
265,COM00380.00,2014,F.stc,,59149440.0,,,filled,
265,COM00380.00,2015,F.stc,,51528960.0,,,filled,
265,COM00380.00,2016,F.stc,,44724960.0,,,filled,
265,COM00380.00,2017,F.stc,,40279680.0,,,filled,
265,COM00380.00,2018,F.stc,,35834400.0,,,filled,
265,COM00380.00,2019,F.stc,,30844800.0,,,,
266,COM00381.00,2003,O.Cu,Me.Cu,155579500.0,,,filled,
266,COM00381.00,2004,O.Cu,Me.Cu,150801500.0,,,filled,
266,COM00381.00,2005,O.Cu,Me.Cu,144769500.0,,,filled,
266,COM00381.00,2006,O.Cu,Me.Cu,141478500.0,,,filled,
266,COM00381.00,2007,O.Cu,Me.Cu,135555400.0,,,filled,
266,COM00381.00,2008,O.Cu,Me.Cu,129195800.0,,,filled,
266,COM00381.00,2009,O.Cu,Me.Cu,123868300.0,,,filled,
266,COM00381.00,2010,O.Cu,Me.Cu,116014200.0,,,filled,
266,COM00381.00,2011,O.Cu,Me.Cu,115422900.0,,,filled,
266,COM00381.00,2012,O.Cu,Me.Cu,105225200.0,,,filled,
266,COM00381.00,2013,O.Cu,Me.Cu,96680700.0,,,filled,
266,COM00381.00,2014,O.Cu,Me.Cu,88104000.0,,,filled,
266,COM00381.00,2015,O.Cu,Me.Cu,84985600.0,,,filled,
266,COM00381.00,2016,O.Cu,Me.Cu,79777500.0,,,filled,
266,COM00381.00,2017,O.Cu,Me.Cu,72438400.0,,,filled,
266,COM00381.00,2018,O.Cu,Me.Cu,67099999.99999999,538000.0,8000.0,,
266,COM00381.00,2019,O.Cu,Me.Cu,54971899.99999999,,,filled,
266,COM00381.00,2020,O.Cu,Me.Cu,47811399.99999999,,,filled,
267,COM00382.00,2018,O.Cu,Me.Cu,1348000000.0,11400000.0,8500.0,,
268,COM00386.00,2015,O.Au,Me.Au,15056000.0,,,filled,
268,COM00386.00,2016,O.Au,Me.Au,13675000.0,,,filled,
268,COM00386.00,2017,O.Au,Me.Au,11987000.0,,,filled,
268,COM00386.00,2018,O.Au,Me.Au,10175000.0,,,filled,
268,COM00386.00,2019,O.Au,Me.Au,8300000.0,36.28738944,4.39417608515,,
269,COM00392.00,2018,,Me.U,4900000.0,,,,
270,COM00394.00,2001,O.Au,Me.Au,107000000.0,,,filled,
270,COM00394.00,2002,O.Au,Me.Au,65700000.0,22.679618504000004,0.37,,
271,COM00395.00,2019,O.bulk,Me.Ag,79000000.0,,,,
272,COM00395.00,2019,O.bulk,Me.Pb,79000000.0,,,,
273,COM00395.00,2019,O.bulk,Me.Zn,79000000.0,,,,
274,COM00396.00,2019,O.bulk,Me.Ag,24700000.0,,,,
275,COM00396.00,2019,O.bulk,Me.Au,24700000.0,,,,
276,COM00397.00,2018,O.Cu,Me.Cu,7539000000.0,,,,
277,COM00398.00,2002,O.Au,Me.Ag,1062000.0,,,filled,
277,COM00398.00,2003,O.Au,Me.Ag,806000.0,,,filled,
277,COM00398.00,2004,O.Au,Me.Ag,531000.0,,,filled,
277,COM00398.00,2005,O.Au,Me.Ag,268000.0,318.223395675,1187.2780286844002,,
278,COM00398.00,2007,O.Au,Me.Au,35000.0,0.453592368,12.95573207041,,
279,COM00399.00,2001,F.lig,,223504140.2,,,filled,
279,COM00399.00,2002,F.lig,,215104140.2,,,filled,
279,COM00399.00,2003,F.lig,,207104140.2,,,filled,
279,COM00399.00,2004,F.lig,,199204140.2,,,filled,
279,COM00399.00,2005,F.lig,,191404140.2,,,filled,
279,COM00399.00,2006,F.lig,,183604140.2,,,filled,
279,COM00399.00,2007,F.lig,,176004140.2,,,filled,
279,COM00399.00,2008,F.lig,,169104140.2,,,filled,
279,COM00399.00,2009,F.lig,,162204140.2,,,filled,
279,COM00399.00,2010,F.lig,,155204140.2,,,filled,
279,COM00399.00,2011,F.lig,,148604140.2,,,filled,
279,COM00399.00,2012,F.lig,,142304140.2,,,filled,
279,COM00399.00,2013,F.lig,,136204140.2,,,filled,
279,COM00399.00,2014,F.lig,,130604140.2,,,filled,
279,COM00399.00,2015,F.lig,,125408606.2,,,filled,
279,COM00399.00,2016,F.lig,,119452838.2,,,filled,
279,COM00399.00,2017,F.lig,,113976979.2,,,,
280,COM00408.00,2019,F.coal,,340835040.0,,,,
281,COM00413.00,2020,O.Fe,Me.Fe,1678000000.0,,,,
282,COM00414.00,2019,F.coal,,4445280.0,,,,
283,COM00416.00,2005,F.coal,,23666783.0,,,filled,
283,COM00416.00,2006,F.coal,,22844672.0,,,filled,
283,COM00416.00,2007,F.coal,,21285830.0,,,filled,
283,COM00416.00,2008,F.coal,,20100639.0,,,filled,
283,COM00416.00,2009,F.coal,,19142639.0,,,filled,
283,COM00416.00,2010,F.coal,,18416160.0,,,,
284,COM00417.00,2007,O.Ni,Me.Fe,73068965.0,,,filled,
284,COM00417.00,2008,O.Ni,Me.Fe,72598758.0,,,filled,
284,COM00417.00,2009,O.Ni,Me.Fe,72092281.0,,,filled,
284,COM00417.00,2010,O.Ni,Me.Fe,70137938.0,,,filled,
284,COM00417.00,2011,O.Ni,Me.Fe,66731136.0,,,filled,
284,COM00417.00,2012,O.Ni,Me.Fe,62377438.0,,,filled,
284,COM00417.00,2013,O.Ni,Me.Fe,56448801.0,,,filled,
284,COM00417.00,2014,O.Ni,Me.Fe,51947572.0,,,filled,
284,COM00417.00,2015,O.Ni,Me.Fe,45644580.0,,,filled,
284,COM00417.00,2016,O.Ni,Me.Fe,39866290.0,,,filled,
284,COM00417.00,2017,O.Ni,Me.Fe,36342670.0,,,,
285,COM00417.00,2017,O.Ni,Me.Ni,36342670.0,,,,
286,COM00418.00,2003,O.Au,Me.Au,562274000.0,,,filled,
286,COM00418.00,2004,O.Au,Me.Au,549535000.0,,,filled,
286,COM00418.00,2005,O.Au,Me.Au,538608000.0,,,filled,
286,COM00418.00,2006,O.Au,Me.Au,525925000.0,,,filled,
286,COM00418.00,2007,O.Au,Me.Au,511411000.0,,,filled,
286,COM00418.00,2008,O.Au,Me.Au,490893000.0,,,filled,
286,COM00418.00,2009,O.Au,Me.Au,463781000.0,,,filled,
286,COM00418.00,2010,O.Au,Me.Au,438729000.0,,,filled,
286,COM00418.00,2011,O.Au,Me.Au,418939000.0,,,filled,
286,COM00418.00,2012,O.Au,Me.Au,410903000.0,,,filled,
286,COM00418.00,2013,O.Au,Me.Au,384966000.0,,,filled,
286,COM00418.00,2014,O.Au,Me.Au,363332000.0,,,filled,
286,COM00418.00,2015,O.Au,Me.Au,348446000.0,,,filled,
286,COM00418.00,2016,O.Au,Me.Au,325685000.0,,,filled,
286,COM00418.00,2017,O.Au,Me.Au,293935000.0,,,filled,
286,COM00418.00,2018,O.Au,Me.Au,267573000.0,86.069151828,0.3999999999999999,,
287,COM00421.00,2008,O.Fe,Me.Al2O3,3595500000.0,,,filled,
287,COM00421.00,2009,O.Fe,Me.Al2O3,3593900000.0,,,filled,
287,COM00421.00,2010,O.Fe,Me.Al2O3,3563900000.0,,,filled,
287,COM00421.00,2011,O.Fe,Me.Al2O3,3524900000.0,,,filled,
287,COM00421.00,2012,O.Fe,Me.Al2O3,3480700000.0,,,filled,
287,COM00421.00,2013,O.Fe,Me.Al2O3,3416100000.0,,,filled,
287,COM00421.00,2014,O.Fe,Me.Al2O3,3321500000.0,,,filled,
287,COM00421.00,2015,O.Fe,Me.Al2O3,3181100000.0,,,filled,
287,COM00421.00,2016,O.Fe,Me.Al2O3,3017000000.0,,,filled,
287,COM00421.00,2017,O.Fe,Me.Al2O3,2836000000.0,,,filled,
287,COM00421.00,2018,O.Fe,Me.Al2O3,2638000000.0,,,filled,
287,COM00421.00,2019,O.Fe,Me.Al2O3,2453000000.0,,,filled,
287,COM00421.00,2020,O.Fe,Me.Al2O3,2246000000.0,,,,
288,COM00421.00,2020,O.Fe,Me.Fe,2246000000.0,,,,
289,COM00421.00,2020,O.Fe,Nm.P,2246000000.0,,,,
290,COM00421.00,2020,O.Fe,Nm.SiO2,2246000000.0,,,,
291,COM00422.00,2017,O.Au,Me.Au,7993525.0,,,filled,
291,COM00422.00,2018,O.Au,Me.Au,7945594.0,,,filled,
291,COM00422.00,2019,O.Au,Me.Au,7339145.0,,,filled,
291,COM00422.00,2020,O.Au,Me.Au,6471000.0,11.283110154,1.91,,
292,COM00425.00,2000,F.stc,,60600960.0,,,filled,
292,COM00425.00,2001,F.stc,,58060800.0,,,filled,
292,COM00425.00,2002,F.stc,,56064960.0,,,filled,
292,COM00425.00,2003,F.stc,,53887680.0,,,filled,
292,COM00425.00,2004,F.stc,,51619680.0,,,filled,
292,COM00425.00,2005,F.stc,,48898080.0,,,filled,
292,COM00425.00,2006,F.stc,,46176480.0,,,filled,
292,COM00425.00,2007,F.stc,,43364160.0,,,filled,
292,COM00425.00,2008,F.stc,,40551840.0,,,filled,
292,COM00425.00,2009,F.stc,,37467360.0,,,filled,
292,COM00425.00,2010,F.stc,,34382880.0,,,filled,
292,COM00425.00,2011,F.stc,,31933440.0,,,filled,
292,COM00425.00,2012,F.stc,,29211840.0,,,filled,
292,COM00425.00,2013,F.stc,,26671680.0,,,filled,
292,COM00425.00,2014,F.stc,,24040800.0,,,filled,
292,COM00425.00,2015,F.stc,,21228480.0,,,filled,
292,COM00425.00,2016,F.stc,,18597600.0,,,filled,
292,COM00425.00,2017,F.stc,,16692480.0,,,filled,
292,COM00425.00,2018,F.stc,,14696640.0,,,filled,
292,COM00425.00,2019,F.stc,,12700800.0,,,,
293,COM00428.00,2019,F.coal,,392636160.0,,,,
294,COM00429.00,2010,O.bulk,Me.Ag,43006000.0,,,filled,
294,COM00429.00,2011,O.bulk,Me.Ag,40452000.0,,,filled,
294,COM00429.00,2012,O.bulk,Me.Ag,37868000.0,,,filled,
294,COM00429.00,2013,O.bulk,Me.Ag,35130000.0,,,filled,
294,COM00429.00,2014,O.bulk,Me.Ag,32427000.0,,,filled,
294,COM00429.00,2015,O.bulk,Me.Ag,29802000.0,,,filled,
294,COM00429.00,2016,O.bulk,Me.Ag,27392000.0,,,filled,
294,COM00429.00,2017,O.bulk,Me.Ag,25019000.0,,,filled,
294,COM00429.00,2018,O.bulk,Me.Ag,22572000.0,5008.113335088,243.0,,
295,COM00429.00,2018,O.bulk,Me.Au,22572000.0,16.045830018,0.78,,
296,COM00429.00,2018,O.bulk,Me.Pb,22572000.0,355000.0,15700.000000000002,,
297,COM00429.00,2018,O.bulk,Me.Zn,22572000.0,755000.0,33500.0,,
298,COM00432.00,2012,O.Au,Me.Au,50880000.0,445.626152037,6.26,,
299,COM00436.00,2018,O.Cu,Me.Cu,336000000.0,1200000.0,3500.0,,
300,COM00442.00,2000,O.bulk,Me.Ag,103377000.0,,,filled,
300,COM00442.00,2001,O.bulk,Me.Ag,102401000.0,,,filled,
300,COM00442.00,2002,O.bulk,Me.Ag,101417000.0,,,filled,
300,COM00442.00,2003,O.bulk,Me.Ag,100359000.0,,,filled,
300,COM00442.00,2004,O.bulk,Me.Ag,99297000.0,,,filled,
300,COM00442.00,2005,O.bulk,Me.Ag,98223000.0,,,filled,
300,COM00442.00,2006,O.bulk,Me.Ag,97121000.0,,,filled,
300,COM00442.00,2007,O.bulk,Me.Ag,95939000.0,,,filled,
300,COM00442.00,2008,O.bulk,Me.Ag,94684000.0,,,filled,
300,COM00442.00,2009,O.bulk,Me.Ag,93319000.0,,,filled,
300,COM00442.00,2010,O.bulk,Me.Ag,91925000.0,,,filled,
300,COM00442.00,2011,O.bulk,Me.Ag,90482000.0,,,filled,
300,COM00442.00,2012,O.bulk,Me.Ag,89026000.0,,,filled,
300,COM00442.00,2013,O.bulk,Me.Ag,87542000.0,,,filled,
300,COM00442.00,2014,O.bulk,Me.Ag,86047000.0,,,filled,
300,COM00442.00,2015,O.bulk,Me.Ag,83823000.0,,,filled,
300,COM00442.00,2016,O.bulk,Me.Ag,81456000.0,,,filled,
300,COM00442.00,2017,O.bulk,Me.Ag,78834000.0,,,filled,
300,COM00442.00,2018,O.bulk,Me.Ag,76200000.0,,,,
301,COM00442.00,2018,O.bulk,Me.Au,76200000.0,,,,
302,COM00442.00,2018,O.bulk,Me.Cu,76200000.0,,,,
303,COM00442.00,2018,O.bulk,Me.Pb,76200000.0,,,,
304,COM00442.00,2018,O.bulk,Me.Zn,76200000.0,,,,
305,COM00445.00,2005,F.stc,,79924320.0,,,filled,
305,COM00445.00,2006,F.stc,,79470720.0,,,filled,
305,COM00445.00,2007,F.stc,,77112000.0,,,filled,
305,COM00445.00,2008,F.stc,,74662560.0,,,filled,
305,COM00445.00,2009,F.stc,,71759520.0,,,filled,
305,COM00445.00,2010,F.stc,,68765760.0,,,filled,
305,COM00445.00,2011,F.stc,,65862720.0,,,filled,
305,COM00445.00,2012,F.stc,,62868960.0,,,filled,
305,COM00445.00,2013,F.stc,,60328800.0,,,filled,
305,COM00445.00,2014,F.stc,,57788640.0,,,filled,
305,COM00445.00,2015,F.stc,,55520640.0,,,filled,
305,COM00445.00,2016,F.stc,,53887680.0,,,filled,
305,COM00445.00,2017,F.stc,,52254720.0,,,filled,
305,COM00445.00,2018,F.stc,,49986720.0,,,filled,
305,COM00445.00,2019,F.stc,,47174400.0,,,,
306,COM00446.00,2001,O.Au,Me.Au,94810000.0,,,filled,
306,COM00446.00,2002,O.Au,Me.Au,90210000.0,,,filled,
306,COM00446.00,2003,O.Au,Me.Au,85210000.0,,,filled,
306,COM00446.00,2004,O.Au,Me.Au,79410000.0,,,filled,
306,COM00446.00,2005,O.Au,Me.Au,73770000.0,,,filled,
306,COM00446.00,2006,O.Au,Me.Au,67670000.0,,,filled,
306,COM00446.00,2007,O.Au,Me.Au,61970000.0,,,filled,
306,COM00446.00,2008,O.Au,Me.Au,56870000.0,,,filled,
306,COM00446.00,2009,O.Au,Me.Au,52570000.0,,,filled,
306,COM00446.00,2010,O.Au,Me.Au,48070000.0,,,filled,
306,COM00446.00,2011,O.Au,Me.Au,43370000.0,,,filled,
306,COM00446.00,2012,O.Au,Me.Au,39470000.0,,,filled,
306,COM00446.00,2013,O.Au,Me.Au,34670000.0,,,filled,
306,COM00446.00,2014,O.Au,Me.Au,30670000.0,,,filled,
306,COM00446.00,2015,O.Au,Me.Au,25470000.0,,,filled,
306,COM00446.00,2016,O.Au,Me.Au,20270000.0,,,filled,
306,COM00446.00,2017,O.Au,Me.Au,14870000.0,,,filled,
306,COM00446.00,2018,O.Au,Me.Au,9470000.0,37.704865762900006,4.38,,
307,COM00447.00,2018,O.Mn,Me.Mn,66800000.0,,,,
308,COM00448.00,2003,F.sbc,,114539398.60000001,,,filled,
308,COM00448.00,2004,F.sbc,,112739398.60000001,,,filled,
308,COM00448.00,2005,F.sbc,,110639398.60000001,,,filled,
308,COM00448.00,2006,F.sbc,,108039398.60000001,,,filled,
308,COM00448.00,2007,F.sbc,,105439398.60000001,,,filled,
308,COM00448.00,2008,F.sbc,,103039398.60000001,,,filled,
308,COM00448.00,2009,F.sbc,,101239398.60000001,,,filled,
308,COM00448.00,2010,F.sbc,,98139398.60000001,,,filled,
308,COM00448.00,2011,F.sbc,,94939398.60000001,,,filled,
308,COM00448.00,2012,F.sbc,,91439398.60000001,,,filled,
308,COM00448.00,2013,F.sbc,,88139398.60000001,,,filled,
308,COM00448.00,2014,F.sbc,,82939398.60000001,,,filled,
308,COM00448.00,2015,F.sbc,,77892191.60000001,,,filled,
308,COM00448.00,2016,F.sbc,,72680327.60000001,,,filled,
308,COM00448.00,2017,F.sbc,,67575513.60000001,,,,
309,COM00480.00,2000,F.coal,,131634720.0,,,filled,
309,COM00480.00,2001,F.coal,,131544000.0,,,filled,
309,COM00480.00,2002,F.coal,,130001760.0,,,filled,
309,COM00480.00,2003,F.coal,,128278080.0,,,filled,
309,COM00480.00,2004,F.coal,,126100800.0,,,filled,
309,COM00480.00,2005,F.coal,,123379200.0,,,filled,
309,COM00480.00,2006,F.coal,,120294720.0,,,filled,
309,COM00480.00,2007,F.coal,,117028800.0,,,filled,
309,COM00480.00,2008,F.coal,,114125760.0,,,filled,
309,COM00480.00,2009,F.coal,,110678400.0,,,filled,
309,COM00480.00,2010,F.coal,,107684640.0,,,filled,
309,COM00480.00,2011,F.coal,,104872320.0,,,filled,
309,COM00480.00,2012,F.coal,,101787840.0,,,filled,
309,COM00480.00,2013,F.coal,,98703360.0,,,filled,
309,COM00480.00,2014,F.coal,,95165280.0,,,filled,
309,COM00480.00,2015,F.coal,,90992160.0,,,filled,
309,COM00480.00,2016,F.coal,,86365440.0,,,filled,
309,COM00480.00,2017,F.coal,,82736640.0,,,filled,
309,COM00480.00,2018,F.coal,,77293440.0,,,filled,
309,COM00480.00,2019,F.coal,,70217280.0,,,,
310,COM00482.00,2003,F.stc,,118242900.0,,,filled,
310,COM00482.00,2004,F.stc,,112281400.0,,,filled,
310,COM00482.00,2005,F.stc,,105819300.0,,,filled,
310,COM00482.00,2006,F.stc,,99520700.0,,,filled,
310,COM00482.00,2007,F.stc,,90986200.0,,,filled,
310,COM00482.00,2008,F.stc,,82530000.0,,,filled,
310,COM00482.00,2009,F.stc,,75080600.0,,,filled,
310,COM00482.00,2010,F.stc,,68175600.0,,,filled,
310,COM00482.00,2011,F.stc,,62149400.0,,,filled,
310,COM00482.00,2012,F.stc,,56948600.0,,,filled,
310,COM00482.00,2013,F.stc,,52088700.0,,,filled,
310,COM00482.00,2014,F.stc,,47407900.0,,,filled,
310,COM00482.00,2015,F.stc,,42636300.0,,,filled,
310,COM00482.00,2016,F.stc,,38349100.0,,,filled,
310,COM00482.00,2017,F.stc,,33660500.0,,,filled,
310,COM00482.00,2018,F.stc,,29007900.0,,,filled,
310,COM00482.00,2019,F.stc,,23566300.0,,,filled,
310,COM00482.00,2020,F.stc,,17500000.0,,,,
311,COM00483.00,2007,F.stc,,353520000.0,,,filled,
311,COM00483.00,2008,F.stc,,351920000.0,,,filled,
311,COM00483.00,2009,F.stc,,350320000.0,,,filled,
311,COM00483.00,2010,F.stc,,347820000.0,,,filled,
311,COM00483.00,2011,F.stc,,345090000.0,,,filled,
311,COM00483.00,2012,F.stc,,339220000.0,,,filled,
311,COM00483.00,2013,F.stc,,332850000.0,,,filled,
311,COM00483.00,2014,F.stc,,324690000.0,,,filled,
311,COM00483.00,2015,F.stc,,317390000.0,,,filled,
311,COM00483.00,2016,F.stc,,309050000.0,,,filled,
311,COM00483.00,2017,F.stc,,302520000.0,,,filled,
311,COM00483.00,2018,F.stc,,296050000.0,,,filled,
311,COM00483.00,2019,F.stc,,290000000.0,,,,
312,COM00484.00,2010,O.bulk,Me.Cu,9246361.0,,,filled,
312,COM00484.00,2011,O.bulk,Me.Cu,7892335.0,,,filled,
312,COM00484.00,2012,O.bulk,Me.Cu,6186713.0,,,filled,
312,COM00484.00,2013,O.bulk,Me.Cu,4482827.0,,,filled,
312,COM00484.00,2014,O.bulk,Me.Cu,2039111.0,,,filled,
312,COM00484.00,2015,O.bulk,Me.Cu,300000.0,,,,
313,COM00484.00,2016,O.bulk,Me.Ag,4100000.0,,,,
314,COM00484.00,2016,O.bulk,Me.Au,4100000.0,,,,
315,COM00484.00,2016,O.bulk,Me.Cu,3900000.0,,,,
316,COM00484.00,2016,O.bulk,Me.Pb,1900000.0,,,,
317,COM00484.00,2016,O.bulk,Me.Zn,1900000.0,,,,
318,COM00485.00,2018,O.Au,Me.Au,366000.0,0.56699046,1.7,,
319,COM00486.00,2008,O.Au,Me.Au,42670261.0,,,filled,
319,COM00486.00,2009,O.Au,Me.Au,41551718.0,,,filled,
319,COM00486.00,2010,O.Au,Me.Au,38937073.0,,,filled,
319,COM00486.00,2011,O.Au,Me.Au,36155509.0,,,filled,
319,COM00486.00,2012,O.Au,Me.Au,33678994.0,,,filled,
319,COM00486.00,2013,O.Au,Me.Au,33678994.0,,,filled,
319,COM00486.00,2014,O.Au,Me.Au,33151340.0,,,filled,
319,COM00486.00,2015,O.Au,Me.Au,31034563.0,,,filled,
319,COM00486.00,2016,O.Au,Me.Au,28721996.0,,,filled,
319,COM00486.00,2017,O.Au,Me.Au,26176696.0,,,filled,
319,COM00486.00,2018,O.Au,Me.Au,23604682.0,,,filled,
319,COM00486.00,2019,O.Au,Me.Au,20980000.0,30.844281024,1.61,,
320,COM00487.00,2018,O.Au,Me.Au,6399000.0,56.500599339,9.69,,
321,COM00488.00,2002,O.Au,Me.Au,141973000.0,,,filled,
321,COM00488.00,2003,O.Au,Me.Au,130013000.0,,,filled,
321,COM00488.00,2004,O.Au,Me.Au,118350000.0,,,filled,
321,COM00488.00,2005,O.Au,Me.Au,106005000.0,,,filled,
321,COM00488.00,2014,O.Au,Me.Au,94420000.0,,,filled,
321,COM00488.00,2015,O.Au,Me.Au,89113000.0,,,filled,
321,COM00488.00,2016,O.Au,Me.Au,82361000.0,,,filled,
321,COM00488.00,2018,O.Au,Me.Au,75000000.0,261.146356035,3.8221202666666665,,
322,COM00489.00,2000,F.coc,,797043000.0,,,filled,
322,COM00489.00,2001,F.coc,,787116000.0,,,filled,
322,COM00489.00,2002,F.coc,,775890000.0,,,filled,
322,COM00489.00,2003,F.coc,,764936000.0,,,filled,
322,COM00489.00,2004,F.coc,,754671000.0,,,filled,
322,COM00489.00,2005,F.coc,,743794000.0,,,filled,
322,COM00489.00,2006,F.coc,,730488000.0,,,filled,
322,COM00489.00,2007,F.coc,,715954000.0,,,filled,
322,COM00489.00,2008,F.coc,,701250000.0,,,filled,
322,COM00489.00,2009,F.coc,,689176000.0,,,filled,
322,COM00489.00,2010,F.coc,,675806000.0,,,filled,
322,COM00489.00,2011,F.coc,,662470000.0,,,filled,
322,COM00489.00,2012,F.coc,,651752000.0,,,filled,
322,COM00489.00,2013,F.coc,,641746000.0,,,filled,
322,COM00489.00,2014,F.coc,,629304000.0,,,filled,
322,COM00489.00,2015,F.coc,,614644000.0,,,filled,
322,COM00489.00,2016,F.coc,,597624000.0,,,filled,
322,COM00489.00,2017,F.coc,,579632000.0,,,filled,
322,COM00489.00,2018,F.coc,,564922000.0,,,filled,
322,COM00489.00,2019,F.coc,,549000000.0,,,,
323,COM00490.00,2018,O.Au,Me.Ag,1400000.0,15.308742490200002,12.0,,
324,COM00490.00,2018,O.Au,Me.Au,1400000.0,10.4893235581,8.1,,
325,COM00491.00,2008,O.Al,Me.Al2O3,220156000.0,,,filled,
325,COM00491.00,2009,O.Al,Me.Al2O3,213911000.0,,,filled,
325,COM00491.00,2010,O.Al,Me.Al2O3,206726000.0,,,filled,
325,COM00491.00,2011,O.Al,Me.Al2O3,199536000.0,,,filled,
325,COM00491.00,2012,O.Al,Me.Al2O3,192290000.0,,,filled,
325,COM00491.00,2013,O.Al,Me.Al2O3,184346000.0,,,filled,
325,COM00491.00,2014,O.Al,Me.Al2O3,176317000.0,,,filled,
325,COM00491.00,2015,O.Al,Me.Al2O3,169789000.0,,,filled,
325,COM00491.00,2016,O.Al,Me.Al2O3,162292000.0,,,filled,
325,COM00491.00,2017,O.Al,Me.Al2O3,153201000.0,,,filled,
325,COM00491.00,2018,O.Al,Me.Al2O3,142000000.0,,,,
326,COM00492.00,2018,O.Au,Me.Au,124921568.62745096,97.83364844862746,0.86,,
327,COM00495.00,2012,O.Au,Me.Au,34795000.0,0.001530874242,52.90021016058,,
328,COM00499.00,2017,F.coal,,21200000.0,,,filled,
328,COM00499.00,2018,F.coal,,20700000.0,,,filled,
328,COM00499.00,2019,F.coal,,20000000.0,,,,
329,COM00501.00,2003,F.stc,,79090700.0,,,filled,
329,COM00501.00,2004,F.stc,,76378300.0,,,filled,
329,COM00501.00,2005,F.stc,,73623500.0,,,filled,
329,COM00501.00,2006,F.stc,,70893500.0,,,filled,
329,COM00501.00,2007,F.stc,,68115400.0,,,filled,
329,COM00501.00,2008,F.stc,,64800500.0,,,filled,
329,COM00501.00,2009,F.stc,,61399400.0,,,filled,
329,COM00501.00,2010,F.stc,,58104800.0,,,filled,
329,COM00501.00,2011,F.stc,,54679800.0,,,filled,
329,COM00501.00,2012,F.stc,,51826700.0,,,filled,
329,COM00501.00,2013,F.stc,,48943500.0,,,filled,
329,COM00501.00,2014,F.stc,,45674000.0,,,filled,
329,COM00501.00,2015,F.stc,,42049900.0,,,filled,
329,COM00501.00,2016,F.stc,,38173300.0,,,filled,
329,COM00501.00,2017,F.stc,,34228000.0,,,filled,
329,COM00501.00,2018,F.stc,,30397600.0,,,filled,
329,COM00501.00,2019,F.stc,,25945900.0,,,filled,
329,COM00501.00,2020,F.stc,,21100000.0,,,,
330,COM00502.00,2000,F.coc,,88444000.0,,,filled,
330,COM00502.00,2001,F.coc,,83566000.0,,,filled,
330,COM00502.00,2002,F.coc,,78476000.0,,,filled,
330,COM00502.00,2003,F.coc,,73596000.0,,,filled,
330,COM00502.00,2004,F.coc,,68546000.0,,,filled,
330,COM00502.00,2005,F.coc,,62828000.0,,,filled,
330,COM00502.00,2006,F.coc,,57404000.0,,,filled,
330,COM00502.00,2007,F.coc,,52184000.0,,,filled,
330,COM00502.00,2008,F.coc,,47260000.0,,,filled,
330,COM00502.00,2009,F.coc,,43040000.0,,,filled,
330,COM00502.00,2010,F.coc,,37516000.0,,,filled,
330,COM00502.00,2011,F.coc,,32720000.0,,,filled,
330,COM00502.00,2012,F.coc,,27286000.0,,,filled,
330,COM00502.00,2013,F.coc,,24464000.0,,,filled,
330,COM00502.00,2014,F.coc,,19418000.0,,,filled,
330,COM00502.00,2015,F.coc,,13488000.0,,,filled,
330,COM00502.00,2016,F.coc,,6900000.0,,,,
331,COM00505.00,2015,F.coc,,91611400.0,,,filled,
331,COM00505.00,2016,F.coc,,91111600.0,,,filled,
331,COM00505.00,2017,F.coc,,89352600.0,,,filled,
331,COM00505.00,2018,F.coc,,87285400.0,,,filled,
331,COM00505.00,2019,F.coc,,83521900.0,,,filled,
331,COM00505.00,2020,F.coc,,78800000.0,,,,
332,COM00507.00,2012,O.bulk,Me.Ag,3875681.0,,,filled,
332,COM00507.00,2013,O.bulk,Me.Ag,3488649.0,,,filled,
332,COM00507.00,2014,O.bulk,Me.Ag,3131872.0,,,filled,
332,COM00507.00,2015,O.bulk,Me.Ag,2674077.0,,,filled,
332,COM00507.00,2016,O.bulk,Me.Ag,2243597.0,,,filled,
332,COM00507.00,2017,O.bulk,Me.Ag,1741340.0,,,filled,
332,COM00507.00,2018,O.bulk,Me.Ag,1034481.0,,,filled,
332,COM00507.00,2019,O.bulk,Me.Ag,739000.0,14.1747615,21.0,,
333,COM00507.00,2019,O.bulk,Me.Au,739000.0,3.657088467,5.4,,
334,COM00508.00,2017,O.bulk,Me.Au,22500000.0,,,,
335,COM00508.00,2017,O.bulk,Me.Cu,22500000.0,,,,
336,COM00509.00,2002,O.Al,Me.Al2O3,54931800.0,,,filled,
336,COM00509.00,2003,O.Al,Me.Al2O3,54592800.0,,,filled,
336,COM00509.00,2004,O.Al,Me.Al2O3,54393800.0,,,filled,
336,COM00509.00,2005,O.Al,Me.Al2O3,54226500.0,,,filled,
336,COM00509.00,2008,O.Al,Me.Al2O3,54050500.0,,,filled,
336,COM00509.00,2009,O.Al,Me.Al2O3,53163200.0,,,filled,
336,COM00509.00,2010,O.Al,Me.Al2O3,52388800.0,,,filled,
336,COM00509.00,2011,O.Al,Me.Al2O3,51564800.0,,,filled,
336,COM00509.00,2012,O.Al,Me.Al2O3,50503000.0,,,filled,
336,COM00509.00,2013,O.Al,Me.Al2O3,49693000.0,,,filled,
336,COM00509.00,2014,O.Al,Me.Al2O3,48613000.0,,,filled,
336,COM00509.00,2015,O.Al,Me.Al2O3,47962000.0,,,filled,
336,COM00509.00,2016,O.Al,Me.Al2O3,46650000.0,,,filled,
336,COM00509.00,2017,O.Al,Me.Al2O3,45182000.0,,,filled,
336,COM00509.00,2018,O.Al,Me.Al2O3,43772000.0,,,filled,
336,COM00509.00,2019,O.Al,Me.Al2O3,41680000.0,,,,
337,COM00509.00,2019,O.Al,Nm.SiO2,41680000.0,,,,
338,COM00512.00,2006,F.coal,,73536000.0,,,filled,
338,COM00512.00,2007,F.coal,,72828000.0,,,filled,
338,COM00512.00,2008,F.coal,,71440000.0,,,filled,
338,COM00512.00,2009,F.coal,,69939000.0,,,filled,
338,COM00512.00,2010,F.coal,,68037000.0,,,filled,
338,COM00512.00,2011,F.coal,,65596000.0,,,filled,
338,COM00512.00,2012,F.coal,,62976000.0,,,filled,
338,COM00512.00,2013,F.coal,,59847000.0,,,filled,
338,COM00512.00,2014,F.coal,,56131000.0,,,filled,
338,COM00512.00,2015,F.coal,,52613000.0,,,filled,
338,COM00512.00,2016,F.coal,,49537000.0,,,filled,
338,COM00512.00,2017,F.coal,,45856000.0,,,filled,
338,COM00512.00,2018,F.coal,,42094000.0,,,filled,
338,COM00512.00,2019,F.coal,,38372000.0,,,filled,
338,COM00512.00,2020,F.coal,,35000000.0,,,,
339,COM00513.00,2019,F.coal,,42000000.0,,,,
340,COM00514.00,2003,F.coal,,12426621.0,,,filled,
340,COM00514.00,2004,F.coal,,12040482.0,,,filled,
340,COM00514.00,2005,F.coal,,11656330.0,,,filled,
340,COM00514.00,2006,F.coal,,11020599.0,,,filled,
340,COM00514.00,2007,F.coal,,10214765.0,,,filled,
340,COM00514.00,2008,F.coal,,9411795.0,,,filled,
340,COM00514.00,2009,F.coal,,8568421.0,,,filled,
340,COM00514.00,2010,F.coal,,7892639.999999999,,,,
341,COM00515.00,2017,F.coal,,142000000.0,,,,
341,COM00515.00,2018,F.coal,,135453143.0,,,filled,
341,COM00515.00,2019,F.coal,,126679143.0,,,filled,
342,COM00516.00,2017,O.Au,Me.Au,52990000.0,,,filled,
342,COM00516.00,2018,O.Au,Me.Au,50280000.0,,,filled,
342,COM00516.00,2019,O.Au,Me.Au,47500000.0,80.79614092050001,1.8725263157894736,,
343,COM00517.00,2016,O.Au,Me.Au,1826221.0,,,filled,
343,COM00517.00,2017,O.Au,Me.Au,1749584.0,,,filled,
343,COM00517.00,2018,O.Au,Me.Au,1529069.0,,,filled,
343,COM00517.00,2019,O.Au,Me.Au,1272486.0,,,filled,
343,COM00517.00,2020,O.Au,Me.Au,1023000.0,4.25242845,4.6,,
344,COM00518.00,2001,O.Fe,Me.Fe,202230000.0,,,filled,
344,COM00518.00,2002,O.Fe,Me.Fe,191142000.0,,,filled,
344,COM00518.00,2003,O.Fe,Me.Fe,180548000.0,,,filled,
344,COM00518.00,2004,O.Fe,Me.Fe,170201000.0,,,filled,
344,COM00518.00,2005,O.Fe,Me.Fe,160442000.0,,,filled,
344,COM00518.00,2006,O.Fe,Me.Fe,151798000.0,,,filled,
344,COM00518.00,2007,O.Fe,Me.Fe,142000000.0,,,filled,
344,COM00518.00,2008,O.Fe,Me.Fe,131451000.0,,,filled,
344,COM00518.00,2009,O.Fe,Me.Fe,121069000.0,,,filled,
344,COM00518.00,2010,O.Fe,Me.Fe,110028000.0,,,filled,
344,COM00518.00,2011,O.Fe,Me.Fe,99012000.0,,,filled,
344,COM00518.00,2012,O.Fe,Me.Fe,87997000.0,,,filled,
344,COM00518.00,2013,O.Fe,Me.Fe,77050000.0,,,filled,
344,COM00518.00,2014,O.Fe,Me.Fe,66003000.0,,,filled,
344,COM00518.00,2015,O.Fe,Me.Fe,55090000.0,,,filled,
344,COM00518.00,2016,O.Fe,Me.Fe,44529000.0,,,filled,
344,COM00518.00,2017,O.Fe,Me.Fe,34798000.0,,,filled,
344,COM00518.00,2018,O.Fe,Me.Fe,24000000.0,,,,
345,COM00519.00,2004,O.Fe,Me.Fe,123126000.0,,,filled,
345,COM00519.00,2005,O.Fe,Me.Fe,120156000.0,,,filled,
345,COM00519.00,2006,O.Fe,Me.Fe,113597000.0,,,filled,
345,COM00519.00,2007,O.Fe,Me.Fe,105382000.0,,,filled,
345,COM00519.00,2008,O.Fe,Me.Fe,98450000.0,,,filled,
345,COM00519.00,2009,O.Fe,Me.Fe,90264000.0,,,filled,
345,COM00519.00,2010,O.Fe,Me.Fe,80946000.0,,,filled,
345,COM00519.00,2011,O.Fe,Me.Fe,71740000.0,,,filled,
345,COM00519.00,2012,O.Fe,Me.Fe,62355000.0,,,filled,
345,COM00519.00,2013,O.Fe,Me.Fe,53052000.0,,,filled,
345,COM00519.00,2018,O.Fe,Me.Fe,43000000.0,,,,
346,COM00520.00,2001,O.Fe,Me.Fe,4400831000.0,,,filled,
346,COM00520.00,2002,O.Fe,Me.Fe,4342003000.0,,,filled,
346,COM00520.00,2003,O.Fe,Me.Fe,4284440000.0,,,filled,
346,COM00520.00,2004,O.Fe,Me.Fe,4221384000.0,,,filled,
346,COM00520.00,2005,O.Fe,Me.Fe,4155977000.0,,,filled,
346,COM00520.00,2006,O.Fe,Me.Fe,4081590000.0,,,filled,
346,COM00520.00,2007,O.Fe,Me.Fe,4002382000.0,,,filled,
346,COM00520.00,2008,O.Fe,Me.Fe,3907815000.0,,,filled,
346,COM00520.00,2009,O.Fe,Me.Fe,3812262000.0,,,filled,
346,COM00520.00,2010,O.Fe,Me.Fe,3705454000.0,,,filled,
346,COM00520.00,2011,O.Fe,Me.Fe,3592748000.0,,,filled,
346,COM00520.00,2012,O.Fe,Me.Fe,3471223000.0,,,filled,
346,COM00520.00,2013,O.Fe,Me.Fe,3344593000.0,,,filled,
346,COM00520.00,2014,O.Fe,Me.Fe,3201246000.0,,,filled,
346,COM00520.00,2015,O.Fe,Me.Fe,3038083000.0,,,filled,
346,COM00520.00,2016,O.Fe,Me.Fe,2848662000.0,,,filled,
346,COM00520.00,2017,O.Fe,Me.Fe,2642760000.0,,,filled,
346,COM00520.00,2018,O.Fe,Me.Fe,2436000000.0,,,,
347,COM00521.00,2015,F.coal,,501863040.0,,,filled,
347,COM00521.00,2016,F.coal,,499413600.0,,,filled,
347,COM00521.00,2017,F.coal,,496692000.0,,,filled,
347,COM00521.00,2018,F.coal,,491158080.0,,,filled,
347,COM00521.00,2019,F.coal,,485442720.0,,,,
348,COM00526.00,2017,F.sbc,,11614881.6,,,,
349,COM00527.00,2003,F.stc,,51004144.0,,,filled,
349,COM00527.00,2004,F.stc,,47270004.0,,,filled,
349,COM00527.00,2005,F.stc,,43661128.0,,,filled,
349,COM00527.00,2006,F.stc,,40547479.0,,,filled,
349,COM00527.00,2007,F.stc,,37181836.0,,,filled,
349,COM00527.00,2008,F.stc,,33671916.0,,,filled,
349,COM00527.00,2009,F.stc,,29992427.0,,,filled,
349,COM00527.00,2010,F.stc,,26663383.0,,,filled,
349,COM00527.00,2011,F.stc,,23545329.0,,,filled,
349,COM00527.00,2012,F.stc,,20865600.0,,,filled,
349,COM00527.00,2013,F.stc,,18960480.0,,,,
350,COM00529.00,2002,O.Au,Me.Au,31929000.0,,,filled,
350,COM00529.00,2003,O.Au,Me.Au,30023000.0,,,filled,
350,COM00529.00,2004,O.Au,Me.Au,28052000.0,,,filled,
350,COM00529.00,2005,O.Au,Me.Au,26033000.0,,,filled,
350,COM00529.00,2018,O.Au,Me.Au,24102000.0,54.544482252,2.48,,
351,COM00530.00,2019,,Me.Mo,67000000.0,,,,
352,COM00531.00,2007,O.Au,Me.Au,626000.0,4.195729404000001,6.69048745868,,
353,COM00532.00,2018,O.Fe,Me.Fe,207200000.0,,,,
354,COM00534.00,2011,O.Fe,Me.Fe,362700000.0,,,filled,
354,COM00534.00,2012,O.Fe,Me.Fe,333900000.0,,,filled,
354,COM00534.00,2013,O.Fe,Me.Fe,304400000.0,,,filled,
354,COM00534.00,2014,O.Fe,Me.Fe,276300000.0,,,filled,
354,COM00534.00,2015,O.Fe,Me.Fe,249000000.0,,,filled,
354,COM00534.00,2016,O.Fe,Me.Fe,219200000.0,,,filled,
354,COM00534.00,2017,O.Fe,Me.Fe,188500000.0,,,filled,
354,COM00534.00,2018,O.Fe,Me.Fe,160200000.0,,,filled,
354,COM00534.00,2019,O.Fe,Me.Fe,131000000.0,,,,
355,COM00538.00,2000,O.Cu,Me.Cu,1421315000.0,,,filled,
355,COM00538.00,2001,O.Cu,Me.Cu,1336303000.0,,,filled,
355,COM00538.00,2002,O.Cu,Me.Cu,1257417000.0,,,filled,
355,COM00538.00,2003,O.Cu,Me.Cu,1181435000.0,,,filled,
355,COM00538.00,2004,O.Cu,Me.Cu,1113941000.0,,,filled,
355,COM00538.00,2005,O.Cu,Me.Cu,1048104000.0,,,filled,
355,COM00538.00,2006,O.Cu,Me.Cu,997438000.0,,,filled,
355,COM00538.00,2007,O.Cu,Me.Cu,952082000.0,,,filled,
355,COM00538.00,2010,O.Cu,Me.Cu,909489000.0,,,filled,
355,COM00538.00,2011,O.Cu,Me.Cu,867001000.0,,,filled,
355,COM00538.00,2012,O.Cu,Me.Cu,824717000.0,,,filled,
355,COM00538.00,2013,O.Cu,Me.Cu,779334000.0,,,filled,
355,COM00538.00,2014,O.Cu,Me.Cu,734473000.0,,,filled,
355,COM00538.00,2015,O.Cu,Me.Cu,684541000.0,,,filled,
355,COM00538.00,2016,O.Cu,Me.Cu,637284000.0,,,filled,
355,COM00538.00,2017,O.Cu,Me.Cu,587785000.0,,,filled,
355,COM00538.00,2018,O.Cu,Me.Cu,535500000.0,,,,
356,COM00538.00,2018,O.Cu,Me.Mo,535500000.0,,,,
359,COM00541.00,2019,O.Fe,Me.Fe,2472000.0,,,,
360,COM00541.00,2019,O.Fe,Me.Ni,2472000.0,25200.0,10200.0,,
357,COM00541.00,2019,O.bulk,Me.Fe,878000.0,,,,
358,COM00541.00,2019,O.bulk,Me.Ni,878000.0,12630.0,14400.0,,
361,COM00543.00,2002,O.Au,Me.Au,860000.0,,,filled,
361,COM00543.00,2003,O.Au,Me.Au,340000.0,1.559223765,5.52815701035,,
362,COM00544.00,2007,O.Fe,Me.Fe,662086000.0,,,filled,
362,COM00544.00,2008,O.Fe,Me.Fe,662022000.0,,,filled,
362,COM00544.00,2009,O.Fe,Me.Fe,651086000.0,,,filled,
362,COM00544.00,2010,O.Fe,Me.Fe,630452000.0,,,filled,
362,COM00544.00,2011,O.Fe,Me.Fe,598732000.0,,,filled,
362,COM00544.00,2012,O.Fe,Me.Fe,566992000.0,,,filled,
362,COM00544.00,2013,O.Fe,Me.Fe,536199000.0,,,filled,
362,COM00544.00,2014,O.Fe,Me.Fe,502411000.0,,,filled,
362,COM00544.00,2015,O.Fe,Me.Fe,459696000.0,,,filled,
362,COM00544.00,2016,O.Fe,Me.Fe,414951000.0,,,filled,
362,COM00544.00,2017,O.Fe,Me.Fe,367941000.0,,,filled,
362,COM00544.00,2018,O.Fe,Me.Fe,321000000.0,,,,
363,COM00545.00,2000,F.coal,,48444480.0,,,filled,
363,COM00545.00,2001,F.coal,,46539360.0,,,filled,
363,COM00545.00,2002,F.coal,,44724960.0,,,filled,
363,COM00545.00,2003,F.coal,,42729120.0,,,filled,
363,COM00545.00,2004,F.coal,,42003360.0,,,filled,
363,COM00545.00,2005,F.coal,,41821920.0,,,filled,
363,COM00545.00,2006,F.coal,,41005440.0,,,filled,
363,COM00545.00,2007,F.coal,,39553920.0,,,filled,
363,COM00545.00,2008,F.coal,,37195200.0,,,filled,
363,COM00545.00,2009,F.coal,,33566400.0,,,filled,
363,COM00545.00,2010,F.coal,,29937600.0,,,filled,
363,COM00545.00,2011,F.coal,,26943840.0,,,filled,
363,COM00545.00,2012,F.coal,,23950080.0,,,filled,
363,COM00545.00,2013,F.coal,,21137760.0,,,filled,
363,COM00545.00,2014,F.coal,,18325440.0,,,filled,
363,COM00545.00,2015,F.coal,,15603840.0,,,filled,
363,COM00545.00,2016,F.coal,,12972960.0,,,filled,
363,COM00545.00,2019,F.coal,,12610080.0,,,,
364,COM00547.00,2002,O.bulk,Me.Ag,22621528.0,,,filled,
364,COM00547.00,2003,O.bulk,Me.Ag,22015228.0,,,filled,
364,COM00547.00,2004,O.bulk,Me.Ag,21409438.0,,,filled,
364,COM00547.00,2005,O.bulk,Me.Ag,20773593.0,,,filled,
364,COM00547.00,2006,O.bulk,Me.Ag,20133744.0,,,filled,
364,COM00547.00,2007,O.bulk,Me.Ag,19440459.0,,,filled,
364,COM00547.00,2008,O.bulk,Me.Ag,18689660.0,,,filled,
364,COM00547.00,2009,O.bulk,Me.Ag,17957514.0,,,filled,
364,COM00547.00,2010,O.bulk,Me.Ag,17258094.0,,,filled,
364,COM00547.00,2011,O.bulk,Me.Ag,16554000.0,,,filled,
364,COM00547.00,2012,O.bulk,Me.Ag,15940000.0,,,filled,
364,COM00547.00,2013,O.bulk,Me.Ag,15257000.0,,,filled,
364,COM00547.00,2014,O.bulk,Me.Ag,14455000.0,,,filled,
364,COM00547.00,2015,O.bulk,Me.Ag,13562000.0,,,filled,
364,COM00547.00,2016,O.bulk,Me.Ag,12667000.0,,,filled,
364,COM00547.00,2017,O.bulk,Me.Ag,11763000.0,,,filled,
364,COM00547.00,2018,O.bulk,Me.Ag,10835000.0,,,filled,
364,COM00547.00,2019,O.bulk,Me.Ag,9900000.0,,,,
365,COM00547.00,2019,O.bulk,Me.Cu,9900000.0,,,,
366,COM00547.00,2019,O.bulk,Me.Pb,9900000.0,,,,
367,COM00547.00,2019,O.bulk,Me.Zn,9900000.0,,,,
368,COM00548.00,2013,O.Al,Me.Al2O3,7611000.0,,,filled,
368,COM00548.00,2014,O.Al,Me.Al2O3,6851000.0,,,filled,
368,COM00548.00,2015,O.Al,Me.Al2O3,5550000.0,,,filled,
368,COM00548.00,2019,O.Al,Me.Al2O3,3530000.0,,,,
369,COM00548.00,2019,O.Al,Nm.SiO2,3530000.0,,,,
370,COM00551.00,2004,F.coal,,1014144000.0,,,filled,
370,COM00551.00,2005,F.coal,,1000875000.0,,,filled,
370,COM00551.00,2006,F.coal,,988501000.0,,,filled,
370,COM00551.00,2007,F.coal,,976477000.0,,,filled,
370,COM00551.00,2008,F.coal,,966383000.0,,,filled,
370,COM00551.00,2009,F.coal,,955632000.0,,,filled,
370,COM00551.00,2017,F.coal,,944400000.0,,,filled,
370,COM00551.00,2018,F.coal,,938200000.0,,,filled,
370,COM00551.00,2019,F.coal,,919200000.0,,,filled,
370,COM00551.00,2020,F.coal,,900000000.0,,,,
371,COM00553.00,2004,O.Au,Me.Au,97216029.0,,,filled,
371,COM00553.00,2005,O.Au,Me.Au,93335229.0,,,filled,
371,COM00553.00,2006,O.Au,Me.Au,89570523.0,,,filled,
371,COM00553.00,2007,O.Au,Me.Au,86041111.0,,,filled,
371,COM00553.00,2008,O.Au,Me.Au,82930000.0,,,filled,
371,COM00553.00,2009,O.Au,Me.Au,79430000.0,,,filled,
371,COM00553.00,2010,O.Au,Me.Au,76030000.0,,,filled,
371,COM00553.00,2011,O.Au,Me.Au,72630000.0,,,filled,
371,COM00553.00,2012,O.Au,Me.Au,68330000.0,,,filled,
371,COM00553.00,2013,O.Au,Me.Au,63730000.0,,,filled,
371,COM00553.00,2014,O.Au,Me.Au,58930000.0,,,filled,
371,COM00553.00,2015,O.Au,Me.Au,54030000.0,,,filled,
371,COM00553.00,2016,O.Au,Me.Au,49330000.0,,,filled,
371,COM00553.00,2017,O.Au,Me.Au,44230000.0,,,filled,
371,COM00553.00,2018,O.Au,Me.Au,39130000.0,46.2097227019,1.3,,
372,COM00554.00,2000,F.coal,,48545000.0,,,filled,
372,COM00554.00,2001,F.coal,,42269000.0,,,filled,
372,COM00554.00,2002,F.coal,,35696000.0,,,filled,
372,COM00554.00,2003,F.coal,,28608000.0,,,filled,
372,COM00554.00,2004,F.coal,,21845000.0,,,filled,
372,COM00554.00,2019,F.coal,,16000000.0,,,,
373,COM00554.00,2016,F.stc,,117762000.0,,,filled,
373,COM00554.00,2017,F.stc,,116455000.0,,,filled,
373,COM00554.00,2018,F.stc,,115079000.0,,,filled,
373,COM00554.00,2019,F.stc,,114000000.0,,,,
374,COM00558.00,2019,O.bulk,O.FeTiO3,144000000.0,,,,
375,COM00558.00,2019,O.bulk,O.TiO2,144000000.0,,,,
376,COM00558.00,2019,O.bulk,O.Zr,144000000.0,,,,
377,COM00565.00,2015,F.coal,,260900000.0,,,filled,
377,COM00565.00,2016,F.coal,,260900000.0,,,filled,
377,COM00565.00,2017,F.coal,,259200000.0,,,filled,
377,COM00565.00,2018,F.coal,,257000000.0,,,filled,
377,COM00565.00,2019,F.coal,,253800000.0,,,filled,
377,COM00565.00,2020,F.coal,,249000000.0,,,,
378,COM00569.00,2012,,,,,,,
379,COM00571.00,2004,F.coal,,56888640.0,,,filled,
379,COM00571.00,2013,F.coal,,55800000.0,,,,
380,COM00576.00,2001,O.Fe,Me.Fe,799565000.0,,,filled,
380,COM00576.00,2002,O.Fe,Me.Fe,785003000.0,,,filled,
380,COM00576.00,2003,O.Fe,Me.Fe,772245000.0,,,filled,
380,COM00576.00,2004,O.Fe,Me.Fe,758020000.0,,,filled,
380,COM00576.00,2005,O.Fe,Me.Fe,746881000.0,,,filled,
380,COM00576.00,2006,O.Fe,Me.Fe,731234000.0,,,filled,
380,COM00576.00,2007,O.Fe,Me.Fe,715154000.0,,,filled,
380,COM00576.00,2008,O.Fe,Me.Fe,701925000.0,,,filled,
380,COM00576.00,2009,O.Fe,Me.Fe,686095000.0,,,filled,
380,COM00576.00,2010,O.Fe,Me.Fe,672251000.0,,,filled,
380,COM00576.00,2011,O.Fe,Me.Fe,657541000.0,,,filled,
380,COM00576.00,2012,O.Fe,Me.Fe,644084000.0,,,filled,
380,COM00576.00,2013,O.Fe,Me.Fe,630005000.0,,,filled,
380,COM00576.00,2014,O.Fe,Me.Fe,614637000.0,,,filled,
380,COM00576.00,2015,O.Fe,Me.Fe,599862000.0,,,filled,
380,COM00576.00,2016,O.Fe,Me.Fe,582171000.0,,,filled,
380,COM00576.00,2017,O.Fe,Me.Fe,564016000.0,,,filled,
380,COM00576.00,2018,O.Fe,Me.Fe,545000000.0,,,,
381,COM00579.00,2013,F.coal,,10800000.0,,,,
381,COM00579.00,2016,F.coal,,10455300.0,,,filled,
381,COM00579.00,2017,F.coal,,8717300.0,,,filled,
381,COM00579.00,2018,F.coal,,7074300.0,,,filled,
381,COM00579.00,2019,F.coal,,4145300.0,,,filled,
382,COM00579.00,2020,F.coal,,49200000.0,,,,
383,COM00582.00,2005,F.stc,,89913400.0,,,filled,
383,COM00582.00,2006,F.stc,,88555100.0,,,filled,
383,COM00582.00,2007,F.stc,,84535000.0,,,filled,
383,COM00582.00,2008,F.stc,,79534000.0,,,filled,
383,COM00582.00,2009,F.stc,,74381900.0,,,filled,
383,COM00582.00,2010,F.stc,,69320000.0,,,filled,
383,COM00582.00,2011,F.stc,,64750900.0,,,filled,
383,COM00582.00,2012,F.stc,,60412700.0,,,filled,
383,COM00582.00,2013,F.stc,,55013500.0,,,filled,
383,COM00582.00,2014,F.stc,,49946700.0,,,filled,
383,COM00582.00,2015,F.stc,,44684100.0,,,filled,
383,COM00582.00,2016,F.stc,,40152300.0,,,filled,
383,COM00582.00,2017,F.stc,,35757300.0,,,filled,
383,COM00582.00,2018,F.stc,,31697800.0,,,filled,
383,COM00582.00,2020,F.stc,,27100000.0,,,,
384,COM00583.00,2000,O.Fe,Me.Fe,1549400000.0,,,filled,
384,COM00583.00,2001,O.Fe,Me.Fe,1509500000.0,,,filled,
384,COM00583.00,2002,O.Fe,Me.Fe,1470600000.0,,,filled,
384,COM00583.00,2003,O.Fe,Me.Fe,1429900000.0,,,filled,
384,COM00583.00,2004,O.Fe,Me.Fe,1386800000.0,,,filled,
384,COM00583.00,2005,O.Fe,Me.Fe,1343200000.0,,,filled,
384,COM00583.00,2006,O.Fe,Me.Fe,1297500000.0,,,filled,
384,COM00583.00,2007,O.Fe,Me.Fe,1250500000.0,,,filled,
384,COM00583.00,2008,O.Fe,Me.Fe,1203800000.0,,,filled,
384,COM00583.00,2009,O.Fe,Me.Fe,1162000000.0,,,filled,
384,COM00583.00,2010,O.Fe,Me.Fe,1130900000.0,,,filled,
384,COM00583.00,2011,O.Fe,Me.Fe,1092200000.0,,,filled,
384,COM00583.00,2012,O.Fe,Me.Fe,1052200000.0,,,filled,
384,COM00583.00,2013,O.Fe,Me.Fe,1014500000.0,,,filled,
384,COM00583.00,2014,O.Fe,Me.Fe,980500000.0,,,filled,
384,COM00583.00,2015,O.Fe,Me.Fe,944700000.0,,,filled,
384,COM00583.00,2016,O.Fe,Me.Fe,909100000.0,,,filled,
384,COM00583.00,2017,O.Fe,Me.Fe,875700000.0,,,filled,
384,COM00583.00,2018,O.Fe,Me.Fe,837900000.0,,,filled,
384,COM00583.00,2019,O.Fe,Me.Fe,796200000.0,,,,
385,COM00585.00,2019,F.coc,,18688320.0,,,,
386,COM00586.00,2018,O.Cu,Me.Cu,27112000.0,646006.253354,23830.0,,
387,COM00587.00,2019,O.bulk,O.FeTiO3,87000000.0,,,,
388,COM00587.00,2019,O.bulk,O.TiO2,87000000.0,,,,
389,COM00587.00,2019,O.bulk,O.Zr,87000000.0,,,,
390,COM00588.00,2006,O.Au,Me.Au,56628677.0,,,filled,
390,COM00588.00,2007,O.Au,Me.Au,55526489.0,,,filled,
390,COM00588.00,2008,O.Au,Me.Au,54482177.0,,,filled,
390,COM00588.00,2009,O.Au,Me.Au,52972498.0,,,filled,
390,COM00588.00,2010,O.Au,Me.Au,50967562.0,,,filled,
390,COM00588.00,2011,O.Au,Me.Au,48809465.0,,,filled,
390,COM00588.00,2012,O.Au,Me.Au,46660992.0,,,filled,
390,COM00588.00,2013,O.Au,Me.Au,44551379.0,,,filled,
390,COM00588.00,2014,O.Au,Me.Au,42981442.0,,,filled,
390,COM00588.00,2015,O.Au,Me.Au,41561510.0,,,filled,
390,COM00588.00,2016,O.Au,Me.Au,40080049.0,,,filled,
390,COM00588.00,2017,O.Au,Me.Au,38276985.0,,,filled,
390,COM00588.00,2018,O.Au,Me.Au,36269413.0,,,filled,
390,COM00588.00,2019,O.Au,Me.Au,34176000.0,70.675360839,2.27,,
391,COM00590.00,2020,O.Au,Me.Au,796000.0,,,,
392,COM00592.00,2001,O.Au,Me.Au,3571428.285714286,,,filled,
392,COM00592.00,2002,O.Au,Me.Au,2285714.285714286,16.199727502857147,8.08,,
392,COM00592.00,2003,O.Au,Me.Au,857143.2857142859,,,filled,
393,COM00595.00,2008,O.Al,Me.Al2O3,3213800.0,,,filled,
393,COM00595.00,2009,O.Al,Me.Al2O3,3189500.0,,,filled,
393,COM00595.00,2010,O.Al,Me.Al2O3,2971500.0,,,filled,
393,COM00595.00,2011,O.Al,Me.Al2O3,2588500.0,,,filled,
393,COM00595.00,2012,O.Al,Me.Al2O3,2284100.0,,,filled,
393,COM00595.00,2013,O.Al,Me.Al2O3,1972000.0,,,filled,
393,COM00595.00,2014,O.Al,Me.Al2O3,1770000.0,,,filled,
393,COM00595.00,2015,O.Al,Me.Al2O3,1586000.0,,,filled,
393,COM00595.00,2016,O.Al,Me.Al2O3,1462000.0,,,filled,
393,COM00595.00,2017,O.Al,Me.Al2O3,1030000.0,,,filled,
393,COM00595.00,2018,O.Al,Me.Al2O3,600000.0,,,filled,
393,COM00595.00,2019,O.Al,Me.Al2O3,240000.0,,,,
394,COM00595.00,2019,O.Al,Nm.SiO2,240000.0,,,,
395,COM00603.00,2000,O.bulk,Me.Ag,2212479.0,,,filled,
395,COM00603.00,2001,O.bulk,Me.Ag,2207179.0,,,filled,
395,COM00603.00,2002,O.bulk,Me.Ag,2168679.0,,,filled,
395,COM00603.00,2003,O.bulk,Me.Ag,2107179.0,,,filled,
395,COM00603.00,2004,O.bulk,Me.Ag,2069529.0,,,filled,
395,COM00603.00,2005,O.bulk,Me.Ag,2010629.0,,,filled,
395,COM00603.00,2006,O.bulk,Me.Ag,1936929.0,,,filled,
395,COM00603.00,2007,O.bulk,Me.Ag,1856479.0,,,filled,
395,COM00603.00,2008,O.bulk,Me.Ag,1767379.0,,,filled,
395,COM00603.00,2009,O.bulk,Me.Ag,1671679.0,,,filled,
395,COM00603.00,2010,O.bulk,Me.Ag,1559679.0,,,filled,
395,COM00603.00,2011,O.bulk,Me.Ag,1432179.0,,,filled,
395,COM00603.00,2012,O.bulk,Me.Ag,1291879.0,,,filled,
395,COM00603.00,2013,O.bulk,Me.Ag,1163222.0,,,filled,
395,COM00603.00,2014,O.bulk,Me.Ag,1014539.0,,,filled,
395,COM00603.00,2015,O.bulk,Me.Ag,846789.0,,,filled,
395,COM00603.00,2016,O.bulk,Me.Ag,668841.0,,,filled,
395,COM00603.00,2017,O.bulk,Me.Ag,494976.0,,,filled,
395,COM00603.00,2018,O.bulk,Me.Ag,364122.0,,,filled,
395,COM00603.00,2019,O.bulk,Me.Ag,255097.0,,,,
396,COM00603.00,2019,O.bulk,Me.Au,255097.0,,,,
397,COM00603.00,2019,O.bulk,Me.Cu,255097.0,,,,
398,COM00603.00,2019,O.bulk,Me.Pb,255097.0,,,,
399,COM00604.00,2007,O.Au,Me.Ag,115555.55555555556,18.93118147,179.6,,
400,COM00604.00,2007,O.Au,Me.Au,115555.55555555556,1.73247085,16.6,,
401,COM00605.00,2007,O.Au,Me.Au,10216494.0,,,filled,
401,COM00605.00,2008,O.Au,Me.Au,8396651.0,,,filled,
401,COM00605.00,2009,O.Au,Me.Au,7357907.0,,,filled,
401,COM00605.00,2010,O.Au,Me.Au,6280153.0,,,filled,
401,COM00605.00,2011,O.Au,Me.Au,5252295.0,,,filled,
401,COM00605.00,2012,O.Au,Me.Au,4378661.0,,,filled,
401,COM00605.00,2013,O.Au,Me.Au,3300000.0,11.62330443,3.51534086812,,
401,COM00605.00,2015,O.Au,Me.Au,2050368.0,,,filled,
401,COM00605.00,2016,O.Au,Me.Au,805014.0,,,filled,
401,COM00605.00,2017,O.Au,Me.Au,-668227.0,,,filled,
401,COM00605.00,2018,O.Au,Me.Au,-2346819.0,,,filled,
401,COM00605.00,2019,O.Au,Me.Au,-4653765.0,,,filled,
402,COM00605.00,2020,O.Au,Me.Au,16868000.0,57.379434552000006,3.7,,
403,COM00607.00,2010,O.Al,Me.Al2O3,139000000.0,,,filled,
403,COM00607.00,2011,O.Al,Me.Al2O3,136400000.0,,,filled,
403,COM00607.00,2012,O.Al,Me.Al2O3,132600000.0,,,filled,
403,COM00607.00,2013,O.Al,Me.Al2O3,128800000.0,,,filled,
403,COM00607.00,2014,O.Al,Me.Al2O3,124900000.0,,,filled,
403,COM00607.00,2015,O.Al,Me.Al2O3,120100000.0,,,filled,
403,COM00607.00,2016,O.Al,Me.Al2O3,115400000.0,,,filled,
403,COM00607.00,2017,O.Al,Me.Al2O3,110200000.0,,,filled,
403,COM00607.00,2018,O.Al,Me.Al2O3,104600000.0,,,filled,
403,COM00607.00,2019,O.Al,Me.Al2O3,98900000.0,,,,
404,COM00607.00,2019,O.Al,Nm.SiO2,98900000.0,,,,
405,COM00611.00,2002,O.Au,Me.Au,404429620.0,,,filled,
405,COM00611.00,2003,O.Au,Me.Au,390327620.0,,,filled,
405,COM00611.00,2004,O.Au,Me.Au,375985620.0,,,filled,
405,COM00611.00,2005,O.Au,Me.Au,361701620.0,,,filled,
405,COM00611.00,2007,O.Au,Me.Au,347073620.0,,,filled,
405,COM00611.00,2008,O.Au,Me.Au,334468983.0,,,filled,
405,COM00611.00,2009,O.Au,Me.Au,321278295.0,,,filled,
405,COM00611.00,2010,O.Au,Me.Au,309686093.0,,,filled,
405,COM00611.00,2011,O.Au,Me.Au,295920240.0,,,filled,
405,COM00611.00,2012,O.Au,Me.Au,282243293.0,,,filled,
405,COM00611.00,2013,O.Au,Me.Au,270436992.0,,,filled,
405,COM00611.00,2014,O.Au,Me.Au,259225814.0,,,filled,
405,COM00611.00,2015,O.Au,Me.Au,248809344.0,,,filled,
405,COM00611.00,2016,O.Au,Me.Au,235143283.0,,,filled,
405,COM00611.00,2017,O.Au,Me.Au,218400000.0,219.42530802,1.0030331278852382,,
405,COM00611.00,2018,O.Au,Me.Au,208943347.0,,,filled,
405,COM00611.00,2019,O.Au,Me.Au,202398806.0,,,filled,
406,COM00615.00,2014,F.stc,,19226021.0,,,filled,
406,COM00615.00,2015,F.stc,,18592637.0,,,filled,
406,COM00615.00,2016,F.stc,,16120405.0,,,filled,
406,COM00615.00,2017,F.stc,,12851193.0,,,filled,
406,COM00615.00,2018,F.stc,,9190496.0,,,filled,
406,COM00615.00,2019,F.stc,,5165000.0,,,filled,
406,COM00615.00,2020,F.stc,,1300000.0,,,,
407,COM00617.00,2013,O.Au,Me.Au,2884000.0,11.566605384,3.9972827613299993,,
407,COM00617.00,2015,O.Au,Me.Au,2225757.0,,,filled,
407,COM00617.00,2016,O.Au,Me.Au,1477147.0,,,filled,
408,COM00617.00,2020,O.Au,Me.Au,8249000.0,20.553404175,2.7,,
409,COM00618.00,2009,O.bulk,Me.AsCu,1215180000.0,,,filled,
409,COM00618.00,2010,O.bulk,Me.AsCu,1211592000.0,,,filled,
409,COM00618.00,2011,O.bulk,Me.AsCu,1206130000.0,,,filled,
409,COM00618.00,2012,O.bulk,Me.AsCu,1197753000.0,,,filled,
409,COM00618.00,2013,O.bulk,Me.AsCu,1189192000.0,,,filled,
409,COM00618.00,2014,O.bulk,Me.AsCu,1181515000.0,,,filled,
409,COM00618.00,2015,O.bulk,Me.AsCu,1172102000.0,,,filled,
409,COM00618.00,2016,O.bulk,Me.AsCu,1161153000.0,,,filled,
409,COM00618.00,2017,O.bulk,Me.AsCu,1106400000.0,,,,
410,COM00618.00,2017,O.bulk,Me.Au,1153200000.0,,,,
411,COM00618.00,2017,O.bulk,Me.Cu,1153200000.0,,,,
409,COM00618.00,2018,O.bulk,Me.AsCu,1145014000.0,,,filled,
412,COM00619.00,2019,F.coal,,50000000.0,,,,
413,COM00623.00,2016,O.Au,Me.Au,4022347.0,,,filled,
413,COM00623.00,2017,O.Au,Me.Au,3665575.0,,,filled,
413,COM00623.00,2018,O.Au,Me.Au,2882284.0,,,filled,
413,COM00623.00,2019,O.Au,Me.Au,1885755.0,,,filled,
413,COM00623.00,2020,O.Au,Me.Au,1074091.0,2.04326,2.1,,
414,COM00624.00,2019,O.bulk,Me.Co,124000000.0,,,,
415,COM00624.00,2019,O.bulk,Me.Cu,124000000.0,,,,
416,COM00625.00,2014,O.bulk,Me.Ag,7981386.0,,,filled,
416,COM00625.00,2015,O.bulk,Me.Ag,7832100.0,,,filled,
416,COM00625.00,2016,O.bulk,Me.Ag,7460100.0,,,filled,
416,COM00625.00,2017,O.bulk,Me.Ag,6700000.0,,,filled,
416,COM00625.00,2018,O.bulk,Me.Ag,5700000.0,,,filled,
416,COM00625.00,2019,O.bulk,Me.Ag,4500000.0,,,,
417,COM00625.00,2019,O.bulk,Me.Pb,4500000.0,,,,
418,COM00625.00,2019,O.bulk,Me.Zn,4500000.0,,,,
419,COM00628.00,2019,O.Fe,Me.Fe,333849600.0,,,,
420,COM00630.00,2012,F.sbc,,92070821.2,,,filled,
420,COM00630.00,2013,F.sbc,,88219757.2,,,filled,
420,COM00630.00,2014,F.sbc,,84014885.2,,,filled,
420,COM00630.00,2015,F.sbc,,80024112.2,,,filled,
420,COM00630.00,2016,F.sbc,,75968021.2,,,filled,
420,COM00630.00,2017,F.sbc,,72244872.2,,,filled,
420,COM00630.00,2018,F.sbc,,68412859.2,,,,
421,COM00631.00,2010,O.Au,Me.Au,5999157.0,,,filled,
421,COM00631.00,2011,O.Au,Me.Au,5841279.0,,,filled,
421,COM00631.00,2012,O.Au,Me.Au,5464483.0,,,filled,
421,COM00631.00,2013,O.Au,Me.Au,5106339.0,,,filled,
421,COM00631.00,2014,O.Au,Me.Au,4604007.0,,,filled,
421,COM00631.00,2015,O.Au,Me.Au,4027064.0,,,filled,
421,COM00631.00,2016,O.Au,Me.Au,3427891.0,,,filled,
421,COM00631.00,2017,O.Au,Me.Au,2865237.0,,,filled,
421,COM00631.00,2018,O.Au,Me.Au,2258568.0,,,filled,
421,COM00631.00,2019,O.Au,Me.Au,1677000.0,10.375925418,6.18019604234,,
422,COM00633.00,2004,F.coal,,151073000.0,,,filled,
422,COM00633.00,2005,F.coal,,150450000.0,,,filled,
422,COM00633.00,2006,F.coal,,149676000.0,,,filled,
422,COM00633.00,2007,F.coal,,148813000.0,,,filled,
422,COM00633.00,2008,F.coal,,147778000.0,,,filled,
422,COM00633.00,2009,F.coal,,146849000.0,,,filled,
422,COM00633.00,2017,F.coal,,146000000.0,,,,
422,COM00633.00,2018,F.coal,,141240000.0,,,filled,
423,COM00633.00,2019,F.coal,,144600000.0,,,,
422,COM00633.00,2020,F.coal,,138940000.0,,,filled,
424,COM00634.00,2008,O.Au,Me.Au,2769000.0,,,filled,
424,COM00634.00,2009,O.Au,Me.Au,2733000.0,,,filled,
424,COM00634.00,2010,O.Au,Me.Au,2447000.0,,,filled,
424,COM00634.00,2011,O.Au,Me.Au,2009000.0,,,filled,
424,COM00634.00,2012,O.Au,Me.Au,1559000.0,,,filled,
424,COM00634.00,2013,O.Au,Me.Au,1173000.0,,,filled,
424,COM00634.00,2014,O.Au,Me.Au,806000.0,,,filled,
424,COM00634.00,2015,O.Au,Me.Au,459000.0,,,filled,
424,COM00634.00,2016,O.Au,Me.Au,90000.0,0.7087380750000001,8.4,,
425,COM00635.00,2012,O.bulk,Me.Au,166731000.0,,,filled,
425,COM00635.00,2013,O.bulk,Me.Au,163593000.0,,,filled,
425,COM00635.00,2014,O.bulk,Me.Au,157279000.0,,,filled,
425,COM00635.00,2015,O.bulk,Me.Au,150568000.0,,,filled,
425,COM00635.00,2016,O.bulk,Me.Au,143903000.0,,,filled,
425,COM00635.00,2017,O.bulk,Me.Au,136511000.0,,,filled,
425,COM00635.00,2018,O.bulk,Me.Au,128600000.0,,,,
426,COM00635.00,2018,O.bulk,Me.Co,128600000.0,,,,
427,COM00635.00,2018,O.bulk,Me.Cu,128600000.0,,,,
428,COM00635.00,2018,O.bulk,Me.Ni,128600000.0,,,,
429,COM00635.00,2018,O.bulk,Me.Pd,128600000.0,,,,
430,COM00635.00,2018,O.bulk,Me.Pt,128600000.0,,,,
431,COM00638.00,2008,O.Fe,Me.Fe,558635000.0,,,filled,
431,COM00638.00,2009,O.Fe,Me.Fe,556787000.0,,,filled,
431,COM00638.00,2010,O.Fe,Me.Fe,550141000.0,,,filled,
431,COM00638.00,2011,O.Fe,Me.Fe,541376000.0,,,filled,
431,COM00638.00,2012,O.Fe,Me.Fe,532651000.0,,,filled,
431,COM00638.00,2013,O.Fe,Me.Fe,521096000.0,,,filled,
431,COM00638.00,2014,O.Fe,Me.Fe,507929000.0,,,filled,
431,COM00638.00,2015,O.Fe,Me.Fe,494999000.0,,,filled,
431,COM00638.00,2016,O.Fe,Me.Fe,482350000.0,,,filled,
431,COM00638.00,2017,O.Fe,Me.Fe,468734000.0,,,filled,
431,COM00638.00,2018,O.Fe,Me.Fe,454174000.0,,,filled,
431,COM00638.00,2019,O.Fe,Me.Fe,439480000.0,,,,
432,COM00639.00,2002,F.stc,,197966000.0,,,filled,
432,COM00639.00,2003,F.stc,,185656000.0,,,filled,
432,COM00639.00,2004,F.stc,,172826000.0,,,filled,
432,COM00639.00,2005,F.stc,,158086000.0,,,filled,
432,COM00639.00,2006,F.stc,,143016000.0,,,filled,
432,COM00639.00,2007,F.stc,,129391000.0,,,filled,
432,COM00639.00,2008,F.stc,,115865000.0,,,filled,
432,COM00639.00,2009,F.stc,,102538000.0,,,filled,
432,COM00639.00,2010,F.stc,,91413000.0,,,filled,
432,COM00639.00,2011,F.stc,,80545000.0,,,filled,
432,COM00639.00,2012,F.stc,,67617000.0,,,filled,
432,COM00639.00,2013,F.stc,,56754000.0,,,filled,
432,COM00639.00,2019,F.stc,,47200000.0,,,,
433,COM00642.00,2013,O.Au,Me.Au,90933334.1111111,,,filled,
433,COM00642.00,2014,O.Au,Me.Au,90044445.1111111,,,filled,
433,COM00642.00,2015,O.Au,Me.Au,84488889.1111111,,,filled,
433,COM00642.00,2016,O.Au,Me.Au,77600000.1111111,,,filled,
433,COM00642.00,2017,O.Au,Me.Au,70266667.1111111,,,filled,
433,COM00642.00,2018,O.Au,Me.Au,62711111.11111111,236.24602608333333,4.13,,
434,COM00644.00,2000,F.coal,,971600000.0,,,filled,
434,COM00644.00,2001,F.coal,,963100000.0,,,filled,
434,COM00644.00,2002,F.coal,,952600000.0,,,filled,
434,COM00644.00,2003,F.coal,,941100000.0,,,filled,
434,COM00644.00,2004,F.coal,,927100000.0,,,filled,
434,COM00644.00,2005,F.coal,,911100000.0,,,filled,
434,COM00644.00,2006,F.coal,,892900000.0,,,filled,
434,COM00644.00,2007,F.coal,,874400000.0,,,filled,
434,COM00644.00,2008,F.coal,,854400000.0,,,filled,
434,COM00644.00,2009,F.coal,,832400000.0,,,filled,
434,COM00644.00,2010,F.coal,,808400000.0,,,filled,
434,COM00644.00,2011,F.coal,,779400000.0,,,filled,
434,COM00644.00,2012,F.coal,,747900000.0,,,filled,
434,COM00644.00,2013,F.coal,,713700000.0,,,filled,
434,COM00644.00,2014,F.coal,,676400000.0,,,filled,
434,COM00644.00,2015,F.coal,,636100000.0,,,filled,
434,COM00644.00,2016,F.coal,,597100000.0,,,filled,
434,COM00644.00,2017,F.coal,,566000000.0,,,filled,
434,COM00644.00,2018,F.coal,,535000000.0,,,,
434,COM00644.00,2019,F.coal,,500700000.0,,,filled,
434,COM00644.00,2020,F.coal,,467700000.0,,,filled,
435,COM00646.00,2020,F.coal,,144600000.0,,,,
436,COM00648.00,2019,O.Cu,Me.Cu,5700000.0,326000.0,57000.0,,
437,COM00649.00,2012,O.Cu,Me.Cu,36565529.0,,,filled,
437,COM00649.00,2013,O.Cu,Me.Cu,35768365.0,,,filled,
437,COM00649.00,2014,O.Cu,Me.Cu,33175405.0,,,filled,
437,COM00649.00,2015,O.Cu,Me.Cu,30382741.0,,,filled,
437,COM00649.00,2016,O.Cu,Me.Cu,28175437.0,,,filled,
437,COM00649.00,2017,O.Cu,Me.Cu,26166139.0,,,filled,
437,COM00649.00,2018,O.Cu,Me.Cu,23700000.0,,,,
438,COM00651.00,2011,O.Cu,Me.Cu,51450598.0,,,filled,
438,COM00651.00,2012,O.Cu,Me.Cu,50791699.0,,,filled,
438,COM00651.00,2013,O.Cu,Me.Cu,49851417.0,,,filled,
438,COM00651.00,2014,O.Cu,Me.Cu,48502846.0,,,filled,
438,COM00651.00,2015,O.Cu,Me.Cu,47807640.0,,,filled,
438,COM00651.00,2016,O.Cu,Me.Cu,46705241.0,,,filled,
438,COM00651.00,2017,O.Cu,Me.Cu,45415146.0,,,filled,
438,COM00651.00,2018,O.Cu,Me.Cu,45300000.0,553000.0,13000.0,,
438,COM00651.00,2019,O.Cu,Me.Cu,44549807.0,,,filled,
439,COM00652.00,2019,O.Fe,Me.Fe,616000000.0,,,,
440,COM00655.00,2019,O.Au,Me.Au,28925000.0,116.119646208,4.4,,
441,COM00656.00,2004,F.stc,,289220000.0,,,filled,
441,COM00656.00,2005,F.stc,,288660000.0,,,filled,
441,COM00656.00,2006,F.stc,,287190000.0,,,filled,
441,COM00656.00,2007,F.stc,,284558000.0,,,filled,
441,COM00656.00,2008,F.stc,,281335000.0,,,filled,
441,COM00656.00,2009,F.stc,,277895000.0,,,filled,
441,COM00656.00,2010,F.stc,,273931000.0,,,filled,
441,COM00656.00,2011,F.stc,,269044000.0,,,filled,
441,COM00656.00,2012,F.stc,,261972000.0,,,filled,
441,COM00656.00,2013,F.stc,,254404000.0,,,filled,
441,COM00656.00,2019,F.stc,,247000000.0,,,,
442,COM00657.00,2012,O.Au,Me.Au,60255000.0,,,filled,
442,COM00657.00,2013,O.Au,Me.Au,56173000.0,,,filled,
442,COM00657.00,2014,O.Au,Me.Au,51950000.0,,,filled,
442,COM00657.00,2015,O.Au,Me.Au,47297000.0,,,filled,
442,COM00657.00,2016,O.Au,Me.Au,43320000.0,,,filled,
442,COM00657.00,2017,O.Au,Me.Au,38644000.0,,,filled,
442,COM00657.00,2018,O.Au,Me.Au,32800000.0,158.24703811166,5.267987804878048,,
443,COM00659.00,2003,F.coal,,23471502.0,,,filled,
443,COM00659.00,2004,F.coal,,22261657.0,,,filled,
443,COM00659.00,2005,F.coal,,21003775.0,,,filled,
443,COM00659.00,2006,F.coal,,19844883.0,,,filled,
443,COM00659.00,2007,F.coal,,18693994.0,,,filled,
443,COM00659.00,2008,F.coal,,17750765.0,,,filled,
443,COM00659.00,2009,F.coal,,16890336.0,,,filled,
443,COM00659.00,2010,F.coal,,16420320.000000002,,,,
444,COM00661.00,2013,O.Fe,Me.Fe,249220800.0,,,filled,
444,COM00661.00,2014,O.Fe,Me.Fe,238412100.0,,,filled,
444,COM00661.00,2015,O.Fe,Me.Fe,226844000.0,,,filled,
444,COM00661.00,2016,O.Fe,Me.Fe,214789600.0,,,filled,
444,COM00661.00,2017,O.Fe,Me.Fe,202063300.0,,,filled,
444,COM00661.00,2018,O.Fe,Me.Fe,188200000.0,,,,
444,COM00661.00,2019,O.Fe,Me.Fe,174986700.0,,,filled,
444,COM00661.00,2020,O.Fe,Me.Fe,163319200.0,,,filled,
445,COM00662.00,2018,O.Cu,Me.Cu,,639643.0,48000.0,,
446,COM00664.00,2019,O.Ni,Me.Ni,41800000.0,,,,
447,COM00665.00,2007,O.Fe,Me.Al2O3,43065000.0,,,filled,
447,COM00665.00,2008,O.Fe,Me.Al2O3,42506000.0,,,filled,
447,COM00665.00,2009,O.Fe,Me.Al2O3,39459000.0,,,filled,
447,COM00665.00,2010,O.Fe,Me.Al2O3,35935000.0,,,filled,
447,COM00665.00,2011,O.Fe,Me.Al2O3,32462000.0,,,filled,
447,COM00665.00,2012,O.Fe,Me.Al2O3,29939000.0,,,filled,
447,COM00665.00,2013,O.Fe,Me.Al2O3,26980000.0,,,filled,
447,COM00665.00,2014,O.Fe,Me.Al2O3,25124000.0,,,filled,
447,COM00665.00,2015,O.Fe,Me.Al2O3,22276000.0,,,filled,
447,COM00665.00,2016,O.Fe,Me.Al2O3,20633000.0,,,filled,
447,COM00665.00,2017,O.Fe,Me.Al2O3,19252000.0,,,filled,
447,COM00665.00,2018,O.Fe,Me.Al2O3,19252000.0,,,filled,
447,COM00665.00,2019,O.Fe,Me.Al2O3,19252000.0,,,filled,
447,COM00665.00,2020,O.Fe,Me.Al2O3,18700000.0,,,,
448,COM00665.00,2020,O.Fe,Me.Fe,18700000.0,,,,
449,COM00665.00,2020,O.Fe,Nm.SiO2,18700000.0,,,,
450,COM00665.00,2020,O.Fe,,18700000.0,,,,
451,COM00668.00,2001,O.Au,Me.Au,26590000.0,,,filled,
451,COM00668.00,2002,O.Au,Me.Au,24490000.0,,,filled,
451,COM00668.00,2003,O.Au,Me.Au,22290000.0,,,filled,
451,COM00668.00,2004,O.Au,Me.Au,20090000.0,,,filled,
451,COM00668.00,2005,O.Au,Me.Au,18090000.0,,,filled,
451,COM00668.00,2006,O.Au,Me.Au,16090000.0,,,filled,
451,COM00668.00,2007,O.Au,Me.Au,14090000.0,,,filled,
451,COM00668.00,2008,O.Au,Me.Au,12290000.0,,,filled,
451,COM00668.00,2009,O.Au,Me.Au,10690000.0,,,filled,
451,COM00668.00,2010,O.Au,Me.Au,9190000.0,,,filled,
451,COM00668.00,2011,O.Au,Me.Au,7590000.0,,,filled,
451,COM00668.00,2012,O.Au,Me.Au,6090000.0,,,filled,
451,COM00668.00,2013,O.Au,Me.Au,5190000.0,,,filled,
451,COM00668.00,2014,O.Au,Me.Au,4190000.0,,,filled,
451,COM00668.00,2015,O.Au,Me.Au,3390000.0,,,filled,
451,COM00668.00,2016,O.Au,Me.Au,2690000.0,,,filled,
451,COM00668.00,2017,O.Au,Me.Au,2090000.0,10.2058283268,5.39,,
452,COM00668.00,2017,O.Au,Me.U,2090000.0,707.6040972000001,340.0,,
453,COM00670.00,2001,O.Fe,Me.Fe,313380000.0,,,filled,
453,COM00670.00,2002,O.Fe,Me.Fe,303942000.0,,,filled,
453,COM00670.00,2003,O.Fe,Me.Fe,299673000.0,,,filled,
453,COM00670.00,2004,O.Fe,Me.Fe,291301000.0,,,filled,
453,COM00670.00,2005,O.Fe,Me.Fe,281098000.0,,,filled,
453,COM00670.00,2006,O.Fe,Me.Fe,269765000.0,,,filled,
453,COM00670.00,2007,O.Fe,Me.Fe,258126000.0,,,filled,
453,COM00670.00,2008,O.Fe,Me.Fe,245331000.0,,,filled,
453,COM00670.00,2009,O.Fe,Me.Fe,233608000.0,,,filled,
453,COM00670.00,2010,O.Fe,Me.Fe,222308000.0,,,filled,
453,COM00670.00,2011,O.Fe,Me.Fe,211208000.0,,,filled,
453,COM00670.00,2012,O.Fe,Me.Fe,198408000.0,,,filled,
453,COM00670.00,2013,O.Fe,Me.Fe,185808000.0,,,filled,
453,COM00670.00,2014,O.Fe,Me.Fe,173208000.0,,,filled,
453,COM00670.00,2015,O.Fe,Me.Fe,164008000.0,,,filled,
453,COM00670.00,2016,O.Fe,Me.Fe,156208000.0,,,filled,
453,COM00670.00,2017,O.Fe,Me.Fe,148008000.0,,,filled,
453,COM00670.00,2018,O.Fe,Me.Fe,140008000.0,,,filled,
453,COM00670.00,2019,O.Fe,Me.Fe,133208000.0,,,filled,
453,COM00670.00,2020,O.Fe,Me.Fe,126708000.0,,,,
454,COM00672.00,2008,F.coc,,324290000.0,,,filled,
454,COM00672.00,2009,F.coc,,318790000.0,,,filled,
454,COM00672.00,2010,F.coc,,313090000.0,,,filled,
454,COM00672.00,2011,F.coc,,308890000.0,,,filled,
454,COM00672.00,2012,F.coc,,304854000.0,,,filled,
454,COM00672.00,2013,F.coc,,300954000.0,,,filled,
454,COM00672.00,2014,F.coc,,297454000.0,,,filled,
454,COM00672.00,2015,F.coc,,293754000.0,,,filled,
454,COM00672.00,2016,F.coc,,291225000.0,,,filled,
454,COM00672.00,2017,F.coc,,288965000.0,,,filled,
454,COM00672.00,2018,F.coc,,286738000.0,,,filled,
454,COM00672.00,2019,F.coc,,281811000.0,,,filled,
454,COM00672.00,2020,F.coc,,277000000.0,,,,
455,COM00675.00,2012,F.coal,,470250000.0,,,,
456,COM00676.00,2020,F.coal,,183961000.0,,,,
457,COM00680.00,2016,O.pgm,Me.pgm,83888000.0,,,filled,
457,COM00680.00,2017,O.pgm,Me.pgm,81156000.0,,,filled,
457,COM00680.00,2018,O.pgm,Me.pgm,73600000.0,188.69442595328,2.8,,
458,COM00681.00,2011,O.Fe,Me.Fe,827500000.0,,,filled,
458,COM00681.00,2012,O.Fe,Me.Fe,803000000.0,,,filled,
458,COM00681.00,2013,O.Fe,Me.Fe,778100000.0,,,filled,
458,COM00681.00,2014,O.Fe,Me.Fe,752600000.0,,,filled,
458,COM00681.00,2015,O.Fe,Me.Fe,727400000.0,,,filled,
458,COM00681.00,2016,O.Fe,Me.Fe,702900000.0,,,filled,
458,COM00681.00,2017,O.Fe,Me.Fe,681200000.0,,,filled,
458,COM00681.00,2018,O.Fe,Me.Fe,659200000.0,,,filled,
458,COM00681.00,2019,O.Fe,Me.Fe,636000000.0,,,,
459,COM00684.00,2008,O.Au,Me.Ag,19579000.0,,,filled,
459,COM00684.00,2009,O.Au,Me.Ag,19116000.0,,,filled,
459,COM00684.00,2010,O.Au,Me.Ag,18026000.0,,,filled,
459,COM00684.00,2011,O.Au,Me.Ag,16695000.0,,,filled,
459,COM00684.00,2012,O.Au,Me.Ag,15408000.0,,,filled,
459,COM00684.00,2013,O.Au,Me.Ag,14148000.0,,,filled,
459,COM00684.00,2014,O.Au,Me.Ag,12656000.0,,,filled,
459,COM00684.00,2015,O.Au,Me.Ag,10914000.0,,,filled,
459,COM00684.00,2016,O.Au,Me.Ag,9017000.0,,,filled,
459,COM00684.00,2017,O.Au,Me.Ag,7015000.0,,,filled,
459,COM00684.00,2018,O.Au,Me.Ag,5100000.0,428.1344963460001,92.1,,
460,COM00684.00,2018,O.Au,Me.Au,5100000.0,38.83884651,8.4,,
461,COM00689.00,2015,O.bulk,Me.Au,3639000.0,,,filled,
461,COM00689.00,2016,O.bulk,Me.Au,2906000.0,,,filled,
461,COM00689.00,2017,O.bulk,Me.Au,2109000.0,,,filled,
461,COM00689.00,2018,O.bulk,Me.Au,1300000.0,,,,
462,COM00689.00,2018,O.bulk,Me.Co,1300000.0,,,,
463,COM00689.00,2018,O.bulk,Me.Cu,1300000.0,,,,
464,COM00689.00,2018,O.bulk,Me.Ni,1300000.0,,,,
465,COM00689.00,2018,O.bulk,Me.Zn,1300000.0,,,,
466,COM00690.00,2018,O.bulk,Me.Zn,,732877.0,98200.0,,
467,COM00693.00,2018,O.sul,Me.Cu,3243851000.0,,,,
468,COM00693.00,2018,O.sul,Me.Mo,3243851000.0,,,,
469,COM00694.00,2003,O.Au,Me.Ag,48702000.0,,,filled,
469,COM00694.00,2004,O.Au,Me.Ag,44058000.0,,,filled,
469,COM00694.00,2005,O.Au,Me.Ag,40289000.0,,,filled,
469,COM00694.00,2006,O.Au,Me.Ag,36839000.0,,,filled,
469,COM00694.00,2007,O.Au,Me.Ag,34088000.0,,,filled,
469,COM00694.00,2008,O.Au,Me.Ag,30314000.0,,,filled,
469,COM00694.00,2009,O.Au,Me.Ag,27964000.0,,,filled,
469,COM00694.00,2010,O.Au,Me.Ag,24800000.0,,,filled,
469,COM00694.00,2011,O.Au,Me.Ag,20815000.0,,,filled,
469,COM00694.00,2012,O.Au,Me.Ag,18678000.0,,,filled,
469,COM00694.00,2018,O.Au,Me.Ag,15689000.0,1031.327297217,72.1,,
470,COM00694.00,2018,O.Au,Me.Au,15689000.0,23.955346935,1.7,,
471,COM00695.00,2002,O.bulk,Me.Ag,15286053.0,,,filled,
471,COM00695.00,2003,O.bulk,Me.Ag,15235391.0,,,filled,
471,COM00695.00,2004,O.bulk,Me.Ag,15136276.0,,,filled,
471,COM00695.00,2005,O.bulk,Me.Ag,14965121.0,,,filled,
471,COM00695.00,2006,O.bulk,Me.Ag,14753267.0,,,filled,
471,COM00695.00,2007,O.bulk,Me.Ag,14519524.0,,,filled,
471,COM00695.00,2008,O.bulk,Me.Ag,14188457.0,,,filled,
471,COM00695.00,2009,O.bulk,Me.Ag,13810613.0,,,filled,
471,COM00695.00,2010,O.bulk,Me.Ag,13485697.0,,,filled,
471,COM00695.00,2011,O.bulk,Me.Ag,13140000.0,,,filled,
471,COM00695.00,2012,O.bulk,Me.Ag,12735000.0,,,filled,
471,COM00695.00,2013,O.bulk,Me.Ag,12315000.0,,,filled,
471,COM00695.00,2014,O.bulk,Me.Ag,11866000.0,,,filled,
471,COM00695.00,2015,O.bulk,Me.Ag,11395000.0,,,filled,
471,COM00695.00,2016,O.bulk,Me.Ag,10910000.0,,,filled,
471,COM00695.00,2017,O.bulk,Me.Ag,10381000.0,,,filled,
471,COM00695.00,2018,O.bulk,Me.Ag,9726000.0,,,filled,
471,COM00695.00,2019,O.bulk,Me.Ag,9000000.0,,,,
472,COM00695.00,2019,O.bulk,Me.Au,9000000.0,,,,
473,COM00695.00,2019,O.bulk,Me.Pb,9000000.0,,,,
474,COM00695.00,2019,O.bulk,Me.Zn,9000000.0,,,,
475,COM00696.00,2014,O.bulk,Me.Ag,48506789.0,,,filled,
475,COM00696.00,2015,O.bulk,Me.Ag,43733599.0,,,filled,
475,COM00696.00,2016,O.bulk,Me.Ag,38362180.0,,,filled,
475,COM00696.00,2017,O.bulk,Me.Ag,32524776.0,,,filled,
475,COM00696.00,2018,O.bulk,Me.Ag,26559526.0,,,filled,
475,COM00696.00,2019,O.bulk,Me.Ag,20432000.0,48.732830037,2.62,,
476,COM00696.00,2019,O.bulk,Me.Au,20432000.0,13.89126627,0.75,,
477,COM00697.00,2018,O.Fe,Me.Fe,21900000.0,,,,
478,COM00698.00,2013,O.Au,Me.Au,18534299.105240732,10.267189838091182,0.59533998573,,
479,COM00698.00,2010,O.bulk,Me.Ag,69146626.0,,,filled,
479,COM00698.00,2011,O.bulk,Me.Ag,69082579.0,,,filled,
479,COM00698.00,2012,O.bulk,Me.Ag,60674180.0,,,filled,
479,COM00698.00,2013,O.bulk,Me.Ag,51392481.0,,,filled,
479,COM00698.00,2014,O.bulk,Me.Ag,42353920.0,,,filled,
479,COM00698.00,2015,O.bulk,Me.Ag,34852266.0,,,filled,
479,COM00698.00,2016,O.bulk,Me.Ag,26275652.0,,,filled,
479,COM00698.00,2017,O.bulk,Me.Ag,16958000.0,,,filled,
479,COM00698.00,2018,O.bulk,Me.Ag,6263058.0,,,filled,
479,COM00698.00,2019,O.bulk,Me.Ag,560177.0,,,,
480,COM00698.00,2019,O.bulk,Me.Au,560177.0,,,,
481,COM00699.00,2005,O.Au,Me.Ag,138272000.0,,,filled,
481,COM00699.00,2014,O.Au,Me.Ag,124003000.0,,,filled,
481,COM00699.00,2015,O.Au,Me.Ag,101893000.0,,,filled,
481,COM00699.00,2016,O.Au,Me.Ag,80013000.0,,,filled,
481,COM00699.00,2017,O.Au,Me.Ag,62760000.0,,,filled,
481,COM00699.00,2018,O.Au,Me.Ag,44886000.0,253.44473562,6.19,,
482,COM00699.00,2018,O.Au,Me.Au,44886000.0,112.037314896,2.74,,
483,COM00701.00,2013,O.bulk,Me.Ag,19201771.0,,,filled,
483,COM00701.00,2014,O.bulk,Me.Ag,18801181.0,,,filled,
483,COM00701.00,2015,O.bulk,Me.Ag,18249298.0,,,filled,
483,COM00701.00,2016,O.bulk,Me.Ag,17315021.0,,,filled,
483,COM00701.00,2017,O.bulk,Me.Ag,16228659.0,,,filled,
483,COM00701.00,2018,O.bulk,Me.Ag,14935241.0,,,filled,
483,COM00701.00,2019,O.bulk,Me.Ag,13675000.0,,,,
484,COM00701.00,2019,O.bulk,Me.Au,13675000.0,,,,
485,COM00701.00,2019,O.bulk,Me.Cu,13675000.0,,,,
486,COM00701.00,2019,O.bulk,Me.Zn,13675000.0,,,,
487,COM00707.00,2000,O.bulk,Me.Ag,59053647.0,,,filled,
487,COM00707.00,2001,O.bulk,Me.Ag,57637759.0,,,filled,
487,COM00707.00,2002,O.bulk,Me.Ag,55832510.0,,,filled,
487,COM00707.00,2003,O.bulk,Me.Ag,53869381.0,,,filled,
487,COM00707.00,2004,O.bulk,Me.Ag,51420801.0,,,filled,
487,COM00707.00,2005,O.bulk,Me.Ag,48720151.0,,,filled,
487,COM00707.00,2006,O.bulk,Me.Ag,46048340.0,,,filled,
487,COM00707.00,2007,O.bulk,Me.Ag,43375260.0,,,filled,
487,COM00707.00,2008,O.bulk,Me.Ag,40701797.0,,,filled,
487,COM00707.00,2009,O.bulk,Me.Ag,38063106.0,,,filled,
487,COM00707.00,2010,O.bulk,Me.Ag,35517275.0,,,filled,
487,COM00707.00,2011,O.bulk,Me.Ag,32925023.0,,,filled,
487,COM00707.00,2012,O.bulk,Me.Ag,30518681.0,,,filled,
487,COM00707.00,2013,O.bulk,Me.Ag,28160182.0,,,filled,
487,COM00707.00,2014,O.bulk,Me.Ag,25841050.0,,,filled,
487,COM00707.00,2015,O.bulk,Me.Ag,23755750.0,,,filled,
487,COM00707.00,2016,O.bulk,Me.Ag,21514326.0,,,filled,
487,COM00707.00,2017,O.bulk,Me.Ag,19274182.0,,,filled,
487,COM00707.00,2018,O.bulk,Me.Ag,17028068.0,,,filled,
487,COM00707.00,2019,O.bulk,Me.Ag,14920000.0,249.305705262,18.33,,
488,COM00707.00,2019,O.bulk,Me.Au,14920000.0,81.873422424,6.02,,
489,COM00707.00,2019,O.bulk,Me.Cu,14920000.0,1109.912174973,2600.0,,
490,COM00707.00,2019,O.bulk,Me.Zn,14920000.0,3391.623533628,8000.0,,
491,COM00708.00,2018,O.bulk,Me.Ag,1047300000.0,,,,
492,COM00708.00,2018,O.bulk,Me.Au,1045000000.0,,,,
493,COM00708.00,2018,O.bulk,Me.Cu,1047300000.0,,,,
494,COM00708.00,2018,O.bulk,Me.Mo,1047300000.0,,,,
495,COM00711.00,2009,F.coal,,181700000.0,,,filled,
495,COM00711.00,2010,F.coal,,173600000.0,,,filled,
495,COM00711.00,2011,F.coal,,163200000.0,,,filled,
495,COM00711.00,2012,F.coal,,152400000.0,,,filled,
495,COM00711.00,2013,F.coal,,141700000.0,,,filled,
495,COM00711.00,2014,F.coal,,131300000.0,,,filled,
495,COM00711.00,2015,F.coal,,121400000.0,,,filled,
495,COM00711.00,2016,F.coal,,111700000.0,,,filled,
495,COM00711.00,2017,F.coal,,101600000.0,,,filled,
495,COM00711.00,2018,F.coal,,89200000.0,,,filled,
495,COM00711.00,2019,F.coal,,77000000.0,,,,
496,COM00712.00,2002,O.Au,Me.Au,6241000.0,,,filled,
496,COM00712.00,2003,O.Au,Me.Au,5523000.0,,,filled,
496,COM00712.00,2004,O.Au,Me.Au,4717000.0,,,filled,
496,COM00712.00,2005,O.Au,Me.Au,3851000.0,,,filled,
496,COM00712.00,2012,O.Au,Me.Au,2963000.0,10.971265401,3.71378753003,,
497,COM00715.00,2014,F.coc,,58695840.0,,,filled,
497,COM00715.00,2015,F.coc,,56246400.0,,,filled,
497,COM00715.00,2016,F.coc,,53615520.0,,,filled,
497,COM00715.00,2017,F.coc,,49896000.0,,,filled,
497,COM00715.00,2018,F.coc,,46992960.0,,,filled,
497,COM00715.00,2019,F.coc,,43817760.0,,,,
498,COM00716.00,2000,F.coc,,52481401.0,,,filled,
498,COM00716.00,2003,F.coc,,52067718.0,,,filled,
498,COM00716.00,2004,F.coc,,51796314.0,,,filled,
498,COM00716.00,2005,F.coc,,51564580.0,,,filled,
498,COM00716.00,2006,F.coc,,51453590.0,,,filled,
498,COM00716.00,2007,F.coc,,51400607.0,,,filled,
498,COM00716.00,2008,F.coc,,50782065.0,,,filled,
498,COM00716.00,2009,F.coc,,49868129.0,,,filled,
498,COM00716.00,2010,F.coc,,48627445.0,,,filled,
498,COM00716.00,2011,F.coc,,47453538.0,,,filled,
498,COM00716.00,2012,F.coc,,46448640.0,,,filled,
498,COM00716.00,2013,F.coc,,45360000.0,,,filled,
498,COM00716.00,2014,F.coc,,44452800.0,,,filled,
498,COM00716.00,2015,F.coc,,43454880.0,,,filled,
498,COM00716.00,2016,F.coc,,42638400.0,,,filled,
498,COM00716.00,2017,F.coc,,41640480.0,,,filled,
498,COM00716.00,2018,F.coc,,40279680.0,,,filled,
498,COM00716.00,2019,F.coc,,39191040.0,,,,
499,COM00719.00,2019,O.Ni,Me.Ni,9400000.0,,,,
500,COM00721.00,2009,O.Au,Me.Au,56144075.0,,,filled,
500,COM00721.00,2010,O.Au,Me.Au,55467325.0,,,filled,
500,COM00721.00,2011,O.Au,Me.Au,54845395.0,,,filled,
500,COM00721.00,2012,O.Au,Me.Au,54132030.0,,,filled,
500,COM00721.00,2013,O.Au,Me.Au,53012355.0,,,filled,
500,COM00721.00,2014,O.Au,Me.Au,51846355.0,,,filled,
500,COM00721.00,2015,O.Au,Me.Au,50563355.0,,,filled,
500,COM00721.00,2016,O.Au,Me.Au,49204355.0,,,filled,
500,COM00721.00,2017,O.Au,Me.Au,48280355.0,,,filled,
500,COM00721.00,2018,O.Au,Me.Au,47490355.0,,,filled,
500,COM00721.00,2019,O.Au,Me.Au,46811355.0,,,filled,
500,COM00721.00,2020,O.Au,Me.Au,45783000.0,96.700222953,2.3273463949500908,,
501,COM00725.00,2012,O.Au,Me.Au,447295000.0,,,filled,
501,COM00725.00,2013,O.Au,Me.Au,415995000.0,,,filled,
501,COM00725.00,2014,O.Au,Me.Au,386390000.0,,,filled,
501,COM00725.00,2015,O.Au,Me.Au,370224000.0,,,filled,
501,COM00725.00,2016,O.Au,Me.Au,363602000.0,,,filled,
501,COM00725.00,2017,O.Au,Me.Au,343389000.0,,,filled,
501,COM00725.00,2018,O.Au,Me.Au,330000000.0,680.3885551200001,2.3,,
502,COM00729.00,2003,O.bulk,Me.Pb,16276500.0,,,filled,
502,COM00729.00,2004,O.bulk,Me.Pb,14754500.0,,,filled,
502,COM00729.00,2005,O.bulk,Me.Pb,13279500.0,,,filled,
502,COM00729.00,2006,O.bulk,Me.Pb,11752500.0,,,filled,
502,COM00729.00,2007,O.bulk,Me.Pb,10146600.0,,,filled,
502,COM00729.00,2008,O.bulk,Me.Pb,8561900.0,,,filled,
502,COM00729.00,2009,O.bulk,Me.Pb,7000000.0,,,,
503,COM00729.00,2009,O.bulk,Me.Zn,7000000.0,,,,
502,COM00729.00,2010,O.bulk,Me.Pb,5412000.0,,,filled,
502,COM00729.00,2011,O.bulk,Me.Pb,5100734.0,,,filled,
502,COM00729.00,2012,O.bulk,Me.Pb,3536497.0,,,filled,
502,COM00729.00,2013,O.bulk,Me.Pb,1891960.0,,,filled,
502,COM00729.00,2014,O.bulk,Me.Pb,490219.0,,,filled,
502,COM00729.00,2015,O.bulk,Me.Pb,-884850.0,,,filled,
502,COM00729.00,2016,O.bulk,Me.Pb,-1734468.0,,,filled,
504,COM00732.00,2019,O.Fe,Me.Fe,394000000.0,,,,
505,COM00733.00,2012,O.Au,Me.Au,164230000.0,170.890924644,1.14,,
506,COM00736.00,2003,O.Ni,Me.Ni,13245400.0,,,filled,
506,COM00736.00,2004,O.Ni,Me.Ni,12037400.0,,,filled,
506,COM00736.00,2005,O.Ni,Me.Ni,10772400.0,,,filled,
506,COM00736.00,2006,O.Ni,Me.Ni,9455400.0,,,filled,
506,COM00736.00,2007,O.Ni,Me.Ni,8131100.0,,,filled,
506,COM00736.00,2008,O.Ni,Me.Ni,6947900.0,,,filled,
506,COM00736.00,2009,O.Ni,Me.Ni,6136900.0,,,filled,
506,COM00736.00,2010,O.Ni,Me.Ni,5314200.0,,,filled,
506,COM00736.00,2011,O.Ni,Me.Ni,4600000.0,,,,
506,COM00736.00,2012,O.Ni,Me.Ni,4167100.0,,,filled,
507,COM00738.00,2000,F.coal,,42819840.0,,,filled,
507,COM00738.00,2001,F.coal,,40733280.0,,,filled,
507,COM00738.00,2002,F.coal,,38193120.0,,,filled,
507,COM00738.00,2003,F.coal,,35834400.0,,,filled,
507,COM00738.00,2004,F.coal,,33384960.0,,,filled,
507,COM00738.00,2005,F.coal,,30754080.0,,,filled,
507,COM00738.00,2006,F.coal,,28395360.0,,,filled,
507,COM00738.00,2007,F.coal,,26127360.0,,,filled,
507,COM00738.00,2008,F.coal,,23950080.0,,,filled,
507,COM00738.00,2009,F.coal,,21500640.0,,,filled,
507,COM00738.00,2010,F.coal,,19504800.0,,,filled,
507,COM00738.00,2011,F.coal,,17599680.0,,,filled,
507,COM00738.00,2012,F.coal,,15422400.0,,,filled,
507,COM00738.00,2013,F.coal,,13608000.0,,,filled,
507,COM00738.00,2014,F.coal,,11793600.0,,,filled,
507,COM00738.00,2015,F.coal,,10069920.0,,,filled,
507,COM00738.00,2016,F.coal,,8618400.0,,,,
508,COM00739.00,2016,O.Au,Me.Au,22247741.0,,,filled,
508,COM00739.00,2017,O.Au,Me.Au,21600000.0,30.333989610000003,1.38912663337,,
508,COM00739.00,2018,O.Au,Me.Au,16751016.0,,,filled,
509,COM00744.00,2003,O.Cu,Me.Cu,2937294800.0,,,filled,
509,COM00744.00,2004,O.Cu,Me.Cu,2892717800.0,,,filled,
509,COM00744.00,2005,O.Cu,Me.Cu,2842535800.0,,,filled,
509,COM00744.00,2006,O.Cu,Me.Cu,2792453800.0,,,filled,
509,COM00744.00,2007,O.Cu,Me.Cu,2734569600.0,,,filled,
509,COM00744.00,2008,O.Cu,Me.Cu,2672322300.0,,,filled,
509,COM00744.00,2009,O.Cu,Me.Cu,2615268300.0,,,filled,
509,COM00744.00,2010,O.Cu,Me.Cu,2574783700.0,,,filled,
509,COM00744.00,2011,O.Cu,Me.Cu,2511495700.0,,,filled,
509,COM00744.00,2012,O.Cu,Me.Cu,2454392600.0,,,filled,
509,COM00744.00,2013,O.Cu,Me.Cu,2386771900.0,,,filled,
509,COM00744.00,2014,O.Cu,Me.Cu,2312612400.0,,,filled,
509,COM00744.00,2015,O.Cu,Me.Cu,2228710100.0,,,filled,
509,COM00744.00,2016,O.Cu,Me.Cu,2139199000.0,,,filled,
509,COM00744.00,2018,O.Cu,Me.Cu,2053900000.0,9489000.0,4591.917814888749,,
510,COM00745.00,2011,O.Fe,Me.Fe,510766000.0,,,filled,
510,COM00745.00,2012,O.Fe,Me.Fe,500203000.0,,,filled,
510,COM00745.00,2013,O.Fe,Me.Fe,489867000.0,,,filled,
510,COM00745.00,2014,O.Fe,Me.Fe,479117000.0,,,filled,
510,COM00745.00,2015,O.Fe,Me.Fe,465504000.0,,,filled,
510,COM00745.00,2016,O.Fe,Me.Fe,451559000.0,,,filled,
510,COM00745.00,2017,O.Fe,Me.Fe,437755000.0,,,filled,
510,COM00745.00,2018,O.Fe,Me.Fe,424677000.0,,,filled,
510,COM00745.00,2019,O.Fe,Me.Fe,413613000.0,,,filled,
510,COM00745.00,2020,O.Fe,Me.Fe,407800000.0,,,,
511,COM00747.00,2000,O.Cu,Me.Au,2064654000.0,,,filled,
511,COM00747.00,2001,O.Cu,Me.Au,2030672500.0,,,filled,
511,COM00747.00,2002,O.Cu,Me.Au,1992457000.0,,,filled,
511,COM00747.00,2003,O.Cu,Me.Au,1952124500.0,,,filled,
511,COM00747.00,2004,O.Cu,Me.Au,1910770000.0,,,filled,
511,COM00747.00,2005,O.Cu,Me.Au,1864816500.0,,,filled,
511,COM00747.00,2006,O.Cu,Me.Au,1818060000.0,,,filled,
511,COM00747.00,2007,O.Cu,Me.Au,1771559000.0,,,filled,
511,COM00747.00,2008,O.Cu,Me.Au,1725459500.0,,,filled,
511,COM00747.00,2009,O.Cu,Me.Au,1675527500.0,,,filled,
511,COM00747.00,2010,O.Cu,Me.Au,1628369500.0,,,filled,
511,COM00747.00,2011,O.Cu,Me.Au,1570188500.0,,,filled,
511,COM00747.00,2012,O.Cu,Me.Au,1505729500.0,,,filled,
511,COM00747.00,2013,O.Cu,Me.Au,1439920000.0,,,filled,
511,COM00747.00,2014,O.Cu,Me.Au,1375242000.0,,,filled,
511,COM00747.00,2015,O.Cu,Me.Au,1310892500.0,,,filled,
511,COM00747.00,2016,O.Cu,Me.Au,1249499500.0,,,filled,
511,COM00747.00,2017,O.Cu,Me.Au,1192705500.0,,,filled,
511,COM00747.00,2018,O.Cu,Me.Au,1133721500.0,,,filled,
511,COM00747.00,2019,O.Cu,Me.Au,1072000000.0,,,,
512,COM00747.00,2019,O.Cu,Me.Cu,1072000000.0,,,,
513,COM00747.00,2019,O.Cu,Me.Mo,1072000000.0,,,,
514,COM00748.00,2018,O.Au,Me.Au,,238.135994292,,,
515,COM00751.00,2013,O.Cu,Me.Cu,49438000.0,,,filled,
515,COM00751.00,2014,O.Cu,Me.Cu,48438000.0,,,filled,
515,COM00751.00,2015,O.Cu,Me.Cu,46999000.0,,,filled,
515,COM00751.00,2016,O.Cu,Me.Cu,45400000.0,,,,
515,COM00751.00,2017,O.Cu,Me.Cu,44395000.0,,,filled,
516,COM00754.00,2018,O.Cu,Me.Cu,374596000.0,2062756.661812,5510.0,,
517,COM00755.00,2002,O.Al,Me.Al2O3,11287000.0,,,filled,
517,COM00755.00,2003,O.Al,Me.Al2O3,11287000.0,,,filled,
517,COM00755.00,2004,O.Al,Me.Al2O3,11287000.0,,,filled,
517,COM00755.00,2005,O.Al,Me.Al2O3,11024000.0,,,filled,
517,COM00755.00,2008,O.Al,Me.Al2O3,10805000.0,,,filled,
517,COM00755.00,2009,O.Al,Me.Al2O3,10053000.0,,,filled,
517,COM00755.00,2010,O.Al,Me.Al2O3,9331800.0,,,filled,
517,COM00755.00,2011,O.Al,Me.Al2O3,8381800.0,,,filled,
517,COM00755.00,2012,O.Al,Me.Al2O3,7646800.0,,,filled,
517,COM00755.00,2013,O.Al,Me.Al2O3,7067000.0,,,filled,
517,COM00755.00,2014,O.Al,Me.Al2O3,6354000.0,,,filled,
517,COM00755.00,2015,O.Al,Me.Al2O3,5686000.0,,,filled,
517,COM00755.00,2016,O.Al,Me.Al2O3,4758000.0,,,filled,
517,COM00755.00,2017,O.Al,Me.Al2O3,3769000.0,,,filled,
517,COM00755.00,2018,O.Al,Me.Al2O3,2990000.0,,,filled,
517,COM00755.00,2019,O.Al,Me.Al2O3,2530000.0,,,,
518,COM00755.00,2019,O.Al,Nm.SiO2,2530000.0,,,,
519,COM00758.00,2002,O.Au,Me.Au,124657744.0,,,filled,
519,COM00758.00,2003,O.Au,Me.Au,120765503.0,,,filled,
519,COM00758.00,2004,O.Au,Me.Au,116501757.0,,,filled,
519,COM00758.00,2005,O.Au,Me.Au,112203976.0,,,filled,
519,COM00758.00,2006,O.Au,Me.Au,107555073.0,,,filled,
519,COM00758.00,2007,O.Au,Me.Au,101876878.0,,,filled,
519,COM00758.00,2008,O.Au,Me.Au,96312005.0,,,filled,
519,COM00758.00,2009,O.Au,Me.Au,90766997.0,,,filled,
519,COM00758.00,2010,O.Au,Me.Au,85131460.0,,,filled,
519,COM00758.00,2011,O.Au,Me.Au,79672853.0,,,filled,
519,COM00758.00,2012,O.Au,Me.Au,73855852.0,,,filled,
519,COM00758.00,2013,O.Au,Me.Au,68066597.0,,,filled,
519,COM00758.00,2014,O.Au,Me.Au,62254729.0,,,filled,
519,COM00758.00,2015,O.Au,Me.Au,56585000.0,,,filled,
519,COM00758.00,2016,O.Au,Me.Au,50977000.0,,,filled,
519,COM00758.00,2017,O.Au,Me.Au,46006000.0,,,filled,
519,COM00758.00,2018,O.Au,Me.Au,40934000.0,,,filled,
519,COM00758.00,2019,O.Au,Me.Au,34620000.0,31.184475443,0.98683997689197,,
520,COM00759.00,2004,F.stc,,84943600.0,,,filled,
520,COM00759.00,2005,F.stc,,84301600.0,,,filled,
520,COM00759.00,2006,F.stc,,82186400.0,,,filled,
520,COM00759.00,2007,F.stc,,80747600.0,,,filled,
520,COM00759.00,2008,F.stc,,79233200.0,,,filled,
520,COM00759.00,2009,F.stc,,75886400.0,,,filled,
520,COM00759.00,2010,F.stc,,71460800.0,,,filled,
520,COM00759.00,2011,F.stc,,66565400.0,,,filled,
520,COM00759.00,2012,F.stc,,61939200.0,,,filled,
520,COM00759.00,2013,F.stc,,58331000.0,,,filled,
520,COM00759.00,2014,F.stc,,54680200.0,,,filled,
520,COM00759.00,2015,F.stc,,51329400.0,,,filled,
520,COM00759.00,2016,F.stc,,48444400.0,,,filled,
520,COM00759.00,2017,F.stc,,44926400.0,,,filled,
520,COM00759.00,2018,F.stc,,41804200.0,,,filled,
520,COM00759.00,2019,F.stc,,39515000.0,,,filled,
520,COM00759.00,2020,F.stc,,35900000.0,,,,
521,COM00762.00,2006,O.Al,Me.Al2O3,10215455.0,,,filled,
521,COM00762.00,2007,O.Al,Me.Al2O3,9650154.0,,,filled,
521,COM00762.00,2008,O.Al,Me.Al2O3,8984659.0,,,filled,
521,COM00762.00,2009,O.Al,Me.Al2O3,8355734.0,,,filled,
521,COM00762.00,2010,O.Al,Me.Al2O3,7784312.0,,,filled,
521,COM00762.00,2011,O.Al,Me.Al2O3,7297883.0,,,filled,
521,COM00762.00,2012,O.Al,Me.Al2O3,6733275.0,,,filled,
521,COM00762.00,2013,O.Al,Me.Al2O3,6113082.0,,,filled,
521,COM00762.00,2014,O.Al,Me.Al2O3,5882945.0,,,filled,
521,COM00762.00,2015,O.Al,Me.Al2O3,5882945.0,,,filled,
521,COM00762.00,2016,O.Al,Me.Al2O3,5882945.0,,,filled,
521,COM00762.00,2017,O.Al,Me.Al2O3,5882490.0,,,filled,
521,COM00762.00,2018,O.Al,Me.Al2O3,5809320.0,,,filled,
521,COM00762.00,2019,O.Al,Me.Al2O3,5220000.0,,,,
522,COM00762.00,2019,O.Al,Nm.SiO2,5220000.0,,,,
523,COM00763.00,2012,O.bulk,Me.Ag,968244.0,,,filled,
523,COM00763.00,2013,O.bulk,Me.Ag,864674.0,,,filled,
523,COM00763.00,2014,O.bulk,Me.Ag,703107.0,,,filled,
523,COM00763.00,2015,O.bulk,Me.Ag,555049.0,,,filled,
523,COM00763.00,2016,O.bulk,Me.Ag,396925.0,,,filled,
523,COM00763.00,2017,O.bulk,Me.Ag,192890.0,,,,
524,COM00763.00,2017,O.bulk,Me.Au,192890.0,,,,
525,COM00763.00,2017,O.bulk,Me.Pb,192890.0,,,,
526,COM00763.00,2017,O.bulk,Me.Zn,192890.0,,,,
523,COM00763.00,2018,O.bulk,Me.Ag,100440.0,,,filled,
527,COM00769.00,2003,O.Cu,Me.Cu,163628500.0,,,filled,
527,COM00769.00,2004,O.Cu,Me.Cu,154809500.0,,,filled,
527,COM00769.00,2005,O.Cu,Me.Cu,145450500.0,,,filled,
527,COM00769.00,2006,O.Cu,Me.Cu,140113500.0,,,filled,
527,COM00769.00,2007,O.Cu,Me.Cu,133806200.0,,,filled,
527,COM00769.00,2008,O.Cu,Me.Cu,127943300.0,,,filled,
527,COM00769.00,2009,O.Cu,Me.Cu,122940300.0,,,filled,
527,COM00769.00,2010,O.Cu,Me.Cu,119580300.0,,,filled,
527,COM00769.00,2011,O.Cu,Me.Cu,113951400.0,,,filled,
527,COM00769.00,2012,O.Cu,Me.Cu,106327100.0,,,filled,
527,COM00769.00,2014,O.Cu,Me.Cu,99800000.0,,,,
528,COM00770.00,2003,O.Cu,Me.Cu,161470400.0,,,filled,
528,COM00770.00,2004,O.Cu,Me.Cu,155422400.0,,,filled,
528,COM00770.00,2005,O.Cu,Me.Cu,148394400.0,,,filled,
528,COM00770.00,2006,O.Cu,Me.Cu,144769400.0,,,filled,
528,COM00770.00,2007,O.Cu,Me.Cu,139889500.0,,,filled,
528,COM00770.00,2008,O.Cu,Me.Cu,134378400.0,,,filled,
528,COM00770.00,2009,O.Cu,Me.Cu,130078000.0,,,filled,
528,COM00770.00,2010,O.Cu,Me.Cu,126020000.0,,,filled,
528,COM00770.00,2011,O.Cu,Me.Cu,120783000.0,,,filled,
528,COM00770.00,2012,O.Cu,Me.Cu,110722900.0,,,filled,
528,COM00770.00,2013,O.Cu,Me.Cu,100080400.0,,,filled,
528,COM00770.00,2014,O.Cu,Me.Cu,91800000.0,,,,
528,COM00770.00,2015,O.Cu,Me.Cu,85855200.0,,,filled,
529,COM00771.00,2018,O.Fe,Me.Fe,300000.0,,,,
530,COM00773.00,2007,O.bulk,Me.Ag,55011175.0,,,filled,
530,COM00773.00,2008,O.bulk,Me.Ag,54941330.0,,,filled,
530,COM00773.00,2009,O.bulk,Me.Ag,54586337.0,,,filled,
530,COM00773.00,2010,O.bulk,Me.Ag,54201927.0,,,filled,
530,COM00773.00,2011,O.bulk,Me.Ag,53255268.0,,,filled,
530,COM00773.00,2012,O.bulk,Me.Ag,51293509.0,,,filled,
530,COM00773.00,2013,O.bulk,Me.Ag,49440199.0,,,filled,
530,COM00773.00,2014,O.bulk,Me.Ag,47559509.0,,,filled,
530,COM00773.00,2015,O.bulk,Me.Ag,44785771.0,,,filled,
530,COM00773.00,2016,O.bulk,Me.Ag,42823144.0,,,filled,
530,COM00773.00,2017,O.bulk,Me.Ag,40225218.0,,,filled,
530,COM00773.00,2018,O.bulk,Me.Ag,37707545.0,,,filled,
530,COM00773.00,2019,O.bulk,Me.Ag,34503283.0,,,,
531,COM00773.00,2019,O.bulk,Me.Au,34503283.0,,,,
532,COM00773.00,2019,O.bulk,Me.Cu,34503283.0,,,,
533,COM00774.00,2000,O.Fe,Me.Fe,3668600000.0,,,filled,
533,COM00774.00,2001,O.Fe,Me.Fe,3645100000.0,,,filled,
533,COM00774.00,2002,O.Fe,Me.Fe,3625000000.0,,,filled,
533,COM00774.00,2003,O.Fe,Me.Fe,3605100000.0,,,filled,
533,COM00774.00,2004,O.Fe,Me.Fe,3582700000.0,,,filled,
533,COM00774.00,2005,O.Fe,Me.Fe,3563700000.0,,,filled,
533,COM00774.00,2006,O.Fe,Me.Fe,3538200000.0,,,filled,
533,COM00774.00,2007,O.Fe,Me.Fe,3508600000.0,,,filled,
533,COM00774.00,2008,O.Fe,Me.Fe,3475500000.0,,,filled,
533,COM00774.00,2009,O.Fe,Me.Fe,3439400000.0,,,filled,
533,COM00774.00,2010,O.Fe,Me.Fe,3410500000.0,,,filled,
533,COM00774.00,2011,O.Fe,Me.Fe,3373800000.0,,,filled,
533,COM00774.00,2012,O.Fe,Me.Fe,3334800000.0,,,filled,
533,COM00774.00,2013,O.Fe,Me.Fe,3297600000.0,,,filled,
533,COM00774.00,2014,O.Fe,Me.Fe,3260000000.0,,,filled,
533,COM00774.00,2015,O.Fe,Me.Fe,3220600000.0,,,filled,
533,COM00774.00,2016,O.Fe,Me.Fe,3184500000.0,,,filled,
533,COM00774.00,2017,O.Fe,Me.Fe,3156100000.0,,,filled,
533,COM00774.00,2018,O.Fe,Me.Fe,3123000000.0,,,filled,
533,COM00774.00,2019,O.Fe,Me.Fe,3096300000.0,,,,
534,COM00775.00,2005,O.Au,Me.Au,280942000.0,,,filled,
534,COM00775.00,2006,O.Au,Me.Au,275142000.0,,,filled,
534,COM00775.00,2007,O.Au,Me.Au,260310000.0,,,filled,
534,COM00775.00,2008,O.Au,Me.Au,245977000.0,,,filled,
534,COM00775.00,2009,O.Au,Me.Au,231006000.0,,,filled,
534,COM00775.00,2010,O.Au,Me.Au,215907000.0,,,filled,
534,COM00775.00,2011,O.Au,Me.Au,200978000.0,,,filled,
534,COM00775.00,2012,O.Au,Me.Au,185584000.0,122.271492699,0.72,,
534,COM00775.00,2013,O.Au,Me.Au,167348000.0,,,filled,
534,COM00775.00,2014,O.Au,Me.Au,150448000.0,,,filled,
534,COM00775.00,2015,O.Au,Me.Au,138187000.0,,,filled,
534,COM00775.00,2016,O.Au,Me.Au,132128000.0,,,filled,
535,COM00776.00,2005,O.Au,Me.Au,394764799.3480348,,,filled,
535,COM00776.00,2006,O.Au,Me.Au,386559552.3480348,,,filled,
535,COM00776.00,2007,O.Au,Me.Au,377895534.3480348,,,filled,
535,COM00776.00,2008,O.Au,Me.Au,368621171.3480348,,,filled,
535,COM00776.00,2009,O.Au,Me.Au,358926568.3480348,,,filled,
535,COM00776.00,2010,O.Au,Me.Au,346930916.3480348,,,filled,
535,COM00776.00,2011,O.Au,Me.Au,337691636.3480348,,,filled,
535,COM00776.00,2012,O.Au,Me.Au,324803480.3480348,0.139493602520252,0.4252428469500001,,
535,COM00776.00,2015,O.Au,Me.Au,304265480.3480348,,,filled,
535,COM00776.00,2016,O.Au,Me.Au,280652480.3480348,,,filled,
535,COM00776.00,2017,O.Au,Me.Au,255063480.3480348,,,filled,
535,COM00776.00,2018,O.Au,Me.Au,227537480.3480348,,,filled,
536,COM00776.00,2019,O.Au,Me.Au,228763000.0,102.34177803,0.49,,
537,COM00778.00,2019,F.coal,,17418240.0,,,,
538,COM00779.00,2020,O.Au,Me.Ag,,935.53426329,,,
539,COM00779.00,2020,O.Au,Me.Au,,121.902949459,,,
540,COM00783.00,2015,F.coal,,492842000.0,,,filled,
540,COM00783.00,2016,F.coal,,490228000.0,,,filled,
540,COM00783.00,2017,F.coal,,482402000.0,,,filled,
540,COM00783.00,2018,F.coal,,472673000.0,,,filled,
540,COM00783.00,2019,F.coal,,461720000.0,,,filled,
540,COM00783.00,2020,F.coal,,450000000.0,,,,
541,COM00784.00,2000,F.coal,,39191040.0,,,filled,
541,COM00784.00,2001,F.coal,,38465280.0,,,filled,
541,COM00784.00,2002,F.coal,,37467360.0,,,filled,
541,COM00784.00,2003,F.coal,,36288000.0,,,filled,
541,COM00784.00,2004,F.coal,,34836480.0,,,filled,
541,COM00784.00,2005,F.coal,,33112800.0,,,filled,
541,COM00784.00,2006,F.coal,,31661280.0,,,filled,
541,COM00784.00,2007,F.coal,,29937600.0,,,filled,
541,COM00784.00,2008,F.coal,,28304640.0,,,filled,
541,COM00784.00,2009,F.coal,,26762400.0,,,filled,
541,COM00784.00,2010,F.coal,,25401600.0,,,filled,
541,COM00784.00,2011,F.coal,,24131520.0,,,filled,
541,COM00784.00,2012,F.coal,,22770720.0,,,filled,
541,COM00784.00,2013,F.coal,,21591360.0,,,filled,
541,COM00784.00,2014,F.coal,,20412000.0,,,filled,
541,COM00784.00,2015,F.coal,,18960480.0,,,filled,
541,COM00784.00,2016,F.coal,,17599680.0,,,filled,
541,COM00784.00,2017,F.coal,,16511040.0,,,filled,
541,COM00784.00,2018,F.coal,,15240960.0,,,filled,
541,COM00784.00,2019,F.coal,,14061600.0,,,,
542,COM00785.00,2019,O.bulk,Me.Ag,98000000.0,,,,
543,COM00785.00,2019,O.bulk,Me.Pb,98000000.0,,,,
544,COM00785.00,2019,O.bulk,Me.Zn,98000000.0,,,,
545,COM00786.00,2019,O.Au,Me.Au,26112000.0,94.12041636,3.96,,
546,COM00787.00,2018,O.Au,Me.Au,292279000.0,209.077732125,0.7800000000000001,,
547,COM00789.00,2019,O.Au,Me.Au,20749000.0,115.297510041,6.1,,
548,COM00791.00,2016,O.Au,Me.Au,155338190.0,,,filled,
548,COM00791.00,2017,O.Au,Me.Au,148800000.0,150.06347508000002,1.02058283268,,
548,COM00791.00,2018,O.Au,Me.Au,133665182.0,,,filled,
548,COM00791.00,2019,O.Au,Me.Au,120993412.0,,,filled,
549,COM00793.00,2019,F.coal,,85400000.0,,,,
550,COM00794.00,2006,F.coc,,26399520.0,,,filled,
550,COM00794.00,2007,F.coc,,26036640.0,,,filled,
550,COM00794.00,2008,F.coc,,24675840.0,,,filled,
550,COM00794.00,2009,F.coc,,23315040.0,,,filled,
550,COM00794.00,2010,F.coc,,21954240.0,,,filled,
550,COM00794.00,2011,F.coc,,20502720.0,,,filled,
550,COM00794.00,2012,F.coc,,18869760.0,,,filled,
550,COM00794.00,2013,F.coc,,17236800.0,,,filled,
550,COM00794.00,2014,F.coc,,15876000.0,,,filled,
550,COM00794.00,2015,F.coc,,13608000.0,,,filled,
550,COM00794.00,2016,F.coc,,11702880.0,,,filled,
550,COM00794.00,2019,F.coc,,9979200.0,,,,
551,COM00795.00,2000,F.coal,,57970080.0,,,filled,
551,COM00795.00,2001,F.coal,,55611360.0,,,filled,
551,COM00795.00,2002,F.coal,,53161920.0,,,filled,
551,COM00795.00,2003,F.coal,,50531040.0,,,filled,
551,COM00795.00,2004,F.coal,,47537280.0,,,filled,
551,COM00795.00,2005,F.coal,,44634240.0,,,filled,
551,COM00795.00,2006,F.coal,,41640480.0,,,filled,
551,COM00795.00,2007,F.coal,,38646720.0,,,filled,
551,COM00795.00,2008,F.coal,,35743680.0,,,filled,
551,COM00795.00,2009,F.coal,,33112800.0,,,filled,
551,COM00795.00,2010,F.coal,,30844800.0,,,filled,
551,COM00795.00,2011,F.coal,,28304640.0,,,filled,
551,COM00795.00,2012,F.coal,,26036640.0,,,filled,
551,COM00795.00,2013,F.coal,,23768640.0,,,filled,
551,COM00795.00,2014,F.coal,,21591360.0,,,filled,
551,COM00795.00,2015,F.coal,,19867680.0,,,filled,
551,COM00795.00,2016,F.coal,,17962560.0,,,filled,
551,COM00795.00,2017,F.coal,,16148160.0,,,filled,
551,COM00795.00,2018,F.coal,,14243040.0,,,filled,
551,COM00795.00,2019,F.coal,,12156480.0,,,,
552,COM00801.00,2002,O.Al,Me.Al2O3,8560600.0,,,filled,
552,COM00801.00,2003,O.Al,Me.Al2O3,8560600.0,,,filled,
552,COM00801.00,2004,O.Al,Me.Al2O3,8558600.0,,,filled,
552,COM00801.00,2005,O.Al,Me.Al2O3,8558400.0,,,filled,
552,COM00801.00,2008,O.Al,Me.Al2O3,8351400.0,,,filled,
552,COM00801.00,2009,O.Al,Me.Al2O3,7536800.0,,,filled,
552,COM00801.00,2010,O.Al,Me.Al2O3,6395400.0,,,filled,
552,COM00801.00,2011,O.Al,Me.Al2O3,5654400.0,,,filled,
552,COM00801.00,2012,O.Al,Me.Al2O3,5344000.0,,,filled,
552,COM00801.00,2013,O.Al,Me.Al2O3,5078000.0,,,filled,
552,COM00801.00,2014,O.Al,Me.Al2O3,4665000.0,,,filled,
552,COM00801.00,2015,O.Al,Me.Al2O3,4307000.0,,,filled,
552,COM00801.00,2016,O.Al,Me.Al2O3,3866000.0,,,filled,
552,COM00801.00,2017,O.Al,Me.Al2O3,3413000.0,,,filled,
552,COM00801.00,2018,O.Al,Me.Al2O3,3005000.0,,,filled,
552,COM00801.00,2019,O.Al,Me.Al2O3,2600000.0,,,,
553,COM00801.00,2019,O.Al,Nm.SiO2,2600000.0,,,,
554,COM00802.00,2018,O.bulk,Me.Zn,,1469829.0,23900.0,,
555,COM00803.00,2015,F.stc,,89400000.0,,,filled,
555,COM00803.00,2016,F.stc,,83700000.0,,,filled,
555,COM00803.00,2017,F.stc,,79900000.0,,,filled,
555,COM00803.00,2018,F.stc,,76000000.0,,,,
556,COM00805.00,2013,O.bulk,Me.Ag,250000.0,79.94565486,325.45252553240005,,
557,COM00805.00,2013,O.bulk,Me.Au,250000.0,0.8504856900000001,2.63650565109,,
558,COM00806.00,2002,F.stc,,653837763.0,,,filled,
558,COM00806.00,2003,F.stc,,628575858.0,,,filled,
558,COM00806.00,2004,F.stc,,603611572.0,,,filled,
558,COM00806.00,2005,F.stc,,580325858.0,,,filled,
558,COM00806.00,2006,F.stc,,557171096.0,,,filled,
558,COM00806.00,2007,F.stc,,534756810.0,,,filled,
558,COM00806.00,2008,F.stc,,512458000.0,,,filled,
558,COM00806.00,2009,F.stc,,495455000.0,,,filled,
558,COM00806.00,2010,F.stc,,480648000.0,,,filled,
558,COM00806.00,2011,F.stc,,465945000.0,,,filled,
558,COM00806.00,2012,F.stc,,451617000.0,,,filled,
558,COM00806.00,2013,F.stc,,436769000.0,,,filled,
558,COM00806.00,2019,F.stc,,422100000.0,,,,
559,COM00807.00,2000,O.Fe,Me.Fe,117296000.0,,,filled,
559,COM00807.00,2001,O.Fe,Me.Fe,114181000.0,,,filled,
559,COM00807.00,2005,O.Fe,Me.Fe,113272000.0,,,filled,
559,COM00807.00,2006,O.Fe,Me.Fe,109672000.0,,,filled,
559,COM00807.00,2008,O.Fe,Me.Fe,106672000.0,,,filled,
559,COM00807.00,2009,O.Fe,Me.Fe,102212000.0,,,filled,
559,COM00807.00,2010,O.Fe,Me.Fe,97142000.0,,,filled,
559,COM00807.00,2011,O.Fe,Me.Fe,91112000.0,,,filled,
559,COM00807.00,2012,O.Fe,Me.Fe,85072000.0,,,filled,
559,COM00807.00,2013,O.Fe,Me.Fe,78187000.0,,,filled,
559,COM00807.00,2014,O.Fe,Me.Fe,69855000.0,,,filled,
559,COM00807.00,2015,O.Fe,Me.Fe,61900000.0,,,,
560,COM00807.00,2015,O.Fe,Nm.SiO2,61900000.0,,,,
561,COM00808.00,2016,F.coc,,51710400.0,,,filled,
561,COM00808.00,2017,F.coc,,47628000.0,,,filled,
561,COM00808.00,2018,F.coc,,43727040.0,,,filled,
561,COM00808.00,2019,F.coc,,39916800.0,,,,
562,COM00816.00,2016,O.pgm,Me.pgm,614582000.0,,,filled,
562,COM00816.00,2017,O.pgm,Me.pgm,613570000.0,,,filled,
562,COM00816.00,2018,O.pgm,Me.pgm,610800000.0,2191.36143890274,3.899999999999999,,
563,COM00817.00,2018,F.coal,,188500000.0,,,,
564,COM00818.00,2000,O.Fe,Me.Fe,1313900000.0,,,filled,
564,COM00818.00,2001,O.Fe,Me.Fe,1302100000.0,,,filled,
564,COM00818.00,2002,O.Fe,Me.Fe,1291700000.0,,,filled,
564,COM00818.00,2003,O.Fe,Me.Fe,1280400000.0,,,filled,
564,COM00818.00,2004,O.Fe,Me.Fe,1270400000.0,,,filled,
564,COM00818.00,2005,O.Fe,Me.Fe,1253000000.0,,,filled,
564,COM00818.00,2006,O.Fe,Me.Fe,1234700000.0,,,filled,
564,COM00818.00,2007,O.Fe,Me.Fe,1216100000.0,,,filled,
564,COM00818.00,2008,O.Fe,Me.Fe,1183500000.0,,,filled,
564,COM00818.00,2009,O.Fe,Me.Fe,1147400000.0,,,filled,
564,COM00818.00,2010,O.Fe,Me.Fe,1119700000.0,,,filled,
564,COM00818.00,2011,O.Fe,Me.Fe,1078200000.0,,,filled,
564,COM00818.00,2012,O.Fe,Me.Fe,1037000000.0,,,filled,
564,COM00818.00,2013,O.Fe,Me.Fe,996300000.0,,,filled,
564,COM00818.00,2014,O.Fe,Me.Fe,958500000.0,,,filled,
564,COM00818.00,2015,O.Fe,Me.Fe,924800000.0,,,filled,
564,COM00818.00,2016,O.Fe,Me.Fe,883500000.0,,,filled,
564,COM00818.00,2017,O.Fe,Me.Fe,842600000.0,,,filled,
564,COM00818.00,2018,O.Fe,Me.Fe,805000000.0,,,filled,
564,COM00818.00,2019,O.Fe,Me.Fe,769000000.0,,,,
565,COM00820.00,2014,O.Fe,Me.Fe,3206702800.0,,,filled,
565,COM00820.00,2015,O.Fe,Me.Fe,3206015100.0,,,filled,
565,COM00820.00,2016,O.Fe,Me.Fe,3196840900.0,,,filled,
565,COM00820.00,2018,O.Fe,Me.Fe,3180700000.0,,,,
566,COM00822.00,2008,O.bulk,Me.Ag,13323414.0,,,filled,
566,COM00822.00,2009,O.bulk,Me.Ag,12851616.0,,,filled,
566,COM00822.00,2010,O.bulk,Me.Ag,12133013.0,,,filled,
566,COM00822.00,2011,O.bulk,Me.Ag,11371627.0,,,filled,
566,COM00822.00,2012,O.bulk,Me.Ag,10523254.0,,,filled,
566,COM00822.00,2013,O.bulk,Me.Ag,9663301.0,,,filled,
566,COM00822.00,2014,O.bulk,Me.Ag,8865239.0,,,filled,
566,COM00822.00,2015,O.bulk,Me.Ag,8023754.0,,,filled,
566,COM00822.00,2016,O.bulk,Me.Ag,7165088.0,,,filled,
566,COM00822.00,2017,O.bulk,Me.Ag,6302956.0,,,filled,
566,COM00822.00,2018,O.bulk,Me.Ag,5501706.0,,,filled,
566,COM00822.00,2019,O.bulk,Me.Ag,4709000.0,88.592259375,20.6,,
567,COM00822.00,2019,O.bulk,Me.Au,4709000.0,12.75728535,2.98,,
568,COM00822.00,2019,O.bulk,Me.Zn,4709000.0,0.049441528,10500.0,,
569,COM00824.00,2018,O.bulk,Me.Cu,185000000.0,1700000.0,9100.0,,
570,COM00825.00,2019,O.Fe,Me.Fe,375580800.0,,,,
571,COM00826.00,2011,O.Fe,Me.Fe,200500000.0,,,filled,
571,COM00826.00,2012,O.Fe,Me.Fe,191800000.0,,,filled,
571,COM00826.00,2013,O.Fe,Me.Fe,182900000.0,,,filled,
571,COM00826.00,2014,O.Fe,Me.Fe,173900000.0,,,filled,
571,COM00826.00,2015,O.Fe,Me.Fe,165000000.0,,,filled,
571,COM00826.00,2016,O.Fe,Me.Fe,156100000.0,,,filled,
571,COM00826.00,2017,O.Fe,Me.Fe,147300000.0,,,filled,
571,COM00826.00,2018,O.Fe,Me.Fe,138600000.0,,,filled,
571,COM00826.00,2019,O.Fe,Me.Fe,130000000.0,,,,
572,COM00827.00,2007,O.bulk,Me.Ag,16111613.0,,,filled,
572,COM00827.00,2008,O.bulk,Me.Ag,15361613.0,,,filled,
572,COM00827.00,2009,O.bulk,Me.Ag,14203093.0,,,filled,
572,COM00827.00,2010,O.bulk,Me.Ag,13052005.0,,,filled,
572,COM00827.00,2011,O.bulk,Me.Ag,11557253.0,,,filled,
572,COM00827.00,2012,O.bulk,Me.Ag,10829000.0,,,filled,
572,COM00827.00,2013,O.bulk,Me.Ag,9886000.0,,,filled,
572,COM00827.00,2014,O.bulk,Me.Ag,7873000.0,,,filled,
572,COM00827.00,2015,O.bulk,Me.Ag,7055000.0,,,filled,
572,COM00827.00,2016,O.bulk,Me.Ag,6215000.0,,,filled,
572,COM00827.00,2017,O.bulk,Me.Ag,4463000.0,,,filled,
572,COM00827.00,2018,O.bulk,Me.Ag,3194000.0,,,filled,
572,COM00827.00,2019,O.bulk,Me.Ag,2363000.0,11.90679966,5.999999999999999,,
573,COM00827.00,2019,O.bulk,Me.Au,2363000.0,1.275728535,0.6,,
574,COM00827.00,2019,O.bulk,Me.Cu,2363000.0,40000.0,16800.0,,
575,COM00828.00,2010,M.lat,Me.Co,82730000.0,,,filled,
575,COM00828.00,2011,M.lat,Me.Co,79130000.0,,,filled,
575,COM00828.00,2012,M.lat,Me.Co,75540000.0,,,filled,
575,COM00828.00,2013,M.lat,Me.Co,72140000.0,,,filled,
575,COM00828.00,2014,M.lat,Me.Co,68940000.0,,,filled,
575,COM00828.00,2015,M.lat,Me.Co,65400000.0,,,filled,
575,COM00828.00,2016,M.lat,Me.Co,61930000.0,,,filled,
575,COM00828.00,2017,M.lat,Me.Co,58750000.0,,,filled,
575,COM00828.00,2018,M.lat,Me.Co,55310000.0,,,filled,
575,COM00828.00,2019,M.lat,Me.Co,51100000.0,66800.0,1300.0,,
576,COM00828.00,2019,M.lat,Me.Ni,51100000.0,595100.0,11600.0,,
577,COM00829.00,2006,O.Au,Me.Au,25330000.0,,,filled,
577,COM00829.00,2007,O.Au,Me.Au,25130000.0,,,filled,
577,COM00829.00,2008,O.Au,Me.Au,24830000.0,,,filled,
577,COM00829.00,2009,O.Au,Me.Au,24230000.0,,,filled,
577,COM00829.00,2010,O.Au,Me.Au,23430000.0,,,filled,
577,COM00829.00,2011,O.Au,Me.Au,22430000.0,,,filled,
577,COM00829.00,2012,O.Au,Me.Au,21530000.0,,,filled,
577,COM00829.00,2013,O.Au,Me.Au,20930000.0,,,filled,
577,COM00829.00,2014,O.Au,Me.Au,20230000.0,,,filled,
577,COM00829.00,2015,O.Au,Me.Au,19530000.0,,,filled,
577,COM00829.00,2016,O.Au,Me.Au,18630000.0,,,filled,
577,COM00829.00,2017,O.Au,Me.Au,17630000.0,138.0621776431,8.6,,
578,COM00829.00,2017,O.Au,Me.U,17630000.0,5488.467677,310.0,,
579,COM00830.00,2019,F.coal,,913800000.0,,,,
580,COM00831.00,2005,O.pgm,Me.pgm,78900000.0,,,filled,
580,COM00831.00,2006,O.pgm,Me.pgm,76440000.0,,,filled,
580,COM00831.00,2007,O.pgm,Me.pgm,73930000.0,,,filled,
580,COM00831.00,2008,O.pgm,Me.pgm,71610000.0,,,filled,
580,COM00831.00,2009,O.pgm,Me.pgm,69150000.0,,,filled,
580,COM00831.00,2010,O.pgm,Me.pgm,66690000.0,,,filled,
580,COM00831.00,2011,O.pgm,Me.pgm,64420000.0,,,filled,
580,COM00831.00,2012,O.pgm,Me.pgm,62120000.0,,,filled,
580,COM00831.00,2013,O.pgm,Me.pgm,59940000.0,,,filled,
580,COM00831.00,2014,O.pgm,Me.pgm,57610000.0,,,filled,
580,COM00831.00,2015,O.pgm,Me.pgm,55510000.0,,,filled,
580,COM00831.00,2016,O.pgm,Me.pgm,53650000.0,,,filled,
580,COM00831.00,2017,O.pgm,Me.pgm,51600000.0,,,filled,
580,COM00831.00,2018,O.pgm,Me.pgm,49590000.0,,,filled,
580,COM00831.00,2019,O.pgm,Me.pgm,47160000.0,186.5398621954,4.34,,
581,COM00832.00,2018,O.pgm,Me.pgm,1200300000.0,3345.2437293400003,3.06,,
582,COM00834.00,2011,O.Fe,Me.Fe,2897400000.0,,,filled,
582,COM00834.00,2012,O.Fe,Me.Fe,2854100000.0,,,filled,
582,COM00834.00,2013,O.Fe,Me.Fe,2807200000.0,,,filled,
582,COM00834.00,2014,O.Fe,Me.Fe,2748600000.0,,,filled,
582,COM00834.00,2015,O.Fe,Me.Fe,2681800000.0,,,filled,
582,COM00834.00,2016,O.Fe,Me.Fe,2611100000.0,,,filled,
582,COM00834.00,2017,O.Fe,Me.Fe,2542500000.0,,,filled,
582,COM00834.00,2018,O.Fe,Me.Fe,2475700000.0,,,filled,
582,COM00834.00,2019,O.Fe,Me.Fe,2405000000.0,,,,
583,COM00836.00,2011,F.stc,,359875000.0,,,filled,
583,COM00836.00,2012,F.stc,,352868000.0,,,filled,
583,COM00836.00,2013,F.stc,,345700000.0,,,filled,
583,COM00836.00,2014,F.stc,,339409000.0,,,filled,
583,COM00836.00,2015,F.stc,,333048000.0,,,filled,
583,COM00836.00,2016,F.stc,,326149000.0,,,filled,
583,COM00836.00,2017,F.stc,,316800000.0,,,filled,
583,COM00836.00,2018,F.stc,,302100000.0,,,filled,
583,COM00836.00,2019,F.stc,,283500000.0,,,filled,
583,COM00836.00,2020,F.stc,,263000000.0,,,,
584,COM00837.00,2011,F.coc,,19776960.0,,,filled,
584,COM00837.00,2012,F.coc,,19504800.0,,,filled,
584,COM00837.00,2013,F.coc,,17781120.0,,,filled,
584,COM00837.00,2014,F.coc,,15876000.0,,,filled,
584,COM00837.00,2015,F.coc,,13698720.0,,,filled,
584,COM00837.00,2016,F.coc,,11702880.0,,,filled,
584,COM00837.00,2019,F.coc,,9979200.0,,,,
585,COM00838.00,2019,O.Cu,Me.Cu,1410000.0,,,,
586,COM00839.00,2003,F.coc,,215223070.0,,,filled,
586,COM00839.00,2004,F.coc,,211633411.0,,,filled,
586,COM00839.00,2005,F.coc,,210353979.0,,,filled,
586,COM00839.00,2006,F.coc,,206453070.0,,,filled,
586,COM00839.00,2007,F.coc,,203125229.0,,,filled,
586,COM00839.00,2008,F.coc,,199475684.0,,,filled,
586,COM00839.00,2009,F.coc,,195860343.0,,,filled,
586,COM00839.00,2010,F.coc,,192927388.0,,,filled,
586,COM00839.00,2011,F.coc,,188452615.0,,,filled,
586,COM00839.00,2012,F.coc,,185668410.0,,,filled,
586,COM00839.00,2013,F.coc,,181639433.0,,,filled,
586,COM00839.00,2014,F.coc,,176052501.0,,,filled,
586,COM00839.00,2015,F.coc,,171258637.0,,,filled,
586,COM00839.00,2016,F.coc,,165665682.0,,,filled,
586,COM00839.00,2017,F.coc,,159908750.0,,,filled,
586,COM00839.00,2018,F.coc,,153770909.0,,,filled,
586,COM00839.00,2019,F.coc,,146086818.0,,,filled,
586,COM00839.00,2020,F.coc,,139100000.0,,,,
587,COM00840.00,2000,O.Cu,Me.Cu,1981188000.0,,,filled,
587,COM00840.00,2001,O.Cu,Me.Cu,1706317000.0,,,filled,
587,COM00840.00,2002,O.Cu,Me.Cu,1424843000.0,,,filled,
587,COM00840.00,2003,O.Cu,Me.Cu,1176338000.0,,,filled,
587,COM00840.00,2019,O.Cu,Me.Cu,4435000000.0,,,,
588,COM00840.00,2019,O.Cu,Me.Mo,939000000.0,,,,
589,COM00841.00,2001,O.Au,Me.Au,71800000.0,,,filled,
589,COM00841.00,2002,O.Au,Me.Au,69050000.0,,,filled,
589,COM00841.00,2003,O.Au,Me.Au,66300000.0,,,filled,
589,COM00841.00,2004,O.Au,Me.Au,63050000.0,,,filled,
589,COM00841.00,2005,O.Au,Me.Au,59550000.0,,,filled,
589,COM00841.00,2006,O.Au,Me.Au,55800000.0,,,filled,
589,COM00841.00,2007,O.Au,Me.Au,51550000.0,,,filled,
589,COM00841.00,2008,O.Au,Me.Au,47300000.0,,,filled,
589,COM00841.00,2009,O.Au,Me.Au,43050000.0,,,filled,
589,COM00841.00,2010,O.Au,Me.Au,38800000.0,,,filled,
589,COM00841.00,2011,O.Au,Me.Au,34550000.0,,,filled,
589,COM00841.00,2012,O.Au,Me.Au,30050000.0,,,filled,
589,COM00841.00,2013,O.Au,Me.Au,25550000.0,,,filled,
589,COM00841.00,2014,O.Au,Me.Au,22050000.0,,,filled,
589,COM00841.00,2015,O.Au,Me.Au,18800000.0,,,filled,
589,COM00841.00,2016,O.Au,Me.Au,15800000.0,,,filled,
589,COM00841.00,2017,O.Au,Me.Au,12050000.0,,,filled,
589,COM00841.00,2018,O.Au,Me.Au,6550000.0,8.2213617077,0.67,,
590,COM00842.00,2000,O.bulk,Me.Ag,18274301.79739978,,,filled,
590,COM00842.00,2001,O.bulk,Me.Ag,17617983.79739978,,,filled,
590,COM00842.00,2002,O.bulk,Me.Ag,17011003.79739978,,,filled,
590,COM00842.00,2003,O.bulk,Me.Ag,16460928.797399782,,,filled,
590,COM00842.00,2005,O.bulk,Me.Ag,15931277.797399782,,,filled,
590,COM00842.00,2006,O.bulk,Me.Ag,15393897.797399782,,,filled,
590,COM00842.00,2007,O.bulk,Me.Ag,14741692.797399782,,,filled,
590,COM00842.00,2008,O.bulk,Me.Ag,14059498.797399782,,,filled,
590,COM00842.00,2009,O.bulk,Me.Ag,13409635.797399782,,,filled,
590,COM00842.00,2010,O.bulk,Me.Ag,12716788.797399782,,,filled,
590,COM00842.00,2011,O.bulk,Me.Ag,12044533.797399782,,,filled,
590,COM00842.00,2012,O.bulk,Me.Ag,11520672.797399782,,,filled,
590,COM00842.00,2013,O.bulk,Me.Ag,10940412.797399782,,,filled,
590,COM00842.00,2014,O.bulk,Me.Ag,10319610.797399782,,,filled,
590,COM00842.00,2015,O.bulk,Me.Ag,9706392.797399782,,,filled,
590,COM00842.00,2016,O.bulk,Me.Ag,9016251.797399782,,,filled,
590,COM00842.00,2017,O.bulk,Me.Ag,8287107.797399783,,,filled,
590,COM00842.00,2018,O.bulk,Me.Ag,7553629.797399783,,,filled,
590,COM00842.00,2019,O.bulk,Me.Ag,6825568.797399783,,,,
591,COM00842.00,2019,O.bulk,Me.Cu,6825568.797399783,,,,
592,COM00842.00,2019,O.bulk,Me.Pb,6825568.797399783,,,,
593,COM00842.00,2019,O.bulk,Me.Zn,6825568.797399783,,,,
594,COM00844.00,2002,O.Mn,Me.Mn,10300000.0,,,filled,
594,COM00844.00,2003,O.Mn,Me.Mn,10200000.0,,,filled,
594,COM00844.00,2004,O.Mn,Me.Mn,10100000.0,,,filled,
594,COM00844.00,2005,O.Mn,Me.Mn,9900000.0,,,filled,
594,COM00844.00,2006,O.Mn,Me.Mn,9600000.0,,,filled,
594,COM00844.00,2007,O.Mn,Me.Mn,9400000.0,,,filled,
594,COM00844.00,2008,O.Mn,Me.Mn,9300000.0,,,filled,
594,COM00844.00,2009,O.Mn,Me.Mn,9200000.0,,,filled,
594,COM00844.00,2010,O.Mn,Me.Mn,9100000.0,,,filled,
594,COM00844.00,2011,O.Mn,Me.Mn,9000000.0,,,filled,
594,COM00844.00,2012,O.Mn,Me.Mn,8900000.0,,,filled,
594,COM00844.00,2013,O.Mn,Me.Mn,8700000.0,,,filled,
594,COM00844.00,2014,O.Mn,Me.Mn,8600000.0,,,filled,
594,COM00844.00,2015,O.Mn,Me.Mn,8500000.0,,,filled,
594,COM00844.00,2016,O.Mn,Me.Mn,8500000.0,,,filled,
594,COM00844.00,2017,O.Mn,Me.Mn,8500000.0,,,filled,
594,COM00844.00,2018,O.Mn,Me.Mn,8400000.0,,,filled,
594,COM00844.00,2019,O.Mn,Me.Mn,8300000.000000001,,,,
595,COM00847.00,2001,O.Au,Me.Au,8400000.0,,,filled,
595,COM00847.00,2002,O.Au,Me.Au,7400000.0,48.194189321,7.27,,
596,COM00850.00,2002,F.stc,,818136000.0,,,filled,
596,COM00850.00,2003,F.stc,,813576000.0,,,filled,
596,COM00850.00,2004,F.stc,,807136000.0,,,filled,
596,COM00850.00,2005,F.stc,,798416000.0,,,filled,
596,COM00850.00,2006,F.stc,,788551000.0,,,filled,
596,COM00850.00,2007,F.stc,,779405000.0,,,filled,
596,COM00850.00,2008,F.stc,,768508000.0,,,filled,
596,COM00850.00,2009,F.stc,,756732000.0,,,filled,
596,COM00850.00,2010,F.stc,,744957000.0,,,filled,
596,COM00850.00,2011,F.stc,,732918000.0,,,filled,
596,COM00850.00,2012,F.stc,,719247000.0,,,filled,
596,COM00850.00,2013,F.stc,,702490000.0,,,filled,
596,COM00850.00,2014,F.stc,,684480000.0,,,filled,
596,COM00850.00,2015,F.stc,,664516000.0,,,filled,
596,COM00850.00,2016,F.stc,,644818000.0,,,filled,
596,COM00850.00,2017,F.stc,,627717000.0,,,filled,
596,COM00850.00,2018,F.stc,,609541000.0,,,filled,
596,COM00850.00,2019,F.stc,,591000000.0,,,,
597,COM00853.00,2019,O.Ni,Me.Ni,96400000.0,,,,
598,COM00855.00,2008,O.Au,Me.Au,15614971.0,,,filled,
598,COM00855.00,2009,O.Au,Me.Au,15587417.0,,,filled,
598,COM00855.00,2010,O.Au,Me.Au,15424554.0,,,filled,
598,COM00855.00,2011,O.Au,Me.Au,15084638.0,,,filled,
598,COM00855.00,2012,O.Au,Me.Au,14679113.0,,,filled,
598,COM00855.00,2013,O.Au,Me.Au,13962037.0,,,filled,
598,COM00855.00,2014,O.Au,Me.Au,12870937.0,,,filled,
598,COM00855.00,2015,O.Au,Me.Au,11842611.0,,,filled,
598,COM00855.00,2016,O.Au,Me.Au,11154526.0,,,filled,
598,COM00855.00,2017,O.Au,Me.Au,9868330.0,,,filled,
598,COM00855.00,2018,O.Au,Me.Au,8561822.0,,,filled,
598,COM00855.00,2019,O.Au,Me.Au,7292100.0,,,filled,
598,COM00855.00,2020,O.Au,Me.Au,5873000.0,15.053596713,2.8,,
599,COM00858.00,2007,F.coc,,50440320.0,,,filled,
599,COM00858.00,2008,F.coc,,49533120.0,,,filled,
599,COM00858.00,2009,F.coc,,45632160.0,,,filled,
599,COM00858.00,2010,F.coc,,41640480.0,,,filled,
599,COM00858.00,2011,F.coc,,37013760.0,,,filled,
599,COM00858.00,2012,F.coc,,33294240.0,,,filled,
599,COM00858.00,2013,F.coc,,29937600.0,,,filled,
599,COM00858.00,2014,F.coc,,27306720.0,,,filled,
599,COM00858.00,2015,F.coc,,25764480.0,,,filled,
599,COM00858.00,2016,F.coc,,23950080.0,,,filled,
599,COM00858.00,2017,F.coc,,22498560.0,,,filled,
599,COM00858.00,2018,F.coc,,21137760.0,,,filled,
599,COM00858.00,2019,F.coc,,19414080.0,,,,
600,COM00860.00,2001,O.Au,Me.Au,64010000.0,,,filled,
600,COM00860.00,2002,O.Au,Me.Au,62410000.0,,,filled,
600,COM00860.00,2003,O.Au,Me.Au,60710000.0,,,filled,
600,COM00860.00,2004,O.Au,Me.Au,59010000.0,,,filled,
600,COM00860.00,2005,O.Au,Me.Au,57310000.0,,,filled,
600,COM00860.00,2006,O.Au,Me.Au,55610000.0,,,filled,
600,COM00860.00,2007,O.Au,Me.Au,53710000.0,,,filled,
600,COM00860.00,2008,O.Au,Me.Au,51810000.0,,,filled,
600,COM00860.00,2009,O.Au,Me.Au,49910000.0,,,filled,
600,COM00860.00,2010,O.Au,Me.Au,48010000.0,,,filled,
600,COM00860.00,2011,O.Au,Me.Au,46210000.0,,,filled,
600,COM00860.00,2012,O.Au,Me.Au,44610000.0,,,filled,
600,COM00860.00,2013,O.Au,Me.Au,43310000.0,,,filled,
600,COM00860.00,2014,O.Au,Me.Au,41710000.0,,,filled,
600,COM00860.00,2015,O.Au,Me.Au,40610000.0,,,filled,
600,COM00860.00,2016,O.Au,Me.Au,39810000.0,,,filled,
600,COM00860.00,2017,O.Au,Me.Au,38710000.0,344.7302012608,9.77,,
601,COM00860.00,2018,O.Au,Me.Au,36470000.0,330.27194446450005,9.93,,
602,COM00861.00,2008,O.Al,Me.Al2O3,207306000.0,,,filled,
602,COM00861.00,2009,O.Al,Me.Al2O3,189243000.0,,,filled,
602,COM00861.00,2010,O.Al,Me.Al2O3,173598000.0,,,filled,
602,COM00861.00,2011,O.Al,Me.Al2O3,158163000.0,,,filled,
602,COM00861.00,2012,O.Al,Me.Al2O3,142939000.0,,,filled,
602,COM00861.00,2013,O.Al,Me.Al2O3,127427000.0,,,filled,
602,COM00861.00,2014,O.Al,Me.Al2O3,111698000.0,,,filled,
602,COM00861.00,2015,O.Al,Me.Al2O3,95322000.0,,,filled,
602,COM00861.00,2016,O.Al,Me.Al2O3,79160000.0,,,filled,
602,COM00861.00,2017,O.Al,Me.Al2O3,62698000.0,,,filled,
602,COM00861.00,2018,O.Al,Me.Al2O3,48000000.0,,,,
603,COM00862.00,2011,O.Li,Me.Li2O,12371061.0,,,filled,
603,COM00862.00,2012,O.Li,Me.Li2O,11754347.0,,,filled,
603,COM00862.00,2013,O.Li,Me.Li2O,11299435.0,,,filled,
603,COM00862.00,2014,O.Li,Me.Li2O,11299435.0,,,filled,
603,COM00862.00,2015,O.Li,Me.Li2O,11299435.0,,,filled,
603,COM00862.00,2017,O.Li,Me.Li2O,11299435.0,,,filled,
603,COM00862.00,2018,O.Li,Me.Li2O,9977720.0,,,filled,
603,COM00862.00,2019,O.Li,Me.Li2O,8199999.999999999,,,,
604,COM00864.00,2012,O.Au,Me.Au,23337781.0,,,filled,
604,COM00864.00,2013,O.Au,Me.Au,22819065.0,,,filled,
604,COM00864.00,2014,O.Au,Me.Au,21202722.0,,,filled,
604,COM00864.00,2015,O.Au,Me.Au,19599252.0,,,filled,
604,COM00864.00,2016,O.Au,Me.Au,17965835.0,,,filled,
604,COM00864.00,2017,O.Au,Me.Au,16270952.0,,,filled,
604,COM00864.00,2018,O.Au,Me.Au,14357000.0,,,filled,
604,COM00864.00,2019,O.Au,Me.Au,13149000.0,,,filled,
604,COM00864.00,2020,O.Au,Me.Au,10810000.0,23.014,2.0888991674375577,,
605,COM00865.00,2006,O.bulk,Me.Ag,11943840.0,,,filled,
605,COM00865.00,2007,O.bulk,Me.Ag,11585093.0,,,filled,
605,COM00865.00,2008,O.bulk,Me.Ag,11225623.0,,,filled,
605,COM00865.00,2009,O.bulk,Me.Ag,10948195.0,,,filled,
605,COM00865.00,2010,O.bulk,Me.Ag,10326095.0,,,filled,
605,COM00865.00,2011,O.bulk,Me.Ag,9723532.0,,,filled,
605,COM00865.00,2012,O.bulk,Me.Ag,9398497.0,,,filled,
605,COM00865.00,2013,O.bulk,Me.Ag,8745088.0,,,filled,
605,COM00865.00,2014,O.bulk,Me.Ag,7660845.0,,,filled,
605,COM00865.00,2020,O.bulk,Me.Ag,7586000.0,7711100000.0,42.0,,
606,COM00865.00,2020,O.bulk,Me.Au,7586000.0,458400000.0,2.0,,
607,COM00867.00,2003,F.coal,,9041043.0,,,filled,
607,COM00867.00,2004,F.coal,,7408319.0,,,filled,
607,COM00867.00,2005,F.coal,,5978259.0,,,filled,
607,COM00867.00,2006,F.coal,,4670770.0,,,filled,
607,COM00867.00,2007,F.coal,,3531760.0,,,filled,
607,COM00867.00,2008,F.coal,,2622826.0,,,filled,
607,COM00867.00,2009,F.coal,,1662925.0,,,filled,
607,COM00867.00,2010,F.coal,,816480.0,,,,
608,COM00870.00,2014,O.dig,Nm.dia,4000000.0,,,,
609,COM00872.00,2019,O.bulk,Me.Co,41400000.0,,,,
610,COM00872.00,2019,O.bulk,Me.Ni,41400000.0,,,,
611,COM00874.00,2003,O.Au,Me.Au,13757247.376175549,,,filled,
611,COM00874.00,2004,O.Au,Me.Au,12416520.376175549,,,filled,
611,COM00874.00,2005,O.Au,Me.Au,10076520.376175549,,,filled,
611,COM00874.00,2006,O.Au,Me.Au,8686520.376175549,50.21153760188088,6.339999999999999,,
611,COM00874.00,2007,O.Au,Me.Au,7360520.376175549,,,filled,
611,COM00874.00,2008,O.Au,Me.Au,6123720.376175549,,,filled,
611,COM00874.00,2009,O.Au,Me.Au,4834220.376175549,,,filled,
611,COM00874.00,2010,O.Au,Me.Au,3387420.376175549,,,filled,
611,COM00874.00,2011,O.Au,Me.Au,2060120.3761755489,,,filled,
611,COM00874.00,2012,O.Au,Me.Au,760520.3761755489,,,filled,
611,COM00874.00,2013,O.Au,Me.Au,-631279.6238244511,,,filled,
611,COM00874.00,2014,O.Au,Me.Au,-1852479.6238244511,,,filled,
611,COM00874.00,2015,O.Au,Me.Au,-3061479.623824451,,,filled,
611,COM00874.00,2016,O.Au,Me.Au,-4249479.623824451,,,filled,
611,COM00874.00,2017,O.Au,Me.Au,-5470479.623824451,,,filled,
611,COM00874.00,2018,O.Au,Me.Au,-6576479.623824451,,,filled,
612,COM00874.00,2019,O.Au,Me.Au,10900000.0,59.25050307,5.386409394699999,,
613,COM00876.00,2019,O.bulk,Me.Co,130000000.0,,,,
614,COM00876.00,2019,O.bulk,Me.Cu,130000000.0,,,,
615,COM00879.00,2007,O.bulk,O.FeTiO3,326800000.0,,,,
616,COM00879.00,2007,O.bulk,O.TiO2,326800000.0,,,,
617,COM00879.00,2007,O.bulk,O.Zr,326800000.0,,,,
618,COM00882.00,2010,O.Al,Me.Al2O3,16608700.0,,,filled,
618,COM00882.00,2011,O.Al,Me.Al2O3,16491700.0,,,filled,
618,COM00882.00,2012,O.Al,Me.Al2O3,16174000.0,,,filled,
618,COM00882.00,2013,O.Al,Me.Al2O3,15484000.0,,,filled,
618,COM00882.00,2014,O.Al,Me.Al2O3,14494000.0,,,filled,
618,COM00882.00,2019,O.Al,Me.Al2O3,14190000.0,,,,
619,COM00882.00,2019,O.Al,Nm.SiO2,14190000.0,,,,
620,COM00885.00,2012,F.coal,,267229428.0,,,filled,
620,COM00885.00,2013,F.coal,,266866571.0,,,filled,
620,COM00885.00,2014,F.coal,,263188000.0,,,filled,
620,COM00885.00,2015,F.coal,,257529000.0,,,filled,
620,COM00885.00,2016,F.coal,,249826000.0,,,filled,
620,COM00885.00,2017,F.coal,,243003000.0,,,filled,
620,COM00885.00,2018,F.coal,,235736000.0,,,filled,
620,COM00885.00,2019,F.coal,,229447000.0,,,filled,
620,COM00885.00,2020,F.coal,,223000000.0,,,,
621,COM00886.00,2001,O.Au,Me.Au,63140000.0,,,filled,
621,COM00886.00,2002,O.Au,Me.Au,61840000.0,,,filled,
621,COM00886.00,2003,O.Au,Me.Au,60440000.0,,,filled,
621,COM00886.00,2004,O.Au,Me.Au,59140000.0,,,filled,
621,COM00886.00,2005,O.Au,Me.Au,57840000.0,,,filled,
621,COM00886.00,2006,O.Au,Me.Au,56640000.0,,,filled,
621,COM00886.00,2007,O.Au,Me.Au,55140000.0,,,filled,
621,COM00886.00,2008,O.Au,Me.Au,53540000.0,,,filled,
621,COM00886.00,2009,O.Au,Me.Au,52040000.0,,,filled,
621,COM00886.00,2010,O.Au,Me.Au,50740000.0,,,filled,
621,COM00886.00,2011,O.Au,Me.Au,49240000.0,,,filled,
621,COM00886.00,2012,O.Au,Me.Au,47740000.0,,,filled,
621,COM00886.00,2013,O.Au,Me.Au,46340000.0,54.4310844096,1.29,,
621,COM00886.00,2014,O.Au,Me.Au,44940000.0,,,filled,
622,COM00889.00,2005,O.bulk,Me.Ag,30085000.0,,,filled,
622,COM00889.00,2019,O.bulk,Me.Ag,27917000.0,15308.7424902,64.0,,
623,COM00889.00,2019,O.bulk,Me.Cu,27917000.0,98000.0,3000.0,,
624,COM00889.00,2019,O.bulk,Me.Pb,27917000.0,540000.0,18000.0,,
625,COM00889.00,2019,O.bulk,Me.Zn,27917000.0,2214000.0,75000.0,,
626,COM00890.00,2006,F.stc,,61951604.0,,,filled,
626,COM00890.00,2007,F.stc,,60581604.0,,,filled,
626,COM00890.00,2008,F.stc,,59611604.0,,,filled,
626,COM00890.00,2009,F.stc,,58512604.0,,,filled,
626,COM00890.00,2010,F.stc,,57690604.0,,,filled,
626,COM00890.00,2011,F.stc,,56744604.0,,,filled,
626,COM00890.00,2012,F.stc,,56066604.0,,,filled,
626,COM00890.00,2013,F.stc,,55349604.0,,,filled,
626,COM00890.00,2017,F.stc,,54930604.0,,,filled,
626,COM00890.00,2018,F.stc,,54166712.0,,,filled,
626,COM00890.00,2019,F.stc,,50493000.0,,,filled,
626,COM00890.00,2020,F.stc,,47500000.0,,,,
627,COM00892.00,2010,F.obc,,8097667.6,,,filled,
627,COM00892.00,2011,F.obc,,7553347.6,,,filled,
627,COM00892.00,2012,F.obc,,6827587.6,,,filled,
627,COM00892.00,2013,F.obc,,6066446.6,,,filled,
627,COM00892.00,2014,F.obc,,5314377.6,,,filled,
627,COM00892.00,2015,F.obc,,4692945.6,,,filled,
627,COM00892.00,2016,F.obc,,4193078.6,,,filled,
627,COM00892.00,2017,F.obc,,3847435.6,,,filled,
627,COM00892.00,2018,F.obc,,3640593.6,,,,
628,COM00899.00,2020,O.Cu,Me.Cu,,151000.0,,,
629,COM00903.00,2018,O.Ni,Me.Ni,8300000.000000001,105000.0,12600.0,,
630,COM00904.00,2006,O.Cr,Me.Cr2O3,5372000.0,,,filled,
630,COM00904.00,2007,O.Cr,Me.Cr2O3,5068000.0,,,filled,
630,COM00904.00,2008,O.Cr,Me.Cr2O3,4484000.0,,,filled,
630,COM00904.00,2009,O.Cr,Me.Cr2O3,3338000.0,,,filled,
630,COM00904.00,2010,O.Cr,Me.Cr2O3,2677000.0,,,filled,
630,COM00904.00,2011,O.Cr,Me.Cr2O3,2175000.0,,,filled,
630,COM00904.00,2019,O.Cr,Me.Cr2O3,1840000.0,,,,
631,COM00904.00,2019,O.Ni,Me.Ni,7590000.0,,,,
632,COM00906.00,2018,O.Au,Me.Au,33914000.0,16.357674771,0.53,,
633,COM00909.00,2006,O.bulk,Me.Au,187584208.0,,,filled,
633,COM00909.00,2007,O.bulk,Me.Au,179950208.0,,,filled,
633,COM00909.00,2008,O.bulk,Me.Au,172314208.0,,,filled,
633,COM00909.00,2009,O.bulk,Me.Au,164165208.0,,,filled,
633,COM00909.00,2010,O.bulk,Me.Au,156273208.0,,,filled,
633,COM00909.00,2011,O.bulk,Me.Au,147937208.0,,,filled,
633,COM00909.00,2012,O.bulk,Me.Au,139790108.0,,,filled,
633,COM00909.00,2013,O.bulk,Me.Au,131842108.0,,,filled,
633,COM00909.00,2014,O.bulk,Me.Au,123800908.0,,,filled,
633,COM00909.00,2015,O.bulk,Me.Au,115759744.0,,,filled,
633,COM00909.00,2016,O.bulk,Me.Au,107797518.0,,,filled,
633,COM00909.00,2017,O.bulk,Me.Au,100182000.0,,,filled,
633,COM00909.00,2018,O.bulk,Me.Au,92582000.0,,,filled,
633,COM00909.00,2019,O.bulk,Me.Au,84682000.0,0.680388552,0.01,,
634,COM00909.00,2019,O.bulk,Me.Cu,84682000.0,256000.0,3000.0,,
635,COM00909.00,2019,O.bulk,Me.Ni,84682000.0,524000.0,6200.0,,
636,COM00909.00,2019,O.bulk,Me.Pd,84682000.0,2.211262794,0.03,,
637,COM00909.00,2019,O.bulk,Me.Pt,84682000.0,1.445825673,0.02,,
638,COM00910.00,2006,O.bulk,Me.Au,884749522.0,,,filled,
638,COM00910.00,2007,O.bulk,Me.Au,870622522.0,,,filled,
638,COM00910.00,2008,O.bulk,Me.Au,855585522.0,,,filled,
638,COM00910.00,2009,O.bulk,Me.Au,840551522.0,,,filled,
638,COM00910.00,2010,O.bulk,Me.Au,825253522.0,,,filled,
638,COM00910.00,2011,O.bulk,Me.Au,809135522.0,,,filled,
638,COM00910.00,2012,O.bulk,Me.Au,792546322.0,,,filled,
638,COM00910.00,2013,O.bulk,Me.Au,775869822.0,,,filled,
638,COM00910.00,2014,O.bulk,Me.Au,759131222.0,,,filled,
638,COM00910.00,2015,O.bulk,Me.Au,742086779.0,,,filled,
638,COM00910.00,2016,O.bulk,Me.Au,724759210.0,,,filled,
638,COM00910.00,2017,O.bulk,Me.Au,707515000.0,,,filled,
638,COM00910.00,2018,O.bulk,Me.Au,690115000.0,,,filled,
638,COM00910.00,2019,O.bulk,Me.Au,672815000.0,147.41751960000002,0.2399999999999999,,
639,COM00910.00,2019,O.bulk,Me.Cu,672815000.0,11598000.0,17200.0,,
640,COM00910.00,2019,O.bulk,Me.Ni,672815000.0,6176000.0,9200.0,,
641,COM00910.00,2019,O.bulk,Me.Pd,672815000.0,2568.041540955,4.19,,
642,COM00910.00,2019,O.bulk,Me.Pt,672815000.0,679.453017741,1.11,,
643,COM00911.00,2018,O.Au,Me.Ag,1197602000.0,1663.7201067780002,1.52,,
644,COM00911.00,2018,O.Au,Me.Au,1197602000.0,659.013011658,0.6,,
645,COM00911.00,2018,O.Au,Me.Cu,598801000.0,,,,
646,COM00912.00,2000,F.stc,,3084752160.0,,,filled,
646,COM00912.00,2001,F.stc,,3022790400.0,,,filled,
646,COM00912.00,2002,F.stc,,2957199840.0,,,filled,
646,COM00912.00,2003,F.stc,,2889341280.0,,,filled,
646,COM00912.00,2004,F.stc,,2816674560.0,,,filled,
646,COM00912.00,2005,F.stc,,2741830560.0,,,filled,
646,COM00912.00,2006,F.stc,,2666805120.0,,,filled,
646,COM00912.00,2007,F.stc,,2586427200.0,,,filled,
646,COM00912.00,2008,F.stc,,2503418400.0,,,filled,
646,COM00912.00,2009,F.stc,,2414875680.0,,,filled,
646,COM00912.00,2010,F.stc,,2325697920.0,,,filled,
646,COM00912.00,2011,F.stc,,2229716160.0,,,filled,
646,COM00912.00,2012,F.stc,,2130740640.0,,,filled,
646,COM00912.00,2013,F.stc,,2033125920.0,,,filled,
646,COM00912.00,2014,F.stc,,1932426720.0,,,filled,
646,COM00912.00,2015,F.stc,,1825377120.0,,,filled,
646,COM00912.00,2016,F.stc,,1726220160.0,,,filled,
646,COM00912.00,2017,F.stc,,1641941280.0,,,filled,
646,COM00912.00,2018,F.stc,,1549769760.0,,,filled,
646,COM00912.00,2019,F.stc,,1460592000.0,,,,
647,COM00913.00,2006,F.stc,,85165000.0,,,filled,
647,COM00913.00,2007,F.stc,,83252000.0,,,filled,
647,COM00913.00,2008,F.stc,,80969000.0,,,filled,
647,COM00913.00,2009,F.stc,,77687000.0,,,filled,
647,COM00913.00,2010,F.stc,,74174000.0,,,filled,
647,COM00913.00,2011,F.stc,,70803000.0,,,filled,
647,COM00913.00,2012,F.stc,,68457000.0,,,filled,
647,COM00913.00,2013,F.stc,,65740000.0,,,filled,
647,COM00913.00,2014,F.stc,,63072000.0,,,filled,
647,COM00913.00,2015,F.stc,,60470000.0,,,filled,
647,COM00913.00,2016,F.stc,,57600000.0,,,filled,
647,COM00913.00,2017,F.stc,,54637000.0,,,filled,
647,COM00913.00,2018,F.stc,,51674000.0,,,filled,
647,COM00913.00,2019,F.stc,,50249000.0,,,filled,
647,COM00913.00,2020,F.stc,,48200000.0,,,,
648,COM00915.00,2005,F.coc,,106868160.0,,,filled,
648,COM00915.00,2006,F.coc,,104963040.0,,,filled,
648,COM00915.00,2007,F.coc,,102967200.0,,,filled,
648,COM00915.00,2008,F.coc,,100427040.0,,,filled,
648,COM00915.00,2009,F.coc,,97886880.0,,,filled,
648,COM00915.00,2010,F.coc,,95618880.0,,,filled,
648,COM00915.00,2011,F.coc,,92715840.0,,,filled,
648,COM00915.00,2012,F.coc,,90720000.0,,,filled,
648,COM00915.00,2013,F.coc,,87000480.0,,,filled,
648,COM00915.00,2014,F.coc,,84913920.0,,,filled,
648,COM00915.00,2015,F.coc,,82283040.0,,,filled,
648,COM00915.00,2016,F.coc,,79924320.0,,,filled,
648,COM00915.00,2017,F.coc,,78744960.0,,,filled,
648,COM00915.00,2018,F.coc,,75660480.0,,,filled,
648,COM00915.00,2019,F.coc,,74390400.0,,,,
649,COM00916.00,2009,O.Au,Me.Au,53433826.29107981,,,filled,
649,COM00916.00,2010,O.Au,Me.Au,50828826.29107981,,,filled,
649,COM00916.00,2011,O.Au,Me.Au,47968826.29107981,,,filled,
649,COM00916.00,2012,O.Au,Me.Au,44898826.29107981,,,filled,
649,COM00916.00,2013,O.Au,Me.Au,42112826.29107981,,,filled,
649,COM00916.00,2014,O.Au,Me.Au,39469826.29107981,,,filled,
649,COM00916.00,2015,O.Au,Me.Au,36900826.29107981,,,filled,
649,COM00916.00,2016,O.Au,Me.Au,33241826.29107981,,,filled,
649,COM00916.00,2017,O.Au,Me.Au,30049826.29107981,,,filled,
649,COM00916.00,2018,O.Au,Me.Au,26248826.29107981,61.88980373239437,2.5899999999999994,,
650,COM00919.00,2012,O.Fe,Me.Fe,709460000.0,,,,
651,COM00920.00,2017,O.Au,Me.Au,8486571.0,,,filled,
651,COM00920.00,2018,O.Au,Me.Au,7124335.0,,,filled,
651,COM00920.00,2019,O.Au,Me.Au,5160567.0,,,filled,
651,COM00920.00,2020,O.Au,Me.Au,2177000.0,8.193012147000001,4.1,,
652,COM00923.00,2019,O.Fe,Me.Fe,829094352.0,,,,
653,COM00924.00,2000,F.coc,,282954000.0,,,filled,
653,COM00924.00,2001,F.coc,,278816000.0,,,filled,
653,COM00924.00,2002,F.coc,,275160000.0,,,filled,
653,COM00924.00,2003,F.coc,,271014000.0,,,filled,
653,COM00924.00,2004,F.coc,,266692000.0,,,filled,
653,COM00924.00,2005,F.coc,,262004000.0,,,filled,
653,COM00924.00,2006,F.coc,,256244000.0,,,filled,
653,COM00924.00,2007,F.coc,,250920000.0,,,filled,
653,COM00924.00,2008,F.coc,,245220000.0,,,filled,
653,COM00924.00,2009,F.coc,,241168000.0,,,filled,
653,COM00924.00,2010,F.coc,,237200000.0,,,filled,
653,COM00924.00,2011,F.coc,,233460000.0,,,filled,
653,COM00924.00,2012,F.coc,,231350000.0,,,filled,
653,COM00924.00,2019,F.coc,,229000000.0,,,,
654,COM00927.00,2018,O.bulk,Me.Au,576700000.0,,,,
655,COM00927.00,2018,O.bulk,Me.Cu,2028800000.0,,,,
656,COM00927.00,2018,O.bulk,Me.Mo,1452100000.0,,,,
657,COM00932.00,2004,O.Au,Me.Au,62880000.0,,,filled,
657,COM00932.00,2005,O.Au,Me.Au,58980000.0,,,filled,
657,COM00932.00,2006,O.Au,Me.Au,54280000.0,,,filled,
657,COM00932.00,2007,O.Au,Me.Au,48080000.0,,,filled,
657,COM00932.00,2008,O.Au,Me.Au,42080000.0,,,filled,
657,COM00932.00,2009,O.Au,Me.Au,36480000.0,,,filled,
657,COM00932.00,2010,O.Au,Me.Au,31880000.0,,,filled,
657,COM00932.00,2011,O.Au,Me.Au,29280000.0,,,filled,
657,COM00932.00,2012,O.Au,Me.Au,27280000.0,,,filled,
657,COM00932.00,2013,O.Au,Me.Au,25180000.0,,,filled,
657,COM00932.00,2014,O.Au,Me.Au,23480000.0,,,filled,
657,COM00932.00,2015,O.Au,Me.Au,21280000.0,,,filled,
657,COM00932.00,2018,O.Au,Me.Au,20280000.0,166.01480744928,9.0,,
658,COM00934.00,2019,O.bulk,Me.Au,216000000.0,,,,
659,COM00934.00,2019,O.bulk,Me.Cu,216000000.0,,,,
660,COM00937.00,2006,O.bulk,Me.Ag,677184000.0,,,filled,
660,COM00937.00,2007,O.bulk,Me.Ag,667549000.0,,,filled,
660,COM00937.00,2008,O.bulk,Me.Ag,658935000.0,,,filled,
660,COM00937.00,2009,O.bulk,Me.Ag,649349000.0,,,filled,
660,COM00937.00,2010,O.bulk,Me.Ag,639466000.0,,,filled,
660,COM00937.00,2011,O.bulk,Me.Ag,634377000.0,,,filled,
660,COM00937.00,2012,O.bulk,Me.Ag,624047000.0,,,filled,
660,COM00937.00,2013,O.bulk,Me.Ag,614466000.0,,,filled,
660,COM00937.00,2014,O.bulk,Me.Ag,604566000.0,,,filled,
660,COM00937.00,2015,O.bulk,Me.Ag,594446000.0,,,filled,
660,COM00937.00,2016,O.bulk,Me.Ag,586518000.0,,,filled,
660,COM00937.00,2017,O.bulk,Me.Ag,576819000.0,,,filled,
660,COM00937.00,2018,O.bulk,Me.Ag,568215000.0,,,filled,
660,COM00937.00,2019,O.bulk,Me.Ag,561000000.0,,,,
661,COM00937.00,2019,O.bulk,Me.Au,561000000.0,,,,
662,COM00937.00,2019,O.bulk,Me.Cu,561000000.0,,,,
663,COM00937.00,2019,O.bulk,Me.U,561000000.0,,,,
664,COM00938.00,2020,F.coal,,87867000.0,,,,
665,COM00939.00,2007,F.coal,,20061163.0,,,filled,
665,COM00939.00,2008,F.coal,,20059912.0,,,filled,
665,COM00939.00,2009,F.coal,,20054803.0,,,filled,
665,COM00939.00,2010,F.coal,,20053033.0,,,filled,
665,COM00939.00,2011,F.coal,,20047413.0,,,filled,
665,COM00939.00,2012,F.coal,,20045530.0,,,filled,
665,COM00939.00,2013,F.coal,,20045530.0,,,filled,
665,COM00939.00,2014,F.coal,,20031193.0,,,filled,
665,COM00939.00,2015,F.coal,,20022116.0,,,filled,
665,COM00939.00,2016,F.coal,,20000997.0,,,filled,
665,COM00939.00,2020,F.coal,,20000000.0,,,,
666,COM00940.00,2010,O.Ni,Me.Ni,123319000.0,,,filled,
666,COM00940.00,2011,O.Ni,Me.Ni,122060000.0,,,filled,
666,COM00940.00,2012,O.Ni,Me.Ni,120594000.0,,,filled,
666,COM00940.00,2013,O.Ni,Me.Ni,118619000.0,,,filled,
666,COM00940.00,2014,O.Ni,Me.Ni,118356000.0,,,filled,
666,COM00940.00,2015,O.Ni,Me.Ni,116998000.0,,,filled,
666,COM00940.00,2016,O.Ni,Me.Ni,115974000.0,,,filled,
666,COM00940.00,2017,O.Ni,Me.Ni,114264000.0,,,filled,
666,COM00940.00,2018,O.Ni,Me.Ni,113300000.0,,,filled,
666,COM00940.00,2019,O.Ni,Me.Ni,113300000.0,,,,
667,COM00942.00,2000,O.bulk,Me.Ag,8903314.0,,,filled,
667,COM00942.00,2001,O.bulk,Me.Ag,8647964.0,,,filled,
667,COM00942.00,2002,O.bulk,Me.Ag,8298614.0,,,filled,
667,COM00942.00,2003,O.bulk,Me.Ag,7947663.0,,,filled,
667,COM00942.00,2004,O.bulk,Me.Ag,7554453.0,,,filled,
667,COM00942.00,2005,O.bulk,Me.Ag,7123212.0,,,filled,
667,COM00942.00,2006,O.bulk,Me.Ag,6662121.0,,,filled,
667,COM00942.00,2007,O.bulk,Me.Ag,6194168.0,,,filled,
667,COM00942.00,2008,O.bulk,Me.Ag,5715499.0,,,filled,
667,COM00942.00,2009,O.bulk,Me.Ag,5232123.0,,,filled,
667,COM00942.00,2010,O.bulk,Me.Ag,4747502.0,,,filled,
667,COM00942.00,2011,O.bulk,Me.Ag,4262735.0,,,filled,
667,COM00942.00,2012,O.bulk,Me.Ag,3763003.0,,,filled,
667,COM00942.00,2013,O.bulk,Me.Ag,3301566.0,,,filled,
667,COM00942.00,2014,O.bulk,Me.Ag,2858029.0,,,filled,
667,COM00942.00,2015,O.bulk,Me.Ag,2403335.0,,,filled,
667,COM00942.00,2016,O.bulk,Me.Ag,1945113.0,,,filled,
667,COM00942.00,2017,O.bulk,Me.Ag,1480747.0,,,filled,
667,COM00942.00,2018,O.bulk,Me.Ag,980167.0,,,filled,
667,COM00942.00,2019,O.bulk,Me.Ag,626276.0,,,,
668,COM00942.00,2019,O.bulk,Me.Au,626276.0,,,,
669,COM00944.00,2007,O.Au,Me.Au,4181000.0,2.324660886,0.5669904626000001,,
670,COM00949.00,2018,O.bulk,Me.Au,2860000000.0,,,,
671,COM00949.00,2018,O.bulk,Me.Cu,1430000000.0,,,,
672,COM00950.00,2018,O.Au,Me.Au,,31.339,1.55,,
673,COM00952.00,2001,F.sbc,,61682816.2,,,filled,
673,COM00952.00,2002,F.sbc,,58482816.2,,,filled,
673,COM00952.00,2003,F.sbc,,55482816.2,,,filled,
673,COM00952.00,2004,F.sbc,,52482816.2,,,filled,
673,COM00952.00,2005,F.sbc,,49582816.2,,,filled,
673,COM00952.00,2006,F.sbc,,46482816.2,,,filled,
673,COM00952.00,2007,F.sbc,,43382816.2,,,filled,
673,COM00952.00,2008,F.sbc,,40282816.2,,,filled,
673,COM00952.00,2009,F.sbc,,37182816.2,,,filled,
673,COM00952.00,2010,F.sbc,,33882816.2,,,filled,
673,COM00952.00,2011,F.sbc,,30782816.2,,,filled,
673,COM00952.00,2012,F.sbc,,27782816.2,,,filled,
673,COM00952.00,2013,F.sbc,,24882816.2,,,filled,
673,COM00952.00,2014,F.sbc,,21982816.2,,,filled,
673,COM00952.00,2015,F.sbc,,19499356.2,,,filled,
673,COM00952.00,2016,F.sbc,,17687678.2,,,filled,
673,COM00952.00,2017,F.sbc,,16394011.2,,,,
674,COM00954.00,2009,O.bulk,Me.Ag,26885043.0,,,filled,
674,COM00954.00,2010,O.bulk,Me.Ag,25918414.0,,,filled,
674,COM00954.00,2011,O.bulk,Me.Ag,24253332.0,,,filled,
674,COM00954.00,2012,O.bulk,Me.Ag,22690176.0,,,filled,
674,COM00954.00,2013,O.bulk,Me.Ag,20772023.0,,,filled,
674,COM00954.00,2014,O.bulk,Me.Ag,18664906.0,,,filled,
674,COM00954.00,2015,O.bulk,Me.Ag,16727954.0,,,filled,
674,COM00954.00,2016,O.bulk,Me.Ag,15261313.0,,,filled,
674,COM00954.00,2017,O.bulk,Me.Ag,14282546.0,,,filled,
674,COM00954.00,2018,O.bulk,Me.Ag,12923178.0,,,filled,
674,COM00954.00,2019,O.bulk,Me.Ag,11669000.0,1431.424115316,122.7534351529,,
675,COM00954.00,2019,O.bulk,Me.Au,11669000.0,19.646219439,1.67262186467,,
676,COM00955.00,2001,O.Cu,Me.Cu,2086919000.0,,,filled,
676,COM00955.00,2002,O.Cu,Me.Cu,2073199000.0,,,filled,
676,COM00955.00,2003,O.Cu,Me.Cu,2058511000.0,,,filled,
676,COM00955.00,2004,O.Cu,Me.Cu,2042764000.0,,,filled,
676,COM00955.00,2005,O.Cu,Me.Cu,2025983000.0,,,filled,
676,COM00955.00,2006,O.Cu,Me.Cu,2010380000.0,,,filled,
676,COM00955.00,2007,O.Cu,Me.Cu,1993932000.0,,,filled,
676,COM00955.00,2008,O.Cu,Me.Cu,1964573000.0,,,filled,
676,COM00955.00,2009,O.Cu,Me.Cu,1930211000.0,,,filled,
676,COM00955.00,2010,O.Cu,Me.Cu,1895370000.0,,,filled,
676,COM00955.00,2011,O.Cu,Me.Cu,1863058000.0,,,filled,
676,COM00955.00,2012,O.Cu,Me.Cu,1826390000.0,,,filled,
676,COM00955.00,2013,O.Cu,Me.Cu,1791839000.0,,,filled,
676,COM00955.00,2014,O.Cu,Me.Cu,1758327000.0,,,filled,
676,COM00955.00,2015,O.Cu,Me.Cu,1722983000.0,,,filled,
676,COM00955.00,2016,O.Cu,Me.Cu,1688215000.0,,,filled,
676,COM00955.00,2017,O.Cu,Me.Cu,1651013000.0,,,filled,
676,COM00955.00,2018,O.Cu,Me.Cu,1615747000.0,,,filled,
676,COM00955.00,2019,O.Cu,Me.Cu,1578000000.0,,,,
677,COM00959.00,2003,O.Au,Me.Au,1120326364.0,,,filled,
677,COM00959.00,2004,O.Au,Me.Au,1101494000.0,,,filled,
677,COM00959.00,2005,O.Au,Me.Au,1084213000.0,,,filled,
677,COM00959.00,2006,O.Au,Me.Au,1067056000.0,,,filled,
677,COM00959.00,2007,O.Au,Me.Au,1049419000.0,,,filled,
677,COM00959.00,2008,O.Au,Me.Au,1029536000.0,,,filled,
677,COM00959.00,2009,O.Au,Me.Au,1008961000.0,,,filled,
677,COM00959.00,2010,O.Au,Me.Au,967705000.0,,,filled,
677,COM00959.00,2011,O.Au,Me.Au,922803000.0,,,filled,
677,COM00959.00,2012,O.Au,Me.Au,878369000.0,,,filled,
677,COM00959.00,2013,O.Au,Me.Au,823369000.0,,,filled,
677,COM00959.00,2014,O.Au,Me.Au,766938000.0,,,filled,
677,COM00959.00,2015,O.Au,Me.Au,713354000.0,,,filled,
677,COM00959.00,2016,O.Au,Me.Au,665604000.0,,,filled,
677,COM00959.00,2017,O.Au,Me.Au,618398000.0,,,filled,
677,COM00959.00,2018,O.Au,Me.Au,590628000.0,225.038513574,0.4,,
678,COM00962.00,2002,O.Fe,Me.Fe,1052000000.0,,,filled,
678,COM00962.00,2003,O.Fe,Me.Fe,1043200000.0,,,filled,
678,COM00962.00,2004,O.Fe,Me.Fe,1033000000.0,,,filled,
678,COM00962.00,2005,O.Fe,Me.Fe,1017500000.0,,,filled,
678,COM00962.00,2006,O.Fe,Me.Fe,994300000.0,,,filled,
678,COM00962.00,2007,O.Fe,Me.Fe,967800000.0,,,filled,
678,COM00962.00,2008,O.Fe,Me.Fe,935400000.0,,,filled,
678,COM00962.00,2009,O.Fe,Me.Fe,905700000.0,,,filled,
678,COM00962.00,2010,O.Fe,Me.Fe,889200000.0,,,filled,
678,COM00962.00,2011,O.Fe,Me.Fe,866600000.0,,,filled,
678,COM00962.00,2012,O.Fe,Me.Fe,842200000.0,,,filled,
678,COM00962.00,2013,O.Fe,Me.Fe,816400000.0,,,filled,
678,COM00962.00,2014,O.Fe,Me.Fe,790300000.0,,,filled,
678,COM00962.00,2015,O.Fe,Me.Fe,759100000.0,,,filled,
678,COM00962.00,2016,O.Fe,Me.Fe,731000000.0,,,filled,
678,COM00962.00,2017,O.Fe,Me.Fe,704600000.0,,,filled,
678,COM00962.00,2018,O.Fe,Me.Fe,662500000.0,,,filled,
678,COM00962.00,2019,O.Fe,Me.Fe,621500000.0,,,,
679,COM00963.00,2016,O.Au,Me.Ag,277870000.0,17202.4905564,67.92,,
680,COM00963.00,2016,O.Au,Me.Au,277870000.0,398.31079815,1.57,,
681,COM00963.00,2016,O.Au,Me.Cu,277870000.0,229200.224561,820.0,,
682,COM00965.00,2000,F.coal,,78563520.0,,,filled,
682,COM00965.00,2001,F.coal,,76476960.0,,,filled,
682,COM00965.00,2002,F.coal,,74753280.0,,,filled,
682,COM00965.00,2003,F.coal,,73029600.0,,,filled,
682,COM00965.00,2004,F.coal,,71396640.0,,,filled,
682,COM00965.00,2005,F.coal,,69128640.0,,,filled,
682,COM00965.00,2006,F.coal,,67586400.0,,,filled,
682,COM00965.00,2007,F.coal,,66134880.0,,,filled,
682,COM00965.00,2008,F.coal,,64864800.0,,,filled,
682,COM00965.00,2009,F.coal,,62415360.0,,,filled,
682,COM00965.00,2010,F.coal,,60147360.0,,,filled,
682,COM00965.00,2011,F.coal,,58605120.0,,,filled,
682,COM00965.00,2012,F.coal,,56609280.0,,,filled,
682,COM00965.00,2013,F.coal,,54432000.0,,,filled,
682,COM00965.00,2014,F.coal,,52073280.0,,,filled,
682,COM00965.00,2015,F.coal,,49714560.0,,,filled,
682,COM00965.00,2016,F.coal,,47537280.0,,,,
683,COM00966.00,2011,O.Au,Me.Au,3268233.0,,,filled,
683,COM00966.00,2012,O.Au,Me.Au,3017348.0,,,filled,
683,COM00966.00,2013,O.Au,Me.Au,2680471.0,,,filled,
683,COM00966.00,2014,O.Au,Me.Au,2172714.0,,,filled,
683,COM00966.00,2015,O.Au,Me.Au,1662470.0,,,filled,
683,COM00966.00,2016,O.Au,Me.Au,1206815.0,,,filled,
683,COM00966.00,2017,O.Au,Me.Au,808003.0,,,filled,
683,COM00966.00,2018,O.Au,Me.Au,455974.0,,,filled,
683,COM00966.00,2020,O.Au,Me.Au,281000.0,1.190679966,4.6,,
684,COM00969.00,2019,F.coal,,718000000.0,,,,
685,COM00970.00,2011,O.Fe,Me.Fe,282400000.0,,,filled,
685,COM00970.00,2012,O.Fe,Me.Fe,273400000.0,,,filled,
685,COM00970.00,2013,O.Fe,Me.Fe,265000000.0,,,filled,
685,COM00970.00,2014,O.Fe,Me.Fe,255500000.0,,,filled,
685,COM00970.00,2015,O.Fe,Me.Fe,245400000.0,,,filled,
685,COM00970.00,2016,O.Fe,Me.Fe,237500000.0,,,filled,
685,COM00970.00,2017,O.Fe,Me.Fe,226700000.0,,,filled,
685,COM00970.00,2018,O.Fe,Me.Fe,214300000.0,,,filled,
685,COM00970.00,2019,O.Fe,Me.Fe,201000000.0,,,,
686,COM00971.00,2019,O.Au,Me.Au,486800000.0,229.06414584,0.4819418932100001,,
687,COM00972.00,2015,O.bulk,Me.Pb,2172000.0,,,filled,
687,COM00972.00,2016,O.bulk,Me.Pb,1579000.0,,,filled,
687,COM00972.00,2017,O.bulk,Me.Pb,927000.0,,,filled,
687,COM00972.00,2018,O.bulk,Me.Pb,400000.0,,,,
688,COM00972.00,2018,O.bulk,Me.Zn,400000.0,,,,
689,COM00973.00,2019,O.Au,Me.Au,14800000.0,11.566605384,14.8,,
690,COM00974.00,2010,F.coc,,612904320.0,,,filled,
690,COM00974.00,2011,F.coc,,610817760.0,,,filled,
690,COM00974.00,2019,F.coc,,607279680.0,,,,
691,COM00975.00,2018,F.coal,,280006560.0,,,filled,
691,COM00975.00,2019,F.coal,,280004445.0,,,filled,
691,COM00975.00,2020,F.coal,,280000000.0,,,,
692,COM00977.00,2007,F.coal,,39570000.0,,,filled,
692,COM00977.00,2008,F.coal,,39020000.0,,,filled,
692,COM00977.00,2009,F.coal,,37880000.0,,,filled,
692,COM00977.00,2010,F.coal,,35900000.0,,,filled,
692,COM00977.00,2011,F.coal,,33200000.0,,,filled,
692,COM00977.00,2012,F.coal,,30000000.0,,,filled,
692,COM00977.00,2013,F.coal,,27500000.0,,,filled,
692,COM00977.00,2014,F.coal,,25400000.0,,,filled,
692,COM00977.00,2015,F.coal,,24600000.0,,,filled,
692,COM00977.00,2016,F.coal,,23800000.0,,,filled,
692,COM00977.00,2017,F.coal,,23300000.0,,,filled,
692,COM00977.00,2018,F.coal,,22200000.0,,,filled,
692,COM00977.00,2019,F.coal,,21000000.0,,,,
693,COM00981.00,2007,O.bulk,Me.Ag,512774801.0,,,filled,
693,COM00981.00,2008,O.bulk,Me.Ag,501669766.0,,,filled,
693,COM00981.00,2009,O.bulk,Me.Ag,492350100.0,,,filled,
693,COM00981.00,2010,O.bulk,Me.Ag,482992332.0,,,filled,
693,COM00981.00,2011,O.bulk,Me.Ag,473886766.0,,,filled,
693,COM00981.00,2012,O.bulk,Me.Ag,464206035.0,,,filled,
693,COM00981.00,2013,O.bulk,Me.Ag,453186277.0,,,filled,
693,COM00981.00,2014,O.bulk,Me.Ag,441972378.0,,,filled,
693,COM00981.00,2015,O.bulk,Me.Ag,428283637.0,,,filled,
693,COM00981.00,2016,O.bulk,Me.Ag,412325082.0,,,filled,
693,COM00981.00,2017,O.bulk,Me.Ag,249900000.0,1725.9189602400002,6.8038855512000005,,
694,COM00981.00,2017,O.bulk,Me.Au,253600000.0,114.81556815,0.4498698183440812,,
695,COM00981.00,2017,O.bulk,Me.Cu,394700000.0,603277.8521,,,
693,COM00981.00,2018,O.bulk,Me.Ag,377020486.0,,,filled,
696,COM00982.00,2004,O.Au,Me.Ag,61893000.0,,,filled,
696,COM00982.00,2005,O.Au,Me.Ag,45147000.0,,,filled,
696,COM00982.00,2008,O.Au,Me.Ag,29182000.0,188.581026996,6.5203903199000015,,
697,COM00982.00,2008,O.Au,Me.Au,29182000.0,19.362724209,0.65203903199,,
698,COM00983.00,2018,O.sul,Me.Cu,44473000.0,,,,
699,COM00984.00,2009,O.Al,Me.Al2O3,8174000.0,,,filled,
699,COM00984.00,2010,O.Al,Me.Al2O3,7479400.0,,,filled,
699,COM00984.00,2011,O.Al,Me.Al2O3,6956400.0,,,filled,
699,COM00984.00,2012,O.Al,Me.Al2O3,6640400.0,,,filled,
699,COM00984.00,2013,O.Al,Me.Al2O3,5606800.0,,,filled,
699,COM00984.00,2014,O.Al,Me.Al2O3,4908800.0,,,filled,
699,COM00984.00,2015,O.Al,Me.Al2O3,4368800.0,,,filled,
699,COM00984.00,2016,O.Al,Me.Al2O3,4004000.0,,,filled,
699,COM00984.00,2017,O.Al,Me.Al2O3,3551000.0,,,filled,
699,COM00984.00,2018,O.Al,Me.Al2O3,3030000.0,,,filled,
699,COM00984.00,2019,O.Al,Me.Al2O3,2920000.0,,,,
700,COM00984.00,2019,O.Al,Nm.SiO2,2920000.0,,,,
701,COM00986.00,2002,O.Al,Me.Al2O3,144532600.0,,,filled,
701,COM00986.00,2003,O.Al,Me.Al2O3,143704600.0,,,filled,
701,COM00986.00,2004,O.Al,Me.Al2O3,142212600.0,,,filled,
701,COM00986.00,2005,O.Al,Me.Al2O3,140427900.0,,,filled,
701,COM00986.00,2008,O.Al,Me.Al2O3,138581900.0,,,filled,
701,COM00986.00,2009,O.Al,Me.Al2O3,135600400.0,,,filled,
701,COM00986.00,2010,O.Al,Me.Al2O3,131343900.0,,,filled,
701,COM00986.00,2011,O.Al,Me.Al2O3,126605900.0,,,filled,
701,COM00986.00,2012,O.Al,Me.Al2O3,121482000.0,,,filled,
701,COM00986.00,2013,O.Al,Me.Al2O3,115302000.0,,,filled,
701,COM00986.00,2014,O.Al,Me.Al2O3,109172000.0,,,filled,
701,COM00986.00,2015,O.Al,Me.Al2O3,103041000.0,,,filled,
701,COM00986.00,2016,O.Al,Me.Al2O3,97371000.0,,,filled,
701,COM00986.00,2017,O.Al,Me.Al2O3,91422000.0,,,filled,
701,COM00986.00,2018,O.Al,Me.Al2O3,85754000.0,,,filled,
701,COM00986.00,2019,O.Al,Me.Al2O3,80080000.0,,,,
702,COM00986.00,2019,O.Al,Nm.SiO2,80080000.0,,,,
703,COM00990.00,2009,O.bulk,Me.Ag,51981337.0,,,filled,
703,COM00990.00,2010,O.bulk,Me.Ag,51753943.0,,,filled,
703,COM00990.00,2011,O.bulk,Me.Ag,49435677.0,,,filled,
703,COM00990.00,2012,O.bulk,Me.Ag,44926270.0,,,filled,
703,COM00990.00,2013,O.bulk,Me.Ag,40531597.0,,,filled,
703,COM00990.00,2014,O.bulk,Me.Ag,36529735.0,,,filled,
703,COM00990.00,2015,O.bulk,Me.Ag,32215535.0,,,filled,
703,COM00990.00,2016,O.bulk,Me.Ag,27738317.0,,,filled,
703,COM00990.00,2017,O.bulk,Me.Ag,23358917.0,,,filled,
703,COM00990.00,2018,O.bulk,Me.Ag,18855390.0,,,filled,
703,COM00990.00,2019,O.bulk,Me.Ag,15215000.0,737.115947523,53.149116661189616,,
704,COM00990.00,2019,O.bulk,Me.Au,15215000.0,28.859814414,2.081422280644101,,
705,COM00991.00,2019,O.bulk,Me.Cu,399000000.0,1240000.0,3100.0,,
706,COM00991.00,2019,O.bulk,Me.Mo,399000000.0,25000.0,60.0,,
707,COM00992.00,2019,F.coal,,54671869.0,,,,
708,COM00993.00,2010,F.obc,,4344580.4,,,filled,
708,COM00993.00,2011,F.obc,,4072420.4000000004,,,filled,
708,COM00993.00,2012,F.obc,,3890980.4000000004,,,filled,
708,COM00993.00,2013,F.obc,,3554409.4000000004,,,filled,
708,COM00993.00,2018,F.obc,,3285878.4000000004,,,,
709,COM00995.00,2002,O.Au,Me.Au,11696000.0,,,filled,
709,COM00995.00,2003,O.Au,Me.Au,8164000.0,,,filled,
709,COM00995.00,2004,O.Au,Me.Au,5154000.0,,,filled,
709,COM00995.00,2005,O.Au,Me.Au,2492000.0,,,filled,
709,COM00995.00,2013,O.Au,Me.Au,488000.0,3.713787513,7.597672198840001,,
709,COM00995.00,2015,O.Au,Me.Au,-322467.0,,,filled,
709,COM00995.00,2016,O.Au,Me.Au,-962209.0,,,filled,
710,COM00996.00,2012,O.Al,Me.Al2O3,4400000.0,,,filled,
710,COM00996.00,2013,O.Al,Me.Al2O3,3600000.0,,,filled,
710,COM00996.00,2014,O.Al,Me.Al2O3,2800000.0,,,filled,
710,COM00996.00,2015,O.Al,Me.Al2O3,2300000.0,,,filled,
710,COM00996.00,2016,O.Al,Me.Al2O3,2000000.0,,,filled,
710,COM00996.00,2017,O.Al,Me.Al2O3,1800000.0,,,filled,
710,COM00996.00,2018,O.Al,Me.Al2O3,1500000.0,,,filled,
710,COM00996.00,2019,O.Al,Me.Al2O3,1100000.0,,,,
711,COM00996.00,2019,O.Al,Nm.SiO2,1100000.0,,,,
712,COM00997.00,2019,O.Au,Me.Au,6650505.0,,,filled,
712,COM00997.00,2020,O.Au,Me.Au,5867000.0,42.836129253,8.0,,
713,COM00999.00,2007,F.coc,,94981000.0,,,filled,
713,COM00999.00,2008,F.coc,,93543000.0,,,filled,
713,COM00999.00,2009,F.coc,,91272000.0,,,filled,
713,COM00999.00,2010,F.coc,,88815000.0,,,filled,
713,COM00999.00,2011,F.coc,,85981000.0,,,filled,
713,COM00999.00,2012,F.coc,,83222000.0,,,filled,
713,COM00999.00,2013,F.coc,,80610000.0,,,filled,
713,COM00999.00,2014,F.coc,,77898000.0,,,filled,
713,COM00999.00,2015,F.coc,,74835000.0,,,filled,
713,COM00999.00,2016,F.coc,,71369000.0,,,filled,
713,COM00999.00,2017,F.coc,,67907000.0,,,filled,
713,COM00999.00,2018,F.coc,,64718000.0,,,filled,
713,COM00999.00,2019,F.coc,,61000000.0,,,,
714,COM01005.00,2001,F.lig,,94179234.2,,,filled,
714,COM01005.00,2002,F.lig,,90779234.2,,,filled,
714,COM01005.00,2003,F.lig,,87379234.2,,,filled,
714,COM01005.00,2004,F.lig,,83979234.2,,,filled,
714,COM01005.00,2005,F.lig,,80479234.2,,,filled,
714,COM01005.00,2006,F.lig,,77079234.2,,,filled,
714,COM01005.00,2007,F.lig,,74379234.2,,,filled,
714,COM01005.00,2008,F.lig,,70979234.2,,,filled,
714,COM01005.00,2009,F.lig,,68379234.2,,,filled,
714,COM01005.00,2010,F.lig,,65079234.2,,,filled,
714,COM01005.00,2011,F.lig,,61579234.2,,,filled,
714,COM01005.00,2012,F.lig,,58079234.2,,,filled,
714,COM01005.00,2013,F.lig,,54479234.2,,,filled,
714,COM01005.00,2014,F.lig,,51179234.2,,,filled,
714,COM01005.00,2015,F.lig,,47737771.2,,,filled,
714,COM01005.00,2016,F.lig,,44386574.2,,,filled,
714,COM01005.00,2017,F.lig,,40824907.2,,,,
715,COM01006.00,2007,O.bulk,Me.Ag,1225987.0,,,filled,
715,COM01006.00,2008,O.bulk,Me.Ag,1164120.0,,,filled,
715,COM01006.00,2009,O.bulk,Me.Ag,979932.0,,,filled,
715,COM01006.00,2010,O.bulk,Me.Ag,735482.0,,,filled,
715,COM01006.00,2011,O.bulk,Me.Ag,490441.0,,,filled,
715,COM01006.00,2012,O.bulk,Me.Ag,229966.0,,,filled,
715,COM01006.00,2013,O.bulk,Me.Ag,107600.0,,,,
716,COM01006.00,2013,O.bulk,Me.Au,107600.0,,,,
717,COM01007.00,2003,O.Au,Me.Au,87910387.75510204,,,filled,
717,COM01007.00,2004,O.Au,Me.Au,80764387.75510204,,,filled,
717,COM01007.00,2005,O.Au,Me.Au,67012387.75510204,,,filled,
717,COM01007.00,2006,O.Au,Me.Au,61569387.75510204,98.87619348367348,1.76,,
717,COM01007.00,2007,O.Au,Me.Au,37109387.75510204,,,filled,
717,COM01007.00,2008,O.Au,Me.Au,33315587.75510204,,,filled,
717,COM01007.00,2009,O.Au,Me.Au,29290187.75510204,,,filled,
717,COM01007.00,2010,O.Au,Me.Au,25160787.75510204,,,filled,
717,COM01007.00,2011,O.Au,Me.Au,21050787.75510204,,,filled,
717,COM01007.00,2012,O.Au,Me.Au,16888387.75510204,,,filled,
717,COM01007.00,2013,O.Au,Me.Au,12656687.755102038,,,filled,
717,COM01007.00,2014,O.Au,Me.Au,8489887.755102038,,,filled,
717,COM01007.00,2015,O.Au,Me.Au,4474887.755102038,,,filled,
717,COM01007.00,2016,O.Au,Me.Au,983887.7551020384,,,filled,
717,COM01007.00,2017,O.Au,Me.Au,-2305112.2448979616,,,filled,
717,COM01007.00,2018,O.Au,Me.Au,-5977112.244897962,,,filled,
718,COM01007.00,2019,O.bulk,Me.Au,54300000.0,79.94565486,1.461958281190166,,
719,COM01008.00,2013,O.Au,Me.Au,86170285.2631579,,,filled,
719,COM01008.00,2014,O.Au,Me.Au,66561864.2631579,,,filled,
719,COM01008.00,2015,O.Au,Me.Au,50018706.2631579,,,filled,
719,COM01008.00,2018,O.Au,Me.Au,27882105.263157897,125.3347332631579,4.93,,
720,COM01012.00,2011,O.Fe,Me.Fe,32700000.0,,,filled,
720,COM01012.00,2012,O.Fe,Me.Fe,30000000.0,,,filled,
720,COM01012.00,2013,O.Fe,Me.Fe,27000000.0,,,filled,
720,COM01012.00,2014,O.Fe,Me.Fe,24100000.0,,,filled,
720,COM01012.00,2015,O.Fe,Me.Fe,21100000.0,,,filled,
720,COM01012.00,2016,O.Fe,Me.Fe,18400000.0,,,filled,
720,COM01012.00,2017,O.Fe,Me.Fe,16100000.0,,,filled,
720,COM01012.00,2018,O.Fe,Me.Fe,13900000.0,,,filled,
720,COM01012.00,2019,O.Fe,Me.Fe,12000000.0,,,,
721,COM01013.00,2011,F.coal,,69040000.0,,,filled,
721,COM01013.00,2012,F.coal,,66640000.0,,,filled,
721,COM01013.00,2013,F.coal,,64200000.0,,,filled,
721,COM01013.00,2014,F.coal,,61600000.0,,,filled,
721,COM01013.00,2015,F.coal,,59600000.0,,,filled,
721,COM01013.00,2016,F.coal,,58000000.0,,,filled,
721,COM01013.00,2017,F.coal,,56200000.0,,,filled,
721,COM01013.00,2018,F.coal,,54100000.0,,,filled,
721,COM01013.00,2019,F.coal,,52000000.0,,,,
722,COM01015.00,2009,O.bulk,Me.Ag,160373477.0,,,filled,
722,COM01015.00,2010,O.bulk,Me.Ag,151253251.0,,,filled,
722,COM01015.00,2011,O.bulk,Me.Ag,141215627.0,,,filled,
722,COM01015.00,2012,O.bulk,Me.Ag,129881773.0,,,filled,
722,COM01015.00,2013,O.bulk,Me.Ag,122127378.0,,,filled,
722,COM01015.00,2014,O.bulk,Me.Ag,112641400.0,,,filled,
722,COM01015.00,2015,O.bulk,Me.Ag,102778493.0,,,filled,
722,COM01015.00,2016,O.bulk,Me.Ag,91194444.0,,,filled,
722,COM01015.00,2017,O.bulk,Me.Ag,76401822.0,,,filled,
722,COM01015.00,2018,O.bulk,Me.Ag,61132329.0,,,filled,
722,COM01015.00,2019,O.bulk,Me.Ag,56000000.0,124.737901772,2.2607142857142857,,
723,COM01015.00,2019,O.bulk,Me.Au,56000000.0,33.73593237,0.6678571428571428,,
724,COM01015.00,2019,O.bulk,Me.Cu,56000000.0,473000.0,8785.714285714286,,
725,COM01016.00,2019,F.coal,,821000000.0,,,,
726,COM01017.00,2019,F.coal,,45000000.0,,,,
727,COM01020.00,2010,F.coal,,312601735.0,,,filled,
727,COM01020.00,2011,F.coal,,311349468.0,,,filled,
727,COM01020.00,2012,F.coal,,310139134.0,,,filled,
727,COM01020.00,2013,F.coal,,308806681.0,,,filled,
727,COM01020.00,2014,F.coal,,307072916.0,,,filled,
727,COM01020.00,2015,F.coal,,306536039.0,,,filled,
727,COM01020.00,2016,F.coal,,305959354.0,,,filled,
727,COM01020.00,2017,F.coal,,305697622.0,,,filled,
727,COM01020.00,2018,F.coal,,305140000.0,,,,
728,COM01022.00,2020,F.coal,,189900000.0,,,,
729,COM01023.00,2007,F.coal,,3194999.0,,,filled,
729,COM01023.00,2008,F.coal,,2472413.0,,,filled,
729,COM01023.00,2009,F.coal,,1760214.0,,,filled,
729,COM01023.00,2010,F.coal,,976971.0,,,filled,
729,COM01023.00,2020,F.coal,,900000.0,,,,
730,COM01025.00,2012,F.coal,,163600000.0,,,filled,
730,COM01025.00,2013,F.coal,,163300000.0,,,filled,
730,COM01025.00,2014,F.coal,,161700000.0,,,filled,
730,COM01025.00,2015,F.coal,,159200000.0,,,filled,
730,COM01025.00,2016,F.coal,,156400000.0,,,filled,
730,COM01025.00,2017,F.coal,,153800000.0,,,filled,
730,COM01025.00,2018,F.coal,,151600000.0,,,filled,
730,COM01025.00,2019,F.coal,,149000000.0,,,filled,
730,COM01025.00,2020,F.coal,,146000000.0,,,,
731,COM01026.00,2020,F.coal,,693900000.0,,,,
732,COM01028.00,2012,O.Ni,,24547750.0,,,filled,
732,COM01028.00,2013,O.Ni,,22243888.0,,,filled,
732,COM01028.00,2014,O.Ni,,19714614.0,,,filled,
732,COM01028.00,2015,O.Ni,,19714614.0,,,filled,
732,COM01028.00,2016,O.Ni,,19714614.0,,,filled,
732,COM01028.00,2017,O.Ni,,19714614.0,,,filled,
732,COM01028.00,2018,O.Ni,,19681718.0,,,filled,
732,COM01028.00,2019,O.Ni,,19634877.0,,,,
733,COM01030.00,2004,F.coal,,239200000.0,,,filled,
733,COM01030.00,2005,F.coal,,231300000.0,,,filled,
733,COM01030.00,2006,F.coal,,223600000.0,,,filled,
733,COM01030.00,2007,F.coal,,213300000.0,,,filled,
733,COM01030.00,2008,F.coal,,201800000.0,,,filled,
733,COM01030.00,2009,F.coal,,191100000.0,,,filled,
733,COM01030.00,2010,F.coal,,178700000.0,,,filled,
733,COM01030.00,2011,F.coal,,164400000.0,,,filled,
733,COM01030.00,2012,F.coal,,149600000.0,,,filled,
733,COM01030.00,2013,F.coal,,134800000.0,,,filled,
733,COM01030.00,2014,F.coal,,119700000.0,,,filled,
733,COM01030.00,2015,F.coal,,104700000.0,,,filled,
733,COM01030.00,2016,F.coal,,91300000.0,,,filled,
733,COM01030.00,2017,F.coal,,75800000.0,,,filled,
733,COM01030.00,2018,F.coal,,62800000.0,,,filled,
733,COM01030.00,2019,F.coal,,50200000.0,,,filled,
733,COM01030.00,2020,F.coal,,37800000.0,,,,
734,COM01031.00,2019,F.coal,,13100000.0,,,,
735,COM01032.00,2013,F.coal,,184016855.0,,,filled,
735,COM01032.00,2014,F.coal,,179859118.0,,,filled,
735,COM01032.00,2015,F.coal,,176441437.0,,,filled,
735,COM01032.00,2016,F.coal,,173274213.0,,,filled,
735,COM01032.00,2017,F.coal,,170091686.0,,,filled,
735,COM01032.00,2018,F.coal,,168262045.0,,,filled,
735,COM01032.00,2019,F.coal,,166650595.0,,,filled,
735,COM01032.00,2020,F.coal,,162960000.0,,,,
736,COM01033.00,2009,F.coal,,122919400.0,,,filled,
736,COM01033.00,2010,F.coal,,122861488.0,,,filled,
736,COM01033.00,2011,F.coal,,122353930.0,,,filled,
736,COM01033.00,2012,F.coal,,121793617.0,,,filled,
736,COM01033.00,2013,F.coal,,120890951.0,,,filled,
736,COM01033.00,2014,F.coal,,119826928.0,,,filled,
736,COM01033.00,2015,F.coal,,118975302.0,,,filled,
736,COM01033.00,2016,F.coal,,118288859.0,,,filled,
736,COM01033.00,2017,F.coal,,117444834.0,,,filled,
736,COM01033.00,2018,F.coal,,116574329.0,,,filled,
736,COM01033.00,2019,F.coal,,115589042.0,,,filled,
736,COM01033.00,2020,F.coal,,114600000.0,,,,
737,COM01034.00,2004,F.coal,,38300000.0,,,filled,
737,COM01034.00,2005,F.coal,,35600000.0,,,filled,
737,COM01034.00,2006,F.coal,,32500000.0,,,filled,
737,COM01034.00,2007,F.coal,,29200000.0,,,filled,
737,COM01034.00,2008,F.coal,,26500000.0,,,filled,
737,COM01034.00,2009,F.coal,,24100000.0,,,filled,
737,COM01034.00,2010,F.coal,,21000000.0,,,filled,
737,COM01034.00,2011,F.coal,,20100000.0,,,filled,
737,COM01034.00,2012,F.coal,,18700000.0,,,filled,
737,COM01034.00,2013,F.coal,,17500000.0,,,filled,
737,COM01034.00,2014,F.coal,,16200000.0,,,filled,
737,COM01034.00,2015,F.coal,,14900000.0,,,filled,
737,COM01034.00,2016,F.coal,,13600000.0,,,filled,
737,COM01034.00,2017,F.coal,,12600000.0,,,filled,
737,COM01034.00,2018,F.coal,,11700000.0,,,filled,
737,COM01034.00,2019,F.coal,,10600000.0,,,filled,
737,COM01034.00,2020,F.coal,,9000000.0,,,,
738,COM01036.00,2007,F.coal,,1643035000.0,,,filled,
738,COM01036.00,2008,F.coal,,1606700000.0,,,filled,
738,COM01036.00,2009,F.coal,,1569200000.0,,,filled,
738,COM01036.00,2010,F.coal,,1528900000.0,,,filled,
738,COM01036.00,2011,F.coal,,1489600000.0,,,filled,
738,COM01036.00,2012,F.coal,,1448700000.0,,,filled,
738,COM01036.00,2013,F.coal,,1404400000.0,,,filled,
738,COM01036.00,2014,F.coal,,1354600000.0,,,filled,
738,COM01036.00,2015,F.coal,,1301900000.0,,,filled,
738,COM01036.00,2016,F.coal,,1245500000.0,,,filled,
738,COM01036.00,2017,F.coal,,1187800000.0,,,filled,
738,COM01036.00,2018,F.coal,,1129900000.0,,,filled,
738,COM01036.00,2019,F.coal,,1073000000.0,,,,
739,COM01038.00,2004,F.coal,,28700000.0,,,filled,
739,COM01038.00,2005,F.coal,,26800000.0,,,filled,
739,COM01038.00,2006,F.coal,,25200000.0,,,filled,
739,COM01038.00,2007,F.coal,,23600000.0,,,filled,
739,COM01038.00,2008,F.coal,,23600000.0,,,filled,
739,COM01038.00,2009,F.coal,,23600000.0,,,filled,
739,COM01038.00,2010,F.coal,,22900000.0,,,filled,
739,COM01038.00,2011,F.coal,,21700000.0,,,filled,
739,COM01038.00,2012,F.coal,,20000000.0,,,filled,
739,COM01038.00,2013,F.coal,,16500000.0,,,filled,
739,COM01038.00,2014,F.coal,,12900000.0,,,filled,
739,COM01038.00,2015,F.coal,,9800000.0,,,filled,
739,COM01038.00,2016,F.coal,,6100000.0,,,filled,
739,COM01038.00,2017,F.coal,,5300000.0,,,filled,
739,COM01038.00,2018,F.coal,,4300000.0,,,filled,
739,COM01038.00,2019,F.coal,,3200000.0,,,filled,
739,COM01038.00,2020,F.coal,,1800000.0,,,,
740,COM01039.00,2019,F.coal,,95300000.0,,,,
741,COM01041.00,2016,F.coal,,44000000.0,,,filled,
741,COM01041.00,2017,F.coal,,43900000.0,,,filled,
741,COM01041.00,2018,F.coal,,43400000.0,,,filled,
741,COM01041.00,2019,F.coal,,42200000.0,,,filled,
741,COM01041.00,2020,F.coal,,40600000.0,,,,
742,COM01042.00,2019,F.coal,,214000000.0,,,,
743,COM01043.00,2019,F.coal,,16000000.0,,,,
744,COM01046.00,2019,F.coal,,5800000.0,,,,
745,COM01046.00,2020,F.coal,,254000000.0,,,,
746,COM01047.00,2020,F.coal,,4500000.0,,,,
747,COM01048.00,2005,F.coal,,121000000.0,,,filled,
747,COM01048.00,2006,F.coal,,119500000.0,,,filled,
747,COM01048.00,2007,F.coal,,115100000.0,,,filled,
747,COM01048.00,2008,F.coal,,111500000.0,,,filled,
747,COM01048.00,2009,F.coal,,107000000.0,,,filled,
747,COM01048.00,2010,F.coal,,101800000.0,,,filled,
747,COM01048.00,2011,F.coal,,96300000.0,,,filled,
747,COM01048.00,2012,F.coal,,89200000.0,,,filled,
747,COM01048.00,2013,F.coal,,81500000.0,,,filled,
747,COM01048.00,2014,F.coal,,73700000.0,,,filled,
747,COM01048.00,2015,F.coal,,66500000.0,,,filled,
747,COM01048.00,2016,F.coal,,59200000.0,,,filled,
747,COM01048.00,2017,F.coal,,53500000.0,,,filled,
747,COM01048.00,2018,F.coal,,48800000.0,,,filled,
747,COM01048.00,2019,F.coal,,44100000.0,,,filled,
747,COM01048.00,2020,F.coal,,39200000.0,,,,
748,COM01052.00,2013,O.Au,Me.Ag,161489250.6666667,,,filled,
748,COM01052.00,2014,O.Au,Me.Ag,157060000.6666667,,,filled,
748,COM01052.00,2015,O.Au,Me.Ag,150348333.6666667,,,filled,
748,COM01052.00,2016,O.Au,Me.Ag,143431666.6666667,,,filled,
748,COM01052.00,2017,O.Au,Me.Ag,135886666.6666667,,,filled,
748,COM01052.00,2018,O.Au,Me.Ag,127901666.66666669,1986.92356866,17.04,,
749,COM01052.00,2018,O.Au,Me.Au,127901666.66666669,309.57679116,2.66,,
750,COM01053.00,2019,O.Au,Me.Ag,10377000.0,1409.25478833,149.0,,
751,COM01053.00,2019,O.Au,Me.Pb,10377000.0,117934.0162,11399.999999999998,,
752,COM01053.00,2019,O.Au,Me.Zn,10377000.0,48987.97596,4700.0,,
753,COM01055.00,2013,O.bulk,Me.Ag,7618000.0,,,filled,
753,COM01055.00,2014,O.bulk,Me.Ag,6236000.0,,,filled,
753,COM01055.00,2015,O.bulk,Me.Ag,4859000.0,,,filled,
753,COM01055.00,2016,O.bulk,Me.Ag,3480000.0,,,filled,
753,COM01055.00,2017,O.bulk,Me.Ag,2100000.0,,,,
754,COM01055.00,2017,O.bulk,Me.Au,2100000.0,,,,
755,COM01055.00,2017,O.bulk,Me.Cu,2100000.0,,,,
756,COM01055.00,2017,O.bulk,Me.Zn,2100000.0,,,,
757,COM01055.00,2017,O.bulk,Nm.S,2100000.0,,,,
753,COM01055.00,2018,O.bulk,Me.Ag,852000.0,,,filled,
758,COM01056.00,2018,O.bulk,Me.Ag,1400000000.0,,,,
759,COM01056.00,2018,O.bulk,Me.Cu,1424100000.0,,,,
760,COM01056.00,2018,O.bulk,Me.Mo,1400000000.0,,,,
761,COM01057.00,2018,O.Cu,Me.Cu,110143766.60061552,1323830.33910578,12100.0,,
762,COM01059.00,2014,O.Cu,Me.Cu,1332000000.0,,,,
763,COM01059.00,2014,O.Cu,Me.Mo,1332000000.0,,,,
764,COM01061.00,2006,O.bulk,Me.Ag,69754739.0,,,filled,
764,COM01061.00,2007,O.bulk,Me.Ag,69263115.0,,,filled,
764,COM01061.00,2008,O.bulk,Me.Ag,68684040.0,,,filled,
764,COM01061.00,2009,O.bulk,Me.Ag,67870791.0,,,filled,
764,COM01061.00,2010,O.bulk,Me.Ag,67087503.0,,,filled,
764,COM01061.00,2011,O.bulk,Me.Ag,66141506.0,,,filled,
764,COM01061.00,2012,O.bulk,Me.Ag,64991222.0,,,filled,
764,COM01061.00,2013,O.bulk,Me.Ag,63100572.0,,,filled,
764,COM01061.00,2014,O.bulk,Me.Ag,60961068.0,,,filled,
764,COM01061.00,2015,O.bulk,Me.Ag,58627573.0,,,filled,
764,COM01061.00,2016,O.bulk,Me.Ag,56144234.0,,,filled,
764,COM01061.00,2017,O.bulk,Me.Ag,52505870.0,,,filled,
764,COM01061.00,2018,O.bulk,Me.Ag,48095568.0,,,filled,
764,COM01061.00,2019,O.bulk,Me.Ag,42700000.0,,,,
765,COM01061.00,2019,O.bulk,Me.Pb,42700000.0,,,,
766,COM01061.00,2019,O.bulk,Me.Zn,42700000.0,,,,
767,COM01062.00,2006,O.bulk,Me.Ag,99479647.0,,,filled,
767,COM01062.00,2007,O.bulk,Me.Ag,95983647.0,,,filled,
767,COM01062.00,2008,O.bulk,Me.Ag,92234807.0,,,filled,
767,COM01062.00,2009,O.bulk,Me.Ag,88166592.0,,,filled,
767,COM01062.00,2010,O.bulk,Me.Ag,83213482.0,,,filled,
767,COM01062.00,2011,O.bulk,Me.Ag,78077857.0,,,filled,
767,COM01062.00,2012,O.bulk,Me.Ag,71928692.0,,,filled,
767,COM01062.00,2013,O.bulk,Me.Ag,65981611.0,,,filled,
767,COM01062.00,2014,O.bulk,Me.Ag,59803932.0,,,filled,
767,COM01062.00,2015,O.bulk,Me.Ag,54000080.0,,,filled,
767,COM01062.00,2016,O.bulk,Me.Ag,48548760.0,,,filled,
767,COM01062.00,2017,O.bulk,Me.Ag,43844125.0,,,filled,
767,COM01062.00,2018,O.bulk,Me.Ag,39143187.0,,,filled,
767,COM01062.00,2019,O.bulk,Me.Ag,35300000.0,,,,
768,COM01062.00,2019,O.bulk,Me.Pb,35300000.0,,,,
769,COM01062.00,2019,O.bulk,Me.Zn,35300000.0,,,,
770,COM01065.00,2006,F.coal,,19729231.0,,,filled,
770,COM01065.00,2007,F.coal,,19505543.0,,,filled,
770,COM01065.00,2008,F.coal,,18953904.0,,,filled,
770,COM01065.00,2009,F.coal,,18351283.0,,,filled,
770,COM01065.00,2010,F.coal,,17690400.0,,,,
771,COM01066.00,2017,O.bulk,Me.Ca,184600000.0,,,,
772,COM01066.00,2017,O.bulk,Me.Co,184600000.0,,,,
773,COM01066.00,2017,O.bulk,Me.Mg,184600000.0,,,,
774,COM01066.00,2017,O.bulk,Me.Ni,184600000.0,,,,
775,COM01067.00,2020,O.Au,Me.Au,,73.708760138,,,
776,COM01070.00,2000,F.stc,,412322400.0,,,filled,
776,COM01070.00,2001,F.stc,,412322400.0,,,filled,
776,COM01070.00,2002,F.stc,,412322400.0,,,filled,
776,COM01070.00,2003,F.stc,,409147200.0,,,filled,
776,COM01070.00,2004,F.stc,,405881280.0,,,filled,
776,COM01070.00,2005,F.stc,,399621600.0,,,filled,
776,COM01070.00,2006,F.stc,,388372320.0,,,filled,
776,COM01070.00,2007,F.stc,,372949920.0,,,filled,
776,COM01070.00,2008,F.stc,,357346080.0,,,filled,
776,COM01070.00,2009,F.stc,,340653600.0,,,filled,
776,COM01070.00,2010,F.stc,,326319840.0,,,filled,
776,COM01070.00,2011,F.stc,,316159200.0,,,filled,
776,COM01070.00,2012,F.stc,,302551200.0,,,filled,
776,COM01070.00,2013,F.stc,,289215360.0,,,filled,
776,COM01070.00,2014,F.stc,,276333120.0,,,filled,
776,COM01070.00,2015,F.stc,,262362240.0,,,filled,
776,COM01070.00,2016,F.stc,,248572800.0,,,filled,
776,COM01070.00,2017,F.stc,,241224480.0,,,filled,
776,COM01070.00,2018,F.stc,,231789600.0,,,filled,
776,COM01070.00,2019,F.stc,,223171200.0,,,,
777,COM01071.00,2006,O.bulk,Me.Ag,735319.0,,,filled,
777,COM01071.00,2007,O.bulk,Me.Ag,663119.0,,,filled,
777,COM01071.00,2008,O.bulk,Me.Ag,564149.0,,,filled,
777,COM01071.00,2009,O.bulk,Me.Ag,461149.0,,,filled,
777,COM01071.00,2010,O.bulk,Me.Ag,403529.0,,,filled,
777,COM01071.00,2011,O.bulk,Me.Ag,282729.0,,,filled,
777,COM01071.00,2012,O.bulk,Me.Ag,170279.0,,,filled,
777,COM01071.00,2013,O.bulk,Me.Ag,63594.0,,,,
778,COM01071.00,2013,O.bulk,Me.Pb,63594.0,,,,
779,COM01071.00,2013,O.bulk,Me.Zn,63594.0,,,,
780,COM01072.00,2000,O.bulk,Me.Ag,131163000.0,,,filled,
780,COM01072.00,2001,O.bulk,Me.Ag,124572000.0,,,filled,
780,COM01072.00,2002,O.bulk,Me.Ag,117278000.0,,,filled,
780,COM01072.00,2003,O.bulk,Me.Ag,110021000.0,,,filled,
780,COM01072.00,2004,O.bulk,Me.Ag,103571000.0,,,filled,
780,COM01072.00,2005,O.bulk,Me.Ag,97226000.0,,,filled,
780,COM01072.00,2006,O.bulk,Me.Ag,94139000.0,,,filled,
780,COM01072.00,2007,O.bulk,Me.Ag,90901000.0,,,filled,
780,COM01072.00,2010,O.bulk,Me.Ag,87520000.0,,,filled,
780,COM01072.00,2011,O.bulk,Me.Ag,83948000.0,,,filled,
780,COM01072.00,2012,O.bulk,Me.Ag,80275000.0,,,filled,
780,COM01072.00,2013,O.bulk,Me.Ag,76699000.0,,,filled,
780,COM01072.00,2014,O.bulk,Me.Ag,72846000.0,,,filled,
780,COM01072.00,2015,O.bulk,Me.Ag,68546000.0,,,filled,
780,COM01072.00,2016,O.bulk,Me.Ag,64520000.0,,,filled,
780,COM01072.00,2017,O.bulk,Me.Ag,60270000.0,,,filled,
780,COM01072.00,2018,O.bulk,Me.Ag,56000000.0,,,,
781,COM01072.00,2018,O.bulk,Me.Pb,56000000.0,,,,
782,COM01072.00,2018,O.bulk,Me.Zn,56000000.0,,,,
783,COM01073.00,2019,F.coal,,217728000.0,,,,
784,COM01074.00,2019,O.bulk,Me.Au,5100000.0,36.854379900000005,7.172429351890002,,
785,COM01081.00,2006,O.Sn,Me.Cu,38060845.0,,,filled,
785,COM01081.00,2007,O.Sn,Me.Cu,37949072.0,,,filled,
785,COM01081.00,2008,O.Sn,Me.Cu,37949072.0,,,filled,
785,COM01081.00,2009,O.Sn,Me.Cu,37949072.0,,,filled,
785,COM01081.00,2010,O.Sn,Me.Cu,37446057.0,,,filled,
785,COM01081.00,2011,O.Sn,Me.Cu,36851680.0,,,filled,
785,COM01081.00,2012,O.Sn,Me.Cu,36372914.0,,,filled,
785,COM01081.00,2013,O.Sn,Me.Cu,35837520.0,,,filled,
785,COM01081.00,2014,O.Sn,Me.Cu,35237166.0,,,filled,
785,COM01081.00,2015,O.Sn,Me.Cu,34602090.0,,,filled,
785,COM01081.00,2016,O.Sn,Me.Cu,33957156.0,,,filled,
785,COM01081.00,2017,O.Sn,Me.Cu,33272880.0,,,filled,
785,COM01081.00,2018,O.Sn,Me.Cu,32520328.0,,,filled,
785,COM01081.00,2019,O.Sn,Me.Cu,31717980.0,,,filled,
785,COM01081.00,2020,O.Sn,Me.Cu,30920000.0,66000.0,2100.0,,
786,COM01081.00,2020,O.Sn,Me.Sn,30920000.0,181000.0,6000.0,,
789,COM01086.00,2019,O.Fe,Me.Fe,41881000.0,,,,
790,COM01086.00,2019,O.Fe,Me.Ni,41881000.0,490000.0,11700.0,,
787,COM01086.00,2019,O.bulk,Me.Fe,19845000.0,,,,
788,COM01086.00,2019,O.bulk,Me.Ni,19845000.0,285760.0,14400.0,,
791,COM01088.00,2009,F.coal,,281594880.0,,,filled,
791,COM01088.00,2010,F.coal,,281141280.0,,,filled,
791,COM01088.00,2011,F.coal,,275788800.0,,,filled,
791,COM01088.00,2012,F.coal,,268894080.0,,,filled,
791,COM01088.00,2013,F.coal,,261092160.0,,,filled,
791,COM01088.00,2014,F.coal,,252655200.0,,,filled,
791,COM01088.00,2015,F.coal,,244218240.0,,,filled,
791,COM01088.00,2016,F.coal,,235962720.0,,,filled,
791,COM01088.00,2017,F.coal,,228160800.0,,,filled,
791,COM01088.00,2018,F.coal,,219996000.0,,,filled,
791,COM01088.00,2019,F.coal,,211105440.0,,,,
792,COM01090.00,2001,O.Fe,Me.Fe,2130368113.2075472,,,filled,
792,COM01090.00,2002,O.Fe,Me.Fe,2099662113.2075472,,,filled,
792,COM01090.00,2003,O.Fe,Me.Fe,2063802113.2075472,,,filled,
792,COM01090.00,2004,O.Fe,Me.Fe,2018666113.2075472,,,filled,
792,COM01090.00,2005,O.Fe,Me.Fe,1970207113.2075472,,,filled,
792,COM01090.00,2006,O.Fe,Me.Fe,1917822113.2075472,,,filled,
792,COM01090.00,2007,O.Fe,Me.Fe,1864890113.2075472,,,filled,
792,COM01090.00,2008,O.Fe,Me.Fe,1813378113.2075472,,,filled,
792,COM01090.00,2009,O.Fe,Me.Fe,1763132113.2075472,,,filled,
792,COM01090.00,2010,O.Fe,Me.Fe,1708715113.2075472,,,filled,
792,COM01090.00,2011,O.Fe,Me.Fe,1649074113.2075472,,,filled,
792,COM01090.00,2012,O.Fe,Me.Fe,1591572113.2075472,,,filled,
792,COM01090.00,2013,O.Fe,Me.Fe,1529865113.2075472,,,filled,
792,COM01090.00,2014,O.Fe,Me.Fe,1467464113.2075472,,,filled,
792,COM01090.00,2015,O.Fe,Me.Fe,1403665113.2075472,,,filled,
792,COM01090.00,2016,O.Fe,Me.Fe,1338518113.2075472,,,filled,
792,COM01090.00,2017,O.Fe,Me.Fe,1271698113.2075472,,,,
792,COM01090.00,2018,O.Fe,Me.Fe,1207079113.2075472,,,filled,
793,COM01093.00,2000,O.bulk,Me.Ag,420807804.0,,,filled,
793,COM01093.00,2001,O.bulk,Me.Ag,410578217.0,,,filled,
793,COM01093.00,2002,O.bulk,Me.Ag,400934681.0,,,filled,
793,COM01093.00,2003,O.bulk,Me.Ag,395210249.0,,,filled,
793,COM01093.00,2004,O.bulk,Me.Ag,389199142.0,,,filled,
793,COM01093.00,2005,O.bulk,Me.Ag,379445835.0,,,filled,
793,COM01093.00,2006,O.bulk,Me.Ag,370984217.0,,,filled,
793,COM01093.00,2007,O.bulk,Me.Ag,361549867.0,,,filled,
793,COM01093.00,2011,O.bulk,Me.Ag,356958820.0,,,filled,
793,COM01093.00,2012,O.bulk,Me.Ag,355341309.0,,,filled,
793,COM01093.00,2013,O.bulk,Me.Ag,347243099.0,,,filled,
793,COM01093.00,2014,O.bulk,Me.Ag,337541816.0,,,filled,
793,COM01093.00,2015,O.bulk,Me.Ag,325608118.0,,,filled,
793,COM01093.00,2016,O.bulk,Me.Ag,310717063.0,,,filled,
793,COM01093.00,2017,O.bulk,Me.Ag,292975862.0,,,filled,
793,COM01093.00,2018,O.bulk,Me.Ag,278061249.0,,,filled,
793,COM01093.00,2019,O.bulk,Me.Ag,263392000.0,3330.303515379,12.7572854085,,
794,COM01093.00,2019,O.bulk,Me.Au,263392000.0,20.893598451000003,0.08504856939,,
795,COM01097.00,2010,O.bulk,Me.Ag,11348084.0,,,filled,
795,COM01097.00,2011,O.bulk,Me.Ag,10660837.0,,,filled,
795,COM01097.00,2012,O.bulk,Me.Ag,9881390.0,,,filled,
795,COM01097.00,2013,O.bulk,Me.Ag,9024433.0,,,filled,
795,COM01097.00,2014,O.bulk,Me.Ag,8131252.0,,,filled,
795,COM01097.00,2015,O.bulk,Me.Ag,7288329.0,,,filled,
795,COM01097.00,2017,O.bulk,Me.Ag,6390813.0,,,filled,
795,COM01097.00,2018,O.bulk,Me.Ag,5400000.0,,,,
796,COM01097.00,2018,O.bulk,Me.Au,5400000.0,,,,
797,COM01097.00,2018,O.bulk,Me.Cu,5400000.0,,,,
798,COM01097.00,2018,O.bulk,Me.Pb,5400000.0,,,,
799,COM01097.00,2018,O.bulk,Me.Zn,5400000.0,,,,
800,COM01098.00,2019,O.bulk,Me.Ag,537100000.0,,,,
801,COM01098.00,2019,O.bulk,Me.Cu,537100000.0,,,,
802,COM01098.00,2019,O.bulk,Me.Mo,537100000.0,,,,
803,COM01100.00,2018,,Me.U,72000000.0,,,,
804,COM01101.00,2002,O.Au,Me.Au,270093364.0,,,filled,
804,COM01101.00,2003,O.Au,Me.Au,207871364.0,,,filled,
804,COM01101.00,2004,O.Au,Me.Au,164427000.0,,,filled,
804,COM01101.00,2005,O.Au,Me.Au,128607000.0,,,filled,
804,COM01101.00,2006,O.Au,Me.Au,99605000.0,,,filled,
804,COM01101.00,2007,O.Au,Me.Au,78117000.0,40.880012166,0.51029141634,,
804,COM01101.00,2008,O.Au,Me.Au,51890000.0,,,filled,
804,COM01101.00,2009,O.Au,Me.Au,29711000.0,,,filled,
804,COM01101.00,2010,O.Au,Me.Au,6493000.0,,,filled,
804,COM01101.00,2011,O.Au,Me.Au,-20841000.0,,,filled,
804,COM01101.00,2012,O.Au,Me.Au,-41463000.0,,,filled,
804,COM01101.00,2013,O.Au,Me.Au,-61111000.0,,,filled,
804,COM01101.00,2014,O.Au,Me.Au,-87467000.0,,,filled,
804,COM01101.00,2015,O.Au,Me.Au,-113601000.0,,,filled,
804,COM01101.00,2016,O.Au,Me.Au,-137131000.0,,,filled,
804,COM01101.00,2017,O.Au,Me.Au,-163549000.0,,,filled,
805,COM01101.00,2018,O.Au,Me.Ag,8226000.0,47.315353887,6.3,,
806,COM01101.00,2018,O.Au,Me.Au,113892000.0,75.636527364,0.7,,
807,COM01102.00,2007,O.bulk,Me.Co,17379567.0,,,filled,
807,COM01102.00,2008,O.bulk,Me.Co,16906477.0,,,filled,
807,COM01102.00,2009,O.bulk,Me.Co,16304972.0,,,filled,
807,COM01102.00,2010,O.bulk,Me.Co,15819612.0,,,filled,
807,COM01102.00,2011,O.bulk,Me.Co,14613440.0,,,filled,
807,COM01102.00,2018,O.bulk,Me.Co,13343700.0,,,filled,
807,COM01102.00,2019,O.bulk,Me.Co,12200000.0,29000.0,2409.8360655737706,,
808,COM01102.00,2019,O.bulk,Me.Cu,12200000.0,268000.0,22032.786885245903,,
809,COM01103.00,2007,O.Au,Me.Au,18763000.0,26.365056390000003,1.4174761565000005,,
810,COM01105.00,2017,O.pgm,Me.pgm,704983000.0,,,filled,
810,COM01105.00,2018,O.pgm,Me.pgm,692000000.0,2146.6258914036,3.3915317919075143,,
811,COM01106.00,2001,O.Au,Me.Au,145635428.80487806,,,filled,
811,COM01106.00,2002,O.Au,Me.Au,140372270.80487806,,,filled,
811,COM01106.00,2003,O.Au,Me.Au,135372270.80487806,,,filled,
811,COM01106.00,2004,O.Au,Me.Au,130372270.80487806,,,filled,
811,COM01106.00,2005,O.Au,Me.Au,125109112.80487806,,,filled,
811,COM01106.00,2006,O.Au,Me.Au,120109112.80487806,,,filled,
811,COM01106.00,2007,O.Au,Me.Au,115372270.80487806,,,filled,
811,COM01106.00,2008,O.Au,Me.Au,111161744.80487806,,,filled,
811,COM01106.00,2009,O.Au,Me.Au,106951218.80487806,,,filled,
811,COM01106.00,2010,O.Au,Me.Au,102804877.80487806,,,filled,
811,COM01106.00,2011,O.Au,Me.Au,98414633.80487806,,,filled,
811,COM01106.00,2012,O.Au,Me.Au,93536584.80487806,,,filled,
811,COM01106.00,2013,O.Au,Me.Au,88902438.80487806,,,filled,
811,COM01106.00,2014,O.Au,Me.Au,84024389.80487806,,,filled,
811,COM01106.00,2015,O.Au,Me.Au,78902438.80487806,,,filled,
811,COM01106.00,2016,O.Au,Me.Au,73780487.80487806,,,filled,
811,COM01106.00,2017,O.Au,Me.Au,68902438.80487806,,,filled,
811,COM01106.00,2018,O.Au,Me.Au,63780487.804878056,112.70664073634148,1.94,,
812,COM01107.00,2019,O.bulk,Me.Cu,812000000.0,,,,
813,COM01112.00,2019,O.bulk,Me.Au,1148400000.0,,,,
814,COM01112.00,2019,O.bulk,Me.Cu,1148400000.0,,,,
815,COM01113.00,2018,O.bulk,Me.Cu,581000000.0,3700000.0,6400.0,,
816,COM01115.00,2009,F.coal,,72900000.0,,,filled,
816,COM01115.00,2010,F.coal,,71000000.0,,,filled,
816,COM01115.00,2011,F.coal,,68200000.0,,,filled,
816,COM01115.00,2012,F.coal,,64200000.0,,,filled,
816,COM01115.00,2013,F.coal,,59300000.0,,,filled,
816,COM01115.00,2014,F.coal,,54200000.0,,,filled,
816,COM01115.00,2015,F.coal,,49200000.0,,,filled,
816,COM01115.00,2016,F.coal,,39900000.0,,,filled,
816,COM01115.00,2017,F.coal,,37200000.0,,,filled,
816,COM01115.00,2018,F.coal,,34700000.0,,,filled,
816,COM01115.00,2019,F.coal,,31000000.0,,,,
817,COM01121.00,2001,F.sbc,,102008613.0,,,filled,
817,COM01121.00,2002,F.sbc,,94754613.0,,,filled,
817,COM01121.00,2003,F.sbc,,88716613.0,,,filled,
817,COM01121.00,2004,F.sbc,,82603613.0,,,filled,
817,COM01121.00,2005,F.sbc,,76589613.0,,,filled,
817,COM01121.00,2006,F.sbc,,69907613.0,,,filled,
817,COM01121.00,2007,F.sbc,,62827613.0,,,filled,
817,COM01121.00,2008,F.sbc,,55921613.0,,,filled,
817,COM01121.00,2009,F.sbc,,49802613.0,,,filled,
817,COM01121.00,2010,F.sbc,,44029613.0,,,filled,
817,COM01121.00,2011,F.sbc,,38016613.0,,,filled,
817,COM01121.00,2012,F.sbc,,33876613.0,,,filled,
817,COM01121.00,2013,F.sbc,,31468613.0,,,filled,
817,COM01121.00,2014,F.sbc,,24774613.0,,,filled,
817,COM01121.00,2015,F.sbc,,19089613.0,,,filled,
817,COM01121.00,2016,F.sbc,,13924613.0,,,filled,
817,COM01121.00,2017,F.sbc,,10382904.0,,,,
818,COM01123.00,2017,O.bulk,Me.Ag,16216000.0,,,filled,
818,COM01123.00,2018,O.bulk,Me.Ag,18454000.0,3178.406771145,188.95838300639429,,
819,COM01123.00,2018,O.bulk,Me.Au,18454000.0,8.107963578,0.4821978974748022,,
820,COM01123.00,2018,O.bulk,Me.Pb,13998000.0,83000.0,5900.0,,
821,COM01123.00,2018,O.bulk,Me.Zn,13998000.0,211000.0,15100.0,,
822,COM01130.00,2008,O.Al,Me.Al2O3,43979500.0,,,filled,
822,COM01130.00,2009,O.Al,Me.Al2O3,43882200.0,,,filled,
822,COM01130.00,2010,O.Al,Me.Al2O3,43882200.0,,,filled,
822,COM01130.00,2011,O.Al,Me.Al2O3,43840200.0,,,filled,
822,COM01130.00,2012,O.Al,Me.Al2O3,43785800.0,,,filled,
822,COM01130.00,2013,O.Al,Me.Al2O3,43785000.0,,,filled,
822,COM01130.00,2014,O.Al,Me.Al2O3,43714000.0,,,filled,
822,COM01130.00,2015,O.Al,Me.Al2O3,43682000.0,,,filled,
822,COM01130.00,2016,O.Al,Me.Al2O3,43670000.0,,,filled,
822,COM01130.00,2017,O.Al,Me.Al2O3,43628000.0,,,filled,
822,COM01130.00,2018,O.Al,Me.Al2O3,43160000.0,,,filled,
822,COM01130.00,2019,O.Al,Me.Al2O3,42100000.0,,,,
823,COM01130.00,2019,O.Al,Nm.SiO2,42100000.0,,,,
824,COM01131.00,2019,O.bulk,Me.Au,392300000.0,14.3647033041,0.04,,
825,COM01131.00,2019,O.bulk,Me.Cu,392300000.0,1167000.0,3000.0,,
826,COM01131.00,2019,O.bulk,Me.Fe,392300000.0,,,,
827,COM01134.00,2000,F.coc,,629190000.0,,,filled,
827,COM01134.00,2001,F.coc,,624552000.0,,,filled,
827,COM01134.00,2002,F.coc,,620404000.0,,,filled,
827,COM01134.00,2003,F.coc,,615310000.0,,,filled,
827,COM01134.00,2004,F.coc,,610668000.0,,,filled,
827,COM01134.00,2005,F.coc,,604846000.0,,,filled,
827,COM01134.00,2006,F.coc,,598344000.0,,,filled,
827,COM01134.00,2007,F.coc,,593076000.0,,,filled,
827,COM01134.00,2008,F.coc,,586282000.0,,,filled,
827,COM01134.00,2009,F.coc,,580490000.0,,,filled,
827,COM01134.00,2010,F.coc,,573480000.0,,,filled,
827,COM01134.00,2011,F.coc,,566676000.0,,,filled,
827,COM01134.00,2012,F.coc,,561118000.0,,,filled,
827,COM01134.00,2013,F.coc,,555012000.0,,,filled,
827,COM01134.00,2014,F.coc,,548114000.0,,,filled,
827,COM01134.00,2015,F.coc,,538998000.0,,,filled,
827,COM01134.00,2016,F.coc,,529986000.0,,,filled,
827,COM01134.00,2017,F.coc,,521574000.0,,,filled,
827,COM01134.00,2018,F.coc,,512106000.0,,,filled,
827,COM01134.00,2019,F.coc,,502000000.0,,,,
828,COM01138.00,2010,O.bulk,Me.Ag,27223000.0,,,filled,
828,COM01138.00,2011,O.bulk,Me.Ag,27078000.0,,,filled,
828,COM01138.00,2012,O.bulk,Me.Ag,26260000.0,,,filled,
828,COM01138.00,2013,O.bulk,Me.Ag,25355000.0,,,filled,
828,COM01138.00,2014,O.bulk,Me.Ag,24173000.0,,,filled,
828,COM01138.00,2015,O.bulk,Me.Ag,22638000.0,,,filled,
828,COM01138.00,2016,O.bulk,Me.Ag,20299000.0,,,filled,
828,COM01138.00,2017,O.bulk,Me.Ag,17664000.0,,,filled,
828,COM01138.00,2018,O.bulk,Me.Ag,14910000.0,376.736811147,272.0,,
829,COM01138.00,2018,O.bulk,Me.Au,14910000.0,19.249326117000003,1.42,,
830,COM01138.00,2018,O.bulk,Me.Pb,14910000.0,192000.0,12900.0,,
831,COM01138.00,2018,O.bulk,Me.Zn,14910000.0,333000.0,22400.000000000004,,
832,COM01139.00,2001,F.lig,,8315396.0,,,filled,
832,COM01139.00,2002,F.lig,,8001505.0,,,filled,
832,COM01139.00,2003,F.lig,,7695779.0,,,filled,
832,COM01139.00,2004,F.lig,,7351950.0,,,filled,
832,COM01139.00,2005,F.lig,,7011750.0,,,filled,
832,COM01139.00,2006,F.lig,,6712374.0,,,filled,
832,COM01139.00,2007,F.lig,,6368545.0,,,filled,
832,COM01139.00,2008,F.lig,,6042860.0,,,filled,
832,COM01139.00,2009,F.lig,,5717175.0,,,filled,
832,COM01139.00,2010,F.lig,,5406005.0,,,filled,
832,COM01139.00,2011,F.lig,,5086671.0,,,filled,
832,COM01139.00,2012,F.lig,,4764615.0,,,filled,
832,COM01139.00,2013,F.lig,,4492455.0,,,filled,
832,COM01139.00,2014,F.lig,,4171306.0,,,filled,
832,COM01139.00,2015,F.lig,,3868301.0,,,filled,
832,COM01139.00,2016,F.lig,,3623357.0,,,filled,
832,COM01139.00,2017,F.lig,,3343032.0,,,,
833,COM01140.00,2001,O.Au,Me.Au,9090000.0,,,filled,
833,COM01140.00,2002,O.Au,Me.Au,8190000.0,,,filled,
833,COM01140.00,2003,O.Au,Me.Au,7190000.0,,,filled,
833,COM01140.00,2004,O.Au,Me.Au,6190000.0,,,filled,
833,COM01140.00,2005,O.Au,Me.Au,5390000.0,,,filled,
833,COM01140.00,2006,O.Au,Me.Au,4790000.0,,,filled,
833,COM01140.00,2007,O.Au,Me.Au,4390000.0,,,filled,
833,COM01140.00,2008,O.Au,Me.Au,4090000.0,,,filled,
833,COM01140.00,2009,O.Au,Me.Au,3790000.0,,,filled,
833,COM01140.00,2010,O.Au,Me.Au,3590000.0,,,filled,
833,COM01140.00,2011,O.Au,Me.Au,3490000.0,,,filled,
833,COM01140.00,2012,O.Au,Me.Au,3290000.0,15.308742490200002,5.13,,
834,COM01143.00,2000,O.Au,Me.Au,6399000.0,,,filled,
834,COM01143.00,2001,O.Au,Me.Au,6161500.0,,,filled,
834,COM01143.00,2002,O.Au,Me.Au,5886700.0,,,filled,
834,COM01143.00,2003,O.Au,Me.Au,5684800.0,,,filled,
834,COM01143.00,2004,O.Au,Me.Au,5475900.0,,,filled,
834,COM01143.00,2005,O.Au,Me.Au,5289000.0,,,filled,
834,COM01143.00,2006,O.Au,Me.Au,5052600.0,,,filled,
834,COM01143.00,2007,O.Au,Me.Au,4806600.0,,,filled,
834,COM01143.00,2008,O.Au,Me.Au,4578969.0,,,filled,
834,COM01143.00,2009,O.Au,Me.Au,4350542.0,,,filled,
834,COM01143.00,2010,O.Au,Me.Au,4102901.0,,,filled,
834,COM01143.00,2011,O.Au,Me.Au,3898943.0,,,filled,
834,COM01143.00,2012,O.Au,Me.Au,3641762.0,,,filled,
834,COM01143.00,2013,O.Au,Me.Au,3366527.0,,,filled,
834,COM01143.00,2014,O.Au,Me.Au,3086473.0,,,filled,
834,COM01143.00,2015,O.Au,Me.Au,2806876.0,,,filled,
834,COM01143.00,2016,O.Au,Me.Au,2529508.0,,,filled,
834,COM01143.00,2017,O.Au,Me.Au,2210414.0,,,filled,
834,COM01143.00,2018,O.Au,Me.Au,1879999.0,,,filled,
834,COM01143.00,2019,O.Au,Me.Au,1528000.0,14.1747615,10.17,,
835,COM01145.00,2013,F.coal,,42547680.0,,,filled,
835,COM01145.00,2014,F.coal,,40370400.0,,,filled,
835,COM01145.00,2015,F.coal,,38193120.0,,,filled,
835,COM01145.00,2019,F.coal,,36560160.0,,,,
836,COM01150.00,2017,O.bulk,Me.AsCu,869800000.0,,,,
837,COM01150.00,2017,O.bulk,Me.Cu,894000000.0,,,,
838,COM01151.00,2010,O.Cu,Me.Cu,21091236.0,,,filled,
838,COM01151.00,2011,O.Cu,Me.Cu,18552461.0,,,filled,
838,COM01151.00,2015,O.Cu,Me.Cu,16747828.0,,,filled,
838,COM01151.00,2016,O.Cu,Me.Cu,14900000.0,,,,
838,COM01151.00,2017,O.Cu,Me.Cu,13564058.0,,,filled,
839,COM01153.00,2001,O.Au,Me.Au,21318000.0,,,filled,
839,COM01153.00,2002,O.Au,Me.Au,20518000.0,,,filled,
839,COM01153.00,2003,O.Au,Me.Au,19718000.0,,,filled,
839,COM01153.00,2004,O.Au,Me.Au,18918000.0,,,filled,
839,COM01153.00,2005,O.Au,Me.Au,18172000.0,,,filled,
839,COM01153.00,2006,O.Au,Me.Au,17417000.0,,,filled,
839,COM01153.00,2007,O.Au,Me.Au,16627000.0,,,filled,
839,COM01153.00,2008,O.Au,Me.Au,15809000.0,,,filled,
839,COM01153.00,2009,O.Au,Me.Au,15002000.0,,,filled,
839,COM01153.00,2010,O.Au,Me.Au,13966000.0,,,filled,
839,COM01153.00,2011,O.Au,Me.Au,12834000.0,,,filled,
839,COM01153.00,2012,O.Au,Me.Au,11622000.0,,,filled,
839,COM01153.00,2013,O.Au,Me.Au,10430000.0,,,filled,
839,COM01153.00,2014,O.Au,Me.Au,9130000.0,,,filled,
839,COM01153.00,2015,O.Au,Me.Au,7830000.0,,,filled,
839,COM01153.00,2016,O.Au,Me.Au,6530000.0,,,filled,
839,COM01153.00,2017,O.Au,Me.Au,5230000.0,,,filled,
839,COM01153.00,2018,O.Au,Me.Au,3830000.0,11.0563140207,3.15,,
840,COM01154.00,2014,O.Fe,Me.Fe,332900000.0,,,filled,
840,COM01154.00,2015,O.Fe,Me.Fe,330700000.0,,,filled,
840,COM01154.00,2016,O.Fe,Me.Fe,328700000.0,,,filled,
840,COM01154.00,2019,O.Fe,Me.Fe,324500000.0,,,,
841,COM01155.00,2000,O.Fe,Me.Fe,4624200000.0,,,filled,
841,COM01155.00,2001,O.Fe,Me.Fe,4576600000.0,,,filled,
841,COM01155.00,2002,O.Fe,Me.Fe,4524200000.0,,,filled,
841,COM01155.00,2003,O.Fe,Me.Fe,4470300000.0,,,filled,
841,COM01155.00,2004,O.Fe,Me.Fe,4411400000.0,,,filled,
841,COM01155.00,2005,O.Fe,Me.Fe,4342000000.0,,,filled,
841,COM01155.00,2006,O.Fe,Me.Fe,4269400000.0,,,filled,
841,COM01155.00,2007,O.Fe,Me.Fe,4187600000.0,,,filled,
841,COM01155.00,2008,O.Fe,Me.Fe,4095900000.0,,,filled,
841,COM01155.00,2009,O.Fe,Me.Fe,3999300000.0,,,filled,
841,COM01155.00,2010,O.Fe,Me.Fe,3914600000.0,,,filled,
841,COM01155.00,2011,O.Fe,Me.Fe,3813400000.0,,,filled,
841,COM01155.00,2012,O.Fe,Me.Fe,3703600000.0,,,filled,
841,COM01155.00,2013,O.Fe,Me.Fe,3599800000.0,,,filled,
841,COM01155.00,2014,O.Fe,Me.Fe,3495000000.0,,,filled,
841,COM01155.00,2015,O.Fe,Me.Fe,3377500000.0,,,filled,
841,COM01155.00,2016,O.Fe,Me.Fe,3249900000.0,,,filled,
841,COM01155.00,2017,O.Fe,Me.Fe,3106300000.0,,,filled,
841,COM01155.00,2018,O.Fe,Me.Fe,2959300000.0,,,filled,
841,COM01155.00,2019,O.Fe,Me.Fe,2823700000.0,,,,
842,COM01156.00,2000,O.Fe,Me.Fe,4352100000.000001,,,filled,
842,COM01156.00,2016,O.Fe,Me.Fe,4278700000.000001,,,filled,
842,COM01156.00,2017,O.Fe,Me.Fe,4278300000.000001,,,filled,
842,COM01156.00,2018,O.Fe,Me.Fe,4256100000.000001,,,filled,
842,COM01156.00,2019,O.Fe,Me.Fe,4198100000.000001,,,,
843,COM01158.00,2019,O.Au,Me.Au,4300000.0,2.466408501,0.63,,
844,COM01164.00,2017,O.bulk,Me.Ag,118000000.0,,,filled,
844,COM01164.00,2019,O.bulk,Me.Ag,112600000.0,,,,
845,COM01164.00,2019,O.bulk,Me.Au,112600000.0,,,,
846,COM01168.00,2010,F.coal,,1853182900.0,,,filled,
846,COM01168.00,2011,F.coal,,1819962900.0,,,filled,
846,COM01168.00,2012,F.coal,,1785732900.0,,,filled,
846,COM01168.00,2013,F.coal,,1752392900.0,,,filled,
846,COM01168.00,2014,F.coal,,1719712900.0,,,filled,
846,COM01168.00,2015,F.coal,,1685245800.0,,,filled,
846,COM01168.00,2016,F.coal,,1649575800.0,,,filled,
846,COM01168.00,2017,F.coal,,1610425800.0,,,filled,
846,COM01168.00,2018,F.coal,,1568825800.0,,,filled,
846,COM01168.00,2019,F.coal,,1527325800.0,,,filled,
846,COM01168.00,2020,F.coal,,1479145800.0,,,,
847,COM01173.00,2001,F.sbc,,74172246.0,,,filled,
847,COM01173.00,2002,F.sbc,,70472246.0,,,filled,
847,COM01173.00,2003,F.sbc,,66872246.0,,,filled,
847,COM01173.00,2004,F.sbc,,63072246.0,,,filled,
847,COM01173.00,2005,F.sbc,,59272246.0,,,filled,
847,COM01173.00,2006,F.sbc,,55572246.0,,,filled,
847,COM01173.00,2007,F.sbc,,51972246.0,,,filled,
847,COM01173.00,2008,F.sbc,,48172246.0,,,filled,
847,COM01173.00,2009,F.sbc,,44372246.0,,,filled,
847,COM01173.00,2010,F.sbc,,41072246.0,,,filled,
847,COM01173.00,2011,F.sbc,,37772246.0,,,filled,
847,COM01173.00,2012,F.sbc,,34372246.0,,,filled,
847,COM01173.00,2013,F.sbc,,31072246.0,,,filled,
847,COM01173.00,2014,F.sbc,,27272246.0,,,filled,
847,COM01173.00,2015,F.sbc,,23897462.0,,,filled,
847,COM01173.00,2016,F.sbc,,21078792.0,,,filled,
847,COM01173.00,2017,F.sbc,,17944416.0,,,,
848,COM01174.00,2019,F.coal,,9050000000.0,,,,
849,COM01175.00,2019,F.coal,,1370000000.0,,,,
850,COM01178.00,2000,O.bulk,Me.Ag,820355.0,,,filled,
850,COM01178.00,2001,O.bulk,Me.Ag,760679.0,,,filled,
850,COM01178.00,2002,O.bulk,Me.Ag,698357.0,,,filled,
850,COM01178.00,2003,O.bulk,Me.Ag,636830.0,,,filled,
850,COM01178.00,2004,O.bulk,Me.Ag,571865.0,,,filled,
850,COM01178.00,2005,O.bulk,Me.Ag,513883.0,,,filled,
850,COM01178.00,2006,O.bulk,Me.Ag,449833.0,,,filled,
850,COM01178.00,2007,O.bulk,Me.Ag,381945.0,,,filled,
850,COM01178.00,2008,O.bulk,Me.Ag,313087.0,,,filled,
850,COM01178.00,2009,O.bulk,Me.Ag,238365.0,,,filled,
850,COM01178.00,2010,O.bulk,Me.Ag,172839.0,,,filled,
850,COM01178.00,2011,O.bulk,Me.Ag,108792.0,,,filled,
850,COM01178.00,2012,O.bulk,Me.Ag,61202.0,,,filled,
850,COM01178.00,2013,O.bulk,Me.Ag,12313.0,,,,
851,COM01178.00,2013,O.bulk,Me.Au,12313.0,,,,
852,COM01179.00,2020,F.coal,,509000000.0,,,,
853,COM01180.00,2019,F.coc,,48081600.0,,,,
854,COM01182.00,2003,F.coal,,343910000.0,,,filled,
854,COM01182.00,2004,F.coal,,336210000.0,,,filled,
854,COM01182.00,2005,F.coal,,327700000.0,,,filled,
854,COM01182.00,2006,F.coal,,319700000.0,,,filled,
854,COM01182.00,2007,F.coal,,310400000.0,,,filled,
854,COM01182.00,2008,F.coal,,302300000.0,,,filled,
854,COM01182.00,2009,F.coal,,294100000.0,,,filled,
854,COM01182.00,2010,F.coal,,286500000.0,,,filled,
854,COM01182.00,2011,F.coal,,278000000.0,,,filled,
854,COM01182.00,2012,F.coal,,270400000.0,,,filled,
854,COM01182.00,2013,F.coal,,263000000.0,,,filled,
854,COM01182.00,2014,F.coal,,255600000.0,,,filled,
854,COM01182.00,2015,F.coal,,248000000.0,,,filled,
854,COM01182.00,2016,F.coal,,241100000.0,,,filled,
854,COM01182.00,2017,F.coal,,233500000.0,,,filled,
854,COM01182.00,2018,F.coal,,227000000.0,,,filled,
854,COM01182.00,2019,F.coal,,220100000.0,,,filled,
854,COM01182.00,2020,F.coal,,213000000.0,,,,
855,COM01183.00,2018,O.bulk,Me.Au,,12.864,0.5,,
856,COM01183.00,2018,O.bulk,Me.Cu,,54728.0,2100.0,,
857,COM01185.00,2012,O.bulk,Me.Ag,4488703.0,,,filled,
857,COM01185.00,2013,O.bulk,Me.Ag,4331519.0,,,filled,
857,COM01185.00,2017,O.bulk,Me.Ag,3920007.0,,,filled,
857,COM01185.00,2020,O.bulk,Me.Ag,3300000.0,19.986413715,6.691212121212121,,
858,COM01185.00,2020,O.bulk,Me.Au,3300000.0,11.509906338,3.836363636363635,,
859,COM01187.00,2020,F.coal,,203286000.0,,,,
860,COM01189.00,2019,O.bulk,O.TiO2,272000000.0,3700000.0,13000.0,,
861,COM01190.00,2019,O.bulk,Me.Ag,2960000000.0,,,,
862,COM01190.00,2019,O.bulk,Me.Cu,2960000000.0,,,,
863,COM01190.00,2019,O.bulk,Me.Mo,2960000000.0,,,,
864,COM01191.00,2004,O.Au,Me.Au,238162870.41176474,,,filled,
864,COM01191.00,2005,O.Au,Me.Au,233576470.41176474,,,filled,
864,COM01191.00,2006,O.Au,Me.Au,226752941.41176474,,,filled,
864,COM01191.00,2007,O.Au,Me.Au,218517647.41176474,,,filled,
864,COM01191.00,2008,O.Au,Me.Au,208752941.41176474,,,filled,
864,COM01191.00,2009,O.Au,Me.Au,198635294.41176474,,,filled,
864,COM01191.00,2010,O.Au,Me.Au,188282353.41176474,,,filled,
864,COM01191.00,2011,O.Au,Me.Au,177929412.41176474,,,filled,
864,COM01191.00,2012,O.Au,Me.Au,166517647.41176474,,,filled,
864,COM01191.00,2013,O.Au,Me.Au,154635294.41176474,,,filled,
864,COM01191.00,2014,O.Au,Me.Au,142635294.41176474,,,filled,
864,COM01191.00,2015,O.Au,Me.Au,130752941.41176473,,,filled,
864,COM01191.00,2016,O.Au,Me.Au,118988235.41176473,,,filled,
864,COM01191.00,2017,O.Au,Me.Au,106870588.41176473,,,filled,
864,COM01191.00,2018,O.Au,Me.Au,95223529.41176473,68.70590311505883,0.7899999999999999,,
865,COM01193.00,2018,O.bulk,Me.Ag,1856865.0,,,filled,
865,COM01193.00,2019,O.bulk,Me.Ag,1812000.0,424.562456448,234.1670610538,,
866,COM01193.00,2019,O.bulk,Me.Pb,1812000.0,89113.66419494001,54200.0,,
867,COM01193.00,2019,O.bulk,Me.Zn,1812000.0,134002.07231488,81500.0,,
868,COM01194.00,2017,O.Fe,Me.Fe,6119866814.650389,,,,
869,COM01195.00,2008,O.Au,Me.Au,54097562.0,,,filled,
869,COM01195.00,2009,O.Au,Me.Au,53686265.0,,,filled,
869,COM01195.00,2010,O.Au,Me.Au,51977500.0,,,filled,
869,COM01195.00,2014,O.Au,Me.Au,49996000.0,,,filled,
869,COM01195.00,2015,O.Au,Me.Au,48110000.0,,,filled,
869,COM01195.00,2016,O.Au,Me.Au,46040000.0,,,filled,
869,COM01195.00,2017,O.Au,Me.Au,42668000.0,,,filled,
869,COM01195.00,2018,O.Au,Me.Au,38648000.0,,,filled,
869,COM01195.00,2019,O.Au,Me.Au,34449000.0,,,filled,
869,COM01195.00,2020,O.Au,Me.Au,31053000.0,58.68351261,2.0610588348951793,,
870,COM01199.00,2013,O.Fe,Me.Fe,701971100.0,,,filled,
870,COM01199.00,2014,O.Fe,Me.Fe,671032600.0,,,filled,
870,COM01199.00,2015,O.Fe,Me.Fe,635492000.0,,,filled,
870,COM01199.00,2016,O.Fe,Me.Fe,604099200.0,,,filled,
870,COM01199.00,2017,O.Fe,Me.Fe,575719200.0,,,filled,
870,COM01199.00,2018,O.Fe,Me.Fe,544600000.0,,,,
870,COM01199.00,2019,O.Fe,Me.Fe,515425600.0,,,filled,
870,COM01199.00,2020,O.Fe,Me.Fe,490072300.0,,,filled,
871,COM01200.00,2018,O.Au,Me.Au,6270033.0,,,filled,
871,COM01200.00,2019,O.Au,Me.Au,5250753.0,,,filled,
871,COM01200.00,2020,O.Au,Me.Au,3600000.0,6.917283612,2.1,,
872,COM01201.00,2003,O.Zn,Me.Zn,15425200.0,,,filled,
872,COM01201.00,2004,O.Zn,Me.Zn,14752200.0,,,filled,
872,COM01201.00,2005,O.Zn,Me.Zn,13448200.0,,,filled,
872,COM01201.00,2006,O.Zn,Me.Zn,12249200.0,,,filled,
872,COM01201.00,2007,O.Zn,Me.Zn,10792700.0,,,filled,
872,COM01201.00,2008,O.Zn,Me.Zn,9390400.0,,,filled,
872,COM01201.00,2009,O.Zn,Me.Zn,8000000.0,,,,
872,COM01201.00,2010,O.Zn,Me.Zn,6447000.0,,,filled,
872,COM01201.00,2011,O.Zn,Me.Zn,6101100.0,,,filled,
872,COM01201.00,2012,O.Zn,Me.Zn,4425100.0,,,filled,
872,COM01201.00,2013,O.Zn,Me.Zn,2760818.0,,,filled,
872,COM01201.00,2014,O.Zn,Me.Zn,1508726.0,,,filled,
872,COM01201.00,2015,O.Zn,Me.Zn,164454.0,,,filled,
872,COM01201.00,2016,O.Zn,Me.Zn,-1080744.0,,,filled,
872,COM01201.00,2017,O.Zn,Me.Zn,-2286920.0,,,filled,
872,COM01201.00,2018,O.Zn,Me.Zn,-2823986.0,,,filled,
873,COM01201.00,2019,O.Zn,Me.Zn,2100000.0,,,,
874,COM01202.00,2000,F.coal,,37467360.0,,,filled,
874,COM01202.00,2001,F.coal,,34473600.0,,,filled,
874,COM01202.00,2002,F.coal,,31026240.0,,,filled,
874,COM01202.00,2003,F.coal,,27941760.0,,,filled,
874,COM01202.00,2004,F.coal,,25129440.0,,,filled,
874,COM01202.00,2005,F.coal,,24585120.0,,,filled,
874,COM01202.00,2006,F.coal,,24585120.0,,,filled,
874,COM01202.00,2007,F.coal,,23224320.0,,,filled,
874,COM01202.00,2008,F.coal,,21047040.0,,,filled,
874,COM01202.00,2009,F.coal,,18053280.0,,,filled,
874,COM01202.00,2010,F.coal,,15513120.000000002,,,,
874,COM01202.00,2011,F.coal,,12882240.000000002,,,filled,
874,COM01202.00,2012,F.coal,,11430720.000000002,,,filled,
875,COM01205.00,2018,O.Au,Me.Au,50908000.0,26.280007821,0.57,,
876,COM01206.00,2000,F.stc,,97524000.0,,,filled,
876,COM01206.00,2001,F.stc,,95709600.0,,,filled,
876,COM01206.00,2002,F.stc,,91355040.0,,,filled,
876,COM01206.00,2003,F.stc,,85004640.0,,,filled,
876,COM01206.00,2004,F.stc,,78382080.0,,,filled,
876,COM01206.00,2005,F.stc,,71759520.0,,,filled,
876,COM01206.00,2006,F.stc,,64320480.0,,,filled,
876,COM01206.00,2007,F.stc,,56700000.0,,,filled,
876,COM01206.00,2008,F.stc,,49079520.0,,,filled,
876,COM01206.00,2009,F.stc,,41912640.0,,,filled,
876,COM01206.00,2010,F.stc,,35471520.0,,,filled,
876,COM01206.00,2011,F.stc,,29030400.0,,,filled,
876,COM01206.00,2012,F.stc,,23950080.0,,,filled,
876,COM01206.00,2013,F.stc,,19504800.0,,,filled,
876,COM01206.00,2014,F.stc,,14424480.0,,,filled,
876,COM01206.00,2015,F.stc,,11340000.0,,,filled,
876,COM01206.00,2016,F.stc,,8618400.0,,,filled,
876,COM01206.00,2017,F.stc,,6531840.0,,,filled,
876,COM01206.00,2018,F.stc,,4536000.0,,,filled,
876,COM01206.00,2019,F.stc,,2721600.0,,,,
877,COM01209.00,2019,O.bulk,Me.Au,109300000.0,,,,
878,COM01209.00,2019,O.bulk,Me.Cu,109300000.0,,,,
879,COM01211.00,2019,F.coal,,93078720.0,,,,
880,COM01214.00,2019,F.coal,,137000000.0,,,,
881,COM01222.00,2018,F.coal,,199221120.0,,,,
882,COM01227.00,2017,O.pgm,Me.pgm,24755000.0,,,filled,
882,COM01227.00,2018,O.pgm,Me.pgm,23900000.0,418.32556330628,19.2,,
883,COM01229.00,2010,O.Fe,Me.Fe,5114823000.0,,,filled,
883,COM01229.00,2011,O.Fe,Me.Fe,5101023000.0,,,filled,
883,COM01229.00,2014,O.Fe,Me.Fe,5085923000.0,,,filled,
883,COM01229.00,2015,O.Fe,Me.Fe,5069714000.0,,,filled,
883,COM01229.00,2016,O.Fe,Me.Fe,5052700000.0,,,filled,
883,COM01229.00,2017,O.Fe,Me.Fe,5035500000.0,,,filled,
883,COM01229.00,2018,O.Fe,Me.Fe,5018400000.0,,,filled,
883,COM01229.00,2019,O.Fe,Me.Fe,5000000000.0,,,,
884,COM01231.00,2012,F.coal,,30065000.0,,,filled,
884,COM01231.00,2013,F.coal,,28308000.0,,,filled,
884,COM01231.00,2014,F.coal,,26047000.0,,,filled,
884,COM01231.00,2015,F.coal,,24097000.0,,,filled,
884,COM01231.00,2016,F.coal,,22664000.0,,,filled,
884,COM01231.00,2017,F.coal,,21800000.0,,,filled,
884,COM01231.00,2018,F.coal,,20900000.0,,,filled,
884,COM01231.00,2019,F.coal,,20200000.0,,,filled,
884,COM01231.00,2020,F.coal,,19000000.0,,,,
885,COM01233.00,2012,F.coc,,394400000.0,,,filled,
885,COM01233.00,2013,F.coc,,381900000.0,,,filled,
885,COM01233.00,2014,F.coc,,369300000.0,,,filled,
885,COM01233.00,2015,F.coc,,356100000.0,,,filled,
885,COM01233.00,2016,F.coc,,343900000.0,,,filled,
885,COM01233.00,2017,F.coc,,329900000.0,,,filled,
885,COM01233.00,2018,F.coc,,316300000.0,,,filled,
885,COM01233.00,2020,F.coc,,302000000.0,,,,
886,COM01234.00,2012,F.coc,,2206700000.0,,,filled,
886,COM01234.00,2013,F.coc,,2175600000.0,,,filled,
886,COM01234.00,2014,F.coc,,2143000000.0,,,filled,
886,COM01234.00,2015,F.coc,,2109900000.0,,,filled,
886,COM01234.00,2016,F.coc,,2079800000.0,,,filled,
886,COM01234.00,2017,F.coc,,2042100000.0,,,filled,
886,COM01234.00,2018,F.coc,,2003900000.0,,,filled,
886,COM01234.00,2020,F.coc,,1966000000.0,,,,
887,COM01235.00,2014,F.coc,,244100000.0,,,filled,
887,COM01235.00,2015,F.coc,,238800000.0,,,filled,
887,COM01235.00,2016,F.coc,,233200000.0,,,filled,
887,COM01235.00,2017,F.coc,,227700000.0,,,filled,
887,COM01235.00,2018,F.coc,,221100000.0,,,filled,
887,COM01235.00,2020,F.coc,,215000000.0,,,,
888,COM01236.00,2012,F.coc,,412600000.0,,,filled,
888,COM01236.00,2013,F.coc,,402400000.0,,,filled,
888,COM01236.00,2014,F.coc,,391800000.0,,,filled,
888,COM01236.00,2015,F.coc,,380100000.0,,,filled,
888,COM01236.00,2016,F.coc,,368100000.0,,,filled,
888,COM01236.00,2017,F.coc,,354900000.0,,,filled,
888,COM01236.00,2018,F.coc,,341900000.0,,,filled,
888,COM01236.00,2020,F.coc,,329000000.0,,,,
889,COM01237.00,2012,F.lig,,4134774000.0,,,filled,
889,COM01237.00,2013,F.lig,,4105274000.0,,,filled,
889,COM01237.00,2014,F.lig,,4078774000.0,,,filled,
889,COM01237.00,2015,F.lig,,4051774000.0,,,filled,
889,COM01237.00,2016,F.lig,,4023300000.0,,,filled,
889,COM01237.00,2017,F.lig,,3996200000.0,,,filled,
889,COM01237.00,2018,F.lig,,3968600000.0,,,filled,
889,COM01237.00,2020,F.lig,,3939000000.0,,,,
890,COM01238.00,2014,F.coc,,4470000.0,,,filled,
890,COM01238.00,2015,F.coc,,3770000.0,,,filled,
890,COM01238.00,2016,F.coc,,2970000.0,,,filled,
890,COM01238.00,2017,F.coc,,2370000.0,,,filled,
890,COM01238.00,2018,F.coc,,2300000.0,,,filled,
890,COM01238.00,2020,F.coc,,2000000.0,,,,
891,COM01238.00,2014,F.lig,,117000000.0,,,filled,
891,COM01238.00,2015,F.lig,,114100000.0,,,filled,
891,COM01238.00,2016,F.lig,,109700000.0,,,filled,
891,COM01238.00,2017,F.lig,,106800000.0,,,filled,
891,COM01238.00,2018,F.lig,,103300000.0,,,filled,
891,COM01238.00,2020,F.lig,,100000000.0,,,,
892,COM01239.00,2013,F.coc,,73700000.0,,,filled,
892,COM01239.00,2014,F.coc,,73000000.0,,,filled,
892,COM01239.00,2015,F.coc,,72000000.0,,,filled,
892,COM01239.00,2016,F.coc,,71600000.0,,,filled,
892,COM01239.00,2017,F.coc,,71300000.0,,,filled,
892,COM01239.00,2018,F.coc,,70600000.0,,,filled,
892,COM01239.00,2020,F.coc,,70000000.0,,,,
893,COM01239.00,2012,F.lig,,495000000.0,,,filled,
893,COM01239.00,2013,F.lig,,490600000.0,,,filled,
893,COM01239.00,2014,F.lig,,485800000.0,,,filled,
893,COM01239.00,2015,F.lig,,481800000.0,,,filled,
893,COM01239.00,2016,F.lig,,478000000.0,,,filled,
893,COM01239.00,2017,F.lig,,473900000.0,,,filled,
893,COM01239.00,2018,F.lig,,469400000.0,,,filled,
893,COM01239.00,2020,F.lig,,464000000.0,,,,
894,COM01240.00,2000,F.coal,,115668000.0,,,filled,
894,COM01240.00,2001,F.coal,,110406240.0,,,filled,
894,COM01240.00,2002,F.coal,,103965120.0,,,filled,
894,COM01240.00,2003,F.coal,,97433280.0,,,filled,
894,COM01240.00,2004,F.coal,,90629280.0,,,filled,
894,COM01240.00,2005,F.coal,,83553120.0,,,filled,
894,COM01240.00,2006,F.coal,,76749120.0,,,filled,
894,COM01240.00,2007,F.coal,,70035840.0,,,filled,
894,COM01240.00,2008,F.coal,,63957600.0,,,filled,
894,COM01240.00,2009,F.coal,,57244320.0,,,filled,
894,COM01240.00,2010,F.coal,,51256800.0,,,,
894,COM01240.00,2011,F.coal,,45722880.0,,,filled,
894,COM01240.00,2012,F.coal,,40642560.0,,,filled,
895,COM01241.00,2017,O.Au,Me.Au,,226.79618504,,,
896,COM01243.00,2001,O.Au,Me.Au,146000000.0,,,filled,
896,COM01243.00,2002,O.Au,Me.Au,143600000.0,,,filled,
896,COM01243.00,2003,O.Au,Me.Au,140200000.0,,,filled,
896,COM01243.00,2004,O.Au,Me.Au,136600000.0,,,filled,
896,COM01243.00,2005,O.Au,Me.Au,132900000.0,,,filled,
896,COM01243.00,2006,O.Au,Me.Au,129300000.0,,,filled,
896,COM01243.00,2007,O.Au,Me.Au,125300000.0,,,filled,
896,COM01243.00,2008,O.Au,Me.Au,121500000.0,,,filled,
896,COM01243.00,2009,O.Au,Me.Au,117700000.0,,,filled,
896,COM01243.00,2010,O.Au,Me.Au,113800000.0,,,filled,
896,COM01243.00,2011,O.Au,Me.Au,110200000.0,,,filled,
896,COM01243.00,2012,O.Au,Me.Au,106600000.0,,,filled,
896,COM01243.00,2013,O.Au,Me.Au,103200000.0,,,filled,
896,COM01243.00,2014,O.Au,Me.Au,99700000.0,,,filled,
896,COM01243.00,2015,O.Au,Me.Au,95900000.0,,,filled,
896,COM01243.00,2016,O.Au,Me.Au,92000000.0,,,filled,
896,COM01243.00,2017,O.Au,Me.Au,88000000.0,,,filled,
896,COM01243.00,2018,O.Au,Me.Au,84000000.0,165.5612150792,2.16,,
897,COM01244.00,2003,F.coal,,16247043.0,,,filled,
897,COM01244.00,2004,F.coal,,14774025.0,,,filled,
897,COM01244.00,2005,F.coal,,13437610.0,,,filled,
897,COM01244.00,2006,F.coal,,12300177.0,,,filled,
897,COM01244.00,2007,F.coal,,11240632.0,,,filled,
897,COM01244.00,2008,F.coal,,10588440.0,,,filled,
897,COM01244.00,2009,F.coal,,9686858.0,,,filled,
897,COM01244.00,2010,F.coal,,8741207.0,,,filled,
897,COM01244.00,2011,F.coal,,7774006.0,,,filled,
897,COM01244.00,2012,F.coal,,7439040.0,,,filled,
897,COM01244.00,2013,F.coal,,7076160.0,,,,
897,COM01244.00,2014,F.coal,,6622560.0,,,filled,
897,COM01244.00,2015,F.coal,,6441120.0,,,filled,
898,COM01245.00,2003,F.coal,,311790000.0,,,filled,
898,COM01245.00,2004,F.coal,,303990000.0,,,filled,
898,COM01245.00,2005,F.coal,,297200000.0,,,filled,
898,COM01245.00,2006,F.coal,,290100000.0,,,filled,
898,COM01245.00,2007,F.coal,,281300000.0,,,filled,
898,COM01245.00,2008,F.coal,,272900000.0,,,filled,
898,COM01245.00,2009,F.coal,,263600000.0,,,filled,
898,COM01245.00,2010,F.coal,,254100000.0,,,filled,
898,COM01245.00,2011,F.coal,,244200000.0,,,filled,
898,COM01245.00,2012,F.coal,,234500000.0,,,filled,
898,COM01245.00,2013,F.coal,,224500000.0,,,filled,
898,COM01245.00,2014,F.coal,,214900000.0,,,filled,
898,COM01245.00,2015,F.coal,,205200000.0,,,filled,
898,COM01245.00,2016,F.coal,,194600000.0,,,filled,
898,COM01245.00,2017,F.coal,,183500000.0,,,filled,
898,COM01245.00,2018,F.coal,,172600000.0,,,filled,
898,COM01245.00,2019,F.coal,,162100000.0,,,filled,
898,COM01245.00,2020,F.coal,,152000000.0,,,,
899,COM01246.00,2008,F.coal,,432010000.0,,,filled,
899,COM01246.00,2009,F.coal,,431780000.0,,,filled,
899,COM01246.00,2010,F.coal,,431000000.0,,,filled,
899,COM01246.00,2011,F.coal,,429800000.0,,,filled,
899,COM01246.00,2012,F.coal,,428100000.0,,,filled,
899,COM01246.00,2013,F.coal,,426100000.0,,,filled,
899,COM01246.00,2014,F.coal,,424200000.0,,,filled,
899,COM01246.00,2015,F.coal,,422300000.0,,,filled,
899,COM01246.00,2016,F.coal,,415900000.0,,,filled,
899,COM01246.00,2017,F.coal,,400300000.0,,,filled,
899,COM01246.00,2018,F.coal,,384700000.0,,,filled,
899,COM01246.00,2019,F.coal,,362000000.0,,,,
902,COM01248.00,2019,O.Fe,Me.Fe,71208000.0,,,,
903,COM01248.00,2019,O.Fe,Me.Ni,71208000.0,733440.0,10300.0,,
900,COM01248.00,2019,O.bulk,Me.Fe,35092000.0,,,,
901,COM01248.00,2019,O.bulk,Me.Ni,35092000.0,512330.00000000006,14600.0,,
904,COM01251.00,2000,O.bulk,Me.Ag,76622967.0,,,filled,
904,COM01251.00,2001,O.bulk,Me.Ag,75563900.0,,,filled,
904,COM01251.00,2002,O.bulk,Me.Ag,74345158.0,,,filled,
904,COM01251.00,2003,O.bulk,Me.Ag,73022216.0,,,filled,
904,COM01251.00,2004,O.bulk,Me.Ag,71613112.0,,,filled,
904,COM01251.00,2005,O.bulk,Me.Ag,70120543.0,,,filled,
904,COM01251.00,2006,O.bulk,Me.Ag,68606579.0,,,filled,
904,COM01251.00,2007,O.bulk,Me.Ag,66974911.0,,,filled,
904,COM01251.00,2008,O.bulk,Me.Ag,64919426.0,,,filled,
904,COM01251.00,2009,O.bulk,Me.Ag,62890838.0,,,filled,
904,COM01251.00,2010,O.bulk,Me.Ag,60950719.0,,,filled,
904,COM01251.00,2011,O.bulk,Me.Ag,59800192.0,,,filled,
904,COM01251.00,2012,O.bulk,Me.Ag,58871160.0,,,filled,
904,COM01251.00,2013,O.bulk,Me.Ag,57181314.0,,,filled,
904,COM01251.00,2014,O.bulk,Me.Ag,55912533.0,,,filled,
904,COM01251.00,2015,O.bulk,Me.Ag,55430944.0,,,filled,
904,COM01251.00,2016,O.bulk,Me.Ag,52329093.0,,,filled,
904,COM01251.00,2017,O.bulk,Me.Ag,48815134.0,,,filled,
904,COM01251.00,2018,O.bulk,Me.Ag,45645226.0,,,filled,
904,COM01251.00,2019,O.bulk,Me.Ag,42215608.0,,,,
905,COM01251.00,2019,O.bulk,Me.Cu,42215608.0,,,,
906,COM01255.00,2017,O.bulk,Me.Ag,3335163.0,,,filled,
906,COM01255.00,2018,O.bulk,Me.Ag,3002970.0,,,filled,
906,COM01255.00,2019,O.bulk,Me.Ag,2445606.0,,,,
907,COM01255.00,2019,O.bulk,Me.Au,2445606.0,,,,
908,COM01255.00,2019,O.bulk,Me.Pb,2445606.0,,,,
909,COM01255.00,2019,O.bulk,Me.Zn,2445606.0,,,,
910,COM01256.00,2007,O.Au,Me.Au,45108278.0,,,filled,
910,COM01256.00,2008,O.Au,Me.Au,43264848.0,,,filled,
910,COM01256.00,2009,O.Au,Me.Au,41294410.0,,,filled,
910,COM01256.00,2010,O.Au,Me.Au,39431021.0,,,filled,
910,COM01256.00,2011,O.Au,Me.Au,37818927.0,,,filled,
910,COM01256.00,2012,O.Au,Me.Au,36364685.0,,,filled,
910,COM01256.00,2013,O.Au,Me.Au,35062853.0,,,filled,
910,COM01256.00,2014,O.Au,Me.Au,33212165.0,,,filled,
910,COM01256.00,2015,O.Au,Me.Au,31124698.0,,,filled,
910,COM01256.00,2016,O.Au,Me.Au,28872120.0,,,filled,
910,COM01256.00,2017,O.Au,Me.Au,26400000.0,125.02139643,4.706020839580001,,
910,COM01256.00,2018,O.Au,Me.Au,23946931.0,,,filled,
910,COM01256.00,2019,O.Au,Me.Au,21331473.0,,,filled,
911,COM01257.00,2007,F.coal,,2984411577.0,,,filled,
911,COM01257.00,2008,F.coal,,2975857801.0,,,filled,
911,COM01257.00,2009,F.coal,,2965771292.0,,,filled,
911,COM01257.00,2010,F.coal,,2954163378.0,,,filled,
911,COM01257.00,2011,F.coal,,2942291582.0,,,filled,
911,COM01257.00,2012,F.coal,,2928047126.0,,,filled,
911,COM01257.00,2013,F.coal,,2913693029.0,,,filled,
911,COM01257.00,2014,F.coal,,2899683342.0,,,filled,
911,COM01257.00,2015,F.coal,,2884172987.0,,,filled,
911,COM01257.00,2016,F.coal,,2865597597.0,,,filled,
911,COM01257.00,2017,F.coal,,2846818730.0,,,filled,
911,COM01257.00,2018,F.coal,,2823443437.0,,,filled,
911,COM01257.00,2019,F.coal,,2798075437.0,,,filled,
911,COM01257.00,2020,F.coal,,2770000000.0,,,,
912,COM01258.00,2011,O.bulk,Me.Ag,146809589.0,,,filled,
912,COM01258.00,2012,O.bulk,Me.Ag,142846009.0,,,filled,
912,COM01258.00,2013,O.bulk,Me.Ag,132974233.0,,,filled,
912,COM01258.00,2014,O.bulk,Me.Ag,126024491.0,,,filled,
912,COM01258.00,2015,O.bulk,Me.Ag,116170157.0,,,filled,
912,COM01258.00,2016,O.bulk,Me.Ag,103984732.0,,,filled,
912,COM01258.00,2017,O.bulk,Me.Ag,93360234.0,,,filled,
912,COM01258.00,2018,O.bulk,Me.Ag,80242947.0,,,filled,
912,COM01258.00,2019,O.bulk,Me.Ag,66858656.0,,,,
913,COM01258.00,2019,O.bulk,Me.Au,66858656.0,,,,
914,COM01259.00,2010,O.P,Nm.PO,687047000.0,,,filled,
914,COM01259.00,2011,O.P,Nm.PO,684979000.0,,,filled,
914,COM01259.00,2012,O.P,Nm.PO,682968000.0,,,filled,
914,COM01259.00,2013,O.P,Nm.PO,680900000.0,,,,
915,COM01260.00,2005,O.K2O,Me.KCl,18103000.0,,,filled,
915,COM01260.00,2006,O.K2O,Me.KCl,17462000.0,,,filled,
915,COM01260.00,2007,O.K2O,Me.KCl,16731000.0,,,filled,
915,COM01260.00,2008,O.K2O,Me.KCl,16060000.0,,,filled,
915,COM01260.00,2009,O.K2O,Me.KCl,15453000.0,,,filled,
915,COM01260.00,2010,O.K2O,Me.KCl,14736000.0,,,filled,
915,COM01260.00,2011,O.K2O,Me.KCl,14074000.0,,,filled,
915,COM01260.00,2012,O.K2O,Me.KCl,13449000.0,,,filled,
915,COM01260.00,2013,O.K2O,Me.KCl,12900000.0,,,,
916,COM01261.00,2000,O.bulk,Me.Pb,61311000.0,,,filled,
916,COM01261.00,2001,O.bulk,Me.Pb,59144000.0,,,filled,
916,COM01261.00,2002,O.bulk,Me.Pb,57176000.0,,,filled,
916,COM01261.00,2003,O.bulk,Me.Pb,56421000.0,,,filled,
916,COM01261.00,2004,O.bulk,Me.Pb,53873000.0,,,filled,
916,COM01261.00,2005,O.bulk,Me.Pb,51351000.0,,,filled,
916,COM01261.00,2006,O.bulk,Me.Pb,48800000.0,,,filled,
916,COM01261.00,2007,O.bulk,Me.Pb,46049000.0,,,filled,
916,COM01261.00,2008,O.bulk,Me.Pb,43391000.0,,,filled,
916,COM01261.00,2009,O.bulk,Me.Pb,40980000.0,,,filled,
916,COM01261.00,2010,O.bulk,Me.Pb,38472000.0,,,filled,
916,COM01261.00,2011,O.bulk,Me.Pb,35879000.0,,,filled,
916,COM01261.00,2012,O.bulk,Me.Pb,33393000.0,,,filled,
916,COM01261.00,2013,O.bulk,Me.Pb,30891000.0,,,filled,
916,COM01261.00,2014,O.bulk,Me.Pb,28398000.0,,,filled,
916,COM01261.00,2015,O.bulk,Me.Pb,26111000.0,,,filled,
916,COM01261.00,2016,O.bulk,Me.Pb,23914000.0,,,filled,
916,COM01261.00,2017,O.bulk,Me.Pb,21311000.0,,,filled,
916,COM01261.00,2018,O.bulk,Me.Pb,19000000.0,,,,
917,COM01261.00,2018,O.bulk,Me.Zn,19000000.0,,,,
918,COM01265.00,2010,O.Au,Me.Au,220913000.0,,,filled,
918,COM01265.00,2011,O.Au,Me.Au,218716000.0,,,filled,
918,COM01265.00,2012,O.Au,Me.Au,206880000.0,,,filled,
918,COM01265.00,2013,O.Au,Me.Au,183302000.0,,,filled,
918,COM01265.00,2014,O.Au,Me.Au,156417000.0,,,filled,
918,COM01265.00,2015,O.Au,Me.Au,139770000.0,,,filled,
918,COM01265.00,2016,O.Au,Me.Au,134575000.0,,,filled,
918,COM01265.00,2017,O.Au,Me.Au,126602000.0,,,filled,
918,COM01265.00,2018,O.Au,Me.Au,119917000.0,210.92045112,1.9,,
919,COM01266.00,2001,O.Au,Me.Au,21930000.0,,,filled,
919,COM01266.00,2002,O.Au,Me.Au,19930000.0,,,filled,
919,COM01266.00,2003,O.Au,Me.Au,17730000.0,,,filled,
919,COM01266.00,2004,O.Au,Me.Au,15330000.0,,,filled,
919,COM01266.00,2005,O.Au,Me.Au,12930000.0,,,filled,
919,COM01266.00,2006,O.Au,Me.Au,10830000.0,,,filled,
919,COM01266.00,2007,O.Au,Me.Au,9330000.0,,,filled,
919,COM01266.00,2008,O.Au,Me.Au,7930000.0,,,filled,
919,COM01266.00,2009,O.Au,Me.Au,6730000.0,,,filled,
919,COM01266.00,2010,O.Au,Me.Au,5530000.0,,,filled,
919,COM01266.00,2014,O.Au,Me.Au,4630000.0,34.019427756,8.09,,
920,COM01267.00,2001,O.Au,Me.Au,23630000.0,,,filled,
920,COM01267.00,2002,O.Au,Me.Au,22030000.0,,,filled,
920,COM01267.00,2003,O.Au,Me.Au,20330000.0,,,filled,
920,COM01267.00,2004,O.Au,Me.Au,18630000.0,,,filled,
920,COM01267.00,2005,O.Au,Me.Au,17030000.0,,,filled,
920,COM01267.00,2006,O.Au,Me.Au,15430000.0,,,filled,
920,COM01267.00,2007,O.Au,Me.Au,13430000.0,,,filled,
920,COM01267.00,2008,O.Au,Me.Au,11630000.0,,,filled,
920,COM01267.00,2009,O.Au,Me.Au,10030000.0,,,filled,
920,COM01267.00,2010,O.Au,Me.Au,8530000.0,,,filled,
920,COM01267.00,2011,O.Au,Me.Au,7430000.0,,,filled,
920,COM01267.00,2012,O.Au,Me.Au,6430000.0,,,filled,
920,COM01267.00,2013,O.Au,Me.Au,5630000.0,,,filled,
920,COM01267.00,2014,O.Au,Me.Au,4630000.0,34.019427756,8.09,,
920,COM01267.00,2015,O.Au,Me.Au,3830000.0,,,filled,
920,COM01267.00,2016,O.Au,Me.Au,3230000.0,,,filled,
920,COM01267.00,2017,O.Au,Me.Au,2830000.0,,,filled,
921,COM01269.00,2007,F.coal,,38050000.0,,,filled,
921,COM01269.00,2008,F.coal,,38030000.0,,,filled,
921,COM01269.00,2009,F.coal,,37840000.0,,,filled,
921,COM01269.00,2010,F.coal,,36500000.0,,,filled,
921,COM01269.00,2011,F.coal,,34900000.0,,,filled,
921,COM01269.00,2012,F.coal,,32300000.0,,,filled,
921,COM01269.00,2013,F.coal,,28600000.0,,,filled,
921,COM01269.00,2014,F.coal,,25900000.0,,,filled,
921,COM01269.00,2015,F.coal,,23700000.0,,,filled,
921,COM01269.00,2016,F.coal,,21500000.0,,,filled,
921,COM01269.00,2017,F.coal,,19500000.0,,,filled,
921,COM01269.00,2018,F.coal,,16500000.0,,,filled,
921,COM01269.00,2019,F.coal,,13000000.0,,,,
922,COM01270.00,2005,O.bulk,Me.Au,462706000.0,,,filled,
922,COM01270.00,2006,O.bulk,Me.Au,421006000.0,,,filled,
922,COM01270.00,2007,O.bulk,Me.Au,371206000.0,,,filled,
922,COM01270.00,2012,O.bulk,Me.Au,310106000.0,,,filled,
922,COM01270.00,2013,O.bulk,Me.Au,223506000.0,,,filled,
922,COM01270.00,2014,O.bulk,Me.Au,132218000.0,,,filled,
922,COM01270.00,2015,O.bulk,Me.Au,94495000.0,,,filled,
922,COM01270.00,2016,O.bulk,Me.Au,77233000.0,,,filled,
922,COM01270.00,2017,O.bulk,Me.Au,59686000.0,,,filled,
922,COM01270.00,2018,O.bulk,Me.Au,77200000.0,55.2815701035,0.7952849740932643,,
923,COM01270.00,2018,O.bulk,Me.Cu,81600000.0,200200.0,1017.5735294117646,,
924,COM01270.00,2018,O.bulk,Me.Pb,44000000.0,140000.0,3200.0,,
925,COM01270.00,2018,O.bulk,Me.WO3,44000000.0,160000.0,3600.0,,
926,COM01270.00,2018,O.bulk,Me.Zn,44000000.0,290000.0,6500.0,,
927,COM01274.00,2011,O.Fe,Me.Fe,10400000.0,,,,
927,COM01274.00,2013,O.Fe,Me.Fe,9774100.0,,,filled,
927,COM01274.00,2014,O.Fe,Me.Fe,8686300.0,,,filled,
927,COM01274.00,2015,O.Fe,Me.Fe,8543200.0,,,filled,
927,COM01274.00,2016,O.Fe,Me.Fe,8173600.0,,,filled,
928,COM01275.00,2007,O.bulk,Me.Ag,3547672.0,,,filled,
928,COM01275.00,2008,O.bulk,Me.Ag,3331225.0,,,filled,
928,COM01275.00,2009,O.bulk,Me.Ag,2830503.0,,,filled,
928,COM01275.00,2012,O.bulk,Me.Ag,2196244.0,,,filled,
928,COM01275.00,2018,O.bulk,Me.Ag,1797000.0,,,filled,
928,COM01275.00,2019,O.bulk,Me.Ag,1549000.0,,,,
929,COM01275.00,2019,O.bulk,Me.Au,1549000.0,,,,
930,COM01275.00,2019,O.bulk,Me.Cu,1549000.0,,,,
931,COM01275.00,2019,O.bulk,Me.Pb,1549000.0,,,,
932,COM01275.00,2019,O.bulk,Me.Zn,1549000.0,,,,
928,COM01275.00,2020,O.bulk,Me.Ag,1215000.0,,,filled,
933,COM01276.00,2000,O.bulk,Me.Ag,39175000.0,,,filled,
933,COM01276.00,2001,O.bulk,Me.Ag,37507000.0,,,filled,
933,COM01276.00,2002,O.bulk,Me.Ag,35740000.0,,,filled,
933,COM01276.00,2003,O.bulk,Me.Ag,33936000.0,,,filled,
933,COM01276.00,2004,O.bulk,Me.Ag,32177000.0,,,filled,
933,COM01276.00,2005,O.bulk,Me.Ag,30403000.0,,,filled,
933,COM01276.00,2006,O.bulk,Me.Ag,28621000.0,,,filled,
933,COM01276.00,2007,O.bulk,Me.Ag,26942000.0,,,filled,
933,COM01276.00,2008,O.bulk,Me.Ag,25094000.0,,,filled,
933,COM01276.00,2009,O.bulk,Me.Ag,23739000.0,,,filled,
933,COM01276.00,2010,O.bulk,Me.Ag,22547000.0,,,filled,
933,COM01276.00,2011,O.bulk,Me.Ag,21172000.0,,,filled,
933,COM01276.00,2012,O.bulk,Me.Ag,19495000.0,,,filled,
933,COM01276.00,2013,O.bulk,Me.Ag,17633000.0,,,filled,
933,COM01276.00,2014,O.bulk,Me.Ag,15824000.0,,,filled,
933,COM01276.00,2015,O.bulk,Me.Ag,13962000.0,,,filled,
933,COM01276.00,2016,O.bulk,Me.Ag,12083000.0,,,filled,
933,COM01276.00,2017,O.bulk,Me.Ag,9945000.0,,,filled,
933,COM01276.00,2018,O.bulk,Me.Ag,12080000.0,,,,
934,COM01276.00,2018,O.bulk,Me.Au,12080000.0,,,,
935,COM01276.00,2018,O.bulk,Me.Cu,7880000.0,,,,
936,COM01276.00,2018,O.bulk,Me.Pb,7870000.0,,,,
937,COM01276.00,2018,O.bulk,Me.Te,4200000.0,,,,
938,COM01276.00,2018,O.bulk,Me.Zn,7880000.0,,,,
939,COM01278.00,2016,O.Au,Me.Au,55583000.0,,,filled,
939,COM01278.00,2017,O.Au,Me.Au,54634000.0,,,filled,
939,COM01278.00,2018,O.Au,Me.Au,52329000.0,,,filled,
939,COM01278.00,2019,O.Au,Me.Au,40423000.0,,,filled,
939,COM01278.00,2020,O.Au,Me.Au,33000000.0,48.1941891,1.6,,
940,COM01280.00,2020,F.coal,,12000000.0,,,,
941,COM01281.00,2012,O.Mn,Me.Mn,4912000.0,,,filled,
941,COM01281.00,2013,O.Mn,Me.Mn,4601000.0,,,filled,
941,COM01281.00,2014,O.Mn,Me.Mn,4393000.0,,,filled,
941,COM01281.00,2015,O.Mn,Me.Mn,4115000.0,,,filled,
941,COM01281.00,2016,O.Mn,Me.Mn,3880000.0,,,filled,
941,COM01281.00,2017,O.Mn,Me.Mn,3514000.0,,,filled,
941,COM01281.00,2018,O.Mn,Me.Mn,3383000.0,,,filled,
941,COM01281.00,2019,O.Mn,Me.Mn,3150000.0,,,,
942,COM01282.00,2019,O.Fe,Me.Fe,613082759.8,,,,
943,COM01284.00,2017,O.bulk,Me.Au,11260000.0,,,filled,
943,COM01284.00,2019,O.bulk,Me.Au,9900000.0,,,,
944,COM01288.00,2020,F.coal,,8603000.0,,,,
945,COM01289.00,2018,O.Au,Me.Au,,26.9320469735,,,
946,COM01290.00,2018,O.sul,Me.Cu,2064661000.0,,,,
947,COM01290.00,2018,O.sul,Me.Mo,2064661000.0,,,,
948,COM01292.00,2020,O.Au,Me.Au,50520000.0,49.214771928000005,1.0352731591448932,,
949,COM01295.00,2006,O.Cu,Me.Ag,22619575.0,,,filled,
949,COM01295.00,2007,O.Cu,Me.Ag,21828635.0,,,filled,
949,COM01295.00,2008,O.Cu,Me.Ag,21148196.0,,,filled,
949,COM01295.00,2009,O.Cu,Me.Ag,20804590.0,,,filled,
949,COM01295.00,2010,O.Cu,Me.Ag,19872058.0,,,filled,
949,COM01295.00,2011,O.Cu,Me.Ag,18960519.0,,,filled,
949,COM01295.00,2012,O.Cu,Me.Ag,17800043.0,,,filled,
949,COM01295.00,2013,O.Cu,Me.Ag,16539387.0,,,filled,
949,COM01295.00,2014,O.Cu,Me.Ag,15235835.0,,,filled,
949,COM01295.00,2015,O.Cu,Me.Ag,13663107.0,,,filled,
949,COM01295.00,2016,O.Cu,Me.Ag,12040278.0,,,filled,
949,COM01295.00,2017,O.Cu,Me.Ag,10346327.0,,,filled,
949,COM01295.00,2018,O.Cu,Me.Ag,8888921.0,,,filled,
949,COM01295.00,2019,O.Cu,Me.Ag,7273066.0,,,filled,
949,COM01295.00,2020,O.Cu,Me.Ag,4900000.0,19.135928025,4.753061224489796,,
950,COM01295.00,2020,O.Cu,Me.Au,5600000.0,1.304078058,0.2464285714285714,,
951,COM01295.00,2020,O.Cu,Me.Cu,5600000.0,85000.0,15321.42857142857,,
952,COM01296.00,2013,O.Au,Me.Au,93385714.57142857,,,filled,
952,COM01296.00,2014,O.Au,Me.Au,92100000.57142857,,,filled,
952,COM01296.00,2015,O.Au,Me.Au,86385714.57142857,,,filled,
952,COM01296.00,2016,O.Au,Me.Au,80242857.57142857,,,filled,
952,COM01296.00,2017,O.Au,Me.Au,73385714.57142857,,,filled,
952,COM01296.00,2018,O.Au,Me.Au,65671428.571428575,106.1082151437143,1.77,,
953,COM01299.00,2013,F.coal,,167800000.0,,,,
954,COM01300.00,2017,O.Au,Me.Ag,44600115.0,,,filled,
954,COM01300.00,2018,O.Au,Me.Ag,41286366.0,,,filled,
954,COM01300.00,2019,O.Au,Me.Ag,35990000.0,996.457383927,30.768824673520424,,
955,COM01300.00,2019,O.Au,Me.Au,35990000.0,24.692434533,0.752167268685746,,
956,COM01301.00,2005,O.Au,Me.Au,720394.741929248,,,filled,
956,COM01301.00,2009,O.Au,Me.Au,398394.74192924803,,,filled,
956,COM01301.00,2010,O.Au,Me.Au,315394.74192924803,,,filled,
956,COM01301.00,2011,O.Au,Me.Au,212394.74192924803,,,filled,
956,COM01301.00,2012,O.Au,Me.Au,46394.74192924802,0.6028315348927122,12.98408159354,,
957,COM01302.00,2010,F.coal,,99610560.0,,,filled,
957,COM01302.00,2011,F.coal,,99519840.0,,,filled,
957,COM01302.00,2012,F.coal,,99247680.0,,,filled,
957,COM01302.00,2013,F.coal,,97433280.0,,,filled,
957,COM01302.00,2014,F.coal,,94076640.0,,,filled,
957,COM01302.00,2015,F.coal,,88361280.0,,,filled,
957,COM01302.00,2016,F.coal,,83280960.0,,,filled,
957,COM01302.00,2017,F.coal,,77293440.0,,,filled,
957,COM01302.00,2018,F.coal,,71124480.0,,,filled,
957,COM01302.00,2019,F.coal,,64955519.99999999,,,,
958,COM01303.00,2010,F.obc,,8783510.8,,,filled,
958,COM01303.00,2011,F.obc,,7967030.800000001,,,filled,
958,COM01303.00,2012,F.obc,,7150550.800000001,,,filled,
958,COM01303.00,2013,F.obc,,6512788.800000001,,,filled,
958,COM01303.00,2014,F.obc,,5663649.800000001,,,filled,
958,COM01303.00,2015,F.obc,,4588617.800000001,,,filled,
958,COM01303.00,2016,F.obc,,3978071.8000000003,,,filled,
958,COM01303.00,2017,F.obc,,3569831.8000000003,,,filled,
958,COM01303.00,2018,F.obc,,3378412.8000000003,,,,
959,COM01304.00,2018,F.obc,,14968800.0,,,,
960,COM01307.00,2005,F.stc,,87816960.0,,,filled,
960,COM01307.00,2006,F.stc,,79289280.0,,,filled,
960,COM01307.00,2007,F.stc,,71487360.0,,,filled,
960,COM01307.00,2008,F.stc,,63957600.0,,,filled,
960,COM01307.00,2009,F.stc,,56700000.0,,,filled,
960,COM01307.00,2010,F.stc,,49623840.0,,,filled,
960,COM01307.00,2011,F.stc,,42638400.0,,,filled,
960,COM01307.00,2012,F.stc,,35652960.0,,,filled,
960,COM01307.00,2013,F.stc,,28395360.0,,,filled,
960,COM01307.00,2014,F.stc,,21863520.0,,,filled,
960,COM01307.00,2015,F.stc,,15785280.0,,,filled,
960,COM01307.00,2016,F.stc,,12610080.0,,,filled,
960,COM01307.00,2017,F.stc,,10795680.0,,,filled,
960,COM01307.00,2018,F.stc,,7348320.0,,,filled,
960,COM01307.00,2019,F.stc,,4536000.0,,,,
961,COM01308.00,2006,O.Au,Me.Au,86417333.0,,,filled,
961,COM01308.00,2007,O.Au,Me.Au,85848000.0,,,filled,
961,COM01308.00,2008,O.Au,Me.Au,85334667.0,,,filled,
961,COM01308.00,2009,O.Au,Me.Au,84952000.0,,,filled,
961,COM01308.00,2010,O.Au,Me.Au,84624000.0,,,filled,
961,COM01308.00,2011,O.Au,Me.Au,84258667.0,,,filled,
961,COM01308.00,2012,O.Au,Me.Au,83876000.0,,,filled,
961,COM01308.00,2013,O.Au,Me.Au,83485333.0,,,filled,
961,COM01308.00,2014,O.Au,Me.Au,83078666.0,,,filled,
961,COM01308.00,2015,O.Au,Me.Au,82662666.0,,,filled,
961,COM01308.00,2016,O.Au,Me.Au,82197333.0,,,filled,
961,COM01308.00,2017,O.Au,Me.Au,81400000.0,321.20009559000005,3.971614949847434,,
961,COM01308.00,2018,O.Au,Me.Au,80506667.0,,,filled,
962,COM01309.00,2003,F.coal,,397330000.0,,,filled,
962,COM01309.00,2004,F.coal,,383630000.0,,,filled,
962,COM01309.00,2005,F.coal,,369300000.0,,,filled,
962,COM01309.00,2006,F.coal,,355300000.0,,,filled,
962,COM01309.00,2007,F.coal,,344800000.0,,,filled,
962,COM01309.00,2008,F.coal,,334700000.0,,,filled,
962,COM01309.00,2009,F.coal,,325500000.0,,,filled,
962,COM01309.00,2010,F.coal,,319100000.0,,,filled,
962,COM01309.00,2011,F.coal,,312500000.0,,,filled,
962,COM01309.00,2012,F.coal,,306400000.0,,,filled,
962,COM01309.00,2013,F.coal,,300100000.0,,,filled,
962,COM01309.00,2014,F.coal,,294000000.0,,,filled,
962,COM01309.00,2015,F.coal,,287100000.0,,,filled,
962,COM01309.00,2016,F.coal,,279600000.0,,,filled,
962,COM01309.00,2017,F.coal,,271400000.0,,,filled,
962,COM01309.00,2018,F.coal,,263500000.0,,,filled,
962,COM01309.00,2019,F.coal,,254700000.0,,,filled,
962,COM01309.00,2020,F.coal,,246000000.0,,,,
963,COM01310.00,2007,O.pgm,Me.pgm,101250000.0,,,filled,
963,COM01310.00,2008,O.pgm,Me.pgm,99210000.0,,,filled,
963,COM01310.00,2009,O.pgm,Me.pgm,96840000.0,,,filled,
963,COM01310.00,2010,O.pgm,Me.pgm,94220000.0,,,filled,
963,COM01310.00,2011,O.pgm,Me.pgm,91300000.0,,,filled,
963,COM01310.00,2012,O.pgm,Me.pgm,88350000.0,,,filled,
963,COM01310.00,2013,O.pgm,Me.pgm,85250000.0,,,filled,
963,COM01310.00,2014,O.pgm,Me.pgm,82080000.0,,,filled,
963,COM01310.00,2015,O.pgm,Me.pgm,78800000.0,,,filled,
963,COM01310.00,2016,O.pgm,Me.pgm,75440000.0,,,filled,
963,COM01310.00,2017,O.pgm,Me.pgm,71930000.0,,,filled,
963,COM01310.00,2018,O.pgm,Me.pgm,68430000.0,,,filled,
963,COM01310.00,2019,O.pgm,Me.pgm,64970000.0,207.2350140803,3.5,,
964,COM01311.00,2000,O.Cu,Me.Cu,298761000.0,,,filled,
964,COM01311.00,2001,O.Cu,Me.Cu,184824000.0,,,filled,
964,COM01311.00,2002,O.Cu,Me.Cu,110834000.0,,,filled,
964,COM01311.00,2003,O.Cu,Me.Cu,65319000.0,,,filled,
964,COM01311.00,2019,O.Cu,Me.Cu,49000000.0,,,,
965,COM01313.00,2020,F.stc,,9000000.0,,,,
966,COM01314.00,2000,O.bulk,Me.Ag,28928303.0,,,filled,
966,COM01314.00,2001,O.bulk,Me.Ag,28202528.0,,,filled,
966,COM01314.00,2002,O.bulk,Me.Ag,27459238.0,,,filled,
966,COM01314.00,2003,O.bulk,Me.Ag,26714548.0,,,filled,
966,COM01314.00,2004,O.bulk,Me.Ag,25967358.0,,,filled,
966,COM01314.00,2005,O.bulk,Me.Ag,25172322.0,,,filled,
966,COM01314.00,2006,O.bulk,Me.Ag,24359102.0,,,filled,
966,COM01314.00,2007,O.bulk,Me.Ag,23548822.0,,,filled,
966,COM01314.00,2008,O.bulk,Me.Ag,22698359.0,,,filled,
966,COM01314.00,2009,O.bulk,Me.Ag,21747929.0,,,filled,
966,COM01314.00,2010,O.bulk,Me.Ag,20730812.0,,,filled,
966,COM01314.00,2011,O.bulk,Me.Ag,19717417.0,,,filled,
966,COM01314.00,2012,O.bulk,Me.Ag,18631293.0,,,filled,
966,COM01314.00,2013,O.bulk,Me.Ag,17581991.0,,,filled,
966,COM01314.00,2014,O.bulk,Me.Ag,16580889.0,,,filled,
966,COM01314.00,2015,O.bulk,Me.Ag,15567256.0,,,filled,
966,COM01314.00,2016,O.bulk,Me.Ag,14445782.0,,,filled,
966,COM01314.00,2017,O.bulk,Me.Ag,13178030.0,,,filled,
966,COM01314.00,2018,O.bulk,Me.Ag,11813552.0,,,filled,
966,COM01314.00,2019,O.bulk,Me.Ag,10425777.0,,,,
967,COM01314.00,2019,O.bulk,Me.Pb,10425777.0,,,,
968,COM01314.00,2019,O.bulk,Me.Zn,10425777.0,,,,
969,COM01316.00,2001,O.Au,Me.Au,5100000.0,,,filled,
969,COM01316.00,2002,O.Au,Me.Au,2500000.0,2.8349523130000005,1.07,,
969,COM01316.00,2003,O.Au,Me.Au,500000.0,,,filled,
970,COM01319.00,2019,O.Fe,Me.Fe,817917835.0,,,,
971,COM01320.00,2018,O.pgm,Me.pgm,52500000.0,158.757329528,3.3,,
972,COM01323.00,2000,O.Mn,Me.Mn,15819000.0,,,filled,
972,COM01323.00,2001,O.Mn,Me.Mn,15519000.0,,,filled,
972,COM01323.00,2002,O.Mn,Me.Mn,15219000.0,,,filled,
972,COM01323.00,2003,O.Mn,Me.Mn,14886000.0,,,filled,
972,COM01323.00,2004,O.Mn,Me.Mn,14472000.0,,,filled,
972,COM01323.00,2005,O.Mn,Me.Mn,14103000.0,,,filled,
972,COM01323.00,2006,O.Mn,Me.Mn,13714000.0,,,filled,
972,COM01323.00,2007,O.Mn,Me.Mn,13352000.0,,,filled,
972,COM01323.00,2008,O.Mn,Me.Mn,13075000.0,,,filled,
972,COM01323.00,2009,O.Mn,Me.Mn,12829000.0,,,filled,
972,COM01323.00,2010,O.Mn,Me.Mn,12660000.0,,,filled,
972,COM01323.00,2011,O.Mn,Me.Mn,12476000.0,,,filled,
972,COM01323.00,2012,O.Mn,Me.Mn,12174000.0,,,filled,
972,COM01323.00,2013,O.Mn,Me.Mn,11847000.0,,,filled,
972,COM01323.00,2014,O.Mn,Me.Mn,11436000.0,,,filled,
972,COM01323.00,2015,O.Mn,Me.Mn,10835000.0,,,filled,
972,COM01323.00,2016,O.Mn,Me.Mn,10100000.0,,,,
972,COM01323.00,2017,O.Mn,Me.Mn,9427000.0,,,filled,
972,COM01323.00,2018,O.Mn,Me.Mn,8757000.0,,,filled,
972,COM01323.00,2019,O.Mn,Me.Mn,8346000.0,,,filled,
973,COM01324.00,2020,F.coal,,37423000.0,,,,
974,COM01329.00,2002,O.Fe,Me.Fe,3923500000.0,,,filled,
974,COM01329.00,2003,O.Fe,Me.Fe,3908600000.0,,,filled,
974,COM01329.00,2004,O.Fe,Me.Fe,3888200000.0,,,filled,
974,COM01329.00,2005,O.Fe,Me.Fe,3866700000.0,,,filled,
974,COM01329.00,2006,O.Fe,Me.Fe,3845500000.0,,,filled,
974,COM01329.00,2007,O.Fe,Me.Fe,3819800000.0,,,filled,
974,COM01329.00,2008,O.Fe,Me.Fe,3792100000.0,,,filled,
974,COM01329.00,2009,O.Fe,Me.Fe,3768400000.0,,,filled,
974,COM01329.00,2010,O.Fe,Me.Fe,3747700000.0,,,filled,
974,COM01329.00,2011,O.Fe,Me.Fe,3725700000.0,,,filled,
974,COM01329.00,2012,O.Fe,Me.Fe,3704300000.0,,,filled,
974,COM01329.00,2013,O.Fe,Me.Fe,3681700000.0,,,filled,
974,COM01329.00,2014,O.Fe,Me.Fe,3659700000.0,,,filled,
974,COM01329.00,2015,O.Fe,Me.Fe,3634700000.0,,,filled,
974,COM01329.00,2016,O.Fe,Me.Fe,3605400000.0,,,filled,
974,COM01329.00,2017,O.Fe,Me.Fe,3576200000.0,,,filled,
974,COM01329.00,2018,O.Fe,Me.Fe,3531900000.0,,,filled,
974,COM01329.00,2019,O.Fe,Me.Fe,3488800000.0,,,,
975,COM01331.00,2005,O.Au,Me.Ag,332468000.0,,,filled,
975,COM01331.00,2014,O.Au,Me.Ag,327955000.0,,,filled,
975,COM01331.00,2015,O.Au,Me.Ag,298455000.0,,,filled,
975,COM01331.00,2016,O.Au,Me.Ag,270070000.0,,,filled,
975,COM01331.00,2017,O.Au,Me.Ag,242042000.0,,,filled,
975,COM01331.00,2018,O.Au,Me.Ag,200486000.0,2546.07066063,13.93,,
976,COM01331.00,2018,O.Au,Me.Au,213152000.0,143.902178748,0.74,,
977,COM01335.00,2003,F.coal,,10426830.0,,,filled,
977,COM01335.00,2004,F.coal,,10331706.0,,,filled,
977,COM01335.00,2005,F.coal,,10176806.0,,,filled,
977,COM01335.00,2006,F.coal,,9587468.0,,,filled,
977,COM01335.00,2007,F.coal,,8623182.0,,,filled,
977,COM01335.00,2008,F.coal,,7848710.0,,,filled,
977,COM01335.00,2009,F.coal,,6996721.0,,,filled,
977,COM01335.00,2010,F.coal,,6325317.0,,,filled,
977,COM01335.00,2011,F.coal,,5450178.0,,,filled,
977,COM01335.00,2012,F.coal,,4445280.0,,,filled,
977,COM01335.00,2013,F.coal,,3538080.0,,,,
977,COM01335.00,2014,F.coal,,3084480.0,,,filled,
977,COM01335.00,2015,F.coal,,2540160.0,,,filled,
978,COM01338.00,2003,F.stc,,67010992.0,,,filled,
978,COM01338.00,2004,F.stc,,65074940.0,,,filled,
978,COM01338.00,2005,F.stc,,63153883.0,,,filled,
978,COM01338.00,2006,F.stc,,61044307.0,,,filled,
978,COM01338.00,2007,F.stc,,59153527.0,,,filled,
978,COM01338.00,2008,F.stc,,57261566.0,,,filled,
978,COM01338.00,2009,F.stc,,55210361.0,,,filled,
978,COM01338.00,2010,F.stc,,53167391.0,,,filled,
978,COM01338.00,2011,F.stc,,50921834.0,,,filled,
978,COM01338.00,2012,F.stc,,49079520.0,,,filled,
978,COM01338.00,2013,F.stc,,47174400.0,,,filled,
978,COM01338.00,2014,F.stc,,45178560.0,,,filled,
978,COM01338.00,2015,F.stc,,43182720.0,,,filled,
978,COM01338.00,2016,F.stc,,41277600.0,,,filled,
978,COM01338.00,2017,F.stc,,39826080.0,,,filled,
978,COM01338.00,2018,F.stc,,38283840.0,,,filled,
978,COM01338.00,2019,F.stc,,36650880.0,,,,
979,COM01346.00,2018,O.Au,Me.Au,400000000.0,311.84475443,0.8600000000000001,,
980,COM01346.00,2018,O.Au,Me.Cu,400000000.0,5000000.0,12000.0,,
981,COM01348.00,2007,F.coal,,37770000.0,,,filled,
981,COM01348.00,2008,F.coal,,37760000.0,,,filled,
981,COM01348.00,2009,F.coal,,36990000.0,,,filled,
981,COM01348.00,2010,F.coal,,34100000.0,,,filled,
981,COM01348.00,2011,F.coal,,31500000.0,,,filled,
981,COM01348.00,2012,F.coal,,27200000.0,,,filled,
981,COM01348.00,2013,F.coal,,23400000.0,,,filled,
981,COM01348.00,2014,F.coal,,20200000.0,,,filled,
981,COM01348.00,2015,F.coal,,18100000.0,,,filled,
981,COM01348.00,2016,F.coal,,16300000.0,,,filled,
981,COM01348.00,2017,F.coal,,15200000.0,,,filled,
981,COM01348.00,2018,F.coal,,14100000.0,,,filled,
981,COM01348.00,2019,F.coal,,13000000.0,,,,
982,COM01350.00,2007,O.Au,Me.Au,7498048.0,,,filled,
982,COM01350.00,2008,O.Au,Me.Au,6696990.0,,,filled,
982,COM01350.00,2009,O.Au,Me.Au,5819728.0,,,filled,
982,COM01350.00,2010,O.Au,Me.Au,4545112.0,,,filled,
982,COM01350.00,2011,O.Au,Me.Au,3607974.0,,,filled,
982,COM01350.00,2012,O.Au,Me.Au,3285011.0,,,filled,
982,COM01350.00,2013,O.Au,Me.Au,2889472.0,,,filled,
982,COM01350.00,2014,O.Au,Me.Au,2200000.0,10.20582828,4.564273223930001,,
982,COM01350.00,2016,O.Au,Me.Au,1721000.0,,,filled,
982,COM01350.00,2017,O.Au,Me.Au,1247000.0,,,filled,
982,COM01350.00,2018,O.Au,Me.Au,813000.0,,,filled,
983,COM01350.00,2019,O.Au,Me.Ag,920000.0,23.246608966600004,27.403260869565216,,
984,COM01350.00,2019,O.Au,Me.Au,920000.0,2.8349523130000005,3.3752173913043477,,
985,COM01351.00,2019,F.stc,,162388800.0,,,,
986,COM01353.00,2002,F.coal,,149052960.0,,,filled,
986,COM01353.00,2003,F.coal,,147601440.0,,,filled,
986,COM01353.00,2004,F.coal,,145424160.0,,,filled,
986,COM01353.00,2005,F.coal,,142611840.0,,,filled,
986,COM01353.00,2006,F.coal,,138892320.0,,,filled,
986,COM01353.00,2007,F.coal,,134809920.0,,,filled,
986,COM01353.00,2008,F.coal,,130636800.0,,,filled,
986,COM01353.00,2009,F.coal,,126010080.0,,,filled,
986,COM01353.00,2010,F.coal,,120385440.0,,,filled,
986,COM01353.00,2011,F.coal,,115123680.0,,,filled,
986,COM01353.00,2012,F.coal,,110224800.0,,,filled,
986,COM01353.00,2013,F.coal,,104872320.0,,,filled,
986,COM01353.00,2014,F.coal,,99519840.0,,,filled,
986,COM01353.00,2015,F.coal,,94893120.0,,,filled,
986,COM01353.00,2016,F.coal,,91264320.0,,,filled,
986,COM01353.00,2017,F.coal,,87816960.0,,,filled,
986,COM01353.00,2018,F.coal,,84551040.0,,,filled,
986,COM01353.00,2019,F.coal,,81375840.0,,,,
987,COM01354.00,2011,F.coal,,194619000.0,,,filled,
987,COM01354.00,2012,F.coal,,190588000.0,,,filled,
987,COM01354.00,2013,F.coal,,184789000.0,,,filled,
987,COM01354.00,2014,F.coal,,179679000.0,,,filled,
987,COM01354.00,2015,F.coal,,174936000.0,,,filled,
987,COM01354.00,2016,F.coal,,171505000.0,,,filled,
987,COM01354.00,2017,F.coal,,169100000.0,,,filled,
987,COM01354.00,2018,F.coal,,164300000.0,,,filled,
987,COM01354.00,2019,F.coal,,161900000.0,,,filled,
987,COM01354.00,2020,F.coal,,158200000.0,,,,
988,COM01355.00,2001,O.Al,Me.Al2O3,1603352000.0,,,filled,
988,COM01355.00,2002,O.Al,Me.Al2O3,1592026000.0,,,filled,
988,COM01355.00,2003,O.Al,Me.Al2O3,1580785000.0,,,filled,
988,COM01355.00,2004,O.Al,Me.Al2O3,1568887000.0,,,filled,
988,COM01355.00,2005,O.Al,Me.Al2O3,1556238000.0,,,filled,
988,COM01355.00,2006,O.Al,Me.Al2O3,1540764000.0,,,filled,
988,COM01355.00,2007,O.Al,Me.Al2O3,1524625000.0,,,filled,
988,COM01355.00,2008,O.Al,Me.Al2O3,1506416000.0,,,filled,
988,COM01355.00,2009,O.Al,Me.Al2O3,1486410000.0,,,filled,
988,COM01355.00,2010,O.Al,Me.Al2O3,1470175000.0,,,filled,
988,COM01355.00,2011,O.Al,Me.Al2O3,1451584000.0,,,filled,
988,COM01355.00,2012,O.Al,Me.Al2O3,1430852000.0,,,filled,
988,COM01355.00,2013,O.Al,Me.Al2O3,1407595000.0,,,filled,
988,COM01355.00,2014,O.Al,Me.Al2O3,1381254000.0,,,filled,
988,COM01355.00,2015,O.Al,Me.Al2O3,1354988000.0,,,filled,
988,COM01355.00,2016,O.Al,Me.Al2O3,1327325000.0,,,filled,
988,COM01355.00,2017,O.Al,Me.Al2O3,1297898000.0,,,filled,
988,COM01355.00,2018,O.Al,Me.Al2O3,1267000000.0,,,,
989,COM01359.00,2006,F.coal,,29791000.0,,,filled,
989,COM01359.00,2007,F.coal,,28888000.0,,,filled,
989,COM01359.00,2008,F.coal,,27599000.0,,,filled,
989,COM01359.00,2009,F.coal,,26825000.0,,,filled,
989,COM01359.00,2010,F.coal,,25702000.0,,,filled,
989,COM01359.00,2011,F.coal,,24419000.0,,,filled,
989,COM01359.00,2012,F.coal,,22610000.0,,,filled,
989,COM01359.00,2013,F.coal,,21336000.0,,,filled,
989,COM01359.00,2014,F.coal,,19659000.0,,,filled,
989,COM01359.00,2015,F.coal,,17303000.0,,,filled,
989,COM01359.00,2016,F.coal,,15061000.0,,,filled,
989,COM01359.00,2017,F.coal,,12951000.0,,,filled,
989,COM01359.00,2018,F.coal,,11142000.0,,,filled,
989,COM01359.00,2019,F.coal,,9182000.0,,,filled,
989,COM01359.00,2020,F.coal,,7500000.0,,,,
990,COM01360.00,2000,F.stc,,139618080.0,,,filled,
990,COM01360.00,2001,F.stc,,136442880.0,,,filled,
990,COM01360.00,2002,F.stc,,131544000.0,,,filled,
990,COM01360.00,2003,F.stc,,125465760.0,,,filled,
990,COM01360.00,2004,F.stc,,119568960.0,,,filled,
990,COM01360.00,2005,F.stc,,113944320.0,,,filled,
990,COM01360.00,2006,F.stc,,108591840.0,,,filled,
990,COM01360.00,2007,F.stc,,104055840.0,,,filled,
990,COM01360.00,2008,F.stc,,98431200.0,,,filled,
990,COM01360.00,2009,F.stc,,93623040.0,,,filled,
990,COM01360.00,2010,F.stc,,89994240.0,,,filled,
990,COM01360.00,2011,F.stc,,85639680.0,,,filled,
990,COM01360.00,2012,F.stc,,80377920.0,,,filled,
990,COM01360.00,2013,F.stc,,74299680.0,,,filled,
990,COM01360.00,2014,F.stc,,68765760.0,,,filled,
990,COM01360.00,2015,F.stc,,62868960.0,,,filled,
990,COM01360.00,2016,F.stc,,58242240.0,,,filled,
990,COM01360.00,2017,F.stc,,54613440.0,,,filled,
990,COM01360.00,2018,F.stc,,50168160.0,,,filled,
990,COM01360.00,2019,F.stc,,45813600.0,,,,
991,COM01364.00,2011,O.Fe,Me.Fe,505900000.0,,,filled,
991,COM01364.00,2012,O.Fe,Me.Fe,504500000.0,,,filled,
991,COM01364.00,2013,O.Fe,Me.Fe,501200000.0,,,filled,
991,COM01364.00,2014,O.Fe,Me.Fe,497300000.0,,,filled,
991,COM01364.00,2015,O.Fe,Me.Fe,492800000.0,,,filled,
991,COM01364.00,2016,O.Fe,Me.Fe,488500000.0,,,filled,
991,COM01364.00,2017,O.Fe,Me.Fe,486500000.0,,,filled,
991,COM01364.00,2018,O.Fe,Me.Fe,484600000.0,,,filled,
991,COM01364.00,2019,O.Fe,Me.Fe,480000000.0,,,,
992,COM01366.00,2018,O.Cu,Me.Cu,9927951.0,,,filled,
992,COM01366.00,2019,O.Cu,Me.Cu,8340000.0,113500.0,13287.769784172662,,
993,COM01367.00,2000,O.Au,Me.Au,93494905.0,,,filled,
993,COM01367.00,2001,O.Au,Me.Au,89386905.0,,,filled,
993,COM01367.00,2002,O.Au,Me.Au,85041905.0,,,filled,
993,COM01367.00,2003,O.Au,Me.Au,80831905.0,,,filled,
993,COM01367.00,2004,O.Au,Me.Au,77244905.0,,,filled,
993,COM01367.00,2005,O.Au,Me.Au,74195905.0,,,filled,
993,COM01367.00,2006,O.Au,Me.Au,71434505.0,,,filled,
993,COM01367.00,2007,O.Au,Me.Au,68466505.0,,,filled,
993,COM01367.00,2008,O.Au,Me.Au,65560405.0,,,filled,
993,COM01367.00,2009,O.Au,Me.Au,62457305.0,,,filled,
993,COM01367.00,2010,O.Au,Me.Au,59680705.0,,,filled,
993,COM01367.00,2011,O.Au,Me.Au,56400505.0,,,filled,
993,COM01367.00,2012,O.Au,Me.Au,53331705.0,,,filled,
993,COM01367.00,2013,O.Au,Me.Au,49358705.0,,,filled,
993,COM01367.00,2014,O.Au,Me.Au,47243605.0,,,filled,
993,COM01367.00,2016,O.Au,Me.Au,43442105.0,,,filled,
993,COM01367.00,2017,O.Au,Me.Au,39570080.0,,,filled,
993,COM01367.00,2018,O.Au,Me.Au,35432848.0,,,filled,
993,COM01367.00,2019,O.Au,Me.Au,30966000.0,21.772433664,0.7087380782500001,,
994,COM01370.00,2011,F.stc,,45450720.0,,,filled,
994,COM01370.00,2012,F.stc,,43817760.0,,,filled,
994,COM01370.00,2013,F.stc,,42003360.0,,,filled,
994,COM01370.00,2014,F.stc,,40098240.0,,,filled,
994,COM01370.00,2015,F.stc,,36923040.0,,,filled,
994,COM01370.00,2016,F.stc,,34473600.0,,,filled,
994,COM01370.00,2017,F.stc,,32114880.0,,,filled,
994,COM01370.00,2018,F.stc,,29665440.0,,,filled,
994,COM01370.00,2019,F.stc,,27216000.0,,,,
995,COM01373.00,2006,F.stc,,217002240.0,,,filled,
995,COM01373.00,2007,F.stc,,216730080.0,,,filled,
995,COM01373.00,2008,F.stc,,212103360.0,,,filled,
995,COM01373.00,2009,F.stc,,205299360.0,,,filled,
995,COM01373.00,2010,F.stc,,197678880.0,,,filled,
995,COM01373.00,2011,F.stc,,188969760.0,,,filled,
995,COM01373.00,2012,F.stc,,179081280.0,,,filled,
995,COM01373.00,2013,F.stc,,168013440.0,,,filled,
995,COM01373.00,2014,F.stc,,155947680.0,,,filled,
995,COM01373.00,2015,F.stc,,142884000.0,,,filled,
995,COM01373.00,2016,F.stc,,131997600.0,,,filled,
995,COM01373.00,2017,F.stc,,119296800.0,,,filled,
995,COM01373.00,2018,F.stc,,107140320.0,,,filled,
995,COM01373.00,2019,F.stc,,94348800.0,,,,
996,COM01374.00,2017,O.Au,Me.Au,29659064.0,,,filled,
996,COM01374.00,2018,O.Au,Me.Au,28335448.0,,,filled,
996,COM01374.00,2019,O.Au,Me.Au,26638606.0,,,filled,
996,COM01374.00,2020,O.Au,Me.Au,24700000.0,39.689332382,1.7,,
997,COM01378.00,2019,M.lat,Me.Al2O3,270000000.0,,,,
998,COM01378.00,2019,M.lat,Nm.SiO2,270000000.0,,,,
999,COM01379.00,2018,O.bulk,Me.Zn,,47834.0,31000.0,,
1000,COM01380.00,2005,O.Al,Me.Al2O3,36300800.0,,,filled,
1000,COM01380.00,2008,O.Al,Me.Al2O3,36295800.0,,,filled,
1000,COM01380.00,2009,O.Al,Me.Al2O3,36175000.0,,,filled,
1000,COM01380.00,2010,O.Al,Me.Al2O3,34877800.0,,,filled,
1000,COM01380.00,2011,O.Al,Me.Al2O3,33687800.0,,,filled,
1000,COM01380.00,2012,O.Al,Me.Al2O3,32632800.0,,,filled,
1000,COM01380.00,2013,O.Al,Me.Al2O3,31064000.0,,,filled,
1000,COM01380.00,2014,O.Al,Me.Al2O3,29188000.0,,,filled,
1000,COM01380.00,2015,O.Al,Me.Al2O3,28295000.0,,,filled,
1000,COM01380.00,2016,O.Al,Me.Al2O3,27032000.0,,,filled,
1000,COM01380.00,2017,O.Al,Me.Al2O3,25762000.0,,,filled,
1000,COM01380.00,2018,O.Al,Me.Al2O3,23989000.0,,,filled,
1000,COM01380.00,2019,O.Al,Me.Al2O3,22470000.0,,,,
1001,COM01380.00,2019,O.Al,Nm.SiO2,22470000.0,,,,
1002,COM01381.00,2002,O.Al,Me.Al2O3,37165700.0,,,filled,
1002,COM01381.00,2003,O.Al,Me.Al2O3,36684700.0,,,filled,
1002,COM01381.00,2004,O.Al,Me.Al2O3,36263700.0,,,filled,
1002,COM01381.00,2005,O.Al,Me.Al2O3,36127400.0,,,filled,
1002,COM01381.00,2008,O.Al,Me.Al2O3,35719400.0,,,filled,
1002,COM01381.00,2009,O.Al,Me.Al2O3,34989100.0,,,filled,
1002,COM01381.00,2010,O.Al,Me.Al2O3,33498600.0,,,filled,
1002,COM01381.00,2011,O.Al,Me.Al2O3,30967600.0,,,filled,
1002,COM01381.00,2012,O.Al,Me.Al2O3,28060600.0,,,filled,
1002,COM01381.00,2013,O.Al,Me.Al2O3,24266000.0,,,filled,
1002,COM01381.00,2014,O.Al,Me.Al2O3,20693000.0,,,filled,
1002,COM01381.00,2015,O.Al,Me.Al2O3,17364000.0,,,filled,
1002,COM01381.00,2016,O.Al,Me.Al2O3,14988000.0,,,filled,
1002,COM01381.00,2017,O.Al,Me.Al2O3,13808000.0,,,filled,
1002,COM01381.00,2018,O.Al,Me.Al2O3,12037000.0,,,filled,
1002,COM01381.00,2019,O.Al,Me.Al2O3,10290000.0,,,,
1003,COM01381.00,2019,O.Al,Nm.SiO2,10290000.0,,,,
1004,COM01385.00,2008,O.Al,Me.Al2O3,2785800.0,,,filled,
1004,COM01385.00,2009,O.Al,Me.Al2O3,2308900.0,,,filled,
1004,COM01385.00,2010,O.Al,Me.Al2O3,2308900.0,,,filled,
1004,COM01385.00,2011,O.Al,Me.Al2O3,2280900.0,,,filled,
1004,COM01385.00,2012,O.Al,Me.Al2O3,2216300.0,,,filled,
1004,COM01385.00,2013,O.Al,Me.Al2O3,2072000.0,,,filled,
1004,COM01385.00,2014,O.Al,Me.Al2O3,1942000.0,,,filled,
1004,COM01385.00,2015,O.Al,Me.Al2O3,1669000.0,,,filled,
1004,COM01385.00,2016,O.Al,Me.Al2O3,1465000.0,,,filled,
1004,COM01385.00,2017,O.Al,Me.Al2O3,1390000.0,,,filled,
1004,COM01385.00,2018,O.Al,Me.Al2O3,1300000.0,,,filled,
1004,COM01385.00,2019,O.Al,Me.Al2O3,1110000.0,,,,
1005,COM01385.00,2019,O.Al,Nm.SiO2,1110000.0,,,,
1006,COM01388.00,2017,O.bulk,Me.Ag,178941524.79644707,1416.4269448556624,7.973926366213754,,
1007,COM01388.00,2017,O.bulk,Me.Au,193190229.45965952,108.59273243893412,0.5503717766272413,,
1008,COM01392.00,2005,O.Al,Me.Al2O3,6695000.0,,,filled,
1008,COM01392.00,2008,O.Al,Me.Al2O3,6692000.0,,,filled,
1008,COM01392.00,2009,O.Al,Me.Al2O3,6692000.0,,,filled,
1008,COM01392.00,2010,O.Al,Me.Al2O3,6629000.0,,,filled,
1008,COM01392.00,2011,O.Al,Me.Al2O3,6461000.0,,,filled,
1008,COM01392.00,2012,O.Al,Me.Al2O3,6281000.0,,,filled,
1008,COM01392.00,2013,O.Al,Me.Al2O3,6031000.0,,,filled,
1008,COM01392.00,2014,O.Al,Me.Al2O3,5831000.0,,,filled,
1008,COM01392.00,2015,O.Al,Me.Al2O3,5737000.0,,,filled,
1008,COM01392.00,2016,O.Al,Me.Al2O3,5737000.0,,,filled,
1008,COM01392.00,2017,O.Al,Me.Al2O3,5329000.0,,,filled,
1008,COM01392.00,2018,O.Al,Me.Al2O3,2449000.0,,,filled,
1008,COM01392.00,2019,O.Al,Me.Al2O3,1010000.0,,,,
1009,COM01392.00,2019,O.Al,Nm.SiO2,1010000.0,,,,
1010,COM01394.00,2020,F.coal,,269000000.0,,,,
1011,COM01395.00,2011,F.coal,,79831000.0,,,filled,
1011,COM01395.00,2012,F.coal,,76687000.0,,,filled,
1011,COM01395.00,2013,F.coal,,73490000.0,,,filled,
1011,COM01395.00,2014,F.coal,,70332000.0,,,filled,
1011,COM01395.00,2015,F.coal,,67112000.0,,,filled,
1011,COM01395.00,2016,F.coal,,64298000.0,,,filled,
1011,COM01395.00,2017,F.coal,,61200000.0,,,filled,
1011,COM01395.00,2018,F.coal,,57800000.0,,,filled,
1011,COM01395.00,2019,F.coal,,54400000.0,,,filled,
1011,COM01395.00,2020,F.coal,,51000000.0,,,,
1012,COM01398.00,2009,O.bulk,Me.Ag,53031737.0,,,filled,
1012,COM01398.00,2010,O.bulk,Me.Ag,49711737.0,,,filled,
1012,COM01398.00,2011,O.bulk,Me.Ag,46281737.0,,,filled,
1012,COM01398.00,2012,O.bulk,Me.Ag,42771737.0,,,filled,
1012,COM01398.00,2013,O.bulk,Me.Ag,39962000.0,,,filled,
1012,COM01398.00,2014,O.bulk,Me.Ag,36492000.0,,,filled,
1012,COM01398.00,2015,O.bulk,Me.Ag,32714000.0,,,filled,
1012,COM01398.00,2016,O.bulk,Me.Ag,28721000.0,,,filled,
1012,COM01398.00,2017,O.bulk,Me.Ag,25064000.0,,,filled,
1012,COM01398.00,2018,O.bulk,Me.Ag,21500000.0,,,,
1013,COM01398.00,2018,O.bulk,Me.Cu,21500000.0,,,,
1014,COM01398.00,2018,O.bulk,Me.Pb,21500000.0,,,,
1015,COM01398.00,2018,O.bulk,Me.Zn,21500000.0,,,,
1016,COM01399.00,2011,O.bulk,Me.Ag,14815275.0,,,filled,
1016,COM01399.00,2012,O.bulk,Me.Ag,14432854.0,,,filled,
1016,COM01399.00,2013,O.bulk,Me.Ag,13825296.0,,,filled,
1016,COM01399.00,2014,O.bulk,Me.Ag,13184028.0,,,filled,
1016,COM01399.00,2015,O.bulk,Me.Ag,12298533.0,,,filled,
1016,COM01399.00,2016,O.bulk,Me.Ag,11466308.0,,,filled,
1016,COM01399.00,2017,O.bulk,Me.Ag,10569139.0,,,filled,
1016,COM01399.00,2018,O.bulk,Me.Ag,9545648.0,,,filled,
1016,COM01399.00,2019,O.bulk,Me.Ag,8439000.0,357.203991438,46.49,,
1017,COM01399.00,2019,O.bulk,Me.Au,8439000.0,3.855535128,0.5,,
1018,COM01399.00,2019,O.bulk,Me.Cu,8439000.0,95163.679226,11299.999999999998,,
1019,COM01399.00,2019,O.bulk,Me.Pb,8439000.0,65544.097465,7800.0,,
1020,COM01399.00,2019,O.bulk,Me.Zn,8439000.0,259454.83564,30700.0,,
1021,COM01402.00,2008,F.coal,,1919707653.0,,,filled,
1021,COM01402.00,2009,F.coal,,1918250153.0,,,filled,
1021,COM01402.00,2010,F.coal,,1910450153.0,,,filled,
1021,COM01402.00,2011,F.coal,,1900017153.0,,,filled,
1021,COM01402.00,2012,F.coal,,1888751353.0,,,filled,
1021,COM01402.00,2013,F.coal,,1841367341.0,,,filled,
1021,COM01402.00,2014,F.coal,,1795860983.0,,,filled,
1021,COM01402.00,2015,F.coal,,1752653363.0,,,filled,
1021,COM01402.00,2016,F.coal,,1718316520.0,,,filled,
1021,COM01402.00,2017,F.coal,,1681433915.0,,,filled,
1021,COM01402.00,2018,F.coal,,1634143915.0,,,filled,
1021,COM01402.00,2019,F.coal,,1586453915.0,,,filled,
1021,COM01402.00,2020,F.coal,,1530043915.0,,,,
1022,COM01409.00,2018,O.bulk,Me.Au,440700000.0,,,,
1023,COM01409.00,2018,O.bulk,Me.Cu,440700000.0,,,,
1024,COM01410.00,2016,O.Cu,Me.Cu,502232000.0,,,filled,
1024,COM01410.00,2017,O.Cu,Me.Cu,484675500.0,,,filled,
1024,COM01410.00,2018,O.Cu,Me.Cu,467484000.0,2167173.625386,4640.0,,
1025,COM01410.00,2019,O.Cu,Me.Cu,568500000.0,,,,
1026,COM01416.00,2006,O.bulk,Me.Ag,22690626.0,,,filled,
1026,COM01416.00,2007,O.bulk,Me.Ag,21883126.0,,,filled,
1026,COM01416.00,2008,O.bulk,Me.Ag,21071126.0,,,filled,
1026,COM01416.00,2009,O.bulk,Me.Ag,20169491.0,,,filled,
1026,COM01416.00,2010,O.bulk,Me.Ag,19225191.0,,,filled,
1026,COM01416.00,2011,O.bulk,Me.Ag,18204941.0,,,filled,
1026,COM01416.00,2012,O.bulk,Me.Ag,17964391.0,,,filled,
1026,COM01416.00,2013,O.bulk,Me.Ag,17760241.0,,,filled,
1026,COM01416.00,2014,O.bulk,Me.Ag,17455561.0,,,filled,
1026,COM01416.00,2015,O.bulk,Me.Ag,16451961.0,,,filled,
1026,COM01416.00,2016,O.bulk,Me.Ag,15395961.0,,,filled,
1026,COM01416.00,2017,O.bulk,Me.Ag,14046111.0,,,filled,
1026,COM01416.00,2018,O.bulk,Me.Ag,12276111.0,,,filled,
1026,COM01416.00,2019,O.bulk,Me.Ag,10100000.0,,,,
1027,COM01416.00,2019,O.bulk,Me.Pb,10100000.0,,,,
1028,COM01416.00,2019,O.bulk,Me.Zn,10100000.0,,,,
1029,COM01418.00,2018,O.Au,Me.Au,,9.896,7.879999999999999,,
1030,COM01419.00,2020,F.coal,,25000000.0,,,,
1031,COM01428.00,2008,F.coal,,3436000000.0,,,filled,
1031,COM01428.00,2009,F.coal,,3429400000.0,,,filled,
1031,COM01428.00,2010,F.coal,,3415300000.0,,,filled,
1031,COM01428.00,2011,F.coal,,3396000000.0,,,filled,
1031,COM01428.00,2012,F.coal,,3370900000.0,,,filled,
1031,COM01428.00,2013,F.coal,,3342800000.0,,,filled,
1031,COM01428.00,2014,F.coal,,3312300000.0,,,filled,
1031,COM01428.00,2015,F.coal,,3280900000.0,,,filled,
1031,COM01428.00,2016,F.coal,,3250600000.0,,,filled,
1031,COM01428.00,2017,F.coal,,3187700000.0,,,filled,
1031,COM01428.00,2018,F.coal,,3132300000.0,,,filled,
1031,COM01428.00,2019,F.coal,,3080000000.0,,,,
1032,COM01429.00,2009,F.stc,,115202877.0,,,filled,
1032,COM01429.00,2010,F.stc,,115039863.0,,,filled,
1032,COM01429.00,2011,F.stc,,112763836.0,,,filled,
1032,COM01429.00,2012,F.stc,,108152192.0,,,filled,
1032,COM01429.00,2013,F.stc,,101267124.0,,,filled,
1032,COM01429.00,2014,F.stc,,94593562.0,,,filled,
1032,COM01429.00,2015,F.stc,,87670548.0,,,filled,
1032,COM01429.00,2016,F.stc,,80047260.0,,,filled,
1032,COM01429.00,2017,F.stc,,71817671.0,,,filled,
1032,COM01429.00,2018,F.stc,,63276849.0,,,filled,
1032,COM01429.00,2019,F.stc,,54541507.0,,,filled,
1032,COM01429.00,2020,F.stc,,47200000.0,,,,
1033,COM01430.00,2018,O.bulk,Me.Au,,0.357,0.32,,
1034,COM01430.00,2018,O.bulk,Me.Cu,,501440.0,6800.000000000001,,
1035,COM01432.00,2004,O.bulk,Me.Ag,15891866.0,,,filled,
1035,COM01432.00,2005,O.bulk,Me.Ag,15159054.0,,,filled,
1035,COM01432.00,2006,O.bulk,Me.Ag,14355171.0,,,filled,
1035,COM01432.00,2007,O.bulk,Me.Ag,13567282.0,,,filled,
1035,COM01432.00,2008,O.bulk,Me.Ag,12707042.0,,,filled,
1035,COM01432.00,2009,O.bulk,Me.Ag,11806655.0,,,filled,
1035,COM01432.00,2019,O.bulk,Me.Ag,10816000.0,822.13617077,82.00000000000001,,
1036,COM01432.00,2019,O.bulk,Me.Pb,10816000.0,371000.0,34000.0,,
1037,COM01432.00,2019,O.bulk,Me.Zn,10816000.0,803000.0,74000.0,,
1038,COM01435.00,2011,O.Al,Me.Al2O3,13782500.0,,,filled,
1038,COM01435.00,2012,O.Al,Me.Al2O3,13618000.0,,,filled,
1038,COM01435.00,2013,O.Al,Me.Al2O3,12988000.0,,,filled,
1038,COM01435.00,2014,O.Al,Me.Al2O3,12588000.0,,,filled,
1038,COM01435.00,2015,O.Al,Me.Al2O3,12221000.0,,,filled,
1038,COM01435.00,2016,O.Al,Me.Al2O3,11915000.0,,,filled,
1038,COM01435.00,2017,O.Al,Me.Al2O3,11571000.0,,,filled,
1038,COM01435.00,2018,O.Al,Me.Al2O3,11075000.0,,,filled,
1038,COM01435.00,2019,O.Al,Me.Al2O3,10360000.0,,,,
1039,COM01435.00,2019,O.Al,Nm.SiO2,10360000.0,,,,
