still_operating,price_usd_tonne,2000_clean_coal_value_tonnes,2001_clean_coal_value_tonnes,2002_clean_coal_value_tonnes,2003_clean_coal_value_tonnes,2004_clean_coal_value_tonnes,2005_clean_coal_value_tonnes,2006_clean_coal_value_tonnes,2007_clean_coal_value_tonnes,2008_clean_coal_value_tonnes,2009_clean_coal_value_tonnes,2010_clean_coal_value_tonnes,2011_clean_coal_value_tonnes,2012_clean_coal_value_tonnes,2013_clean_coal_value_tonnes,2014_clean_coal_value_tonnes,2015_clean_coal_value_tonnes,2016_clean_coal_value_tonnes,2017_clean_coal_value_tonnes,2018_clean_coal_value_tonnes,2019_clean_coal_value_tonnes,2020_clean_coal_value_tonnes,2000_coal_mined_value_tonnes,2001_coal_mined_value_tonnes,2002_coal_mined_value_tonnes,2003_coal_mined_value_tonnes,2004_coal_mined_value_tonnes,2005_coal_mined_value_tonnes,2006_coal_mined_value_tonnes,2007_coal_mined_value_tonnes,2008_coal_mined_value_tonnes,2009_coal_mined_value_tonnes,2010_coal_mined_value_tonnes,2011_coal_mined_value_tonnes,2012_coal_mined_value_tonnes,2013_coal_mined_value_tonnes,2014_coal_mined_value_tonnes,2015_coal_mined_value_tonnes,2016_coal_mined_value_tonnes,2017_coal_mined_value_tonnes,2018_coal_mined_value_tonnes,2019_coal_mined_value_tonnes,2020_coal_mined_value_tonnes,2000_commodities_value_tonnes,2001_commodities_value_tonnes,2002_commodities_value_tonnes,2003_commodities_value_tonnes,2004_commodities_value_tonnes,2005_commodities_value_tonnes,2006_commodities_value_tonnes,2007_commodities_value_tonnes,2008_commodities_value_tonnes,2009_commodities_value_tonnes,2010_commodities_value_tonnes,2011_commodities_value_tonnes,2012_commodities_value_tonnes,2013_commodities_value_tonnes,2014_commodities_value_tonnes,2015_commodities_value_tonnes,2016_commodities_value_tonnes,2017_commodities_value_tonnes,2018_commodities_value_tonnes,2019_commodities_value_tonnes,2020_commodities_value_tonnes,2000_minerals_concentrate_value_tonnes,2001_minerals_concentrate_value_tonnes,2002_minerals_concentrate_value_tonnes,2003_minerals_concentrate_value_tonnes,2004_minerals_concentrate_value_tonnes,2005_minerals_concentrate_value_tonnes,2006_minerals_concentrate_value_tonnes,2007_minerals_concentrate_value_tonnes,2008_minerals_concentrate_value_tonnes,2009_minerals_concentrate_value_tonnes,2010_minerals_concentrate_value_tonnes,2011_minerals_concentrate_value_tonnes,2012_minerals_concentrate_value_tonnes,2013_minerals_concentrate_value_tonnes,2014_minerals_concentrate_value_tonnes,2015_minerals_concentrate_value_tonnes,2016_minerals_concentrate_value_tonnes,2017_minerals_concentrate_value_tonnes,2018_minerals_concentrate_value_tonnes,2019_minerals_concentrate_value_tonnes,2020_minerals_concentrate_value_tonnes,2000_minerals_ore_mined_value_tonnes,2001_minerals_ore_mined_value_tonnes,2002_minerals_ore_mined_value_tonnes,2003_minerals_ore_mined_value_tonnes,2004_minerals_ore_mined_value_tonnes,2005_minerals_ore_mined_value_tonnes,2006_minerals_ore_mined_value_tonnes,2007_minerals_ore_mined_value_tonnes,2008_minerals_ore_mined_value_tonnes,2009_minerals_ore_mined_value_tonnes,2010_minerals_ore_mined_value_tonnes,2011_minerals_ore_mined_value_tonnes,2012_minerals_ore_mined_value_tonnes,2013_minerals_ore_mined_value_tonnes,2014_minerals_ore_mined_value_tonnes,2015_minerals_ore_mined_value_tonnes,2016_minerals_ore_mined_value_tonnes,2017_minerals_ore_mined_value_tonnes,2018_minerals_ore_mined_value_tonnes,2019_minerals_ore_mined_value_tonnes,2020_minerals_ore_mined_value_tonnes,2000_minerals_ore_processed_value_tonnes,2001_minerals_ore_processed_value_tonnes,2002_minerals_ore_processed_value_tonnes,2003_minerals_ore_processed_value_tonnes,2004_minerals_ore_processed_value_tonnes,2005_minerals_ore_processed_value_tonnes,2006_minerals_ore_processed_value_tonnes,2007_minerals_ore_processed_value_tonnes,2008_minerals_ore_processed_value_tonnes,2009_minerals_ore_processed_value_tonnes,2010_minerals_ore_processed_value_tonnes,2011_minerals_ore_processed_value_tonnes,2012_minerals_ore_processed_value_tonnes,2013_minerals_ore_processed_value_tonnes,2014_minerals_ore_processed_value_tonnes,2015_minerals_ore_processed_value_tonnes,2016_minerals_ore_processed_value_tonnes,2017_minerals_ore_processed_value_tonnes,2018_minerals_ore_processed_value_tonnes,2019_minerals_ore_processed_value_tonnes,2020_minerals_ore_processed_value_tonnes
0.0,16811.81,4404000.0,3332960.0,3400000.0,3559760.0,3824840.0,3273000.0,3049000.0,2903040.0,2837160.0,2993760.0,2967000.0,2759000.0,2812320.0,3127000.0,3000000.0,3051520.0,3200000.0,3221563.0,3550000.0,3996900.0,3141000.0,4404000.0,3332960.0,3400000.0,3559760.0,3824840.0,3273000.0,3049000.0,2903040.0,2837160.0,2993760.0,2967000.0,2759000.0,2822000.0,3127000.0,3063000.0,3138000.0,3246000.0,3260023.0,3658967.0,4051500.0,3977500.0,19719.5,3999.0,2751.0,2401.0,3325.0,4887.911,6616.0,6281.0,7071.0,6989.0,5484.0,0.0,2260.0,6242.0,7390.0,6221.0,135.587,120.2985,115.492,77.706,5.096,7200000.0,5131037.5,4419804.5,5283444.0,4826223.5,4388513.0,1350000.0,1791550.0,2973000.0,1632825.0,2800000.0,1950000.0,2106500.0,2404000.0,2100000.0,1750000.0,1329600.0,1480900.0,1100000.0,1311000.0,1314303.5,18478412.0,11987000.0,7584706.0,9548235.5,3499215.5,997224.0,1550437.0,1707330.0,1794089.0,1441903.0,1349336.0,24289.0,755000.0,1785000.0,1755000.0,616000.0,3574182.0,3440000.0,3492000.0,2782262.0,2395000.0,12585000.0,11300000.0,7584706.0,9481235.5,2824325.0,997224.0,1486800.0,1668959.0,1825212.0,1912675.0,1435177.0,0.0,577000.0,1606000.0,1660000.0,1292000.0,3505000.0,3500000.0,3500000.0,2782262.0,1973000.0
1.0,672.01,4404000.0,3332960.0,3400000.0,3559760.0,3824840.0,3273000.0,3049000.0,2903040.0,2837160.0,2993760.0,2967000.0,2759000.0,2812320.0,3127000.0,3000000.0,3051520.0,3200000.0,3221563.0,3550000.0,3996900.0,3141000.0,4404000.0,3332960.0,3400000.0,3559760.0,3824840.0,3273000.0,3049000.0,2903040.0,2837160.0,2993760.0,2967000.0,2759000.0,2822000.0,3127000.0,3063000.0,3138000.0,3246000.0,3260023.0,3658967.0,4051500.0,3977500.0,19719.5,3999.0,2751.0,2401.0,3325.0,4299.4555,5.719,12.61,14.744,15.463,15.424,16.018,15.904,16.159,12.53,9.412,9.894,9.894,12.36,18.229,5.096,7200000.0,5131037.5,4419804.5,5283444.0,4826223.5,4388513.0,1350000.0,1791550.0,2973000.0,1632825.0,2800000.0,1950000.0,2106500.0,2404000.0,2100000.0,1750000.0,1329600.0,1480900.0,1100000.0,1311000.0,1314303.5,18478412.0,11987000.0,7584706.0,9548235.5,3499215.5,2236000.0,1456500.0,8094946.0,11101406.0,10416470.0,11122272.0,14181350.0,12576514.0,16135459.0,11909722.0,6546355.0,5836925.0,6631632.0,7319290.0,7764725.0,2395000.0,12585000.0,11300000.0,7584706.0,9481235.5,2824325.0,2236000.0,1400000.0,7339248.0,7495286.0,7561512.0,7595078.0,7814621.0,7605965.0,7774704.0,7004491.0,6637075.0,7269394.0,6904699.0,6367637.0,6620746.0,1973000.0
1.0,1286.07,4404000.0,3332960.0,3400000.0,3559760.0,3824840.0,3273000.0,3049000.0,2903040.0,2837160.0,2993760.0,2967000.0,2759000.0,2812320.0,3127000.0,3000000.0,3051520.0,3200000.0,3221563.0,3550000.0,3996900.0,3141000.0,4404000.0,3332960.0,3400000.0,3559760.0,3824840.0,3273000.0,3049000.0,2903040.0,2837160.0,2993760.0,2967000.0,2759000.0,2822000.0,3127000.0,3063000.0,3138000.0,3246000.0,3260023.0,3658967.0,4051500.0,3977500.0,19719.5,3999.0,2751.0,2401.0,3325.0,4299.4555,1095.36,206.5555,105.29400000000001,86.254,85.5465,114.0915,99.67949999999999,3.651,13.358,13.409,13.324,13.409,11.737,11.963,5.096,7200000.0,5131037.5,4419804.5,5283444.0,4826223.5,4388513.0,1350000.0,1791550.0,2973000.0,1632825.0,2800000.0,1950000.0,2106500.0,2404000.0,2100000.0,1750000.0,1329600.0,1480900.0,1100000.0,1311000.0,1314303.5,18478412.0,11987000.0,7584706.0,9548235.5,3499215.5,2236000.0,1456500.0,1739965.0,1970438.0,2388000.0,2318266.0,2597000.0,2848500.0,1732752.0,11387174.0,9366840.0,8980373.0,8217418.0,10622405.0,11652984.0,2395000.0,12585000.0,11300000.0,7584706.0,9481235.5,2824325.0,2236000.0,1400000.0,1524279.5,1848000.0,2250763.0,2318266.0,2597000.0,2848500.0,1613002.0,7731158.0,7249435.0,8415187.0,8412466.0,7771075.0,7856352.0,1973000.0
0.0,14.03,4404000.0,3332960.0,3400000.0,3559760.0,3824840.0,3273000.0,3049000.0,2903040.0,2837160.0,2993760.0,2967000.0,2759000.0,2812320.0,3127000.0,3000000.0,3051520.0,3200000.0,3221563.0,3550000.0,3996900.0,3141000.0,4404000.0,3332960.0,3400000.0,3559760.0,3824840.0,3273000.0,3049000.0,2903040.0,2837160.0,2993760.0,2967000.0,2759000.0,2822000.0,3127000.0,3063000.0,3138000.0,3246000.0,3260023.0,3658967.0,4051500.0,3977500.0,19719.5,3999.0,2751.0,2401.0,3325.0,4299.4555,1095.36,113.468,182.188,158.499,200.223,157.884,159.791,151.301,103.459,88.475,55.528,19.095,115.492,77.706,5.096,7200000.0,5131037.5,4419804.5,5283444.0,4826223.5,4388513.0,1350000.0,1791550.0,2973000.0,1632825.0,2800000.0,1950000.0,2106500.0,2404000.0,2100000.0,1750000.0,1329600.0,1480900.0,1100000.0,1311000.0,1314303.5,18478412.0,11987000.0,7584706.0,9548235.5,3499215.5,2236000.0,1456500.0,1139899.0,1478423.0,1671257.0,1675952.0,1848000.0,1698000.0,1790000.0,1763000.0,1799000.0,1833000.0,452000.0,3492000.0,2782262.0,2395000.0,12585000.0,11300000.0,7584706.0,9481235.5,2824325.0,2236000.0,1400000.0,1139899.0,1478423.0,1671257.0,1675952.0,1848000.0,1698000.0,1790000.0,1763000.0,1799000.0,1833000.0,452000.0,3500000.0,2782262.0,1973000.0
1.0,85.86,4404000.0,3332960.0,3400000.0,3559760.0,3824840.0,3273000.0,3049000.0,2903040.0,2837160.0,2993760.0,2967000.0,2759000.0,2205000.0,1353000.0,515000.0,2501000.0,3200000.0,3221563.0,3550000.0,3996900.0,3141000.0,4404000.0,3332960.0,3400000.0,3559760.0,3824840.0,3273000.0,3049000.0,2903040.0,2837160.0,2993760.0,2967000.0,2759000.0,2205000.0,1353000.0,515000.0,2501000.0,3246000.0,3260023.0,3658967.0,4051500.0,3977500.0,19719.5,3999.0,2751.0,2401.0,3325.0,4299.4555,1095.36,206.5555,105.29400000000001,86.254,85.5465,114.0915,99.67949999999999,99.135,104.4385,136.871,135.587,120.2985,115.492,77.706,5.096,7200000.0,5131037.5,4419804.5,5283444.0,4826223.5,4388513.0,1350000.0,1791550.0,2973000.0,1632825.0,2800000.0,1950000.0,2106500.0,2404000.0,2100000.0,1750000.0,1329600.0,1480900.0,1100000.0,1311000.0,1314303.5,18478412.0,11987000.0,7584706.0,9548235.5,3499215.5,2236000.0,1456500.0,1739965.0,1970438.0,2388000.0,2318266.0,2597000.0,2848500.0,2555147.5,3055758.0,3415000.0,3574182.0,3440000.0,3492000.0,2782262.0,2395000.0,12585000.0,11300000.0,7584706.0,9481235.5,2824325.0,2236000.0,1400000.0,1524279.5,1848000.0,2250763.0,2318266.0,2597000.0,2848500.0,2516291.0,3055758.0,3525500.0,3505000.0,3500000.0,3500000.0,2782262.0,1973000.0
1.0,3397.63,4404000.0,3332960.0,3400000.0,3559760.0,3824840.0,3273000.0,3049000.0,2903040.0,2837160.0,2993760.0,2967000.0,2759000.0,2812320.0,3127000.0,3000000.0,3051520.0,3200000.0,3221563.0,3550000.0,3996900.0,3141000.0,4404000.0,3332960.0,3400000.0,3559760.0,3824840.0,3273000.0,3049000.0,2903040.0,2837160.0,2993760.0,2967000.0,2759000.0,2822000.0,3127000.0,3063000.0,3138000.0,3246000.0,3260023.0,3658967.0,4051500.0,3977500.0,19719.5,3999.0,2751.0,2401.0,3325.0,4299.4555,1095.36,190.0,105.29400000000001,86.254,85.5465,114.0915,99.67949999999999,99.135,104.4385,136.871,135.587,120.2985,115.492,77.706,5.096,7200000.0,5131037.5,4419804.5,5283444.0,4826223.5,4388513.0,1350000.0,1791550.0,2973000.0,1632825.0,2800000.0,1950000.0,2106500.0,2404000.0,2100000.0,1750000.0,1329600.0,1480900.0,1100000.0,1311000.0,1314303.5,18478412.0,11987000.0,7584706.0,9548235.5,3499215.5,2236000.0,1456500.0,161387.0,1970438.0,2388000.0,2318266.0,2597000.0,2848500.0,2555147.5,3055758.0,3415000.0,3574182.0,3440000.0,3492000.0,2782262.0,2395000.0,12585000.0,11300000.0,7584706.0,9481235.5,2824325.0,2236000.0,1400000.0,11399.0,1848000.0,2250763.0,2318266.0,2597000.0,2848500.0,2516291.0,3055758.0,3525500.0,3505000.0,3500000.0,3500000.0,2782262.0,1973000.0
1.0,2279.37,4404000.0,3332960.0,3400000.0,3559760.0,3824840.0,3273000.0,3049000.0,2903040.0,2837160.0,2993760.0,2967000.0,2759000.0,2812320.0,3127000.0,3000000.0,3051520.0,3200000.0,3221563.0,3550000.0,3996900.0,3141000.0,4404000.0,3332960.0,3400000.0,3559760.0,3824840.0,3273000.0,3049000.0,2903040.0,2837160.0,2993760.0,2967000.0,2759000.0,2822000.0,3127000.0,3063000.0,3138000.0,3246000.0,3260023.0,3658967.0,4051500.0,3977500.0,257970.0,253341.0,218706.0,235834.0,239862.0,248137.0,236356.0,218322.0,219554.0,209727.0,188494.0,59.02,62.465,59.179,58.111,224264.0,193341.0,55.008,48.883,77.706,5.096,7200000.0,5131037.5,4419804.5,5283444.0,4826223.5,4388513.0,1350000.0,1791550.0,2973000.0,1632825.0,2800000.0,1950000.0,2106500.0,2404000.0,2100000.0,1750000.0,1329600.0,1480900.0,1100000.0,1311000.0,1314303.5,18478412.0,11987000.0,7584706.0,9548235.5,3499215.5,2236000.0,1456500.0,1739965.0,1970438.0,2388000.0,2318266.0,2597000.0,2848500.0,2555147.5,3055758.0,3415000.0,3574182.0,3440000.0,3492000.0,2782262.0,2395000.0,12585000.0,11300000.0,7584706.0,9481235.5,2824325.0,2236000.0,1400000.0,1524279.5,1848000.0,2250763.0,2318266.0,2597000.0,2848500.0,2516291.0,3055758.0,3525500.0,3505000.0,3500000.0,3500000.0,2782262.0,1973000.0
1.0,74.12,4404000.0,3332960.0,3400000.0,3559760.0,3824840.0,3273000.0,3049000.0,2903040.0,2837160.0,2993760.0,2967000.0,2759000.0,2812320.0,3127000.0,3000000.0,3051520.0,3200000.0,3221563.0,3550000.0,3996900.0,3141000.0,4404000.0,3332960.0,3400000.0,3559760.0,3824840.0,3273000.0,3049000.0,2903040.0,2837160.0,2993760.0,2967000.0,2759000.0,2822000.0,3127000.0,3063000.0,3138000.0,3246000.0,3260023.0,3658967.0,4051500.0,3977500.0,19719.5,3999.0,2751.0,2401.0,3325.0,4299.4555,1095.36,206.5555,105.29400000000001,86.254,85.5465,114.0915,99.67949999999999,99.135,104.4385,136.871,135.587,120.2985,115.492,77.706,5.096,7200000.0,5131037.5,4419804.5,5283444.0,4826223.5,4388513.0,1350000.0,1791550.0,2973000.0,1632825.0,2800000.0,1700000.0,2340000.0,2500000.0,2600000.0,1500000.0,1500000.0,1600000.0,1500000.0,1500000.0,1314303.5,18478412.0,11987000.0,7584706.0,9548235.5,3499215.5,900000.0,1400000.0,1300000.0,1400000.0,800000.0,3200000.0,2597000.0,2848500.0,2555147.5,3055758.0,3415000.0,3574182.0,3440000.0,3492000.0,2782262.0,2395000.0,12585000.0,11300000.0,7584706.0,9481235.5,2824325.0,900000.0,1400000.0,1300000.0,1400000.0,800000.0,3200000.0,2597000.0,2848500.0,2516291.0,3055758.0,3525500.0,3505000.0,3500000.0,3500000.0,2782262.0,1973000.0
1.0,353.86,4404000.0,3332960.0,3400000.0,3559760.0,3824840.0,3273000.0,3049000.0,2903040.0,2837160.0,2993760.0,2967000.0,2759000.0,2812320.0,3127000.0,3000000.0,3051520.0,3200000.0,3221563.0,3550000.0,3996900.0,3141000.0,4404000.0,3332960.0,3400000.0,3559760.0,3824840.0,3273000.0,3049000.0,2903040.0,2837160.0,2993760.0,2967000.0,2759000.0,2822000.0,3127000.0,3063000.0,3138000.0,3246000.0,3260023.0,3658967.0,4051500.0,3977500.0,19719.5,1.72,3.052,2.845,2.68,3.179,2.589,2.81,2.499,1.558,1.147,1.043,0.412,0.117,104.4385,136.871,135.587,120.2985,115.492,77.706,5.096,7200000.0,5131037.5,4419804.5,5283444.0,4826223.5,4388513.0,1350000.0,1791550.0,2973000.0,1632825.0,2800000.0,1950000.0,2106500.0,2404000.0,2100000.0,1750000.0,1329600.0,1480900.0,1100000.0,1311000.0,1314303.5,18478412.0,60178.0,121161.0,155494.0,179785.0,179873.0,179820.0,178969.0,207014.0,142760.0,145915.0,155842.0,78120.0,0.0,3055758.0,3415000.0,3574182.0,3440000.0,3492000.0,2782262.0,2395000.0,12585000.0,60178.0,121161.0,155494.0,179785.0,179873.0,179820.0,178969.0,207014.0,142760.0,145915.0,155842.0,78120.0,0.0,3055758.0,3525500.0,3505000.0,3500000.0,3500000.0,2782262.0,1973000.0
1.0,6341.8,4404000.0,3332960.0,3400000.0,3559760.0,3824840.0,3273000.0,3049000.0,2903040.0,2837160.0,2993760.0,2967000.0,2759000.0,2812320.0,3127000.0,3000000.0,3051520.0,3200000.0,3221563.0,3550000.0,3996900.0,3141000.0,4404000.0,3332960.0,3400000.0,3559760.0,3824840.0,3273000.0,3049000.0,2903040.0,2837160.0,2993760.0,2967000.0,2759000.0,2822000.0,3127000.0,3063000.0,3138000.0,3246000.0,3260023.0,3658967.0,4051500.0,3977500.0,19719.5,3999.0,2751.0,2401.0,3325.0,4299.4555,1095.36,206.5555,105.29400000000001,86.254,85.5465,114.0915,99.67949999999999,99.135,104.4385,136.871,135.587,120.2985,0.136,0.175,5.096,7200000.0,5131037.5,4419804.5,5283444.0,4826223.5,4388513.0,1350000.0,1791550.0,2973000.0,1632825.0,2800000.0,1950000.0,2106500.0,2404000.0,2100000.0,1750000.0,1329600.0,1480900.0,22238.0,25448.0,1314303.5,18478412.0,11987000.0,7584706.0,9548235.5,3499215.5,2236000.0,1456500.0,1739965.0,1970438.0,2388000.0,2318266.0,2597000.0,2848500.0,2555147.5,3055758.0,3415000.0,3574182.0,3440000.0,539102.0,468732.0,2395000.0,12585000.0,11300000.0,7584706.0,9481235.5,2824325.0,2236000.0,1400000.0,1524279.5,1848000.0,2250763.0,2318266.0,2597000.0,2848500.0,2516291.0,3055758.0,3525500.0,3505000.0,3500000.0,384630.0,773602.0,1973000.0
1.0,5176.96,4404000.0,3332960.0,3400000.0,3559760.0,3824840.0,3273000.0,3049000.0,2903040.0,2837160.0,2993760.0,2967000.0,2759000.0,2812320.0,3127000.0,3000000.0,3051520.0,3200000.0,3221563.0,3550000.0,3996900.0,3141000.0,4404000.0,3332960.0,3400000.0,3559760.0,3824840.0,3273000.0,3049000.0,2903040.0,2837160.0,2993760.0,2967000.0,2759000.0,2822000.0,3127000.0,3063000.0,3138000.0,3246000.0,3260023.0,3658967.0,4051500.0,3977500.0,19719.5,3999.0,2751.0,2401.0,3325.0,4299.4555,1095.36,206.5555,105.29400000000001,86.254,85.5465,114.0915,99.67949999999999,99.135,104.4385,136.871,66200.0,80500.0,71900.0,71900.0,5.096,7200000.0,5131037.5,4419804.5,5283444.0,4826223.5,4388513.0,1350000.0,1791550.0,2973000.0,1632825.0,2800000.0,1950000.0,2106500.0,2404000.0,2100000.0,1750000.0,1329600.0,1480900.0,1100000.0,1311000.0,1314303.5,18478412.0,11987000.0,7584706.0,9548235.5,3499215.5,2236000.0,1456500.0,1739965.0,1970438.0,2388000.0,2318266.0,2597000.0,2848500.0,2555147.5,3055758.0,3415000.0,24674000.0,29090500.0,27265500.0,24272500.0,2395000.0,12585000.0,11300000.0,7584706.0,9481235.5,2824325.0,2236000.0,1400000.0,1524279.5,1848000.0,2250763.0,2318266.0,2597000.0,2848500.0,2516291.0,3055758.0,3525500.0,24674000.0,29090500.0,27265500.0,24272500.0,1973000.0
1.0,145.86,4404000.0,3332960.0,3400000.0,3559760.0,3824840.0,3273000.0,3049000.0,2903040.0,2837160.0,2993760.0,2967000.0,2759000.0,2812320.0,3127000.0,3000000.0,3051520.0,3200000.0,3221563.0,3550000.0,3996900.0,3141000.0,4404000.0,3332960.0,3400000.0,3559760.0,3824840.0,3273000.0,3049000.0,2903040.0,2837160.0,2993760.0,2967000.0,2759000.0,2822000.0,3127000.0,3063000.0,3138000.0,3246000.0,3260023.0,3658967.0,4051500.0,3977500.0,19719.5,5.219,6.704,6.182,4.124,6.095,5.816,3.749,3.015,2.118,1.961,1.488,1.694,2.272,1.838,2.694,2.792,3.427,2.814,77.706,5.096,7200000.0,5131037.5,4419804.5,5283444.0,4826223.5,4388513.0,1350000.0,1791550.0,2973000.0,1632825.0,2800000.0,1950000.0,2106500.0,2404000.0,2100000.0,1750000.0,1329600.0,1480900.0,1100000.0,1311000.0,1314303.5,18478412.0,11987000.0,7584706.0,9548235.5,3499215.5,2236000.0,1456500.0,1739965.0,1970438.0,2388000.0,2318266.0,2597000.0,2848500.0,2555147.5,3055758.0,3415000.0,3574182.0,3440000.0,3492000.0,2782262.0,2395000.0,12585000.0,11300000.0,7584706.0,9481235.5,2824325.0,2236000.0,1400000.0,1524279.5,1848000.0,2250763.0,2318266.0,2597000.0,2848500.0,2516291.0,3055758.0,3525500.0,3505000.0,3500000.0,3500000.0,2782262.0,1973000.0
1.0,3370.44,4404000.0,3332960.0,3400000.0,3559760.0,3824840.0,3273000.0,3049000.0,2903040.0,2837160.0,2993760.0,2967000.0,2759000.0,2812320.0,3127000.0,3000000.0,3051520.0,3200000.0,3221563.0,3550000.0,3996900.0,3141000.0,4404000.0,3332960.0,3400000.0,3559760.0,3824840.0,3273000.0,3049000.0,2903040.0,2837160.0,2993760.0,2967000.0,2759000.0,2822000.0,3127000.0,3063000.0,3138000.0,3246000.0,3260023.0,3658967.0,4051500.0,3977500.0,19719.5,3999.0,2751.0,2401.0,823.0,15115.0,16.237,28494.0,13.503,14.194,23.566,26.664,24.218,31514.0,33018.0,35184.0,40149.0,30.08,29.545,77.706,5.096,7200000.0,5131037.5,4419804.5,5283444.0,4826223.5,4388513.0,1350000.0,1791550.0,2973000.0,1632825.0,2800000.0,1950000.0,2106500.0,2404000.0,2100000.0,1750000.0,1329600.0,1480900.0,1100000.0,1311000.0,1314303.5,18478412.0,11987000.0,7584706.0,9548235.5,3499215.5,2236000.0,1456500.0,1739965.0,1970438.0,2388000.0,2318266.0,2597000.0,2848500.0,2555147.5,3055758.0,3415000.0,3574182.0,3440000.0,3492000.0,2782262.0,2395000.0,12585000.0,11300000.0,7584706.0,9481235.5,2824325.0,2236000.0,1400000.0,1524279.5,1848000.0,2250763.0,2318266.0,2597000.0,2848500.0,2516291.0,3055758.0,3525500.0,3505000.0,3500000.0,3500000.0,2782262.0,1973000.0
1.0,151.08,4404000.0,3332960.0,3400000.0,3559760.0,3824840.0,3273000.0,3049000.0,2903040.0,2837160.0,2993760.0,2967000.0,2759000.0,2812320.0,3127000.0,3000000.0,3051520.0,3200000.0,3221563.0,3550000.0,3996900.0,3141000.0,4404000.0,3332960.0,3400000.0,3559760.0,3824840.0,3273000.0,3049000.0,2903040.0,2837160.0,2993760.0,2967000.0,2759000.0,2822000.0,3127000.0,3063000.0,3138000.0,3246000.0,3260023.0,3658967.0,4051500.0,3977500.0,19719.5,3999.0,2751.0,2401.0,3325.0,4299.4555,1095.36,206.5555,105.29400000000001,86.254,85.5465,690000.0,368000.0,345000.0,517500.0,460000.0,460000.0,550000.0,440000.0,495000.0,5.096,7200000.0,5131037.5,4419804.5,5283444.0,4826223.5,4388513.0,1350000.0,1791550.0,2973000.0,1632825.0,2800000.0,1200000.0,640000.0,600000.0,900000.0,800000.0,800000.0,1000000.0,800000.0,900000.0,1314303.5,18478412.0,11987000.0,7584706.0,9548235.5,3499215.5,2236000.0,1456500.0,1739965.0,1970438.0,2388000.0,2318266.0,2597000.0,2848500.0,2555147.5,3055758.0,3415000.0,3574182.0,3440000.0,3492000.0,2782262.0,2395000.0,12585000.0,11300000.0,7584706.0,9481235.5,2824325.0,2236000.0,1400000.0,1524279.5,1848000.0,2250763.0,2318266.0,2597000.0,2848500.0,2516291.0,3055758.0,3525500.0,3505000.0,3500000.0,3500000.0,2782262.0,1973000.0
1.0,145.86,4404000.0,3332960.0,3400000.0,3559760.0,3824840.0,3273000.0,3049000.0,2903040.0,2837160.0,2993760.0,2967000.0,2759000.0,2812320.0,3127000.0,3000000.0,3051520.0,3200000.0,3221563.0,3550000.0,3996900.0,3141000.0,4404000.0,3332960.0,3400000.0,3559760.0,3824840.0,3273000.0,3049000.0,2903040.0,2837160.0,2993760.0,2967000.0,2759000.0,2822000.0,3127000.0,3063000.0,3138000.0,3246000.0,3260023.0,3658967.0,4051500.0,3977500.0,19719.5,3999.0,2751.0,2401.0,3325.0,4299.4555,1095.36,206.5555,105.29400000000001,86.254,85.5465,114.0915,99.67949999999999,99.135,104.4385,136.871,135.587,120.2985,115.492,77.706,5.096,7200000.0,5131037.5,4419804.5,5283444.0,4826223.5,4388513.0,1350000.0,1791550.0,2973000.0,1632825.0,2800000.0,1950000.0,2106500.0,2404000.0,2100000.0,1750000.0,1329600.0,1480900.0,1100000.0,1311000.0,1314303.5,1400000.0,1400000.0,1751000.0,1548000.0,2008000.0,2236000.0,1692000.0,945000.0,2003000.0,1382000.0,1550000.0,2065000.0,1863000.0,1850000.0,1695000.0,1706000.0,1697000.0,1419000.0,1028000.0,1003000.0,2395000.0,1400000.0,1400000.0,1751000.0,1548000.0,2008000.0,2236000.0,1692000.0,945000.0,2003000.0,1382000.0,1550000.0,2065000.0,1863000.0,1850000.0,1695000.0,1706000.0,1697000.0,1419000.0,1028000.0,1003000.0,1973000.0
1.0,2279.37,4404000.0,3332960.0,3400000.0,3559760.0,3824840.0,3273000.0,3049000.0,2903040.0,2837160.0,2993760.0,2967000.0,2759000.0,2812320.0,3127000.0,3000000.0,3051520.0,3200000.0,3221563.0,3550000.0,3996900.0,3141000.0,4404000.0,3332960.0,3400000.0,3559760.0,3824840.0,3273000.0,3049000.0,2903040.0,2837160.0,2993760.0,2967000.0,2759000.0,2822000.0,3127000.0,3063000.0,3138000.0,3246000.0,3260023.0,3658967.0,4051500.0,3977500.0,11800.0,10500.0,15600.0,24500.0,99790.321,91172.066,74842.741,91625.659,102965.468,102058.283,92079.251,87996.92,89357.697,97975.952,107501.392,95254.398,80285.849,78471.48,90264.882,98883.137,5.096,7200000.0,5131037.5,4419804.5,5283444.0,4826223.5,4388513.0,1350000.0,1791550.0,2973000.0,1632825.0,2800000.0,1950000.0,2106500.0,2404000.0,2100000.0,1750000.0,1329600.0,1480900.0,1100000.0,1311000.0,1314303.5,69101000.0,63680000.0,42912000.0,48935000.0,3499215.5,2236000.0,1456500.0,1739965.0,1970438.0,2388000.0,2318266.0,2597000.0,2848500.0,2555147.5,3055758.0,3415000.0,3574182.0,3440000.0,3492000.0,2782262.0,2395000.0,29846000.0,32363000.0,20111000.0,26103000.0,2824325.0,2236000.0,1400000.0,1524279.5,1848000.0,2250763.0,2318266.0,2597000.0,2848500.0,2516291.0,3055758.0,3525500.0,3505000.0,3500000.0,3500000.0,2782262.0,1973000.0
1.0,1514.58,4404000.0,3332960.0,3400000.0,3559760.0,3824840.0,3273000.0,3049000.0,2903040.0,2837160.0,2993760.0,2967000.0,2759000.0,2812320.0,3127000.0,3000000.0,3051520.0,3200000.0,3221563.0,3550000.0,3996900.0,3141000.0,4404000.0,3332960.0,3400000.0,3559760.0,3824840.0,3273000.0,3049000.0,2903040.0,2837160.0,2993760.0,2967000.0,2759000.0,2822000.0,3127000.0,3063000.0,3138000.0,3246000.0,3260023.0,3658967.0,4051500.0,3977500.0,19719.5,3999.0,2751.0,2401.0,3325.0,4299.4555,1095.36,206.5555,105.29400000000001,86.254,85.5465,114.0915,1.277,0.858,2.49,3.695,2.549,1.619,2.449,2.37,5.096,7200000.0,5131037.5,4419804.5,5283444.0,4826223.5,4388513.0,1350000.0,1791550.0,2973000.0,1632825.0,2800000.0,1950000.0,2106500.0,2404000.0,2100000.0,1750000.0,1329600.0,1480900.0,1100000.0,1311000.0,1314303.5,18478412.0,11987000.0,7584706.0,9548235.5,3499215.5,2236000.0,1456500.0,1739965.0,1970438.0,2388000.0,2318266.0,2597000.0,2848500.0,2555147.5,3055758.0,3415000.0,3574182.0,3440000.0,3492000.0,2782262.0,2395000.0,12585000.0,11300000.0,7584706.0,9481235.5,2824325.0,2236000.0,1400000.0,1524279.5,1848000.0,2250763.0,2318266.0,2597000.0,2848500.0,2516291.0,3055758.0,3525500.0,3505000.0,3500000.0,3500000.0,2782262.0,1973000.0
1.0,1514.58,4404000.0,3332960.0,3400000.0,3559760.0,3824840.0,3273000.0,3049000.0,2903040.0,2837160.0,2993760.0,2967000.0,2759000.0,2812320.0,3127000.0,3000000.0,3051520.0,3200000.0,3221563.0,3550000.0,3996900.0,3141000.0,4404000.0,3332960.0,3400000.0,3559760.0,3824840.0,3273000.0,3049000.0,2903040.0,2837160.0,2993760.0,2967000.0,2759000.0,2822000.0,3127000.0,3063000.0,3138000.0,3246000.0,3260023.0,3658967.0,4051500.0,3977500.0,19719.5,3999.0,2751.0,2401.0,3325.0,4299.4555,1095.36,206.5555,105.29400000000001,86.254,85.5465,114.0915,8.981,9.722,10.354,10.105,10.041,9.113,8.553,77.706,5.096,7200000.0,5131037.5,4419804.5,5283444.0,4826223.5,4388513.0,1350000.0,1791550.0,2973000.0,1632825.0,2800000.0,1950000.0,2106500.0,2404000.0,2100000.0,1750000.0,1329600.0,1480900.0,1100000.0,1311000.0,1314303.5,18478412.0,11987000.0,7584706.0,9548235.5,3499215.5,2236000.0,1456500.0,1739965.0,1970438.0,2388000.0,2318266.0,2597000.0,3368000.0,4091000.0,4546000.0,4319000.0,4333000.0,3515000.0,2952000.0,2782262.0,2395000.0,12585000.0,11300000.0,7584706.0,9481235.5,2824325.0,2236000.0,1400000.0,1524279.5,1848000.0,2250763.0,2318266.0,2597000.0,3368000.0,4091000.0,4546000.0,4319000.0,4333000.0,3515000.0,2952000.0,2782262.0,1973000.0
1.0,67.27,4404000.0,3332960.0,3400000.0,3559760.0,3824840.0,3273000.0,3049000.0,36059.0,482487.0,680834.0,890322.0,1004898.0,997920.0,997920.0,907200.0,816480.0,907200.0,907200.0,907200.0,907200.0,3141000.0,4404000.0,3332960.0,3400000.0,3559760.0,3824840.0,3273000.0,3049000.0,36059.0,482487.0,680834.0,890322.0,1004898.0,997920.0,997920.0,907200.0,816480.0,907200.0,907200.0,907200.0,907200.0,3977500.0,19719.5,3999.0,2751.0,2401.0,3325.0,4299.4555,1095.36,206.5555,105.29400000000001,86.254,85.5465,114.0915,99.67949999999999,99.135,104.4385,136.871,135.587,120.2985,115.492,77.706,5.096,7200000.0,5131037.5,4419804.5,5283444.0,4826223.5,4388513.0,1350000.0,1791550.0,2973000.0,1632825.0,2800000.0,1950000.0,2106500.0,2404000.0,2100000.0,1750000.0,1329600.0,1480900.0,1100000.0,1311000.0,1314303.5,18478412.0,11987000.0,7584706.0,9548235.5,3499215.5,2236000.0,1456500.0,1739965.0,1970438.0,2388000.0,2318266.0,2597000.0,2848500.0,2555147.5,3055758.0,3415000.0,3574182.0,3440000.0,3492000.0,2782262.0,2395000.0,12585000.0,11300000.0,7584706.0,9481235.5,2824325.0,2236000.0,1400000.0,1524279.5,1848000.0,2250763.0,2318266.0,2597000.0,2848500.0,2516291.0,3055758.0,3525500.0,3505000.0,3500000.0,3500000.0,2782262.0,1973000.0
1.0,95.29,4404000.0,3332960.0,3400000.0,3559760.0,3824840.0,3273000.0,3049000.0,2903040.0,2837160.0,2993760.0,997920.0,907200.0,937138.0,902664.0,365602.0,584237.0,303005.0,362880.0,325685.0,3996900.0,3141000.0,4404000.0,3332960.0,3400000.0,3559760.0,3824840.0,3273000.0,3049000.0,2903040.0,2837160.0,2993760.0,997920.0,907200.0,937138.0,902664.0,365602.0,584237.0,303005.0,362880.0,325685.0,4051500.0,3977500.0,19719.5,3999.0,2751.0,2401.0,3325.0,4299.4555,1095.36,206.5555,105.29400000000001,86.254,85.5465,114.0915,99.67949999999999,99.135,104.4385,136.871,135.587,120.2985,115.492,77.706,5.096,7200000.0,5131037.5,4419804.5,5283444.0,4826223.5,4388513.0,1350000.0,1791550.0,2973000.0,1632825.0,2800000.0,1950000.0,2106500.0,2404000.0,2100000.0,1750000.0,1329600.0,1480900.0,1100000.0,1311000.0,1314303.5,18478412.0,11987000.0,7584706.0,9548235.5,3499215.5,2236000.0,1456500.0,1739965.0,1970438.0,2388000.0,2318266.0,2597000.0,2848500.0,2555147.5,3055758.0,3415000.0,3574182.0,3440000.0,3492000.0,2782262.0,2395000.0,12585000.0,11300000.0,7584706.0,9481235.5,2824325.0,2236000.0,1400000.0,1524279.5,1848000.0,2250763.0,2318266.0,2597000.0,2848500.0,2516291.0,3055758.0,3525500.0,3505000.0,3500000.0,3500000.0,2782262.0,1973000.0
1.0,85.86,4404000.0,3332960.0,3400000.0,3559760.0,3824840.0,3273000.0,3049000.0,2903040.0,2837160.0,2993760.0,2967000.0,2759000.0,289000.0,867000.0,1068333.0,3051520.0,3200000.0,3221563.0,3550000.0,3996900.0,3141000.0,4404000.0,3332960.0,3400000.0,3559760.0,3824840.0,3273000.0,3049000.0,2903040.0,2837160.0,2993760.0,2967000.0,2759000.0,289000.0,867000.0,1068333.0,3138000.0,3246000.0,3260023.0,3658967.0,4051500.0,3977500.0,19719.5,3999.0,2751.0,2401.0,3325.0,4299.4555,1095.36,206.5555,105.29400000000001,86.254,85.5465,114.0915,99.67949999999999,99.135,104.4385,136.871,135.587,120.2985,115.492,77.706,5.096,7200000.0,5131037.5,4419804.5,5283444.0,4826223.5,4388513.0,1350000.0,1791550.0,2973000.0,1632825.0,2800000.0,1950000.0,2106500.0,2404000.0,2100000.0,1750000.0,1329600.0,1480900.0,1100000.0,1311000.0,1314303.5,18478412.0,11987000.0,7584706.0,9548235.5,3499215.5,2236000.0,1456500.0,1739965.0,1970438.0,2388000.0,2318266.0,2597000.0,2848500.0,2555147.5,3055758.0,3415000.0,3574182.0,3440000.0,3492000.0,2782262.0,2395000.0,12585000.0,11300000.0,7584706.0,9481235.5,2824325.0,2236000.0,1400000.0,1524279.5,1848000.0,2250763.0,2318266.0,2597000.0,2848500.0,2516291.0,3055758.0,3525500.0,3505000.0,3500000.0,3500000.0,2782262.0,1973000.0
1.0,107.05,4404000.0,3332960.0,3400000.0,3559760.0,3824840.0,3273000.0,3049000.0,2903040.0,2837160.0,2993760.0,2967000.0,1300000.0,1230000.0,700000.0,3000000.0,3051520.0,3200000.0,3221563.0,3550000.0,3996900.0,3141000.0,4404000.0,3332960.0,3400000.0,3559760.0,3824840.0,3273000.0,3049000.0,2903040.0,2837160.0,2993760.0,2967000.0,1300000.0,1230000.0,700000.0,3063000.0,3138000.0,3246000.0,3260023.0,3658967.0,4051500.0,3977500.0,19719.5,3999.0,2751.0,2401.0,3325.0,4299.4555,1095.36,206.5555,105.29400000000001,86.254,85.5465,114.0915,99.67949999999999,99.135,104.4385,136.871,135.587,120.2985,115.492,77.706,5.096,7200000.0,5131037.5,4419804.5,5283444.0,4826223.5,4388513.0,1350000.0,1791550.0,2973000.0,1632825.0,2800000.0,1950000.0,2106500.0,2404000.0,2100000.0,1750000.0,1329600.0,1480900.0,1100000.0,1311000.0,1314303.5,18478412.0,11987000.0,7584706.0,9548235.5,3499215.5,2236000.0,1456500.0,1739965.0,1970438.0,2388000.0,2318266.0,2597000.0,2848500.0,2555147.5,3055758.0,3415000.0,3574182.0,3440000.0,3492000.0,2782262.0,2395000.0,12585000.0,11300000.0,7584706.0,9481235.5,2824325.0,2236000.0,1400000.0,1524279.5,1848000.0,2250763.0,2318266.0,2597000.0,2848500.0,2516291.0,3055758.0,3525500.0,3505000.0,3500000.0,3500000.0,2782262.0,1973000.0
1.0,43.21,4404000.0,2800526.0,2727043.0,2554675.0,2769682.0,2609107.0,2430389.0,2678962.0,2763331.0,2346926.0,2626344.0,2652653.0,2099261.0,2248042.0,2507501.0,1935058.0,801965.0,391910.0,3550000.0,3996900.0,3141000.0,4404000.0,2800526.0,2727043.0,2554675.0,2769682.0,2609107.0,2430389.0,2678962.0,2763331.0,2346926.0,2626344.0,2652653.0,2099261.0,2248042.0,2507501.0,1935058.0,801965.0,391910.0,3658967.0,4051500.0,3977500.0,19719.5,3999.0,2751.0,2401.0,3325.0,4299.4555,1095.36,206.5555,105.29400000000001,86.254,85.5465,114.0915,99.67949999999999,99.135,104.4385,136.871,135.587,120.2985,115.492,77.706,5.096,7200000.0,5131037.5,4419804.5,5283444.0,4826223.5,4388513.0,1350000.0,1791550.0,2973000.0,1632825.0,2800000.0,1950000.0,2106500.0,2404000.0,2100000.0,1750000.0,1329600.0,1480900.0,1100000.0,1311000.0,1314303.5,18478412.0,11987000.0,7584706.0,9548235.5,3499215.5,2236000.0,1456500.0,1739965.0,1970438.0,2388000.0,2318266.0,2597000.0,2848500.0,2555147.5,3055758.0,3415000.0,3574182.0,3440000.0,3492000.0,2782262.0,2395000.0,12585000.0,11300000.0,7584706.0,9481235.5,2824325.0,2236000.0,1400000.0,1524279.5,1848000.0,2250763.0,2318266.0,2597000.0,2848500.0,2516291.0,3055758.0,3525500.0,3505000.0,3500000.0,3500000.0,2782262.0,1973000.0
1.0,33.2,7094000.0,8656000.0,14074000.0,13682000.0,13062000.0,13130000.0,12036000.0,12276000.0,11264000.0,10764000.0,11466000.0,9178000.0,8870000.0,10864000.0,13460000.0,13988000.0,15252000.0,14592000.0,13376000.0,13206000.0,3141000.0,7094000.0,8656000.0,14074000.0,13682000.0,13062000.0,13130000.0,12036000.0,12276000.0,11264000.0,10764000.0,11466000.0,9178000.0,8870000.0,10864000.0,13460000.0,13988000.0,15252000.0,14592000.0,13376000.0,13206000.0,3977500.0,19719.5,3999.0,2751.0,2401.0,3325.0,4299.4555,1095.36,206.5555,105.29400000000001,86.254,85.5465,114.0915,99.67949999999999,99.135,104.4385,136.871,135.587,120.2985,115.492,77.706,5.096,7200000.0,5131037.5,4419804.5,5283444.0,4826223.5,4388513.0,1350000.0,1791550.0,2973000.0,1632825.0,2800000.0,1950000.0,2106500.0,2404000.0,2100000.0,1750000.0,1329600.0,1480900.0,1100000.0,1311000.0,1314303.5,18478412.0,11987000.0,7584706.0,9548235.5,3499215.5,2236000.0,1456500.0,1739965.0,1970438.0,2388000.0,2318266.0,2597000.0,2848500.0,2555147.5,3055758.0,3415000.0,3574182.0,3440000.0,3492000.0,2782262.0,2395000.0,12585000.0,11300000.0,7584706.0,9481235.5,2824325.0,2236000.0,1400000.0,1524279.5,1848000.0,2250763.0,2318266.0,2597000.0,2848500.0,2516291.0,3055758.0,3525500.0,3505000.0,3500000.0,3500000.0,2782262.0,1973000.0
1.0,2857.67,4404000.0,3332960.0,3400000.0,3559760.0,3824840.0,3273000.0,3049000.0,2903040.0,2837160.0,2993760.0,2967000.0,2759000.0,2812320.0,3127000.0,3000000.0,3051520.0,3200000.0,3221563.0,3550000.0,3996900.0,3141000.0,4404000.0,3332960.0,3400000.0,3559760.0,3824840.0,3273000.0,3049000.0,2903040.0,2837160.0,2993760.0,2967000.0,2759000.0,2822000.0,3127000.0,3063000.0,3138000.0,3246000.0,3260023.0,3658967.0,4051500.0,3977500.0,19719.5,3999.0,2751.0,2401.0,3325.0,4299.4555,31989.006,165975.0,257453.955,147422.75,138300.0,231797.464,409875.843,323994.33,221440.695,402812.28,484617.7,497495.1,264773.6,211134.0,5.096,7200000.0,5131037.5,4419804.5,5283444.0,4826223.5,4388513.0,1350000.0,1791550.0,2973000.0,1632825.0,2800000.0,1950000.0,2106500.0,2404000.0,2100000.0,1750000.0,1329600.0,1480900.0,1100000.0,1311000.0,1314303.5,18478412.0,11987000.0,7584706.0,9548235.5,3499215.5,2236000.0,65821.0,331950.0,520109.0,300250.0,300000.0,506108.0,885261.0,705870.0,472155.0,860710.0,1033300.0,1065300.0,581920.0,462000.0,2395000.0,12585000.0,11300000.0,7584706.0,9481235.5,2824325.0,2236000.0,65821.0,331950.0,520109.0,300250.0,300000.0,506108.0,885261.0,705870.0,472155.0,860710.0,1033300.0,1065300.0,581920.0,462000.0,1973000.0
1.0,350.72,4404000.0,3332960.0,3400000.0,3559760.0,3824840.0,3273000.0,3049000.0,2903040.0,2837160.0,2993760.0,2967000.0,2759000.0,2812320.0,3127000.0,3000000.0,3051520.0,3200000.0,3221563.0,3550000.0,3996900.0,3141000.0,4404000.0,3332960.0,3400000.0,3559760.0,3824840.0,3273000.0,3049000.0,2903040.0,2837160.0,2993760.0,2967000.0,2759000.0,2822000.0,3127000.0,3063000.0,3138000.0,3246000.0,3260023.0,3658967.0,4051500.0,3977500.0,7.155,6.634,3.619,2401.0,3325.0,4299.4555,1095.36,206.5555,105.29400000000001,3.453,20.602,20.97,20.525,19.958,19.731,22.51,22.68,22.311,20.1,19.93,5.096,7200000.0,5131037.5,4419804.5,5283444.0,4826223.5,4388513.0,1350000.0,1791550.0,2973000.0,1632825.0,2800000.0,1950000.0,2106500.0,2404000.0,2100000.0,1750000.0,1329600.0,1480900.0,1100000.0,1311000.0,1314303.5,18478412.0,7800780.0,7584706.0,9548235.5,3499215.5,2236000.0,1456500.0,1739965.0,1970438.0,3677789.0,48569674.0,47973643.0,38596824.0,38569608.0,49279104.0,44584344.0,44923637.0,42718234.0,35301874.0,35112269.0,2395000.0,12585000.0,7800780.0,7584706.0,9481235.5,2824325.0,2236000.0,1400000.0,1524279.5,1848000.0,2250763.0,26619062.0,31726598.0,33395846.0,32695488.0,35462448.0,37221509.0,37932754.0,39004157.0,40237949.0,39810658.0,1973000.0
1.0,55.48,4404000.0,3332960.0,3400000.0,3559760.0,3824840.0,3273000.0,3049000.0,2903040.0,2837160.0,2993760.0,2967000.0,2759000.0,2812320.0,3127000.0,5400000.0,6600000.0,6900000.0,6900000.0,6600000.0,6100000.0,3141000.0,4404000.0,3332960.0,3400000.0,3559760.0,3824840.0,3273000.0,3049000.0,2903040.0,2837160.0,2993760.0,2967000.0,2759000.0,2822000.0,3127000.0,5600000.0,7700000.0,7800000.0,8000000.0,7900000.0,7400000.0,3977500.0,19719.5,3999.0,2751.0,2401.0,3325.0,4299.4555,1095.36,206.5555,105.29400000000001,86.254,85.5465,114.0915,99.67949999999999,99.135,104.4385,136.871,135.587,120.2985,115.492,77.706,5.096,7200000.0,5131037.5,4419804.5,5283444.0,4826223.5,4388513.0,1350000.0,1791550.0,2973000.0,1632825.0,2800000.0,1950000.0,2106500.0,2404000.0,2100000.0,1750000.0,1329600.0,1480900.0,1100000.0,1311000.0,1314303.5,18478412.0,11987000.0,7584706.0,9548235.5,3499215.5,2236000.0,1456500.0,1739965.0,1970438.0,2388000.0,2318266.0,2597000.0,2848500.0,2555147.5,3055758.0,3415000.0,3574182.0,3440000.0,3492000.0,2782262.0,2395000.0,12585000.0,11300000.0,7584706.0,9481235.5,2824325.0,2236000.0,1400000.0,1524279.5,1848000.0,2250763.0,2318266.0,2597000.0,2848500.0,2516291.0,3055758.0,3525500.0,3505000.0,3500000.0,3500000.0,2782262.0,1973000.0
1.0,5630.38,4404000.0,3332960.0,3400000.0,3559760.0,3824840.0,3273000.0,3049000.0,2903040.0,2837160.0,2993760.0,2967000.0,2759000.0,2812320.0,3127000.0,3000000.0,3051520.0,3200000.0,3221563.0,3550000.0,3996900.0,3141000.0,4404000.0,3332960.0,3400000.0,3559760.0,3824840.0,3273000.0,3049000.0,2903040.0,2837160.0,2993760.0,2967000.0,2759000.0,2822000.0,3127000.0,3063000.0,3138000.0,3246000.0,3260023.0,3658967.0,4051500.0,3977500.0,19719.5,3999.0,2751.0,2401.0,3325.0,4299.4555,1095.36,206.5555,105.29400000000001,86.254,85.5465,114.0915,99.67949999999999,99.135,104.4385,136.871,10.513,106000.0,106400.0,77.706,5.096,7200000.0,5131037.5,4419804.5,5283444.0,4826223.5,4388513.0,1350000.0,1791550.0,2973000.0,1632825.0,2800000.0,1950000.0,2106500.0,2404000.0,2100000.0,1750000.0,214000.0,480800.0,490400.0,1311000.0,1314303.5,18478412.0,11987000.0,7584706.0,9548235.5,3499215.5,2236000.0,1456500.0,1739965.0,1970438.0,2388000.0,2318266.0,2597000.0,2848500.0,2555147.5,3055758.0,7099000.0,28272000.0,34612000.0,30722000.0,2782262.0,2395000.0,12585000.0,11300000.0,7584706.0,9481235.5,2824325.0,2236000.0,1400000.0,1524279.5,1848000.0,2250763.0,2318266.0,2597000.0,2848500.0,2516291.0,3055758.0,7099000.0,28272000.0,24558000.0,28454000.0,2782262.0,1973000.0
1.0,6340.32,4404000.0,3332960.0,3400000.0,3559760.0,3824840.0,3273000.0,3049000.0,2903040.0,2837160.0,2993760.0,2967000.0,2759000.0,2812320.0,3127000.0,3000000.0,3051520.0,3200000.0,3221563.0,3550000.0,3996900.0,3141000.0,4404000.0,3332960.0,3400000.0,3559760.0,3824840.0,3273000.0,3049000.0,2903040.0,2837160.0,2993760.0,2967000.0,2759000.0,2822000.0,3127000.0,3063000.0,3138000.0,3246000.0,3260023.0,3658967.0,4051500.0,3977500.0,19719.5,3999.0,2751.0,2401.0,3325.0,4299.4555,1095.36,206.5555,105.29400000000001,86.254,85.5465,114.0915,99.67949999999999,99.135,7.77,3.644,9.262,7.745,7.527,77.706,5.096,7200000.0,5131037.5,4419804.5,5283444.0,4826223.5,4388513.0,1350000.0,1791550.0,2973000.0,1632825.0,2800000.0,1950000.0,2106500.0,2404000.0,3000.0,13000.0,34000.0,33900.0,33100.0,1311000.0,1314303.5,18478412.0,11987000.0,7584706.0,9548235.5,3499215.5,2236000.0,1456500.0,1739965.0,1970438.0,2388000.0,2318266.0,2597000.0,2848500.0,2555147.5,426000.0,449000.0,935000.0,921000.0,937000.0,2782262.0,2395000.0,12585000.0,11300000.0,7584706.0,9481235.5,2824325.0,2236000.0,1400000.0,1524279.5,1848000.0,2250763.0,2318266.0,2597000.0,2848500.0,2516291.0,426000.0,449000.0,1034000.0,1009000.0,1002000.0,2782262.0,1973000.0
1.0,145.86,4404000.0,3332960.0,3400000.0,3559760.0,3824840.0,3273000.0,3049000.0,2903040.0,2837160.0,2993760.0,2967000.0,2759000.0,2812320.0,3127000.0,3000000.0,3051520.0,3200000.0,3221563.0,3550000.0,3996900.0,3141000.0,4404000.0,3332960.0,3400000.0,3559760.0,3824840.0,3273000.0,3049000.0,2903040.0,2837160.0,2993760.0,2967000.0,2759000.0,2822000.0,3127000.0,3063000.0,3138000.0,3246000.0,3260023.0,3658967.0,4051500.0,3977500.0,19719.5,3999.0,2751.0,2401.0,3325.0,4299.4555,1095.36,206.5555,105.29400000000001,86.254,85.5465,114.0915,99.67949999999999,99.135,104.4385,136.871,135.587,120.2985,115.492,77.706,5.096,7200000.0,5131037.5,4419804.5,5283444.0,4826223.5,4388513.0,1350000.0,1791550.0,2973000.0,1632825.0,2800000.0,1950000.0,2106500.0,2404000.0,2100000.0,1750000.0,1329600.0,1480900.0,1100000.0,1311000.0,1314303.5,18478412.0,11987000.0,7584706.0,9548235.5,3499215.5,2236000.0,1456500.0,1739965.0,1970438.0,2388000.0,2318266.0,2597000.0,2848500.0,2555147.5,3055758.0,3415000.0,3574182.0,3440000.0,3492000.0,2782262.0,2395000.0,12585000.0,11300000.0,7584706.0,9481235.5,2824325.0,2236000.0,1400000.0,1524279.5,1848000.0,2250763.0,2318266.0,2597000.0,2848500.0,2516291.0,3055758.0,3525500.0,3505000.0,3500000.0,3500000.0,2782262.0,1973000.0
1.0,33.2,4173120.0,4082400.0,3719520.0,4263840.0,3991680.0,1542240.0,4536000.0,2540160.0,3175200.0,1905120.0,4082400.0,5171040.0,3175200.0,4354560.0,3628800.0,3991680.0,3200000.0,4900000.0,4700000.0,4500000.0,3141000.0,4173120.0,4082400.0,3719520.0,4263840.0,3991680.0,1542240.0,4536000.0,2540160.0,3175200.0,1905120.0,4082400.0,5171040.0,3175200.0,4354560.0,3628800.0,3991680.0,3246000.0,4900000.0,4700000.0,4500000.0,3977500.0,19719.5,3999.0,2751.0,2401.0,3325.0,4299.4555,1095.36,206.5555,105.29400000000001,86.254,85.5465,114.0915,99.67949999999999,99.135,104.4385,136.871,135.587,120.2985,115.492,77.706,5.096,7200000.0,5131037.5,4419804.5,5283444.0,4826223.5,4388513.0,1350000.0,1791550.0,2973000.0,1632825.0,2800000.0,1950000.0,2106500.0,2404000.0,2100000.0,1750000.0,1329600.0,1480900.0,1100000.0,1311000.0,1314303.5,18478412.0,11987000.0,7584706.0,9548235.5,3499215.5,2236000.0,1456500.0,1739965.0,1970438.0,2388000.0,2318266.0,2597000.0,2848500.0,2555147.5,3055758.0,3415000.0,3574182.0,3440000.0,3492000.0,2782262.0,2395000.0,12585000.0,11300000.0,7584706.0,9481235.5,2824325.0,2236000.0,1400000.0,1524279.5,1848000.0,2250763.0,2318266.0,2597000.0,2848500.0,2516291.0,3055758.0,3525500.0,3505000.0,3500000.0,3500000.0,2782262.0,1973000.0
1.0,4194.84,4404000.0,3332960.0,3400000.0,3559760.0,3824840.0,3273000.0,3049000.0,2903040.0,2837160.0,2993760.0,2967000.0,2759000.0,2812320.0,3127000.0,3000000.0,3051520.0,3200000.0,3221563.0,3550000.0,3996900.0,3141000.0,4404000.0,3332960.0,3400000.0,3559760.0,3824840.0,3273000.0,3049000.0,2903040.0,2837160.0,2993760.0,2967000.0,2759000.0,2822000.0,3127000.0,3063000.0,3138000.0,3246000.0,3260023.0,3658967.0,4051500.0,3977500.0,19719.5,3999.0,2751.0,2401.0,3325.0,118700.0,111300.0,63900.0,6200.0,0.0,0.0,110100.0,134000.0,115800.0,132900.0,162000.0,316000.0,319000.0,325000.0,338000.0,5.096,7200000.0,5131037.5,4419804.5,5283444.0,4826223.5,436500.0,386000.0,230500.0,24500.0,0.0,0.0,410000.0,511600.0,476500.0,565700.0,705000.0,1329600.0,1361800.0,1371100.0,1420500.0,1314303.5,18478412.0,11987000.0,7584706.0,9548235.5,3499215.5,25638000.0,22896000.0,12545000.0,1271000.0,0.0,656000.0,22444000.0,25763000.0,25260000.0,27291000.0,33726000.0,66328000.0,69773000.0,70464000.0,70323000.0,2395000.0,12585000.0,11300000.0,7584706.0,9481235.5,2824325.0,25622000.0,22915000.0,12571000.0,1233000.0,0.0,0.0,21972000.0,25748000.0,25277000.0,27278000.0,33141000.0,66112000.0,69294000.0,70328000.0,70371000.0,1973000.0
1.0,6410.56,4404000.0,3332960.0,3400000.0,3559760.0,3824840.0,3273000.0,3049000.0,2903040.0,2837160.0,2993760.0,2967000.0,2759000.0,2812320.0,3127000.0,3000000.0,3051520.0,3200000.0,3221563.0,3550000.0,3996900.0,3141000.0,4404000.0,3332960.0,3400000.0,3559760.0,3824840.0,3273000.0,3049000.0,2903040.0,2837160.0,2993760.0,2967000.0,2759000.0,2822000.0,3127000.0,3063000.0,3138000.0,3246000.0,3260023.0,3658967.0,4051500.0,3977500.0,19719.5,3999.0,2751.0,2401.0,3325.0,4299.4555,1095.36,206.5555,105.29400000000001,86.254,85.5465,114.0915,99.67949999999999,99.135,104.4385,136.871,135.587,120.2985,2.523,5.018,5.096,7200000.0,5131037.5,4419804.5,5283444.0,4826223.5,4388513.0,1350000.0,1791550.0,2973000.0,1632825.0,2800000.0,1950000.0,2106500.0,2404000.0,2100000.0,1750000.0,1329600.0,1480900.0,346000.0,1311000.0,1314303.5,18478412.0,11987000.0,7584706.0,9548235.5,3499215.5,2236000.0,1456500.0,1739965.0,1970438.0,2388000.0,2318266.0,2597000.0,2848500.0,2555147.5,3055758.0,3415000.0,3574182.0,3440000.0,7860000.0,10490000.0,2395000.0,12585000.0,11300000.0,7584706.0,9481235.5,2824325.0,2236000.0,1400000.0,1524279.5,1848000.0,2250763.0,2318266.0,2597000.0,2848500.0,2516291.0,3055758.0,3525500.0,3505000.0,3500000.0,3800000.0,7500000.0,1973000.0
1.0,730.09,4404000.0,3332960.0,3400000.0,3559760.0,3824840.0,3273000.0,3049000.0,2903040.0,2837160.0,2993760.0,2967000.0,2759000.0,2812320.0,3127000.0,3000000.0,3051520.0,3200000.0,3221563.0,3550000.0,3996900.0,3141000.0,4404000.0,3332960.0,3400000.0,3559760.0,3824840.0,3273000.0,3049000.0,2903040.0,2837160.0,2993760.0,2967000.0,2759000.0,2822000.0,3127000.0,3063000.0,3138000.0,3246000.0,3260023.0,3658967.0,4051500.0,3977500.0,19719.5,3999.0,2751.0,2401.0,3325.0,4299.4555,1095.36,206.5555,105.29400000000001,86.254,85.5465,114.0915,99.67949999999999,99.135,25.668,25.118,26.762,27.556,26.28,77.706,5.096,7200000.0,5131037.5,4419804.5,5283444.0,4826223.5,4388513.0,1350000.0,1791550.0,2973000.0,1632825.0,2800000.0,1950000.0,2106500.0,2404000.0,2100000.0,1750000.0,1329600.0,1480900.0,1100000.0,1311000.0,1314303.5,18478412.0,11987000.0,7584706.0,9548235.5,3499215.5,2236000.0,1456500.0,17580629.0,19845000.0,11323670.0,4978714.0,17637782.0,18154886.0,27377482.0,21433507.0,20921846.0,24041707.0,29150150.0,18554962.0,2782262.0,2395000.0,12585000.0,11300000.0,7584706.0,9481235.5,2824325.0,2236000.0,1400000.0,17580629.0,19845000.0,11323670.0,4978714.0,17637782.0,18154886.0,27377482.0,21433507.0,20921846.0,24041707.0,29150150.0,18554962.0,2782262.0,1973000.0
1.0,1224.66,4404000.0,3332960.0,3400000.0,3559760.0,3824840.0,3273000.0,3049000.0,2903040.0,2837160.0,2993760.0,2967000.0,2759000.0,2812320.0,3127000.0,3000000.0,3051520.0,3200000.0,3221563.0,3550000.0,3996900.0,3141000.0,4404000.0,3332960.0,3400000.0,3559760.0,3824840.0,3273000.0,3049000.0,2903040.0,2837160.0,2993760.0,2967000.0,2759000.0,2822000.0,3127000.0,3063000.0,3138000.0,3246000.0,3260023.0,3658967.0,4051500.0,3977500.0,19719.5,3999.0,2751.0,2401.0,3325.0,4299.4555,1095.36,206.5555,105.29400000000001,86.254,0.779,3.457,3.611,4.235,4.152,5.21,4.889,4.851,5.327,6.212,6.322,7200000.0,5131037.5,4419804.5,5283444.0,4826223.5,4388513.0,1350000.0,1791550.0,2973000.0,1632825.0,2800000.0,1950000.0,2106500.0,2404000.0,2100000.0,1750000.0,1329600.0,1480900.0,1100000.0,1311000.0,1314303.5,18478412.0,11987000.0,7584706.0,9548235.5,3499215.5,2236000.0,1456500.0,1739965.0,1970438.0,2388000.0,2318266.0,2597000.0,2848500.0,2500582.0,2569000.0,2314000.0,2321000.0,2469000.0,1718000.0,1976000.0,2395000.0,12585000.0,11300000.0,7584706.0,9481235.5,2824325.0,2236000.0,1400000.0,1524279.5,1848000.0,2250763.0,2318266.0,2597000.0,2848500.0,2500582.0,2569000.0,2314000.0,2321000.0,2469000.0,2479000.0,2437000.0,2394000.0
1.0,38.73,4404000.0,3332960.0,3400000.0,3559760.0,3824840.0,3273000.0,3049000.0,2903040.0,2837160.0,2993760.0,2967000.0,2759000.0,2812320.0,3127000.0,3000000.0,3051520.0,3200000.0,3221563.0,3550000.0,3996900.0,3141000.0,4404000.0,3332960.0,3400000.0,3559760.0,3824840.0,3273000.0,3049000.0,2903040.0,2837160.0,2993760.0,2967000.0,2759000.0,2822000.0,3127000.0,3063000.0,3138000.0,3246000.0,3260023.0,3658967.0,4051500.0,3977500.0,19719.5,3999.0,2751.0,2401.0,3325.0,4299.4555,1095.36,206.5555,105.29400000000001,86.254,85.5465,16460400.0,15128700.0,11787600.0,16020775.0,17775840.0,19961485.0,18326000.0,17243780.0,19655125.0,5.096,7200000.0,5131037.5,12300000.0,14100000.0,15500000.0,13700000.0,13100000.0,15000000.0,17000000.0,17100000.0,21600000.0,25800000.0,23900000.0,18800000.0,25450000.0,27840000.0,32170000.0,29920000.0,27880000.0,32090000.0,1314303.5,18478412.0,11987000.0,15900000.0,18100000.0,20600000.0,19000000.0,17500000.0,21600000.0,19900000.0,27000000.0,2318266.0,2597000.0,2848500.0,2555147.5,3055758.0,3415000.0,3574182.0,3440000.0,3492000.0,2782262.0,2395000.0,12585000.0,11300000.0,15900000.0,18100000.0,20600000.0,19000000.0,17500000.0,19300000.0,19500000.0,27000000.0,2318266.0,2597000.0,2848500.0,2516291.0,3055758.0,3525500.0,3505000.0,3500000.0,3500000.0,2782262.0,1973000.0
1.0,128.88,4404000.0,3332960.0,3400000.0,3559760.0,3824840.0,3273000.0,3049000.0,2903040.0,2837160.0,2993760.0,2967000.0,2759000.0,2812320.0,3127000.0,3000000.0,3051520.0,3200000.0,3221563.0,3550000.0,3996900.0,3141000.0,4404000.0,3332960.0,3400000.0,3559760.0,3824840.0,3273000.0,3049000.0,2903040.0,2837160.0,2993760.0,2967000.0,2759000.0,2822000.0,3127000.0,3063000.0,3138000.0,3246000.0,3260023.0,3658967.0,4051500.0,3977500.0,19719.5,3999.0,2751.0,2401.0,3325.0,4299.4555,1095.36,206.5555,105.29400000000001,86.254,85.5465,114.0915,99.67949999999999,99.135,104.4385,136.871,135.587,120.2985,115.492,77.706,5.096,7200000.0,5131037.5,4419804.5,5283444.0,4826223.5,4388513.0,1350000.0,1791550.0,2973000.0,1632825.0,2800000.0,1950000.0,2106500.0,2404000.0,2100000.0,1750000.0,1329600.0,1480900.0,1100000.0,1311000.0,1314303.5,18478412.0,11987000.0,7584706.0,9548235.5,3499215.5,2236000.0,1456500.0,1739965.0,1970438.0,2388000.0,2318266.0,2597000.0,2848500.0,2555147.5,3055758.0,3415000.0,3574182.0,3440000.0,3492000.0,2782262.0,2395000.0,12585000.0,11300000.0,7584706.0,9481235.5,2824325.0,2236000.0,1400000.0,1524279.5,1848000.0,2250763.0,2318266.0,2597000.0,2848500.0,2516291.0,3055758.0,3525500.0,3505000.0,3500000.0,3500000.0,2782262.0,1973000.0
1.0,65.81,4404000.0,3332960.0,3400000.0,3559760.0,3824840.0,3273000.0,3049000.0,2903040.0,2837160.0,2993760.0,2967000.0,2759000.0,2812320.0,3127000.0,1126000.0,6128000.0,7202000.0,6916000.0,8570000.0,7934000.0,3141000.0,4404000.0,3332960.0,3400000.0,3559760.0,3824840.0,3273000.0,3049000.0,2903040.0,2837160.0,2993760.0,2967000.0,2759000.0,2822000.0,3127000.0,1126000.0,6128000.0,7202000.0,6916000.0,8570000.0,7934000.0,3977500.0,19719.5,3999.0,2751.0,2401.0,3325.0,4299.4555,1095.36,206.5555,105.29400000000001,86.254,85.5465,114.0915,99.67949999999999,99.135,104.4385,136.871,135.587,120.2985,115.492,77.706,5.096,7200000.0,5131037.5,4419804.5,5283444.0,4826223.5,4388513.0,1350000.0,1791550.0,2973000.0,1632825.0,2800000.0,1950000.0,2106500.0,2404000.0,2100000.0,1750000.0,1329600.0,1480900.0,1100000.0,1311000.0,1314303.5,18478412.0,11987000.0,7584706.0,9548235.5,3499215.5,2236000.0,1456500.0,1739965.0,1970438.0,2388000.0,2318266.0,2597000.0,2848500.0,2555147.5,3055758.0,3415000.0,3574182.0,3440000.0,3492000.0,2782262.0,2395000.0,12585000.0,11300000.0,7584706.0,9481235.5,2824325.0,2236000.0,1400000.0,1524279.5,1848000.0,2250763.0,2318266.0,2597000.0,2848500.0,2516291.0,3055758.0,3525500.0,3505000.0,3500000.0,3500000.0,2782262.0,1973000.0
1.0,1885.13,4404000.0,3332960.0,3400000.0,3559760.0,3824840.0,3273000.0,3049000.0,2903040.0,2837160.0,2993760.0,2967000.0,2759000.0,2812320.0,3127000.0,3000000.0,3051520.0,3200000.0,3221563.0,3550000.0,3996900.0,3141000.0,4404000.0,3332960.0,3400000.0,3559760.0,3824840.0,3273000.0,3049000.0,2903040.0,2837160.0,2993760.0,2967000.0,2759000.0,2822000.0,3127000.0,3063000.0,3138000.0,3246000.0,3260023.0,3658967.0,4051500.0,3977500.0,19719.5,3999.0,2751.0,2401.0,3325.0,4299.4555,1095.36,206.5555,105.29400000000001,86.254,85.5465,114.0915,99.67949999999999,99.135,104.4385,136.871,135.587,120.2985,115.492,77.706,5.096,7200000.0,5131037.5,4419804.5,5283444.0,4826223.5,4388513.0,1350000.0,1791550.0,2973000.0,1632825.0,2800000.0,1950000.0,2106500.0,2404000.0,2100000.0,1750000.0,1329600.0,1480900.0,1100000.0,1311000.0,1314303.5,18478412.0,11987000.0,12041000.0,12060000.0,3499215.5,2236000.0,1456500.0,1739965.0,13181000.0,11216000.0,12041000.0,12517000.0,14001000.0,15437000.0,15803000.0,14615000.0,16023000.0,15409000.0,13039000.0,2782262.0,2395000.0,12585000.0,11987000.0,12041000.0,12060000.0,2824325.0,2236000.0,1400000.0,1524279.5,13181000.0,11216000.0,12041000.0,12517000.0,14001000.0,15437000.0,15803000.0,14615000.0,16023000.0,15409000.0,13039000.0,2782262.0,1973000.0
0.0,1769.4,4404000.0,3332960.0,3400000.0,3559760.0,3824840.0,3273000.0,3049000.0,2903040.0,2837160.0,2993760.0,2967000.0,2759000.0,2812320.0,3127000.0,3000000.0,3051520.0,3200000.0,3221563.0,3550000.0,3996900.0,3141000.0,4404000.0,3332960.0,3400000.0,3559760.0,3824840.0,3273000.0,3049000.0,2903040.0,2837160.0,2993760.0,2967000.0,2759000.0,2822000.0,3127000.0,3063000.0,3138000.0,3246000.0,3260023.0,3658967.0,4051500.0,3977500.0,19719.5,3999.0,2751.0,2401.0,3325.0,4299.4555,1095.36,206.5555,105.29400000000001,86.254,85.5465,114.0915,21390.0,54163.0,64426.0,79153.0,1181.0,120.2985,115.492,77.706,5.096,7200000.0,5131037.5,4419804.5,5283444.0,4826223.5,4388513.0,1350000.0,1791550.0,2973000.0,1632825.0,2800000.0,1950000.0,2106500.0,2404000.0,2100000.0,1750000.0,1329600.0,1480900.0,1100000.0,1311000.0,1314303.5,18478412.0,11987000.0,7584706.0,9548235.5,3499215.5,2236000.0,1456500.0,1739965.0,1970438.0,2388000.0,2318266.0,2597000.0,5204013.0,6947259.0,7273064.0,4589601.0,118951.0,3440000.0,3492000.0,2782262.0,2395000.0,12585000.0,11300000.0,7584706.0,9481235.5,2824325.0,2236000.0,1400000.0,1524279.5,1848000.0,2250763.0,2318266.0,2597000.0,5413520.0,7096282.0,7109879.0,6811181.0,118951.0,3500000.0,3500000.0,2782262.0,1973000.0
1.0,35.37,4404000.0,3332960.0,3400000.0,22064565.0,23759760.0,23945946.0,27975976.0,28246246.0,31135135.0,31813814.0,30495495.0,29696697.0,35024024.0,30081081.0,37033033.0,33906907.0,30312312.0,32909910.0,31882883.0,27717718.0,3141000.0,4404000.0,3332960.0,3400000.0,22064565.0,23759760.0,23945946.0,27975976.0,28246246.0,31135135.0,31813814.0,30495495.0,29696697.0,35024024.0,30081081.0,37033033.0,33906907.0,30312312.0,32909910.0,31882883.0,27717718.0,3977500.0,19719.5,3999.0,2751.0,2401.0,3325.0,4299.4555,1095.36,206.5555,105.29400000000001,86.254,85.5465,114.0915,99.67949999999999,99.135,104.4385,136.871,135.587,120.2985,115.492,77.706,5.096,7200000.0,5131037.5,4419804.5,5283444.0,4826223.5,4388513.0,1350000.0,1791550.0,2973000.0,1632825.0,2800000.0,1950000.0,2106500.0,2404000.0,2100000.0,1750000.0,1329600.0,1480900.0,1100000.0,1311000.0,1314303.5,18478412.0,11987000.0,7584706.0,9548235.5,3499215.5,2236000.0,1456500.0,1739965.0,1970438.0,2388000.0,2318266.0,2597000.0,2848500.0,2555147.5,3055758.0,3415000.0,3574182.0,3440000.0,3492000.0,2782262.0,2395000.0,12585000.0,11300000.0,7584706.0,9481235.5,2824325.0,2236000.0,1400000.0,1524279.5,1848000.0,2250763.0,2318266.0,2597000.0,2848500.0,2516291.0,3055758.0,3525500.0,3505000.0,3500000.0,3500000.0,2782262.0,1973000.0
1.0,89.56,4404000.0,3332960.0,3400000.0,3559760.0,3824840.0,3273000.0,3049000.0,2903040.0,2837160.0,2993760.0,2967000.0,2759000.0,2812320.0,3127000.0,3000000.0,3051520.0,3200000.0,3221563.0,3550000.0,3996900.0,3141000.0,4404000.0,3332960.0,3400000.0,3559760.0,3824840.0,3273000.0,3049000.0,2903040.0,2837160.0,2993760.0,2967000.0,2759000.0,2822000.0,3127000.0,3063000.0,3138000.0,3246000.0,3260023.0,3658967.0,4051500.0,3977500.0,19719.5,3999.0,2751.0,2401.0,3325.0,4299.4555,1095.36,206.5555,105.29400000000001,86.254,85.5465,114.0915,99.67949999999999,99.135,104.4385,136.871,135.587,120.2985,115.492,77.706,5.096,7200000.0,5131037.5,4419804.5,5283444.0,4826223.5,4388513.0,1350000.0,1791550.0,2973000.0,1632825.0,2800000.0,1950000.0,2106500.0,2404000.0,1020000.0,3212000.0,4220000.0,4190000.0,3724000.0,3224000.0,1314303.5,18478412.0,11987000.0,7584706.0,9548235.5,3499215.5,2236000.0,1456500.0,1739965.0,1970438.0,2388000.0,2318266.0,2597000.0,2848500.0,2555147.5,3055758.0,3415000.0,3574182.0,3440000.0,3492000.0,2782262.0,2395000.0,12585000.0,11300000.0,7584706.0,9481235.5,2824325.0,2236000.0,1400000.0,1524279.5,1848000.0,2250763.0,2318266.0,2597000.0,2848500.0,2516291.0,3055758.0,3525500.0,3505000.0,3500000.0,3500000.0,2782262.0,1973000.0
1.0,2279.37,4404000.0,3332960.0,3400000.0,3559760.0,3824840.0,3273000.0,3049000.0,2903040.0,2837160.0,2993760.0,2967000.0,2759000.0,2812320.0,3127000.0,3000000.0,3051520.0,3200000.0,3221563.0,3550000.0,3996900.0,3141000.0,4404000.0,3332960.0,3400000.0,3559760.0,3824840.0,3273000.0,3049000.0,2903040.0,2837160.0,2993760.0,2967000.0,2759000.0,2822000.0,3127000.0,3063000.0,3138000.0,3246000.0,3260023.0,3658967.0,4051500.0,3977500.0,78700.0,84900.0,95300.0,96300.0,88450.512,93440.028,100697.506,37.915,53.405,48.14,50.561,54.413,66.387,58.34,53.205,61.86,117.37,118.531,141.666,145.706,5.096,7200000.0,5131037.5,4419804.5,5283444.0,4826223.5,4388513.0,1350000.0,1791550.0,2973000.0,1632825.0,2800000.0,1950000.0,2106500.0,2404000.0,2100000.0,1750000.0,1329600.0,1480900.0,1100000.0,1311000.0,1314303.5,61400000.0,68685000.0,75982000.0,72965000.0,3499215.5,2236000.0,1456500.0,1739965.0,1970438.0,2388000.0,2318266.0,2597000.0,2848500.0,2555147.5,3055758.0,3415000.0,3574182.0,3440000.0,3492000.0,2782262.0,2395000.0,17833000.0,23436000.0,24096000.0,21014000.0,2824325.0,2236000.0,1400000.0,1524279.5,1848000.0,2250763.0,2318266.0,2597000.0,2848500.0,2516291.0,3055758.0,3525500.0,3505000.0,3500000.0,3500000.0,2782262.0,1973000.0
1.0,7474.85,4404000.0,3332960.0,3400000.0,3559760.0,3824840.0,3273000.0,3049000.0,2903040.0,2837160.0,2993760.0,2967000.0,2759000.0,2812320.0,3127000.0,3000000.0,3051520.0,3200000.0,3221563.0,3550000.0,3996900.0,3141000.0,4404000.0,3332960.0,3400000.0,3559760.0,3824840.0,3273000.0,3049000.0,2903040.0,2837160.0,2993760.0,2967000.0,2759000.0,2822000.0,3127000.0,3063000.0,3138000.0,3246000.0,3260023.0,3658967.0,4051500.0,3977500.0,19719.5,3999.0,2751.0,2401.0,3325.0,4299.4555,0.245,5.54,4.666,4.859,4.218,7.875,8.688,10.141,9.235,8.538,8.069,3.727,3.763,77.706,5.096,7200000.0,5131037.5,4419804.5,5283444.0,4826223.5,4388513.0,0.0,201339.0,244301.0,248940.0,264195.0,264195.0,297294.0,239811.0,245779.0,242523.0,216332.0,242126.0,243129.0,1311000.0,1314303.5,18478412.0,11987000.0,7584706.0,9548235.5,3499215.5,2236000.0,877197.0,18651162.0,14521140.0,16998887.0,21482527.0,21482527.0,22084779.0,21833258.0,18828710.0,19959943.0,17223764.0,34163445.0,33787816.0,2782262.0,2395000.0,12585000.0,11300000.0,7584706.0,9481235.5,2824325.0,2236000.0,825586.0,12693868.0,14942848.0,17307429.0,19195578.0,19195578.0,20581385.0,21347439.0,20360659.0,19896894.0,19779013.0,23000557.0,22929227.0,2782262.0,1973000.0
1.0,7474.85,4404000.0,3332960.0,3400000.0,3559760.0,3824840.0,3273000.0,3049000.0,2903040.0,2837160.0,2993760.0,2967000.0,2759000.0,2812320.0,3127000.0,3000000.0,3051520.0,3200000.0,3221563.0,3550000.0,3996900.0,3141000.0,4404000.0,3332960.0,3400000.0,3559760.0,3824840.0,3273000.0,3049000.0,2903040.0,2837160.0,2993760.0,2967000.0,2759000.0,2822000.0,3127000.0,3063000.0,3138000.0,3246000.0,3260023.0,3658967.0,4051500.0,3977500.0,19719.5,3999.0,2751.0,2401.0,3325.0,4299.4555,8002.0,10770.0,14583.0,15940.0,17729.0,17533.0,17906.0,18125.0,16890.0,12726.0,10458.0,10966.0,10024.0,8174.0,5.096,7200000.0,5131037.5,4419804.5,5283444.0,4826223.5,4388513.0,1350000.0,1791550.0,2973000.0,1632825.0,2800000.0,1950000.0,2106500.0,2404000.0,2100000.0,1750000.0,1329600.0,1480900.0,1100000.0,1311000.0,1314303.5,18478412.0,11987000.0,7584706.0,9548235.5,3499215.5,2236000.0,363311.0,503880.0,555575.0,568187.0,571090.0,559824.0,2848500.0,2555147.5,3055758.0,3415000.0,3574182.0,3440000.0,3492000.0,2782262.0,2395000.0,12585000.0,11300000.0,7584706.0,9481235.5,2824325.0,2236000.0,363311.0,503880.0,555575.0,568187.0,571090.0,559824.0,2848500.0,2516291.0,3055758.0,3525500.0,3505000.0,3500000.0,3500000.0,2782262.0,1973000.0
1.0,2279.37,4404000.0,3332960.0,3400000.0,3559760.0,3824840.0,3273000.0,3049000.0,2903040.0,2837160.0,2993760.0,2967000.0,2759000.0,2812320.0,3127000.0,3000000.0,3051520.0,3200000.0,3221563.0,3550000.0,3996900.0,3141000.0,4404000.0,3332960.0,3400000.0,3559760.0,3824840.0,3273000.0,3049000.0,2903040.0,2837160.0,2993760.0,2967000.0,2759000.0,2822000.0,3127000.0,3063000.0,3138000.0,3246000.0,3260023.0,3658967.0,4051500.0,3977500.0,48600.0,59900.0,53800.0,39900.0,83007.404,95254.398,84368.181,86182.55,70306.817,16329.325,15422.141,31297.874,65317.301,77564.295,113398.092,142428.004,139706.45,97522.36,78471.48,79378.665,5.096,7200000.0,5131037.5,4419804.5,5283444.0,4826223.5,4388513.0,1350000.0,1791550.0,2973000.0,1632825.0,2800000.0,1950000.0,2106500.0,2404000.0,2100000.0,1750000.0,1329600.0,1480900.0,1100000.0,1311000.0,1314303.5,61519000.0,59277000.0,220000.0,12299000.0,3499215.5,2236000.0,1456500.0,1739965.0,1970438.0,2388000.0,2318266.0,2597000.0,2848500.0,2555147.5,3055758.0,3415000.0,3574182.0,3440000.0,3492000.0,2782262.0,2395000.0,26764000.0,34118000.0,198000.0,11066000.0,2824325.0,2236000.0,1400000.0,1524279.5,1848000.0,2250763.0,2318266.0,2597000.0,2848500.0,2516291.0,3055758.0,3525500.0,3505000.0,3500000.0,3500000.0,2782262.0,1973000.0
1.0,89.25,4404000.0,3332960.0,3400000.0,3559760.0,3824840.0,3273000.0,3049000.0,2903040.0,2837160.0,2993760.0,2967000.0,2759000.0,2812320.0,3127000.0,3000000.0,3051520.0,3200000.0,180000.0,0.0,670000.0,3141000.0,4404000.0,3332960.0,3400000.0,3559760.0,3824840.0,3273000.0,3049000.0,2903040.0,2837160.0,2993760.0,2967000.0,2759000.0,2822000.0,3127000.0,3063000.0,3138000.0,3246000.0,180000.0,0.0,670000.0,3977500.0,19719.5,3999.0,2751.0,2401.0,3325.0,4299.4555,1095.36,206.5555,105.29400000000001,86.254,85.5465,114.0915,99.67949999999999,99.135,104.4385,136.871,135.587,120.2985,115.492,77.706,5.096,7200000.0,5131037.5,4419804.5,5283444.0,4826223.5,4388513.0,1350000.0,1791550.0,2973000.0,1632825.0,2800000.0,1950000.0,2106500.0,2404000.0,2100000.0,1750000.0,1329600.0,1480900.0,1100000.0,1311000.0,1314303.5,18478412.0,11987000.0,7584706.0,9548235.5,3499215.5,2236000.0,1456500.0,1739965.0,1970438.0,2388000.0,2318266.0,2597000.0,2848500.0,2555147.5,3055758.0,3415000.0,3574182.0,3440000.0,3492000.0,2782262.0,2395000.0,12585000.0,11300000.0,7584706.0,9481235.5,2824325.0,2236000.0,1400000.0,1524279.5,1848000.0,2250763.0,2318266.0,2597000.0,2848500.0,2516291.0,3055758.0,3525500.0,3505000.0,3500000.0,3500000.0,2782262.0,1973000.0
1.0,847.72,4404000.0,3332960.0,3400000.0,3559760.0,3824840.0,3273000.0,3049000.0,2903040.0,2837160.0,2993760.0,2967000.0,2759000.0,2812320.0,3127000.0,3000000.0,3051520.0,3200000.0,3221563.0,3550000.0,3996900.0,3141000.0,4404000.0,3332960.0,3400000.0,3559760.0,3824840.0,3273000.0,3049000.0,2903040.0,2837160.0,2993760.0,2967000.0,2759000.0,2822000.0,3127000.0,3063000.0,3138000.0,3246000.0,3260023.0,3658967.0,4051500.0,3977500.0,19719.5,3999.0,2751.0,2401.0,3325.0,4299.4555,1095.36,206.5555,26.932,45.047,33.963,41.787,94.376,120.202,115.524,136.871,145.461,152.917,170.069,77.706,5.096,7200000.0,5131037.5,4419804.5,5283444.0,4826223.5,4388513.0,1350000.0,1791550.0,2973000.0,1632825.0,2800000.0,1950000.0,2106500.0,2404000.0,2100000.0,1750000.0,1329600.0,1480900.0,1100000.0,1311000.0,1314303.5,18478412.0,11987000.0,7584706.0,9548235.5,3499215.5,2236000.0,1456500.0,1739965.0,1970438.0,2388000.0,860000.0,967000.0,1113000.0,1242000.0,1341000.0,1329000.0,1275000.0,1302000.0,1324000.0,2782262.0,2395000.0,12585000.0,11300000.0,7584706.0,9481235.5,2824325.0,2236000.0,1400000.0,1524279.5,1848000.0,2250763.0,860000.0,967000.0,1113000.0,1242000.0,1341000.0,1329000.0,1275000.0,1302000.0,1324000.0,2782262.0,1973000.0
1.0,95.29,4404000.0,3332960.0,3400000.0,3559760.0,3824840.0,3273000.0,3049000.0,2903040.0,2837160.0,2993760.0,3770000.0,5790000.0,8189000.0,11782000.0,12148000.0,13110000.0,12591456.0,11780000.0,11719000.0,12029000.0,3141000.0,4404000.0,3332960.0,3400000.0,3559760.0,3824840.0,3273000.0,3049000.0,2903040.0,2837160.0,2993760.0,3770000.0,5790000.0,8189000.0,11782000.0,12148000.0,13110000.0,12591456.0,11780000.0,11719000.0,12029000.0,3977500.0,19719.5,3999.0,2751.0,2401.0,3325.0,4299.4555,1095.36,206.5555,105.29400000000001,86.254,85.5465,114.0915,99.67949999999999,99.135,104.4385,136.871,135.587,120.2985,115.492,77.706,5.096,7200000.0,5131037.5,4419804.5,5283444.0,4826223.5,4388513.0,1350000.0,1791550.0,2973000.0,1632825.0,2800000.0,1950000.0,2106500.0,2404000.0,2100000.0,1750000.0,1329600.0,1480900.0,1100000.0,1311000.0,1314303.5,18478412.0,11987000.0,7584706.0,9548235.5,3499215.5,2236000.0,1456500.0,1739965.0,1970438.0,2388000.0,2318266.0,2597000.0,2848500.0,2555147.5,3055758.0,3415000.0,3574182.0,3440000.0,3492000.0,2782262.0,2395000.0,12585000.0,11300000.0,7584706.0,9481235.5,2824325.0,2236000.0,1400000.0,1524279.5,1848000.0,2250763.0,2318266.0,2597000.0,2848500.0,2516291.0,3055758.0,3525500.0,3505000.0,3500000.0,3500000.0,2782262.0,1973000.0
1.0,145.86,4404000.0,3332960.0,3400000.0,3559760.0,3824840.0,3273000.0,3049000.0,2903040.0,2837160.0,2993760.0,2967000.0,2759000.0,2812320.0,3127000.0,3000000.0,3051520.0,3200000.0,3221563.0,3550000.0,3996900.0,3141000.0,4404000.0,3332960.0,3400000.0,3559760.0,3824840.0,3273000.0,3049000.0,2903040.0,2837160.0,2993760.0,2967000.0,2759000.0,2822000.0,3127000.0,3063000.0,3138000.0,3246000.0,3260023.0,3658967.0,4051500.0,3977500.0,19719.5,3999.0,2751.0,2401.0,3325.0,4299.4555,1095.36,206.5555,105.29400000000001,86.254,85.5465,114.0915,99.67949999999999,99.135,104.4385,136.871,135.587,120.2985,115.492,77.706,5.096,7200000.0,5131037.5,4419804.5,5283444.0,4826223.5,4388513.0,1350000.0,1791550.0,2973000.0,1632825.0,2800000.0,1950000.0,2106500.0,2404000.0,2100000.0,1750000.0,1329600.0,1480900.0,1100000.0,1311000.0,1314303.5,18478412.0,11987000.0,7584706.0,9548235.5,3499215.5,2236000.0,1456500.0,1739965.0,1970438.0,2388000.0,2318266.0,2597000.0,2848500.0,2555147.5,3055758.0,3415000.0,3574182.0,3440000.0,3492000.0,2782262.0,2395000.0,12585000.0,11300000.0,7584706.0,9481235.5,2824325.0,2236000.0,1400000.0,1524279.5,1848000.0,2250763.0,2318266.0,2597000.0,2848500.0,2516291.0,3055758.0,3525500.0,3505000.0,3500000.0,3500000.0,2782262.0,1973000.0
1.0,145.86,4404000.0,3332960.0,3400000.0,3559760.0,3824840.0,3273000.0,3049000.0,2903040.0,2837160.0,2993760.0,2967000.0,2759000.0,2812320.0,3127000.0,3000000.0,3051520.0,3200000.0,3221563.0,3550000.0,3996900.0,3141000.0,4404000.0,3332960.0,3400000.0,3559760.0,3824840.0,3273000.0,3049000.0,2903040.0,2837160.0,2993760.0,2967000.0,2759000.0,2822000.0,3127000.0,3063000.0,3138000.0,3246000.0,3260023.0,3658967.0,4051500.0,3977500.0,19719.5,3999.0,2751.0,2401.0,3325.0,4299.4555,1095.36,206.5555,105.29400000000001,86.254,85.5465,114.0915,3175.147,8618.255,9525.44,10432.625,7257.478,9071.847,9525.44,7711.07,5.096,7200000.0,5131037.5,4419804.5,5283444.0,4826223.5,4388513.0,1350000.0,1791550.0,2973000.0,1632825.0,2800000.0,1950000.0,2106500.0,2404000.0,2100000.0,1750000.0,1329600.0,1480900.0,1100000.0,1311000.0,1314303.5,18478412.0,11987000.0,7584706.0,9548235.5,3499215.5,2236000.0,1456500.0,1739965.0,1970438.0,2388000.0,2318266.0,2597000.0,2848500.0,2555147.5,3055758.0,3415000.0,3574182.0,3440000.0,3492000.0,2782262.0,2395000.0,12585000.0,11300000.0,7584706.0,9481235.5,2824325.0,2236000.0,1400000.0,1524279.5,1848000.0,2250763.0,2318266.0,2597000.0,2848500.0,2516291.0,3055758.0,3525500.0,3505000.0,3500000.0,3500000.0,2782262.0,1973000.0
1.0,43.21,4404000.0,1500000.0,1800000.0,1200000.0,1700000.0,1400000.0,1700000.0,3400000.0,3700000.0,3700000.0,3400000.0,3400000.0,3500000.0,3200000.0,1861574.0,1935058.0,2170022.0,1966810.0,3550000.0,3996900.0,3141000.0,4404000.0,1500000.0,1800000.0,1200000.0,1700000.0,1400000.0,1700000.0,3400000.0,3700000.0,3700000.0,3400000.0,3400000.0,3500000.0,3200000.0,1861574.0,1935058.0,2170022.0,1966810.0,3658967.0,4051500.0,3977500.0,19719.5,3999.0,2751.0,2401.0,3325.0,4299.4555,1095.36,206.5555,105.29400000000001,86.254,85.5465,114.0915,99.67949999999999,99.135,104.4385,136.871,135.587,120.2985,115.492,77.706,5.096,7200000.0,5131037.5,4419804.5,5283444.0,4826223.5,4388513.0,1350000.0,1791550.0,2973000.0,1632825.0,2800000.0,1950000.0,2106500.0,2404000.0,2100000.0,1750000.0,1329600.0,1480900.0,1100000.0,1311000.0,1314303.5,18478412.0,11987000.0,7584706.0,9548235.5,3499215.5,2236000.0,1456500.0,1739965.0,1970438.0,2388000.0,2318266.0,2597000.0,2848500.0,2555147.5,3055758.0,3415000.0,3574182.0,3440000.0,3492000.0,2782262.0,2395000.0,12585000.0,11300000.0,7584706.0,9481235.5,2824325.0,2236000.0,1400000.0,1524279.5,1848000.0,2250763.0,2318266.0,2597000.0,2848500.0,2516291.0,3055758.0,3525500.0,3505000.0,3500000.0,3500000.0,2782262.0,1973000.0
1.0,6680.73,4404000.0,3332960.0,3400000.0,3559760.0,3824840.0,3273000.0,3049000.0,2903040.0,2837160.0,2993760.0,2967000.0,2759000.0,2812320.0,3127000.0,3000000.0,3051520.0,3200000.0,3221563.0,3550000.0,3996900.0,3141000.0,4404000.0,3332960.0,3400000.0,3559760.0,3824840.0,3273000.0,3049000.0,2903040.0,2837160.0,2993760.0,2967000.0,2759000.0,2822000.0,3127000.0,3063000.0,3138000.0,3246000.0,3260023.0,3658967.0,4051500.0,3977500.0,19719.5,3999.0,2751.0,2401.0,3325.0,4299.4555,1095.36,206.5555,105.29400000000001,86.254,85.5465,114.0915,99.67949999999999,69304.0,71090.0,70029.0,73643.0,73664.0,70738.0,77.706,5.096,7200000.0,5131037.5,4419804.5,5283444.0,4826223.5,4388513.0,1350000.0,1791550.0,2973000.0,1632825.0,2800000.0,1950000.0,2106500.0,2404000.0,2100000.0,1750000.0,1329600.0,1480900.0,1100000.0,1311000.0,1314303.5,18478412.0,11987000.0,7584706.0,9548235.5,3499215.5,2236000.0,1456500.0,1739965.0,1970438.0,2388000.0,2318266.0,2597000.0,2848500.0,1253000.0,1539000.0,1500000.0,1538000.0,1619000.0,1544000.0,2782262.0,2395000.0,12585000.0,11300000.0,7584706.0,9481235.5,2824325.0,2236000.0,1400000.0,1524279.5,1848000.0,2250763.0,2318266.0,2597000.0,2848500.0,1253000.0,1539000.0,1500000.0,1538000.0,1619000.0,1544000.0,2782262.0,1973000.0
1.0,2279.37,4404000.0,3332960.0,3400000.0,3559760.0,3824840.0,3273000.0,3049000.0,2903040.0,2837160.0,2993760.0,2967000.0,2759000.0,2812320.0,3127000.0,3000000.0,3051520.0,3200000.0,3221563.0,3550000.0,3996900.0,3141000.0,4404000.0,3332960.0,3400000.0,3559760.0,3824840.0,3273000.0,3049000.0,2903040.0,2837160.0,2993760.0,2967000.0,2759000.0,2822000.0,3127000.0,3063000.0,3138000.0,3246000.0,3260023.0,3658967.0,4051500.0,3977500.0,821548.0,902267.0,893862.0,907169.0,982817.0,964931.0,940613.0,896308.0,755258.0,874748.0,903721.0,210.71,106.927,99.79,186.941,624372.0,620265.0,267.319,261.959,77.706,5.096,7200000.0,5131037.5,4419804.5,5283444.0,4826223.5,4388513.0,1350000.0,1791550.0,2973000.0,1632825.0,2800000.0,1950000.0,2106500.0,2404000.0,2100000.0,1750000.0,1329600.0,1480900.0,1100000.0,1311000.0,1314303.5,18478412.0,11987000.0,7584706.0,9548235.5,3499215.5,2236000.0,1456500.0,1739965.0,1970438.0,2388000.0,2318266.0,2597000.0,2848500.0,2555147.5,3055758.0,3415000.0,3574182.0,3440000.0,3492000.0,2782262.0,2395000.0,12585000.0,11300000.0,7584706.0,9481235.5,2824325.0,2236000.0,1400000.0,1524279.5,1848000.0,2250763.0,2318266.0,2597000.0,2848500.0,2516291.0,3055758.0,3525500.0,3505000.0,3500000.0,3500000.0,2782262.0,1973000.0
1.0,43.21,4404000.0,10236845.0,9127339.0,9981922.0,11480616.0,12162830.0,11550470.0,11232043.0,11636654.0,9167256.0,11116829.0,7951608.0,7253064.0,7481678.0,7941629.0,8540381.0,7981546.0,7834579.0,3550000.0,3996900.0,3141000.0,4404000.0,10236845.0,9127339.0,9981922.0,11480616.0,12162830.0,11550470.0,11232043.0,11636654.0,9167256.0,11116829.0,7951608.0,7253064.0,7481678.0,7941629.0,8540381.0,7981546.0,7834579.0,3658967.0,4051500.0,3977500.0,19719.5,3999.0,2751.0,2401.0,3325.0,4299.4555,1095.36,206.5555,105.29400000000001,86.254,85.5465,114.0915,99.67949999999999,99.135,104.4385,136.871,135.587,120.2985,115.492,77.706,5.096,7200000.0,5131037.5,4419804.5,5283444.0,4826223.5,4388513.0,1350000.0,1791550.0,2973000.0,1632825.0,2800000.0,1950000.0,2106500.0,2404000.0,2100000.0,1750000.0,1329600.0,1480900.0,1100000.0,1311000.0,1314303.5,18478412.0,11987000.0,7584706.0,9548235.5,3499215.5,2236000.0,1456500.0,1739965.0,1970438.0,2388000.0,2318266.0,2597000.0,2848500.0,2555147.5,3055758.0,3415000.0,3574182.0,3440000.0,3492000.0,2782262.0,2395000.0,12585000.0,11300000.0,7584706.0,9481235.5,2824325.0,2236000.0,1400000.0,1524279.5,1848000.0,2250763.0,2318266.0,2597000.0,2848500.0,2516291.0,3055758.0,3525500.0,3505000.0,3500000.0,3500000.0,2782262.0,1973000.0
1.0,145.86,4404000.0,3332960.0,3400000.0,3559760.0,3824840.0,3273000.0,3049000.0,2903040.0,2837160.0,2993760.0,2967000.0,2759000.0,2812320.0,3127000.0,3000000.0,3051520.0,3200000.0,3221563.0,3550000.0,3996900.0,3141000.0,4404000.0,3332960.0,3400000.0,3559760.0,3824840.0,3273000.0,3049000.0,2903040.0,2837160.0,2993760.0,2967000.0,2759000.0,2822000.0,3127000.0,3063000.0,3138000.0,3246000.0,3260023.0,3658967.0,4051500.0,3977500.0,19719.5,3999.0,2751.0,2401.0,3325.0,4299.4555,1095.36,206.5555,105.29400000000001,86.254,85.5465,114.0915,99.67949999999999,99.135,104.4385,136.871,135.587,120.2985,115.492,77.706,5.096,7200000.0,5131037.5,4419804.5,5283444.0,4826223.5,4388513.0,1350000.0,1791550.0,2973000.0,1632825.0,2800000.0,1950000.0,2106500.0,2404000.0,2100000.0,1750000.0,1329600.0,1480900.0,1100000.0,1311000.0,1314303.5,18478412.0,11987000.0,7584706.0,9548235.5,3499215.5,2236000.0,1456500.0,1739965.0,1970438.0,2388000.0,2318266.0,2597000.0,2848500.0,2555147.5,3055758.0,3415000.0,3574182.0,3440000.0,3492000.0,2782262.0,2395000.0,12585000.0,11300000.0,7584706.0,9481235.5,2824325.0,2236000.0,1400000.0,1524279.5,1848000.0,2250763.0,2318266.0,2597000.0,2848500.0,2516291.0,3055758.0,3525500.0,3505000.0,3500000.0,3500000.0,2782262.0,1973000.0
1.0,353.86,4404000.0,3332960.0,3400000.0,3559760.0,3824840.0,3273000.0,3049000.0,2903040.0,2837160.0,2993760.0,2967000.0,2759000.0,2812320.0,3127000.0,3000000.0,3051520.0,3200000.0,3221563.0,3550000.0,3996900.0,3141000.0,4404000.0,3332960.0,3400000.0,3559760.0,3824840.0,3273000.0,3049000.0,2903040.0,2837160.0,2993760.0,2967000.0,2759000.0,2822000.0,3127000.0,3063000.0,3138000.0,3246000.0,3260023.0,3658967.0,4051500.0,3977500.0,19719.5,6.067,6.379,8.023,9.327,9.355,8.023,7.995,7.314,6.18,6.605,7.569,7.002,6.549,6.265,5.613,11.226,12.786,10.206,9.129,5.096,7200000.0,5131037.5,4419804.5,5283444.0,4826223.5,4388513.0,1350000.0,1791550.0,2973000.0,1632825.0,2800000.0,1950000.0,2106500.0,2404000.0,2100000.0,1750000.0,1329600.0,1480900.0,1100000.0,1311000.0,1314303.5,18478412.0,11300000.0,12400000.0,17100000.0,18200000.0,19200000.0,21800000.0,20900000.0,22100000.0,18700000.0,20600000.0,20300000.0,20900000.0,20800000.0,19300000.0,3415000.0,19825042.0,19594613.0,17653205.0,21093307.0,2395000.0,12585000.0,11300000.0,12400000.0,17100000.0,18200000.0,19200000.0,21800000.0,20900000.0,22100000.0,18700000.0,20600000.0,20300000.0,20900000.0,20800000.0,19300000.0,3525500.0,19825042.0,19594613.0,17653205.0,21093307.0,1973000.0
1.0,2279.37,4404000.0,3332960.0,3400000.0,3559760.0,3824840.0,3273000.0,3049000.0,2903040.0,2837160.0,2993760.0,2967000.0,2759000.0,2812320.0,3127000.0,3000000.0,3051520.0,3200000.0,3221563.0,3550000.0,3996900.0,3141000.0,4404000.0,3332960.0,3400000.0,3559760.0,3824840.0,3273000.0,3049000.0,2903040.0,2837160.0,2993760.0,2967000.0,2759000.0,2822000.0,3127000.0,3063000.0,3138000.0,3246000.0,3260023.0,3658967.0,4051500.0,3977500.0,178942.19,165107.623,168207.473,184527.726,194388.371,163700.0,174400.0,182100.0,196100.0,188950.0,165000.0,140100.0,158800.0,168600.0,178300.0,178200.0,171400.0,158100.0,160600.0,156400.0,5.096,7200000.0,5131037.5,651200.0,710000.0,752900.0,619200.0,666700.0,706700.0,759100.0,718900.0,620700.0,542300.0,620700.0,659800.0,702100.0,694600.0,656500.0,607500.0,660700.0,625500.0,1314303.5,30475000.0,30221000.0,29756000.0,29798000.0,29319000.0,29544000.0,28299000.0,28310000.0,30217000.0,32030000.0,31461000.0,29073000.0,28708000.0,29269000.0,30555000.0,30956000.0,30825000.0,29769000.0,29571000.0,29017000.0,2395000.0,30475000.0,30221000.0,29756000.0,29798000.0,29319000.0,29621000.0,28228000.0,28352000.0,30250000.0,32049000.0,31419000.0,28946000.0,28732000.0,29353000.0,30555000.0,31093000.0,30681000.0,29751000.0,29575000.0,29056000.0,1973000.0
1.0,1835.51,4404000.0,3332960.0,3400000.0,3559760.0,3824840.0,3273000.0,3049000.0,2903040.0,2837160.0,2993760.0,2967000.0,2759000.0,2812320.0,3127000.0,3000000.0,3051520.0,3200000.0,3221563.0,3550000.0,3996900.0,3141000.0,4404000.0,3332960.0,3400000.0,3559760.0,3824840.0,3273000.0,3049000.0,2903040.0,2837160.0,2993760.0,2967000.0,2759000.0,2822000.0,3127000.0,3063000.0,3138000.0,3246000.0,3260023.0,3658967.0,4051500.0,3977500.0,19719.5,3999.0,2751.0,2401.0,3325.0,4299.4555,1095.36,206.5555,105.29400000000001,86.254,85.5465,114.0915,99.67949999999999,99.135,104.4385,136.871,135.587,120.2985,115.492,77.706,5.096,7200000.0,5131037.5,4419804.5,5283444.0,4826223.5,4388513.0,1350000.0,1791550.0,2973000.0,1632825.0,2800000.0,1950000.0,2106500.0,2404000.0,2100000.0,1750000.0,1329600.0,1480900.0,1100000.0,1311000.0,1314303.5,18478412.0,11987000.0,7584706.0,9548235.5,3499215.5,2236000.0,1456500.0,1739965.0,1970438.0,2388000.0,2318266.0,2597000.0,31800000.0,31400000.0,31400000.0,31700000.0,32400000.0,33200000.0,33500000.0,34700000.0,2395000.0,12585000.0,11300000.0,7584706.0,9481235.5,2824325.0,2236000.0,1400000.0,1524279.5,1848000.0,2250763.0,2318266.0,2597000.0,31800000.0,31400000.0,31400000.0,31700000.0,32400000.0,33200000.0,33500000.0,34700000.0,1973000.0
1.0,145.86,4404000.0,3332960.0,3400000.0,3559760.0,3824840.0,3273000.0,3049000.0,2903040.0,2837160.0,2993760.0,2967000.0,2759000.0,2812320.0,3127000.0,3000000.0,3051520.0,3200000.0,3221563.0,3550000.0,3996900.0,3141000.0,4404000.0,3332960.0,3400000.0,3559760.0,3824840.0,3273000.0,3049000.0,2903040.0,2837160.0,2993760.0,2967000.0,2759000.0,2822000.0,3127000.0,3063000.0,3138000.0,3246000.0,3260023.0,3658967.0,4051500.0,3977500.0,19719.5,3999.0,2751.0,2401.0,3325.0,4299.4555,1095.36,206.5555,105.29400000000001,86.254,85.5465,114.0915,143829.0,160395.0,170568.0,167220.0,185370.0,166026.0,205824.0,195288.0,5.096,7200000.0,5131037.5,4419804.5,5283444.0,4826223.5,4388513.0,1350000.0,1791550.0,2973000.0,1632825.0,2800000.0,1950000.0,761000.0,867000.0,927000.0,929000.0,1002000.0,938000.0,1024000.0,948000.0,1314303.5,18478412.0,11987000.0,7584706.0,9548235.5,3499215.5,2236000.0,1456500.0,1739965.0,1970438.0,2388000.0,2318266.0,2597000.0,1266000.0,1455000.0,1907000.0,1147000.0,1505000.0,1800000.0,1875000.0,1646000.0,2395000.0,12585000.0,11300000.0,7584706.0,9481235.5,2824325.0,2236000.0,1400000.0,1524279.5,1848000.0,2250763.0,2318266.0,2597000.0,1266000.0,1455000.0,1907000.0,1147000.0,1505000.0,1800000.0,1875000.0,1646000.0,1973000.0
1.0,1399.78,4404000.0,3332960.0,3400000.0,3559760.0,3824840.0,3273000.0,3049000.0,2903040.0,2837160.0,2993760.0,2967000.0,2759000.0,2812320.0,3127000.0,3000000.0,3051520.0,3200000.0,3221563.0,3550000.0,3996900.0,3141000.0,4404000.0,3332960.0,3400000.0,3559760.0,3824840.0,3273000.0,3049000.0,2903040.0,2837160.0,2993760.0,2967000.0,2759000.0,2822000.0,3127000.0,3063000.0,3138000.0,3246000.0,3260023.0,3658967.0,4051500.0,3977500.0,19719.5,3999.0,2751.0,2401.0,3325.0,4299.4555,1095.36,206.5555,105.29400000000001,86.254,85.5465,114.0915,99.67949999999999,99.135,104.4385,136.871,135.587,120.2985,115.492,2.709,3.246,7200000.0,5131037.5,4419804.5,5283444.0,4826223.5,4388513.0,1350000.0,1791550.0,2973000.0,1632825.0,2800000.0,1950000.0,2106500.0,2404000.0,2100000.0,1750000.0,1329600.0,1480900.0,1100000.0,1311000.0,1314303.5,18478412.0,11987000.0,7584706.0,9548235.5,3499215.5,2236000.0,1456500.0,1739965.0,1970438.0,2388000.0,2318266.0,2597000.0,2848500.0,2555147.5,3055758.0,3415000.0,3574182.0,3440000.0,3492000.0,633896.0,707899.0,12585000.0,11300000.0,7584706.0,9481235.5,2824325.0,2236000.0,1400000.0,1524279.5,1848000.0,2250763.0,2318266.0,2597000.0,2848500.0,2516291.0,3055758.0,3525500.0,3505000.0,3500000.0,3500000.0,607116.0,659353.0
1.0,7223.39,4404000.0,3332960.0,3400000.0,3559760.0,3824840.0,3273000.0,3049000.0,2903040.0,2837160.0,2993760.0,2967000.0,2759000.0,2812320.0,3127000.0,3000000.0,3051520.0,3200000.0,3221563.0,3550000.0,3996900.0,3141000.0,4404000.0,3332960.0,3400000.0,3559760.0,3824840.0,3273000.0,3049000.0,2903040.0,2837160.0,2993760.0,2967000.0,2759000.0,2822000.0,3127000.0,3063000.0,3138000.0,3246000.0,3260023.0,3658967.0,4051500.0,3977500.0,19719.5,3999.0,2751.0,2401.0,3325.0,4299.4555,1095.36,206.5555,105.29400000000001,86.254,85.5465,114.0915,0.082,0.509,0.959,1.058,1.064,1.093,1.111,1.258,1.196,7200000.0,5131037.5,4419804.5,5283444.0,4826223.5,4388513.0,1350000.0,1791550.0,2973000.0,1632825.0,2800000.0,1950000.0,2106500.0,144602.0,278454.0,275446.0,278171.0,275078.0,268093.0,287336.0,303607.0,18478412.0,11987000.0,7584706.0,9548235.5,3499215.5,2236000.0,1456500.0,1739965.0,1970438.0,2388000.0,2318266.0,2597000.0,17000.0,127951.0,1496686.0,1474782.0,1593168.0,1530301.0,1665860.0,1624988.0,1669533.0,12585000.0,11300000.0,7584706.0,9481235.5,2824325.0,2236000.0,1400000.0,1524279.5,1848000.0,2250763.0,2318266.0,2597000.0,17000.0,128730.0,1490954.0,1465523.0,1572862.0,1623952.0,1641244.0,1619714.0,1600122.0
1.0,75.31,4404000.0,3332960.0,3400000.0,3559760.0,3824840.0,3273000.0,3049000.0,2903040.0,2837160.0,2993760.0,2967000.0,2759000.0,2812320.0,3127000.0,3000000.0,3051520.0,3200000.0,3221563.0,3550000.0,4665000.0,4677000.0,4404000.0,3332960.0,3400000.0,3559760.0,3824840.0,3273000.0,3049000.0,2903040.0,2837160.0,2993760.0,2967000.0,2759000.0,2822000.0,3127000.0,3063000.0,3138000.0,3246000.0,3260023.0,3658967.0,4665000.0,4677000.0,19719.5,3999.0,2751.0,2401.0,3325.0,4299.4555,1095.36,206.5555,105.29400000000001,86.254,85.5465,114.0915,99.67949999999999,99.135,104.4385,136.871,135.587,120.2985,115.492,77.706,5.096,7200000.0,5131037.5,4419804.5,5283444.0,4826223.5,4388513.0,1350000.0,1791550.0,2973000.0,1632825.0,2800000.0,1950000.0,2106500.0,2404000.0,2100000.0,1750000.0,1329600.0,1480900.0,1100000.0,1311000.0,1314303.5,18478412.0,11987000.0,7584706.0,9548235.5,3499215.5,2236000.0,1456500.0,1739965.0,1970438.0,2388000.0,2318266.0,2597000.0,2848500.0,2555147.5,3055758.0,3415000.0,3574182.0,3440000.0,3492000.0,2782262.0,2395000.0,12585000.0,11300000.0,7584706.0,9481235.5,2824325.0,2236000.0,1400000.0,1524279.5,1848000.0,2250763.0,2318266.0,2597000.0,2848500.0,2516291.0,3055758.0,3525500.0,3505000.0,3500000.0,3500000.0,2782262.0,1973000.0
1.0,2069.97,4404000.0,3332960.0,3400000.0,3559760.0,3824840.0,3273000.0,3049000.0,2903040.0,2837160.0,2993760.0,2967000.0,2759000.0,2812320.0,3127000.0,3000000.0,3051520.0,3200000.0,3221563.0,3550000.0,3996900.0,3141000.0,4404000.0,3332960.0,3400000.0,3559760.0,3824840.0,3273000.0,3049000.0,2903040.0,2837160.0,2993760.0,2967000.0,2759000.0,2822000.0,3127000.0,3063000.0,3138000.0,3246000.0,3260023.0,3658967.0,4051500.0,3977500.0,19719.5,3999.0,2751.0,2401.0,3325.0,4299.4555,1095.36,206.5555,105.29400000000001,86.254,85.5465,114.0915,99.67949999999999,99.135,104.4385,136.871,135.587,120.2985,115.492,77.706,5.096,7200000.0,5131037.5,4419804.5,5283444.0,4826223.5,4388513.0,1350000.0,1791550.0,2973000.0,1632825.0,2800000.0,1950000.0,2106500.0,2404000.0,2100000.0,1750000.0,1329600.0,1480900.0,1100000.0,1311000.0,1314303.5,18478412.0,11987000.0,7584706.0,9548235.5,3499215.5,2236000.0,1456500.0,1739965.0,1970438.0,2388000.0,2318266.0,2597000.0,2848500.0,2555147.5,3055758.0,3415000.0,3574182.0,3440000.0,840000.0,2780000.0,2395000.0,12585000.0,11300000.0,7584706.0,9481235.5,2824325.0,2236000.0,1400000.0,1524279.5,1848000.0,2250763.0,2318266.0,2597000.0,2848500.0,2516291.0,3055758.0,3525500.0,3505000.0,3500000.0,840000.0,2780000.0,1973000.0
1.0,145.86,4404000.0,3332960.0,3400000.0,3559760.0,3824840.0,3273000.0,3049000.0,2903040.0,2837160.0,2993760.0,2967000.0,2759000.0,2812320.0,3127000.0,3000000.0,3051520.0,3200000.0,3221563.0,3550000.0,3996900.0,3141000.0,4404000.0,3332960.0,3400000.0,3559760.0,3824840.0,3273000.0,3049000.0,2903040.0,2837160.0,2993760.0,2967000.0,2759000.0,2822000.0,3127000.0,3063000.0,3138000.0,3246000.0,3260023.0,3658967.0,4051500.0,3977500.0,19719.5,3999.0,2751.0,0.767,1.515,1.654,1.966,2.389,1.845,1.113,1.3,1.335,1.446,1.449,1.447,1.281,1.332,1.497,1.453,77.706,5.096,7200000.0,5131037.5,4419804.5,5283444.0,4826223.5,4388513.0,1350000.0,1791550.0,2973000.0,1632825.0,2800000.0,1950000.0,2106500.0,2404000.0,2100000.0,1750000.0,1329600.0,1480900.0,1100000.0,1311000.0,1314303.5,18478412.0,11987000.0,7584706.0,9548235.5,3499215.5,2236000.0,1456500.0,1739965.0,1970438.0,2388000.0,2318266.0,2597000.0,2848500.0,2555147.5,3055758.0,3415000.0,3574182.0,3440000.0,3492000.0,2782262.0,2395000.0,12585000.0,11300000.0,7584706.0,9481235.5,2824325.0,2236000.0,1400000.0,1524279.5,1848000.0,2250763.0,2318266.0,2597000.0,2848500.0,2516291.0,3055758.0,3525500.0,3505000.0,3500000.0,3500000.0,2782262.0,1973000.0
1.0,1286.07,4404000.0,3332960.0,3400000.0,3559760.0,3824840.0,3273000.0,3049000.0,2903040.0,2837160.0,2993760.0,2967000.0,2759000.0,2812320.0,3127000.0,3000000.0,3051520.0,3200000.0,3221563.0,3550000.0,3996900.0,3141000.0,4404000.0,3332960.0,3400000.0,3559760.0,3824840.0,3273000.0,3049000.0,2903040.0,2837160.0,2993760.0,2967000.0,2759000.0,2822000.0,3127000.0,3063000.0,3138000.0,3246000.0,3260023.0,3658967.0,4051500.0,3977500.0,19719.5,3999.0,2751.0,2401.0,3325.0,4299.4555,1095.36,206.5555,105.29400000000001,86.254,85.5465,114.0915,99.67949999999999,7.916,9.078,8.531,7.873,7.023,5.306,2.69,5.096,7200000.0,5131037.5,4419804.5,5283444.0,4826223.5,4388513.0,1350000.0,1791550.0,2973000.0,1632825.0,2800000.0,1950000.0,2106500.0,2404000.0,2100000.0,1750000.0,1329600.0,1480900.0,1100000.0,1311000.0,1314303.5,18478412.0,11987000.0,7584706.0,9548235.5,3499215.5,2236000.0,1456500.0,1739965.0,1970438.0,2388000.0,2318266.0,2597000.0,2848500.0,2578295.0,3111516.0,7064000.0,9199000.0,3764000.0,991000.0,1173000.0,2395000.0,12585000.0,11300000.0,7584706.0,9481235.5,2824325.0,2236000.0,1400000.0,1524279.5,1848000.0,2250763.0,2318266.0,2597000.0,2848500.0,2578295.0,3111516.0,3581000.0,3500000.0,3500000.0,3500000.0,2656000.0,1973000.0
0.0,33.2,4263840.0,4263840.0,3265920.0,3559760.0,3824840.0,3273000.0,3049000.0,2903040.0,2837160.0,2993760.0,2967000.0,2759000.0,2812320.0,3127000.0,3000000.0,3051520.0,3200000.0,3221563.0,3550000.0,3996900.0,3141000.0,4263840.0,4263840.0,3265920.0,3559760.0,3824840.0,3273000.0,3049000.0,2903040.0,2837160.0,2993760.0,2967000.0,2759000.0,2822000.0,3127000.0,3063000.0,3138000.0,3246000.0,3260023.0,3658967.0,4051500.0,3977500.0,19719.5,3999.0,2751.0,2401.0,3325.0,4299.4555,1095.36,206.5555,105.29400000000001,86.254,85.5465,114.0915,99.67949999999999,99.135,104.4385,136.871,135.587,120.2985,115.492,77.706,5.096,7200000.0,5131037.5,4419804.5,5283444.0,4826223.5,4388513.0,1350000.0,1791550.0,2973000.0,1632825.0,2800000.0,1950000.0,2106500.0,2404000.0,2100000.0,1750000.0,1329600.0,1480900.0,1100000.0,1311000.0,1314303.5,18478412.0,11987000.0,7584706.0,9548235.5,3499215.5,2236000.0,1456500.0,1739965.0,1970438.0,2388000.0,2318266.0,2597000.0,2848500.0,2555147.5,3055758.0,3415000.0,3574182.0,3440000.0,3492000.0,2782262.0,2395000.0,12585000.0,11300000.0,7584706.0,9481235.5,2824325.0,2236000.0,1400000.0,1524279.5,1848000.0,2250763.0,2318266.0,2597000.0,2848500.0,2516291.0,3055758.0,3525500.0,3505000.0,3500000.0,3500000.0,2782262.0,1973000.0
1.0,847.72,4404000.0,3332960.0,3400000.0,3559760.0,3824840.0,3273000.0,3049000.0,2903040.0,2837160.0,2993760.0,2967000.0,2759000.0,2812320.0,3127000.0,3000000.0,3051520.0,3200000.0,3221563.0,3550000.0,3996900.0,3141000.0,4404000.0,3332960.0,3400000.0,3559760.0,3824840.0,3273000.0,3049000.0,2903040.0,2837160.0,2993760.0,2967000.0,2759000.0,2822000.0,3127000.0,3063000.0,3138000.0,3246000.0,3260023.0,3658967.0,4051500.0,3977500.0,19719.5,3999.0,2751.0,2401.0,3325.0,4299.4555,1095.36,206.5555,1.624,37.306,34.488,101.098,100.107,99.135,112.691,120.275,108.615,119.766,115.492,144.953,5.096,7200000.0,5131037.5,4419804.5,5283444.0,4826223.5,4388513.0,1350000.0,1791550.0,2973000.0,1632825.0,2800000.0,1950000.0,2106500.0,2404000.0,2100000.0,1750000.0,1329600.0,1480900.0,1100000.0,1311000.0,1314303.5,18478412.0,11987000.0,7584706.0,9548235.5,3499215.5,2236000.0,1456500.0,1739965.0,2928975.0,6373148.0,5888752.0,8343791.0,5796000.0,5352000.0,6054000.0,6109000.0,6306000.0,6605000.0,6903000.0,6777000.0,2395000.0,12585000.0,11300000.0,7584706.0,9481235.5,2824325.0,2236000.0,1400000.0,1524279.5,1124174.0,5545592.0,5554293.0,6041410.0,5796000.0,5352000.0,6054000.0,6109000.0,6306000.0,6605000.0,6903000.0,6777000.0,1973000.0
1.0,2971.39,4404000.0,3332960.0,3400000.0,3559760.0,3824840.0,3273000.0,3049000.0,2903040.0,2837160.0,2993760.0,2967000.0,2759000.0,2812320.0,3127000.0,3000000.0,3051520.0,3200000.0,3221563.0,3550000.0,3996900.0,3141000.0,4404000.0,3332960.0,3400000.0,3559760.0,3824840.0,3273000.0,3049000.0,2903040.0,2837160.0,2993760.0,2967000.0,2759000.0,2822000.0,3127000.0,3063000.0,3138000.0,3246000.0,3260023.0,3658967.0,4051500.0,3977500.0,19719.5,3999.0,2751.0,2401.0,3325.0,4299.4555,1095.36,206.5555,105.29400000000001,86.254,85.5465,114.0915,99.67949999999999,99.135,104.4385,136.871,135.587,4014.0,25.453,77.706,5.096,7200000.0,5131037.5,4419804.5,5283444.0,4826223.5,4388513.0,1350000.0,1791550.0,2973000.0,1632825.0,2800000.0,1950000.0,2106500.0,2404000.0,2100000.0,1750000.0,1329600.0,1480900.0,1100000.0,1311000.0,1314303.5,18478412.0,11987000.0,7584706.0,9548235.5,3499215.5,2236000.0,1456500.0,1739965.0,1970438.0,2388000.0,2318266.0,2597000.0,2848500.0,2555147.5,3055758.0,3415000.0,3574182.0,3440000.0,1473804.0,2782262.0,2395000.0,12585000.0,11300000.0,7584706.0,9481235.5,2824325.0,2236000.0,1400000.0,1524279.5,1848000.0,2250763.0,2318266.0,2597000.0,2848500.0,2516291.0,3055758.0,3525500.0,3505000.0,3500000.0,1755847.0,2782262.0,1973000.0
1.0,1413.19,4404000.0,3332960.0,3400000.0,3559760.0,3824840.0,3273000.0,3049000.0,2903040.0,2837160.0,2993760.0,2967000.0,2759000.0,2812320.0,3127000.0,3000000.0,3051520.0,3200000.0,3221563.0,3550000.0,3996900.0,3141000.0,4404000.0,3332960.0,3400000.0,3559760.0,3824840.0,3273000.0,3049000.0,2903040.0,2837160.0,2993760.0,2967000.0,2759000.0,2822000.0,3127000.0,3063000.0,3138000.0,3246000.0,3260023.0,3658967.0,4051500.0,3977500.0,19719.5,3999.0,2751.0,2401.0,3325.0,4299.4555,1095.36,206.5555,105.29400000000001,86.254,85.5465,2.517,3.278,9.29,7.538,9.642,9.487,10.078,11.228,11.291,10.948,7200000.0,5131037.5,4419804.5,5283444.0,4826223.5,4388513.0,1350000.0,1791550.0,2973000.0,1632825.0,2800000.0,1950000.0,2106500.0,2404000.0,2100000.0,1750000.0,1329600.0,1480900.0,1100000.0,1311000.0,1314303.5,18478412.0,11987000.0,7584706.0,9548235.5,3499215.5,2236000.0,1456500.0,1739965.0,1970438.0,2388000.0,2318266.0,2027872.0,2557001.0,6147476.0,9504693.0,11070000.0,10790000.0,10850000.0,10550000.0,10140000.0,9980000.0,12585000.0,11300000.0,7584706.0,9481235.5,2824325.0,2236000.0,1400000.0,1524279.5,1848000.0,2250763.0,2318266.0,1972179.0,2541158.0,6373417.0,8585777.0,9840000.0,10250000.0,9780000.0,10040000.0,9430000.0,9370000.0
1.0,15605.89,4404000.0,3332960.0,3400000.0,3559760.0,3824840.0,3273000.0,3049000.0,2903040.0,2837160.0,2993760.0,2967000.0,2759000.0,2812320.0,3127000.0,3000000.0,3051520.0,3200000.0,3221563.0,3550000.0,3996900.0,3141000.0,4404000.0,3332960.0,3400000.0,3559760.0,3824840.0,3273000.0,3049000.0,2903040.0,2837160.0,2993760.0,2967000.0,2759000.0,2822000.0,3127000.0,3063000.0,3138000.0,3246000.0,3260023.0,3658967.0,4051500.0,3977500.0,19719.5,3999.0,2751.0,2401.0,3325.0,4299.4555,1095.36,206.5555,105.29400000000001,86.254,85.5465,114.0915,99.67949999999999,99.135,3905.0,24331.0,23417.0,21302.0,17974.0,14297.0,5.096,7200000.0,5131037.5,4419804.5,5283444.0,4826223.5,4388513.0,1350000.0,1791550.0,2973000.0,1632825.0,2800000.0,1950000.0,2106500.0,2404000.0,2100000.0,1750000.0,1329600.0,1480900.0,1100000.0,1311000.0,1314303.5,18478412.0,11987000.0,7584706.0,9548235.5,3499215.5,2236000.0,1456500.0,1739965.0,1970438.0,2388000.0,2318266.0,2597000.0,2848500.0,2555147.5,198000.0,740000.0,745000.0,760000.0,753000.0,748000.0,2395000.0,12585000.0,11300000.0,7584706.0,9481235.5,2824325.0,2236000.0,1400000.0,1524279.5,1848000.0,2250763.0,2318266.0,2597000.0,2848500.0,2516291.0,174000.0,746000.0,748000.0,754000.0,754000.0,747000.0,1973000.0
1.0,59.08,4404000.0,3332960.0,3400000.0,3559760.0,3824840.0,3273000.0,3049000.0,2903040.0,2837160.0,2993760.0,2967000.0,2759000.0,2812320.0,3127000.0,3000000.0,453600.0,1632960.0,2177280.0,1905120.0,1360800.0,3141000.0,4404000.0,3332960.0,3400000.0,3559760.0,3824840.0,3273000.0,3049000.0,2903040.0,2837160.0,2993760.0,2967000.0,2759000.0,2822000.0,3127000.0,3063000.0,453600.0,1632960.0,2177280.0,1905120.0,1360800.0,3977500.0,19719.5,3999.0,2751.0,2401.0,3325.0,4299.4555,1095.36,206.5555,105.29400000000001,86.254,85.5465,114.0915,99.67949999999999,99.135,104.4385,136.871,135.587,120.2985,115.492,77.706,5.096,7200000.0,5131037.5,4419804.5,5283444.0,4826223.5,4388513.0,1350000.0,1791550.0,2973000.0,1632825.0,2800000.0,1950000.0,2106500.0,2404000.0,2100000.0,1750000.0,1329600.0,1480900.0,1100000.0,1311000.0,1314303.5,18478412.0,11987000.0,7584706.0,9548235.5,3499215.5,2236000.0,1456500.0,1739965.0,1970438.0,2388000.0,2318266.0,2597000.0,2848500.0,2555147.5,3055758.0,3415000.0,3574182.0,3440000.0,3492000.0,2782262.0,2395000.0,12585000.0,11300000.0,7584706.0,9481235.5,2824325.0,2236000.0,1400000.0,1524279.5,1848000.0,2250763.0,2318266.0,2597000.0,2848500.0,2516291.0,3055758.0,3525500.0,3505000.0,3500000.0,3500000.0,2782262.0,1973000.0
1.0,1514.58,4404000.0,3332960.0,3400000.0,3559760.0,3824840.0,3273000.0,3049000.0,2903040.0,2837160.0,2993760.0,2967000.0,2759000.0,2812320.0,3127000.0,3000000.0,3051520.0,3200000.0,3221563.0,3550000.0,3996900.0,3141000.0,4404000.0,3332960.0,3400000.0,3559760.0,3824840.0,3273000.0,3049000.0,2903040.0,2837160.0,2993760.0,2967000.0,2759000.0,2822000.0,3127000.0,3063000.0,3138000.0,3246000.0,3260023.0,3658967.0,4051500.0,3977500.0,19719.5,3999.0,2751.0,2401.0,3325.0,4299.4555,1095.36,206.5555,105.29400000000001,86.254,85.5465,114.0915,4.27,6.483,5.614,6.597,4.786,5.48,6.857,5.97,5.338,7200000.0,5131037.5,4419804.5,5283444.0,4826223.5,4388513.0,1350000.0,1791550.0,2973000.0,1632825.0,2800000.0,1950000.0,2106500.0,2404000.0,2100000.0,1750000.0,1329600.0,1480900.0,1100000.0,1311000.0,1314303.5,18478412.0,11987000.0,7584706.0,9548235.5,3499215.5,2236000.0,1456500.0,1739965.0,1970438.0,2388000.0,2318266.0,2597000.0,4864000.0,6162417.0,6100615.0,6152571.0,5305791.0,7631852.0,10190371.0,7037887.0,5631707.0,12585000.0,11300000.0,7584706.0,9481235.5,2824325.0,2236000.0,1400000.0,1524279.5,1848000.0,2250763.0,2318266.0,2597000.0,3688000.0,5647341.0,6650421.0,6393748.0,6608457.0,6828460.0,7134985.0,6680083.0,6943145.0
1.0,2279.37,4404000.0,3332960.0,3400000.0,3559760.0,3824840.0,3273000.0,3049000.0,2903040.0,2837160.0,2993760.0,2967000.0,2759000.0,2812320.0,3127000.0,3000000.0,3051520.0,3200000.0,3221563.0,3550000.0,3996900.0,3141000.0,4404000.0,3332960.0,3400000.0,3559760.0,3824840.0,3273000.0,3049000.0,2903040.0,2837160.0,2993760.0,2967000.0,2759000.0,2822000.0,3127000.0,3063000.0,3138000.0,3246000.0,3260023.0,3658967.0,4051500.0,3977500.0,217400.0,239800.0,248200.0,249800.0,218177.93,210466.86,218631.522,166014.807,166014.807,162386.068,145149.558,124284.309,153314.221,155582.183,166468.4,146963.928,99790.321,78471.48,90718.474,81646.627,5.096,7200000.0,5131037.5,4419804.5,5283444.0,4826223.5,4388513.0,1350000.0,1791550.0,2973000.0,1632825.0,2800000.0,1950000.0,2106500.0,2404000.0,2100000.0,1750000.0,1329600.0,1480900.0,1100000.0,1311000.0,1314303.5,67786000.0,82737000.0,76831000.0,87682000.0,3499215.5,2236000.0,1456500.0,1739965.0,1970438.0,2388000.0,2318266.0,2597000.0,2848500.0,2555147.5,3055758.0,3415000.0,3574182.0,3440000.0,3492000.0,2782262.0,2395000.0,62042000.0,75875000.0,71224000.0,80604000.0,2824325.0,2236000.0,1400000.0,1524279.5,1848000.0,2250763.0,2318266.0,2597000.0,2848500.0,2516291.0,3055758.0,3525500.0,3505000.0,3500000.0,3500000.0,2782262.0,1973000.0
0.0,145.86,4404000.0,3332960.0,3400000.0,3559760.0,3824840.0,3273000.0,3049000.0,2903040.0,2837160.0,2993760.0,2967000.0,2759000.0,2812320.0,3127000.0,3000000.0,3051520.0,3200000.0,3221563.0,3550000.0,3996900.0,3141000.0,4404000.0,3332960.0,3400000.0,3559760.0,3824840.0,3273000.0,3049000.0,2903040.0,2837160.0,2993760.0,2967000.0,2759000.0,2822000.0,3127000.0,3063000.0,3138000.0,3246000.0,3260023.0,3658967.0,4051500.0,3977500.0,19719.5,3999.0,2751.0,2401.0,3325.0,4299.4555,1095.36,206.5555,105.29400000000001,86.254,85.5465,1300000.0,1397500.0,1430000.0,1495000.0,1105000.0,0.0,1170000.0,1040000.0,195000.0,5.096,7200000.0,5131037.5,4419804.5,5283444.0,4826223.5,4388513.0,1350000.0,1791550.0,2973000.0,1632825.0,1800000.0,2000000.0,2150000.0,2200000.0,2300000.0,1700000.0,0.0,1800000.0,1600000.0,300000.0,1314303.5,18478412.0,11987000.0,7584706.0,9548235.5,3499215.5,2236000.0,1456500.0,1739965.0,1970438.0,2388000.0,2318266.0,2597000.0,2848500.0,2555147.5,3055758.0,3415000.0,3574182.0,3440000.0,3492000.0,2782262.0,2395000.0,12585000.0,11300000.0,7584706.0,9481235.5,2824325.0,2236000.0,1400000.0,1524279.5,1848000.0,2250763.0,2318266.0,2597000.0,2848500.0,2516291.0,3055758.0,3525500.0,3505000.0,3500000.0,3500000.0,2782262.0,1973000.0
1.0,1185.92,4404000.0,3332960.0,3400000.0,3559760.0,3824840.0,3273000.0,3049000.0,2903040.0,2837160.0,2993760.0,2967000.0,2759000.0,2812320.0,3127000.0,3000000.0,3051520.0,3200000.0,3221563.0,3550000.0,3996900.0,3141000.0,4404000.0,3332960.0,3400000.0,3559760.0,3824840.0,3273000.0,3049000.0,2903040.0,2837160.0,2993760.0,2967000.0,2759000.0,2822000.0,3127000.0,3063000.0,3138000.0,3246000.0,3260023.0,3658967.0,4051500.0,3977500.0,19719.5,3999.0,2751.0,2401.0,3325.0,4299.4555,1095.36,206.5555,105.29400000000001,86.254,85.5465,114.0915,99.67949999999999,99.135,104.4385,8.336,8.522,9.487,10.637,77.706,5.096,7200000.0,5131037.5,4419804.5,5283444.0,4826223.5,4388513.0,1350000.0,1791550.0,2973000.0,1632825.0,2800000.0,1950000.0,2106500.0,2404000.0,2100000.0,1750000.0,1329600.0,1480900.0,1100000.0,1311000.0,1314303.5,18478412.0,11987000.0,7584706.0,9548235.5,3499215.5,2236000.0,1456500.0,1739965.0,1970438.0,2388000.0,2318266.0,2597000.0,2848500.0,2555147.5,3055758.0,1381000.0,1688000.0,1812000.0,1875000.0,2782262.0,2395000.0,12585000.0,11300000.0,7584706.0,9481235.5,2824325.0,2236000.0,1400000.0,1524279.5,1848000.0,2250763.0,2318266.0,2597000.0,2848500.0,2516291.0,3055758.0,1707000.0,1688000.0,1812000.0,1875000.0,2782262.0,1973000.0
1.0,35.37,4404000.0,3332960.0,3400000.0,181440.0,272160.0,1088640.0,997920.0,907200.0,997920.0,1088640.0,907200.0,2759000.0,2812320.0,3127000.0,3000000.0,3051520.0,3200000.0,3221563.0,3550000.0,3996900.0,3141000.0,4404000.0,3332960.0,3400000.0,181440.0,272160.0,1088640.0,997920.0,907200.0,997920.0,1088640.0,907200.0,2759000.0,2822000.0,3127000.0,3063000.0,3138000.0,3246000.0,3260023.0,3658967.0,4051500.0,3977500.0,19719.5,3999.0,2751.0,2401.0,3325.0,4299.4555,1095.36,206.5555,105.29400000000001,86.254,85.5465,114.0915,99.67949999999999,99.135,104.4385,136.871,135.587,120.2985,115.492,77.706,5.096,7200000.0,5131037.5,4419804.5,5283444.0,4826223.5,4388513.0,1350000.0,1791550.0,2973000.0,1632825.0,2800000.0,1950000.0,2106500.0,2404000.0,2100000.0,1750000.0,1329600.0,1480900.0,1100000.0,1311000.0,1314303.5,18478412.0,11987000.0,7584706.0,9548235.5,3499215.5,2236000.0,1456500.0,1739965.0,1970438.0,2388000.0,2318266.0,2597000.0,2848500.0,2555147.5,3055758.0,3415000.0,3574182.0,3440000.0,3492000.0,2782262.0,2395000.0,12585000.0,11300000.0,7584706.0,9481235.5,2824325.0,2236000.0,1400000.0,1524279.5,1848000.0,2250763.0,2318266.0,2597000.0,2848500.0,2516291.0,3055758.0,3525500.0,3505000.0,3500000.0,3500000.0,2782262.0,1973000.0
0.0,36.19,4404000.0,3332960.0,3400000.0,3559760.0,3824840.0,3273000.0,3049000.0,2903040.0,2837160.0,2993760.0,2967000.0,2759000.0,2812320.0,3127000.0,3000000.0,3051520.0,3200000.0,3221563.0,3550000.0,3996900.0,3141000.0,4404000.0,3332960.0,3400000.0,3559760.0,3824840.0,3273000.0,3049000.0,2903040.0,2837160.0,2993760.0,2967000.0,2759000.0,2822000.0,3127000.0,3063000.0,3138000.0,3246000.0,3260023.0,3658967.0,4051500.0,3977500.0,19719.5,3999.0,2751.0,2401.0,3325.0,4299.4555,1095.36,206.5555,105.29400000000001,86.254,85.5465,114.0915,99.67949999999999,99.135,104.4385,136.871,135.587,120.2985,115.492,77.706,5.096,7600000.0,5791468.0,3657769.0,5283444.0,5486654.0,4877026.0,4978630.0,4978630.0,4673816.0,1632825.0,2800000.0,1950000.0,2106500.0,3048141.0,4369002.0,3048141.0,2844932.0,1480900.0,1100000.0,1311000.0,1314303.5,18478412.0,11987000.0,7584706.0,9548235.5,3499215.5,2236000.0,1456500.0,1739965.0,1970438.0,2388000.0,2318266.0,2597000.0,2848500.0,2555147.5,3055758.0,3415000.0,3574182.0,3440000.0,3492000.0,2782262.0,2395000.0,12585000.0,11300000.0,7584706.0,9481235.5,2824325.0,2236000.0,1400000.0,1524279.5,1848000.0,2250763.0,2318266.0,2597000.0,2848500.0,2516291.0,3055758.0,3525500.0,3505000.0,3500000.0,3500000.0,2782262.0,1973000.0
1.0,33.2,4404000.0,5546000.0,5308000.0,6485000.0,8088000.0,8870000.0,7701000.0,8011000.0,4928000.0,7584000.0,2967000.0,2759000.0,2812320.0,3127000.0,3000000.0,3051520.0,3200000.0,3221563.0,3550000.0,3996900.0,3141000.0,4404000.0,5546000.0,5308000.0,6485000.0,8088000.0,8870000.0,7701000.0,8011000.0,4928000.0,7584000.0,2967000.0,2759000.0,2822000.0,3127000.0,3063000.0,3138000.0,3246000.0,3260023.0,3658967.0,4051500.0,3977500.0,19719.5,3999.0,2751.0,2401.0,3325.0,4299.4555,1095.36,206.5555,105.29400000000001,86.254,85.5465,114.0915,99.67949999999999,99.135,104.4385,136.871,135.587,120.2985,115.492,77.706,5.096,7200000.0,5131037.5,4419804.5,5283444.0,4826223.5,4388513.0,1350000.0,1791550.0,2973000.0,1632825.0,2800000.0,1950000.0,2106500.0,2404000.0,2100000.0,1750000.0,1329600.0,1480900.0,1100000.0,1311000.0,1314303.5,18478412.0,11987000.0,7584706.0,9548235.5,3499215.5,2236000.0,1456500.0,1739965.0,1970438.0,2388000.0,2318266.0,2597000.0,2848500.0,2555147.5,3055758.0,3415000.0,3574182.0,3440000.0,3492000.0,2782262.0,2395000.0,12585000.0,11300000.0,7584706.0,9481235.5,2824325.0,2236000.0,1400000.0,1524279.5,1848000.0,2250763.0,2318266.0,2597000.0,2848500.0,2516291.0,3055758.0,3525500.0,3505000.0,3500000.0,3500000.0,2782262.0,1973000.0
1.0,16.06,4404000.0,3332960.0,3400000.0,3559760.0,3824840.0,3273000.0,3049000.0,2903040.0,2837160.0,2993760.0,2967000.0,2759000.0,2812320.0,3127000.0,3000000.0,3051520.0,3200000.0,3221563.0,3550000.0,3996900.0,3141000.0,4404000.0,3332960.0,3400000.0,3559760.0,3824840.0,3273000.0,3049000.0,2903040.0,2837160.0,2993760.0,2967000.0,2759000.0,2822000.0,3127000.0,3063000.0,3138000.0,3246000.0,3260023.0,3658967.0,4051500.0,3977500.0,19719.5,3999.0,2751.0,2401.0,3325.0,4299.4555,1095.36,206.5555,105.29400000000001,86.254,85.5465,114.0915,99.67949999999999,99.135,104.4385,547.146,558.486,255.146,115.492,77.706,5.096,7200000.0,5131037.5,4419804.5,5283444.0,4826223.5,4388513.0,1350000.0,1791550.0,2973000.0,1632825.0,2800000.0,1950000.0,2106500.0,2404000.0,2100000.0,23800.0,22500.0,9400.0,1100000.0,1311000.0,1314303.5,18478412.0,11987000.0,7584706.0,9548235.5,3499215.5,2236000.0,1456500.0,1739965.0,1970438.0,2388000.0,2318266.0,2597000.0,2848500.0,2555147.5,3055758.0,3415000.0,3574182.0,3440000.0,3492000.0,2782262.0,2395000.0,12585000.0,11300000.0,7584706.0,9481235.5,2824325.0,2236000.0,1400000.0,1524279.5,1848000.0,2250763.0,2318266.0,2597000.0,2848500.0,2516291.0,3055758.0,3525500.0,3505000.0,3500000.0,3500000.0,2782262.0,1973000.0
1.0,2060.97,4404000.0,3332960.0,3400000.0,3559760.0,3824840.0,3273000.0,3049000.0,2903040.0,2837160.0,2993760.0,2967000.0,2759000.0,2812320.0,3127000.0,3000000.0,3051520.0,3200000.0,3221563.0,3550000.0,3996900.0,3141000.0,4404000.0,3332960.0,3400000.0,3559760.0,3824840.0,3273000.0,3049000.0,2903040.0,2837160.0,2993760.0,2967000.0,2759000.0,2822000.0,3127000.0,3063000.0,3138000.0,3246000.0,3260023.0,3658967.0,4051500.0,3977500.0,19719.5,90.662,84.51,134.037,162.925,186.115,188.411,223.111,174.832,153.768,174.066,122.668,99.252,114.305,138.431,136.418,169.275,161.791,267.421,77.706,5.096,7200000.0,5131037.5,4419804.5,5283444.0,4826223.5,4388513.0,1350000.0,1791550.0,2973000.0,1632825.0,2800000.0,1950000.0,2106500.0,2404000.0,2100000.0,1750000.0,1329600.0,1480900.0,1100000.0,1311000.0,1314303.5,18478412.0,11987000.0,7584706.0,9548235.5,3499215.5,2236000.0,1456500.0,1739965.0,1970438.0,2388000.0,2318266.0,2597000.0,2848500.0,2555147.5,3055758.0,3415000.0,3574182.0,3440000.0,3492000.0,2782262.0,2395000.0,12585000.0,11300000.0,7584706.0,9481235.5,2824325.0,2236000.0,1400000.0,1524279.5,1848000.0,2250763.0,2318266.0,2597000.0,2848500.0,2516291.0,3055758.0,3525500.0,3505000.0,3500000.0,3500000.0,2782262.0,1973000.0
1.0,43.21,4404000.0,8400000.0,8000000.0,7900000.0,7800000.0,7800000.0,7600000.0,6900000.0,6900000.0,7000000.0,6600000.0,6300000.0,6100000.0,5600000.0,5195534.0,5955768.0,5475859.0,5713546.0,3550000.0,3996900.0,3141000.0,4404000.0,8400000.0,8000000.0,7900000.0,7800000.0,7800000.0,7600000.0,6900000.0,6900000.0,7000000.0,6600000.0,6300000.0,6100000.0,5600000.0,5195534.0,5955768.0,5475859.0,5713546.0,3658967.0,4051500.0,3977500.0,19719.5,3999.0,2751.0,2401.0,3325.0,4299.4555,1095.36,206.5555,105.29400000000001,86.254,85.5465,114.0915,99.67949999999999,99.135,104.4385,136.871,135.587,120.2985,115.492,77.706,5.096,7200000.0,5131037.5,4419804.5,5283444.0,4826223.5,4388513.0,1350000.0,1791550.0,2973000.0,1632825.0,2800000.0,1950000.0,2106500.0,2404000.0,2100000.0,1750000.0,1329600.0,1480900.0,1100000.0,1311000.0,1314303.5,18478412.0,11987000.0,7584706.0,9548235.5,3499215.5,2236000.0,1456500.0,1739965.0,1970438.0,2388000.0,2318266.0,2597000.0,2848500.0,2555147.5,3055758.0,3415000.0,3574182.0,3440000.0,3492000.0,2782262.0,2395000.0,12585000.0,11300000.0,7584706.0,9481235.5,2824325.0,2236000.0,1400000.0,1524279.5,1848000.0,2250763.0,2318266.0,2597000.0,2848500.0,2516291.0,3055758.0,3525500.0,3505000.0,3500000.0,3500000.0,2782262.0,1973000.0
0.0,151.08,4404000.0,3332960.0,3400000.0,3559760.0,3824840.0,3273000.0,3049000.0,2903040.0,2837160.0,2993760.0,2967000.0,2759000.0,2812320.0,3127000.0,3000000.0,3051520.0,3200000.0,3221563.0,3550000.0,3996900.0,3141000.0,4404000.0,3332960.0,3400000.0,3559760.0,3824840.0,3273000.0,3049000.0,2903040.0,2837160.0,2993760.0,2967000.0,2759000.0,2822000.0,3127000.0,3063000.0,3138000.0,3246000.0,3260023.0,3658967.0,4051500.0,3977500.0,19719.5,3999.0,2751.0,2401.0,3325.0,4299.4555,1095.36,206.5555,105.29400000000001,86.254,85.5465,114.0915,99.67949999999999,99.135,104.4385,136.871,135.587,120.2985,115.492,77.706,5.096,7200000.0,5131037.5,4419804.5,5283444.0,4826223.5,4388513.0,1350000.0,1791550.0,2973000.0,1632825.0,2800000.0,1950000.0,1646000.0,2467000.0,2735000.0,3512000.0,3895000.0,3291000.0,3507000.0,2473000.0,2325000.0,18478412.0,11987000.0,7584706.0,9548235.5,3499215.5,2236000.0,1456500.0,1739965.0,1970438.0,2388000.0,2318266.0,300000.0,2368000.0,2532000.0,2917000.0,4233000.0,4595000.0,1899000.0,4085000.0,1892000.0,0.0,12585000.0,11300000.0,7584706.0,9481235.5,2824325.0,2236000.0,1400000.0,1524279.5,1848000.0,2250763.0,2318266.0,300000.0,2368000.0,2532000.0,2917000.0,4233000.0,4595000.0,1899000.0,4085000.0,1892000.0,0.0
1.0,33.2,6985440.0,6985440.0,6894720.0,7257600.0,6894720.0,6985440.0,7439040.0,7166880.0,6804000.0,7348320.0,6894720.0,6804000.0,7257600.0,6985440.0,7076160.0,7257600.0,6531840.0,6531840.0,7620480.0,6713280.0,3141000.0,6985440.0,6985440.0,6894720.0,7257600.0,6894720.0,6985440.0,7439040.0,7166880.0,6804000.0,7348320.0,6894720.0,6804000.0,7257600.0,6985440.0,7076160.0,7257600.0,6531840.0,6531840.0,7620480.0,6713280.0,3977500.0,19719.5,3999.0,2751.0,2401.0,3325.0,4299.4555,1095.36,206.5555,105.29400000000001,86.254,85.5465,114.0915,99.67949999999999,99.135,104.4385,136.871,135.587,120.2985,115.492,77.706,5.096,7200000.0,5131037.5,4419804.5,5283444.0,4826223.5,4388513.0,1350000.0,1791550.0,2973000.0,1632825.0,2800000.0,1950000.0,2106500.0,2404000.0,2100000.0,1750000.0,1329600.0,1480900.0,1100000.0,1311000.0,1314303.5,18478412.0,11987000.0,7584706.0,9548235.5,3499215.5,2236000.0,1456500.0,1739965.0,1970438.0,2388000.0,2318266.0,2597000.0,2848500.0,2555147.5,3055758.0,3415000.0,3574182.0,3440000.0,3492000.0,2782262.0,2395000.0,12585000.0,11300000.0,7584706.0,9481235.5,2824325.0,2236000.0,1400000.0,1524279.5,1848000.0,2250763.0,2318266.0,2597000.0,2848500.0,2516291.0,3055758.0,3525500.0,3505000.0,3500000.0,3500000.0,2782262.0,1973000.0
1.0,1292.59,4404000.0,3332960.0,3400000.0,3559760.0,3824840.0,3273000.0,3049000.0,2903040.0,2837160.0,2993760.0,2967000.0,2759000.0,2812320.0,3127000.0,3000000.0,3051520.0,3200000.0,3221563.0,3550000.0,3996900.0,3141000.0,4404000.0,3332960.0,3400000.0,3559760.0,3824840.0,3273000.0,3049000.0,2903040.0,2837160.0,2993760.0,2967000.0,2759000.0,2822000.0,3127000.0,3063000.0,3138000.0,3246000.0,3260023.0,3658967.0,4051500.0,3977500.0,19719.5,3999.0,2751.0,2401.0,3325.0,4299.4555,1095.36,206.5555,105.29400000000001,86.254,85.5465,114.0915,99.67949999999999,99.135,104.4385,136.871,135.587,0.064,1.301,1.813,1.892,7200000.0,5131037.5,4419804.5,5283444.0,4826223.5,4388513.0,1350000.0,1791550.0,2973000.0,1632825.0,2800000.0,1950000.0,2106500.0,2404000.0,2100000.0,1750000.0,1329600.0,1480900.0,1100000.0,1311000.0,1314303.5,18478412.0,11987000.0,7584706.0,9548235.5,3499215.5,2236000.0,1456500.0,1739965.0,1970438.0,2388000.0,2318266.0,2597000.0,2848500.0,2555147.5,3055758.0,3415000.0,3574182.0,47931.0,606449.0,868145.0,497578.0,12585000.0,11300000.0,7584706.0,9481235.5,2824325.0,2236000.0,1400000.0,1524279.5,1848000.0,2250763.0,2318266.0,2597000.0,2848500.0,2516291.0,3055758.0,3525500.0,3505000.0,70505.0,845180.0,849853.0,865254.0
1.0,33.2,14696640.0,14243040.0,14333760.0,14515200.0,13698720.0,13608000.0,13880160.0,13426560.0,13335840.0,13698720.0,13245120.0,12247200.0,11884320.0,12519360.0,12972960.0,13063680.0,12791520.0,13335840.0,12882240.0,12247200.0,3141000.0,14696640.0,14243040.0,14333760.0,14515200.0,13698720.0,13608000.0,13880160.0,13426560.0,13335840.0,13698720.0,13245120.0,12247200.0,11884320.0,12519360.0,12972960.0,13063680.0,12791520.0,13335840.0,12882240.0,12247200.0,3977500.0,19719.5,3999.0,2751.0,2401.0,3325.0,4299.4555,1095.36,206.5555,105.29400000000001,86.254,85.5465,114.0915,99.67949999999999,99.135,104.4385,136.871,135.587,120.2985,115.492,77.706,5.096,7200000.0,5131037.5,4419804.5,5283444.0,4826223.5,4388513.0,1350000.0,1791550.0,2973000.0,1632825.0,2800000.0,1950000.0,2106500.0,2404000.0,2100000.0,1750000.0,1329600.0,1480900.0,1100000.0,1311000.0,1314303.5,18478412.0,11987000.0,7584706.0,9548235.5,3499215.5,2236000.0,1456500.0,1739965.0,1970438.0,2388000.0,2318266.0,2597000.0,2848500.0,2555147.5,3055758.0,3415000.0,3574182.0,3440000.0,3492000.0,2782262.0,2395000.0,12585000.0,11300000.0,7584706.0,9481235.5,2824325.0,2236000.0,1400000.0,1524279.5,1848000.0,2250763.0,2318266.0,2597000.0,2848500.0,2516291.0,3055758.0,3525500.0,3505000.0,3500000.0,3500000.0,2782262.0,1973000.0
1.0,14.58,4404000.0,3332960.0,3400000.0,3559760.0,3824840.0,3273000.0,3049000.0,2903040.0,2837160.0,2993760.0,2967000.0,2759000.0,2812320.0,3127000.0,3000000.0,3051520.0,3200000.0,3221563.0,3550000.0,3996900.0,3141000.0,4404000.0,3332960.0,3400000.0,3559760.0,3824840.0,3273000.0,3049000.0,2903040.0,2837160.0,2993760.0,2967000.0,2759000.0,2822000.0,3127000.0,3063000.0,3138000.0,3246000.0,3260023.0,3658967.0,4051500.0,3977500.0,19719.5,3999.0,2751.0,2401.0,3325.0,4299.4555,1095.36,206.5555,0.679,0.699,1017.918,858.849,747.945,645.349,569.769,442.593,449.765,468.107,428.56,77.706,5.096,7200000.0,5131037.5,4419804.5,5283444.0,4826223.5,4388513.0,1350000.0,1791550.0,2973000.0,1632825.0,2800000.0,1950000.0,2106500.0,2404000.0,2100000.0,1750000.0,1329600.0,1480900.0,1100000.0,1311000.0,1314303.5,18478412.0,11987000.0,7584706.0,9548235.5,3499215.5,2236000.0,1456500.0,1739965.0,1970438.0,2388000.0,2554000.0,2584000.0,2738000.0,2703000.0,2625000.0,2410000.0,2373000.0,2447000.0,2443000.0,2782262.0,2395000.0,12585000.0,11300000.0,7584706.0,9481235.5,2824325.0,2236000.0,1400000.0,1524279.5,1848000.0,2250763.0,2554000.0,2584000.0,2738000.0,2703000.0,2625000.0,2410000.0,2373000.0,2447000.0,2443000.0,2782262.0,1973000.0
1.0,7459.11,4404000.0,3332960.0,3400000.0,3559760.0,3824840.0,3273000.0,3049000.0,2903040.0,2837160.0,2993760.0,2967000.0,2759000.0,2812320.0,3127000.0,3000000.0,3051520.0,3200000.0,3221563.0,3550000.0,3996900.0,3141000.0,4404000.0,3332960.0,3400000.0,3559760.0,3824840.0,3273000.0,3049000.0,2903040.0,2837160.0,2993760.0,2967000.0,2759000.0,2822000.0,3127000.0,3063000.0,3138000.0,3246000.0,3260023.0,3658967.0,4051500.0,3977500.0,19719.5,3999.0,2751.0,2401.0,3325.0,4299.4555,1095.36,8712.0,80177.0,92353.0,47508.0,114.0915,99.67949999999999,99.135,104.4385,136.871,135.587,120.2985,115.492,77.706,5.096,7200000.0,5131037.5,4419804.5,5283444.0,4826223.5,4388513.0,1350000.0,1791550.0,2973000.0,1632825.0,2800000.0,1950000.0,2106500.0,2404000.0,2100000.0,1750000.0,1329600.0,1480900.0,1100000.0,1311000.0,1314303.5,18478412.0,11987000.0,7584706.0,9548235.5,3499215.5,2236000.0,1456500.0,3725000.0,6521000.0,8068000.0,5425000.0,2597000.0,2848500.0,2555147.5,3055758.0,3415000.0,3574182.0,3440000.0,3492000.0,2782262.0,2395000.0,12585000.0,11300000.0,7584706.0,9481235.5,2824325.0,2236000.0,1400000.0,835000.0,7122000.0,8068000.0,5425000.0,2597000.0,2848500.0,2516291.0,3055758.0,3525500.0,3505000.0,3500000.0,3500000.0,2782262.0,1973000.0
1.0,6764.45,4404000.0,3332960.0,3400000.0,3559760.0,3824840.0,3273000.0,3049000.0,2903040.0,2837160.0,2993760.0,2967000.0,2759000.0,2812320.0,3127000.0,3000000.0,3051520.0,3200000.0,3221563.0,3550000.0,3996900.0,3141000.0,4404000.0,3332960.0,3400000.0,3559760.0,3824840.0,3273000.0,3049000.0,2903040.0,2837160.0,2993760.0,2967000.0,2759000.0,2822000.0,3127000.0,3063000.0,3138000.0,3246000.0,3260023.0,3658967.0,4051500.0,3977500.0,19719.5,3999.0,2751.0,2401.0,3325.0,4299.4555,1095.36,206.5555,67732.0,148026.0,117052.0,118078.0,133000.0,128170.0,121012.0,125009.0,121712.0,122737.0,107247.0,77.706,5.096,7200000.0,5131037.5,4419804.5,5283444.0,4826223.5,4388513.0,1350000.0,1791550.0,2973000.0,1632825.0,2800000.0,1950000.0,2106500.0,2404000.0,2100000.0,1750000.0,1329600.0,1480900.0,1100000.0,1311000.0,1314303.5,18478412.0,11987000.0,7584706.0,9548235.5,3499215.5,2236000.0,1456500.0,1739965.0,1970438.0,2388000.0,2318266.0,2597000.0,2848500.0,2555147.5,3055758.0,3415000.0,3574182.0,3440000.0,3492000.0,2782262.0,2395000.0,12585000.0,11300000.0,7584706.0,9481235.5,2824325.0,2236000.0,1400000.0,1524279.5,1848000.0,2250763.0,2318266.0,2597000.0,2848500.0,2516291.0,3055758.0,3525500.0,3505000.0,3500000.0,3500000.0,2782262.0,1973000.0
1.0,35.37,4404000.0,3332960.0,3400000.0,1800000.0,2100000.0,2600000.0,2600000.0,2400000.0,1800000.0,3100000.0,3200000.0,3500000.0,3300000.0,5200000.0,5047207.0,5211864.0,5104814.0,5044032.0,3550000.0,3996900.0,3141000.0,4404000.0,3332960.0,3400000.0,1800000.0,2100000.0,2600000.0,2600000.0,2400000.0,1800000.0,3100000.0,3200000.0,3500000.0,3300000.0,5200000.0,5047207.0,5211864.0,5104814.0,5044032.0,3658967.0,4051500.0,3977500.0,19719.5,3999.0,2751.0,2401.0,3325.0,4299.4555,1095.36,206.5555,105.29400000000001,86.254,85.5465,114.0915,99.67949999999999,99.135,104.4385,136.871,135.587,120.2985,115.492,77.706,5.096,7200000.0,5131037.5,4419804.5,5283444.0,4826223.5,4388513.0,1350000.0,1791550.0,2973000.0,1632825.0,2800000.0,1950000.0,2106500.0,2404000.0,2100000.0,1750000.0,1329600.0,1480900.0,1100000.0,1311000.0,1314303.5,18478412.0,11987000.0,7584706.0,9548235.5,3499215.5,2236000.0,1456500.0,1739965.0,1970438.0,2388000.0,2318266.0,2597000.0,2848500.0,2555147.5,3055758.0,3415000.0,3574182.0,3440000.0,3492000.0,2782262.0,2395000.0,12585000.0,11300000.0,7584706.0,9481235.5,2824325.0,2236000.0,1400000.0,1524279.5,1848000.0,2250763.0,2318266.0,2597000.0,2848500.0,2516291.0,3055758.0,3525500.0,3505000.0,3500000.0,3500000.0,2782262.0,1973000.0
1.0,7534.78,4404000.0,3332960.0,3400000.0,3559760.0,3824840.0,3273000.0,3049000.0,2903040.0,2837160.0,2993760.0,2967000.0,2759000.0,2812320.0,3127000.0,3000000.0,3051520.0,3200000.0,3221563.0,3550000.0,3996900.0,3141000.0,4404000.0,3332960.0,3400000.0,3559760.0,3824840.0,3273000.0,3049000.0,2903040.0,2837160.0,2993760.0,2967000.0,2759000.0,2822000.0,3127000.0,3063000.0,3138000.0,3246000.0,3260023.0,3658967.0,4051500.0,3977500.0,19719.5,3999.0,2751.0,2401.0,3325.0,4299.4555,1095.36,206.5555,105.29400000000001,86.254,85.5465,114.0915,33.685,30.938,30.116,43.427,135.587,120.2985,115.492,77.706,5.096,7200000.0,5131037.5,4419804.5,5283444.0,4826223.5,4388513.0,1350000.0,1791550.0,2973000.0,1632825.0,2800000.0,1950000.0,2106500.0,2404000.0,2100000.0,1750000.0,1329600.0,1480900.0,1100000.0,1311000.0,1314303.5,18478412.0,11987000.0,7584706.0,9548235.5,3499215.5,2236000.0,1456500.0,1739965.0,1970438.0,2388000.0,1354026.0,1705622.0,1703886.0,2443716.0,1739111.0,1807866.0,3574182.0,3440000.0,3492000.0,2782262.0,2395000.0,12585000.0,11300000.0,7584706.0,9481235.5,2824325.0,2236000.0,1400000.0,1524279.5,1848000.0,2250763.0,1597026.0,1566511.0,1668080.0,1766157.0,1262975.0,1562232.0,3505000.0,3500000.0,3500000.0,2782262.0,1973000.0
1.0,847.72,4404000.0,3332960.0,3400000.0,3559760.0,3824840.0,3273000.0,3049000.0,2903040.0,2837160.0,2993760.0,2967000.0,2759000.0,2812320.0,3127000.0,3000000.0,3051520.0,3200000.0,3221563.0,3550000.0,3996900.0,3141000.0,4404000.0,3332960.0,3400000.0,3559760.0,3824840.0,3273000.0,3049000.0,2903040.0,2837160.0,2993760.0,2967000.0,2759000.0,2822000.0,3127000.0,3063000.0,3138000.0,3246000.0,3260023.0,3658967.0,4051500.0,3977500.0,19719.5,3999.0,2751.0,2401.0,3325.0,4299.4555,1095.36,206.5555,1.625,4.212,5.218,3.834,0.0,0.589,2.842,3.267,3.416,3.366,3.429,3.987,5.096,7200000.0,5131037.5,4419804.5,5283444.0,4826223.5,4388513.0,1350000.0,1791550.0,2973000.0,1632825.0,2800000.0,1950000.0,2106500.0,2404000.0,2100000.0,1750000.0,1329600.0,1480900.0,1100000.0,1311000.0,1314303.5,18478412.0,11987000.0,7584706.0,9548235.5,3499215.5,2236000.0,1456500.0,1739965.0,1118543.0,2614645.0,2781564.0,2476515.0,0.0,527654.0,2116777.0,2312567.0,2545300.0,2572014.0,2624682.0,2784524.0,2395000.0,12585000.0,11300000.0,7584706.0,9481235.5,2824325.0,2236000.0,1400000.0,1524279.5,1118543.0,2614645.0,2781564.0,2476515.0,0.0,527654.0,2116777.0,2312567.0,2545300.0,2572014.0,2624682.0,2784524.0,1973000.0
1.0,2501.98,4404000.0,3332960.0,3400000.0,3559760.0,3824840.0,3273000.0,3049000.0,2903040.0,2837160.0,2993760.0,2967000.0,2759000.0,2812320.0,3127000.0,3000000.0,3051520.0,3200000.0,3221563.0,3550000.0,3996900.0,3141000.0,4404000.0,3332960.0,3400000.0,3559760.0,3824840.0,3273000.0,3049000.0,2903040.0,2837160.0,2993760.0,2967000.0,2759000.0,2822000.0,3127000.0,3063000.0,3138000.0,3246000.0,3260023.0,3658967.0,4051500.0,3977500.0,19719.5,3999.0,2751.0,2401.0,3325.0,4299.4555,1095.36,206.5555,105.29400000000001,86.254,85.5465,114.0915,99.67949999999999,99.135,104.4385,136.871,135.587,120.2985,115.492,77.706,5.096,7200000.0,5131037.5,4419804.5,5283444.0,4826223.5,4388513.0,1350000.0,1791550.0,2973000.0,1632825.0,2800000.0,1950000.0,2106500.0,2404000.0,2100000.0,1750000.0,1329600.0,1480900.0,1100000.0,1311000.0,1314303.5,18478412.0,11987000.0,7584706.0,9548235.5,3499215.5,2236000.0,1456500.0,1739965.0,6245000.0,7185000.0,7190000.0,7246000.0,7944000.0,8029000.0,6528000.0,7497000.0,9091000.0,11201000.0,12540000.0,2782262.0,2395000.0,12585000.0,11300000.0,7584706.0,9481235.5,2824325.0,2236000.0,1400000.0,1524279.5,6245000.0,7185000.0,7190000.0,7246000.0,7944000.0,8029000.0,6528000.0,7497000.0,9091000.0,11201000.0,12540000.0,2782262.0,1973000.0
0.0,33.2,6498000.0,7252000.0,4880000.0,5050000.0,5718000.0,5424000.0,5220000.0,4924000.0,4220000.0,5524000.0,4796000.0,5434000.0,2822000.0,5046000.0,5930000.0,6588000.0,2658000.0,3221563.0,3550000.0,3996900.0,3141000.0,6498000.0,7252000.0,4880000.0,5050000.0,5718000.0,5424000.0,5220000.0,4924000.0,4220000.0,5524000.0,4796000.0,5434000.0,2822000.0,5046000.0,5930000.0,6588000.0,2658000.0,3260023.0,3658967.0,4051500.0,3977500.0,19719.5,3999.0,2751.0,2401.0,3325.0,4299.4555,1095.36,206.5555,105.29400000000001,86.254,85.5465,114.0915,99.67949999999999,99.135,104.4385,136.871,135.587,120.2985,115.492,77.706,5.096,7200000.0,5131037.5,4419804.5,5283444.0,4826223.5,4388513.0,1350000.0,1791550.0,2973000.0,1632825.0,2800000.0,1950000.0,2106500.0,2404000.0,2100000.0,1750000.0,1329600.0,1480900.0,1100000.0,1311000.0,1314303.5,18478412.0,11987000.0,7584706.0,9548235.5,3499215.5,2236000.0,1456500.0,1739965.0,1970438.0,2388000.0,2318266.0,2597000.0,2848500.0,2555147.5,3055758.0,3415000.0,3574182.0,3440000.0,3492000.0,2782262.0,2395000.0,12585000.0,11300000.0,7584706.0,9481235.5,2824325.0,2236000.0,1400000.0,1524279.5,1848000.0,2250763.0,2318266.0,2597000.0,2848500.0,2516291.0,3055758.0,3525500.0,3505000.0,3500000.0,3500000.0,2782262.0,1973000.0
1.0,85.86,4404000.0,3332960.0,3400000.0,3559760.0,3824840.0,3273000.0,3049000.0,2903040.0,2837160.0,2993760.0,2967000.0,2759000.0,3160000.0,3110000.0,2830000.0,2390000.0,2450000.0,2500000.0,3550000.0,3996900.0,3141000.0,4404000.0,3332960.0,3400000.0,3559760.0,3824840.0,3273000.0,3049000.0,2903040.0,2837160.0,2993760.0,2967000.0,2759000.0,3160000.0,3110000.0,2830000.0,2390000.0,2450000.0,2500000.0,3658967.0,4051500.0,3977500.0,19719.5,3999.0,2751.0,2401.0,3325.0,4299.4555,1095.36,206.5555,105.29400000000001,86.254,85.5465,114.0915,99.67949999999999,99.135,104.4385,136.871,135.587,120.2985,115.492,77.706,5.096,7200000.0,5131037.5,4419804.5,5283444.0,4826223.5,4388513.0,1350000.0,1791550.0,2973000.0,1632825.0,2800000.0,1950000.0,2106500.0,2404000.0,2100000.0,1750000.0,1329600.0,1480900.0,1100000.0,1311000.0,1314303.5,18478412.0,11987000.0,7584706.0,9548235.5,3499215.5,2236000.0,1456500.0,1739965.0,1970438.0,2388000.0,2318266.0,2597000.0,2848500.0,2555147.5,3055758.0,3415000.0,3574182.0,3440000.0,3492000.0,2782262.0,2395000.0,12585000.0,11300000.0,7584706.0,9481235.5,2824325.0,2236000.0,1400000.0,1524279.5,1848000.0,2250763.0,2318266.0,2597000.0,2848500.0,2516291.0,3055758.0,3525500.0,3505000.0,3500000.0,3500000.0,2782262.0,1973000.0
1.0,1008.67,4404000.0,3332960.0,3400000.0,3559760.0,3824840.0,3273000.0,3049000.0,2903040.0,2837160.0,2993760.0,2967000.0,2759000.0,2812320.0,3127000.0,3000000.0,3051520.0,3200000.0,3221563.0,3550000.0,3996900.0,3141000.0,4404000.0,3332960.0,3400000.0,3559760.0,3824840.0,3273000.0,3049000.0,2903040.0,2837160.0,2993760.0,2967000.0,2759000.0,2822000.0,3127000.0,3063000.0,3138000.0,3246000.0,3260023.0,3658967.0,4051500.0,3977500.0,19719.5,3999.0,2751.0,2401.0,3325.0,4299.4555,1095.36,206.5555,105.29400000000001,4.462,4.203,4.94,4.581,3.742,5.611,5.619,5.109,120.2985,115.492,77.706,5.096,7200000.0,5131037.5,4419804.5,5283444.0,4826223.5,4388513.0,1350000.0,1791550.0,2973000.0,1632825.0,2800000.0,1950000.0,2106500.0,2404000.0,2100000.0,1750000.0,1329600.0,1480900.0,1100000.0,1311000.0,1314303.5,18478412.0,11987000.0,7584706.0,9548235.5,3499215.5,2236000.0,1456500.0,1739965.0,1970438.0,3294175.0,8845992.0,7580950.0,9720842.0,4005487.0,6843580.0,7675814.0,8387882.0,3440000.0,3492000.0,2782262.0,2395000.0,12585000.0,11300000.0,7584706.0,9481235.5,2824325.0,2236000.0,1400000.0,1524279.5,1848000.0,3370057.0,7528690.0,7578156.0,7742140.0,6568912.0,6775855.0,7536115.0,7570007.0,3500000.0,3500000.0,2782262.0,1973000.0
1.0,1783.71,4404000.0,3332960.0,3400000.0,3559760.0,3824840.0,3273000.0,3049000.0,2903040.0,2837160.0,2993760.0,2967000.0,2759000.0,2812320.0,3127000.0,3000000.0,3051520.0,3200000.0,3221563.0,3550000.0,3996900.0,3141000.0,4404000.0,3332960.0,3400000.0,3559760.0,3824840.0,3273000.0,3049000.0,2903040.0,2837160.0,2993760.0,2967000.0,2759000.0,2822000.0,3127000.0,3063000.0,3138000.0,3246000.0,3260023.0,3658967.0,4051500.0,3977500.0,19719.5,3999.0,2751.0,2401.0,3325.0,4299.4555,1095.36,206.5555,105.29400000000001,86.254,85.5465,114.0915,99.67949999999999,99.135,104.4385,136.871,135.587,120.2985,115.492,77.706,5.096,7200000.0,5131037.5,4419804.5,5283444.0,4826223.5,4388513.0,1350000.0,1791550.0,2973000.0,1632825.0,2800000.0,1950000.0,2106500.0,2404000.0,2100000.0,1750000.0,1329600.0,1480900.0,1100000.0,1311000.0,1314303.5,18478412.0,11987000.0,339000.0,199000.0,167300.0,176000.0,1456500.0,1739965.0,887300.0,774400.0,824000.0,1061800.0,810000.0,1080000.0,651000.0,1312000.0,1468000.0,1410000.0,2092000.0,1921000.0,2395000.0,12585000.0,11300000.0,339000.0,199000.0,167300.0,176000.0,1400000.0,1524279.5,887300.0,774400.0,824000.0,1061800.0,810000.0,1080000.0,651000.0,1312000.0,1468000.0,1410000.0,2092000.0,1921000.0,1973000.0
1.0,55.48,4404000.0,3332960.0,3400000.0,3559760.0,3824840.0,3273000.0,563000.0,997000.0,1266000.0,1690000.0,2200000.0,2303000.0,2662000.0,3530000.0,2750000.0,2821000.0,2888000.0,3055000.0,3286000.0,3330000.0,2210000.0,4404000.0,3332960.0,3400000.0,3559760.0,3824840.0,3273000.0,708000.0,1388000.0,1501000.0,1902000.0,2441000.0,2620000.0,3129000.0,3716000.0,3518000.0,3076000.0,3681000.0,3762000.0,3722000.0,3372000.0,2450000.0,19719.5,3999.0,2751.0,2401.0,3325.0,4299.4555,1095.36,206.5555,105.29400000000001,86.254,85.5465,114.0915,99.67949999999999,99.135,104.4385,136.871,135.587,120.2985,115.492,77.706,5.096,7200000.0,5131037.5,4419804.5,5283444.0,4826223.5,4388513.0,1350000.0,1791550.0,2973000.0,1632825.0,2800000.0,1950000.0,2106500.0,2404000.0,2100000.0,1750000.0,1329600.0,1480900.0,1100000.0,1311000.0,1314303.5,18478412.0,11987000.0,7584706.0,9548235.5,3499215.5,2236000.0,1456500.0,1739965.0,1970438.0,2388000.0,2318266.0,2597000.0,2848500.0,2555147.5,3055758.0,3415000.0,3574182.0,3440000.0,3492000.0,2782262.0,2395000.0,12585000.0,11300000.0,7584706.0,9481235.5,2824325.0,2236000.0,1400000.0,1524279.5,1848000.0,2250763.0,2318266.0,2597000.0,2848500.0,2516291.0,3055758.0,3525500.0,3505000.0,3500000.0,3500000.0,2782262.0,1973000.0
1.0,1328.29,4404000.0,3332960.0,3400000.0,3559760.0,3824840.0,3273000.0,3049000.0,2903040.0,2837160.0,2993760.0,2967000.0,2759000.0,2812320.0,3127000.0,3000000.0,3051520.0,3200000.0,3221563.0,3550000.0,3996900.0,3141000.0,4404000.0,3332960.0,3400000.0,3559760.0,3824840.0,3273000.0,3049000.0,2903040.0,2837160.0,2993760.0,2967000.0,2759000.0,2822000.0,3127000.0,3063000.0,3138000.0,3246000.0,3260023.0,3658967.0,4051500.0,3977500.0,19719.5,3999.0,2751.0,2401.0,3325.0,4299.4555,1095.36,206.5555,105.29400000000001,86.254,85.5465,114.0915,99.67949999999999,99.135,104.4385,136.871,0.464,1.108,1.477,1.217,1.095,7200000.0,5131037.5,4419804.5,5283444.0,4826223.5,4388513.0,1350000.0,1791550.0,2973000.0,1632825.0,2800000.0,1950000.0,2106500.0,2404000.0,2100000.0,1750000.0,1329600.0,1480900.0,1100000.0,1311000.0,1314303.5,18478412.0,11987000.0,7584706.0,9548235.5,3499215.5,2236000.0,1456500.0,1739965.0,1970438.0,2388000.0,2318266.0,2597000.0,2848500.0,2555147.5,3055758.0,3415000.0,76637.0,220515.0,256583.0,249486.0,229514.0,12585000.0,11300000.0,7584706.0,9481235.5,2824325.0,2236000.0,1400000.0,1524279.5,1848000.0,2250763.0,2318266.0,2597000.0,2848500.0,2516291.0,3055758.0,3525500.0,78730.0,167156.0,230893.0,213845.0,227787.0
1.0,59.08,4404000.0,3332960.0,3400000.0,3559760.0,3824840.0,3273000.0,3049000.0,2903040.0,2837160.0,2993760.0,2967000.0,2759000.0,2812320.0,3127000.0,3000000.0,2449440.0,2721600.0,5533920.0,5715360.0,5352480.0,3141000.0,4404000.0,3332960.0,3400000.0,3559760.0,3824840.0,3273000.0,3049000.0,2903040.0,2837160.0,2993760.0,2967000.0,2759000.0,2822000.0,3127000.0,3063000.0,2449440.0,2721600.0,5533920.0,5715360.0,5352480.0,3977500.0,19719.5,3999.0,2751.0,2401.0,3325.0,4299.4555,1095.36,206.5555,105.29400000000001,86.254,85.5465,114.0915,99.67949999999999,99.135,104.4385,136.871,135.587,120.2985,115.492,77.706,5.096,7200000.0,5131037.5,4419804.5,5283444.0,4826223.5,4388513.0,1350000.0,1791550.0,2973000.0,1632825.0,2800000.0,1950000.0,2106500.0,2404000.0,2100000.0,1750000.0,1329600.0,1480900.0,1100000.0,1311000.0,1314303.5,18478412.0,11987000.0,7584706.0,9548235.5,3499215.5,2236000.0,1456500.0,1739965.0,1970438.0,2388000.0,2318266.0,2597000.0,2848500.0,2555147.5,3055758.0,3415000.0,3574182.0,3440000.0,3492000.0,2782262.0,2395000.0,12585000.0,11300000.0,7584706.0,9481235.5,2824325.0,2236000.0,1400000.0,1524279.5,1848000.0,2250763.0,2318266.0,2597000.0,2848500.0,2516291.0,3055758.0,3525500.0,3505000.0,3500000.0,3500000.0,2782262.0,1973000.0
1.0,145.86,4404000.0,3332960.0,3400000.0,3559760.0,3824840.0,3273000.0,3049000.0,2903040.0,2837160.0,2993760.0,2967000.0,2759000.0,2812320.0,3127000.0,3000000.0,3051520.0,3200000.0,3221563.0,3550000.0,3996900.0,3141000.0,4404000.0,3332960.0,3400000.0,3559760.0,3824840.0,3273000.0,3049000.0,2903040.0,2837160.0,2993760.0,2967000.0,2759000.0,2822000.0,3127000.0,3063000.0,3138000.0,3246000.0,3260023.0,3658967.0,4051500.0,3977500.0,8948.017,8438.179,9306.355,10091.069,12700.586,14514.956,16782.918,17690.102,18143.695,12246.994,18143.695,17236.51,15422.141,13607.771,13607.771,11339.809,4535.924,5443.108,6350.293,5443.108,5.096,7200000.0,5131037.5,4419804.5,5283444.0,4826223.5,4388513.0,1350000.0,1791550.0,2973000.0,1632825.0,2800000.0,1950000.0,2106500.0,2404000.0,2100000.0,1750000.0,1329600.0,1480900.0,1100000.0,1311000.0,1314303.5,18478412.0,11987000.0,7584706.0,9548235.5,3499215.5,2236000.0,1456500.0,1739965.0,1970438.0,2388000.0,2318266.0,2597000.0,2848500.0,2555147.5,3055758.0,3415000.0,3574182.0,3440000.0,3492000.0,2782262.0,2395000.0,12585000.0,11300000.0,7584706.0,9481235.5,2824325.0,2236000.0,1400000.0,1524279.5,1848000.0,2250763.0,2318266.0,2597000.0,2848500.0,2516291.0,3055758.0,3525500.0,3505000.0,3500000.0,3500000.0,2782262.0,1973000.0
1.0,847.72,4404000.0,3332960.0,3400000.0,3559760.0,3824840.0,3273000.0,3049000.0,2903040.0,2837160.0,2993760.0,2967000.0,2759000.0,2812320.0,3127000.0,3000000.0,3051520.0,3200000.0,3221563.0,3550000.0,3996900.0,3141000.0,4404000.0,3332960.0,3400000.0,3559760.0,3824840.0,3273000.0,3049000.0,2903040.0,2837160.0,2993760.0,2967000.0,2759000.0,2822000.0,3127000.0,3063000.0,3138000.0,3246000.0,3260023.0,3658967.0,4051500.0,3977500.0,19719.5,3999.0,2751.0,2401.0,3325.0,4299.4555,1095.36,206.5555,6.277,8.657,10.935,11.492,6.885,8.477,19.249,14.912,18.087,15.621,43.176,77.706,5.096,7200000.0,5131037.5,4419804.5,5283444.0,4826223.5,4388513.0,1350000.0,1791550.0,2973000.0,1632825.0,2800000.0,1950000.0,2106500.0,2404000.0,2100000.0,1750000.0,1329600.0,1480900.0,1100000.0,1311000.0,1314303.5,18478412.0,11987000.0,7584706.0,9548235.5,3499215.5,2236000.0,1456500.0,1739965.0,1970438.0,2388000.0,16616000.0,21020000.0,24641000.0,14363000.0,22305000.0,22875000.0,25159000.0,26027000.0,22157000.0,2782262.0,2395000.0,12585000.0,11300000.0,7584706.0,9481235.5,2824325.0,2236000.0,1400000.0,1524279.5,1848000.0,2250763.0,16616000.0,21020000.0,24641000.0,14363000.0,22305000.0,22875000.0,25159000.0,26027000.0,22157000.0,2782262.0,1973000.0
1.0,36.19,4404000.0,3332960.0,3400000.0,3559760.0,3824840.0,3273000.0,3049000.0,2903040.0,2837160.0,2993760.0,2967000.0,2759000.0,2812320.0,3127000.0,3000000.0,3051520.0,3200000.0,3221563.0,3550000.0,3996900.0,3141000.0,4404000.0,3332960.0,3400000.0,3559760.0,3824840.0,3273000.0,3049000.0,2903040.0,2837160.0,2993760.0,2967000.0,2759000.0,2822000.0,3127000.0,3063000.0,3138000.0,3246000.0,3260023.0,3658967.0,4051500.0,3977500.0,19719.5,3999.0,2751.0,2401.0,3325.0,4299.4555,1095.36,206.5555,105.29400000000001,86.254,85.5465,5135000.0,5265000.0,5005000.0,5005000.0,5265000.0,5395000.0,5070000.0,5070000.0,4875000.0,5.096,8200000.0,6197887.0,7823562.0,8128376.0,8433190.0,8636400.0,8433190.0,7518748.0,8346709.0,1765650.0,5939005.0,7900000.0,8100000.0,7700000.0,7700000.0,8100000.0,8300000.0,7800000.0,7800000.0,7500000.0,1314303.5,18478412.0,11987000.0,7584706.0,9548235.5,3499215.5,2236000.0,1456500.0,1739965.0,1970438.0,2388000.0,2318266.0,28800000.0,29500000.0,28100000.0,27300000.0,29800000.0,30700000.0,28300000.0,29200000.0,28400000.0,2395000.0,12585000.0,11300000.0,7584706.0,9481235.5,2824325.0,2236000.0,1400000.0,1524279.5,1848000.0,2250763.0,2318266.0,28800000.0,29500000.0,28100000.0,27300000.0,29800000.0,30700000.0,28300000.0,29200000.0,28400000.0,1973000.0
1.0,63.29,4404000.0,3332960.0,3400000.0,3559760.0,2500000.0,2300000.0,1700000.0,2200000.0,3100000.0,2400000.0,1000000.0,200000.0,20000.0,3127000.0,3000000.0,3051520.0,3200000.0,3221563.0,3550000.0,3996900.0,3141000.0,4404000.0,3332960.0,3400000.0,3559760.0,2500000.0,2300000.0,1700000.0,2200000.0,3100000.0,2400000.0,1000000.0,200000.0,20000.0,3127000.0,3063000.0,3138000.0,3246000.0,3260023.0,3658967.0,4051500.0,3977500.0,19719.5,3999.0,2751.0,2401.0,3325.0,4299.4555,1095.36,206.5555,105.29400000000001,86.254,85.5465,114.0915,99.67949999999999,99.135,104.4385,136.871,135.587,120.2985,115.492,77.706,5.096,7200000.0,5131037.5,4419804.5,5283444.0,4826223.5,4388513.0,1350000.0,1791550.0,2973000.0,1632825.0,2800000.0,1950000.0,2106500.0,2404000.0,2100000.0,1750000.0,1329600.0,1480900.0,1100000.0,1311000.0,1314303.5,18478412.0,11987000.0,7584706.0,9548235.5,3499215.5,2236000.0,1456500.0,1739965.0,1970438.0,2388000.0,2318266.0,2597000.0,2848500.0,2555147.5,3055758.0,3415000.0,3574182.0,3440000.0,3492000.0,2782262.0,2395000.0,12585000.0,11300000.0,7584706.0,9481235.5,2824325.0,2236000.0,1400000.0,1524279.5,1848000.0,2250763.0,2318266.0,2597000.0,2848500.0,2516291.0,3055758.0,3525500.0,3505000.0,3500000.0,3500000.0,2782262.0,1973000.0
1.0,128.88,4404000.0,3332960.0,3400000.0,3559760.0,3824840.0,3273000.0,3049000.0,2903040.0,2837160.0,2993760.0,2967000.0,2759000.0,2812320.0,3127000.0,3000000.0,3051520.0,3200000.0,3221563.0,3550000.0,3996900.0,3141000.0,4404000.0,3332960.0,3400000.0,3559760.0,3824840.0,3273000.0,3049000.0,2903040.0,2837160.0,2993760.0,2967000.0,2759000.0,2822000.0,3127000.0,3063000.0,3138000.0,3246000.0,3260023.0,3658967.0,4051500.0,3977500.0,19719.5,3999.0,2751.0,2401.0,3325.0,4299.4555,1095.36,206.5555,105.29400000000001,86.254,85.5465,114.0915,99.67949999999999,99.135,104.4385,136.871,135.587,120.2985,115.492,77.706,5.096,7200000.0,5131037.5,4419804.5,5283444.0,4826223.5,4388513.0,1350000.0,1791550.0,2973000.0,1632825.0,2800000.0,1950000.0,2106500.0,2404000.0,2100000.0,1750000.0,1329600.0,1480900.0,1100000.0,1311000.0,1314303.5,18478412.0,11987000.0,7584706.0,9548235.5,3499215.5,2236000.0,1456500.0,64000.0,10936000.0,20634000.0,31720000.0,31740000.0,30793000.0,33788000.0,42715000.0,44745000.0,47010000.0,46941000.0,45368000.0,2782262.0,2395000.0,12585000.0,11300000.0,7584706.0,9481235.5,2824325.0,2236000.0,1400000.0,64000.0,10936000.0,20634000.0,31720000.0,31740000.0,30793000.0,33788000.0,42715000.0,44745000.0,47010000.0,46941000.0,45368000.0,2782262.0,1973000.0
1.0,1575.04,4404000.0,3332960.0,3400000.0,3559760.0,3824840.0,3273000.0,3049000.0,2903040.0,2837160.0,2993760.0,2967000.0,2759000.0,2812320.0,3127000.0,3000000.0,3051520.0,3200000.0,3221563.0,3550000.0,3996900.0,3141000.0,4404000.0,3332960.0,3400000.0,3559760.0,3824840.0,3273000.0,3049000.0,2903040.0,2837160.0,2993760.0,2967000.0,2759000.0,2822000.0,3127000.0,3063000.0,3138000.0,3246000.0,3260023.0,3658967.0,4051500.0,3977500.0,19719.5,3999.0,2751.0,2401.0,3325.0,800.98,1095.36,1099.14,1027.44,945.92,938.06,1098.9,1292.5,2160.0,104.4385,136.871,135.587,120.2985,115.492,77.706,5.096,7200000.0,5131037.5,4419804.5,5283444.0,4826223.5,2900.0,4200.0,4200.0,3600.0,3200.0,3100.0,3700.0,4700.0,9600.0,2100000.0,1750000.0,1329600.0,1480900.0,1100000.0,1311000.0,1314303.5,18478412.0,11987000.0,7584706.0,9548235.5,3499215.5,1328000.0,1343000.0,1259000.0,1169000.0,1162000.0,1165000.0,1124000.0,1164000.0,1180000.0,3055758.0,3415000.0,3574182.0,3440000.0,3492000.0,2782262.0,2395000.0,12585000.0,11300000.0,7584706.0,9481235.5,2824325.0,1328000.0,1343000.0,1259000.0,1169000.0,1162000.0,1165000.0,1124000.0,1164000.0,1180000.0,3055758.0,3525500.0,3505000.0,3500000.0,3500000.0,2782262.0,1973000.0
1.0,1575.04,4404000.0,3332960.0,3400000.0,3559760.0,3824840.0,3273000.0,3049000.0,2903040.0,2837160.0,2993760.0,2967000.0,2759000.0,2812320.0,3127000.0,3000000.0,3051520.0,3200000.0,3221563.0,3550000.0,3996900.0,3141000.0,4404000.0,3332960.0,3400000.0,3559760.0,3824840.0,3273000.0,3049000.0,2903040.0,2837160.0,2993760.0,2967000.0,2759000.0,2822000.0,3127000.0,3063000.0,3138000.0,3246000.0,3260023.0,3658967.0,4051500.0,3977500.0,19719.5,3999.0,2751.0,2401.0,3325.0,2460.24,2123.36,1048.56,105.29400000000001,86.254,85.5465,114.0915,99.67949999999999,99.135,104.4385,136.871,135.587,120.2985,115.492,77.706,5.096,7200000.0,5131037.5,4419804.5,5283444.0,4826223.5,5100.0,4600.0,2400.0,2973000.0,1632825.0,2800000.0,1950000.0,2106500.0,2404000.0,2100000.0,1750000.0,1329600.0,1480900.0,1100000.0,1311000.0,1314303.5,18478412.0,11987000.0,7584706.0,9548235.5,3499215.5,363000.0,411000.0,248000.0,1970438.0,2388000.0,2318266.0,2597000.0,2848500.0,2555147.5,3055758.0,3415000.0,3574182.0,3440000.0,3492000.0,2782262.0,2395000.0,12585000.0,11300000.0,7584706.0,9481235.5,2824325.0,363000.0,411000.0,248000.0,1848000.0,2250763.0,2318266.0,2597000.0,2848500.0,2516291.0,3055758.0,3525500.0,3505000.0,3500000.0,3500000.0,2782262.0,1973000.0
1.0,59.08,4404000.0,3332960.0,3400000.0,3559760.0,3824840.0,3273000.0,3049000.0,2903040.0,2837160.0,2993760.0,2967000.0,2759000.0,2812320.0,3127000.0,3000000.0,0.0,1700000.0,2200000.0,3200000.0,4800000.0,6200000.0,4404000.0,3332960.0,3400000.0,3559760.0,3824840.0,3273000.0,3049000.0,2903040.0,2837160.0,2993760.0,2967000.0,2759000.0,2822000.0,3127000.0,3063000.0,0.0,1700000.0,2200000.0,3200000.0,4800000.0,6200000.0,19719.5,3999.0,2751.0,2401.0,3325.0,4299.4555,1095.36,206.5555,105.29400000000001,86.254,85.5465,114.0915,99.67949999999999,99.135,104.4385,136.871,135.587,120.2985,115.492,77.706,5.096,7200000.0,5131037.5,4419804.5,5283444.0,4826223.5,4388513.0,1350000.0,1791550.0,2973000.0,1632825.0,2800000.0,1950000.0,2106500.0,2404000.0,2100000.0,1750000.0,1329600.0,1480900.0,1100000.0,1311000.0,1314303.5,18478412.0,11987000.0,7584706.0,9548235.5,3499215.5,2236000.0,1456500.0,1739965.0,1970438.0,2388000.0,2318266.0,2597000.0,2848500.0,2555147.5,3055758.0,3415000.0,3574182.0,3440000.0,3492000.0,2782262.0,2395000.0,12585000.0,11300000.0,7584706.0,9481235.5,2824325.0,2236000.0,1400000.0,1524279.5,1848000.0,2250763.0,2318266.0,2597000.0,2848500.0,2516291.0,3055758.0,3525500.0,3505000.0,3500000.0,3500000.0,2782262.0,1973000.0
1.0,75.31,4404000.0,3332960.0,3400000.0,3559760.0,3824840.0,3273000.0,3049000.0,2903040.0,2837160.0,2993760.0,2967000.0,2759000.0,2812320.0,3127000.0,3000000.0,3051520.0,3200000.0,3221563.0,3550000.0,2484000.0,1573000.0,4404000.0,3332960.0,3400000.0,3559760.0,3824840.0,3273000.0,3049000.0,2903040.0,2837160.0,2993760.0,2967000.0,2759000.0,2822000.0,3127000.0,3063000.0,3138000.0,3246000.0,3260023.0,3658967.0,2484000.0,1573000.0,19719.5,3999.0,2751.0,2401.0,3325.0,4299.4555,1095.36,206.5555,105.29400000000001,86.254,85.5465,114.0915,99.67949999999999,99.135,104.4385,136.871,135.587,120.2985,115.492,77.706,5.096,7200000.0,5131037.5,4419804.5,5283444.0,4826223.5,4388513.0,1350000.0,1791550.0,2973000.0,1632825.0,2800000.0,1950000.0,2106500.0,2404000.0,2100000.0,1750000.0,1329600.0,1480900.0,1100000.0,1311000.0,1314303.5,18478412.0,11987000.0,7584706.0,9548235.5,3499215.5,2236000.0,1456500.0,1739965.0,1970438.0,2388000.0,2318266.0,2597000.0,2848500.0,2555147.5,3055758.0,3415000.0,3574182.0,3440000.0,3492000.0,2782262.0,2395000.0,12585000.0,11300000.0,7584706.0,9481235.5,2824325.0,2236000.0,1400000.0,1524279.5,1848000.0,2250763.0,2318266.0,2597000.0,2848500.0,2516291.0,3055758.0,3525500.0,3505000.0,3500000.0,3500000.0,2782262.0,1973000.0
1.0,151.7,4404000.0,3332960.0,3400000.0,3559760.0,3824840.0,3273000.0,3049000.0,2903040.0,2837160.0,2993760.0,2967000.0,2759000.0,2812320.0,3127000.0,3000000.0,3051520.0,3200000.0,3221563.0,3550000.0,3996900.0,3141000.0,4404000.0,3332960.0,3400000.0,3559760.0,3824840.0,3273000.0,3049000.0,2903040.0,2837160.0,2993760.0,2967000.0,2759000.0,2822000.0,3127000.0,3063000.0,3138000.0,3246000.0,3260023.0,3658967.0,4051500.0,3977500.0,19719.5,3999.0,2751.0,2401.0,3325.0,4299.4555,1095.36,206.5555,105.29400000000001,7373250.0,10071600.0,114.0915,99.67949999999999,99.135,104.4385,136.871,8532652.5,7628857.5,8195565.0,77.706,5.096,7200000.0,5131037.5,4419804.5,5283444.0,4826223.5,4388513.0,1350000.0,1791550.0,12600000.0,11300000.0,15400000.0,15133000.0,15277000.0,15344000.0,15056000.0,12903000.0,12783000.0,11429000.0,12278000.0,12344000.0,1314303.5,18478412.0,11987000.0,7584706.0,9548235.5,3499215.5,2236000.0,1456500.0,1739965.0,1970438.0,2388000.0,2318266.0,2597000.0,2848500.0,2555147.5,3055758.0,3415000.0,3574182.0,3440000.0,3492000.0,2782262.0,2395000.0,12585000.0,11300000.0,7584706.0,9481235.5,2824325.0,2236000.0,1400000.0,1524279.5,1848000.0,2250763.0,2318266.0,2597000.0,2848500.0,2516291.0,3055758.0,3525500.0,3505000.0,3500000.0,3500000.0,2782262.0,1973000.0
1.0,57.07,4404000.0,3332960.0,3400000.0,3559760.0,3824840.0,3273000.0,3049000.0,2903040.0,2837160.0,2993760.0,2967000.0,2759000.0,2812320.0,3127000.0,3000000.0,3051520.0,3200000.0,3221563.0,3550000.0,3996900.0,3141000.0,4404000.0,3332960.0,3400000.0,3559760.0,3824840.0,3273000.0,3049000.0,2903040.0,2837160.0,2993760.0,2967000.0,2759000.0,2822000.0,3127000.0,3063000.0,3138000.0,3246000.0,3260023.0,3658967.0,4051500.0,3977500.0,19719.5,3999.0,2751.0,2401.0,3325.0,4299.4555,1095.36,206.5555,105.29400000000001,86.254,85.5465,114.0915,99.67949999999999,99.135,104.4385,136.871,135.587,120.2985,115.492,77.706,5.096,7200000.0,5131037.5,4419804.5,5283444.0,4826223.5,4388513.0,1350000.0,1791550.0,2973000.0,1632825.0,2800000.0,1950000.0,2106500.0,2404000.0,2100000.0,1750000.0,1329600.0,1480900.0,1100000.0,1311000.0,1314303.5,18478412.0,11987000.0,7584706.0,9548235.5,3499215.5,2236000.0,1456500.0,1739965.0,1970438.0,2388000.0,2318266.0,2597000.0,2848500.0,2555147.5,3055758.0,4121000.0,7268000.0,8003000.0,7617000.0,6133000.0,6158000.0,12585000.0,11300000.0,7584706.0,9481235.5,2824325.0,2236000.0,1400000.0,1524279.5,1848000.0,2250763.0,2318266.0,2597000.0,2848500.0,2516291.0,3055758.0,4121000.0,7268000.0,8003000.0,7617000.0,6133000.0,6158000.0
1.0,145.86,4404000.0,3332960.0,3400000.0,3559760.0,3824840.0,3273000.0,3049000.0,2903040.0,2837160.0,2993760.0,2967000.0,2759000.0,2812320.0,3127000.0,3000000.0,3051520.0,3200000.0,3221563.0,3550000.0,3996900.0,3141000.0,4404000.0,3332960.0,3400000.0,3559760.0,3824840.0,3273000.0,3049000.0,2903040.0,2837160.0,2993760.0,2967000.0,2759000.0,2822000.0,3127000.0,3063000.0,3138000.0,3246000.0,3260023.0,3658967.0,4051500.0,3977500.0,19719.5,3999.0,2751.0,2401.0,3325.0,4299.4555,1095.36,206.5555,105.29400000000001,86.254,85.5465,114.0915,99.67949999999999,99.135,104.4385,136.871,135.587,120.2985,115.492,77.706,5.096,7200000.0,5131037.5,4419804.5,5283444.0,4826223.5,4388513.0,1350000.0,1791550.0,2973000.0,1632825.0,2800000.0,1950000.0,2106500.0,2404000.0,2100000.0,1750000.0,1329600.0,1480900.0,1100000.0,1311000.0,1314303.5,18478412.0,11987000.0,7584706.0,9548235.5,3499215.5,2236000.0,1456500.0,1739965.0,1970438.0,2388000.0,120800.0,174300.0,90400.0,68500.0,101800.0,117500.0,113000.0,117600.0,121700.0,107000.0,2395000.0,12585000.0,11300000.0,7584706.0,9481235.5,2824325.0,2236000.0,1400000.0,1524279.5,1848000.0,2250763.0,120800.0,174300.0,90400.0,68500.0,101800.0,117500.0,113000.0,117600.0,121700.0,107000.0,1973000.0
1.0,672.01,4404000.0,3332960.0,3400000.0,3559760.0,3824840.0,3273000.0,3049000.0,2903040.0,2837160.0,2993760.0,2967000.0,2759000.0,2812320.0,3127000.0,3000000.0,3051520.0,3200000.0,3221563.0,3550000.0,3996900.0,3141000.0,4404000.0,3332960.0,3400000.0,3559760.0,3824840.0,3273000.0,3049000.0,2903040.0,2837160.0,2993760.0,2967000.0,2759000.0,2822000.0,3127000.0,3063000.0,3138000.0,3246000.0,3260023.0,3658967.0,4051500.0,3977500.0,19719.5,3999.0,2751.0,2401.0,3325.0,4299.4555,2.535,1.682,2.278,3.437,3.799,3.784,3.634,2.292,2.353,3.008,3.747,4.224,4.5,4.971,5.096,7200000.0,5131037.5,4419804.5,5283444.0,4826223.5,4388513.0,1350000.0,1791550.0,2973000.0,1632825.0,2800000.0,1950000.0,2106500.0,2404000.0,2100000.0,1750000.0,1329600.0,1480900.0,1100000.0,1311000.0,1314303.5,18478412.0,11987000.0,7584706.0,9548235.5,3499215.5,2236000.0,1102188.0,1044312.0,1509679.0,2004936.0,2158097.0,2148473.0,2109613.0,1569937.0,1419932.0,1481461.0,1803064.0,2007572.0,2093413.0,2298631.0,2395000.0,12585000.0,11300000.0,7584706.0,9481235.5,2824325.0,2236000.0,1094143.0,1040174.0,1388086.0,1996989.0,2158096.0,2148275.0,2104683.0,1575629.0,1419031.0,1469095.0,1802914.0,1978409.0,2035214.0,2254793.0,1973000.0
1.0,1835.51,4404000.0,3332960.0,3400000.0,3559760.0,3824840.0,3273000.0,3049000.0,2903040.0,2837160.0,2993760.0,2967000.0,2759000.0,2812320.0,3127000.0,3000000.0,3051520.0,3200000.0,3221563.0,3550000.0,3996900.0,3141000.0,4404000.0,3332960.0,3400000.0,3559760.0,3824840.0,3273000.0,3049000.0,2903040.0,2837160.0,2993760.0,2967000.0,2759000.0,2822000.0,3127000.0,3063000.0,3138000.0,3246000.0,3260023.0,3658967.0,4051500.0,3977500.0,19719.5,3999.0,2751.0,2401.0,3325.0,4299.4555,1095.36,206.5555,105.29400000000001,86.254,85.5465,114.0915,99.67949999999999,99.135,104.4385,136.871,135.587,120.2985,115.492,77.706,5.096,7200000.0,5131037.5,4419804.5,5283444.0,4826223.5,4388513.0,1350000.0,1791550.0,2973000.0,1632825.0,2800000.0,1950000.0,2106500.0,2404000.0,2100000.0,1750000.0,1329600.0,1480900.0,1100000.0,1311000.0,1314303.5,18478412.0,11987000.0,7584706.0,9548235.5,3499215.5,2236000.0,1456500.0,1739965.0,1970438.0,2388000.0,2318266.0,2597000.0,1800000.0,1800000.0,3055758.0,3415000.0,3574182.0,3440000.0,3492000.0,2782262.0,2395000.0,12585000.0,11300000.0,7584706.0,9481235.5,2824325.0,2236000.0,1400000.0,1524279.5,1848000.0,2250763.0,2318266.0,2597000.0,1800000.0,1800000.0,3055758.0,3525500.0,3505000.0,3500000.0,3500000.0,2782262.0,1973000.0
1.0,36.19,4404000.0,3332960.0,3400000.0,3559760.0,3824840.0,3273000.0,3049000.0,2903040.0,2837160.0,2993760.0,2967000.0,2759000.0,2812320.0,3127000.0,3000000.0,3051520.0,3200000.0,3221563.0,3550000.0,3996900.0,3141000.0,4404000.0,3332960.0,3400000.0,3559760.0,3824840.0,3273000.0,3049000.0,2903040.0,2837160.0,2993760.0,2967000.0,2759000.0,2822000.0,3127000.0,3063000.0,3138000.0,3246000.0,3260023.0,3658967.0,4051500.0,3977500.0,19719.5,3999.0,2751.0,2401.0,3325.0,4299.4555,1095.36,206.5555,105.29400000000001,86.254,85.5465,114.0915,99.67949999999999,99.135,104.4385,136.871,135.587,120.2985,115.492,77.706,5.096,7200000.0,5131037.5,4419804.5,5283444.0,4826223.5,4388513.0,1350000.0,1791550.0,2973000.0,1632825.0,2800000.0,1950000.0,2106500.0,2404000.0,2100000.0,1750000.0,1329600.0,1480900.0,1100000.0,1311000.0,1314303.5,4923000.0,4641000.0,5201000.0,5418000.0,6355000.0,7487059.0,7494118.0,6420000.0,1970438.0,2388000.0,2318266.0,2597000.0,2848500.0,2555147.5,21278294.0,39104882.0,45418235.0,53738235.0,60224647.0,58733059.0,2395000.0,4923000.0,4641000.0,5201000.0,5418000.0,6355000.0,7487059.0,7494118.0,6420000.0,1848000.0,2250763.0,2318266.0,2597000.0,2848500.0,2516291.0,21278294.0,39104882.0,45418235.0,53738235.0,60224647.0,58733059.0,1973000.0
1.0,43.21,4404000.0,4445280.0,3628800.0,2721600.0,2721600.0,2630880.0,2812320.0,2812320.0,2268000.0,997920.0,2967000.0,2759000.0,2812320.0,3127000.0,3000000.0,3051520.0,3200000.0,3221563.0,3550000.0,3996900.0,3141000.0,4404000.0,4445280.0,3628800.0,2721600.0,2721600.0,2630880.0,2812320.0,2812320.0,2268000.0,997920.0,2967000.0,2759000.0,2822000.0,3127000.0,3063000.0,3138000.0,3246000.0,3260023.0,3658967.0,4051500.0,3977500.0,19719.5,3999.0,2751.0,2401.0,3325.0,4299.4555,1095.36,206.5555,105.29400000000001,86.254,85.5465,114.0915,99.67949999999999,99.135,104.4385,136.871,135.587,120.2985,115.492,77.706,5.096,7200000.0,5131037.5,4419804.5,5283444.0,4826223.5,4388513.0,1350000.0,1791550.0,2973000.0,1632825.0,2800000.0,1950000.0,2106500.0,2404000.0,2100000.0,1750000.0,1329600.0,1480900.0,1100000.0,1311000.0,1314303.5,18478412.0,11987000.0,7584706.0,9548235.5,3499215.5,2236000.0,1456500.0,1739965.0,1970438.0,2388000.0,2318266.0,2597000.0,2848500.0,2555147.5,3055758.0,3415000.0,3574182.0,3440000.0,3492000.0,2782262.0,2395000.0,12585000.0,11300000.0,7584706.0,9481235.5,2824325.0,2236000.0,1400000.0,1524279.5,1848000.0,2250763.0,2318266.0,2597000.0,2848500.0,2516291.0,3055758.0,3525500.0,3505000.0,3500000.0,3500000.0,2782262.0,1973000.0
1.0,6.23,4404000.0,3332960.0,3400000.0,3559760.0,3824840.0,3273000.0,3049000.0,2903040.0,2837160.0,2993760.0,2967000.0,2759000.0,2812320.0,3127000.0,3000000.0,3051520.0,3200000.0,3221563.0,3550000.0,3996900.0,3141000.0,4404000.0,3332960.0,3400000.0,3559760.0,3824840.0,3273000.0,3049000.0,2903040.0,2837160.0,2993760.0,2967000.0,2759000.0,2822000.0,3127000.0,3063000.0,3138000.0,3246000.0,3260023.0,3658967.0,4051500.0,3977500.0,2.957,22.243,25.921,16.375,31.714,40.511,44.089,46.135,49.561,56.583,69.573,75.521,75.824,84.343,95.923,101.587,101.523,69.96,77.218,81.14,5.096,7200000.0,5131037.5,4419804.5,5283444.0,4826223.5,4388513.0,1350000.0,1791550.0,2973000.0,1632825.0,2800000.0,1950000.0,2106500.0,2404000.0,2100000.0,1750000.0,1329600.0,1480900.0,1100000.0,1311000.0,1314303.5,5300.0,38500.0,61500.0,37650.0,58900.0,73700.0,80450.0,89100.0,95700.0,112000.0,127500.0,140300.0,128657.0,148683.0,167750.0,177948.0,173865.0,130854.0,109025.0,123818.0,2395000.0,5300.0,38500.0,61500.0,37650.0,58900.0,73700.0,80450.0,89100.0,95700.0,112000.0,127500.0,140300.0,128657.0,148683.0,167750.0,177948.0,173865.0,130854.0,109025.0,123818.0,1973000.0
1.0,2173.12,4404000.0,3332960.0,3400000.0,3559760.0,3824840.0,3273000.0,3049000.0,2903040.0,2837160.0,2993760.0,2967000.0,2759000.0,2812320.0,3127000.0,3000000.0,3051520.0,3200000.0,3221563.0,3550000.0,3996900.0,3141000.0,4404000.0,3332960.0,3400000.0,3559760.0,3824840.0,3273000.0,3049000.0,2903040.0,2837160.0,2993760.0,2967000.0,2759000.0,2822000.0,3127000.0,3063000.0,3138000.0,3246000.0,3260023.0,3658967.0,4051500.0,3977500.0,19719.5,3999.0,2751.0,2401.0,3325.0,4299.4555,1095.36,206.5555,105.29400000000001,86.254,85.5465,114.0915,99.67949999999999,99.135,104.4385,136.871,135.587,120.2985,115.492,77.706,5.096,7200000.0,5131037.5,4419804.5,5283444.0,4826223.5,4388513.0,1350000.0,1791550.0,2973000.0,1632825.0,2800000.0,1950000.0,2106500.0,2404000.0,2100000.0,1750000.0,1329600.0,1480900.0,1100000.0,1311000.0,1314303.5,18478412.0,11987000.0,7584706.0,9548235.5,3499215.5,2236000.0,1456500.0,1739965.0,1970438.0,2388000.0,2600000.0,3800000.0,3800000.0,3900000.0,4800000.0,4700000.0,5200000.0,5600000.0,5700000.0,6000000.0,2395000.0,12585000.0,11300000.0,7584706.0,9481235.5,2824325.0,2236000.0,1400000.0,1524279.5,1848000.0,2250763.0,2600000.0,3800000.0,3800000.0,3900000.0,4800000.0,4700000.0,5200000.0,5600000.0,5700000.0,6000000.0,1973000.0
1.0,350.72,4404000.0,3332960.0,3400000.0,3559760.0,3824840.0,3273000.0,3049000.0,2903040.0,2837160.0,2993760.0,2967000.0,2759000.0,2812320.0,3127000.0,3000000.0,3051520.0,3200000.0,3221563.0,3550000.0,3996900.0,3141000.0,4404000.0,3332960.0,3400000.0,3559760.0,3824840.0,3273000.0,3049000.0,2903040.0,2837160.0,2993760.0,2967000.0,2759000.0,2822000.0,3127000.0,3063000.0,3138000.0,3246000.0,3260023.0,3658967.0,4051500.0,3977500.0,24.51,23.95,22.395,27.122,27.62,25.94,18.791,17.772,17.32,19.074,21.338,21.225,19.301,18.791,18.621,17.917,21.659,20.809,18.03,12.927,5.096,7200000.0,5131037.5,4419804.5,5283444.0,4826223.5,4388513.0,1350000.0,1791550.0,2973000.0,1632825.0,2800000.0,1950000.0,2106500.0,2404000.0,2100000.0,1750000.0,1329600.0,1480900.0,1100000.0,1311000.0,1314303.5,18478412.0,11987000.0,14102000.0,14342000.0,14284000.0,14628000.0,1456500.0,12604637.0,13190688.0,11592202.0,13765853.0,13676947.0,11806301.0,11211178.0,10416470.0,13666061.0,16743283.0,15173827.0,9456653.0,6544541.0,2395000.0,12585000.0,11300000.0,14102000.0,14342000.0,14284000.0,14628000.0,1400000.0,11842589.0,11641190.0,11786342.0,12154666.0,12029472.0,11742797.0,11837146.0,11617603.0,11550470.0,12958445.0,12831437.0,13158029.0,12461299.0,1973000.0
1.0,70.77,4404000.0,3332960.0,3400000.0,3559760.0,3824840.0,3273000.0,3049000.0,2903040.0,2837160.0,200000.0,100000.0,100000.0,100000.0,100000.0,100000.0,200000.0,200000.0,100000.0,200000.0,200000.0,200000.0,4404000.0,3332960.0,3400000.0,3559760.0,3824840.0,3273000.0,3049000.0,2903040.0,2837160.0,200000.0,100000.0,100000.0,100000.0,100000.0,100000.0,200000.0,200000.0,100000.0,200000.0,200000.0,200000.0,19719.5,3999.0,2751.0,2401.0,3325.0,4299.4555,1095.36,206.5555,105.29400000000001,86.254,85.5465,114.0915,99.67949999999999,99.135,104.4385,136.871,135.587,120.2985,115.492,77.706,5.096,7200000.0,5131037.5,4419804.5,5283444.0,4826223.5,4388513.0,1350000.0,1791550.0,2973000.0,1632825.0,2800000.0,1950000.0,2106500.0,2404000.0,2100000.0,1750000.0,1329600.0,1480900.0,1100000.0,1311000.0,1314303.5,18478412.0,11987000.0,7584706.0,9548235.5,3499215.5,2236000.0,1456500.0,1739965.0,1970438.0,2388000.0,2318266.0,2597000.0,2848500.0,2555147.5,3055758.0,3415000.0,3574182.0,3440000.0,3492000.0,2782262.0,2395000.0,12585000.0,11300000.0,7584706.0,9481235.5,2824325.0,2236000.0,1400000.0,1524279.5,1848000.0,2250763.0,2318266.0,2597000.0,2848500.0,2516291.0,3055758.0,3525500.0,3505000.0,3500000.0,3500000.0,2782262.0,1973000.0
1.0,70.77,4404000.0,3332960.0,3400000.0,3559760.0,3824840.0,3273000.0,3049000.0,2903040.0,2837160.0,3900000.0,3700000.0,4600000.0,4540000.0,4800000.0,4800000.0,4600000.0,4500000.0,4300000.0,3800000.0,3500000.0,3141000.0,4404000.0,3332960.0,3400000.0,3559760.0,3824840.0,3273000.0,3049000.0,2903040.0,2837160.0,3900000.0,3700000.0,4600000.0,4540000.0,4800000.0,4800000.0,4600000.0,4500000.0,4300000.0,3800000.0,3500000.0,3977500.0,19719.5,3999.0,2751.0,2401.0,3325.0,4299.4555,1095.36,206.5555,105.29400000000001,86.254,85.5465,114.0915,99.67949999999999,99.135,104.4385,136.871,135.587,120.2985,115.492,77.706,5.096,7200000.0,5131037.5,4419804.5,5283444.0,4826223.5,4388513.0,1350000.0,1791550.0,2973000.0,1632825.0,2800000.0,1950000.0,2106500.0,2404000.0,2100000.0,1750000.0,1329600.0,1480900.0,1100000.0,1311000.0,1314303.5,18478412.0,11987000.0,7584706.0,9548235.5,3499215.5,2236000.0,1456500.0,1739965.0,1970438.0,2388000.0,2318266.0,2597000.0,2848500.0,2555147.5,3055758.0,3415000.0,3574182.0,3440000.0,3492000.0,2782262.0,2395000.0,12585000.0,11300000.0,7584706.0,9481235.5,2824325.0,2236000.0,1400000.0,1524279.5,1848000.0,2250763.0,2318266.0,2597000.0,2848500.0,2516291.0,3055758.0,3525500.0,3505000.0,3500000.0,3500000.0,2782262.0,1973000.0
1.0,44.57,4404000.0,3332960.0,3400000.0,3559760.0,3824840.0,3273000.0,3049000.0,2903040.0,2837160.0,2993760.0,2967000.0,2759000.0,2812320.0,3127000.0,3000000.0,3051520.0,3200000.0,3221563.0,3550000.0,3996900.0,3141000.0,4404000.0,3332960.0,3400000.0,3559760.0,3824840.0,3273000.0,3049000.0,2903040.0,2837160.0,2993760.0,2967000.0,2759000.0,2822000.0,3127000.0,3063000.0,3138000.0,3246000.0,3260023.0,3658967.0,4051500.0,3977500.0,19719.5,3999.0,2751.0,2401.0,3325.0,4299.4555,1095.36,206.5555,105.29400000000001,86.254,85.5465,114.0915,99.67949999999999,99.135,104.4385,136.871,135.587,120.2985,115.492,77.706,5.096,7200000.0,5131037.5,4419804.5,5283444.0,8006000.0,8800000.0,9443996.0,10044542.0,9304468.0,8533214.0,9797203.0,10051406.0,10439413.0,10455510.0,10617584.0,10603728.0,10842369.0,11133219.0,11268000.0,10749000.0,1314303.5,18478412.0,11987000.0,7584706.0,9548235.5,3499215.5,2236000.0,1456500.0,1739965.0,1970438.0,2388000.0,2318266.0,2597000.0,2848500.0,2555147.5,3055758.0,3415000.0,3574182.0,3440000.0,3492000.0,2782262.0,2395000.0,12585000.0,11300000.0,7584706.0,9481235.5,2824325.0,2236000.0,1400000.0,1524279.5,1848000.0,2250763.0,2318266.0,2597000.0,2848500.0,2516291.0,3055758.0,3525500.0,3505000.0,3500000.0,3500000.0,2782262.0,1973000.0
1.0,1996.28,4404000.0,3332960.0,3400000.0,3559760.0,3824840.0,3273000.0,3049000.0,2903040.0,2837160.0,2993760.0,2967000.0,2759000.0,2812320.0,3127000.0,3000000.0,3051520.0,3200000.0,3221563.0,3550000.0,3996900.0,3141000.0,4404000.0,3332960.0,3400000.0,3559760.0,3824840.0,3273000.0,3049000.0,2903040.0,2837160.0,2993760.0,2967000.0,2759000.0,2822000.0,3127000.0,3063000.0,3138000.0,3246000.0,3260023.0,3658967.0,4051500.0,3977500.0,19719.5,3999.0,2751.0,2401.0,3325.0,4299.4555,1095.36,206.5555,105.29400000000001,86.254,85.5465,114.0915,99.67949999999999,99.135,968.866,2512.488,6187.214,10500.0,10777.0,10341.0,5.096,7200000.0,5131037.5,4419804.5,5283444.0,4826223.5,4388513.0,1350000.0,1791550.0,2973000.0,1632825.0,2800000.0,1950000.0,2106500.0,2404000.0,1703.0,2223.0,12953.0,15597.0,18665.0,17947.0,1314303.5,18478412.0,11987000.0,7584706.0,9548235.5,3499215.5,2236000.0,1456500.0,1739965.0,1970438.0,2388000.0,2318266.0,2597000.0,2848500.0,2555147.5,149286.0,372000.0,760100.0,1000000.0,1200000.0,1199823.0,2395000.0,12585000.0,11300000.0,7584706.0,9481235.5,2824325.0,2236000.0,1400000.0,1524279.5,1848000.0,2250763.0,2318266.0,2597000.0,2848500.0,2516291.0,149286.0,372000.0,760100.0,1000000.0,1200000.0,1199823.0,1973000.0
1.0,85.86,4404000.0,3332960.0,3400000.0,3559760.0,3824840.0,3273000.0,3049000.0,2903040.0,2837160.0,2993760.0,2967000.0,2759000.0,3851064.0,4204872.0,3990773.0,4056091.0,3723149.0,3832013.0,3644222.0,3996900.0,3141000.0,4404000.0,3332960.0,3400000.0,3559760.0,3824840.0,3273000.0,3049000.0,2903040.0,2837160.0,2993760.0,2967000.0,2759000.0,3851064.0,4204872.0,3990773.0,4056091.0,3723149.0,3832013.0,3644222.0,4051500.0,3977500.0,19719.5,3999.0,2751.0,2401.0,3325.0,4299.4555,1095.36,206.5555,105.29400000000001,86.254,85.5465,114.0915,99.67949999999999,99.135,104.4385,136.871,135.587,120.2985,115.492,77.706,5.096,7200000.0,5131037.5,4419804.5,5283444.0,4826223.5,4388513.0,1350000.0,1791550.0,2973000.0,1632825.0,2800000.0,1950000.0,2106500.0,2404000.0,2100000.0,1750000.0,1329600.0,1480900.0,1100000.0,1311000.0,1314303.5,18478412.0,11987000.0,7584706.0,9548235.5,3499215.5,2236000.0,1456500.0,1739965.0,1970438.0,2388000.0,2318266.0,2597000.0,2848500.0,2555147.5,3055758.0,3415000.0,3574182.0,3440000.0,3492000.0,2782262.0,2395000.0,12585000.0,11300000.0,7584706.0,9481235.5,2824325.0,2236000.0,1400000.0,1524279.5,1848000.0,2250763.0,2318266.0,2597000.0,2848500.0,2516291.0,3055758.0,3525500.0,3505000.0,3500000.0,3500000.0,2782262.0,1973000.0
1.0,1224.66,4404000.0,3332960.0,3400000.0,3559760.0,3824840.0,3273000.0,3049000.0,2903040.0,2837160.0,2993760.0,2967000.0,2759000.0,2812320.0,3127000.0,3000000.0,3051520.0,3200000.0,3221563.0,3550000.0,3996900.0,3141000.0,4404000.0,3332960.0,3400000.0,3559760.0,3824840.0,3273000.0,3049000.0,2903040.0,2837160.0,2993760.0,2967000.0,2759000.0,2822000.0,3127000.0,3063000.0,3138000.0,3246000.0,3260023.0,3658967.0,4051500.0,3977500.0,19719.5,3999.0,2751.0,2401.0,3325.0,4299.4555,1095.36,206.5555,105.29400000000001,86.254,1.221,2.502,2.324,3.249,3.334,3.573,3.519,3.257,2.988,3.62,5.096,7200000.0,5131037.5,4419804.5,5283444.0,4826223.5,4388513.0,1350000.0,1791550.0,2973000.0,1632825.0,2800000.0,1950000.0,2106500.0,2404000.0,2100000.0,1750000.0,1329600.0,1480900.0,1100000.0,1311000.0,1314303.5,18478412.0,11987000.0,7584706.0,9548235.5,3499215.5,2236000.0,1456500.0,1739965.0,1970438.0,2388000.0,157878.0,376796.0,358144.0,502332.0,576943.0,599173.0,562654.0,606669.0,581568.0,597281.0,2395000.0,12585000.0,11300000.0,7584706.0,9481235.5,2824325.0,2236000.0,1400000.0,1524279.5,1848000.0,2250763.0,157878.0,376796.0,358144.0,502332.0,576943.0,599173.0,562654.0,606669.0,581568.0,597281.0,1973000.0
1.0,151.08,4404000.0,3332960.0,3400000.0,3559760.0,3824840.0,3273000.0,3049000.0,2903040.0,2837160.0,2993760.0,2967000.0,2759000.0,2812320.0,3127000.0,3000000.0,3051520.0,3200000.0,3221563.0,3550000.0,3996900.0,3141000.0,4404000.0,3332960.0,3400000.0,3559760.0,3824840.0,3273000.0,3049000.0,2903040.0,2837160.0,2993760.0,2967000.0,2759000.0,2822000.0,3127000.0,3063000.0,3138000.0,3246000.0,3260023.0,3658967.0,4051500.0,3977500.0,19719.5,3999.0,2751.0,2401.0,3325.0,4299.4555,1095.36,206.5555,105.29400000000001,86.254,85.5465,402500.0,391000.0,402500.0,402500.0,402500.0,287500.0,220000.0,330000.0,220000.0,5.096,7200000.0,5131037.5,4419804.5,5283444.0,4826223.5,4388513.0,1350000.0,1791550.0,2973000.0,1632825.0,2800000.0,700000.0,680000.0,700000.0,700000.0,700000.0,500000.0,400000.0,600000.0,400000.0,1314303.5,18478412.0,11987000.0,7584706.0,9548235.5,3499215.5,2236000.0,1456500.0,1739965.0,1970438.0,2388000.0,2318266.0,2597000.0,2848500.0,2555147.5,3055758.0,3415000.0,3574182.0,3440000.0,3492000.0,2782262.0,2395000.0,12585000.0,11300000.0,7584706.0,9481235.5,2824325.0,2236000.0,1400000.0,1524279.5,1848000.0,2250763.0,2318266.0,2597000.0,2848500.0,2516291.0,3055758.0,3525500.0,3505000.0,3500000.0,3500000.0,2782262.0,1973000.0
1.0,151.7,4404000.0,3332960.0,3400000.0,3559760.0,3824840.0,3273000.0,3049000.0,2903040.0,2837160.0,2993760.0,2967000.0,2759000.0,2812320.0,3127000.0,3000000.0,3051520.0,3200000.0,3221563.0,3550000.0,3996900.0,3141000.0,4404000.0,3332960.0,3400000.0,3559760.0,3824840.0,3273000.0,3049000.0,2903040.0,2837160.0,2993760.0,2967000.0,2759000.0,2822000.0,3127000.0,3063000.0,3138000.0,3246000.0,3260023.0,3658967.0,4051500.0,3977500.0,19719.5,3999.0,2751.0,2401.0,3325.0,4299.4555,1095.36,206.5555,105.29400000000001,86.254,85.5465,114.0915,99.67949999999999,99.135,104.4385,136.871,135.587,120.2985,115.492,77.706,5.096,7200000.0,5131037.5,4419804.5,5283444.0,4826223.5,4388513.0,1350000.0,1791550.0,2973000.0,1632825.0,2800000.0,1950000.0,2106500.0,2404000.0,2100000.0,1750000.0,1329600.0,1480900.0,1100000.0,1311000.0,1314303.5,18478412.0,11987000.0,7584706.0,9548235.5,3499215.5,2236000.0,1456500.0,1739965.0,1848000.0,6646000.0,8765000.0,8725000.0,11555000.0,13167000.0,12930000.0,12649000.0,13616000.0,14560000.0,14694000.0,14145000.0,2395000.0,12585000.0,11300000.0,7584706.0,9481235.5,2824325.0,2236000.0,1400000.0,1524279.5,1848000.0,6646000.0,8765000.0,8725000.0,11555000.0,13167000.0,12930000.0,12649000.0,13616000.0,14560000.0,14694000.0,14145000.0,1973000.0
1.0,145.86,4404000.0,3332960.0,3400000.0,3559760.0,3824840.0,3273000.0,3049000.0,2903040.0,2837160.0,2993760.0,2967000.0,2759000.0,2812320.0,3127000.0,3000000.0,3051520.0,3200000.0,3221563.0,3550000.0,3996900.0,3141000.0,4404000.0,3332960.0,3400000.0,3559760.0,3824840.0,3273000.0,3049000.0,2903040.0,2837160.0,2993760.0,2967000.0,2759000.0,2822000.0,3127000.0,3063000.0,3138000.0,3246000.0,3260023.0,3658967.0,4051500.0,3977500.0,19719.5,3999.0,2751.0,2401.0,3325.0,4299.4555,1095.36,206.5555,105.29400000000001,86.254,85.5465,114.0915,99.67949999999999,99.135,104.4385,136.871,135.587,120.2985,115.492,77.706,5.096,7200000.0,5131037.5,4419804.5,5283444.0,4826223.5,4388513.0,1350000.0,1791550.0,2973000.0,1632825.0,2800000.0,1950000.0,2106500.0,2404000.0,2100000.0,1750000.0,1329600.0,1480900.0,1100000.0,1311000.0,1314303.5,18478412.0,11987000.0,7584706.0,9548235.5,3499215.5,2236000.0,1456500.0,1739965.0,1970438.0,2388000.0,4854000.0,4608000.0,4947000.0,4662000.0,4396000.0,4111000.0,4432000.0,4332000.0,4294000.0,4244000.0,2395000.0,12585000.0,11300000.0,7584706.0,9481235.5,2824325.0,2236000.0,1400000.0,1524279.5,1848000.0,2250763.0,4854000.0,4608000.0,4947000.0,4662000.0,4396000.0,4111000.0,4432000.0,4332000.0,4294000.0,4244000.0,1973000.0
1.0,33.2,8500000.0,10500000.0,11500000.0,14000000.0,16000000.0,18200000.0,18500000.0,20000000.0,22000000.0,24000000.0,29000000.0,31500000.0,34200000.0,37300000.0,40300000.0,39000000.0,31100000.0,31000000.0,34000000.0,34300000.0,33000000.0,8500000.0,10500000.0,11500000.0,14000000.0,16000000.0,18200000.0,18500000.0,20000000.0,22000000.0,24000000.0,29000000.0,31500000.0,34200000.0,37300000.0,40300000.0,39000000.0,31100000.0,31000000.0,34000000.0,34300000.0,33000000.0,19719.5,3999.0,2751.0,2401.0,3325.0,4299.4555,1095.36,206.5555,105.29400000000001,86.254,85.5465,114.0915,99.67949999999999,99.135,104.4385,136.871,135.587,120.2985,115.492,77.706,5.096,7200000.0,5131037.5,4419804.5,5283444.0,4826223.5,4388513.0,1350000.0,1791550.0,2973000.0,1632825.0,2800000.0,1950000.0,2106500.0,2404000.0,2100000.0,1750000.0,1329600.0,1480900.0,1100000.0,1311000.0,1314303.5,18478412.0,11987000.0,7584706.0,9548235.5,3499215.5,2236000.0,1456500.0,1739965.0,1970438.0,2388000.0,2318266.0,2597000.0,2848500.0,2555147.5,3055758.0,3415000.0,3574182.0,3440000.0,3492000.0,2782262.0,2395000.0,12585000.0,11300000.0,7584706.0,9481235.5,2824325.0,2236000.0,1400000.0,1524279.5,1848000.0,2250763.0,2318266.0,2597000.0,2848500.0,2516291.0,3055758.0,3525500.0,3505000.0,3500000.0,3500000.0,2782262.0,1973000.0
1.0,6410.56,4404000.0,3332960.0,3400000.0,3559760.0,3824840.0,3273000.0,3049000.0,2903040.0,2837160.0,2993760.0,2967000.0,2759000.0,2812320.0,3127000.0,3000000.0,3051520.0,3200000.0,3221563.0,3550000.0,3996900.0,3141000.0,4404000.0,3332960.0,3400000.0,3559760.0,3824840.0,3273000.0,3049000.0,2903040.0,2837160.0,2993760.0,2967000.0,2759000.0,2822000.0,3127000.0,3063000.0,3138000.0,3246000.0,3260023.0,3658967.0,4051500.0,3977500.0,19719.5,3999.0,2751.0,2401.0,3325.0,4299.4555,1095.36,206.5555,105.29400000000001,86.254,85.5465,114.0915,99.67949999999999,99.135,104.4385,136.871,135.587,120.2985,27492.0,31059.0,5.096,7200000.0,5131037.5,4419804.5,5283444.0,4826223.5,4388513.0,1350000.0,1791550.0,2973000.0,1632825.0,2800000.0,1950000.0,2106500.0,2404000.0,2100000.0,1750000.0,1329600.0,1480900.0,1100000.0,1311000.0,1314303.5,18478412.0,11987000.0,7584706.0,9548235.5,3499215.5,2236000.0,1456500.0,1739965.0,1970438.0,2388000.0,2318266.0,2597000.0,2848500.0,2555147.5,3055758.0,3415000.0,3574182.0,3440000.0,3492000.0,2782262.0,2395000.0,12585000.0,11300000.0,7584706.0,9481235.5,2824325.0,2236000.0,1400000.0,1524279.5,1848000.0,2250763.0,2318266.0,2597000.0,2848500.0,2516291.0,3055758.0,3525500.0,3505000.0,3500000.0,3500000.0,2782262.0,1973000.0
1.0,7223.39,4404000.0,3332960.0,3400000.0,3559760.0,3824840.0,3273000.0,3049000.0,2903040.0,2837160.0,2993760.0,2967000.0,2759000.0,2812320.0,3127000.0,3000000.0,3051520.0,3200000.0,3221563.0,3550000.0,3996900.0,3141000.0,4404000.0,3332960.0,3400000.0,3559760.0,3824840.0,3273000.0,3049000.0,2903040.0,2837160.0,2993760.0,2967000.0,2759000.0,2822000.0,3127000.0,3063000.0,3138000.0,3246000.0,3260023.0,3658967.0,4051500.0,3977500.0,19719.5,3999.0,2751.0,2401.0,3325.0,4299.4555,1095.36,206.5555,105.29400000000001,86.254,85.5465,114.0915,35698.0,62074.0,69624.0,80169.0,80650.0,80186.0,79711.0,77.706,5.096,7200000.0,5131037.5,4419804.5,5283444.0,4826223.5,4388513.0,1350000.0,1791550.0,2973000.0,1632825.0,2800000.0,1950000.0,2106500.0,2404000.0,2100000.0,1750000.0,1329600.0,1480900.0,1100000.0,1311000.0,1314303.5,18478412.0,11987000.0,7584706.0,9548235.5,3499215.5,2236000.0,1456500.0,1739965.0,1970438.0,2388000.0,2318266.0,2597000.0,797164.0,2592960.0,2792664.0,2207304.0,2009298.0,2466139.0,3054844.0,2782262.0,2395000.0,12585000.0,11300000.0,7584706.0,9481235.5,2824325.0,2236000.0,1400000.0,1524279.5,1848000.0,2250763.0,2318266.0,2597000.0,923849.0,1588563.0,1798258.0,2183905.0,2294530.0,2274305.0,2407267.0,2782262.0,1973000.0
1.0,7950.46,4404000.0,3332960.0,3400000.0,3559760.0,3824840.0,3273000.0,3049000.0,2903040.0,2837160.0,2993760.0,2967000.0,2759000.0,2812320.0,3127000.0,3000000.0,3051520.0,3200000.0,3221563.0,3550000.0,3996900.0,3141000.0,4404000.0,3332960.0,3400000.0,3559760.0,3824840.0,3273000.0,3049000.0,2903040.0,2837160.0,2993760.0,2967000.0,2759000.0,2822000.0,3127000.0,3063000.0,3138000.0,3246000.0,3260023.0,3658967.0,4051500.0,3977500.0,19719.5,3999.0,2751.0,2401.0,3325.0,4299.4555,1095.36,206.5555,105.29400000000001,86.254,85.5465,12321.0,36966.0,41255.0,13557.0,26151.0,23119.0,17630.0,19199.0,9896.0,5.096,7200000.0,5131037.5,4419804.5,5283444.0,4826223.5,4388513.0,1350000.0,1791550.0,2973000.0,1632825.0,2800000.0,1950000.0,2106500.0,2404000.0,2100000.0,1750000.0,1329600.0,1480900.0,1100000.0,1311000.0,1314303.5,18478412.0,11987000.0,7584706.0,9548235.5,3499215.5,2236000.0,1456500.0,1739965.0,1970438.0,2388000.0,2318266.0,658899.0,940282.0,1348571.0,695206.0,1102399.0,1290095.0,115146.0,752800.0,750193.0,2395000.0,12585000.0,11300000.0,7584706.0,9481235.5,2824325.0,2236000.0,1400000.0,1524279.5,1848000.0,2250763.0,2318266.0,386437.0,1009694.0,978810.0,695206.0,1102399.0,1290095.0,840948.0,425561.0,750193.0,1973000.0
1.0,128.88,4404000.0,3332960.0,3400000.0,3559760.0,3824840.0,3273000.0,3049000.0,2903040.0,2837160.0,2993760.0,2967000.0,2759000.0,2812320.0,3127000.0,3000000.0,3051520.0,3200000.0,3221563.0,3550000.0,3996900.0,3141000.0,4404000.0,3332960.0,3400000.0,3559760.0,3824840.0,3273000.0,3049000.0,2903040.0,2837160.0,2993760.0,2967000.0,2759000.0,2822000.0,3127000.0,3063000.0,3138000.0,3246000.0,3260023.0,3658967.0,4051500.0,3977500.0,19719.5,3999.0,2751.0,2401.0,3325.0,4299.4555,1095.36,206.5555,105.29400000000001,86.254,85.5465,114.0915,99.67949999999999,99.135,104.4385,136.871,135.587,120.2985,115.492,77.706,5.096,7200000.0,5131037.5,4419804.5,5283444.0,4826223.5,4388513.0,1350000.0,274000.0,2973000.0,2926000.0,3473000.0,2314000.0,3164000.0,2786000.0,4810000.0,1881000.0,1286000.0,1480900.0,1100000.0,431000.0,2371000.0,18478412.0,11987000.0,7584706.0,9548235.5,3499215.5,2236000.0,1456500.0,559000.0,3047000.0,3524000.0,3473000.0,2523000.0,2959000.0,1856000.0,2848000.0,1643000.0,1381000.0,0.0,0.0,552000.0,2765000.0,12585000.0,11300000.0,7584706.0,9481235.5,2824325.0,2236000.0,1400000.0,559000.0,3047000.0,3524000.0,3473000.0,2523000.0,2959000.0,1856000.0,2848000.0,1643000.0,1381000.0,0.0,0.0,552000.0,2765000.0
1.0,120.44,4404000.0,3332960.0,3400000.0,3559760.0,3824840.0,3273000.0,3049000.0,2903040.0,5500000.0,5700000.0,4200000.0,4036000.0,3900000.0,3500000.0,3700000.0,2529000.0,2260000.0,2227000.0,4927000.0,4811000.0,4354000.0,4404000.0,3332960.0,3400000.0,3559760.0,3824840.0,3273000.0,3049000.0,2903040.0,5500000.0,5700000.0,4200000.0,4036000.0,3900000.0,3500000.0,3700000.0,2529000.0,2260000.0,2227000.0,4927000.0,4811000.0,4354000.0,19719.5,3999.0,2751.0,2401.0,3325.0,4299.4555,1095.36,206.5555,105.29400000000001,86.254,85.5465,114.0915,99.67949999999999,99.135,104.4385,136.871,135.587,120.2985,115.492,77.706,5.096,7200000.0,5131037.5,4419804.5,5283444.0,4826223.5,4388513.0,1350000.0,1791550.0,2973000.0,1632825.0,2800000.0,1950000.0,2106500.0,2404000.0,2100000.0,1750000.0,1329600.0,1480900.0,1100000.0,1311000.0,1314303.5,18478412.0,11987000.0,7584706.0,9548235.5,3499215.5,2236000.0,1456500.0,1739965.0,1970438.0,2388000.0,2318266.0,2597000.0,2848500.0,2555147.5,3055758.0,3415000.0,3574182.0,3440000.0,3492000.0,2782262.0,2395000.0,12585000.0,11300000.0,7584706.0,9481235.5,2824325.0,2236000.0,1400000.0,1524279.5,1848000.0,2250763.0,2318266.0,2597000.0,2848500.0,2516291.0,3055758.0,3525500.0,3505000.0,3500000.0,3500000.0,2782262.0,1973000.0
1.0,151.7,4404000.0,3332960.0,3400000.0,3559760.0,3824840.0,3273000.0,3049000.0,2903040.0,2837160.0,2993760.0,2967000.0,2759000.0,2812320.0,3127000.0,3000000.0,3051520.0,3200000.0,3221563.0,3550000.0,3996900.0,3141000.0,4404000.0,3332960.0,3400000.0,3559760.0,3824840.0,3273000.0,3049000.0,2903040.0,2837160.0,2993760.0,2967000.0,2759000.0,2822000.0,3127000.0,3063000.0,3138000.0,3246000.0,3260023.0,3658967.0,4051500.0,3977500.0,19719.5,3999.0,2751.0,2401.0,3325.0,4299.4555,1095.36,206.5555,105.29400000000001,86.254,85.5465,6240000.0,6363500.0,6630000.0,6435000.0,6565000.0,5850000.0,5915000.0,6045000.0,6370000.0,5.096,7200000.0,5131037.5,4419804.5,5283444.0,4826223.5,4388513.0,1350000.0,1791550.0,7800000.0,7000000.0,8900000.0,9600000.0,9790000.0,10200000.0,9900000.0,10100000.0,9000000.0,9100000.0,9300000.0,9800000.0,1314303.5,18478412.0,11987000.0,7584706.0,9548235.5,3499215.5,2236000.0,1456500.0,1739965.0,1970438.0,2388000.0,2318266.0,24500000.0,24900000.0,25500000.0,25200000.0,24500000.0,21700000.0,22000000.0,23200000.0,24500000.0,2395000.0,12585000.0,11300000.0,7584706.0,9481235.5,2824325.0,2236000.0,1400000.0,1524279.5,1848000.0,2250763.0,2318266.0,24500000.0,24900000.0,25500000.0,25200000.0,24500000.0,21700000.0,22000000.0,23200000.0,24500000.0,1973000.0
1.0,1973.72,4404000.0,3332960.0,3400000.0,3559760.0,3824840.0,3273000.0,3049000.0,2903040.0,2837160.0,2993760.0,2967000.0,2759000.0,2812320.0,3127000.0,3000000.0,3051520.0,3200000.0,3221563.0,3550000.0,3996900.0,3141000.0,4404000.0,3332960.0,3400000.0,3559760.0,3824840.0,3273000.0,3049000.0,2903040.0,2837160.0,2993760.0,2967000.0,2759000.0,2822000.0,3127000.0,3063000.0,3138000.0,3246000.0,3260023.0,3658967.0,4051500.0,3977500.0,19719.5,3999.0,2751.0,2401.0,3325.0,4299.4555,1095.36,206.5555,105.29400000000001,86.254,85.5465,114.0915,99.67949999999999,99.135,104.4385,51731.0,73731.0,3298.0,4152.0,77.706,5.096,7200000.0,5131037.5,4419804.5,5283444.0,4826223.5,4388513.0,1350000.0,1791550.0,2973000.0,1632825.0,2800000.0,1950000.0,2106500.0,2404000.0,2100000.0,1750000.0,1329600.0,1480900.0,1100000.0,1311000.0,1314303.5,18478412.0,11987000.0,7584706.0,9548235.5,3499215.5,2236000.0,1456500.0,1739965.0,1970438.0,2388000.0,2318266.0,2597000.0,2848500.0,2555147.5,3055758.0,3415000.0,3574182.0,3440000.0,3492000.0,2782262.0,2395000.0,12585000.0,11300000.0,7584706.0,9481235.5,2824325.0,2236000.0,1400000.0,1524279.5,1848000.0,2250763.0,2318266.0,2597000.0,2848500.0,2516291.0,3055758.0,3525500.0,3505000.0,3500000.0,3500000.0,2782262.0,1973000.0
1.0,4194.84,4404000.0,3332960.0,3400000.0,3559760.0,3824840.0,3273000.0,3049000.0,2903040.0,2837160.0,2993760.0,2967000.0,2759000.0,2812320.0,3127000.0,3000000.0,3051520.0,3200000.0,3221563.0,3550000.0,3996900.0,3141000.0,4404000.0,3332960.0,3400000.0,3559760.0,3824840.0,3273000.0,3049000.0,2903040.0,2837160.0,2993760.0,2967000.0,2759000.0,2822000.0,3127000.0,3063000.0,3138000.0,3246000.0,3260023.0,3658967.0,4051500.0,3977500.0,19719.5,3999.0,2751.0,2401.0,3325.0,122300.0,58100.0,102300.0,96900.0,102500.0,94900.0,89800.0,97800.0,96900.0,101100.0,103900.0,104900.0,106300.0,106100.0,107200.0,5.096,7200000.0,5131037.5,4419804.5,5283444.0,4826223.5,449600.0,227800.0,423000.0,421500.0,453700.0,431200.0,458800.0,461500.0,459600.0,458800.0,455200.0,447100.0,443300.0,446200.0,446200.0,1314303.5,18478412.0,11987000.0,7584706.0,9548235.5,3499215.5,31551000.0,16872000.0,30970000.0,31779000.0,32952000.0,33344000.0,33185000.0,33556000.0,33570000.0,34251000.0,34445000.0,34648000.0,34699000.0,34675000.0,34401000.0,2395000.0,12585000.0,11300000.0,7584706.0,9481235.5,2824325.0,31644000.0,16637000.0,31129000.0,31587000.0,33099000.0,33196000.0,33201000.0,33434000.0,33629000.0,34427000.0,34468000.0,34539000.0,34548000.0,34548000.0,34648000.0,1973000.0
1.0,6.08,4404000.0,3332960.0,3400000.0,3559760.0,3824840.0,3273000.0,3049000.0,2903040.0,2837160.0,2993760.0,2967000.0,2759000.0,2812320.0,3127000.0,3000000.0,3051520.0,3200000.0,3221563.0,3550000.0,3996900.0,3141000.0,4404000.0,3332960.0,3400000.0,3559760.0,3824840.0,3273000.0,3049000.0,2903040.0,2837160.0,2993760.0,2967000.0,2759000.0,2822000.0,3127000.0,3063000.0,3138000.0,3246000.0,3260023.0,3658967.0,4051500.0,3977500.0,19719.5,3999.0,17.717,28.078,57.621,87.569,98.88,112.183,110.676,98.14,104.754,121.577,125.397,129.218,140.906,150.754,163.999,199.685,215.561,232.23,5.096,7200000.0,5131037.5,4419804.5,5283444.0,4826223.5,4388513.0,1350000.0,1791550.0,2973000.0,1632825.0,2800000.0,1950000.0,2106500.0,2404000.0,2100000.0,1750000.0,1329600.0,1480900.0,1100000.0,1311000.0,1314303.5,18478412.0,11987000.0,50662.0,99115.0,171155.0,211854.0,233743.0,331067.0,377844.0,324916.0,345697.0,405000.0,420000.0,449000.0,471000.0,485000.0,529000.0,655000.0,726000.0,768700.0,2395000.0,12585000.0,11300000.0,50662.0,99115.0,171155.0,211854.0,233743.0,331067.0,377844.0,324916.0,345697.0,405000.0,420000.0,449000.0,471000.0,485000.0,529000.0,655000.0,726000.0,768700.0,1973000.0
1.0,1224.66,4404000.0,3332960.0,3400000.0,3559760.0,3824840.0,3273000.0,3049000.0,2903040.0,2837160.0,2993760.0,2967000.0,2759000.0,2812320.0,3127000.0,3000000.0,3051520.0,3200000.0,3221563.0,3550000.0,3996900.0,3141000.0,4404000.0,3332960.0,3400000.0,3559760.0,3824840.0,3273000.0,3049000.0,2903040.0,2837160.0,2993760.0,2967000.0,2759000.0,2822000.0,3127000.0,3063000.0,3138000.0,3246000.0,3260023.0,3658967.0,4051500.0,3977500.0,19719.5,3999.0,2751.0,2401.0,3325.0,4299.4555,1095.36,206.5555,105.29400000000001,86.254,1.449,11.318,12.063,12.186,13.136,10.297,6.758,8.736,6.754,3.023,5.096,7200000.0,5131037.5,4419804.5,5283444.0,4826223.5,4388513.0,1350000.0,1791550.0,2973000.0,1632825.0,2800000.0,1950000.0,2106500.0,2404000.0,2100000.0,1750000.0,1329600.0,1480900.0,1100000.0,1311000.0,1314303.5,18478412.0,11987000.0,7584706.0,9548235.5,3499215.5,2236000.0,1456500.0,1739965.0,1970438.0,2388000.0,64047.0,8408399.0,9281699.0,9038561.0,7501654.0,8576614.0,9317652.0,10694942.0,5702881.0,1577645.0,2395000.0,12585000.0,11300000.0,7584706.0,9481235.5,2824325.0,2236000.0,1400000.0,1524279.5,1848000.0,2250763.0,64047.0,8408399.0,9281699.0,9038561.0,7501654.0,8576614.0,9317652.0,10694942.0,5702881.0,1577645.0,1973000.0
0.0,1008.67,4404000.0,3332960.0,3400000.0,3559760.0,3824840.0,3273000.0,3049000.0,2903040.0,2837160.0,2993760.0,2967000.0,2759000.0,2812320.0,3127000.0,3000000.0,3051520.0,3200000.0,3221563.0,3550000.0,3996900.0,3141000.0,4404000.0,3332960.0,3400000.0,3559760.0,3824840.0,3273000.0,3049000.0,2903040.0,2837160.0,2993760.0,2967000.0,2759000.0,2822000.0,3127000.0,3063000.0,3138000.0,3246000.0,3260023.0,3658967.0,4051500.0,3977500.0,19719.5,3999.0,2751.0,2401.0,3325.0,4299.4555,1095.36,206.5555,105.29400000000001,1.489,3.324,3.03,3.005,2.851,2.621,2.574,2.092,1.376,0.963,0.0,5.096,7200000.0,5131037.5,4419804.5,5283444.0,4826223.5,4388513.0,1350000.0,1791550.0,2973000.0,1632825.0,2800000.0,1950000.0,2106500.0,2404000.0,2100000.0,1750000.0,1329600.0,1480900.0,1100000.0,1311000.0,1314303.5,18478412.0,11987000.0,7584706.0,9548235.5,3499215.5,2236000.0,1456500.0,1739965.0,1970438.0,299430.0,551739.0,620712.0,640306.0,640422.0,638800.0,559926.0,592683.0,398248.0,311013.0,2782262.0,2395000.0,12585000.0,11300000.0,7584706.0,9481235.5,2824325.0,2236000.0,1400000.0,1524279.5,1848000.0,299430.0,551739.0,620712.0,640306.0,640422.0,638800.0,559926.0,592683.0,398248.0,311013.0,2782262.0,1973000.0
1.0,350.72,4404000.0,3332960.0,3400000.0,3559760.0,3824840.0,3273000.0,3049000.0,2903040.0,2837160.0,2993760.0,2967000.0,2759000.0,2812320.0,3127000.0,3000000.0,3051520.0,3200000.0,3221563.0,3550000.0,3996900.0,3141000.0,4404000.0,3332960.0,3400000.0,3559760.0,3824840.0,3273000.0,3049000.0,2903040.0,2837160.0,2993760.0,2967000.0,2759000.0,2822000.0,3127000.0,3063000.0,3138000.0,3246000.0,3260023.0,3658967.0,4051500.0,3977500.0,31.978,71.554,87.43,112.066,161.564,136.957,140.5,139.48,115.638,111.102,101.52,89.84,63.616,59.591,36.146,25.968,28.009,0.015,0.527,1.693,5.096,7200000.0,5131037.5,4419804.5,5283444.0,4826223.5,4388513.0,1350000.0,1791550.0,2973000.0,1632825.0,2800000.0,1950000.0,2106500.0,2404000.0,2100000.0,1750000.0,1329600.0,1480900.0,1100000.0,1311000.0,1314303.5,1415888.0,1805249.0,1963129.0,2448580.0,2700650.0,2671811.0,2673080.0,2673463.0,2638691.0,2545831.0,2592252.0,2406342.0,2358499.0,2319132.0,2085300.0,2241424.0,2240144.0,7709.0,224643.0,869568.0,2395000.0,1415888.0,1805249.0,1963129.0,2448580.0,2700650.0,2671811.0,2673080.0,2673463.0,2638691.0,2545831.0,2592252.0,2406342.0,2358499.0,2319132.0,2085300.0,2241424.0,2240144.0,7709.0,224643.0,869568.0,1973000.0
1.0,151.7,4404000.0,3332960.0,3400000.0,3559760.0,3824840.0,3273000.0,3049000.0,2903040.0,2837160.0,2993760.0,2967000.0,2759000.0,2812320.0,3127000.0,3000000.0,3051520.0,3200000.0,3221563.0,3550000.0,3996900.0,3141000.0,4404000.0,3332960.0,3400000.0,3559760.0,3824840.0,3273000.0,3049000.0,2903040.0,2837160.0,2993760.0,2967000.0,2759000.0,2822000.0,3127000.0,3063000.0,3138000.0,3246000.0,3260023.0,3658967.0,4051500.0,3977500.0,19719.5,3999.0,2751.0,2401.0,3325.0,4299.4555,1095.36,206.5555,105.29400000000001,86.254,85.5465,1690000.0,1904500.0,1690000.0,1625000.0,1170000.0,910000.0,1040000.0,715000.0,910000.0,5.096,7200000.0,5131037.5,4419804.5,5283444.0,4826223.5,4388513.0,1350000.0,1791550.0,2300000.0,1300000.0,2100000.0,2600000.0,2930000.0,2600000.0,2500000.0,1800000.0,1400000.0,1600000.0,1100000.0,1400000.0,1314303.5,18478412.0,11987000.0,7584706.0,9548235.5,3499215.5,2236000.0,1456500.0,1739965.0,1970438.0,2388000.0,2318266.0,2597000.0,2848500.0,2555147.5,3055758.0,3415000.0,3574182.0,3440000.0,3492000.0,2782262.0,2395000.0,12585000.0,11300000.0,7584706.0,9481235.5,2824325.0,2236000.0,1400000.0,1524279.5,1848000.0,2250763.0,2318266.0,2597000.0,2848500.0,2516291.0,3055758.0,3525500.0,3505000.0,3500000.0,3500000.0,2782262.0,1973000.0
1.0,44.57,4404000.0,3332960.0,3400000.0,3559760.0,3824840.0,3273000.0,3049000.0,2903040.0,2837160.0,2993760.0,2967000.0,2759000.0,2812320.0,3127000.0,3000000.0,3051520.0,3200000.0,3221563.0,3550000.0,3996900.0,3141000.0,4404000.0,3332960.0,3400000.0,3559760.0,3824840.0,3273000.0,3049000.0,2903040.0,2837160.0,2993760.0,2967000.0,2759000.0,2822000.0,3127000.0,3063000.0,3138000.0,3246000.0,3260023.0,3658967.0,4051500.0,3977500.0,19719.5,3999.0,2751.0,2401.0,3325.0,4299.4555,1095.36,206.5555,105.29400000000001,86.254,85.5465,114.0915,99.67949999999999,99.135,104.4385,136.871,135.587,120.2985,115.492,77.706,5.096,7200000.0,5131037.5,4419804.5,5283444.0,20074000.0,20564000.0,21012400.0,21007000.0,19732000.0,1632825.0,19829000.0,21765000.0,21209000.0,20262000.0,20505000.0,21151000.0,21777000.0,21851000.0,21867000.0,21813000.0,1314303.5,18478412.0,11987000.0,7584706.0,9548235.5,3499215.5,2236000.0,1456500.0,1739965.0,1970438.0,2388000.0,2318266.0,2597000.0,2848500.0,2555147.5,3055758.0,3415000.0,3574182.0,3440000.0,3492000.0,2782262.0,2395000.0,12585000.0,11300000.0,7584706.0,9481235.5,2824325.0,2236000.0,1400000.0,1524279.5,1848000.0,2250763.0,2318266.0,2597000.0,2848500.0,2516291.0,3055758.0,3525500.0,3505000.0,3500000.0,3500000.0,2782262.0,1973000.0
1.0,65.81,4404000.0,3332960.0,3400000.0,3559760.0,3824840.0,3273000.0,3049000.0,2903040.0,2837160.0,2993760.0,2967000.0,2759000.0,2812320.0,3127000.0,2449440.0,2630880.0,3719520.0,2903040.0,3175200.0,3719520.0,3141000.0,4404000.0,3332960.0,3400000.0,3559760.0,3824840.0,3273000.0,3049000.0,2903040.0,2837160.0,2993760.0,2967000.0,2759000.0,2822000.0,3127000.0,2449440.0,2630880.0,3719520.0,2903040.0,3175200.0,3719520.0,3977500.0,19719.5,3999.0,2751.0,2401.0,3325.0,4299.4555,1095.36,206.5555,105.29400000000001,86.254,85.5465,114.0915,99.67949999999999,99.135,104.4385,136.871,135.587,120.2985,115.492,77.706,5.096,7200000.0,5131037.5,4419804.5,5283444.0,4826223.5,4388513.0,1350000.0,1791550.0,2973000.0,1632825.0,2800000.0,1950000.0,2106500.0,2404000.0,2100000.0,1750000.0,1329600.0,1480900.0,1100000.0,1311000.0,1314303.5,18478412.0,11987000.0,7584706.0,9548235.5,3499215.5,2236000.0,1456500.0,1739965.0,1970438.0,2388000.0,2318266.0,2597000.0,2848500.0,2555147.5,3055758.0,3415000.0,3574182.0,3440000.0,3492000.0,2782262.0,2395000.0,12585000.0,11300000.0,7584706.0,9481235.5,2824325.0,2236000.0,1400000.0,1524279.5,1848000.0,2250763.0,2318266.0,2597000.0,2848500.0,2516291.0,3055758.0,3525500.0,3505000.0,3500000.0,3500000.0,2782262.0,1973000.0
1.0,145.86,4404000.0,3332960.0,3400000.0,3559760.0,3824840.0,3273000.0,3049000.0,2903040.0,2837160.0,2993760.0,2967000.0,2759000.0,2812320.0,3127000.0,3000000.0,3051520.0,3200000.0,3221563.0,3550000.0,3996900.0,3141000.0,4404000.0,3332960.0,3400000.0,3559760.0,3824840.0,3273000.0,3049000.0,2903040.0,2837160.0,2993760.0,2967000.0,2759000.0,2822000.0,3127000.0,3063000.0,3138000.0,3246000.0,3260023.0,3658967.0,4051500.0,3977500.0,19719.5,3999.0,2751.0,2401.0,3325.0,4299.4555,1095.36,206.5555,105.29400000000001,86.254,85.5465,114.0915,99.67949999999999,99.135,104.4385,136.871,135.587,120.2985,115.492,77.706,5.096,7200000.0,5131037.5,4419804.5,5283444.0,4826223.5,4388513.0,1350000.0,1791550.0,2973000.0,1632825.0,2800000.0,1950000.0,2106500.0,2404000.0,2100000.0,1750000.0,1329600.0,1480900.0,299400.0,244200.0,1314303.5,18478412.0,11987000.0,7584706.0,9548235.5,3499215.5,2236000.0,1456500.0,1739965.0,1970438.0,2388000.0,2318266.0,2597000.0,2848500.0,2555147.5,3055758.0,3415000.0,3574182.0,3440000.0,3492000.0,2782262.0,2395000.0,12585000.0,11300000.0,7584706.0,9481235.5,2824325.0,2236000.0,1400000.0,1524279.5,1848000.0,2250763.0,2318266.0,2597000.0,2848500.0,2516291.0,3055758.0,3525500.0,3505000.0,3500000.0,3500000.0,2782262.0,1973000.0
1.0,1008.67,4404000.0,3332960.0,3400000.0,3559760.0,3824840.0,3273000.0,3049000.0,2903040.0,2837160.0,2993760.0,2967000.0,2759000.0,2812320.0,3127000.0,3000000.0,3051520.0,3200000.0,3221563.0,3550000.0,3996900.0,3141000.0,4404000.0,3332960.0,3400000.0,3559760.0,3824840.0,3273000.0,3049000.0,2903040.0,2837160.0,2993760.0,2967000.0,2759000.0,2822000.0,3127000.0,3063000.0,3138000.0,3246000.0,3260023.0,3658967.0,4051500.0,3977500.0,19719.5,3999.0,2751.0,2401.0,3325.0,4299.4555,1095.36,206.5555,105.29400000000001,2.575,3.395,4.298,7.51,7.514,8.864,9.262,8.592,8.243,8.348,8.118,6.782,7200000.0,5131037.5,4419804.5,5283444.0,4826223.5,4388513.0,1350000.0,1791550.0,2973000.0,1632825.0,2800000.0,1950000.0,2106500.0,2404000.0,2100000.0,1750000.0,1329600.0,1480900.0,1100000.0,1311000.0,1314303.5,18478412.0,11987000.0,7584706.0,9548235.5,3499215.5,2236000.0,1456500.0,1739965.0,1970438.0,676750.0,621930.0,713365.0,1119675.0,1166000.0,1283000.0,1359000.0,924000.0,790000.0,679000.0,1028355.0,1264121.0,12585000.0,11300000.0,7584706.0,9481235.5,2824325.0,2236000.0,1400000.0,1524279.5,1848000.0,835843.0,632573.0,698317.0,1169581.0,1274000.0,1365000.0,1323000.0,1027000.0,828000.0,711000.0,652000.0,771000.0
1.0,1808.23,4404000.0,3332960.0,3400000.0,3559760.0,3824840.0,3273000.0,3049000.0,2903040.0,2837160.0,2993760.0,2967000.0,2759000.0,2812320.0,3127000.0,3000000.0,3051520.0,3200000.0,3221563.0,3550000.0,3996900.0,3141000.0,4404000.0,3332960.0,3400000.0,3559760.0,3824840.0,3273000.0,3049000.0,2903040.0,2837160.0,2993760.0,2967000.0,2759000.0,2822000.0,3127000.0,3063000.0,3138000.0,3246000.0,3260023.0,3658967.0,4051500.0,3977500.0,19719.5,3999.0,2751.0,2401.0,3325.0,4299.4555,1095.36,206.5555,105.29400000000001,86.254,85.5465,114.0915,99.67949999999999,99.135,104.4385,136.871,135.587,120.2985,115.492,77.706,5.096,7200000.0,5131037.5,4419804.5,5283444.0,4826223.5,4388513.0,1350000.0,1791550.0,2973000.0,1632825.0,2800000.0,1950000.0,2106500.0,2404000.0,2100000.0,1750000.0,1329600.0,1480900.0,1100000.0,1311000.0,1314303.5,18478412.0,11987000.0,7584706.0,9548235.5,3499215.5,2236000.0,1456500.0,1739965.0,1970438.0,2388000.0,2318266.0,2597000.0,2848500.0,2555147.5,3055758.0,3415000.0,3574182.0,3440000.0,3492000.0,2782262.0,2395000.0,12585000.0,11300000.0,7584706.0,9481235.5,2824325.0,2236000.0,1400000.0,1524279.5,1848000.0,2250763.0,2318266.0,2597000.0,2848500.0,2516291.0,3055758.0,3525500.0,3505000.0,3500000.0,3500000.0,2782262.0,1973000.0
0.0,69.16,4404000.0,3332960.0,3400000.0,3559760.0,3824840.0,3273000.0,3049000.0,2903040.0,2837160.0,2993760.0,2967000.0,2759000.0,2812320.0,3127000.0,3000000.0,3051520.0,272160.0,362880.0,3550000.0,3996900.0,3141000.0,4404000.0,3332960.0,3400000.0,3559760.0,3824840.0,3273000.0,3049000.0,2903040.0,2837160.0,2993760.0,2967000.0,2759000.0,2822000.0,3127000.0,3063000.0,3138000.0,272160.0,362880.0,3658967.0,4051500.0,3977500.0,19719.5,3999.0,2751.0,2401.0,3325.0,4299.4555,1095.36,206.5555,105.29400000000001,86.254,85.5465,114.0915,99.67949999999999,99.135,104.4385,136.871,135.587,120.2985,115.492,77.706,5.096,7200000.0,5131037.5,4419804.5,5283444.0,4826223.5,4388513.0,1350000.0,1791550.0,2973000.0,1632825.0,2800000.0,1950000.0,2106500.0,2404000.0,2100000.0,1750000.0,1329600.0,1480900.0,1100000.0,1311000.0,1314303.5,18478412.0,11987000.0,7584706.0,9548235.5,3499215.5,2236000.0,1456500.0,1739965.0,1970438.0,2388000.0,2318266.0,2597000.0,2848500.0,2555147.5,3055758.0,3415000.0,3574182.0,3440000.0,3492000.0,2782262.0,2395000.0,12585000.0,11300000.0,7584706.0,9481235.5,2824325.0,2236000.0,1400000.0,1524279.5,1848000.0,2250763.0,2318266.0,2597000.0,2848500.0,2516291.0,3055758.0,3525500.0,3505000.0,3500000.0,3500000.0,2782262.0,1973000.0
1.0,151.08,4404000.0,3332960.0,3400000.0,3559760.0,3824840.0,3273000.0,3049000.0,2903040.0,2837160.0,2993760.0,2967000.0,2759000.0,2812320.0,3127000.0,3000000.0,3051520.0,3200000.0,3221563.0,3550000.0,3996900.0,3141000.0,4404000.0,3332960.0,3400000.0,3559760.0,3824840.0,3273000.0,3049000.0,2903040.0,2837160.0,2993760.0,2967000.0,2759000.0,2822000.0,3127000.0,3063000.0,3138000.0,3246000.0,3260023.0,3658967.0,4051500.0,3977500.0,19719.5,3999.0,2751.0,2401.0,3325.0,4299.4555,1095.36,206.5555,105.29400000000001,86.254,85.5465,1035000.0,1305250.0,1207500.0,920000.0,517500.0,402500.0,385000.0,385000.0,495000.0,5.096,7200000.0,5131037.5,4419804.5,5283444.0,4826223.5,4388513.0,1350000.0,1791550.0,2973000.0,1632825.0,2800000.0,1800000.0,2270000.0,2100000.0,1600000.0,900000.0,700000.0,700000.0,700000.0,900000.0,1314303.5,18478412.0,11987000.0,7584706.0,9548235.5,3499215.5,2236000.0,1456500.0,1739965.0,1970438.0,2388000.0,2318266.0,2597000.0,2848500.0,2555147.5,3055758.0,3415000.0,3574182.0,3440000.0,3492000.0,2782262.0,2395000.0,12585000.0,11300000.0,7584706.0,9481235.5,2824325.0,2236000.0,1400000.0,1524279.5,1848000.0,2250763.0,2318266.0,2597000.0,2848500.0,2516291.0,3055758.0,3525500.0,3505000.0,3500000.0,3500000.0,2782262.0,1973000.0
1.0,1328.29,4404000.0,3332960.0,3400000.0,3559760.0,3824840.0,3273000.0,3049000.0,2903040.0,2837160.0,2993760.0,2967000.0,2759000.0,2812320.0,3127000.0,3000000.0,3051520.0,3200000.0,3221563.0,3550000.0,3996900.0,3141000.0,4404000.0,3332960.0,3400000.0,3559760.0,3824840.0,3273000.0,3049000.0,2903040.0,2837160.0,2993760.0,2967000.0,2759000.0,2822000.0,3127000.0,3063000.0,3138000.0,3246000.0,3260023.0,3658967.0,4051500.0,3977500.0,19719.5,3999.0,2751.0,2401.0,3325.0,4299.4555,1095.36,206.5555,105.29400000000001,86.254,85.5465,114.0915,99.67949999999999,99.135,104.4385,136.871,0.624,4.933,4.819,77.706,5.096,7200000.0,5131037.5,4419804.5,5283444.0,4826223.5,4388513.0,1350000.0,1791550.0,2973000.0,1632825.0,2800000.0,1950000.0,2106500.0,2404000.0,2100000.0,1750000.0,1329600.0,1480900.0,1100000.0,1311000.0,1314303.5,18478412.0,11987000.0,7584706.0,9548235.5,3499215.5,2236000.0,1456500.0,1739965.0,1970438.0,2388000.0,2318266.0,2597000.0,2848500.0,2555147.5,3055758.0,3415000.0,647741.0,3968093.0,4848984.0,2782262.0,2395000.0,12585000.0,11300000.0,7584706.0,9481235.5,2824325.0,2236000.0,1400000.0,1524279.5,1848000.0,2250763.0,2318266.0,2597000.0,2848500.0,2516291.0,3055758.0,3525500.0,647741.0,3968093.0,4848984.0,2782262.0,1973000.0
1.0,730.09,4404000.0,3332960.0,3400000.0,3559760.0,3824840.0,3273000.0,3049000.0,2903040.0,2837160.0,2993760.0,2967000.0,2759000.0,2812320.0,3127000.0,3000000.0,3051520.0,3200000.0,3221563.0,3550000.0,3996900.0,3141000.0,4404000.0,3332960.0,3400000.0,3559760.0,3824840.0,3273000.0,3049000.0,2903040.0,2837160.0,2993760.0,2967000.0,2759000.0,2822000.0,3127000.0,3063000.0,3138000.0,3246000.0,3260023.0,3658967.0,4051500.0,3977500.0,19719.5,3999.0,2751.0,2401.0,3325.0,4299.4555,1095.36,2.233,6.643,7.442,9.52,10.465,10.586,10.338,8.046,8.487,135.587,120.2985,115.492,77.706,5.096,7200000.0,5131037.5,4419804.5,5283444.0,4826223.5,4388513.0,1350000.0,1791550.0,2973000.0,1632825.0,2800000.0,1950000.0,2106500.0,2404000.0,2100000.0,1750000.0,1329600.0,1480900.0,1100000.0,1311000.0,1314303.5,18478412.0,11987000.0,7584706.0,9548235.5,3499215.5,2236000.0,1456500.0,141500.0,22209500.0,25093600.0,27499700.0,26271800.0,29328600.0,27682200.0,23262100.0,18738100.0,3574182.0,3440000.0,3492000.0,2782262.0,2395000.0,12585000.0,11300000.0,7584706.0,9481235.5,2824325.0,2236000.0,1400000.0,141500.0,22180100.0,25424400.0,28055300.0,26565800.0,29589000.0,28113300.0,23264300.0,18606700.0,3505000.0,3500000.0,3500000.0,2782262.0,1973000.0
1.0,2279.37,4404000.0,3332960.0,3400000.0,3559760.0,3824840.0,3273000.0,3049000.0,2903040.0,2837160.0,2993760.0,2967000.0,2759000.0,2812320.0,3127000.0,3000000.0,3051520.0,3200000.0,3221563.0,3550000.0,3996900.0,3141000.0,4404000.0,3332960.0,3400000.0,3559760.0,3824840.0,3273000.0,3049000.0,2903040.0,2837160.0,2993760.0,2967000.0,2759000.0,2822000.0,3127000.0,3063000.0,3138000.0,3246000.0,3260023.0,3658967.0,4051500.0,3977500.0,309500.0,373800.0,335500.0,337800.0,362600.0,333800.0,335200.0,300100.0,351100.0,322600.0,1.092,1.238,1.602,1.764,2.068,1.599,1.798,1.723,1.966,1.857,5.096,714500.0,856900.0,811800.0,826500.0,948800.0,865100.0,842600.0,872100.0,1135200.0,951100.0,1160700.0,1228000.0,2106500.0,2404000.0,2100000.0,1750000.0,1329600.0,1480900.0,1100000.0,1311000.0,1314303.5,33981500.0,38215500.0,40332500.0,41354500.0,45953500.0,46756500.0,46501000.0,46099500.0,49932000.0,47158000.0,58181000.0,64459000.0,65809500.0,64678000.0,64349500.0,61393000.0,56794000.0,58984000.0,61721500.0,61247000.0,2395000.0,33981500.0,38215500.0,40332500.0,41354500.0,45953500.0,46756500.0,46501000.0,46099500.0,49932000.0,47158000.0,58181000.0,64459000.0,65809500.0,64678000.0,64349500.0,61393000.0,56794000.0,58984000.0,61721500.0,61247000.0,1973000.0
1.0,145.86,4404000.0,3332960.0,3400000.0,3559760.0,3824840.0,3273000.0,3049000.0,2903040.0,2837160.0,2993760.0,2967000.0,2759000.0,2812320.0,3127000.0,3000000.0,3051520.0,3200000.0,3221563.0,3550000.0,3996900.0,3141000.0,4404000.0,3332960.0,3400000.0,3559760.0,3824840.0,3273000.0,3049000.0,2903040.0,2837160.0,2993760.0,2967000.0,2759000.0,2822000.0,3127000.0,3063000.0,3138000.0,3246000.0,3260023.0,3658967.0,4051500.0,3977500.0,19719.5,3999.0,2751.0,2401.0,3325.0,4299.4555,1095.36,206.5555,105.29400000000001,86.254,85.5465,114.0915,99.67949999999999,99.135,104.4385,136.871,135.587,120.2985,115.492,77.706,5.096,7200000.0,5131037.5,4419804.5,5283444.0,4826223.5,4388513.0,1350000.0,1791550.0,2973000.0,1632825.0,2800000.0,1950000.0,2106500.0,2404000.0,2100000.0,1750000.0,1329600.0,1480900.0,1100000.0,1311000.0,1314303.5,18478412.0,11987000.0,7584706.0,9548235.5,3499215.5,2236000.0,1456500.0,1739965.0,1970438.0,2388000.0,2318266.0,2597000.0,2848500.0,2555147.5,3055758.0,3415000.0,3574182.0,3440000.0,3492000.0,2782262.0,2395000.0,12585000.0,11300000.0,7584706.0,9481235.5,2824325.0,2236000.0,1400000.0,1524279.5,1848000.0,2250763.0,2318266.0,2597000.0,2848500.0,2516291.0,3055758.0,3525500.0,3505000.0,3500000.0,3500000.0,2782262.0,1973000.0
1.0,33.2,0.0,997920.0,0.0,0.0,4354560.0,5806080.0,5806080.0,5987520.0,4717440.0,5443200.0,5352480.0,90720.0,5261760.0,3127000.0,3000000.0,3051520.0,3200000.0,3221563.0,3550000.0,3996900.0,3141000.0,0.0,997920.0,0.0,0.0,4354560.0,5806080.0,5806080.0,5987520.0,4717440.0,5443200.0,5352480.0,90720.0,5261760.0,3127000.0,3063000.0,3138000.0,3246000.0,3260023.0,3658967.0,4051500.0,3977500.0,19719.5,3999.0,2751.0,2401.0,3325.0,4299.4555,1095.36,206.5555,105.29400000000001,86.254,85.5465,114.0915,99.67949999999999,99.135,104.4385,136.871,135.587,120.2985,115.492,77.706,5.096,7200000.0,5131037.5,4419804.5,5283444.0,4826223.5,4388513.0,1350000.0,1791550.0,2973000.0,1632825.0,2800000.0,1950000.0,2106500.0,2404000.0,2100000.0,1750000.0,1329600.0,1480900.0,1100000.0,1311000.0,1314303.5,18478412.0,11987000.0,7584706.0,9548235.5,3499215.5,2236000.0,1456500.0,1739965.0,1970438.0,2388000.0,2318266.0,2597000.0,2848500.0,2555147.5,3055758.0,3415000.0,3574182.0,3440000.0,3492000.0,2782262.0,2395000.0,12585000.0,11300000.0,7584706.0,9481235.5,2824325.0,2236000.0,1400000.0,1524279.5,1848000.0,2250763.0,2318266.0,2597000.0,2848500.0,2516291.0,3055758.0,3525500.0,3505000.0,3500000.0,3500000.0,2782262.0,1973000.0
1.0,6680.73,4404000.0,3332960.0,3400000.0,3559760.0,3824840.0,3273000.0,3049000.0,2903040.0,2837160.0,2993760.0,2967000.0,2759000.0,2812320.0,3127000.0,3000000.0,3051520.0,3200000.0,3221563.0,3550000.0,3996900.0,3141000.0,4404000.0,3332960.0,3400000.0,3559760.0,3824840.0,3273000.0,3049000.0,2903040.0,2837160.0,2993760.0,2967000.0,2759000.0,2822000.0,3127000.0,3063000.0,3138000.0,3246000.0,3260023.0,3658967.0,4051500.0,3977500.0,19719.5,3999.0,2751.0,2401.0,3325.0,4299.4555,1095.36,206.5555,105.29400000000001,86.254,85.5465,114.0915,99.67949999999999,14871.0,23791.0,25839.0,20973.0,18299.0,115.492,77.706,5.096,7200000.0,5131037.5,4419804.5,5283444.0,4826223.5,4388513.0,1350000.0,1791550.0,2973000.0,1632825.0,2800000.0,1950000.0,2106500.0,40331.0,57009.0,61902.0,51391.0,44680.0,1100000.0,1311000.0,1314303.5,18478412.0,11987000.0,7584706.0,9548235.5,3499215.5,2236000.0,1456500.0,1739965.0,1970438.0,2388000.0,2318266.0,2597000.0,2848500.0,1000000.0,1439000.0,1599000.0,1221000.0,1005000.0,3492000.0,2782262.0,2395000.0,12585000.0,11300000.0,7584706.0,9481235.5,2824325.0,2236000.0,1400000.0,1524279.5,1848000.0,2250763.0,2318266.0,2597000.0,2848500.0,1047000.0,1558000.0,1650000.0,1277000.0,1013000.0,3500000.0,2782262.0,1973000.0
1.0,5176.96,4404000.0,3332960.0,3400000.0,3559760.0,3824840.0,3273000.0,3049000.0,2903040.0,2837160.0,2993760.0,2967000.0,2759000.0,2812320.0,3127000.0,3000000.0,3051520.0,3200000.0,3221563.0,3550000.0,3996900.0,3141000.0,4404000.0,3332960.0,3400000.0,3559760.0,3824840.0,3273000.0,3049000.0,2903040.0,2837160.0,2993760.0,2967000.0,2759000.0,2822000.0,3127000.0,3063000.0,3138000.0,3246000.0,3260023.0,3658967.0,4051500.0,3977500.0,19719.5,3999.0,2751.0,2401.0,3325.0,4299.4555,1095.36,206.5555,105.29400000000001,86.254,85.5465,114.0915,99.67949999999999,99.135,104.4385,136.871,69100.0,66900.0,70100.0,77.706,5.096,7200000.0,5131037.5,4419804.5,5283444.0,4826223.5,4388513.0,1350000.0,1791550.0,2973000.0,1632825.0,2800000.0,1950000.0,2106500.0,2404000.0,2100000.0,1750000.0,1329600.0,1480900.0,1100000.0,1311000.0,1314303.5,18478412.0,11987000.0,7584706.0,9548235.5,3499215.5,2236000.0,1456500.0,1739965.0,1970438.0,2388000.0,2318266.0,2597000.0,2848500.0,2555147.5,3055758.0,3415000.0,3574182.0,3440000.0,3492000.0,2782262.0,2395000.0,12585000.0,11300000.0,7584706.0,9481235.5,2824325.0,2236000.0,1400000.0,1524279.5,1848000.0,2250763.0,2318266.0,2597000.0,2848500.0,2516291.0,3055758.0,3525500.0,3505000.0,3500000.0,3500000.0,2782262.0,1973000.0
1.0,409.58,4404000.0,3332960.0,3400000.0,3559760.0,3824840.0,3273000.0,3049000.0,2903040.0,2837160.0,2993760.0,2967000.0,2759000.0,2812320.0,3127000.0,3000000.0,3051520.0,3200000.0,3221563.0,3550000.0,3996900.0,3141000.0,4404000.0,3332960.0,3400000.0,3559760.0,3824840.0,3273000.0,3049000.0,2903040.0,2837160.0,2993760.0,2967000.0,2759000.0,2822000.0,3127000.0,3063000.0,3138000.0,3246000.0,3260023.0,3658967.0,4051500.0,3977500.0,19719.5,3999.0,0.209,0.207,0.225,0.202,0.236,4.519,5.712,6.626,5.684,5.438,5.275,6.183,4.774,6.908,4.777,4.986,6.314,5.365,5.096,7200000.0,5131037.5,4419804.5,5283444.0,4826223.5,4388513.0,1350000.0,1791550.0,2973000.0,1632825.0,2800000.0,1950000.0,2106500.0,2404000.0,2100000.0,1750000.0,1329600.0,1480900.0,1100000.0,1311000.0,1314303.5,18478412.0,11987000.0,3892241.0,4263746.0,4297781.0,4648903.0,5678195.0,5564873.0,5545008.0,5635537.0,5458607.0,5817001.0,5789255.0,5811868.0,5669729.0,5608000.0,4971000.0,5072000.0,6314000.0,6456000.0,2395000.0,12585000.0,11300000.0,4471851.0,4813128.0,5042969.0,4989306.0,5513634.0,5564873.0,5545008.0,5635537.0,5458607.0,5817001.0,5789255.0,5811868.0,5669729.0,7752000.0,6068000.0,5878000.0,5897000.0,5917000.0,1973000.0
1.0,2857.67,4404000.0,3332960.0,3400000.0,3559760.0,3824840.0,3273000.0,3049000.0,2903040.0,2837160.0,2993760.0,2967000.0,2759000.0,2812320.0,3127000.0,3000000.0,3051520.0,3200000.0,3221563.0,3550000.0,3996900.0,3141000.0,4404000.0,3332960.0,3400000.0,3559760.0,3824840.0,3273000.0,3049000.0,2903040.0,2837160.0,2993760.0,2967000.0,2759000.0,2822000.0,3127000.0,3063000.0,3138000.0,3246000.0,3260023.0,3658967.0,4051500.0,3977500.0,19719.5,3999.0,2751.0,2401.0,3325.0,4299.4555,258342.557,303465.72,284274.1,255425.634,225703.056,258590.464,272264.727,101030.143,104.4385,136.871,217.035,31902.12,256354.2,77.706,5.096,7200000.0,5131037.5,4419804.5,5283444.0,4826223.5,4388513.0,1350000.0,1791550.0,2973000.0,1632825.0,2800000.0,1950000.0,2106500.0,2404000.0,2100000.0,1750000.0,1329600.0,1480900.0,1100000.0,1311000.0,1314303.5,18478412.0,11987000.0,7584706.0,9548235.5,3499215.5,2236000.0,565301.0,665495.0,628925.0,571422.0,486429.0,564608.0,620193.0,230137.0,0.0,0.0,455.0,73170.0,589320.0,0.0,2395000.0,12585000.0,11300000.0,7584706.0,9481235.5,2824325.0,2236000.0,565301.0,665495.0,628925.0,571422.0,486429.0,564608.0,620193.0,230137.0,0.0,0.0,455.0,73170.0,589320.0,0.0,1973000.0
1.0,28.25,4404000.0,3332960.0,3400000.0,3559760.0,3824840.0,3273000.0,3049000.0,2903040.0,2837160.0,2993760.0,2967000.0,2759000.0,2812320.0,3127000.0,3000000.0,3051520.0,3200000.0,3221563.0,3550000.0,3996900.0,3141000.0,4404000.0,3332960.0,3400000.0,3559760.0,3824840.0,3273000.0,3049000.0,2903040.0,2837160.0,2993760.0,2967000.0,2759000.0,2822000.0,3127000.0,3063000.0,3138000.0,3246000.0,3260023.0,3658967.0,4051500.0,3977500.0,19719.5,3999.0,2751.0,2401.0,3325.0,4299.4555,1095.36,206.5555,105.29400000000001,86.254,85.5465,114.0915,21.232,39.807,37.82,39.975,50.607,34.502,15.988,77.706,5.096,7200000.0,5131037.5,4419804.5,5283444.0,4826223.5,4388513.0,1350000.0,1791550.0,2973000.0,1632825.0,2800000.0,1950000.0,2106500.0,2404000.0,2100000.0,1750000.0,1329600.0,1480900.0,1100000.0,1311000.0,1314303.5,18478412.0,11987000.0,7584706.0,9548235.5,3499215.5,2236000.0,1456500.0,1739965.0,1970438.0,2388000.0,2318266.0,2597000.0,103570.0,161567.0,148058.0,158124.0,204035.0,170519.0,92450.0,2782262.0,2395000.0,12585000.0,11300000.0,7584706.0,9481235.5,2824325.0,2236000.0,1400000.0,1524279.5,1848000.0,2250763.0,2318266.0,2597000.0,103570.0,161567.0,148058.0,158124.0,204035.0,170519.0,92450.0,2782262.0,1973000.0
1.0,847.72,4404000.0,3332960.0,3400000.0,3559760.0,3824840.0,3273000.0,3049000.0,2903040.0,2837160.0,2993760.0,2967000.0,2759000.0,2812320.0,3127000.0,3000000.0,3051520.0,3200000.0,3221563.0,3550000.0,3996900.0,3141000.0,4404000.0,3332960.0,3400000.0,3559760.0,3824840.0,3273000.0,3049000.0,2903040.0,2837160.0,2993760.0,2967000.0,2759000.0,2822000.0,3127000.0,3063000.0,3138000.0,3246000.0,3260023.0,3658967.0,4051500.0,3977500.0,19719.5,3999.0,2751.0,2401.0,3325.0,4299.4555,1095.36,206.5555,0.266,107.064,112.204,106.606,102.814,88.975,105.418,101.399,88.749,88.381,87.504,73.552,5.096,7200000.0,5131037.5,4419804.5,5283444.0,4826223.5,4388513.0,1350000.0,1791550.0,2973000.0,1632825.0,2800000.0,1950000.0,2106500.0,2404000.0,2100000.0,1750000.0,1329600.0,1480900.0,1100000.0,1311000.0,1314303.5,18478412.0,11987000.0,7584706.0,9548235.5,3499215.5,2236000.0,1456500.0,1739965.0,1970438.0,632949.0,717463.0,697000.0,734000.0,720000.0,797000.0,775000.0,754000.0,793000.0,804000.0,708600.0,2395000.0,12585000.0,11300000.0,7584706.0,9481235.5,2824325.0,2236000.0,1400000.0,1524279.5,1848000.0,632949.0,717463.0,697000.0,734000.0,720000.0,797000.0,775000.0,754000.0,793000.0,804000.0,708600.0,1973000.0
1.0,107.05,4404000.0,3332960.0,3400000.0,3559760.0,3824840.0,3273000.0,3049000.0,2903040.0,2837160.0,2993760.0,2967000.0,7791000.0,8169000.0,3127000.0,9215000.0,9330000.0,10983053.0,9002000.0,10562000.0,10159000.0,3141000.0,4404000.0,3332960.0,3400000.0,3559760.0,3824840.0,3273000.0,3049000.0,2903040.0,2837160.0,2993760.0,2967000.0,7791000.0,8169000.0,3127000.0,9215000.0,9330000.0,10983053.0,9002000.0,10562000.0,10159000.0,3977500.0,19719.5,3999.0,2751.0,2401.0,3325.0,4299.4555,1095.36,206.5555,105.29400000000001,86.254,85.5465,114.0915,99.67949999999999,99.135,104.4385,136.871,135.587,120.2985,115.492,77.706,5.096,7200000.0,5131037.5,4419804.5,5283444.0,4826223.5,4388513.0,1350000.0,1791550.0,2973000.0,1632825.0,2800000.0,1950000.0,2106500.0,2404000.0,2100000.0,1750000.0,1329600.0,1480900.0,1100000.0,1311000.0,1314303.5,18478412.0,11987000.0,7584706.0,9548235.5,3499215.5,2236000.0,1456500.0,1739965.0,1970438.0,2388000.0,2318266.0,2597000.0,2848500.0,2555147.5,3055758.0,3415000.0,3574182.0,3440000.0,3492000.0,2782262.0,2395000.0,12585000.0,11300000.0,7584706.0,9481235.5,2824325.0,2236000.0,1400000.0,1524279.5,1848000.0,2250763.0,2318266.0,2597000.0,2848500.0,2516291.0,3055758.0,3525500.0,3505000.0,3500000.0,3500000.0,2782262.0,1973000.0
1.0,507.23,4404000.0,3332960.0,3400000.0,3559760.0,3824840.0,3273000.0,3049000.0,2903040.0,2837160.0,2993760.0,2967000.0,2759000.0,2812320.0,3127000.0,3000000.0,3051520.0,3200000.0,3221563.0,3550000.0,3996900.0,3141000.0,4404000.0,3332960.0,3400000.0,3559760.0,3824840.0,3273000.0,3049000.0,2903040.0,2837160.0,2993760.0,2967000.0,2759000.0,2822000.0,3127000.0,3063000.0,3138000.0,3246000.0,3260023.0,3658967.0,4051500.0,3977500.0,19719.5,3999.0,2751.0,2401.0,3325.0,6.393,4.653,4.378,4.485,4.565,4.252,4.779,4.49,5.012,5.047,6.438,6.379,6.29,6.381,6.849,5.096,7200000.0,5131037.5,4419804.5,5283444.0,4826223.5,4388513.0,1350000.0,1791550.0,2973000.0,1632825.0,2800000.0,1950000.0,2106500.0,2404000.0,2100000.0,1750000.0,1329600.0,1480900.0,1100000.0,1311000.0,1314303.5,18478412.0,11987000.0,7584706.0,9548235.5,3499215.5,8205247.0,8664018.0,9274363.0,9694603.0,11995652.0,9239280.0,12888156.0,11978711.0,2555147.5,3055758.0,20538000.0,23613000.0,25589000.0,27526000.0,25676000.0,2395000.0,12585000.0,11300000.0,7584706.0,9481235.5,2824325.0,8205247.0,8664318.0,9274363.0,9624138.0,11995652.0,9239280.0,12888156.0,11978861.0,2516291.0,3055758.0,20538000.0,23613000.0,25589000.0,27526000.0,25676000.0,1973000.0
0.0,507.23,4404000.0,3332960.0,3400000.0,3559760.0,3824840.0,3273000.0,3049000.0,2903040.0,2837160.0,2993760.0,2967000.0,2759000.0,2812320.0,3127000.0,3000000.0,3051520.0,3200000.0,3221563.0,3550000.0,3996900.0,3141000.0,4404000.0,3332960.0,3400000.0,3559760.0,3824840.0,3273000.0,3049000.0,2903040.0,2837160.0,2993760.0,2967000.0,2759000.0,2822000.0,3127000.0,3063000.0,3138000.0,3246000.0,3260023.0,3658967.0,4051500.0,3977500.0,19719.5,3999.0,2751.0,2401.0,3325.0,4.808,49.71,88.24,99.912,129.267,194.661,273.03,204.66,219.103,226.878,228.237,178.752,120.2985,115.492,77.706,5.096,7200000.0,5131037.5,4419804.5,5283444.0,4826223.5,4388513.0,1350000.0,1791550.0,2973000.0,1632825.0,2800000.0,1950000.0,2106500.0,2404000.0,2100000.0,1750000.0,1329600.0,1480900.0,1100000.0,1311000.0,1314303.5,18478412.0,11987000.0,7584706.0,9548235.5,3499215.5,116000.0,1088800.0,1772600.0,1845000.0,2161000.0,1599700.0,1685600.0,1936300.0,1941900.0,1933900.0,1310000.0,1006000.0,3440000.0,3492000.0,2782262.0,2395000.0,12585000.0,11300000.0,7584706.0,9481235.5,2824325.0,116000.0,1088800.0,1772600.0,1845000.0,2161000.0,1599700.0,1685600.0,1936300.0,1941900.0,1933900.0,1310000.0,1006000.0,3500000.0,3500000.0,2782262.0,1973000.0
1.0,1246.05,4404000.0,3332960.0,3400000.0,3559760.0,3824840.0,3273000.0,3049000.0,2903040.0,2837160.0,2993760.0,2967000.0,2759000.0,2812320.0,3127000.0,3000000.0,3051520.0,3200000.0,3221563.0,3550000.0,3996900.0,3141000.0,4404000.0,3332960.0,3400000.0,3559760.0,3824840.0,3273000.0,3049000.0,2903040.0,2837160.0,2993760.0,2967000.0,2759000.0,2822000.0,3127000.0,3063000.0,3138000.0,3246000.0,3260023.0,3658967.0,4051500.0,3977500.0,19719.5,3999.0,2751.0,2401.0,3325.0,4299.4555,1095.36,206.5555,105.29400000000001,86.254,85.5465,114.0915,99.67949999999999,99.135,104.4385,136.871,135.587,120.2985,115.492,11.623,9.072,7200000.0,5131037.5,4419804.5,5283444.0,4826223.5,4388513.0,1350000.0,1791550.0,2973000.0,1632825.0,2800000.0,1950000.0,2106500.0,2404000.0,2100000.0,1750000.0,1329600.0,1480900.0,1100000.0,1311000.0,1314303.5,18478412.0,11987000.0,7584706.0,9548235.5,3499215.5,2236000.0,1456500.0,1739965.0,1970438.0,2388000.0,2318266.0,2597000.0,2848500.0,2555147.5,3055758.0,3415000.0,3574182.0,3440000.0,5700000.0,5900000.0,6100000.0,12585000.0,11300000.0,7584706.0,9481235.5,2824325.0,2236000.0,1400000.0,1524279.5,1848000.0,2250763.0,2318266.0,2597000.0,2848500.0,2516291.0,3055758.0,3525500.0,3505000.0,3500000.0,5600000.0,6000000.0,6100000.0
1.0,59.08,4404000.0,3332960.0,3400000.0,3559760.0,3824840.0,3273000.0,3049000.0,2903040.0,2837160.0,2993760.0,2967000.0,2759000.0,2812320.0,3127000.0,3000000.0,2231000.0,7384000.0,8986000.0,9664000.0,9200000.0,8190000.0,4404000.0,3332960.0,3400000.0,3559760.0,3824840.0,3273000.0,3049000.0,2903040.0,2837160.0,2993760.0,2967000.0,2759000.0,2822000.0,3127000.0,3063000.0,2614000.0,7826000.0,9729000.0,10953000.0,11720000.0,10726000.0,19719.5,3999.0,2751.0,2401.0,3325.0,4299.4555,1095.36,206.5555,105.29400000000001,86.254,85.5465,114.0915,99.67949999999999,99.135,104.4385,136.871,135.587,120.2985,115.492,77.706,5.096,7200000.0,5131037.5,4419804.5,5283444.0,4826223.5,4388513.0,1350000.0,1791550.0,2973000.0,1632825.0,2800000.0,1950000.0,2106500.0,2404000.0,2100000.0,1750000.0,1329600.0,1480900.0,1100000.0,1311000.0,1314303.5,18478412.0,11987000.0,7584706.0,9548235.5,3499215.5,2236000.0,1456500.0,1739965.0,1970438.0,2388000.0,2318266.0,2597000.0,2848500.0,2555147.5,3055758.0,3415000.0,3574182.0,3440000.0,3492000.0,2782262.0,2395000.0,12585000.0,11300000.0,7584706.0,9481235.5,2824325.0,2236000.0,1400000.0,1524279.5,1848000.0,2250763.0,2318266.0,2597000.0,2848500.0,2516291.0,3055758.0,3525500.0,3505000.0,3500000.0,3500000.0,2782262.0,1973000.0
1.0,1224.66,4404000.0,3332960.0,3400000.0,3559760.0,3824840.0,3273000.0,3049000.0,2903040.0,2837160.0,2993760.0,2967000.0,2759000.0,2812320.0,3127000.0,3000000.0,3051520.0,3200000.0,3221563.0,3550000.0,3996900.0,3141000.0,4404000.0,3332960.0,3400000.0,3559760.0,3824840.0,3273000.0,3049000.0,2903040.0,2837160.0,2993760.0,2967000.0,2759000.0,2822000.0,3127000.0,3063000.0,3138000.0,3246000.0,3260023.0,3658967.0,4051500.0,3977500.0,19719.5,3999.0,2751.0,2401.0,3325.0,4299.4555,1095.36,206.5555,105.29400000000001,86.254,1.304,1.701,2.58,2.835,3.827,6.265,6.265,7.796,4.848,2.438,5.096,7200000.0,5131037.5,4419804.5,5283444.0,4826223.5,4388513.0,1350000.0,1791550.0,2973000.0,1632825.0,2800000.0,1950000.0,2106500.0,2404000.0,2100000.0,1750000.0,1329600.0,1480900.0,1100000.0,1311000.0,1314303.5,18478412.0,11987000.0,7584706.0,9548235.5,3499215.5,2236000.0,1456500.0,1739965.0,1970438.0,2388000.0,2000792.0,2977722.0,3820911.0,4142840.0,4129100.0,4032852.0,3915102.0,3853034.0,3262040.0,2750306.0,2395000.0,12585000.0,11300000.0,7584706.0,9481235.5,2824325.0,2236000.0,1400000.0,1524279.5,1848000.0,2250763.0,2000792.0,2977722.0,3820911.0,4142840.0,4129100.0,4032852.0,3915102.0,3853034.0,3262040.0,2750306.0,1973000.0
1.0,1399.78,4404000.0,3332960.0,3400000.0,3559760.0,3824840.0,3273000.0,3049000.0,2903040.0,2837160.0,2993760.0,2967000.0,2759000.0,2812320.0,3127000.0,3000000.0,3051520.0,3200000.0,3221563.0,3550000.0,3996900.0,3141000.0,4404000.0,3332960.0,3400000.0,3559760.0,3824840.0,3273000.0,3049000.0,2903040.0,2837160.0,2993760.0,2967000.0,2759000.0,2822000.0,3127000.0,3063000.0,3138000.0,3246000.0,3260023.0,3658967.0,4051500.0,3977500.0,19719.5,3999.0,2751.0,2401.0,3325.0,4299.4555,1095.36,206.5555,105.29400000000001,86.254,85.5465,114.0915,99.67949999999999,99.135,104.4385,136.871,135.587,120.2985,115.492,0.51,5.096,7200000.0,5131037.5,4419804.5,5283444.0,4826223.5,4388513.0,1350000.0,1791550.0,2973000.0,1632825.0,2800000.0,1950000.0,2106500.0,2404000.0,2100000.0,1750000.0,1329600.0,1480900.0,1100000.0,1311000.0,1314303.5,18478412.0,11987000.0,7584706.0,9548235.5,3499215.5,2236000.0,1456500.0,1739965.0,1970438.0,2388000.0,2318266.0,2597000.0,2848500.0,2555147.5,3055758.0,3415000.0,3574182.0,3440000.0,3492000.0,1036746.0,2395000.0,12585000.0,11300000.0,7584706.0,9481235.5,2824325.0,2236000.0,1400000.0,1524279.5,1848000.0,2250763.0,2318266.0,2597000.0,2848500.0,2516291.0,3055758.0,3525500.0,3505000.0,3500000.0,3500000.0,1036746.0,1973000.0
1.0,1514.58,4404000.0,3332960.0,3400000.0,3559760.0,3824840.0,3273000.0,3049000.0,2903040.0,2837160.0,2993760.0,2967000.0,2759000.0,2812320.0,3127000.0,3000000.0,3051520.0,3200000.0,3221563.0,3550000.0,3996900.0,3141000.0,4404000.0,3332960.0,3400000.0,3559760.0,3824840.0,3273000.0,3049000.0,2903040.0,2837160.0,2993760.0,2967000.0,2759000.0,2822000.0,3127000.0,3063000.0,3138000.0,3246000.0,3260023.0,3658967.0,4051500.0,3977500.0,19719.5,3999.0,2751.0,2401.0,3325.0,4299.4555,1095.36,206.5555,105.29400000000001,86.254,85.5465,114.0915,15.231,19.113,12.382,136.871,135.587,120.2985,115.492,77.706,5.096,7200000.0,5131037.5,4419804.5,5283444.0,4826223.5,4388513.0,1350000.0,1791550.0,2973000.0,1632825.0,2800000.0,1950000.0,2106500.0,2404000.0,2100000.0,1750000.0,1329600.0,1480900.0,1100000.0,1311000.0,1314303.5,18478412.0,11987000.0,7584706.0,9548235.5,3499215.5,2236000.0,1456500.0,1739965.0,1970438.0,2388000.0,2318266.0,2597000.0,513684.0,640967.0,648568.0,3415000.0,3574182.0,3440000.0,3492000.0,2782262.0,2395000.0,12585000.0,11300000.0,7584706.0,9481235.5,2824325.0,2236000.0,1400000.0,1524279.5,1848000.0,2250763.0,2318266.0,2597000.0,603188.0,670867.0,681833.0,3525500.0,3505000.0,3500000.0,3500000.0,2782262.0,1973000.0
1.0,1328.29,4404000.0,3332960.0,3400000.0,3559760.0,3824840.0,3273000.0,3049000.0,2903040.0,2837160.0,2993760.0,2967000.0,2759000.0,2812320.0,3127000.0,3000000.0,3051520.0,3200000.0,3221563.0,3550000.0,3996900.0,3141000.0,4404000.0,3332960.0,3400000.0,3559760.0,3824840.0,3273000.0,3049000.0,2903040.0,2837160.0,2993760.0,2967000.0,2759000.0,2822000.0,3127000.0,3063000.0,3138000.0,3246000.0,3260023.0,3658967.0,4051500.0,3977500.0,19719.5,3999.0,2751.0,2401.0,3325.0,4299.4555,1095.36,206.5555,105.29400000000001,86.254,85.5465,114.0915,99.67949999999999,99.135,104.4385,136.871,2.943,14.518,15.112,14.829,5.096,7200000.0,5131037.5,4419804.5,5283444.0,4826223.5,4388513.0,1350000.0,1791550.0,2973000.0,1632825.0,2800000.0,1950000.0,2106500.0,2404000.0,2100000.0,1750000.0,1329600.0,1480900.0,1100000.0,1311000.0,1314303.5,18478412.0,11987000.0,7584706.0,9548235.5,3499215.5,2236000.0,1456500.0,1739965.0,1970438.0,2388000.0,2318266.0,2597000.0,2848500.0,2555147.5,3055758.0,3415000.0,6538190.0,12061224.0,15134818.0,12671770.0,2395000.0,12585000.0,11300000.0,7584706.0,9481235.5,2824325.0,2236000.0,1400000.0,1524279.5,1848000.0,2250763.0,2318266.0,2597000.0,2848500.0,2516291.0,3055758.0,3525500.0,2874917.0,13623422.0,14184072.0,14699362.0,1973000.0
1.0,69.16,4404000.0,3332960.0,3400000.0,3559760.0,3824840.0,3273000.0,3049000.0,2903040.0,2837160.0,2993760.0,2967000.0,2759000.0,2812320.0,3127000.0,3000000.0,3051520.0,529000.0,230000.0,1010000.0,1090000.0,1880000.0,4404000.0,3332960.0,3400000.0,3559760.0,3824840.0,3273000.0,3049000.0,2903040.0,2837160.0,2993760.0,2967000.0,2759000.0,2822000.0,3127000.0,3063000.0,3138000.0,529000.0,230000.0,1010000.0,1090000.0,1880000.0,19719.5,3999.0,2751.0,2401.0,3325.0,4299.4555,1095.36,206.5555,105.29400000000001,86.254,85.5465,114.0915,99.67949999999999,99.135,104.4385,136.871,135.587,120.2985,115.492,77.706,5.096,7200000.0,5131037.5,4419804.5,5283444.0,4826223.5,4388513.0,1350000.0,1791550.0,2973000.0,1632825.0,2800000.0,1950000.0,2106500.0,2404000.0,2100000.0,1750000.0,1329600.0,1480900.0,1100000.0,1311000.0,1314303.5,18478412.0,11987000.0,7584706.0,9548235.5,3499215.5,2236000.0,1456500.0,1739965.0,1970438.0,2388000.0,2318266.0,2597000.0,2848500.0,2555147.5,3055758.0,3415000.0,3574182.0,3440000.0,3492000.0,2782262.0,2395000.0,12585000.0,11300000.0,7584706.0,9481235.5,2824325.0,2236000.0,1400000.0,1524279.5,1848000.0,2250763.0,2318266.0,2597000.0,2848500.0,2516291.0,3055758.0,3525500.0,3505000.0,3500000.0,3500000.0,2782262.0,1973000.0
1.0,33.2,2358720.0,2449440.0,2630880.0,2993760.0,2903040.0,2993760.0,2993760.0,2903040.0,2630880.0,2268000.0,2540160.0,2268000.0,2268000.0,2177280.0,1723680.0,1905120.0,1814400.0,1905120.0,2086560.0,1905120.0,3141000.0,2358720.0,2449440.0,2630880.0,2993760.0,2903040.0,2993760.0,2993760.0,2903040.0,2630880.0,2268000.0,2540160.0,2268000.0,2268000.0,2177280.0,1723680.0,1905120.0,1814400.0,1905120.0,2086560.0,1905120.0,3977500.0,19719.5,3999.0,2751.0,2401.0,3325.0,4299.4555,1095.36,206.5555,105.29400000000001,86.254,85.5465,114.0915,99.67949999999999,99.135,104.4385,136.871,135.587,120.2985,115.492,77.706,5.096,7200000.0,5131037.5,4419804.5,5283444.0,4826223.5,4388513.0,1350000.0,1791550.0,2973000.0,1632825.0,2800000.0,1950000.0,2106500.0,2404000.0,2100000.0,1750000.0,1329600.0,1480900.0,1100000.0,1311000.0,1314303.5,18478412.0,11987000.0,7584706.0,9548235.5,3499215.5,2236000.0,1456500.0,1739965.0,1970438.0,2388000.0,2318266.0,2597000.0,2848500.0,2555147.5,3055758.0,3415000.0,3574182.0,3440000.0,3492000.0,2782262.0,2395000.0,12585000.0,11300000.0,7584706.0,9481235.5,2824325.0,2236000.0,1400000.0,1524279.5,1848000.0,2250763.0,2318266.0,2597000.0,2848500.0,2516291.0,3055758.0,3525500.0,3505000.0,3500000.0,3500000.0,2782262.0,1973000.0
1.0,65.81,4404000.0,3332960.0,3400000.0,3559760.0,3824840.0,3273000.0,3049000.0,2903040.0,2837160.0,2993760.0,2967000.0,2759000.0,2812320.0,3127000.0,51000.0,242000.0,3200000.0,3221563.0,3550000.0,3996900.0,3141000.0,4404000.0,3332960.0,3400000.0,3559760.0,3824840.0,3273000.0,3049000.0,2903040.0,2837160.0,2993760.0,2967000.0,2759000.0,2822000.0,3127000.0,51000.0,242000.0,3246000.0,3260023.0,3658967.0,4051500.0,3977500.0,19719.5,3999.0,2751.0,2401.0,3325.0,4299.4555,1095.36,206.5555,105.29400000000001,86.254,85.5465,114.0915,99.67949999999999,99.135,104.4385,136.871,135.587,120.2985,115.492,77.706,5.096,7200000.0,5131037.5,4419804.5,5283444.0,4826223.5,4388513.0,1350000.0,1791550.0,2973000.0,1632825.0,2800000.0,1950000.0,2106500.0,2404000.0,2100000.0,1750000.0,1329600.0,1480900.0,1100000.0,1311000.0,1314303.5,18478412.0,11987000.0,7584706.0,9548235.5,3499215.5,2236000.0,1456500.0,1739965.0,1970438.0,2388000.0,2318266.0,2597000.0,2848500.0,2555147.5,3055758.0,3415000.0,3574182.0,3440000.0,3492000.0,2782262.0,2395000.0,12585000.0,11300000.0,7584706.0,9481235.5,2824325.0,2236000.0,1400000.0,1524279.5,1848000.0,2250763.0,2318266.0,2597000.0,2848500.0,2516291.0,3055758.0,3525500.0,3505000.0,3500000.0,3500000.0,2782262.0,1973000.0
1.0,2279.37,4404000.0,3332960.0,3400000.0,3559760.0,3824840.0,3273000.0,3049000.0,2903040.0,2837160.0,2993760.0,2967000.0,2759000.0,2812320.0,3127000.0,3000000.0,3051520.0,3200000.0,3221563.0,3550000.0,3996900.0,3141000.0,4404000.0,3332960.0,3400000.0,3559760.0,3824840.0,3273000.0,3049000.0,2903040.0,2837160.0,2993760.0,2967000.0,2759000.0,2822000.0,3127000.0,3063000.0,3138000.0,3246000.0,3260023.0,3658967.0,4051500.0,3977500.0,59300.0,44100.0,10500.0,17800.0,9071.847,11339.809,8618.255,9071.847,8618.255,7257.478,8164.663,29937.096,29937.096,27669.135,25854.765,19504.472,11339.809,8618.255,7257.478,6803.886,5.096,7200000.0,5131037.5,4419804.5,5283444.0,4826223.5,4388513.0,1350000.0,1791550.0,2973000.0,1632825.0,2800000.0,1950000.0,2106500.0,2404000.0,2100000.0,1750000.0,1329600.0,1480900.0,1100000.0,1311000.0,1314303.5,46446000.0,32702000.0,7584706.0,9548235.5,3499215.5,2236000.0,1456500.0,1739965.0,1970438.0,2388000.0,2318266.0,2597000.0,2848500.0,2555147.5,3055758.0,3415000.0,3574182.0,3440000.0,3492000.0,2782262.0,2395000.0,11032000.0,10208000.0,7584706.0,9481235.5,2824325.0,2236000.0,1400000.0,1524279.5,1848000.0,2250763.0,2318266.0,2597000.0,2848500.0,2516291.0,3055758.0,3525500.0,3505000.0,3500000.0,3500000.0,2782262.0,1973000.0
1.0,85.86,4404000.0,3332960.0,3400000.0,3559760.0,3824840.0,3273000.0,3049000.0,2903040.0,2837160.0,2993760.0,2967000.0,2759000.0,1166000.0,2866000.0,3641000.0,4013000.0,4082400.0,3900960.0,3810240.0,2630880.0,2900000.0,4404000.0,3332960.0,3400000.0,3559760.0,3824840.0,3273000.0,3049000.0,2903040.0,2837160.0,2993760.0,2967000.0,2759000.0,986000.0,2866000.0,3641000.0,4013000.0,4082400.0,3900960.0,3810240.0,2630880.0,4000000.0,19719.5,3999.0,2751.0,2401.0,3325.0,4299.4555,1095.36,206.5555,105.29400000000001,86.254,85.5465,114.0915,99.67949999999999,99.135,104.4385,136.871,135.587,120.2985,115.492,77.706,5.096,7200000.0,5131037.5,4419804.5,5283444.0,4826223.5,4388513.0,1350000.0,1791550.0,2973000.0,1632825.0,2800000.0,1950000.0,2106500.0,2404000.0,2100000.0,1750000.0,1329600.0,1480900.0,1100000.0,1311000.0,1314303.5,18478412.0,11987000.0,7584706.0,9548235.5,3499215.5,2236000.0,1456500.0,1739965.0,1970438.0,2388000.0,2318266.0,2597000.0,2848500.0,2555147.5,3055758.0,3415000.0,3574182.0,3440000.0,3492000.0,2782262.0,2395000.0,12585000.0,11300000.0,7584706.0,9481235.5,2824325.0,2236000.0,1400000.0,1524279.5,1848000.0,2250763.0,2318266.0,2597000.0,2848500.0,2516291.0,3055758.0,3525500.0,3505000.0,3500000.0,3500000.0,2782262.0,1973000.0
1.0,70.77,4404000.0,3332960.0,3400000.0,3559760.0,3824840.0,3273000.0,3049000.0,2903040.0,2837160.0,90720.0,1360800.0,1360800.0,1451520.0,3127000.0,3000000.0,3051520.0,3200000.0,3221563.0,3550000.0,3996900.0,3141000.0,4404000.0,3332960.0,3400000.0,3559760.0,3824840.0,3273000.0,3049000.0,2903040.0,2837160.0,90720.0,1360800.0,1360800.0,1451520.0,3127000.0,3063000.0,3138000.0,3246000.0,3260023.0,3658967.0,4051500.0,3977500.0,19719.5,3999.0,2751.0,2401.0,3325.0,4299.4555,1095.36,206.5555,105.29400000000001,86.254,85.5465,114.0915,99.67949999999999,99.135,104.4385,136.871,135.587,120.2985,115.492,77.706,5.096,7200000.0,5131037.5,4419804.5,5283444.0,4826223.5,4388513.0,1350000.0,1791550.0,2973000.0,1632825.0,2800000.0,1950000.0,2106500.0,2404000.0,2100000.0,1750000.0,1329600.0,1480900.0,1100000.0,1311000.0,1314303.5,18478412.0,11987000.0,7584706.0,9548235.5,3499215.5,2236000.0,1456500.0,1739965.0,1970438.0,2388000.0,2318266.0,2597000.0,2848500.0,2555147.5,3055758.0,3415000.0,3574182.0,3440000.0,3492000.0,2782262.0,2395000.0,12585000.0,11300000.0,7584706.0,9481235.5,2824325.0,2236000.0,1400000.0,1524279.5,1848000.0,2250763.0,2318266.0,2597000.0,2848500.0,2516291.0,3055758.0,3525500.0,3505000.0,3500000.0,3500000.0,2782262.0,1973000.0
1.0,43.21,4404000.0,3265920.0,3175200.0,3356640.0,3447360.0,2540160.0,1905120.0,997920.0,2837160.0,2993760.0,2967000.0,2759000.0,2812320.0,3127000.0,3000000.0,3051520.0,3200000.0,3221563.0,3550000.0,3996900.0,3141000.0,4404000.0,3265920.0,3175200.0,3356640.0,3447360.0,2540160.0,1905120.0,997920.0,2837160.0,2993760.0,2967000.0,2759000.0,2822000.0,3127000.0,3063000.0,3138000.0,3246000.0,3260023.0,3658967.0,4051500.0,3977500.0,19719.5,3999.0,2751.0,2401.0,3325.0,4299.4555,1095.36,206.5555,105.29400000000001,86.254,85.5465,114.0915,99.67949999999999,99.135,104.4385,136.871,135.587,120.2985,115.492,77.706,5.096,7200000.0,5131037.5,4419804.5,5283444.0,4826223.5,4388513.0,1350000.0,1791550.0,2973000.0,1632825.0,2800000.0,1950000.0,2106500.0,2404000.0,2100000.0,1750000.0,1329600.0,1480900.0,1100000.0,1311000.0,1314303.5,18478412.0,11987000.0,7584706.0,9548235.5,3499215.5,2236000.0,1456500.0,1739965.0,1970438.0,2388000.0,2318266.0,2597000.0,2848500.0,2555147.5,3055758.0,3415000.0,3574182.0,3440000.0,3492000.0,2782262.0,2395000.0,12585000.0,11300000.0,7584706.0,9481235.5,2824325.0,2236000.0,1400000.0,1524279.5,1848000.0,2250763.0,2318266.0,2597000.0,2848500.0,2516291.0,3055758.0,3525500.0,3505000.0,3500000.0,3500000.0,2782262.0,1973000.0
0.0,63.29,4404000.0,3332960.0,3400000.0,3559760.0,272160.0,1088640.0,816480.0,544320.0,1723680.0,2903040.0,2721600.0,2540160.0,2630880.0,1995840.0,1905120.0,1905120.0,3200000.0,3221563.0,3550000.0,3996900.0,3141000.0,4404000.0,3332960.0,3400000.0,3559760.0,272160.0,1088640.0,816480.0,544320.0,1723680.0,2903040.0,2721600.0,2540160.0,2630880.0,1995840.0,1905120.0,1905120.0,3246000.0,3260023.0,3658967.0,4051500.0,3977500.0,19719.5,3999.0,2751.0,2401.0,3325.0,4299.4555,1095.36,206.5555,105.29400000000001,86.254,85.5465,114.0915,99.67949999999999,99.135,104.4385,136.871,135.587,120.2985,115.492,77.706,5.096,7200000.0,5131037.5,4419804.5,5283444.0,4826223.5,4388513.0,1350000.0,1791550.0,2973000.0,1632825.0,2800000.0,1950000.0,2106500.0,2404000.0,2100000.0,1750000.0,1329600.0,1480900.0,1100000.0,1311000.0,1314303.5,18478412.0,11987000.0,7584706.0,9548235.5,3499215.5,2236000.0,1456500.0,1739965.0,1970438.0,2388000.0,2318266.0,2597000.0,2848500.0,2555147.5,3055758.0,3415000.0,3574182.0,3440000.0,3492000.0,2782262.0,2395000.0,12585000.0,11300000.0,7584706.0,9481235.5,2824325.0,2236000.0,1400000.0,1524279.5,1848000.0,2250763.0,2318266.0,2597000.0,2848500.0,2516291.0,3055758.0,3525500.0,3505000.0,3500000.0,3500000.0,2782262.0,1973000.0
1.0,6680.73,4404000.0,3332960.0,3400000.0,3559760.0,3824840.0,3273000.0,3049000.0,2903040.0,2837160.0,2993760.0,2967000.0,2759000.0,2812320.0,3127000.0,3000000.0,3051520.0,3200000.0,3221563.0,3550000.0,3996900.0,3141000.0,4404000.0,3332960.0,3400000.0,3559760.0,3824840.0,3273000.0,3049000.0,2903040.0,2837160.0,2993760.0,2967000.0,2759000.0,2822000.0,3127000.0,3063000.0,3138000.0,3246000.0,3260023.0,3658967.0,4051500.0,3977500.0,19719.5,3999.0,2751.0,2401.0,3325.0,4299.4555,1095.36,206.5555,105.29400000000001,86.254,85.5465,114.0915,99.67949999999999,11.638,249.494,238305.0,237020.0,126.948,143.78,77.706,5.096,7200000.0,5131037.5,4419804.5,5283444.0,4826223.5,4388513.0,1350000.0,1791550.0,2973000.0,1632825.0,2800000.0,1950000.0,2106500.0,2404000.0,2100000.0,1750000.0,1329600.0,1480900.0,1100000.0,1311000.0,1314303.5,18478412.0,11987000.0,7584706.0,9548235.5,3499215.5,2236000.0,1456500.0,1739965.0,1970438.0,2388000.0,2318266.0,2597000.0,2848500.0,2555147.5,3055758.0,3415000.0,3574182.0,3440000.0,3492000.0,2782262.0,2395000.0,12585000.0,11300000.0,7584706.0,9481235.5,2824325.0,2236000.0,1400000.0,1524279.5,1848000.0,2250763.0,2318266.0,2597000.0,2848500.0,2516291.0,3055758.0,3525500.0,3505000.0,3500000.0,3500000.0,2782262.0,1973000.0
1.0,151.7,4404000.0,3332960.0,3400000.0,3559760.0,3824840.0,3273000.0,3049000.0,2903040.0,2837160.0,2993760.0,2967000.0,2759000.0,2812320.0,3127000.0,3000000.0,3051520.0,3200000.0,3221563.0,3550000.0,3996900.0,3141000.0,4404000.0,3332960.0,3400000.0,3559760.0,3824840.0,3273000.0,3049000.0,2903040.0,2837160.0,2993760.0,2967000.0,2759000.0,2822000.0,3127000.0,3063000.0,3138000.0,3246000.0,3260023.0,3658967.0,4051500.0,3977500.0,19719.5,3999.0,2751.0,2401.0,3325.0,4299.4555,1095.36,206.5555,105.29400000000001,86.254,85.5465,1820000.0,1885000.0,1885000.0,1755000.0,1755000.0,1820000.0,1885000.0,1820000.0,1820000.0,5.096,7200000.0,5131037.5,4419804.5,5283444.0,4826223.5,4388513.0,1350000.0,1791550.0,2800000.0,1500000.0,2800000.0,2800000.0,2900000.0,2900000.0,2700000.0,2700000.0,2800000.0,2900000.0,2800000.0,2800000.0,1314303.5,18478412.0,11987000.0,7584706.0,9548235.5,3499215.5,2236000.0,1456500.0,1739965.0,1970438.0,2388000.0,2318266.0,8700000.0,8900000.0,9000000.0,8900000.0,8900000.0,8800000.0,8700000.0,8600000.0,8500000.0,2395000.0,12585000.0,11300000.0,7584706.0,9481235.5,2824325.0,2236000.0,1400000.0,1524279.5,1848000.0,2250763.0,2318266.0,8700000.0,8900000.0,9000000.0,8900000.0,8900000.0,8800000.0,8700000.0,8600000.0,8500000.0,1973000.0
1.0,10856.89,4404000.0,3332960.0,3400000.0,3559760.0,3824840.0,3273000.0,3049000.0,2903040.0,2837160.0,2993760.0,2967000.0,2759000.0,2812320.0,3127000.0,3000000.0,3051520.0,3200000.0,3221563.0,3550000.0,3996900.0,3141000.0,4404000.0,3332960.0,3400000.0,3559760.0,3824840.0,3273000.0,3049000.0,2903040.0,2837160.0,2993760.0,2967000.0,2759000.0,2822000.0,3127000.0,3063000.0,3138000.0,3246000.0,3260023.0,3658967.0,4051500.0,3977500.0,2854.0,2942.0,3065.0,3141.0,3325.0,3391.0,3311.0,3573.0,3428.0,3721.0,3706.0,3854.0,3792.0,3210.0,3210.0,3733.0,3693.0,3601.0,3234.0,3376.0,5.096,7200000.0,5131037.5,4419804.5,5283444.0,4826223.5,4388513.0,1350000.0,1791550.0,2973000.0,1632825.0,2800000.0,1950000.0,2106500.0,2404000.0,2100000.0,1750000.0,1329600.0,1480900.0,1100000.0,1311000.0,1314303.5,18478412.0,11987000.0,7584706.0,9548235.5,3499215.5,2236000.0,1456500.0,1739965.0,1970438.0,2388000.0,3600000.0,3590000.0,3400000.0,3200000.0,3540000.0,3470000.0,3180000.0,3440000.0,4210000.0,4550000.0,2395000.0,12585000.0,11300000.0,7584706.0,9481235.5,2824325.0,2236000.0,1400000.0,1524279.5,1848000.0,2250763.0,3600000.0,3590000.0,3400000.0,3200000.0,3540000.0,3470000.0,3180000.0,3440000.0,4210000.0,4550000.0,1973000.0
1.0,107.05,4404000.0,3332960.0,3400000.0,3559760.0,3824840.0,3273000.0,3049000.0,2903040.0,2837160.0,2993760.0,2967000.0,275000.0,2501000.0,2373000.0,3124000.0,3401000.0,3480000.0,6953000.0,6161000.0,4032000.0,3141000.0,4404000.0,3332960.0,3400000.0,3559760.0,3824840.0,3273000.0,3049000.0,2903040.0,2837160.0,2993760.0,2967000.0,275000.0,2501000.0,2373000.0,3124000.0,3401000.0,3480000.0,6953000.0,6161000.0,4032000.0,3977500.0,19719.5,3999.0,2751.0,2401.0,3325.0,4299.4555,1095.36,206.5555,105.29400000000001,86.254,85.5465,114.0915,99.67949999999999,99.135,104.4385,136.871,135.587,120.2985,115.492,77.706,5.096,7200000.0,5131037.5,4419804.5,5283444.0,4826223.5,4388513.0,1350000.0,1791550.0,2973000.0,1632825.0,2800000.0,1950000.0,2106500.0,2404000.0,2100000.0,1750000.0,1329600.0,1480900.0,1100000.0,1311000.0,1314303.5,18478412.0,11987000.0,7584706.0,9548235.5,3499215.5,2236000.0,1456500.0,1739965.0,1970438.0,2388000.0,2318266.0,2597000.0,2848500.0,2555147.5,3055758.0,3415000.0,3574182.0,3440000.0,3492000.0,2782262.0,2395000.0,12585000.0,11300000.0,7584706.0,9481235.5,2824325.0,2236000.0,1400000.0,1524279.5,1848000.0,2250763.0,2318266.0,2597000.0,2848500.0,2516291.0,3055758.0,3525500.0,3505000.0,3500000.0,3500000.0,2782262.0,1973000.0
1.0,151.7,4404000.0,3332960.0,3400000.0,3559760.0,3824840.0,3273000.0,3049000.0,2903040.0,2837160.0,2993760.0,2967000.0,2759000.0,2812320.0,3127000.0,3000000.0,3051520.0,3200000.0,3221563.0,3550000.0,3996900.0,3141000.0,4404000.0,3332960.0,3400000.0,3559760.0,3824840.0,3273000.0,3049000.0,2903040.0,2837160.0,2993760.0,2967000.0,2759000.0,2822000.0,3127000.0,3063000.0,3138000.0,3246000.0,3260023.0,3658967.0,4051500.0,3977500.0,19719.5,3999.0,2751.0,2401.0,3325.0,4299.4555,1095.36,206.5555,105.29400000000001,86.254,85.5465,9815000.0,9776000.0,11700000.0,15145000.0,16835000.0,16250000.0,16445000.0,15925000.0,15470000.0,5.096,7200000.0,5131037.5,4419804.5,5283444.0,4826223.5,4388513.0,1350000.0,1791550.0,13800000.0,13100000.0,15100000.0,15100000.0,15040000.0,18000000.0,23300000.0,25900000.0,25000000.0,25300000.0,24500000.0,23800000.0,1314303.5,18478412.0,11987000.0,7584706.0,9548235.5,3499215.5,2236000.0,1456500.0,1739965.0,1970438.0,2388000.0,2318266.0,43300000.0,46900000.0,58600000.0,66800000.0,70700000.0,68600000.0,66800000.0,70700000.0,66400000.0,2395000.0,12585000.0,11300000.0,7584706.0,9481235.5,2824325.0,2236000.0,1400000.0,1524279.5,1848000.0,2250763.0,2318266.0,43300000.0,46900000.0,58600000.0,66800000.0,70700000.0,68600000.0,66800000.0,70700000.0,66400000.0,1973000.0
1.0,33.91,4404000.0,3332960.0,4560000.0,6440000.0,8720000.0,9865000.0,9146000.0,10897000.0,11776000.0,11775000.0,12039000.0,13671000.0,16757000.0,18010000.0,19964000.0,19698000.0,17101000.0,18176000.0,18541000.0,18257000.0,3141000.0,4404000.0,3332960.0,4560000.0,6440000.0,8720000.0,9865000.0,9146000.0,10897000.0,11776000.0,11775000.0,12039000.0,13671000.0,16757000.0,18010000.0,19964000.0,19698000.0,17101000.0,18176000.0,18541000.0,18257000.0,3977500.0,19719.5,3999.0,2751.0,2401.0,3325.0,4299.4555,1095.36,206.5555,105.29400000000001,86.254,85.5465,114.0915,99.67949999999999,99.135,104.4385,136.871,135.587,120.2985,115.492,77.706,5.096,7200000.0,5131037.5,4419804.5,5283444.0,4826223.5,4388513.0,1350000.0,1791550.0,2973000.0,1632825.0,2800000.0,1950000.0,2106500.0,2404000.0,2100000.0,1750000.0,1329600.0,1480900.0,1100000.0,1311000.0,1314303.5,18478412.0,11987000.0,7584706.0,9548235.5,3499215.5,2236000.0,1456500.0,1739965.0,1970438.0,2388000.0,2318266.0,2597000.0,2848500.0,2555147.5,3055758.0,3415000.0,3574182.0,3440000.0,3492000.0,2782262.0,2395000.0,12585000.0,11300000.0,7584706.0,9481235.5,2824325.0,2236000.0,1400000.0,1524279.5,1848000.0,2250763.0,2318266.0,2597000.0,2848500.0,2516291.0,3055758.0,3525500.0,3505000.0,3500000.0,3500000.0,2782262.0,1973000.0
1.0,36.19,4404000.0,3332960.0,3400000.0,3559760.0,3824840.0,3273000.0,3049000.0,2903040.0,2837160.0,2993760.0,2967000.0,2759000.0,2812320.0,3127000.0,3000000.0,3051520.0,3200000.0,3221563.0,3550000.0,3996900.0,3141000.0,4404000.0,3332960.0,3400000.0,3559760.0,3824840.0,3273000.0,3049000.0,2903040.0,2837160.0,2993760.0,2967000.0,2759000.0,2822000.0,3127000.0,3063000.0,3138000.0,3246000.0,3260023.0,3658967.0,4051500.0,3977500.0,19719.5,3999.0,2751.0,2401.0,3325.0,4299.4555,1095.36,206.5555,105.29400000000001,86.254,85.5465,114.0915,99.67949999999999,99.135,104.4385,136.871,135.587,120.2985,115.492,77.706,5.096,7200000.0,5131037.5,4419804.5,5283444.0,4826223.5,4388513.0,1350000.0,1791550.0,2973000.0,1632825.0,2800000.0,1950000.0,2106500.0,2404000.0,2100000.0,1750000.0,1329600.0,1480900.0,1100000.0,1311000.0,1314303.5,7502353.0,7769412.0,7584706.0,7896471.0,13552941.0,25055294.0,28504706.0,25074118.0,33024706.0,43445882.0,47500000.0,48225882.0,50815294.0,53909412.0,56230588.0,58816471.0,55057647.0,57345882.0,60608235.0,55811765.0,2395000.0,7502353.0,7769412.0,7584706.0,7896471.0,13552941.0,25055294.0,28504706.0,25074118.0,33024706.0,43445882.0,47500000.0,48225882.0,50815294.0,53909412.0,56230588.0,58816471.0,55057647.0,57345882.0,60608235.0,55811765.0,1973000.0
1.0,8947.87,4404000.0,3332960.0,3400000.0,3559760.0,3824840.0,3273000.0,3049000.0,2903040.0,2837160.0,2993760.0,2967000.0,2759000.0,2812320.0,3127000.0,3000000.0,3051520.0,3200000.0,3221563.0,3550000.0,3996900.0,3141000.0,4404000.0,3332960.0,3400000.0,3559760.0,3824840.0,3273000.0,3049000.0,2903040.0,2837160.0,2993760.0,2967000.0,2759000.0,2822000.0,3127000.0,3063000.0,3138000.0,3246000.0,3260023.0,3658967.0,4051500.0,3977500.0,19719.5,3999.0,43600.0,49400.0,43700.0,38100.0,1095.36,206.5555,105.29400000000001,86.254,85.5465,114.0915,99.67949999999999,99.135,104.4385,136.871,135.587,120.2985,165683.2,155109.6,5.096,7200000.0,5131037.5,4419804.5,5283444.0,4826223.5,4388513.0,1350000.0,1791550.0,2973000.0,1632825.0,2800000.0,1950000.0,2106500.0,2404000.0,2100000.0,1750000.0,1329600.0,1480900.0,204800.0,200400.0,1314303.5,18478412.0,11987000.0,11000000.0,11200000.0,11200000.0,2236000.0,1456500.0,1739965.0,1970438.0,2388000.0,2318266.0,2597000.0,2848500.0,2555147.5,3055758.0,3415000.0,3574182.0,3440000.0,3492000.0,2782262.0,2395000.0,12585000.0,11300000.0,11000000.0,11200000.0,11200000.0,2236000.0,1400000.0,1524279.5,1848000.0,2250763.0,2318266.0,2597000.0,2848500.0,2516291.0,3055758.0,3525500.0,3505000.0,3500000.0,3500000.0,2782262.0,1973000.0
1.0,847.72,4404000.0,3332960.0,3400000.0,3559760.0,3824840.0,3273000.0,3049000.0,2903040.0,2837160.0,2993760.0,2967000.0,2759000.0,2812320.0,3127000.0,3000000.0,3051520.0,3200000.0,3221563.0,3550000.0,3996900.0,3141000.0,4404000.0,3332960.0,3400000.0,3559760.0,3824840.0,3273000.0,3049000.0,2903040.0,2837160.0,2993760.0,2967000.0,2759000.0,2822000.0,3127000.0,3063000.0,3138000.0,3246000.0,3260023.0,3658967.0,4051500.0,3977500.0,19719.5,3999.0,2751.0,2401.0,3325.0,4299.4555,1095.36,206.5555,0.181,1.472,1.871,1.973,2.567,4.148,5.312,3.787,4.077,4.225,4.912,4.253,4.983,7200000.0,5131037.5,4419804.5,5283444.0,4826223.5,4388513.0,1350000.0,1791550.0,2973000.0,1632825.0,2800000.0,1950000.0,2106500.0,2404000.0,2100000.0,1750000.0,1329600.0,1480900.0,1100000.0,1311000.0,1314303.5,18478412.0,11987000.0,7584706.0,9548235.5,3499215.5,2236000.0,1456500.0,1739965.0,27554.0,162863.0,339916.0,405525.0,717076.0,1091100.0,1028326.0,688085.0,1286196.0,1306508.0,1269722.0,1419100.0,1755539.0,12585000.0,11300000.0,7584706.0,9481235.5,2824325.0,2236000.0,1400000.0,1524279.5,21085.0,160103.0,315343.0,356684.0,517105.0,1367318.0,1931486.0,1215308.0,1236600.0,1300152.0,1256120.0,1229195.0,1233922.0
1.0,36.19,4404000.0,3332960.0,3400000.0,3559760.0,3824840.0,3273000.0,3049000.0,2903040.0,2837160.0,2993760.0,2967000.0,2759000.0,2812320.0,3127000.0,3000000.0,3051520.0,3200000.0,3221563.0,3550000.0,3996900.0,3141000.0,4404000.0,3332960.0,3400000.0,3559760.0,3824840.0,3273000.0,3049000.0,2903040.0,2837160.0,2993760.0,2967000.0,2759000.0,2822000.0,3127000.0,3063000.0,3138000.0,3246000.0,3260023.0,3658967.0,4051500.0,3977500.0,19719.5,3999.0,2751.0,2401.0,3325.0,4299.4555,1095.36,206.5555,105.29400000000001,86.254,85.5465,114.0915,99.67949999999999,99.135,104.4385,136.871,135.587,120.2985,115.492,77.706,5.096,7200000.0,5131037.5,4419804.5,5283444.0,4826223.5,4388513.0,1350000.0,1791550.0,2973000.0,1632825.0,2800000.0,1950000.0,2106500.0,2404000.0,2100000.0,1750000.0,1329600.0,1480900.0,1100000.0,1311000.0,1314303.5,22818824.0,24649412.0,27498824.0,25832941.0,28777647.0,30277647.0,29145882.0,34477647.0,41704706.0,36882353.0,37761176.0,53229412.0,60383529.0,62349412.0,66958824.0,74937647.0,77577647.0,80332941.0,78907059.0,78378824.0,2395000.0,22818824.0,24649412.0,27498824.0,25832941.0,28777647.0,30277647.0,29145882.0,34477647.0,41704706.0,36882353.0,37761176.0,53229412.0,60383529.0,62349412.0,66958824.0,74937647.0,77577647.0,80332941.0,78907059.0,78378824.0,1973000.0
1.0,43.21,4404000.0,2721000.0,2395000.0,1932000.0,10502000.0,10255000.0,11237000.0,8699000.0,8988000.0,8504000.0,2224000.0,2516000.0,2880000.0,3127000.0,2885000.0,2251000.0,2229000.0,3900000.0,12100000.0,12100000.0,11900000.0,4404000.0,2721000.0,2395000.0,1932000.0,10502000.0,10255000.0,11237000.0,8699000.0,8988000.0,8504000.0,2224000.0,2516000.0,2880000.0,3127000.0,2885000.0,2251000.0,2229000.0,5800000.0,17600000.0,17600000.0,17600000.0,19719.5,3999.0,2751.0,2401.0,3325.0,4299.4555,1095.36,206.5555,105.29400000000001,86.254,85.5465,114.0915,99.67949999999999,99.135,104.4385,136.871,135.587,120.2985,115.492,77.706,5.096,7200000.0,5131037.5,4419804.5,5283444.0,4826223.5,4388513.0,1350000.0,1791550.0,2973000.0,1632825.0,2800000.0,1950000.0,2106500.0,2404000.0,2100000.0,1750000.0,1329600.0,1480900.0,1100000.0,1311000.0,1314303.5,18478412.0,11987000.0,7584706.0,9548235.5,3499215.5,2236000.0,1456500.0,1739965.0,1970438.0,2388000.0,2318266.0,2597000.0,2848500.0,2555147.5,3055758.0,3415000.0,3574182.0,3440000.0,3492000.0,2782262.0,2395000.0,12585000.0,11300000.0,7584706.0,9481235.5,2824325.0,2236000.0,1400000.0,1524279.5,1848000.0,2250763.0,2318266.0,2597000.0,2848500.0,2516291.0,3055758.0,3525500.0,3505000.0,3500000.0,3500000.0,2782262.0,1973000.0
1.0,2501.98,4404000.0,3332960.0,3400000.0,3559760.0,3824840.0,3273000.0,3049000.0,2903040.0,2837160.0,2993760.0,2967000.0,2759000.0,2812320.0,3127000.0,3000000.0,3051520.0,3200000.0,3221563.0,3550000.0,3996900.0,3141000.0,4404000.0,3332960.0,3400000.0,3559760.0,3824840.0,3273000.0,3049000.0,2903040.0,2837160.0,2993760.0,2967000.0,2759000.0,2822000.0,3127000.0,3063000.0,3138000.0,3246000.0,3260023.0,3658967.0,4051500.0,3977500.0,19719.5,3999.0,2751.0,2401.0,3325.0,4299.4555,1095.36,206.5555,105.29400000000001,86.254,85.5465,114.0915,99.67949999999999,99.135,104.4385,136.871,135.587,120.2985,115.492,77.706,5.096,7200000.0,5131037.5,4419804.5,5283444.0,4826223.5,4388513.0,1350000.0,1791550.0,2973000.0,1632825.0,2800000.0,1950000.0,2106500.0,2404000.0,2100000.0,1750000.0,1329600.0,1480900.0,1100000.0,1311000.0,1314303.5,18478412.0,11987000.0,7584706.0,9548235.5,3499215.5,2236000.0,1456500.0,1739965.0,18063000.0,15645000.0,15435000.0,15224000.0,15512000.0,15729000.0,16376000.0,16162000.0,16462000.0,14698000.0,13134000.0,2782262.0,2395000.0,12585000.0,11300000.0,7584706.0,9481235.5,2824325.0,2236000.0,1400000.0,1524279.5,18063000.0,15645000.0,15435000.0,15224000.0,15512000.0,15729000.0,16376000.0,16162000.0,16462000.0,14698000.0,13134000.0,2782262.0,1973000.0
1.0,145.86,4404000.0,3332960.0,3400000.0,3559760.0,3824840.0,3273000.0,3049000.0,2903040.0,2837160.0,2993760.0,2967000.0,2759000.0,2812320.0,3127000.0,3000000.0,3051520.0,3200000.0,3221563.0,3550000.0,3996900.0,3141000.0,4404000.0,3332960.0,3400000.0,3559760.0,3824840.0,3273000.0,3049000.0,2903040.0,2837160.0,2993760.0,2967000.0,2759000.0,2822000.0,3127000.0,3063000.0,3138000.0,3246000.0,3260023.0,3658967.0,4051500.0,3977500.0,19719.5,3999.0,2751.0,2401.0,3325.0,4299.4555,1095.36,206.5555,105.29400000000001,86.254,85.5465,15.312,5571.949,99.135,104.4385,136.871,135.587,78030.669,98121.773,100535.382,5.096,7200000.0,5131037.5,4419804.5,5283444.0,4826223.5,4388513.0,1350000.0,1791550.0,2973000.0,1632825.0,2800000.0,63863.0,54047.0,2404000.0,2100000.0,1750000.0,9700.0,155679.0,156689.0,191570.0,1314303.5,18478412.0,11987000.0,7584706.0,9548235.5,3499215.5,2236000.0,1456500.0,1739965.0,1970438.0,2388000.0,2318266.0,616714.0,454912.0,0.0,0.0,0.0,3574182.0,1321715.0,1777720.0,1790049.0,2395000.0,12585000.0,11300000.0,7584706.0,9481235.5,2824325.0,2236000.0,1400000.0,1524279.5,1848000.0,2250763.0,2318266.0,628779.0,453004.0,0.0,0.0,0.0,3505000.0,1371365.0,1703503.0,1695369.0,1973000.0
1.0,1514.58,4404000.0,3332960.0,3400000.0,3559760.0,3824840.0,3273000.0,3049000.0,2903040.0,2837160.0,2993760.0,2967000.0,2759000.0,2812320.0,3127000.0,3000000.0,3051520.0,3200000.0,3221563.0,3550000.0,3996900.0,3141000.0,4404000.0,3332960.0,3400000.0,3559760.0,3824840.0,3273000.0,3049000.0,2903040.0,2837160.0,2993760.0,2967000.0,2759000.0,2822000.0,3127000.0,3063000.0,3138000.0,3246000.0,3260023.0,3658967.0,4051500.0,3977500.0,19719.5,3999.0,2751.0,2401.0,3325.0,4299.4555,1095.36,206.5555,105.29400000000001,86.254,85.5465,114.0915,0.36,1.815,2.301,2.54,3.447,3.903,2.586,3.57,5.209,7200000.0,5131037.5,4419804.5,5283444.0,4826223.5,4388513.0,1350000.0,1791550.0,2973000.0,1632825.0,2800000.0,1950000.0,2106500.0,2404000.0,2100000.0,1750000.0,1329600.0,1480900.0,1100000.0,1311000.0,1314303.5,18478412.0,11987000.0,7584706.0,9548235.5,3499215.5,2236000.0,1456500.0,1739965.0,1970438.0,2388000.0,2318266.0,2597000.0,518716.0,1616343.0,1603470.0,1633417.0,1694883.0,1913952.0,1208000.0,2339000.0,3442000.0,12585000.0,11300000.0,7584706.0,9481235.5,2824325.0,2236000.0,1400000.0,1524279.5,1848000.0,2250763.0,2318266.0,2597000.0,518716.0,1616343.0,1603470.0,1633417.0,1694883.0,1913952.0,1742000.0,1962000.0,1973000.0
0.0,95.29,4404000.0,3332960.0,3400000.0,3559760.0,3824840.0,3273000.0,3049000.0,2903040.0,2837160.0,2993760.0,1542240.0,1995840.0,926251.0,220450.0,0.0,0.0,0.0,5443.0,48989.0,3996900.0,3141000.0,4404000.0,3332960.0,3400000.0,3559760.0,3824840.0,3273000.0,3049000.0,2903040.0,2837160.0,2993760.0,1542240.0,1995840.0,926251.0,220450.0,0.0,0.0,0.0,5443.0,48989.0,4051500.0,3977500.0,19719.5,3999.0,2751.0,2401.0,3325.0,4299.4555,1095.36,206.5555,105.29400000000001,86.254,85.5465,114.0915,99.67949999999999,99.135,104.4385,136.871,135.587,120.2985,115.492,77.706,5.096,7200000.0,5131037.5,4419804.5,5283444.0,4826223.5,4388513.0,1350000.0,1791550.0,2973000.0,1632825.0,2800000.0,1950000.0,2106500.0,2404000.0,2100000.0,1750000.0,1329600.0,1480900.0,1100000.0,1311000.0,1314303.5,18478412.0,11987000.0,7584706.0,9548235.5,3499215.5,2236000.0,1456500.0,1739965.0,1970438.0,2388000.0,2318266.0,2597000.0,2848500.0,2555147.5,3055758.0,3415000.0,3574182.0,3440000.0,3492000.0,2782262.0,2395000.0,12585000.0,11300000.0,7584706.0,9481235.5,2824325.0,2236000.0,1400000.0,1524279.5,1848000.0,2250763.0,2318266.0,2597000.0,2848500.0,2516291.0,3055758.0,3525500.0,3505000.0,3500000.0,3500000.0,2782262.0,1973000.0
1.0,145.86,4404000.0,3332960.0,3400000.0,3559760.0,3824840.0,3273000.0,3049000.0,2903040.0,2837160.0,2993760.0,2967000.0,2759000.0,2812320.0,3127000.0,3000000.0,3051520.0,3200000.0,3221563.0,3550000.0,3996900.0,3141000.0,4404000.0,3332960.0,3400000.0,3559760.0,3824840.0,3273000.0,3049000.0,2903040.0,2837160.0,2993760.0,2967000.0,2759000.0,2822000.0,3127000.0,3063000.0,3138000.0,3246000.0,3260023.0,3658967.0,4051500.0,3977500.0,19719.5,3999.0,2751.0,2401.0,0.009,0.05,0.048,0.029,0.053,0.025,0.036,0.073,0.081,0.083,0.088,136.871,135.587,120.2985,115.492,77.706,5.096,7200000.0,5131037.5,4419804.5,5283444.0,4826223.5,4388513.0,1350000.0,1791550.0,2973000.0,1632825.0,2800000.0,1950000.0,2106500.0,2404000.0,2100000.0,1750000.0,1329600.0,1480900.0,1100000.0,1311000.0,1314303.5,18478412.0,11987000.0,7584706.0,9548235.5,3499215.5,2236000.0,1456500.0,1739965.0,1970438.0,2388000.0,2318266.0,2597000.0,2848500.0,2555147.5,3055758.0,3415000.0,3574182.0,3440000.0,3492000.0,2782262.0,2395000.0,12585000.0,11300000.0,7584706.0,9481235.5,2824325.0,2236000.0,1400000.0,1524279.5,1848000.0,2250763.0,2318266.0,2597000.0,2848500.0,2516291.0,3055758.0,3525500.0,3505000.0,3500000.0,3500000.0,2782262.0,1973000.0
1.0,21808.85,4404000.0,3332960.0,3400000.0,3559760.0,3824840.0,3273000.0,3049000.0,2903040.0,2837160.0,2993760.0,2967000.0,2759000.0,2812320.0,3127000.0,3000000.0,3051520.0,3200000.0,3221563.0,3550000.0,3996900.0,3141000.0,4404000.0,3332960.0,3400000.0,3559760.0,3824840.0,3273000.0,3049000.0,2903040.0,2837160.0,2993760.0,2967000.0,2759000.0,2822000.0,3127000.0,3063000.0,3138000.0,3246000.0,3260023.0,3658967.0,4051500.0,3977500.0,19719.5,3999.0,2751.0,2401.0,3325.0,4299.4555,1095.36,206.5555,105.29400000000001,86.254,1900.0,1900.0,300.0,100.0,2700.0,2800.0,2800.0,2700.0,2900.0,3400.0,5.096,7200000.0,5131037.5,4419804.5,5283444.0,4826223.5,4388513.0,1350000.0,1791550.0,2973000.0,1632825.0,2800000.0,1950000.0,2106500.0,2404000.0,2100000.0,1750000.0,1329600.0,1480900.0,1100000.0,1311000.0,1314303.5,18478412.0,11987000.0,7584706.0,9548235.5,3499215.5,2236000.0,1456500.0,1739965.0,1970438.0,2388000.0,2318266.0,2597000.0,2848500.0,2555147.5,3055758.0,3415000.0,3574182.0,3440000.0,3492000.0,2782262.0,2395000.0,12585000.0,11300000.0,7584706.0,9481235.5,2824325.0,2236000.0,1400000.0,1524279.5,1848000.0,2250763.0,2318266.0,2597000.0,2848500.0,2516291.0,3055758.0,3525500.0,3505000.0,3500000.0,3500000.0,2782262.0,1973000.0
1.0,85.86,4404000.0,3332960.0,3400000.0,3559760.0,3824840.0,3273000.0,3049000.0,2903040.0,2837160.0,2993760.0,2967000.0,2759000.0,385714.0,3465714.0,5249000.0,7193000.0,7269000.0,6987000.0,5840000.0,5630000.0,6547000.0,4404000.0,3332960.0,3400000.0,3559760.0,3824840.0,3273000.0,3049000.0,2903040.0,2837160.0,2993760.0,2967000.0,2759000.0,362857.0,3678571.0,5659000.0,7703000.0,6823000.0,7267000.0,6289000.0,6447000.0,6111000.0,19719.5,3999.0,2751.0,2401.0,3325.0,4299.4555,1095.36,206.5555,105.29400000000001,86.254,85.5465,114.0915,99.67949999999999,99.135,104.4385,136.871,135.587,120.2985,115.492,77.706,5.096,7200000.0,5131037.5,4419804.5,5283444.0,4826223.5,4388513.0,1350000.0,1791550.0,2973000.0,1632825.0,2800000.0,1950000.0,2106500.0,2404000.0,2100000.0,1750000.0,1329600.0,1480900.0,1100000.0,1311000.0,1314303.5,18478412.0,11987000.0,7584706.0,9548235.5,3499215.5,2236000.0,1456500.0,1739965.0,1970438.0,2388000.0,2318266.0,2597000.0,2848500.0,2555147.5,3055758.0,3415000.0,3574182.0,3440000.0,3492000.0,2782262.0,2395000.0,12585000.0,11300000.0,7584706.0,9481235.5,2824325.0,2236000.0,1400000.0,1524279.5,1848000.0,2250763.0,2318266.0,2597000.0,2848500.0,2516291.0,3055758.0,3525500.0,3505000.0,3500000.0,3500000.0,2782262.0,1973000.0
1.0,33.2,8365000.0,7671000.0,7207000.0,8050000.0,7216000.0,8245000.0,8266000.0,8174000.0,7533000.0,8363000.0,7465000.0,7472000.0,7004000.0,6544000.0,5127000.0,4858000.0,3999000.0,3356640.0,3719520.0,4536000.0,3141000.0,8365000.0,7671000.0,7207000.0,8050000.0,7216000.0,8245000.0,8266000.0,8174000.0,7533000.0,8363000.0,7465000.0,7472000.0,7004000.0,6544000.0,5127000.0,4858000.0,3999000.0,3356640.0,3719520.0,4536000.0,3977500.0,19719.5,3999.0,2751.0,2401.0,3325.0,4299.4555,1095.36,206.5555,105.29400000000001,86.254,85.5465,114.0915,99.67949999999999,99.135,104.4385,136.871,135.587,120.2985,115.492,77.706,5.096,7200000.0,5131037.5,4419804.5,5283444.0,4826223.5,4388513.0,1350000.0,1791550.0,2973000.0,1632825.0,2800000.0,1950000.0,2106500.0,2404000.0,2100000.0,1750000.0,1329600.0,1480900.0,1100000.0,1311000.0,1314303.5,18478412.0,11987000.0,7584706.0,9548235.5,3499215.5,2236000.0,1456500.0,1739965.0,1970438.0,2388000.0,2318266.0,2597000.0,2848500.0,2555147.5,3055758.0,3415000.0,3574182.0,3440000.0,3492000.0,2782262.0,2395000.0,12585000.0,11300000.0,7584706.0,9481235.5,2824325.0,2236000.0,1400000.0,1524279.5,1848000.0,2250763.0,2318266.0,2597000.0,2848500.0,2516291.0,3055758.0,3525500.0,3505000.0,3500000.0,3500000.0,2782262.0,1973000.0
1.0,120.44,4404000.0,3332960.0,3400000.0,3559760.0,3824840.0,3273000.0,3049000.0,2903040.0,8053000.0,3000000.0,7400000.0,6300000.0,8800000.0,9000000.0,8900000.0,7800000.0,8900000.0,7300000.0,6400000.0,4800000.0,5100000.0,4404000.0,3332960.0,3400000.0,3559760.0,3824840.0,3273000.0,3049000.0,2903040.0,8053000.0,3000000.0,7400000.0,6300000.0,8800000.0,9000000.0,8900000.0,7800000.0,8900000.0,7300000.0,6400000.0,4800000.0,5100000.0,19719.5,3999.0,2751.0,2401.0,3325.0,4299.4555,1095.36,206.5555,105.29400000000001,86.254,85.5465,114.0915,99.67949999999999,99.135,104.4385,136.871,135.587,120.2985,115.492,77.706,5.096,7200000.0,5131037.5,4419804.5,5283444.0,4826223.5,4388513.0,1350000.0,1791550.0,2973000.0,1632825.0,2800000.0,1950000.0,2106500.0,2404000.0,2100000.0,1750000.0,1329600.0,1480900.0,1100000.0,1311000.0,1314303.5,18478412.0,11987000.0,7584706.0,9548235.5,3499215.5,2236000.0,1456500.0,1739965.0,1970438.0,2388000.0,2318266.0,2597000.0,2848500.0,2555147.5,3055758.0,3415000.0,3574182.0,3440000.0,3492000.0,2782262.0,2395000.0,12585000.0,11300000.0,7584706.0,9481235.5,2824325.0,2236000.0,1400000.0,1524279.5,1848000.0,2250763.0,2318266.0,2597000.0,2848500.0,2516291.0,3055758.0,3525500.0,3505000.0,3500000.0,3500000.0,2782262.0,1973000.0
1.0,55.48,4404000.0,3332960.0,3400000.0,3559760.0,3824840.0,3273000.0,1370000.0,970000.0,1099000.0,822000.0,946000.0,678000.0,717000.0,419000.0,3000000.0,3051520.0,3200000.0,539695.0,2139661.0,2741000.0,2908000.0,4404000.0,3332960.0,3400000.0,3559760.0,3824840.0,3273000.0,1370000.0,970000.0,1099000.0,822000.0,946000.0,678000.0,717000.0,419000.0,3063000.0,3138000.0,3246000.0,763892.0,3673712.0,2993000.0,3955000.0,19719.5,3999.0,2751.0,2401.0,3325.0,4299.4555,1095.36,206.5555,105.29400000000001,86.254,85.5465,114.0915,99.67949999999999,99.135,104.4385,136.871,135.587,120.2985,115.492,77.706,5.096,7200000.0,5131037.5,4419804.5,5283444.0,4826223.5,4388513.0,1350000.0,1791550.0,2973000.0,1632825.0,2800000.0,1950000.0,2106500.0,2404000.0,2100000.0,1750000.0,1329600.0,1480900.0,1100000.0,1311000.0,1314303.5,18478412.0,11987000.0,7584706.0,9548235.5,3499215.5,2236000.0,1456500.0,1739965.0,1970438.0,2388000.0,2318266.0,2597000.0,2848500.0,2555147.5,3055758.0,3415000.0,3574182.0,3440000.0,3492000.0,2782262.0,2395000.0,12585000.0,11300000.0,7584706.0,9481235.5,2824325.0,2236000.0,1400000.0,1524279.5,1848000.0,2250763.0,2318266.0,2597000.0,2848500.0,2516291.0,3055758.0,3525500.0,3505000.0,3500000.0,3500000.0,2782262.0,1973000.0
1.0,95.29,4404000.0,3332960.0,3400000.0,3559760.0,3824840.0,3273000.0,3049000.0,2903040.0,2837160.0,2993760.0,544320.0,725760.0,761141.0,752069.0,621432.0,499867.0,345643.0,206842.0,154224.0,3996900.0,3141000.0,4404000.0,3332960.0,3400000.0,3559760.0,3824840.0,3273000.0,3049000.0,2903040.0,2837160.0,2993760.0,544320.0,725760.0,761141.0,752069.0,621432.0,499867.0,345643.0,206842.0,154224.0,4051500.0,3977500.0,19719.5,3999.0,2751.0,2401.0,3325.0,4299.4555,1095.36,206.5555,105.29400000000001,86.254,85.5465,114.0915,99.67949999999999,99.135,104.4385,136.871,135.587,120.2985,115.492,77.706,5.096,7200000.0,5131037.5,4419804.5,5283444.0,4826223.5,4388513.0,1350000.0,1791550.0,2973000.0,1632825.0,2800000.0,1950000.0,2106500.0,2404000.0,2100000.0,1750000.0,1329600.0,1480900.0,1100000.0,1311000.0,1314303.5,18478412.0,11987000.0,7584706.0,9548235.5,3499215.5,2236000.0,1456500.0,1739965.0,1970438.0,2388000.0,2318266.0,2597000.0,2848500.0,2555147.5,3055758.0,3415000.0,3574182.0,3440000.0,3492000.0,2782262.0,2395000.0,12585000.0,11300000.0,7584706.0,9481235.5,2824325.0,2236000.0,1400000.0,1524279.5,1848000.0,2250763.0,2318266.0,2597000.0,2848500.0,2516291.0,3055758.0,3525500.0,3505000.0,3500000.0,3500000.0,2782262.0,1973000.0
1.0,1514.58,4404000.0,3332960.0,3400000.0,3559760.0,3824840.0,3273000.0,3049000.0,2903040.0,2837160.0,2993760.0,2967000.0,2759000.0,2812320.0,3127000.0,3000000.0,3051520.0,3200000.0,3221563.0,3550000.0,3996900.0,3141000.0,4404000.0,3332960.0,3400000.0,3559760.0,3824840.0,3273000.0,3049000.0,2903040.0,2837160.0,2993760.0,2967000.0,2759000.0,2822000.0,3127000.0,3063000.0,3138000.0,3246000.0,3260023.0,3658967.0,4051500.0,3977500.0,19719.5,3999.0,2751.0,2401.0,3325.0,4299.4555,1095.36,206.5555,105.29400000000001,86.254,85.5465,114.0915,0.405,1.389,2.892,2.07,0.936,0.879,1.474,77.706,5.096,7200000.0,5131037.5,4419804.5,5283444.0,4826223.5,4388513.0,1350000.0,1791550.0,2973000.0,1632825.0,2800000.0,1950000.0,2106500.0,2404000.0,2100000.0,1750000.0,1329600.0,1480900.0,1100000.0,1311000.0,1314303.5,18478412.0,11987000.0,7584706.0,9548235.5,3499215.5,2236000.0,1456500.0,1739965.0,1970438.0,2388000.0,2318266.0,2597000.0,8447000.0,12284000.0,15607000.0,17400000.0,17432000.0,17821000.0,18196000.0,2782262.0,2395000.0,12585000.0,11300000.0,7584706.0,9481235.5,2824325.0,2236000.0,1400000.0,1524279.5,1848000.0,2250763.0,2318266.0,2597000.0,8447000.0,12284000.0,15607000.0,17400000.0,17432000.0,17821000.0,18196000.0,2782262.0,1973000.0
0.0,33.2,4138000.0,3656000.0,4146000.0,4322000.0,4688000.0,5760000.0,5324000.0,5700000.0,4052000.0,3968000.0,3740000.0,2110000.0,2350000.0,3127000.0,3000000.0,3051520.0,3200000.0,3221563.0,3550000.0,3996900.0,3141000.0,4138000.0,3656000.0,4146000.0,4322000.0,4688000.0,5760000.0,5324000.0,5700000.0,4052000.0,3968000.0,3740000.0,2110000.0,2350000.0,3127000.0,3063000.0,3138000.0,3246000.0,3260023.0,3658967.0,4051500.0,3977500.0,19719.5,3999.0,2751.0,2401.0,3325.0,4299.4555,1095.36,206.5555,105.29400000000001,86.254,85.5465,114.0915,99.67949999999999,99.135,104.4385,136.871,135.587,120.2985,115.492,77.706,5.096,7200000.0,5131037.5,4419804.5,5283444.0,4826223.5,4388513.0,1350000.0,1791550.0,2973000.0,1632825.0,2800000.0,1950000.0,2106500.0,2404000.0,2100000.0,1750000.0,1329600.0,1480900.0,1100000.0,1311000.0,1314303.5,18478412.0,11987000.0,7584706.0,9548235.5,3499215.5,2236000.0,1456500.0,1739965.0,1970438.0,2388000.0,2318266.0,2597000.0,2848500.0,2555147.5,3055758.0,3415000.0,3574182.0,3440000.0,3492000.0,2782262.0,2395000.0,12585000.0,11300000.0,7584706.0,9481235.5,2824325.0,2236000.0,1400000.0,1524279.5,1848000.0,2250763.0,2318266.0,2597000.0,2848500.0,2516291.0,3055758.0,3525500.0,3505000.0,3500000.0,3500000.0,2782262.0,1973000.0
1.0,53.49,4404000.0,3332960.0,3400000.0,3559760.0,3824840.0,181000.0,52800.0,55800.0,91500.0,106200.0,125600.0,103900.0,148200.0,141300.0,149800.0,114300.0,86200.0,66400.0,42800.0,25200.0,3141000.0,4404000.0,3332960.0,3400000.0,3559760.0,3824840.0,664100.0,215300.0,97400.0,296800.0,238200.0,240500.0,238500.0,325300.0,291500.0,276100.0,248500.0,194300.0,132700.0,108600.0,52700.0,3977500.0,19719.5,3999.0,2751.0,2401.0,3325.0,4299.4555,1095.36,206.5555,105.29400000000001,86.254,85.5465,114.0915,99.67949999999999,99.135,104.4385,136.871,135.587,120.2985,115.492,77.706,5.096,7200000.0,5131037.5,4419804.5,5283444.0,4826223.5,4388513.0,1350000.0,1791550.0,2973000.0,1632825.0,2800000.0,1950000.0,2106500.0,2404000.0,2100000.0,1750000.0,1329600.0,1480900.0,1100000.0,1311000.0,1314303.5,18478412.0,11987000.0,7584706.0,9548235.5,3499215.5,2236000.0,1456500.0,1739965.0,1970438.0,2388000.0,2318266.0,2597000.0,2848500.0,2555147.5,3055758.0,3415000.0,3574182.0,3440000.0,3492000.0,2782262.0,2395000.0,12585000.0,11300000.0,7584706.0,9481235.5,2824325.0,2236000.0,1400000.0,1524279.5,1848000.0,2250763.0,2318266.0,2597000.0,2848500.0,2516291.0,3055758.0,3525500.0,3505000.0,3500000.0,3500000.0,2782262.0,1973000.0
1.0,120.44,4404000.0,3332960.0,3400000.0,3559760.0,3824840.0,3273000.0,3049000.0,2903040.0,888149.0,2993760.0,2967000.0,2759000.0,2812320.0,2086560.0,2086560.0,3051520.0,3200000.0,3221563.0,3550000.0,3996900.0,3141000.0,4404000.0,3332960.0,3400000.0,3559760.0,3824840.0,3273000.0,3049000.0,2903040.0,888149.0,2993760.0,2967000.0,2759000.0,2822000.0,2086560.0,2086560.0,3138000.0,3246000.0,3260023.0,3658967.0,4051500.0,3977500.0,19719.5,3999.0,2751.0,2401.0,3325.0,4299.4555,1095.36,206.5555,105.29400000000001,86.254,85.5465,114.0915,99.67949999999999,99.135,104.4385,136.871,135.587,120.2985,115.492,77.706,5.096,7200000.0,5131037.5,4419804.5,5283444.0,4826223.5,4388513.0,1350000.0,1791550.0,2973000.0,1632825.0,2800000.0,1950000.0,2106500.0,2404000.0,2100000.0,1750000.0,1329600.0,1480900.0,1100000.0,1311000.0,1314303.5,18478412.0,11987000.0,7584706.0,9548235.5,3499215.5,2236000.0,1456500.0,1739965.0,1970438.0,2388000.0,2318266.0,2597000.0,2848500.0,2555147.5,3055758.0,3415000.0,3574182.0,3440000.0,3492000.0,2782262.0,2395000.0,12585000.0,11300000.0,7584706.0,9481235.5,2824325.0,2236000.0,1400000.0,1524279.5,1848000.0,2250763.0,2318266.0,2597000.0,2848500.0,2516291.0,3055758.0,3525500.0,3505000.0,3500000.0,3500000.0,2782262.0,1973000.0
0.0,43.21,4404000.0,1400000.0,1400000.0,400000.0,0.0,0.0,0.0,0.0,0.0,300000.0,900000.0,1000000.0,200000.0,100000.0,3000000.0,3051520.0,3200000.0,3221563.0,3550000.0,3996900.0,3141000.0,4404000.0,1400000.0,1400000.0,400000.0,0.0,0.0,0.0,0.0,0.0,300000.0,900000.0,1000000.0,200000.0,100000.0,3063000.0,3138000.0,3246000.0,3260023.0,3658967.0,4051500.0,3977500.0,19719.5,3999.0,2751.0,2401.0,3325.0,4299.4555,1095.36,206.5555,105.29400000000001,86.254,85.5465,114.0915,99.67949999999999,99.135,104.4385,136.871,135.587,120.2985,115.492,77.706,5.096,7200000.0,5131037.5,4419804.5,5283444.0,4826223.5,4388513.0,1350000.0,1791550.0,2973000.0,1632825.0,2800000.0,1950000.0,2106500.0,2404000.0,2100000.0,1750000.0,1329600.0,1480900.0,1100000.0,1311000.0,1314303.5,18478412.0,11987000.0,7584706.0,9548235.5,3499215.5,2236000.0,1456500.0,1739965.0,1970438.0,2388000.0,2318266.0,2597000.0,2848500.0,2555147.5,3055758.0,3415000.0,3574182.0,3440000.0,3492000.0,2782262.0,2395000.0,12585000.0,11300000.0,7584706.0,9481235.5,2824325.0,2236000.0,1400000.0,1524279.5,1848000.0,2250763.0,2318266.0,2597000.0,2848500.0,2516291.0,3055758.0,3525500.0,3505000.0,3500000.0,3500000.0,2782262.0,1973000.0
1.0,44.57,4404000.0,3332960.0,3400000.0,3559760.0,3824840.0,3273000.0,3049000.0,2903040.0,2837160.0,2993760.0,2967000.0,2759000.0,2812320.0,3127000.0,3000000.0,3051520.0,3200000.0,3221563.0,3550000.0,3996900.0,3141000.0,4404000.0,3332960.0,3400000.0,3559760.0,3824840.0,3273000.0,3049000.0,2903040.0,2837160.0,2993760.0,2967000.0,2759000.0,2822000.0,3127000.0,3063000.0,3138000.0,3246000.0,3260023.0,3658967.0,4051500.0,3977500.0,19719.5,3999.0,2751.0,2401.0,3325.0,4299.4555,1095.36,206.5555,105.29400000000001,86.254,85.5465,114.0915,99.67949999999999,99.135,104.4385,136.871,135.587,120.2985,115.492,77.706,5.096,7200000.0,5131037.5,4419804.5,5283444.0,3620000.0,3900000.0,4473728.0,4650932.0,4674215.0,5096155.0,4027167.0,4763870.0,4759702.0,4617835.0,4429995.0,4142906.0,4103000.0,4132000.0,4300000.0,4352000.0,1314303.5,18478412.0,11987000.0,7584706.0,9548235.5,3499215.5,2236000.0,1456500.0,1739965.0,1970438.0,2388000.0,2318266.0,2597000.0,2848500.0,2555147.5,3055758.0,3415000.0,3574182.0,3440000.0,3492000.0,2782262.0,2395000.0,12585000.0,11300000.0,7584706.0,9481235.5,2824325.0,2236000.0,1400000.0,1524279.5,1848000.0,2250763.0,2318266.0,2597000.0,2848500.0,2516291.0,3055758.0,3525500.0,3505000.0,3500000.0,3500000.0,2782262.0,1973000.0
1.0,7474.85,4404000.0,3332960.0,3400000.0,3559760.0,3824840.0,3273000.0,3049000.0,2903040.0,2837160.0,2993760.0,2967000.0,2759000.0,2812320.0,3127000.0,3000000.0,3051520.0,3200000.0,3221563.0,3550000.0,3996900.0,3141000.0,4404000.0,3332960.0,3400000.0,3559760.0,3824840.0,3273000.0,3049000.0,2903040.0,2837160.0,2993760.0,2967000.0,2759000.0,2822000.0,3127000.0,3063000.0,3138000.0,3246000.0,3260023.0,3658967.0,4051500.0,3977500.0,19719.5,3999.0,2751.0,2401.0,3325.0,4299.4555,25.061,23.077,22.113,26.564,14.175,27.839,25.713,24.948,30.233,22.519,28.522,23.887,24.634,28.709,5.096,7200000.0,5131037.5,4419804.5,5283444.0,4826223.5,4388513.0,1350000.0,1791550.0,2973000.0,1632825.0,2800000.0,1950000.0,2106500.0,2404000.0,2100000.0,1750000.0,1329600.0,1480900.0,1100000.0,1311000.0,1314303.5,18478412.0,11987000.0,7584706.0,9548235.5,3499215.5,2236000.0,9635000.0,8614000.0,9586000.0,9883000.0,5089000.0,10330000.0,9581000.0,9900000.0,10120000.0,7928000.0,9699000.0,8604000.0,7215000.0,7965000.0,2395000.0,12585000.0,11300000.0,7584706.0,9481235.5,2824325.0,2236000.0,9635000.0,8614000.0,9586000.0,9883000.0,5089000.0,10330000.0,9581000.0,9900000.0,10120000.0,7928000.0,9699000.0,8604000.0,7215000.0,7965000.0,1973000.0
1.0,350.72,4404000.0,3332960.0,3400000.0,3559760.0,3824840.0,3273000.0,3049000.0,2903040.0,2837160.0,2993760.0,2967000.0,2759000.0,2812320.0,3127000.0,3000000.0,3051520.0,3200000.0,3221563.0,3550000.0,3996900.0,3141000.0,4404000.0,3332960.0,3400000.0,3559760.0,3824840.0,3273000.0,3049000.0,2903040.0,2837160.0,2993760.0,2967000.0,2759000.0,2822000.0,3127000.0,3063000.0,3138000.0,3246000.0,3260023.0,3658967.0,4051500.0,3977500.0,9.112,4.87,0.883,1.963,3.028,2.677,2.519,2.415,3.454,2.846,3.247,9.982,13.237,16.164,13.388,17.503,21.531,16.435,9.711,0.584,5.096,7200000.0,5131037.5,4419804.5,5283444.0,4826223.5,4388513.0,1350000.0,1791550.0,2973000.0,1632825.0,2800000.0,1950000.0,2106500.0,2404000.0,2100000.0,1750000.0,1329600.0,1480900.0,1100000.0,1311000.0,1314303.5,255350.0,349350.0,350951.0,393210.0,431241.0,461091.0,467953.0,478669.0,483376.0,484621.0,484767.0,499732.0,461437.0,443537.0,454694.0,458222.0,464366.0,500580.0,353891.0,127079.0,2395000.0,255350.0,349350.0,350951.0,393210.0,431241.0,461091.0,467953.0,478669.0,483376.0,484621.0,484767.0,499732.0,461437.0,443537.0,454694.0,458222.0,464366.0,500580.0,353891.0,127079.0,1973000.0
1.0,43.21,4404000.0,3200000.0,3000000.0,3000000.0,2900000.0,3100000.0,3100000.0,3100000.0,3100000.0,3300000.0,3100000.0,3000000.0,2900000.0,2900000.0,2483460.0,1811678.0,1293667.0,1224720.0,3550000.0,3996900.0,3141000.0,4404000.0,3200000.0,3000000.0,3000000.0,2900000.0,3100000.0,3100000.0,3100000.0,3100000.0,3300000.0,3100000.0,3000000.0,2900000.0,2900000.0,2483460.0,1811678.0,1293667.0,1224720.0,3658967.0,4051500.0,3977500.0,19719.5,3999.0,2751.0,2401.0,3325.0,4299.4555,1095.36,206.5555,105.29400000000001,86.254,85.5465,114.0915,99.67949999999999,99.135,104.4385,136.871,135.587,120.2985,115.492,77.706,5.096,7200000.0,5131037.5,4419804.5,5283444.0,4826223.5,4388513.0,1350000.0,1791550.0,2973000.0,1632825.0,2800000.0,1950000.0,2106500.0,2404000.0,2100000.0,1750000.0,1329600.0,1480900.0,1100000.0,1311000.0,1314303.5,18478412.0,11987000.0,7584706.0,9548235.5,3499215.5,2236000.0,1456500.0,1739965.0,1970438.0,2388000.0,2318266.0,2597000.0,2848500.0,2555147.5,3055758.0,3415000.0,3574182.0,3440000.0,3492000.0,2782262.0,2395000.0,12585000.0,11300000.0,7584706.0,9481235.5,2824325.0,2236000.0,1400000.0,1524279.5,1848000.0,2250763.0,2318266.0,2597000.0,2848500.0,2516291.0,3055758.0,3525500.0,3505000.0,3500000.0,3500000.0,2782262.0,1973000.0
1.0,15.18,4404000.0,3332960.0,3400000.0,3559760.0,3824840.0,3273000.0,3049000.0,2903040.0,2837160.0,2993760.0,2967000.0,2759000.0,2812320.0,3127000.0,3000000.0,3051520.0,3200000.0,3221563.0,3550000.0,3996900.0,3141000.0,4404000.0,3332960.0,3400000.0,3559760.0,3824840.0,3273000.0,3049000.0,2903040.0,2837160.0,2993760.0,2967000.0,2759000.0,2822000.0,3127000.0,3063000.0,3138000.0,3246000.0,3260023.0,3658967.0,4051500.0,3977500.0,19719.5,3999.0,2751.0,2401.0,3325.0,4299.4555,1095.36,206.5555,105.29400000000001,86.254,166.618,255.874,233.079,215.169,185.594,145.706,125.713,204.951,212.714,191.372,5.096,7200000.0,5131037.5,4419804.5,5283444.0,4826223.5,4388513.0,1350000.0,1791550.0,2973000.0,1632825.0,2800000.0,1950000.0,2106500.0,2404000.0,2100000.0,1750000.0,1329600.0,1480900.0,1100000.0,1311000.0,1314303.5,18478412.0,11987000.0,7584706.0,9548235.5,3499215.5,2236000.0,1456500.0,1739965.0,1970438.0,966629.0,1665082.0,1563156.0,1918153.0,2107117.0,1936952.0,1466641.0,978767.0,1359368.0,1254178.0,1593004.0,2395000.0,12585000.0,11300000.0,7584706.0,9481235.5,2824325.0,2236000.0,1400000.0,1524279.5,1848000.0,966629.0,1665082.0,1563156.0,1918153.0,2107117.0,1936952.0,1466641.0,978767.0,1359368.0,1254178.0,1593004.0,1973000.0
1.0,2060.97,4404000.0,3332960.0,3400000.0,3559760.0,3824840.0,3273000.0,3049000.0,2903040.0,2837160.0,2993760.0,2967000.0,2759000.0,2812320.0,3127000.0,3000000.0,3051520.0,3200000.0,3221563.0,3550000.0,3996900.0,3141000.0,4404000.0,3332960.0,3400000.0,3559760.0,3824840.0,3273000.0,3049000.0,2903040.0,2837160.0,2993760.0,2967000.0,2759000.0,2822000.0,3127000.0,3063000.0,3138000.0,3246000.0,3260023.0,3658967.0,4051500.0,3977500.0,19719.5,129333.333,130800.0,131100.0,125500.0,113100.0,94100.0,181300.0,249100.0,274800.0,244800.0,272200.0,263700.0,232600.0,233100.0,249600.0,251400.0,254300.0,263800.0,246500.0,5.096,7200000.0,5131037.5,4419804.5,5283444.0,4826223.5,4388513.0,1350000.0,1791550.0,2973000.0,1632825.0,2800000.0,1950000.0,2106500.0,2404000.0,2100000.0,1750000.0,1329600.0,1480900.0,1100000.0,1311000.0,1314303.5,18478412.0,13720000.0,14688000.0,15747000.0,16781000.0,15603000.0,16448000.0,29359000.0,34362000.0,34841000.0,32312000.0,36668000.0,34551000.0,33512000.0,35344000.0,34768000.0,37202000.0,35266000.0,37747000.0,39558000.0,2395000.0,12585000.0,13720000.0,14688000.0,15747000.0,16781000.0,15603000.0,16448000.0,29359000.0,34362000.0,34841000.0,32312000.0,36668000.0,34551000.0,33512000.0,35344000.0,34768000.0,37202000.0,35266000.0,37747000.0,39558000.0,1973000.0
1.0,7459.11,4404000.0,3332960.0,3400000.0,3559760.0,3824840.0,3273000.0,3049000.0,2903040.0,2837160.0,2993760.0,2967000.0,2759000.0,2812320.0,3127000.0,3000000.0,3051520.0,3200000.0,3221563.0,3550000.0,3996900.0,3141000.0,4404000.0,3332960.0,3400000.0,3559760.0,3824840.0,3273000.0,3049000.0,2903040.0,2837160.0,2993760.0,2967000.0,2759000.0,2822000.0,3127000.0,3063000.0,3138000.0,3246000.0,3260023.0,3658967.0,4051500.0,3977500.0,19719.5,3999.0,2751.0,2401.0,3325.0,4299.4555,1095.36,206.5555,105.29400000000001,86.254,85.5465,114.0915,99.67949999999999,99.135,104.4385,136.871,135.587,120.2985,115.492,77.706,5.096,7200000.0,5131037.5,4419804.5,5283444.0,4826223.5,4388513.0,1350000.0,1791550.0,2973000.0,1632825.0,2800000.0,1950000.0,2106500.0,2404000.0,2100000.0,1750000.0,1329600.0,1480900.0,1100000.0,1311000.0,1314303.5,18478412.0,11987000.0,7584706.0,9548235.5,3499215.5,2236000.0,1456500.0,1739965.0,1970438.0,2388000.0,2318266.0,2597000.0,2848500.0,2555147.5,3055758.0,3415000.0,3574182.0,3440000.0,3492000.0,2782262.0,2395000.0,12585000.0,11300000.0,7584706.0,9481235.5,2824325.0,2236000.0,1400000.0,1524279.5,1848000.0,2250763.0,2318266.0,2597000.0,2848500.0,2516291.0,3055758.0,3525500.0,3505000.0,3500000.0,3500000.0,2782262.0,1973000.0
1.0,2764.52,4404000.0,3332960.0,3400000.0,3559760.0,3824840.0,3273000.0,3049000.0,2903040.0,2837160.0,2993760.0,2967000.0,2759000.0,2812320.0,3127000.0,3000000.0,3051520.0,3200000.0,3221563.0,3550000.0,3996900.0,3141000.0,4404000.0,3332960.0,3400000.0,3559760.0,3824840.0,3273000.0,3049000.0,2903040.0,2837160.0,2993760.0,2967000.0,2759000.0,2822000.0,3127000.0,3063000.0,3138000.0,3246000.0,3260023.0,3658967.0,4051500.0,3977500.0,19719.5,3999.0,2751.0,2401.0,3325.0,4299.4555,1095.36,206.5555,105.29400000000001,86.254,85.5465,114.0915,99.67949999999999,99.135,104.4385,136.871,135.587,120.2985,115.492,77.706,5.096,7200000.0,5131037.5,4419804.5,5283444.0,4826223.5,4388513.0,1350000.0,1791550.0,2973000.0,1632825.0,2800000.0,1950000.0,2106500.0,2404000.0,2100000.0,1750000.0,1329600.0,1480900.0,1100000.0,1311000.0,1314303.5,18478412.0,11987000.0,7584706.0,9548235.5,3499215.5,2236000.0,1456500.0,1900000.0,4400000.0,6200000.0,7500000.0,8200000.0,9200000.0,7600000.0,9500000.0,10100000.0,11100000.0,11400000.0,6200000.0,7400000.0,2395000.0,12585000.0,11300000.0,7584706.0,9481235.5,2824325.0,2236000.0,1400000.0,1900000.0,4400000.0,6200000.0,7500000.0,8200000.0,9200000.0,7600000.0,9500000.0,10100000.0,11100000.0,11400000.0,6200000.0,7400000.0,1973000.0
0.0,33.2,2086560.0,1723680.0,1723680.0,1632960.0,2268000.0,1542240.0,1451520.0,1270080.0,2449440.0,2268000.0,1542240.0,1995840.0,2177280.0,2358720.0,2358720.0,2177280.0,1723680.0,3221563.0,3550000.0,3996900.0,3141000.0,2086560.0,1723680.0,1723680.0,1632960.0,2268000.0,1542240.0,1451520.0,1270080.0,2449440.0,2268000.0,1542240.0,1995840.0,2177280.0,2358720.0,2358720.0,2177280.0,1723680.0,3260023.0,3658967.0,4051500.0,3977500.0,19719.5,3999.0,2751.0,2401.0,3325.0,4299.4555,1095.36,206.5555,105.29400000000001,86.254,85.5465,114.0915,99.67949999999999,99.135,104.4385,136.871,135.587,120.2985,115.492,77.706,5.096,7200000.0,5131037.5,4419804.5,5283444.0,4826223.5,4388513.0,1350000.0,1791550.0,2973000.0,1632825.0,2800000.0,1950000.0,2106500.0,2404000.0,2100000.0,1750000.0,1329600.0,1480900.0,1100000.0,1311000.0,1314303.5,18478412.0,11987000.0,7584706.0,9548235.5,3499215.5,2236000.0,1456500.0,1739965.0,1970438.0,2388000.0,2318266.0,2597000.0,2848500.0,2555147.5,3055758.0,3415000.0,3574182.0,3440000.0,3492000.0,2782262.0,2395000.0,12585000.0,11300000.0,7584706.0,9481235.5,2824325.0,2236000.0,1400000.0,1524279.5,1848000.0,2250763.0,2318266.0,2597000.0,2848500.0,2516291.0,3055758.0,3525500.0,3505000.0,3500000.0,3500000.0,2782262.0,1973000.0
1.0,33.2,7224000.0,6258000.0,7656000.0,7262000.0,8224000.0,9052000.0,8778000.0,8968000.0,8188000.0,8780000.0,8664000.0,6804000.0,7068000.0,9090000.0,9818000.0,10222000.0,10062000.0,12110000.0,12700000.0,11866000.0,3141000.0,7224000.0,6258000.0,7656000.0,7262000.0,8224000.0,9052000.0,8778000.0,8968000.0,8188000.0,8780000.0,8664000.0,6804000.0,7068000.0,9090000.0,9818000.0,10222000.0,10062000.0,12110000.0,12700000.0,11866000.0,3977500.0,19719.5,3999.0,2751.0,2401.0,3325.0,4299.4555,1095.36,206.5555,105.29400000000001,86.254,85.5465,114.0915,99.67949999999999,99.135,104.4385,136.871,135.587,120.2985,115.492,77.706,5.096,7200000.0,5131037.5,4419804.5,5283444.0,4826223.5,4388513.0,1350000.0,1791550.0,2973000.0,1632825.0,2800000.0,1950000.0,2106500.0,2404000.0,2100000.0,1750000.0,1329600.0,1480900.0,1100000.0,1311000.0,1314303.5,18478412.0,11987000.0,7584706.0,9548235.5,3499215.5,2236000.0,1456500.0,1739965.0,1970438.0,2388000.0,2318266.0,2597000.0,2848500.0,2555147.5,3055758.0,3415000.0,3574182.0,3440000.0,3492000.0,2782262.0,2395000.0,12585000.0,11300000.0,7584706.0,9481235.5,2824325.0,2236000.0,1400000.0,1524279.5,1848000.0,2250763.0,2318266.0,2597000.0,2848500.0,2516291.0,3055758.0,3525500.0,3505000.0,3500000.0,3500000.0,2782262.0,1973000.0
1.0,151.7,4404000.0,3332960.0,3400000.0,3559760.0,3824840.0,3273000.0,3049000.0,2903040.0,2837160.0,2993760.0,2967000.0,2759000.0,2812320.0,3127000.0,3000000.0,3051520.0,3200000.0,3221563.0,3550000.0,3996900.0,3141000.0,4404000.0,3332960.0,3400000.0,3559760.0,3824840.0,3273000.0,3049000.0,2903040.0,2837160.0,2993760.0,2967000.0,2759000.0,2822000.0,3127000.0,3063000.0,3138000.0,3246000.0,3260023.0,3658967.0,4051500.0,3977500.0,19719.5,3999.0,2751.0,2401.0,3325.0,4299.4555,1095.36,206.5555,105.29400000000001,86.254,85.5465,2925000.0,2925000.0,2535000.0,2275000.0,2275000.0,1885000.0,2340000.0,2600000.0,2535000.0,5.096,7200000.0,5131037.5,4419804.5,5283444.0,4826223.5,4388513.0,1350000.0,1791550.0,4500000.0,4500000.0,4600000.0,4500000.0,4500000.0,3900000.0,3500000.0,3500000.0,2900000.0,3600000.0,4000000.0,3900000.0,1314303.5,18478412.0,11987000.0,7584706.0,9548235.5,3499215.5,2236000.0,1456500.0,1739965.0,1970438.0,2388000.0,2318266.0,9000000.0,8400000.0,9500000.0,10100000.0,7900000.0,10800000.0,12400000.0,13300000.0,7900000.0,2395000.0,12585000.0,11300000.0,7584706.0,9481235.5,2824325.0,2236000.0,1400000.0,1524279.5,1848000.0,2250763.0,2318266.0,9000000.0,8400000.0,9500000.0,10100000.0,7900000.0,10800000.0,12400000.0,13300000.0,7900000.0,1973000.0
1.0,1514.58,4404000.0,3332960.0,3400000.0,3559760.0,3824840.0,3273000.0,3049000.0,2903040.0,2837160.0,2993760.0,2967000.0,2759000.0,2812320.0,3127000.0,3000000.0,3051520.0,3200000.0,3221563.0,3550000.0,3996900.0,3141000.0,4404000.0,3332960.0,3400000.0,3559760.0,3824840.0,3273000.0,3049000.0,2903040.0,2837160.0,2993760.0,2967000.0,2759000.0,2822000.0,3127000.0,3063000.0,3138000.0,3246000.0,3260023.0,3658967.0,4051500.0,3977500.0,19719.5,3999.0,2751.0,2401.0,3325.0,4299.4555,1095.36,206.5555,105.29400000000001,86.254,85.5465,114.0915,1.591,1.037,1.413,1.025,0.071,0.872,0.826,0.826,5.096,7200000.0,5131037.5,4419804.5,5283444.0,4826223.5,4388513.0,1350000.0,1791550.0,2973000.0,1632825.0,2800000.0,1950000.0,2106500.0,2404000.0,2100000.0,1750000.0,1329600.0,1480900.0,1100000.0,1311000.0,1314303.5,18478412.0,11987000.0,7584706.0,9548235.5,3499215.5,2236000.0,1456500.0,1739965.0,1970438.0,2388000.0,2318266.0,2597000.0,2848500.0,2555147.5,3055758.0,3415000.0,3574182.0,3440000.0,3492000.0,2782262.0,2395000.0,12585000.0,11300000.0,7584706.0,9481235.5,2824325.0,2236000.0,1400000.0,1524279.5,1848000.0,2250763.0,2318266.0,2597000.0,2848500.0,2516291.0,3055758.0,3525500.0,3505000.0,3500000.0,3500000.0,2782262.0,1973000.0
1.0,67.27,4404000.0,3332960.0,3400000.0,3559760.0,3824840.0,3273000.0,3049000.0,550000.0,1140000.0,1980000.0,2700000.0,3200000.0,2500000.0,2100000.0,800000.0,800000.0,500000.0,1100000.0,1200000.0,1300000.0,3141000.0,4404000.0,3332960.0,3400000.0,3559760.0,3824840.0,3273000.0,3049000.0,550000.0,1140000.0,1980000.0,2700000.0,3200000.0,2500000.0,2100000.0,800000.0,800000.0,500000.0,1100000.0,1200000.0,1300000.0,3977500.0,19719.5,3999.0,2751.0,2401.0,3325.0,4299.4555,1095.36,206.5555,105.29400000000001,86.254,85.5465,114.0915,99.67949999999999,99.135,104.4385,136.871,135.587,120.2985,115.492,77.706,5.096,7200000.0,5131037.5,4419804.5,5283444.0,4826223.5,4388513.0,1350000.0,1791550.0,2973000.0,1632825.0,2800000.0,1950000.0,2106500.0,2404000.0,2100000.0,1750000.0,1329600.0,1480900.0,1100000.0,1311000.0,1314303.5,18478412.0,11987000.0,7584706.0,9548235.5,3499215.5,2236000.0,1456500.0,1739965.0,1970438.0,2388000.0,2318266.0,2597000.0,2848500.0,2555147.5,3055758.0,3415000.0,3574182.0,3440000.0,3492000.0,2782262.0,2395000.0,12585000.0,11300000.0,7584706.0,9481235.5,2824325.0,2236000.0,1400000.0,1524279.5,1848000.0,2250763.0,2318266.0,2597000.0,2848500.0,2516291.0,3055758.0,3525500.0,3505000.0,3500000.0,3500000.0,2782262.0,1973000.0
0.0,123.34,4404000.0,3332960.0,3400000.0,3559760.0,3824840.0,3273000.0,3049000.0,2903040.0,2837160.0,2993760.0,2967000.0,2759000.0,2812320.0,3127000.0,3000000.0,3051520.0,3200000.0,3221563.0,3550000.0,3996900.0,3141000.0,4404000.0,3332960.0,3400000.0,3559760.0,3824840.0,3273000.0,3049000.0,2903040.0,2837160.0,2993760.0,2967000.0,2759000.0,2822000.0,3127000.0,3063000.0,3138000.0,3246000.0,3260023.0,3658967.0,4051500.0,3977500.0,19719.5,3999.0,2751.0,2401.0,3325.0,4299.4555,1095.36,206.5555,105.29400000000001,86.254,85.5465,114.0915,99.67949999999999,99.135,104.4385,136.871,135.587,120.2985,115.492,77.706,5.096,7200000.0,5131037.5,4419804.5,5283444.0,4826223.5,4388513.0,1350000.0,1791550.0,2973000.0,1632825.0,2800000.0,1950000.0,2106500.0,2404000.0,2100000.0,1750000.0,1329600.0,1480900.0,1100000.0,1311000.0,1314303.5,18478412.0,11987000.0,7584706.0,9548235.5,3499215.5,2236000.0,1456500.0,1739965.0,1970438.0,2388000.0,2318266.0,2597000.0,2848500.0,464000.0,4339000.0,1678000.0,3574182.0,3440000.0,3492000.0,2782262.0,2395000.0,12585000.0,11300000.0,7584706.0,9481235.5,2824325.0,2236000.0,1400000.0,1524279.5,1848000.0,2250763.0,2318266.0,2597000.0,2848500.0,464000.0,4339000.0,1678000.0,3505000.0,3500000.0,3500000.0,2782262.0,1973000.0
1.0,1783.71,4404000.0,3332960.0,3400000.0,3559760.0,3824840.0,3273000.0,3049000.0,2903040.0,2837160.0,2993760.0,2967000.0,2759000.0,2812320.0,3127000.0,3000000.0,3051520.0,3200000.0,3221563.0,3550000.0,3996900.0,3141000.0,4404000.0,3332960.0,3400000.0,3559760.0,3824840.0,3273000.0,3049000.0,2903040.0,2837160.0,2993760.0,2967000.0,2759000.0,2822000.0,3127000.0,3063000.0,3138000.0,3246000.0,3260023.0,3658967.0,4051500.0,3977500.0,19719.5,3999.0,2751.0,2401.0,3325.0,4299.4555,1095.36,206.5555,105.29400000000001,86.254,85.5465,114.0915,99.67949999999999,99.135,104.4385,136.871,135.587,120.2985,115.492,77.706,5.096,7200000.0,5131037.5,4419804.5,5283444.0,4826223.5,4388513.0,1350000.0,1791550.0,2973000.0,1632825.0,2800000.0,1950000.0,2106500.0,2404000.0,2100000.0,1750000.0,1329600.0,1480900.0,1100000.0,1311000.0,1314303.5,18478412.0,11987000.0,828000.0,1492000.0,1784700.0,1846000.0,1456500.0,1739965.0,2981500.0,4256500.0,4738000.0,5123900.0,6180000.0,6130000.0,6131000.0,5670000.0,5949000.0,5668000.0,5674000.0,5988000.0,2395000.0,12585000.0,11300000.0,828000.0,1492000.0,1784700.0,1846000.0,1400000.0,1524279.5,2981500.0,4256500.0,4738000.0,5123900.0,6180000.0,6130000.0,6131000.0,5670000.0,5949000.0,5668000.0,5674000.0,5988000.0,1973000.0
1.0,120.44,4404000.0,3332960.0,3400000.0,3559760.0,3824840.0,3273000.0,3049000.0,2903040.0,2258021.0,2993760.0,2967000.0,2759000.0,2812320.0,2540160.0,2449440.0,3051520.0,3200000.0,3221563.0,3550000.0,3996900.0,3141000.0,4404000.0,3332960.0,3400000.0,3559760.0,3824840.0,3273000.0,3049000.0,2903040.0,2258021.0,2993760.0,2967000.0,2759000.0,2822000.0,2540160.0,2449440.0,3138000.0,3246000.0,3260023.0,3658967.0,4051500.0,3977500.0,19719.5,3999.0,2751.0,2401.0,3325.0,4299.4555,1095.36,206.5555,105.29400000000001,86.254,85.5465,114.0915,99.67949999999999,99.135,104.4385,136.871,135.587,120.2985,115.492,77.706,5.096,7200000.0,5131037.5,4419804.5,5283444.0,4826223.5,4388513.0,1350000.0,1791550.0,2973000.0,1632825.0,2800000.0,1950000.0,2106500.0,2404000.0,2100000.0,1750000.0,1329600.0,1480900.0,1100000.0,1311000.0,1314303.5,18478412.0,11987000.0,7584706.0,9548235.5,3499215.5,2236000.0,1456500.0,1739965.0,1970438.0,2388000.0,2318266.0,2597000.0,2848500.0,2555147.5,3055758.0,3415000.0,3574182.0,3440000.0,3492000.0,2782262.0,2395000.0,12585000.0,11300000.0,7584706.0,9481235.5,2824325.0,2236000.0,1400000.0,1524279.5,1848000.0,2250763.0,2318266.0,2597000.0,2848500.0,2516291.0,3055758.0,3525500.0,3505000.0,3500000.0,3500000.0,2782262.0,1973000.0
1.0,1008.67,4404000.0,3332960.0,3400000.0,3559760.0,3824840.0,3273000.0,3049000.0,2903040.0,2837160.0,2993760.0,2967000.0,2759000.0,2812320.0,3127000.0,3000000.0,3051520.0,3200000.0,3221563.0,3550000.0,3996900.0,3141000.0,4404000.0,3332960.0,3400000.0,3559760.0,3824840.0,3273000.0,3049000.0,2903040.0,2837160.0,2993760.0,2967000.0,2759000.0,2822000.0,3127000.0,3063000.0,3138000.0,3246000.0,3260023.0,3658967.0,4051500.0,3977500.0,19719.5,3999.0,2751.0,2401.0,3325.0,4299.4555,1095.36,206.5555,105.29400000000001,3.289,33.594,52.475,65.516,68.379,51.568,72.093,76.714,79.832,75.92,77.706,5.096,7200000.0,5131037.5,4419804.5,5283444.0,4826223.5,4388513.0,1350000.0,1791550.0,2973000.0,1632825.0,2800000.0,1950000.0,2106500.0,2404000.0,2100000.0,1750000.0,1329600.0,1480900.0,1100000.0,1311000.0,1314303.5,18478412.0,11987000.0,7584706.0,9548235.5,3499215.5,2236000.0,1456500.0,1739965.0,1970438.0,227394.0,2318266.0,4509407.0,4394673.0,4001862.0,4314200.0,4477218.0,4379400.0,4503527.0,3640390.0,3073559.0,2395000.0,12585000.0,11300000.0,7584706.0,9481235.5,2824325.0,2236000.0,1400000.0,1524279.5,1848000.0,227394.0,2318266.0,4509407.0,4394673.0,4001862.0,4314200.0,4477218.0,4379400.0,4503527.0,3640390.0,3073559.0,1973000.0
1.0,1835.51,4404000.0,3332960.0,3400000.0,3559760.0,3824840.0,3273000.0,3049000.0,2903040.0,2837160.0,2993760.0,2967000.0,2759000.0,2812320.0,3127000.0,3000000.0,3051520.0,3200000.0,3221563.0,3550000.0,3996900.0,3141000.0,4404000.0,3332960.0,3400000.0,3559760.0,3824840.0,3273000.0,3049000.0,2903040.0,2837160.0,2993760.0,2967000.0,2759000.0,2822000.0,3127000.0,3063000.0,3138000.0,3246000.0,3260023.0,3658967.0,4051500.0,3977500.0,19719.5,3999.0,2751.0,2401.0,3325.0,4299.4555,1095.36,206.5555,105.29400000000001,86.254,85.5465,114.0915,99.67949999999999,99.135,104.4385,136.871,135.587,120.2985,115.492,77.706,5.096,7200000.0,5131037.5,4419804.5,5283444.0,4826223.5,4388513.0,1350000.0,1791550.0,2973000.0,1632825.0,2800000.0,1950000.0,2106500.0,2404000.0,2100000.0,1750000.0,1329600.0,1480900.0,1100000.0,1311000.0,1314303.5,18478412.0,11987000.0,7584706.0,9548235.5,3499215.5,2236000.0,1456500.0,1739965.0,1970438.0,2388000.0,2318266.0,2597000.0,800000.0,800000.0,500000.0,300000.0,200000.0,300000.0,400000.0,300000.0,2395000.0,12585000.0,11300000.0,7584706.0,9481235.5,2824325.0,2236000.0,1400000.0,1524279.5,1848000.0,2250763.0,2318266.0,2597000.0,800000.0,800000.0,500000.0,300000.0,200000.0,300000.0,400000.0,300000.0,1973000.0
1.0,67.27,4404000.0,3332960.0,3400000.0,3559760.0,3824840.0,3273000.0,3049000.0,1438000.0,2271000.0,2457000.0,2834000.0,2759000.0,2612000.0,2712000.0,3063000.0,3466000.0,3462000.0,3189000.0,3718000.0,4071000.0,3141000.0,4404000.0,3332960.0,3400000.0,3559760.0,3824840.0,3273000.0,3049000.0,1438000.0,2271000.0,2457000.0,2834000.0,2759000.0,2612000.0,2712000.0,3063000.0,3466000.0,3462000.0,3189000.0,3718000.0,4071000.0,3977500.0,19719.5,3999.0,2751.0,2401.0,3325.0,4299.4555,1095.36,206.5555,105.29400000000001,86.254,85.5465,114.0915,99.67949999999999,99.135,104.4385,136.871,135.587,120.2985,115.492,77.706,5.096,7200000.0,5131037.5,4419804.5,5283444.0,4826223.5,4388513.0,1350000.0,1791550.0,2973000.0,1632825.0,2800000.0,1950000.0,2106500.0,2404000.0,2100000.0,1750000.0,1329600.0,1480900.0,1100000.0,1311000.0,1314303.5,18478412.0,11987000.0,7584706.0,9548235.5,3499215.5,2236000.0,1456500.0,1739965.0,1970438.0,2388000.0,2318266.0,2597000.0,2848500.0,2555147.5,3055758.0,3415000.0,3574182.0,3440000.0,3492000.0,2782262.0,2395000.0,12585000.0,11300000.0,7584706.0,9481235.5,2824325.0,2236000.0,1400000.0,1524279.5,1848000.0,2250763.0,2318266.0,2597000.0,2848500.0,2516291.0,3055758.0,3525500.0,3505000.0,3500000.0,3500000.0,2782262.0,1973000.0
1.0,43.21,4404000.0,3400000.0,3400000.0,3400000.0,3500000.0,3400000.0,2700000.0,3400000.0,2600000.0,3300000.0,3500000.0,3500000.0,3600000.0,3300000.0,3441463.0,3351197.0,3561667.0,3254126.0,3550000.0,3996900.0,3141000.0,4404000.0,3400000.0,3400000.0,3400000.0,3500000.0,3400000.0,2700000.0,3400000.0,2600000.0,3300000.0,3500000.0,3500000.0,3600000.0,3300000.0,3441463.0,3351197.0,3561667.0,3254126.0,3658967.0,4051500.0,3977500.0,19719.5,3999.0,2751.0,2401.0,3325.0,4299.4555,1095.36,206.5555,105.29400000000001,86.254,85.5465,114.0915,99.67949999999999,99.135,104.4385,136.871,135.587,120.2985,115.492,77.706,5.096,7200000.0,5131037.5,4419804.5,5283444.0,4826223.5,4388513.0,1350000.0,1791550.0,2973000.0,1632825.0,2800000.0,1950000.0,2106500.0,2404000.0,2100000.0,1750000.0,1329600.0,1480900.0,1100000.0,1311000.0,1314303.5,18478412.0,11987000.0,7584706.0,9548235.5,3499215.5,2236000.0,1456500.0,1739965.0,1970438.0,2388000.0,2318266.0,2597000.0,2848500.0,2555147.5,3055758.0,3415000.0,3574182.0,3440000.0,3492000.0,2782262.0,2395000.0,12585000.0,11300000.0,7584706.0,9481235.5,2824325.0,2236000.0,1400000.0,1524279.5,1848000.0,2250763.0,2318266.0,2597000.0,2848500.0,2516291.0,3055758.0,3525500.0,3505000.0,3500000.0,3500000.0,2782262.0,1973000.0
1.0,151.7,4404000.0,3332960.0,3400000.0,3559760.0,3824840.0,3273000.0,3049000.0,2903040.0,2837160.0,2993760.0,2967000.0,2759000.0,2812320.0,3127000.0,3000000.0,3051520.0,3200000.0,3221563.0,3550000.0,3996900.0,3141000.0,4404000.0,3332960.0,3400000.0,3559760.0,3824840.0,3273000.0,3049000.0,2903040.0,2837160.0,2993760.0,2967000.0,2759000.0,2822000.0,3127000.0,3063000.0,3138000.0,3246000.0,3260023.0,3658967.0,4051500.0,3977500.0,19719.5,3999.0,2751.0,2401.0,3325.0,4299.4555,1095.36,206.5555,105.29400000000001,86.254,85.5465,1092500.0,1196000.0,1207500.0,1207500.0,1207500.0,1035000.0,880000.0,770000.0,770000.0,5.096,7200000.0,5131037.5,4419804.5,5283444.0,4826223.5,4388513.0,1350000.0,1791550.0,1200000.0,1800000.0,1400000.0,1900000.0,2080000.0,2100000.0,2100000.0,2100000.0,1800000.0,1600000.0,1400000.0,1400000.0,1314303.5,18478412.0,11987000.0,7584706.0,9548235.5,3499215.5,2236000.0,1456500.0,1739965.0,1970438.0,2388000.0,2318266.0,2700000.0,3000000.0,2900000.0,3000000.0,2700000.0,2300000.0,2200000.0,1900000.0,1900000.0,2395000.0,12585000.0,11300000.0,7584706.0,9481235.5,2824325.0,2236000.0,1400000.0,1524279.5,1848000.0,2250763.0,2318266.0,2700000.0,3000000.0,2900000.0,3000000.0,2700000.0,2300000.0,2200000.0,1900000.0,1900000.0,1973000.0
1.0,5338.73,4404000.0,3332960.0,3400000.0,3559760.0,3824840.0,3273000.0,3049000.0,2903040.0,2837160.0,2993760.0,2967000.0,2759000.0,2812320.0,3127000.0,3000000.0,3051520.0,3200000.0,3221563.0,3550000.0,3996900.0,3141000.0,4404000.0,3332960.0,3400000.0,3559760.0,3824840.0,3273000.0,3049000.0,2903040.0,2837160.0,2993760.0,2967000.0,2759000.0,2822000.0,3127000.0,3063000.0,3138000.0,3246000.0,3260023.0,3658967.0,4051500.0,3977500.0,19719.5,3999.0,2751.0,2401.0,3325.0,4299.4555,1095.36,206.5555,105.29400000000001,19.815,17.428,17.345,20.433,17.362,18.48,21.207,23.848,22.397,19.886,17.841,5.096,7200000.0,5131037.5,4419804.5,5283444.0,4826223.5,4388513.0,1350000.0,1791550.0,2973000.0,178066.0,220589.0,204225.0,202355.0,154369.0,176519.0,255710.0,240085.0,241224.0,259799.0,234451.0,1314303.5,18478412.0,11987000.0,7584706.0,9548235.5,3499215.5,2236000.0,1456500.0,1739965.0,1970438.0,9120226.0,10037624.0,11333854.0,7754395.0,9485978.0,5849908.0,2557434.0,2439785.0,798266.0,863.0,3365932.0,2395000.0,12585000.0,11300000.0,7584706.0,9481235.5,2824325.0,2236000.0,1400000.0,1524279.5,1848000.0,6538276.0,9537461.0,9891819.0,9648325.0,9499296.0,9870853.0,10589261.0,9506995.0,9954496.0,9830063.0,9807885.0,1973000.0
1.0,33.2,15500000.0,17700000.0,20800000.0,22500000.0,24300000.0,26700000.0,34400000.0,36100000.0,38500000.0,40590000.0,42200000.0,47670000.0,47190000.0,52260000.0,55320000.0,50350000.0,50770000.0,47680000.0,48330000.0,51640000.0,46750000.0,15500000.0,17700000.0,20800000.0,22500000.0,24300000.0,26700000.0,34400000.0,36100000.0,38500000.0,40590000.0,42200000.0,47670000.0,47190000.0,52260000.0,55320000.0,50350000.0,50770000.0,47680000.0,48330000.0,51640000.0,46750000.0,19719.5,3999.0,2751.0,2401.0,3325.0,4299.4555,1095.36,206.5555,105.29400000000001,86.254,85.5465,114.0915,99.67949999999999,99.135,104.4385,136.871,135.587,120.2985,115.492,77.706,5.096,7200000.0,5131037.5,4419804.5,5283444.0,4826223.5,4388513.0,1350000.0,1791550.0,2973000.0,1632825.0,2800000.0,1950000.0,2106500.0,2404000.0,2100000.0,1750000.0,1329600.0,1480900.0,1100000.0,1311000.0,1314303.5,18478412.0,11987000.0,7584706.0,9548235.5,3499215.5,2236000.0,1456500.0,1739965.0,1970438.0,2388000.0,2318266.0,2597000.0,2848500.0,2555147.5,3055758.0,3415000.0,3574182.0,3440000.0,3492000.0,2782262.0,2395000.0,12585000.0,11300000.0,7584706.0,9481235.5,2824325.0,2236000.0,1400000.0,1524279.5,1848000.0,2250763.0,2318266.0,2597000.0,2848500.0,2516291.0,3055758.0,3525500.0,3505000.0,3500000.0,3500000.0,2782262.0,1973000.0
1.0,107.05,4404000.0,3332960.0,3400000.0,3559760.0,3824840.0,3273000.0,3049000.0,2903040.0,2837160.0,2993760.0,2967000.0,3800000.0,4400000.0,4200000.0,4400000.0,3900000.0,3958600.0,3364500.0,3700000.0,2500000.0,3141000.0,4404000.0,3332960.0,3400000.0,3559760.0,3824840.0,3273000.0,3049000.0,2903040.0,2837160.0,2993760.0,2967000.0,3800000.0,4400000.0,4200000.0,4400000.0,3900000.0,3958600.0,3364500.0,3700000.0,2500000.0,3977500.0,19719.5,3999.0,2751.0,2401.0,3325.0,4299.4555,1095.36,206.5555,105.29400000000001,86.254,85.5465,114.0915,99.67949999999999,99.135,104.4385,136.871,135.587,120.2985,115.492,77.706,5.096,7200000.0,5131037.5,4419804.5,5283444.0,4826223.5,4388513.0,1350000.0,1791550.0,2973000.0,1632825.0,2800000.0,1950000.0,2106500.0,2404000.0,2100000.0,1750000.0,1329600.0,1480900.0,1100000.0,1311000.0,1314303.5,18478412.0,11987000.0,7584706.0,9548235.5,3499215.5,2236000.0,1456500.0,1739965.0,1970438.0,2388000.0,2318266.0,2597000.0,2848500.0,2555147.5,3055758.0,3415000.0,3574182.0,3440000.0,3492000.0,2782262.0,2395000.0,12585000.0,11300000.0,7584706.0,9481235.5,2824325.0,2236000.0,1400000.0,1524279.5,1848000.0,2250763.0,2318266.0,2597000.0,2848500.0,2516291.0,3055758.0,3525500.0,3505000.0,3500000.0,3500000.0,2782262.0,1973000.0
1.0,95.29,4404000.0,3332960.0,3400000.0,3559760.0,3824840.0,3273000.0,3049000.0,2903040.0,2837160.0,2993760.0,476941.0,1864533.0,3541185.0,4100000.0,4700000.0,6700000.0,6490000.0,7520000.0,9200000.0,9630000.0,8610000.0,4404000.0,3332960.0,3400000.0,3559760.0,3824840.0,3273000.0,3049000.0,2903040.0,2837160.0,2993760.0,476941.0,1864533.0,3541185.0,4100000.0,4700000.0,6700000.0,6490000.0,7520000.0,9200000.0,9630000.0,8610000.0,19719.5,3999.0,2751.0,2401.0,3325.0,4299.4555,1095.36,206.5555,105.29400000000001,86.254,85.5465,114.0915,99.67949999999999,99.135,104.4385,136.871,135.587,120.2985,115.492,77.706,5.096,7200000.0,5131037.5,4419804.5,5283444.0,4826223.5,4388513.0,1350000.0,1791550.0,2973000.0,1632825.0,2800000.0,1950000.0,2106500.0,2404000.0,2100000.0,1750000.0,1329600.0,1480900.0,1100000.0,1311000.0,1314303.5,18478412.0,11987000.0,7584706.0,9548235.5,3499215.5,2236000.0,1456500.0,1739965.0,1970438.0,2388000.0,2318266.0,2597000.0,2848500.0,2555147.5,3055758.0,3415000.0,3574182.0,3440000.0,3492000.0,2782262.0,2395000.0,12585000.0,11300000.0,7584706.0,9481235.5,2824325.0,2236000.0,1400000.0,1524279.5,1848000.0,2250763.0,2318266.0,2597000.0,2848500.0,2516291.0,3055758.0,3525500.0,3505000.0,3500000.0,3500000.0,2782262.0,1973000.0
1.0,95.29,4404000.0,3332960.0,3400000.0,3559760.0,3824840.0,3273000.0,3049000.0,2903040.0,2837160.0,2993760.0,0.0,83455.0,104427.0,0.0,150000.0,1050000.0,1460000.0,1490000.0,1620000.0,2230000.0,1970000.0,4404000.0,3332960.0,3400000.0,3559760.0,3824840.0,3273000.0,3049000.0,2903040.0,2837160.0,2993760.0,0.0,83455.0,104427.0,0.0,150000.0,1050000.0,1460000.0,1490000.0,1620000.0,2230000.0,1970000.0,19719.5,3999.0,2751.0,2401.0,3325.0,4299.4555,1095.36,206.5555,105.29400000000001,86.254,85.5465,114.0915,99.67949999999999,99.135,104.4385,136.871,135.587,120.2985,115.492,77.706,5.096,7200000.0,5131037.5,4419804.5,5283444.0,4826223.5,4388513.0,1350000.0,1791550.0,2973000.0,1632825.0,2800000.0,1950000.0,2106500.0,2404000.0,2100000.0,1750000.0,1329600.0,1480900.0,1100000.0,1311000.0,1314303.5,18478412.0,11987000.0,7584706.0,9548235.5,3499215.5,2236000.0,1456500.0,1739965.0,1970438.0,2388000.0,2318266.0,2597000.0,2848500.0,2555147.5,3055758.0,3415000.0,3574182.0,3440000.0,3492000.0,2782262.0,2395000.0,12585000.0,11300000.0,7584706.0,9481235.5,2824325.0,2236000.0,1400000.0,1524279.5,1848000.0,2250763.0,2318266.0,2597000.0,2848500.0,2516291.0,3055758.0,3525500.0,3505000.0,3500000.0,3500000.0,2782262.0,1973000.0
1.0,85.86,4404000.0,3332960.0,3400000.0,3559760.0,3824840.0,3273000.0,3049000.0,2903040.0,2837160.0,2993760.0,2967000.0,2759000.0,300000.0,1600000.0,2500000.0,2800000.0,2600000.0,2200000.0,2600000.0,3000000.0,3000000.0,4404000.0,3332960.0,3400000.0,3559760.0,3824840.0,3273000.0,3049000.0,2903040.0,2837160.0,2993760.0,2967000.0,2759000.0,300000.0,1600000.0,2500000.0,2800000.0,2600000.0,2200000.0,2600000.0,3000000.0,3000000.0,19719.5,3999.0,2751.0,2401.0,3325.0,4299.4555,1095.36,206.5555,105.29400000000001,86.254,85.5465,114.0915,99.67949999999999,99.135,104.4385,136.871,135.587,120.2985,115.492,77.706,5.096,7200000.0,5131037.5,4419804.5,5283444.0,4826223.5,4388513.0,1350000.0,1791550.0,2973000.0,1632825.0,2800000.0,1950000.0,2106500.0,2404000.0,2100000.0,1750000.0,1329600.0,1480900.0,1100000.0,1311000.0,1314303.5,18478412.0,11987000.0,7584706.0,9548235.5,3499215.5,2236000.0,1456500.0,1739965.0,1970438.0,2388000.0,2318266.0,2597000.0,2848500.0,2555147.5,3055758.0,3415000.0,3574182.0,3440000.0,3492000.0,2782262.0,2395000.0,12585000.0,11300000.0,7584706.0,9481235.5,2824325.0,2236000.0,1400000.0,1524279.5,1848000.0,2250763.0,2318266.0,2597000.0,2848500.0,2516291.0,3055758.0,3525500.0,3505000.0,3500000.0,3500000.0,2782262.0,1973000.0
1.0,107.05,4404000.0,3332960.0,3400000.0,3559760.0,3824840.0,3273000.0,3049000.0,2903040.0,2837160.0,2993760.0,2967000.0,1416176.0,1000000.0,1400000.0,2300000.0,1200000.0,697300.0,544600.0,700000.0,800000.0,3141000.0,4404000.0,3332960.0,3400000.0,3559760.0,3824840.0,3273000.0,3049000.0,2903040.0,2837160.0,2993760.0,2967000.0,1416176.0,1000000.0,1400000.0,2300000.0,1200000.0,697300.0,544600.0,700000.0,800000.0,3977500.0,19719.5,3999.0,2751.0,2401.0,3325.0,4299.4555,1095.36,206.5555,105.29400000000001,86.254,85.5465,114.0915,99.67949999999999,99.135,104.4385,136.871,135.587,120.2985,115.492,77.706,5.096,7200000.0,5131037.5,4419804.5,5283444.0,4826223.5,4388513.0,1350000.0,1791550.0,2973000.0,1632825.0,2800000.0,1950000.0,2106500.0,2404000.0,2100000.0,1750000.0,1329600.0,1480900.0,1100000.0,1311000.0,1314303.5,18478412.0,11987000.0,7584706.0,9548235.5,3499215.5,2236000.0,1456500.0,1739965.0,1970438.0,2388000.0,2318266.0,2597000.0,2848500.0,2555147.5,3055758.0,3415000.0,3574182.0,3440000.0,3492000.0,2782262.0,2395000.0,12585000.0,11300000.0,7584706.0,9481235.5,2824325.0,2236000.0,1400000.0,1524279.5,1848000.0,2250763.0,2318266.0,2597000.0,2848500.0,2516291.0,3055758.0,3525500.0,3505000.0,3500000.0,3500000.0,2782262.0,1973000.0
1.0,100.46,4404000.0,3332960.0,3400000.0,3559760.0,3824840.0,3273000.0,3049000.0,2903040.0,2837160.0,2993760.0,2967000.0,2759000.0,2812320.0,3127000.0,3000000.0,3051520.0,3200000.0,3221563.0,400000.0,3996900.0,3141000.0,4404000.0,3332960.0,3400000.0,3559760.0,3824840.0,3273000.0,3049000.0,2903040.0,2837160.0,2993760.0,2967000.0,2759000.0,2822000.0,3127000.0,3063000.0,3138000.0,3246000.0,3260023.0,400000.0,4051500.0,3977500.0,19719.5,3999.0,2751.0,2401.0,3325.0,4299.4555,1095.36,206.5555,105.29400000000001,86.254,85.5465,114.0915,99.67949999999999,99.135,104.4385,136.871,135.587,120.2985,115.492,77.706,5.096,7200000.0,5131037.5,4419804.5,5283444.0,4826223.5,4388513.0,1350000.0,1791550.0,2973000.0,1632825.0,2800000.0,1950000.0,2106500.0,2404000.0,2100000.0,1750000.0,1329600.0,1480900.0,1100000.0,1311000.0,1314303.5,18478412.0,11987000.0,7584706.0,9548235.5,3499215.5,2236000.0,1456500.0,1739965.0,1970438.0,2388000.0,2318266.0,2597000.0,2848500.0,2555147.5,3055758.0,3415000.0,3574182.0,3440000.0,3492000.0,2782262.0,2395000.0,12585000.0,11300000.0,7584706.0,9481235.5,2824325.0,2236000.0,1400000.0,1524279.5,1848000.0,2250763.0,2318266.0,2597000.0,2848500.0,2516291.0,3055758.0,3525500.0,3505000.0,3500000.0,3500000.0,2782262.0,1973000.0
1.0,70.77,4404000.0,3332960.0,3400000.0,3559760.0,3824840.0,3273000.0,3049000.0,2903040.0,2837160.0,4500000.0,5300000.0,8000000.0,9200000.0,9700000.0,6600000.0,3600000.0,3200000.0,4200000.0,3300000.0,2700000.0,3141000.0,4404000.0,3332960.0,3400000.0,3559760.0,3824840.0,3273000.0,3049000.0,2903040.0,2837160.0,4500000.0,5300000.0,8000000.0,9200000.0,9700000.0,6600000.0,3600000.0,3200000.0,4200000.0,3300000.0,2700000.0,3977500.0,19719.5,3999.0,2751.0,2401.0,3325.0,4299.4555,1095.36,206.5555,105.29400000000001,86.254,85.5465,114.0915,99.67949999999999,99.135,104.4385,136.871,135.587,120.2985,115.492,77.706,5.096,7200000.0,5131037.5,4419804.5,5283444.0,4826223.5,4388513.0,1350000.0,1791550.0,2973000.0,1632825.0,2800000.0,1950000.0,2106500.0,2404000.0,2100000.0,1750000.0,1329600.0,1480900.0,1100000.0,1311000.0,1314303.5,18478412.0,11987000.0,7584706.0,9548235.5,3499215.5,2236000.0,1456500.0,1739965.0,1970438.0,2388000.0,2318266.0,2597000.0,2848500.0,2555147.5,3055758.0,3415000.0,3574182.0,3440000.0,3492000.0,2782262.0,2395000.0,12585000.0,11300000.0,7584706.0,9481235.5,2824325.0,2236000.0,1400000.0,1524279.5,1848000.0,2250763.0,2318266.0,2597000.0,2848500.0,2516291.0,3055758.0,3525500.0,3505000.0,3500000.0,3500000.0,2782262.0,1973000.0
1.0,75.08,4404000.0,3332960.0,3400000.0,3559760.0,3824840.0,3273000.0,3049000.0,2903040.0,2837160.0,2993760.0,2967000.0,2759000.0,2812320.0,1800000.0,2300000.0,4100000.0,3600000.0,3900000.0,3600000.0,4200000.0,4000000.0,4404000.0,3332960.0,3400000.0,3559760.0,3824840.0,3273000.0,3049000.0,2903040.0,2837160.0,2993760.0,2967000.0,2759000.0,2822000.0,1800000.0,2300000.0,4100000.0,3600000.0,3900000.0,3600000.0,4200000.0,4000000.0,19719.5,3999.0,2751.0,2401.0,3325.0,4299.4555,1095.36,206.5555,105.29400000000001,86.254,85.5465,114.0915,99.67949999999999,99.135,104.4385,136.871,135.587,120.2985,115.492,77.706,5.096,7200000.0,5131037.5,4419804.5,5283444.0,4826223.5,4388513.0,1350000.0,1791550.0,2973000.0,1632825.0,2800000.0,1950000.0,2106500.0,2404000.0,2100000.0,1750000.0,1329600.0,1480900.0,1100000.0,1311000.0,1314303.5,18478412.0,11987000.0,7584706.0,9548235.5,3499215.5,2236000.0,1456500.0,1739965.0,1970438.0,2388000.0,2318266.0,2597000.0,2848500.0,2555147.5,3055758.0,3415000.0,3574182.0,3440000.0,3492000.0,2782262.0,2395000.0,12585000.0,11300000.0,7584706.0,9481235.5,2824325.0,2236000.0,1400000.0,1524279.5,1848000.0,2250763.0,2318266.0,2597000.0,2848500.0,2516291.0,3055758.0,3525500.0,3505000.0,3500000.0,3500000.0,2782262.0,1973000.0
1.0,69.16,4404000.0,3332960.0,3400000.0,3559760.0,3824840.0,3273000.0,3049000.0,2903040.0,2837160.0,2993760.0,2967000.0,2759000.0,2812320.0,3127000.0,3000000.0,3051520.0,100000.0,500000.0,1200000.0,1600000.0,1300000.0,4404000.0,3332960.0,3400000.0,3559760.0,3824840.0,3273000.0,3049000.0,2903040.0,2837160.0,2993760.0,2967000.0,2759000.0,2822000.0,3127000.0,3063000.0,3138000.0,100000.0,500000.0,1200000.0,1600000.0,1300000.0,19719.5,3999.0,2751.0,2401.0,3325.0,4299.4555,1095.36,206.5555,105.29400000000001,86.254,85.5465,114.0915,99.67949999999999,99.135,104.4385,136.871,135.587,120.2985,115.492,77.706,5.096,7200000.0,5131037.5,4419804.5,5283444.0,4826223.5,4388513.0,1350000.0,1791550.0,2973000.0,1632825.0,2800000.0,1950000.0,2106500.0,2404000.0,2100000.0,1750000.0,1329600.0,1480900.0,1100000.0,1311000.0,1314303.5,18478412.0,11987000.0,7584706.0,9548235.5,3499215.5,2236000.0,1456500.0,1739965.0,1970438.0,2388000.0,2318266.0,2597000.0,2848500.0,2555147.5,3055758.0,3415000.0,3574182.0,3440000.0,3492000.0,2782262.0,2395000.0,12585000.0,11300000.0,7584706.0,9481235.5,2824325.0,2236000.0,1400000.0,1524279.5,1848000.0,2250763.0,2318266.0,2597000.0,2848500.0,2516291.0,3055758.0,3525500.0,3505000.0,3500000.0,3500000.0,2782262.0,1973000.0
1.0,69.16,4404000.0,3332960.0,3400000.0,3559760.0,3824840.0,3273000.0,3049000.0,2903040.0,2837160.0,2993760.0,2967000.0,2759000.0,2812320.0,3127000.0,3000000.0,3051520.0,101000.0,147000.0,489542.0,742302.0,3141000.0,4404000.0,3332960.0,3400000.0,3559760.0,3824840.0,3273000.0,3049000.0,2903040.0,2837160.0,2993760.0,2967000.0,2759000.0,2822000.0,3127000.0,3063000.0,3138000.0,101000.0,147000.0,489542.0,742302.0,3977500.0,19719.5,3999.0,2751.0,2401.0,3325.0,4299.4555,1095.36,206.5555,105.29400000000001,86.254,85.5465,114.0915,99.67949999999999,99.135,104.4385,136.871,135.587,120.2985,115.492,77.706,5.096,7200000.0,5131037.5,4419804.5,5283444.0,4826223.5,4388513.0,1350000.0,1791550.0,2973000.0,1632825.0,2800000.0,1950000.0,2106500.0,2404000.0,2100000.0,1750000.0,1329600.0,1480900.0,1100000.0,1311000.0,1314303.5,18478412.0,11987000.0,7584706.0,9548235.5,3499215.5,2236000.0,1456500.0,1739965.0,1970438.0,2388000.0,2318266.0,2597000.0,2848500.0,2555147.5,3055758.0,3415000.0,3574182.0,3440000.0,3492000.0,2782262.0,2395000.0,12585000.0,11300000.0,7584706.0,9481235.5,2824325.0,2236000.0,1400000.0,1524279.5,1848000.0,2250763.0,2318266.0,2597000.0,2848500.0,2516291.0,3055758.0,3525500.0,3505000.0,3500000.0,3500000.0,2782262.0,1973000.0
1.0,107.05,4404000.0,3332960.0,3400000.0,3559760.0,3824840.0,3273000.0,3049000.0,2903040.0,2837160.0,2993760.0,2967000.0,39000.0,300000.0,900000.0,1400000.0,1000000.0,963100.0,1106900.0,1000000.0,1200000.0,3141000.0,4404000.0,3332960.0,3400000.0,3559760.0,3824840.0,3273000.0,3049000.0,2903040.0,2837160.0,2993760.0,2967000.0,39000.0,300000.0,900000.0,1400000.0,1000000.0,963100.0,1106900.0,1000000.0,1200000.0,3977500.0,19719.5,3999.0,2751.0,2401.0,3325.0,4299.4555,1095.36,206.5555,105.29400000000001,86.254,85.5465,114.0915,99.67949999999999,99.135,104.4385,136.871,135.587,120.2985,115.492,77.706,5.096,7200000.0,5131037.5,4419804.5,5283444.0,4826223.5,4388513.0,1350000.0,1791550.0,2973000.0,1632825.0,2800000.0,1950000.0,2106500.0,2404000.0,2100000.0,1750000.0,1329600.0,1480900.0,1100000.0,1311000.0,1314303.5,18478412.0,11987000.0,7584706.0,9548235.5,3499215.5,2236000.0,1456500.0,1739965.0,1970438.0,2388000.0,2318266.0,2597000.0,2848500.0,2555147.5,3055758.0,3415000.0,3574182.0,3440000.0,3492000.0,2782262.0,2395000.0,12585000.0,11300000.0,7584706.0,9481235.5,2824325.0,2236000.0,1400000.0,1524279.5,1848000.0,2250763.0,2318266.0,2597000.0,2848500.0,2516291.0,3055758.0,3525500.0,3505000.0,3500000.0,3500000.0,2782262.0,1973000.0
1.0,1286.07,4404000.0,3332960.0,3400000.0,3559760.0,3824840.0,3273000.0,3049000.0,2903040.0,2837160.0,2993760.0,2967000.0,2759000.0,2812320.0,3127000.0,3000000.0,3051520.0,3200000.0,3221563.0,3550000.0,3996900.0,3141000.0,4404000.0,3332960.0,3400000.0,3559760.0,3824840.0,3273000.0,3049000.0,2903040.0,2837160.0,2993760.0,2967000.0,2759000.0,2822000.0,3127000.0,3063000.0,3138000.0,3246000.0,3260023.0,3658967.0,4051500.0,3977500.0,19719.5,3999.0,2751.0,2401.0,3325.0,4299.4555,1095.36,206.5555,105.29400000000001,86.254,85.5465,114.0915,99.67949999999999,25.284,34.473,29.652,36.287,33.695,30.119,77.706,5.096,7200000.0,5131037.5,4419804.5,5283444.0,4826223.5,4388513.0,1350000.0,1791550.0,2973000.0,1632825.0,2800000.0,1950000.0,2106500.0,2404000.0,2100000.0,1750000.0,1329600.0,1480900.0,1100000.0,1311000.0,1314303.5,18478412.0,11987000.0,7584706.0,9548235.5,3499215.5,2236000.0,1456500.0,1739965.0,1970438.0,2388000.0,2318266.0,2597000.0,2848500.0,4429250.0,6711667.0,6916667.0,7545000.0,7985000.0,8346667.0,2782262.0,2395000.0,12585000.0,11300000.0,7584706.0,9481235.5,2824325.0,2236000.0,1400000.0,1524279.5,1848000.0,2250763.0,2318266.0,2597000.0,2848500.0,4429250.0,6711667.0,6916667.0,7545000.0,7985000.0,8346667.0,2782262.0,1973000.0
1.0,6.08,4404000.0,3332960.0,3400000.0,3559760.0,3824840.0,3273000.0,3049000.0,2903040.0,2837160.0,2993760.0,2967000.0,2759000.0,2812320.0,3127000.0,3000000.0,3051520.0,3200000.0,3221563.0,3550000.0,3996900.0,3141000.0,4404000.0,3332960.0,3400000.0,3559760.0,3824840.0,3273000.0,3049000.0,2903040.0,2837160.0,2993760.0,2967000.0,2759000.0,2822000.0,3127000.0,3063000.0,3138000.0,3246000.0,3260023.0,3658967.0,4051500.0,3977500.0,19719.5,3999.0,71.024,70.578,71.624,63.238,59.585,44.413,39.139,40.24,35.234,8.348,99.67949999999999,99.135,104.4385,136.871,135.587,120.2985,115.492,77.706,5.096,7200000.0,5131037.5,4419804.5,5283444.0,4826223.5,4388513.0,1350000.0,1791550.0,2973000.0,1632825.0,2800000.0,1950000.0,2106500.0,2404000.0,2100000.0,1750000.0,1329600.0,1480900.0,1100000.0,1311000.0,1314303.5,18478412.0,11987000.0,508352.0,442093.0,381237.0,362192.0,370115.0,362141.0,349022.0,330030.0,323427.0,295000.0,2848500.0,2555147.5,3055758.0,3415000.0,3574182.0,3440000.0,3492000.0,2782262.0,2395000.0,12585000.0,11300000.0,508352.0,442093.0,381237.0,362192.0,370115.0,362141.0,349022.0,330030.0,323427.0,295000.0,2848500.0,2516291.0,3055758.0,3525500.0,3505000.0,3500000.0,3500000.0,2782262.0,1973000.0
1.0,3642.05,4404000.0,3332960.0,3400000.0,3559760.0,3824840.0,3273000.0,3049000.0,2903040.0,2837160.0,2993760.0,2967000.0,2759000.0,2812320.0,3127000.0,3000000.0,3051520.0,3200000.0,3221563.0,3550000.0,3996900.0,3141000.0,4404000.0,3332960.0,3400000.0,3559760.0,3824840.0,3273000.0,3049000.0,2903040.0,2837160.0,2993760.0,2967000.0,2759000.0,2822000.0,3127000.0,3063000.0,3138000.0,3246000.0,3260023.0,3658967.0,4051500.0,3977500.0,19719.5,3999.0,2751.0,2401.0,3325.0,4299.4555,4432.482,5871.821,12228.012,12221.643,13696.145,16077.232,25443.422,30774.091,30386.772,31170.871,49265.268,56869.742,91578.0,117529.0,5.096,7200000.0,5131037.5,4419804.5,5283444.0,4826223.5,4388513.0,9245.0,12210.0,23706.0,17745.0,20828.0,26896.0,58880.0,69328.0,72369.0,72277.0,105018.0,123489.0,164542.0,210300.0,1314303.5,18478412.0,11987000.0,7584706.0,9548235.5,3499215.5,2236000.0,491624.0,579075.0,813249.0,783288.0,945997.0,1150284.0,1890650.0,2139504.0,2333495.0,2483339.0,3638364.0,4410302.0,5395568.0,6390749.0,2395000.0,12585000.0,11300000.0,7584706.0,9481235.5,2824325.0,2236000.0,491624.0,579075.0,813249.0,783288.0,945997.0,1150284.0,1890650.0,2139504.0,2333495.0,2483339.0,3638364.0,4410302.0,5395568.0,6390749.0,1973000.0
1.0,55.48,4404000.0,3332960.0,3400000.0,3559760.0,3824840.0,3273000.0,223688.0,551639.0,602621.0,660883.0,678444.0,2759000.0,2812320.0,3127000.0,3000000.0,3051520.0,3200000.0,3221563.0,3550000.0,3996900.0,3141000.0,4404000.0,3332960.0,3400000.0,3559760.0,3824840.0,3273000.0,223688.0,551639.0,602621.0,660883.0,678444.0,2759000.0,2822000.0,3127000.0,3063000.0,3138000.0,3246000.0,3260023.0,3658967.0,4051500.0,3977500.0,19719.5,3999.0,2751.0,2401.0,3325.0,4299.4555,1095.36,206.5555,105.29400000000001,86.254,85.5465,114.0915,99.67949999999999,99.135,104.4385,136.871,135.587,120.2985,115.492,77.706,5.096,7200000.0,5131037.5,4419804.5,5283444.0,4826223.5,4388513.0,1350000.0,1791550.0,2973000.0,1632825.0,2800000.0,1950000.0,2106500.0,2404000.0,2100000.0,1750000.0,1329600.0,1480900.0,1100000.0,1311000.0,1314303.5,18478412.0,11987000.0,7584706.0,9548235.5,3499215.5,2236000.0,1456500.0,1739965.0,1970438.0,2388000.0,2318266.0,2597000.0,2848500.0,2555147.5,3055758.0,3415000.0,3574182.0,3440000.0,3492000.0,2782262.0,2395000.0,12585000.0,11300000.0,7584706.0,9481235.5,2824325.0,2236000.0,1400000.0,1524279.5,1848000.0,2250763.0,2318266.0,2597000.0,2848500.0,2516291.0,3055758.0,3525500.0,3505000.0,3500000.0,3500000.0,2782262.0,1973000.0
1.0,1417.97,4404000.0,3332960.0,3400000.0,3559760.0,3824840.0,3273000.0,3049000.0,2903040.0,2837160.0,2993760.0,2967000.0,2759000.0,2812320.0,3127000.0,3000000.0,3051520.0,3200000.0,3221563.0,3550000.0,3996900.0,3141000.0,4404000.0,3332960.0,3400000.0,3559760.0,3824840.0,3273000.0,3049000.0,2903040.0,2837160.0,2993760.0,2967000.0,2759000.0,2822000.0,3127000.0,3063000.0,3138000.0,3246000.0,3260023.0,3658967.0,4051500.0,3977500.0,83007.404,95254.398,107900.0,124900.0,117000.0,102300.0,123500.0,136200.0,105.29400000000001,86.254,109900.0,84000.0,95400.0,96700.0,122500.0,117600.0,122300.0,111300.0,98400.0,77.706,5.096,7200000.0,5131037.5,4419804.5,5283444.0,4826223.5,4388513.0,1350000.0,1791550.0,245000.0,220000.0,2800000.0,1950000.0,2106500.0,2404000.0,2100000.0,1750000.0,1329600.0,1480900.0,1100000.0,1311000.0,1314303.5,6591000.0,7294000.0,7257000.0,6450000.0,6345000.0,3087000.0,3238000.0,3381000.0,1970438.0,2388000.0,3572000.0,3673000.0,3576000.0,3853000.0,4300000.0,4026000.0,4250000.0,4270000.0,4429000.0,2782262.0,2395000.0,3045000.0,3211000.0,3166000.0,3154000.0,2948000.0,3087000.0,3238000.0,3381000.0,1848000.0,2250763.0,3572000.0,3673000.0,3576000.0,3853000.0,4300000.0,4026000.0,4250000.0,4270000.0,4429000.0,2782262.0,1973000.0
1.0,33.2,0.0,453600.0,2630880.0,3356640.0,3265920.0,3265920.0,3265920.0,3084480.0,2721600.0,3356640.0,3265920.0,2449440.0,2812320.0,2903040.0,2358720.0,2903040.0,2721600.0,2177280.0,2721600.0,2358720.0,3141000.0,0.0,453600.0,2630880.0,3356640.0,3265920.0,3265920.0,3265920.0,3084480.0,2721600.0,3356640.0,3265920.0,2449440.0,2812320.0,2903040.0,2358720.0,2903040.0,2721600.0,2177280.0,2721600.0,2358720.0,3977500.0,19719.5,3999.0,2751.0,2401.0,3325.0,4299.4555,1095.36,206.5555,105.29400000000001,86.254,85.5465,114.0915,99.67949999999999,99.135,104.4385,136.871,135.587,120.2985,115.492,77.706,5.096,7200000.0,5131037.5,4419804.5,5283444.0,4826223.5,4388513.0,1350000.0,1791550.0,2973000.0,1632825.0,2800000.0,1950000.0,2106500.0,2404000.0,2100000.0,1750000.0,1329600.0,1480900.0,1100000.0,1311000.0,1314303.5,18478412.0,11987000.0,7584706.0,9548235.5,3499215.5,2236000.0,1456500.0,1739965.0,1970438.0,2388000.0,2318266.0,2597000.0,2848500.0,2555147.5,3055758.0,3415000.0,3574182.0,3440000.0,3492000.0,2782262.0,2395000.0,12585000.0,11300000.0,7584706.0,9481235.5,2824325.0,2236000.0,1400000.0,1524279.5,1848000.0,2250763.0,2318266.0,2597000.0,2848500.0,2516291.0,3055758.0,3525500.0,3505000.0,3500000.0,3500000.0,2782262.0,1973000.0
0.0,730.09,4404000.0,3332960.0,3400000.0,3559760.0,3824840.0,3273000.0,3049000.0,2903040.0,2837160.0,2993760.0,2967000.0,2759000.0,2812320.0,3127000.0,3000000.0,3051520.0,3200000.0,3221563.0,3550000.0,3996900.0,3141000.0,4404000.0,3332960.0,3400000.0,3559760.0,3824840.0,3273000.0,3049000.0,2903040.0,2837160.0,2993760.0,2967000.0,2759000.0,2822000.0,3127000.0,3063000.0,3138000.0,3246000.0,3260023.0,3658967.0,4051500.0,3977500.0,19719.5,3999.0,2751.0,2401.0,3325.0,4299.4555,1095.36,1.179,2.368,2.716,2.67,2.415,1.969,1.886,1.483,2.215,0.015,120.2985,115.492,77.706,5.096,7200000.0,5131037.5,4419804.5,5283444.0,4826223.5,4388513.0,1350000.0,1791550.0,2973000.0,1632825.0,2800000.0,1950000.0,2106500.0,2404000.0,2100000.0,1750000.0,1329600.0,1480900.0,1100000.0,1311000.0,1314303.5,18478412.0,11987000.0,7584706.0,9548235.5,3499215.5,2236000.0,1456500.0,601612.0,1192954.0,1278176.0,1622881.0,1771353.0,1643120.0,1478349.0,1430599.0,1787075.0,201512.0,3440000.0,3492000.0,2782262.0,2395000.0,12585000.0,11300000.0,7584706.0,9481235.5,2824325.0,2236000.0,1400000.0,601612.0,1192954.0,1278176.0,1622881.0,1771353.0,1643120.0,1478349.0,1430599.0,1787075.0,201512.0,3500000.0,3500000.0,2782262.0,1973000.0
1.0,33.2,3084480.0,1814400.0,1542240.0,3559760.0,3824840.0,3273000.0,3049000.0,2903040.0,2837160.0,2993760.0,2967000.0,2759000.0,2812320.0,3127000.0,3000000.0,3051520.0,3200000.0,3221563.0,3550000.0,3996900.0,3141000.0,3084480.0,1814400.0,1542240.0,3559760.0,3824840.0,3273000.0,3049000.0,2903040.0,2837160.0,2993760.0,2967000.0,2759000.0,2822000.0,3127000.0,3063000.0,3138000.0,3246000.0,3260023.0,3658967.0,4051500.0,3977500.0,19719.5,3999.0,2751.0,2401.0,3325.0,4299.4555,1095.36,206.5555,105.29400000000001,86.254,85.5465,114.0915,99.67949999999999,99.135,104.4385,136.871,135.587,120.2985,115.492,77.706,5.096,7200000.0,5131037.5,4419804.5,5283444.0,4826223.5,4388513.0,1350000.0,1791550.0,2973000.0,1632825.0,2800000.0,1950000.0,2106500.0,2404000.0,2100000.0,1750000.0,1329600.0,1480900.0,1100000.0,1311000.0,1314303.5,18478412.0,11987000.0,7584706.0,9548235.5,3499215.5,2236000.0,1456500.0,1739965.0,1970438.0,2388000.0,2318266.0,2597000.0,2848500.0,2555147.5,3055758.0,3415000.0,3574182.0,3440000.0,3492000.0,2782262.0,2395000.0,12585000.0,11300000.0,7584706.0,9481235.5,2824325.0,2236000.0,1400000.0,1524279.5,1848000.0,2250763.0,2318266.0,2597000.0,2848500.0,2516291.0,3055758.0,3525500.0,3505000.0,3500000.0,3500000.0,2782262.0,1973000.0
1.0,70.77,4404000.0,3332960.0,3400000.0,3559760.0,3824840.0,3273000.0,3049000.0,2903040.0,2837160.0,453600.0,5352480.0,6894720.0,7801920.0,8436960.0,8436960.0,8255520.0,7801920.0,8164800.0,8890560.0,10251360.0,3141000.0,4404000.0,3332960.0,3400000.0,3559760.0,3824840.0,3273000.0,3049000.0,2903040.0,2837160.0,453600.0,5352480.0,6894720.0,7801920.0,8436960.0,8436960.0,8255520.0,7801920.0,8164800.0,8890560.0,10251360.0,3977500.0,19719.5,3999.0,2751.0,2401.0,3325.0,4299.4555,1095.36,206.5555,105.29400000000001,86.254,85.5465,114.0915,99.67949999999999,99.135,104.4385,136.871,135.587,120.2985,115.492,77.706,5.096,7200000.0,5131037.5,4419804.5,5283444.0,4826223.5,4388513.0,1350000.0,1791550.0,2973000.0,1632825.0,2800000.0,1950000.0,2106500.0,2404000.0,2100000.0,1750000.0,1329600.0,1480900.0,1100000.0,1311000.0,1314303.5,18478412.0,11987000.0,7584706.0,9548235.5,3499215.5,2236000.0,1456500.0,1739965.0,1970438.0,2388000.0,2318266.0,2597000.0,2848500.0,2555147.5,3055758.0,3415000.0,3574182.0,3440000.0,3492000.0,2782262.0,2395000.0,12585000.0,11300000.0,7584706.0,9481235.5,2824325.0,2236000.0,1400000.0,1524279.5,1848000.0,2250763.0,2318266.0,2597000.0,2848500.0,2516291.0,3055758.0,3525500.0,3505000.0,3500000.0,3500000.0,2782262.0,1973000.0
1.0,33.2,5533920.0,5987520.0,4263840.0,5171040.0,5715360.0,5533920.0,5171040.0,5896800.0,5080320.0,5080320.0,4989600.0,362880.0,4536000.0,3127000.0,3000000.0,3051520.0,3200000.0,3221563.0,3550000.0,3996900.0,3141000.0,5533920.0,5987520.0,4263840.0,5171040.0,5715360.0,5533920.0,5171040.0,5896800.0,5080320.0,5080320.0,4989600.0,362880.0,4536000.0,3127000.0,3063000.0,3138000.0,3246000.0,3260023.0,3658967.0,4051500.0,3977500.0,19719.5,3999.0,2751.0,2401.0,3325.0,4299.4555,1095.36,206.5555,105.29400000000001,86.254,85.5465,114.0915,99.67949999999999,99.135,104.4385,136.871,135.587,120.2985,115.492,77.706,5.096,7200000.0,5131037.5,4419804.5,5283444.0,4826223.5,4388513.0,1350000.0,1791550.0,2973000.0,1632825.0,2800000.0,1950000.0,2106500.0,2404000.0,2100000.0,1750000.0,1329600.0,1480900.0,1100000.0,1311000.0,1314303.5,18478412.0,11987000.0,7584706.0,9548235.5,3499215.5,2236000.0,1456500.0,1739965.0,1970438.0,2388000.0,2318266.0,2597000.0,2848500.0,2555147.5,3055758.0,3415000.0,3574182.0,3440000.0,3492000.0,2782262.0,2395000.0,12585000.0,11300000.0,7584706.0,9481235.5,2824325.0,2236000.0,1400000.0,1524279.5,1848000.0,2250763.0,2318266.0,2597000.0,2848500.0,2516291.0,3055758.0,3525500.0,3505000.0,3500000.0,3500000.0,2782262.0,1973000.0
1.0,2160.74,4404000.0,3332960.0,3400000.0,3559760.0,3824840.0,3273000.0,3049000.0,2903040.0,2837160.0,2993760.0,2967000.0,2759000.0,2812320.0,3127000.0,3000000.0,3051520.0,3200000.0,3221563.0,3550000.0,3996900.0,3141000.0,4404000.0,3332960.0,3400000.0,3559760.0,3824840.0,3273000.0,3049000.0,2903040.0,2837160.0,2993760.0,2967000.0,2759000.0,2822000.0,3127000.0,3063000.0,3138000.0,3246000.0,3260023.0,3658967.0,4051500.0,3977500.0,19719.5,3999.0,2751.0,2401.0,3325.0,4299.4555,1095.36,206.5555,105.29400000000001,86.254,85.5465,114.0915,66.694,67.695,69.227,52.857,135.587,66.633,82.602,77.706,5.096,7200000.0,5131037.5,4419804.5,5283444.0,4826223.5,4388513.0,1350000.0,1791550.0,2973000.0,1632825.0,2800000.0,1950000.0,2106500.0,2404000.0,2100000.0,1750000.0,1329600.0,1480900.0,1100000.0,1311000.0,1314303.5,18478412.0,11987000.0,7584706.0,9548235.5,3499215.5,2236000.0,1456500.0,1739965.0,1970438.0,2388000.0,687247.0,779447.0,856957.0,893181.0,842923.0,897516.0,3574182.0,990813.0,1017089.0,2782262.0,2395000.0,12585000.0,11300000.0,7584706.0,9481235.5,2824325.0,2236000.0,1400000.0,1524279.5,1848000.0,2250763.0,724792.0,788411.0,812595.0,897277.0,879288.0,898573.0,3505000.0,968573.0,1028234.0,2782262.0,1973000.0
1.0,145.86,4404000.0,3332960.0,3400000.0,3559760.0,3824840.0,3273000.0,3049000.0,2903040.0,2837160.0,2993760.0,2967000.0,2759000.0,2812320.0,3127000.0,3000000.0,3051520.0,3200000.0,3221563.0,3550000.0,3996900.0,3141000.0,4404000.0,3332960.0,3400000.0,3559760.0,3824840.0,3273000.0,3049000.0,2903040.0,2837160.0,2993760.0,2967000.0,2759000.0,2822000.0,3127000.0,3063000.0,3138000.0,3246000.0,3260023.0,3658967.0,4051500.0,3977500.0,19719.5,2640.0,2751.0,2401.0,3582.0,3711.0,3617.0,3045.419,4066.909,4150.37,3628.285,2148.213,2698.875,2409.483,1542.668,1246.018,1849.75,2110.112,2478.882,77.706,5.096,7200000.0,5131037.5,4419804.5,5283444.0,4826223.5,4388513.0,1350000.0,1791550.0,2973000.0,1632825.0,2800000.0,1950000.0,2106500.0,2404000.0,2100000.0,1750000.0,1329600.0,1480900.0,1100000.0,1311000.0,1314303.5,18478412.0,11987000.0,7584706.0,9548235.5,3499215.5,2236000.0,1456500.0,1739965.0,1970438.0,2388000.0,2318266.0,2597000.0,2848500.0,2555147.5,3055758.0,3415000.0,3574182.0,3440000.0,3492000.0,2782262.0,2395000.0,12585000.0,11300000.0,7584706.0,9481235.5,2824325.0,2236000.0,1400000.0,1524279.5,1848000.0,2250763.0,2318266.0,2597000.0,2848500.0,2516291.0,3055758.0,3525500.0,3505000.0,3500000.0,3500000.0,2782262.0,1973000.0
1.0,7459.11,4404000.0,3332960.0,3400000.0,3559760.0,3824840.0,3273000.0,3049000.0,2903040.0,2837160.0,2993760.0,2967000.0,2759000.0,2812320.0,3127000.0,3000000.0,3051520.0,3200000.0,3221563.0,3550000.0,3996900.0,3141000.0,4404000.0,3332960.0,3400000.0,3559760.0,3824840.0,3273000.0,3049000.0,2903040.0,2837160.0,2993760.0,2967000.0,2759000.0,2822000.0,3127000.0,3063000.0,3138000.0,3246000.0,3260023.0,3658967.0,4051500.0,3977500.0,19719.5,3999.0,2751.0,2401.0,3325.0,4299.4555,1095.36,132.0,565.0,720.0,3580.0,3678.0,3035.0,3045.0,3885.0,4344.0,3391.0,4638.0,4752.0,5070.0,5.096,7200000.0,5131037.5,4419804.5,5283444.0,4826223.5,4388513.0,1350000.0,1791550.0,2973000.0,1632825.0,2800000.0,1950000.0,2106500.0,2404000.0,2100000.0,1750000.0,1329600.0,1480900.0,1100000.0,1311000.0,1314303.5,18478412.0,11987000.0,7584706.0,9548235.5,3499215.5,2236000.0,1456500.0,473090.0,601505.0,485360.0,1206172.0,1269740.0,2848500.0,2555147.5,3055758.0,3415000.0,3574182.0,3440000.0,1143700.0,1418188.0,2395000.0,12585000.0,11300000.0,7584706.0,9481235.5,2824325.0,2236000.0,1400000.0,473090.0,601505.0,485360.0,1206172.0,1269740.0,2848500.0,2516291.0,3055758.0,3525500.0,3505000.0,3500000.0,1143700.0,1418188.0,1973000.0
1.0,5176.96,4404000.0,3332960.0,3400000.0,3559760.0,3824840.0,3273000.0,3049000.0,2903040.0,2837160.0,2993760.0,2967000.0,2759000.0,2812320.0,3127000.0,3000000.0,3051520.0,3200000.0,3221563.0,3550000.0,3996900.0,3141000.0,4404000.0,3332960.0,3400000.0,3559760.0,3824840.0,3273000.0,3049000.0,2903040.0,2837160.0,2993760.0,2967000.0,2759000.0,2822000.0,3127000.0,3063000.0,3138000.0,3246000.0,3260023.0,3658967.0,4051500.0,3977500.0,19719.5,3999.0,2751.0,2401.0,3325.0,4299.4555,1095.36,206.5555,105.29400000000001,86.254,85.5465,114.0915,99.67949999999999,99.135,104.4385,136.871,203500.0,195300.0,186200.0,77.706,5.096,7200000.0,5131037.5,4419804.5,5283444.0,4826223.5,4388513.0,1350000.0,1791550.0,2973000.0,1632825.0,2800000.0,1950000.0,2106500.0,2404000.0,2100000.0,1750000.0,1329600.0,1480900.0,1100000.0,1311000.0,1314303.5,18478412.0,11987000.0,7584706.0,9548235.5,3499215.5,2236000.0,1456500.0,1739965.0,1970438.0,2388000.0,2318266.0,2597000.0,2848500.0,2555147.5,3055758.0,3415000.0,3574182.0,3440000.0,3492000.0,2782262.0,2395000.0,12585000.0,11300000.0,7584706.0,9481235.5,2824325.0,2236000.0,1400000.0,1524279.5,1848000.0,2250763.0,2318266.0,2597000.0,2848500.0,2516291.0,3055758.0,3525500.0,3505000.0,3500000.0,3500000.0,2782262.0,1973000.0
1.0,6764.45,4404000.0,3332960.0,3400000.0,3559760.0,3824840.0,3273000.0,3049000.0,2903040.0,2837160.0,2993760.0,2967000.0,2759000.0,2812320.0,3127000.0,3000000.0,3051520.0,3200000.0,3221563.0,3550000.0,3996900.0,3141000.0,4404000.0,3332960.0,3400000.0,3559760.0,3824840.0,3273000.0,3049000.0,2903040.0,2837160.0,2993760.0,2967000.0,2759000.0,2822000.0,3127000.0,3063000.0,3138000.0,3246000.0,3260023.0,3658967.0,4051500.0,3977500.0,19719.5,3999.0,2751.0,2401.0,3325.0,4299.4555,1095.36,206.5555,60327.785,83460.996,64863.709,68492.448,79378.665,66224.486,63049.339,91625.659,104326.245,68038.856,55791.862,49895.161,5.096,7200000.0,5131037.5,4419804.5,5283444.0,4826223.5,4388513.0,1350000.0,1791550.0,2973000.0,1632825.0,2800000.0,1950000.0,2106500.0,2404000.0,2100000.0,1750000.0,1329600.0,1480900.0,1100000.0,1311000.0,1314303.5,18478412.0,11987000.0,7584706.0,9548235.5,3499215.5,2236000.0,1456500.0,1739965.0,1970438.0,2388000.0,2318266.0,2597000.0,2848500.0,2555147.5,3055758.0,3415000.0,3574182.0,3440000.0,3492000.0,2782262.0,2395000.0,12585000.0,11300000.0,7584706.0,9481235.5,2824325.0,2236000.0,1400000.0,1524279.5,1848000.0,2250763.0,2318266.0,2597000.0,2848500.0,2516291.0,3055758.0,3525500.0,3505000.0,3500000.0,3500000.0,2782262.0,1973000.0
1.0,7223.39,4404000.0,3332960.0,3400000.0,3559760.0,3824840.0,3273000.0,3049000.0,2903040.0,2837160.0,2993760.0,2967000.0,2759000.0,2812320.0,3127000.0,3000000.0,3051520.0,3200000.0,3221563.0,3550000.0,3996900.0,3141000.0,4404000.0,3332960.0,3400000.0,3559760.0,3824840.0,3273000.0,3049000.0,2903040.0,2837160.0,2993760.0,2967000.0,2759000.0,2822000.0,3127000.0,3063000.0,3138000.0,3246000.0,3260023.0,3658967.0,4051500.0,3977500.0,19719.5,3999.0,2751.0,2401.0,3325.0,4299.4555,1095.36,206.5555,105.29400000000001,86.254,85.5465,114.0915,0.622,3.639,2.426,7.807,9.86,10.762,11.228,11.446,5.096,7200000.0,5131037.5,4419804.5,5283444.0,4826223.5,4388513.0,1350000.0,1791550.0,2973000.0,1632825.0,2800000.0,1950000.0,2106500.0,2404000.0,2100000.0,1750000.0,1329600.0,1480900.0,1100000.0,1311000.0,1314303.5,18478412.0,11987000.0,7584706.0,9548235.5,3499215.5,2236000.0,1456500.0,1739965.0,1970438.0,2388000.0,2318266.0,2597000.0,2848500.0,2555147.5,18644000.0,44296000.0,57279000.0,61573000.0,50963000.0,48468000.0,2395000.0,12585000.0,11300000.0,7584706.0,9481235.5,2824325.0,2236000.0,1400000.0,1524279.5,1848000.0,2250763.0,2318266.0,2597000.0,2848500.0,2516291.0,18644000.0,44296000.0,57279000.0,61573000.0,50963000.0,48468000.0,1973000.0
1.0,2279.37,4404000.0,3332960.0,3400000.0,3559760.0,3824840.0,3273000.0,3049000.0,2903040.0,2837160.0,2993760.0,2967000.0,2759000.0,2812320.0,3127000.0,3000000.0,3051520.0,3200000.0,3221563.0,3550000.0,3996900.0,3141000.0,4404000.0,3332960.0,3400000.0,3559760.0,3824840.0,3273000.0,3049000.0,2903040.0,2837160.0,2993760.0,2967000.0,2759000.0,2822000.0,3127000.0,3063000.0,3138000.0,3246000.0,3260023.0,3658967.0,4051500.0,3977500.0,80538.0,81166.0,72819.0,80105.0,74874.0,77520.0,80615.0,63885.0,42682.0,65462.0,76184.0,41.664,32.01,27.272,43.938,48582.0,59796.0,53.028,35.497,77.706,5.096,7200000.0,5131037.5,4419804.5,5283444.0,4826223.5,4388513.0,1350000.0,1791550.0,2973000.0,1632825.0,2800000.0,1950000.0,2106500.0,2404000.0,2100000.0,1750000.0,1329600.0,1480900.0,1100000.0,1311000.0,1314303.5,18478412.0,11987000.0,7584706.0,9548235.5,3499215.5,2236000.0,1456500.0,1739965.0,1970438.0,2388000.0,2318266.0,2597000.0,2848500.0,2555147.5,3055758.0,3415000.0,3574182.0,3440000.0,3492000.0,2782262.0,2395000.0,12585000.0,11300000.0,7584706.0,9481235.5,2824325.0,2236000.0,1400000.0,1524279.5,1848000.0,2250763.0,2318266.0,2597000.0,2848500.0,2516291.0,3055758.0,3525500.0,3505000.0,3500000.0,3500000.0,2782262.0,1973000.0
1.0,36.19,4404000.0,3332960.0,3400000.0,3559760.0,3824840.0,3273000.0,3049000.0,2903040.0,2837160.0,2993760.0,2967000.0,2759000.0,2812320.0,3127000.0,3000000.0,3051520.0,3200000.0,3221563.0,3550000.0,3996900.0,3141000.0,4404000.0,3332960.0,3400000.0,3559760.0,3824840.0,3273000.0,3049000.0,2903040.0,2837160.0,2993760.0,2967000.0,2759000.0,2822000.0,3127000.0,3063000.0,3138000.0,3246000.0,3260023.0,3658967.0,4051500.0,3977500.0,19719.5,3999.0,2751.0,2401.0,3325.0,4299.4555,1095.36,206.5555,105.29400000000001,86.254,85.5465,114.0915,99.67949999999999,99.135,104.4385,136.871,135.587,120.2985,115.492,77.706,5.096,7200000.0,5131037.5,4419804.5,5283444.0,4826223.5,4388513.0,1350000.0,1791550.0,2973000.0,1632825.0,2800000.0,1950000.0,2106500.0,2404000.0,2100000.0,1750000.0,1329600.0,1480900.0,1100000.0,1311000.0,1314303.5,14138000.0,15018000.0,11258000.0,15712000.0,15450000.0,15374000.0,15006000.0,15600000.0,16928000.0,16636000.0,22188000.0,23418000.0,22846000.0,21964000.0,21838000.0,29026000.0,10808000.0,3440000.0,3492000.0,2782262.0,2395000.0,14138000.0,15018000.0,11258000.0,15712000.0,15450000.0,15374000.0,15006000.0,15600000.0,16928000.0,16636000.0,22188000.0,23418000.0,22846000.0,21964000.0,21838000.0,29026000.0,10808000.0,3500000.0,3500000.0,2782262.0,1973000.0
1.0,14.58,4404000.0,3332960.0,3400000.0,3559760.0,3824840.0,3273000.0,3049000.0,2903040.0,2837160.0,2993760.0,2967000.0,2759000.0,2812320.0,3127000.0,3000000.0,3051520.0,3200000.0,3221563.0,3550000.0,3996900.0,3141000.0,4404000.0,3332960.0,3400000.0,3559760.0,3824840.0,3273000.0,3049000.0,2903040.0,2837160.0,2993760.0,2967000.0,2759000.0,2822000.0,3127000.0,3063000.0,3138000.0,3246000.0,3260023.0,3658967.0,4051500.0,3977500.0,19719.5,3999.0,2751.0,2401.0,3325.0,4299.4555,1095.36,206.5555,80.98,211.379,189.858,212.289,167.83,168.117,165.602,153.849,154.77,120.831,115.492,77.706,5.096,7200000.0,5131037.5,4419804.5,5283444.0,4826223.5,4388513.0,1350000.0,1791550.0,2973000.0,1632825.0,2800000.0,1950000.0,2106500.0,2404000.0,2100000.0,1750000.0,1329600.0,1480900.0,1100000.0,1311000.0,1314303.5,18478412.0,11987000.0,7584706.0,9548235.5,3499215.5,2236000.0,1456500.0,1739965.0,458602.0,1377738.0,1365136.0,1421826.0,1340180.0,1523950.0,1587077.0,1554105.0,1512109.0,1369607.0,3492000.0,2782262.0,2395000.0,12585000.0,11300000.0,7584706.0,9481235.5,2824325.0,2236000.0,1400000.0,1524279.5,458602.0,1377738.0,1365136.0,1421826.0,1340180.0,1523950.0,1587077.0,1554105.0,1512109.0,1369607.0,3500000.0,2782262.0,1973000.0
1.0,43.21,4404000.0,7254000.0,6038000.0,6113000.0,6014000.0,6682000.0,7080000.0,6906000.0,6119000.0,5773000.0,6013000.0,4140000.0,2408000.0,6694000.0,5685000.0,5165000.0,3541709.0,4832654.0,3550000.0,3996900.0,3141000.0,4404000.0,7254000.0,6038000.0,6113000.0,6014000.0,6682000.0,7080000.0,6906000.0,6119000.0,5773000.0,6013000.0,4140000.0,2408000.0,6694000.0,5685000.0,5165000.0,3541709.0,4832654.0,3658967.0,4051500.0,3977500.0,19719.5,3999.0,2751.0,2401.0,3325.0,4299.4555,1095.36,206.5555,105.29400000000001,86.254,85.5465,114.0915,99.67949999999999,99.135,104.4385,136.871,135.587,120.2985,115.492,77.706,5.096,7200000.0,5131037.5,4419804.5,5283444.0,4826223.5,4388513.0,1350000.0,1791550.0,2973000.0,1632825.0,2800000.0,1950000.0,2106500.0,2404000.0,2100000.0,1750000.0,1329600.0,1480900.0,1100000.0,1311000.0,1314303.5,18478412.0,11987000.0,7584706.0,9548235.5,3499215.5,2236000.0,1456500.0,1739965.0,1970438.0,2388000.0,2318266.0,2597000.0,2848500.0,2555147.5,3055758.0,3415000.0,3574182.0,3440000.0,3492000.0,2782262.0,2395000.0,12585000.0,11300000.0,7584706.0,9481235.5,2824325.0,2236000.0,1400000.0,1524279.5,1848000.0,2250763.0,2318266.0,2597000.0,2848500.0,2516291.0,3055758.0,3525500.0,3505000.0,3500000.0,3500000.0,2782262.0,1973000.0
1.0,17.54,4404000.0,3332960.0,3400000.0,3559760.0,3824840.0,3273000.0,3049000.0,2903040.0,2837160.0,2993760.0,2967000.0,2759000.0,2812320.0,3127000.0,3000000.0,3051520.0,3200000.0,3221563.0,3550000.0,3996900.0,3141000.0,4404000.0,3332960.0,3400000.0,3559760.0,3824840.0,3273000.0,3049000.0,2903040.0,2837160.0,2993760.0,2967000.0,2759000.0,2822000.0,3127000.0,3063000.0,3138000.0,3246000.0,3260023.0,3658967.0,4051500.0,3977500.0,19719.5,3999.0,2751.0,2401.0,3325.0,4299.4555,1095.36,206.5555,105.29400000000001,86.254,85.5465,114.0915,99.67949999999999,99.135,104.4385,136.871,135.587,298.634,414.754,77.706,5.096,7200000.0,5131037.5,4419804.5,5283444.0,4826223.5,4388513.0,1350000.0,1791550.0,2973000.0,1632825.0,2800000.0,1950000.0,2106500.0,2404000.0,2100000.0,1750000.0,1329600.0,1480900.0,1100000.0,1311000.0,1314303.5,18478412.0,11987000.0,7584706.0,9548235.5,3499215.5,2236000.0,1456500.0,1739965.0,1970438.0,2388000.0,2318266.0,2597000.0,2848500.0,2555147.5,3055758.0,3415000.0,3574182.0,2218000.0,3492000.0,2782262.0,2395000.0,12585000.0,11300000.0,7584706.0,9481235.5,2824325.0,2236000.0,1400000.0,1524279.5,1848000.0,2250763.0,2318266.0,2597000.0,2848500.0,2516291.0,3055758.0,3525500.0,3505000.0,2218000.0,3492000.0,2782262.0,1973000.0
1.0,33.2,3084480.0,3084480.0,2993760.0,2812320.0,2812320.0,2993760.0,3265920.0,2630880.0,2812320.0,2903040.0,2967000.0,2759000.0,2812320.0,3127000.0,3000000.0,3051520.0,3200000.0,3221563.0,3550000.0,3996900.0,3141000.0,3084480.0,3084480.0,2993760.0,2812320.0,2812320.0,2993760.0,3265920.0,2630880.0,2812320.0,2903040.0,2967000.0,2759000.0,2822000.0,3127000.0,3063000.0,3138000.0,3246000.0,3260023.0,3658967.0,4051500.0,3977500.0,19719.5,3999.0,2751.0,2401.0,3325.0,4299.4555,1095.36,206.5555,105.29400000000001,86.254,85.5465,114.0915,99.67949999999999,99.135,104.4385,136.871,135.587,120.2985,115.492,77.706,5.096,7200000.0,5131037.5,4419804.5,5283444.0,4826223.5,4388513.0,1350000.0,1791550.0,2973000.0,1632825.0,2800000.0,1950000.0,2106500.0,2404000.0,2100000.0,1750000.0,1329600.0,1480900.0,1100000.0,1311000.0,1314303.5,18478412.0,11987000.0,7584706.0,9548235.5,3499215.5,2236000.0,1456500.0,1739965.0,1970438.0,2388000.0,2318266.0,2597000.0,2848500.0,2555147.5,3055758.0,3415000.0,3574182.0,3440000.0,3492000.0,2782262.0,2395000.0,12585000.0,11300000.0,7584706.0,9481235.5,2824325.0,2236000.0,1400000.0,1524279.5,1848000.0,2250763.0,2318266.0,2597000.0,2848500.0,2516291.0,3055758.0,3525500.0,3505000.0,3500000.0,3500000.0,2782262.0,1973000.0
1.0,33.2,4638000.0,4148000.0,5094000.0,4642000.0,5822000.0,6502000.0,5268000.0,6794000.0,5792000.0,7010000.0,6804000.0,5558000.0,6106000.0,6898000.0,9116000.0,9012000.0,8412000.0,9468000.0,10106000.0,9784000.0,3141000.0,4638000.0,4148000.0,5094000.0,4642000.0,5822000.0,6502000.0,5268000.0,6794000.0,5792000.0,7010000.0,6804000.0,5558000.0,6106000.0,6898000.0,9116000.0,9012000.0,8412000.0,9468000.0,10106000.0,9784000.0,3977500.0,19719.5,3999.0,2751.0,2401.0,3325.0,4299.4555,1095.36,206.5555,105.29400000000001,86.254,85.5465,114.0915,99.67949999999999,99.135,104.4385,136.871,135.587,120.2985,115.492,77.706,5.096,7200000.0,5131037.5,4419804.5,5283444.0,4826223.5,4388513.0,1350000.0,1791550.0,2973000.0,1632825.0,2800000.0,1950000.0,2106500.0,2404000.0,2100000.0,1750000.0,1329600.0,1480900.0,1100000.0,1311000.0,1314303.5,18478412.0,11987000.0,7584706.0,9548235.5,3499215.5,2236000.0,1456500.0,1739965.0,1970438.0,2388000.0,2318266.0,2597000.0,2848500.0,2555147.5,3055758.0,3415000.0,3574182.0,3440000.0,3492000.0,2782262.0,2395000.0,12585000.0,11300000.0,7584706.0,9481235.5,2824325.0,2236000.0,1400000.0,1524279.5,1848000.0,2250763.0,2318266.0,2597000.0,2848500.0,2516291.0,3055758.0,3525500.0,3505000.0,3500000.0,3500000.0,2782262.0,1973000.0
1.0,20.15,4404000.0,3332960.0,3400000.0,3559760.0,3824840.0,3273000.0,3049000.0,2903040.0,2837160.0,2993760.0,2967000.0,2759000.0,2812320.0,3127000.0,3000000.0,3051520.0,3200000.0,3221563.0,3550000.0,3996900.0,3141000.0,4404000.0,3332960.0,3400000.0,3559760.0,3824840.0,3273000.0,3049000.0,2903040.0,2837160.0,2993760.0,2967000.0,2759000.0,2822000.0,3127000.0,3063000.0,3138000.0,3246000.0,3260023.0,3658967.0,4051500.0,3977500.0,19719.5,3999.0,2751.0,2401.0,3325.0,4299.4555,1095.36,206.5555,105.29400000000001,86.254,34.643,167.376,199.978,328.316,436.498,623.236,622.159,601.435,560.782,77.706,5.096,7200000.0,5131037.5,4419804.5,5283444.0,4826223.5,4388513.0,1350000.0,1791550.0,2973000.0,1632825.0,2800000.0,1950000.0,2106500.0,2404000.0,2100000.0,1750000.0,1329600.0,1480900.0,1100000.0,1311000.0,1314303.5,18478412.0,11987000.0,7584706.0,9548235.5,3499215.5,2236000.0,1456500.0,1739965.0,1970438.0,2388000.0,145000.0,818000.0,905000.0,1182000.0,1535000.0,2339000.0,2635000.0,2754000.0,2792000.0,2782262.0,2395000.0,12585000.0,11300000.0,7584706.0,9481235.5,2824325.0,2236000.0,1400000.0,1524279.5,1848000.0,2250763.0,145000.0,818000.0,905000.0,1182000.0,1535000.0,2339000.0,2635000.0,2754000.0,2792000.0,2782262.0,1973000.0
1.0,43.21,4404000.0,313891.0,305726.0,343829.0,340200.0,299376.0,343829.0,325685.0,325685.0,311170.0,319334.0,322056.0,272160.0,321149.0,303005.0,244944.0,280325.0,247666.0,3550000.0,3996900.0,3141000.0,4404000.0,313891.0,305726.0,343829.0,340200.0,299376.0,343829.0,325685.0,325685.0,311170.0,319334.0,322056.0,272160.0,321149.0,303005.0,244944.0,280325.0,247666.0,3658967.0,4051500.0,3977500.0,19719.5,3999.0,2751.0,2401.0,3325.0,4299.4555,1095.36,206.5555,105.29400000000001,86.254,85.5465,114.0915,99.67949999999999,99.135,104.4385,136.871,135.587,120.2985,115.492,77.706,5.096,7200000.0,5131037.5,4419804.5,5283444.0,4826223.5,4388513.0,1350000.0,1791550.0,2973000.0,1632825.0,2800000.0,1950000.0,2106500.0,2404000.0,2100000.0,1750000.0,1329600.0,1480900.0,1100000.0,1311000.0,1314303.5,18478412.0,11987000.0,7584706.0,9548235.5,3499215.5,2236000.0,1456500.0,1739965.0,1970438.0,2388000.0,2318266.0,2597000.0,2848500.0,2555147.5,3055758.0,3415000.0,3574182.0,3440000.0,3492000.0,2782262.0,2395000.0,12585000.0,11300000.0,7584706.0,9481235.5,2824325.0,2236000.0,1400000.0,1524279.5,1848000.0,2250763.0,2318266.0,2597000.0,2848500.0,2516291.0,3055758.0,3525500.0,3505000.0,3500000.0,3500000.0,2782262.0,1973000.0
1.0,350.72,4404000.0,3332960.0,3400000.0,3559760.0,3824840.0,3273000.0,3049000.0,2903040.0,2837160.0,2993760.0,2967000.0,2759000.0,2812320.0,3127000.0,3000000.0,3051520.0,3200000.0,3221563.0,3550000.0,3996900.0,3141000.0,4404000.0,3332960.0,3400000.0,3559760.0,3824840.0,3273000.0,3049000.0,2903040.0,2837160.0,2993760.0,2967000.0,2759000.0,2822000.0,3127000.0,3063000.0,3138000.0,3246000.0,3260023.0,3658967.0,4051500.0,3977500.0,1.813,1.44,1.291,1.58,1.272,1.387,1.44,1.378,1.414,1.456,1.47,1.392,1.542,1.364,1.959,2.356,2.483,2.612,2.973,3.487,5.096,7200000.0,5131037.5,4419804.5,5283444.0,4826223.5,4388513.0,1350000.0,1791550.0,2973000.0,1632825.0,2800000.0,1950000.0,2106500.0,2404000.0,2100000.0,1750000.0,1329600.0,1480900.0,1100000.0,1311000.0,1314303.5,237500.0,274800.0,201900.0,208900.0,186900.0,236400.0,246000.0,227631.0,228427.0,247641.0,203958.0,257181.0,275235.0,280054.0,279597.0,277368.0,319094.0,330415.0,351999.0,344039.0,2395000.0,237500.0,274800.0,201900.0,208900.0,186900.0,236400.0,246000.0,227631.0,228427.0,247641.0,203958.0,257181.0,275235.0,280054.0,279597.0,277368.0,319094.0,330415.0,351999.0,344039.0,1973000.0
1.0,100.46,4404000.0,3332960.0,3400000.0,3559760.0,3824840.0,3273000.0,3049000.0,2903040.0,2837160.0,2993760.0,2967000.0,2759000.0,2812320.0,3127000.0,3000000.0,3051520.0,3200000.0,3221563.0,4046100.0,3961800.0,3321700.0,4404000.0,3332960.0,3400000.0,3559760.0,3824840.0,3273000.0,3049000.0,2903040.0,2837160.0,2993760.0,2967000.0,2759000.0,2822000.0,3127000.0,3063000.0,3138000.0,3246000.0,3260023.0,4583200.0,4504000.0,4065900.0,19719.5,3999.0,2751.0,2401.0,3325.0,4299.4555,1095.36,206.5555,105.29400000000001,86.254,85.5465,114.0915,99.67949999999999,99.135,104.4385,136.871,135.587,120.2985,115.492,77.706,5.096,7200000.0,5131037.5,4419804.5,5283444.0,4826223.5,4388513.0,1350000.0,1791550.0,2973000.0,1632825.0,2800000.0,1950000.0,2106500.0,2404000.0,2100000.0,1750000.0,1329600.0,1480900.0,1100000.0,1311000.0,1314303.5,18478412.0,11987000.0,7584706.0,9548235.5,3499215.5,2236000.0,1456500.0,1739965.0,1970438.0,2388000.0,2318266.0,2597000.0,2848500.0,2555147.5,3055758.0,3415000.0,3574182.0,3440000.0,3492000.0,2782262.0,2395000.0,12585000.0,11300000.0,7584706.0,9481235.5,2824325.0,2236000.0,1400000.0,1524279.5,1848000.0,2250763.0,2318266.0,2597000.0,2848500.0,2516291.0,3055758.0,3525500.0,3505000.0,3500000.0,3500000.0,2782262.0,1973000.0
1.0,82.91,4404000.0,3332960.0,3400000.0,3559760.0,3824840.0,3273000.0,3049000.0,2903040.0,2837160.0,2993760.0,2967000.0,2759000.0,2812320.0,3127000.0,3000000.0,3051520.0,3200000.0,3221563.0,3550000.0,3996900.0,3141000.0,4404000.0,3332960.0,3400000.0,3559760.0,3824840.0,3273000.0,3049000.0,2903040.0,2837160.0,2993760.0,2967000.0,2759000.0,2822000.0,3127000.0,3063000.0,3138000.0,3246000.0,3260023.0,3658967.0,4051500.0,3977500.0,19719.5,3999.0,2751.0,2401.0,3325.0,4299.4555,1095.36,206.5555,105.29400000000001,86.254,85.5465,114.0915,99.67949999999999,99.135,104.4385,136.871,135.587,120.2985,115.492,77.706,5.096,7200000.0,5131037.5,4419804.5,5283444.0,4826223.5,4388513.0,1350000.0,1791550.0,2973000.0,2400000.0,3300000.0,3600000.0,1720000.0,1400000.0,1800000.0,2000000.0,1600000.0,1600000.0,1300000.0,900000.0,1314303.5,18478412.0,11987000.0,7584706.0,9548235.5,3499215.5,2236000.0,1456500.0,1739965.0,1970438.0,2388000.0,2318266.0,2597000.0,2848500.0,2555147.5,3055758.0,3415000.0,3574182.0,3440000.0,3492000.0,2782262.0,2395000.0,12585000.0,11300000.0,7584706.0,9481235.5,2824325.0,2236000.0,1400000.0,1524279.5,1848000.0,2250763.0,2318266.0,2597000.0,2848500.0,2516291.0,3055758.0,3525500.0,3505000.0,3500000.0,3500000.0,2782262.0,1973000.0
1.0,1169.12,4404000.0,3332960.0,3400000.0,3559760.0,3824840.0,3273000.0,3049000.0,2903040.0,2837160.0,2993760.0,2967000.0,2759000.0,2812320.0,3127000.0,3000000.0,3051520.0,3200000.0,3221563.0,3550000.0,3996900.0,3141000.0,4404000.0,3332960.0,3400000.0,3559760.0,3824840.0,3273000.0,3049000.0,2903040.0,2837160.0,2993760.0,2967000.0,2759000.0,2822000.0,3127000.0,3063000.0,3138000.0,3246000.0,3260023.0,3658967.0,4051500.0,3977500.0,19719.5,3999.0,2751.0,2401.0,3325.0,4299.4555,1095.36,206.5555,105.29400000000001,86.254,85.5465,114.0915,99.67949999999999,99.135,2.416,2.209,2.177,2.552,1.789,1.654,5.096,7200000.0,5131037.5,4419804.5,5283444.0,4826223.5,4388513.0,1350000.0,1791550.0,2973000.0,1632825.0,2800000.0,1950000.0,2106500.0,2404000.0,2100000.0,1750000.0,1329600.0,1480900.0,1100000.0,1311000.0,1314303.5,18478412.0,11987000.0,7584706.0,9548235.5,3499215.5,2236000.0,1456500.0,1739965.0,1970438.0,2388000.0,2318266.0,2597000.0,2848500.0,2555147.5,3055758.0,3415000.0,3574182.0,3440000.0,3492000.0,2782262.0,2395000.0,12585000.0,11300000.0,7584706.0,9481235.5,2824325.0,2236000.0,1400000.0,1524279.5,1848000.0,2250763.0,2318266.0,2597000.0,2848500.0,2516291.0,3055758.0,3525500.0,3505000.0,3500000.0,3500000.0,2782262.0,1973000.0
1.0,456.56,4404000.0,3332960.0,3400000.0,3559760.0,3824840.0,3273000.0,3049000.0,2903040.0,2837160.0,2993760.0,2967000.0,2759000.0,2812320.0,3127000.0,3000000.0,3051520.0,3200000.0,3221563.0,3550000.0,3996900.0,3141000.0,4404000.0,3332960.0,3400000.0,3559760.0,3824840.0,3273000.0,3049000.0,2903040.0,2837160.0,2993760.0,2967000.0,2759000.0,2822000.0,3127000.0,3063000.0,3138000.0,3246000.0,3260023.0,3658967.0,4051500.0,3977500.0,19719.5,3999.0,2751.0,0.18,0.618,1.024,1.1,1.422,1.786,2.3,2.413,2.335,2.557,1.793,2.081,2.581,2.511,2.571,3.111,77.706,5.096,7200000.0,5131037.5,4419804.5,5283444.0,4826223.5,4388513.0,1350000.0,1791550.0,2973000.0,1632825.0,2800000.0,1950000.0,2106500.0,2404000.0,2100000.0,1750000.0,1329600.0,1480900.0,1100000.0,1311000.0,1314303.5,18478412.0,11987000.0,7584706.0,9548235.5,3499215.5,2236000.0,1456500.0,1739965.0,1970438.0,2388000.0,2318266.0,2597000.0,2848500.0,2555147.5,3055758.0,3415000.0,3574182.0,3440000.0,3492000.0,2782262.0,2395000.0,12585000.0,11300000.0,7584706.0,9481235.5,2824325.0,2236000.0,1400000.0,1524279.5,1848000.0,2250763.0,2318266.0,2597000.0,2848500.0,2516291.0,3055758.0,3525500.0,3505000.0,3500000.0,3500000.0,2782262.0,1973000.0
1.0,43.21,4404000.0,1818000.0,1949000.0,2868000.0,3000000.0,2822000.0,1759000.0,2181000.0,2522000.0,1800000.0,3200000.0,3000000.0,2700000.0,3300000.0,2200000.0,1600000.0,400000.0,600000.0,800000.0,2100000.0,2400000.0,4404000.0,1818000.0,1949000.0,2868000.0,3000000.0,2822000.0,1759000.0,2181000.0,2522000.0,1800000.0,3200000.0,3000000.0,2700000.0,3300000.0,2200000.0,1600000.0,400000.0,600000.0,800000.0,2100000.0,2400000.0,19719.5,3999.0,2751.0,2401.0,3325.0,4299.4555,1095.36,206.5555,105.29400000000001,86.254,85.5465,114.0915,99.67949999999999,99.135,104.4385,136.871,135.587,120.2985,115.492,77.706,5.096,7200000.0,5131037.5,4419804.5,5283444.0,4826223.5,4388513.0,1350000.0,1791550.0,2973000.0,1632825.0,2800000.0,1950000.0,2106500.0,2404000.0,2100000.0,1750000.0,1329600.0,1480900.0,1100000.0,1311000.0,1314303.5,18478412.0,11987000.0,7584706.0,9548235.5,3499215.5,2236000.0,1456500.0,1739965.0,1970438.0,2388000.0,2318266.0,2597000.0,2848500.0,2555147.5,3055758.0,3415000.0,3574182.0,3440000.0,3492000.0,2782262.0,2395000.0,12585000.0,11300000.0,7584706.0,9481235.5,2824325.0,2236000.0,1400000.0,1524279.5,1848000.0,2250763.0,2318266.0,2597000.0,2848500.0,2516291.0,3055758.0,3525500.0,3505000.0,3500000.0,3500000.0,2782262.0,1973000.0
1.0,5176.96,4404000.0,3332960.0,3400000.0,3559760.0,3824840.0,3273000.0,3049000.0,2903040.0,2837160.0,2993760.0,2967000.0,2759000.0,2812320.0,3127000.0,3000000.0,3051520.0,3200000.0,3221563.0,3550000.0,3996900.0,3141000.0,4404000.0,3332960.0,3400000.0,3559760.0,3824840.0,3273000.0,3049000.0,2903040.0,2837160.0,2993760.0,2967000.0,2759000.0,2822000.0,3127000.0,3063000.0,3138000.0,3246000.0,3260023.0,3658967.0,4051500.0,3977500.0,19719.5,3999.0,2751.0,2401.0,3325.0,4299.4555,1095.36,206.5555,105.29400000000001,86.254,85.5465,114.0915,99.67949999999999,99.135,104.4385,136.871,93700.0,97100.0,96900.0,77.706,5.096,7200000.0,5131037.5,4419804.5,5283444.0,4826223.5,4388513.0,1350000.0,1791550.0,2973000.0,1632825.0,2800000.0,1950000.0,2106500.0,2404000.0,2100000.0,1750000.0,1329600.0,1480900.0,1100000.0,1311000.0,1314303.5,18478412.0,11987000.0,7584706.0,9548235.5,3499215.5,2236000.0,1456500.0,1739965.0,1970438.0,2388000.0,2318266.0,2597000.0,2848500.0,2555147.5,3055758.0,3415000.0,3574182.0,3440000.0,3492000.0,2782262.0,2395000.0,12585000.0,11300000.0,7584706.0,9481235.5,2824325.0,2236000.0,1400000.0,1524279.5,1848000.0,2250763.0,2318266.0,2597000.0,2848500.0,2516291.0,3055758.0,3525500.0,3505000.0,3500000.0,3500000.0,2782262.0,1973000.0
1.0,2279.37,4404000.0,3332960.0,3400000.0,3559760.0,3824840.0,3273000.0,3049000.0,2903040.0,2837160.0,2993760.0,2967000.0,2759000.0,2812320.0,3127000.0,3000000.0,3051520.0,3200000.0,3221563.0,3550000.0,3996900.0,3141000.0,4404000.0,3332960.0,3400000.0,3559760.0,3824840.0,3273000.0,3049000.0,2903040.0,2837160.0,2993760.0,2967000.0,2759000.0,2822000.0,3127000.0,3063000.0,3138000.0,3246000.0,3260023.0,3658967.0,4051500.0,3977500.0,26500.0,26300.0,16200.0,9300.0,70306.817,71667.594,73481.964,68038.856,85275.366,77110.703,66678.078,80285.849,71214.002,77564.295,88450.512,85728.958,73481.964,72574.779,68946.04,72574.779,5.096,7200000.0,5131037.5,4419804.5,5283444.0,4826223.5,4388513.0,1350000.0,1791550.0,2973000.0,1632825.0,2800000.0,1950000.0,2106500.0,2404000.0,2100000.0,1750000.0,1329600.0,1480900.0,1100000.0,1311000.0,1314303.5,75319000.0,60869000.0,23066000.0,35525000.0,3499215.5,2236000.0,1456500.0,1739965.0,1970438.0,2388000.0,2318266.0,2597000.0,2848500.0,2555147.5,3055758.0,3415000.0,3574182.0,3440000.0,3492000.0,2782262.0,2395000.0,56705000.0,52480000.0,21609000.0,27029000.0,2824325.0,2236000.0,1400000.0,1524279.5,1848000.0,2250763.0,2318266.0,2597000.0,2848500.0,2516291.0,3055758.0,3525500.0,3505000.0,3500000.0,3500000.0,2782262.0,1973000.0
1.0,847.72,4404000.0,3332960.0,3400000.0,3559760.0,3824840.0,3273000.0,3049000.0,2903040.0,2837160.0,2993760.0,2967000.0,2759000.0,2812320.0,3127000.0,3000000.0,3051520.0,3200000.0,3221563.0,3550000.0,3996900.0,3141000.0,4404000.0,3332960.0,3400000.0,3559760.0,3824840.0,3273000.0,3049000.0,2903040.0,2837160.0,2993760.0,2967000.0,2759000.0,2822000.0,3127000.0,3063000.0,3138000.0,3246000.0,3260023.0,3658967.0,4051500.0,3977500.0,19719.5,3999.0,2751.0,2401.0,3325.0,4299.4555,1095.36,206.5555,1.028,2.258,2.001,114.0915,99.67949999999999,99.135,1.376,2.475,3.43,3.609,4.188,4.422,3.237,7200000.0,5131037.5,4419804.5,5283444.0,4826223.5,4388513.0,1350000.0,1791550.0,2973000.0,1632825.0,2800000.0,1950000.0,2106500.0,2404000.0,2100000.0,1750000.0,1329600.0,1480900.0,1100000.0,1311000.0,1314303.5,18478412.0,11987000.0,7584706.0,9548235.5,3499215.5,2236000.0,1456500.0,1739965.0,411297.0,1708765.0,1981500.0,2597000.0,2848500.0,2555147.5,1886000.0,2070000.0,3372000.0,4020000.0,4199000.0,3396000.0,2963000.0,12585000.0,11300000.0,7584706.0,9481235.5,2824325.0,2236000.0,1400000.0,1524279.5,416627.0,1654189.0,1949650.0,2597000.0,2848500.0,2516291.0,1714000.0,2660000.0,3315000.0,3690000.0,3586000.0,3072000.0,3314000.0
1.0,89.56,4404000.0,3332960.0,3400000.0,3559760.0,3824840.0,3273000.0,3049000.0,2903040.0,2837160.0,2993760.0,2967000.0,2759000.0,2812320.0,3127000.0,3000000.0,3051520.0,3200000.0,3221563.0,3550000.0,3996900.0,3141000.0,4404000.0,3332960.0,3400000.0,3559760.0,3824840.0,3273000.0,3049000.0,2903040.0,2837160.0,2993760.0,2967000.0,2759000.0,2822000.0,3127000.0,3063000.0,3138000.0,3246000.0,3260023.0,3658967.0,4051500.0,3977500.0,19719.5,3999.0,2751.0,2401.0,3325.0,4299.4555,1095.36,206.5555,105.29400000000001,86.254,85.5465,114.0915,99.67949999999999,99.135,104.4385,136.871,135.587,120.2985,115.492,77.706,5.096,7200000.0,5131037.5,4419804.5,5283444.0,4826223.5,4388513.0,1350000.0,1791550.0,2973000.0,1632825.0,2800000.0,1950000.0,2106500.0,2404000.0,2600000.0,6000000.0,11142857.0,17000000.0,19000000.0,20000000.0,1314303.5,18478412.0,11987000.0,7584706.0,9548235.5,3499215.5,2236000.0,1456500.0,1739965.0,1970438.0,2388000.0,2318266.0,2597000.0,2848500.0,2555147.5,3055758.0,3415000.0,3574182.0,3440000.0,3492000.0,2782262.0,2395000.0,12585000.0,11300000.0,7584706.0,9481235.5,2824325.0,2236000.0,1400000.0,1524279.5,1848000.0,2250763.0,2318266.0,2597000.0,2848500.0,2516291.0,3055758.0,3525500.0,3505000.0,3500000.0,3500000.0,2782262.0,1973000.0
1.0,1246.05,4404000.0,3332960.0,3400000.0,3559760.0,3824840.0,3273000.0,3049000.0,2903040.0,2837160.0,2993760.0,2967000.0,2759000.0,2812320.0,3127000.0,3000000.0,3051520.0,3200000.0,3221563.0,3550000.0,3996900.0,3141000.0,4404000.0,3332960.0,3400000.0,3559760.0,3824840.0,3273000.0,3049000.0,2903040.0,2837160.0,2993760.0,2967000.0,2759000.0,2822000.0,3127000.0,3063000.0,3138000.0,3246000.0,3260023.0,3658967.0,4051500.0,3977500.0,19719.5,3999.0,2751.0,2401.0,3325.0,4299.4555,1095.36,206.5555,105.29400000000001,86.254,85.5465,114.0915,99.67949999999999,99.135,104.4385,136.871,135.587,120.2985,1.102,2.483,2.675,7200000.0,5131037.5,4419804.5,5283444.0,4826223.5,4388513.0,1350000.0,1791550.0,2973000.0,1632825.0,2800000.0,1950000.0,2106500.0,2404000.0,2100000.0,1750000.0,1329600.0,1480900.0,1100000.0,1311000.0,1314303.5,18478412.0,11987000.0,7584706.0,9548235.5,3499215.5,2236000.0,1456500.0,1739965.0,1970438.0,2388000.0,2318266.0,2597000.0,2848500.0,2555147.5,3055758.0,3415000.0,3574182.0,3440000.0,1019280.0,1650753.0,1987558.0,12585000.0,11300000.0,7584706.0,9481235.5,2824325.0,2236000.0,1400000.0,1524279.5,1848000.0,2250763.0,2318266.0,2597000.0,2848500.0,2516291.0,3055758.0,3525500.0,3505000.0,3500000.0,678027.0,1530086.0,1579491.0
1.0,1039.56,4404000.0,3332960.0,3400000.0,3559760.0,3824840.0,3273000.0,3049000.0,2903040.0,2837160.0,2993760.0,2967000.0,2759000.0,2812320.0,3127000.0,3000000.0,3051520.0,3200000.0,3221563.0,3550000.0,3996900.0,3141000.0,4404000.0,3332960.0,3400000.0,3559760.0,3824840.0,3273000.0,3049000.0,2903040.0,2837160.0,2993760.0,2967000.0,2759000.0,2822000.0,3127000.0,3063000.0,3138000.0,3246000.0,3260023.0,3658967.0,4051500.0,3977500.0,19719.5,3999.0,2751.0,47400.0,119200.0,132800.0,129900.0,150100.0,145400.0,150400.0,155661.849,35686.503,159313.856,154964.626,115069.759,106708.311,80167.715,85006.46,35760.003,59367.71,5.096,7200000.0,5131037.5,4419804.5,5283444.0,4826223.5,4388513.0,1350000.0,1791550.0,2973000.0,1632825.0,2800000.0,1950000.0,2106500.0,2404000.0,2100000.0,1750000.0,1329600.0,1480900.0,1100000.0,1311000.0,1314303.5,18478412.0,11987000.0,7584706.0,673000.0,1304000.0,1199000.0,1456500.0,1402300.0,1390400.0,1495900.0,1553000.0,345900.0,1676000.0,1664282.0,1252092.0,1344272.0,1245198.0,1206176.0,537066.0,1009243.0,2395000.0,12585000.0,11300000.0,7584706.0,619000.0,1187000.0,1280000.0,1311800.0,1379600.0,1333300.0,1426800.0,1553000.0,345900.0,1676000.0,1664282.0,1252092.0,1344272.0,1245198.0,1206176.0,537066.0,1009243.0,1973000.0
1.0,3370.44,4404000.0,3332960.0,3400000.0,3559760.0,3824840.0,3273000.0,3049000.0,2903040.0,2837160.0,2993760.0,2967000.0,2759000.0,2812320.0,3127000.0,3000000.0,3051520.0,3200000.0,3221563.0,3550000.0,3996900.0,3141000.0,4404000.0,3332960.0,3400000.0,3559760.0,3824840.0,3273000.0,3049000.0,2903040.0,2837160.0,2993760.0,2967000.0,2759000.0,2822000.0,3127000.0,3063000.0,3138000.0,3246000.0,3260023.0,3658967.0,4051500.0,3977500.0,19719.5,3999.0,2751.0,2401.0,73000.0,107000.0,117000.0,118000.0,126000.0,117000.0,117000.0,2.799,2.333,2.426,2.426,2.488,2.084,2.022,1.835,1.337,5.096,7200000.0,5131037.5,4419804.5,5283444.0,4826223.5,4388513.0,1350000.0,1791550.0,2973000.0,1632825.0,2800000.0,1950000.0,2106500.0,2404000.0,2100000.0,1750000.0,1329600.0,1480900.0,1100000.0,1311000.0,1314303.5,18478412.0,11987000.0,7584706.0,9548235.5,3499215.5,2236000.0,1456500.0,1739965.0,1970438.0,2388000.0,2318266.0,2597000.0,2848500.0,2555147.5,15105000.0,12857000.0,12687000.0,12380000.0,15664000.0,11735000.0,2395000.0,12585000.0,11300000.0,7584706.0,9481235.5,2824325.0,2236000.0,1400000.0,1524279.5,1848000.0,2250763.0,2318266.0,2597000.0,2848500.0,2516291.0,15105000.0,12857000.0,12687000.0,12380000.0,15664000.0,11735000.0,1973000.0
1.0,33.2,6985440.0,2903040.0,3628800.0,3719520.0,3991680.0,4082400.0,3538080.0,3810240.0,3719520.0,2993760.0,3991680.0,3810240.0,3447360.0,3900960.0,4082400.0,3356640.0,3810240.0,3265920.0,3447360.0,2358720.0,3141000.0,6985440.0,2903040.0,3628800.0,3719520.0,3991680.0,4082400.0,3538080.0,3810240.0,3719520.0,2993760.0,3991680.0,3810240.0,3447360.0,3900960.0,4082400.0,3356640.0,3810240.0,3265920.0,3447360.0,2358720.0,3977500.0,19719.5,3999.0,2751.0,2401.0,3325.0,4299.4555,1095.36,206.5555,105.29400000000001,86.254,85.5465,114.0915,99.67949999999999,99.135,104.4385,136.871,135.587,120.2985,115.492,77.706,5.096,7200000.0,5131037.5,4419804.5,5283444.0,4826223.5,4388513.0,1350000.0,1791550.0,2973000.0,1632825.0,2800000.0,1950000.0,2106500.0,2404000.0,2100000.0,1750000.0,1329600.0,1480900.0,1100000.0,1311000.0,1314303.5,18478412.0,11987000.0,7584706.0,9548235.5,3499215.5,2236000.0,1456500.0,1739965.0,1970438.0,2388000.0,2318266.0,2597000.0,2848500.0,2555147.5,3055758.0,3415000.0,3574182.0,3440000.0,3492000.0,2782262.0,2395000.0,12585000.0,11300000.0,7584706.0,9481235.5,2824325.0,2236000.0,1400000.0,1524279.5,1848000.0,2250763.0,2318266.0,2597000.0,2848500.0,2516291.0,3055758.0,3525500.0,3505000.0,3500000.0,3500000.0,2782262.0,1973000.0
1.0,33.2,2533000.0,3146000.0,3341000.0,3927000.0,3658000.0,3273000.0,3049000.0,3422000.0,2862000.0,2978000.0,3609000.0,3134000.0,4081000.0,4351000.0,5246000.0,5293000.0,5436000.0,5123000.0,6029000.0,6194000.0,3141000.0,2533000.0,3146000.0,3341000.0,3927000.0,3658000.0,3273000.0,3049000.0,3422000.0,2862000.0,2978000.0,3609000.0,3134000.0,4081000.0,4351000.0,5246000.0,5293000.0,5436000.0,5123000.0,6029000.0,6194000.0,3977500.0,19719.5,3999.0,2751.0,2401.0,3325.0,4299.4555,1095.36,206.5555,105.29400000000001,86.254,85.5465,114.0915,99.67949999999999,99.135,104.4385,136.871,135.587,120.2985,115.492,77.706,5.096,7200000.0,5131037.5,4419804.5,5283444.0,4826223.5,4388513.0,1350000.0,1791550.0,2973000.0,1632825.0,2800000.0,1950000.0,2106500.0,2404000.0,2100000.0,1750000.0,1329600.0,1480900.0,1100000.0,1311000.0,1314303.5,18478412.0,11987000.0,7584706.0,9548235.5,3499215.5,2236000.0,1456500.0,1739965.0,1970438.0,2388000.0,2318266.0,2597000.0,2848500.0,2555147.5,3055758.0,3415000.0,3574182.0,3440000.0,3492000.0,2782262.0,2395000.0,12585000.0,11300000.0,7584706.0,9481235.5,2824325.0,2236000.0,1400000.0,1524279.5,1848000.0,2250763.0,2318266.0,2597000.0,2848500.0,2516291.0,3055758.0,3525500.0,3505000.0,3500000.0,3500000.0,2782262.0,1973000.0
1.0,107.05,4404000.0,3332960.0,3400000.0,3559760.0,3824840.0,3273000.0,3049000.0,2903040.0,2837160.0,2993760.0,2967000.0,3405000.0,3718000.0,3854000.0,4020000.0,4038000.0,3200000.0,3221563.0,3550000.0,3996900.0,3141000.0,4404000.0,3332960.0,3400000.0,3559760.0,3824840.0,3273000.0,3049000.0,2903040.0,2837160.0,2993760.0,2967000.0,3405000.0,3718000.0,3854000.0,4020000.0,4038000.0,3246000.0,3260023.0,3658967.0,4051500.0,3977500.0,19719.5,3999.0,2751.0,2401.0,3325.0,4299.4555,1095.36,206.5555,105.29400000000001,86.254,85.5465,114.0915,99.67949999999999,99.135,104.4385,136.871,135.587,120.2985,115.492,77.706,5.096,7200000.0,5131037.5,4419804.5,5283444.0,4826223.5,4388513.0,1350000.0,1791550.0,2973000.0,1632825.0,2800000.0,1950000.0,2106500.0,2404000.0,2100000.0,1750000.0,1329600.0,1480900.0,1100000.0,1311000.0,1314303.5,18478412.0,11987000.0,7584706.0,9548235.5,3499215.5,2236000.0,1456500.0,1739965.0,1970438.0,2388000.0,2318266.0,2597000.0,2848500.0,2555147.5,3055758.0,3415000.0,3574182.0,3440000.0,3492000.0,2782262.0,2395000.0,12585000.0,11300000.0,7584706.0,9481235.5,2824325.0,2236000.0,1400000.0,1524279.5,1848000.0,2250763.0,2318266.0,2597000.0,2848500.0,2516291.0,3055758.0,3525500.0,3505000.0,3500000.0,3500000.0,2782262.0,1973000.0
0.0,44.57,4404000.0,3332960.0,3400000.0,3559760.0,3824840.0,3273000.0,3049000.0,2903040.0,2837160.0,2993760.0,2967000.0,2759000.0,2812320.0,3127000.0,3000000.0,3051520.0,3200000.0,3221563.0,3550000.0,3996900.0,3141000.0,4404000.0,3332960.0,3400000.0,3559760.0,3824840.0,3273000.0,3049000.0,2903040.0,2837160.0,2993760.0,2967000.0,2759000.0,2822000.0,3127000.0,3063000.0,3138000.0,3246000.0,3260023.0,3658967.0,4051500.0,3977500.0,19719.5,3999.0,2751.0,2401.0,3325.0,4299.4555,1095.36,206.5555,105.29400000000001,86.254,85.5465,114.0915,99.67949999999999,99.135,104.4385,136.871,135.587,120.2985,115.492,77.706,5.096,7200000.0,5131037.5,4419804.5,5283444.0,517000.0,1953000.0,1350000.0,2711000.0,2005000.0,2620000.0,3372000.0,3066000.0,2133000.0,2404000.0,2516000.0,1750000.0,1329600.0,1480900.0,1100000.0,1311000.0,1314303.5,18478412.0,11987000.0,7584706.0,9548235.5,534000.0,1935000.0,1122000.0,2932000.0,3841000.0,2388000.0,3806000.0,2597000.0,1949000.0,2146000.0,2162000.0,3415000.0,3574182.0,3440000.0,3492000.0,2782262.0,2395000.0,12585000.0,11300000.0,7584706.0,9481235.5,534000.0,1935000.0,1122000.0,2932000.0,3841000.0,2388000.0,3806000.0,2597000.0,1949000.0,2146000.0,2162000.0,3525500.0,3505000.0,3500000.0,3500000.0,2782262.0,1973000.0
1.0,672.01,4404000.0,3332960.0,3400000.0,3559760.0,3824840.0,3273000.0,3049000.0,2903040.0,2837160.0,2993760.0,2967000.0,2759000.0,2812320.0,3127000.0,3000000.0,3051520.0,3200000.0,3221563.0,3550000.0,3996900.0,3141000.0,4404000.0,3332960.0,3400000.0,3559760.0,3824840.0,3273000.0,3049000.0,2903040.0,2837160.0,2993760.0,2967000.0,2759000.0,2822000.0,3127000.0,3063000.0,3138000.0,3246000.0,3260023.0,3658967.0,4051500.0,3977500.0,19719.5,3999.0,2751.0,2401.0,3325.0,4299.4555,11.829,12.084,10.386,8.179,7.075,6.254,5.179,9.141,9.764,12.36,13.012,11.878,14.061,14.175,5.096,7200000.0,5131037.5,4419804.5,5283444.0,4826223.5,4388513.0,1350000.0,1791550.0,2973000.0,1632825.0,2800000.0,1950000.0,2106500.0,2404000.0,2100000.0,1750000.0,1329600.0,1480900.0,1100000.0,1311000.0,1314303.5,18478412.0,11987000.0,7584706.0,9548235.5,3499215.5,2236000.0,1456500.0,1843430.0,1970438.0,1863389.0,1612094.0,1454242.0,1301832.0,1850688.0,2087467.0,2252578.0,2472120.0,2330597.0,2453069.0,2615458.0,2395000.0,12585000.0,11300000.0,7584706.0,9481235.5,2824325.0,2236000.0,1400000.0,2747909.0,2845886.0,2529274.0,1514117.0,1828915.0,1384387.0,1799885.0,2051179.0,2248949.0,2404987.0,2482099.0,2477563.0,2600942.0,1973000.0
1.0,1413.19,4404000.0,3332960.0,3400000.0,3559760.0,3824840.0,3273000.0,3049000.0,2903040.0,2837160.0,2993760.0,2967000.0,2759000.0,2812320.0,3127000.0,3000000.0,3051520.0,3200000.0,3221563.0,3550000.0,3996900.0,3141000.0,4404000.0,3332960.0,3400000.0,3559760.0,3824840.0,3273000.0,3049000.0,2903040.0,2837160.0,2993760.0,2967000.0,2759000.0,2822000.0,3127000.0,3063000.0,3138000.0,3246000.0,3260023.0,3658967.0,4051500.0,3977500.0,19719.5,3999.0,2751.0,2401.0,3325.0,4299.4555,1095.36,206.5555,105.29400000000001,86.254,85.5465,8.088,28.592,21.273,23.461,27.363,22.123,24.909,24.606,23.459,5.096,7200000.0,5131037.5,4419804.5,5283444.0,4826223.5,4388513.0,1350000.0,1791550.0,2973000.0,1632825.0,2800000.0,1950000.0,2106500.0,2404000.0,2100000.0,1750000.0,1329600.0,1480900.0,1100000.0,1311000.0,1314303.5,18478412.0,11987000.0,7584706.0,9548235.5,3499215.5,2236000.0,1456500.0,1739965.0,1970438.0,2388000.0,2318266.0,3963580.0,9871776.0,6949742.0,9854334.0,12185425.0,10624498.0,13117287.0,13384291.0,13878907.0,2395000.0,12585000.0,11300000.0,7584706.0,9481235.5,2824325.0,2236000.0,1400000.0,1524279.5,1848000.0,2250763.0,2318266.0,3963580.0,9871776.0,6949742.0,9854334.0,12185425.0,10624498.0,13117287.0,13384291.0,13878907.0,1973000.0
1.0,55.48,4404000.0,3332960.0,3400000.0,3559760.0,3824840.0,3273000.0,3301503.0,7816700.0,7550503.0,11642504.0,14130000.0,16110000.0,2812320.0,15965100.0,16044700.0,15198100.0,16979200.0,19015600.0,21378300.0,23598400.0,23348500.0,4404000.0,3332960.0,3400000.0,3559760.0,3824840.0,3273000.0,3301503.0,7816700.0,10254958.0,15845766.0,20800000.0,23000000.0,2822000.0,20061800.0,21092000.0,25476300.0,22453300.0,22626700.0,25470000.0,28597100.0,26812300.0,19719.5,3999.0,2751.0,2401.0,3325.0,4299.4555,1095.36,206.5555,105.29400000000001,86.254,85.5465,114.0915,99.67949999999999,99.135,104.4385,136.871,135.587,120.2985,115.492,77.706,5.096,7200000.0,5131037.5,4419804.5,5283444.0,4826223.5,4388513.0,1350000.0,1791550.0,2973000.0,1632825.0,2800000.0,1950000.0,2106500.0,2404000.0,2100000.0,1750000.0,1329600.0,1480900.0,1100000.0,1311000.0,1314303.5,18478412.0,11987000.0,7584706.0,9548235.5,3499215.5,2236000.0,1456500.0,1739965.0,1970438.0,2388000.0,2318266.0,2597000.0,2848500.0,2555147.5,3055758.0,3415000.0,3574182.0,3440000.0,3492000.0,2782262.0,2395000.0,12585000.0,11300000.0,7584706.0,9481235.5,2824325.0,2236000.0,1400000.0,1524279.5,1848000.0,2250763.0,2318266.0,2597000.0,2848500.0,2516291.0,3055758.0,3525500.0,3505000.0,3500000.0,3500000.0,2782262.0,1973000.0
1.0,2173.12,4404000.0,3332960.0,3400000.0,3559760.0,3824840.0,3273000.0,3049000.0,2903040.0,2837160.0,2993760.0,2967000.0,2759000.0,2812320.0,3127000.0,3000000.0,3051520.0,3200000.0,3221563.0,3550000.0,3996900.0,3141000.0,4404000.0,3332960.0,3400000.0,3559760.0,3824840.0,3273000.0,3049000.0,2903040.0,2837160.0,2993760.0,2967000.0,2759000.0,2822000.0,3127000.0,3063000.0,3138000.0,3246000.0,3260023.0,3658967.0,4051500.0,3977500.0,19719.5,3999.0,2751.0,2401.0,3325.0,4299.4555,1095.36,206.5555,105.29400000000001,86.254,85.5465,114.0915,99.67949999999999,99.135,104.4385,136.871,135.587,120.2985,115.492,77.706,5.096,7200000.0,5131037.5,4419804.5,5283444.0,4826223.5,4388513.0,1350000.0,1791550.0,2973000.0,1632825.0,2800000.0,1950000.0,2106500.0,2404000.0,2100000.0,1750000.0,1329600.0,1480900.0,1100000.0,1311000.0,1314303.5,18478412.0,11987000.0,7584706.0,9548235.5,3499215.5,2236000.0,1456500.0,1739965.0,1970438.0,2388000.0,104692.0,32748.0,194190.0,570721.0,267292.0,201517.0,241202.0,705322.0,1102385.0,1726734.0,2395000.0,12585000.0,11300000.0,7584706.0,9481235.5,2824325.0,2236000.0,1400000.0,1524279.5,1848000.0,2250763.0,104692.0,32748.0,194190.0,570721.0,267292.0,201517.0,241202.0,705322.0,1102385.0,1726734.0,1973000.0
1.0,67.27,4404000.0,3332960.0,3400000.0,3559760.0,3824840.0,3273000.0,3049000.0,20000.0,190000.0,1340000.0,1600000.0,2600000.0,3700000.0,2700000.0,2200000.0,2200000.0,2000000.0,3000000.0,3500000.0,3400000.0,3141000.0,4404000.0,3332960.0,3400000.0,3559760.0,3824840.0,3273000.0,3049000.0,20000.0,190000.0,1340000.0,1600000.0,2600000.0,3700000.0,2700000.0,2200000.0,2200000.0,2000000.0,3000000.0,3500000.0,3400000.0,3977500.0,19719.5,3999.0,2751.0,2401.0,3325.0,4299.4555,1095.36,206.5555,105.29400000000001,86.254,85.5465,114.0915,99.67949999999999,99.135,104.4385,136.871,135.587,120.2985,115.492,77.706,5.096,7200000.0,5131037.5,4419804.5,5283444.0,4826223.5,4388513.0,1350000.0,1791550.0,2973000.0,1632825.0,2800000.0,1950000.0,2106500.0,2404000.0,2100000.0,1750000.0,1329600.0,1480900.0,1100000.0,1311000.0,1314303.5,18478412.0,11987000.0,7584706.0,9548235.5,3499215.5,2236000.0,1456500.0,1739965.0,1970438.0,2388000.0,2318266.0,2597000.0,2848500.0,2555147.5,3055758.0,3415000.0,3574182.0,3440000.0,3492000.0,2782262.0,2395000.0,12585000.0,11300000.0,7584706.0,9481235.5,2824325.0,2236000.0,1400000.0,1524279.5,1848000.0,2250763.0,2318266.0,2597000.0,2848500.0,2516291.0,3055758.0,3525500.0,3505000.0,3500000.0,3500000.0,2782262.0,1973000.0
1.0,5338.73,4404000.0,3332960.0,3400000.0,3559760.0,3824840.0,3273000.0,3049000.0,2903040.0,2837160.0,2993760.0,2967000.0,2759000.0,2812320.0,3127000.0,3000000.0,3051520.0,3200000.0,3221563.0,3550000.0,3996900.0,3141000.0,4404000.0,3332960.0,3400000.0,3559760.0,3824840.0,3273000.0,3049000.0,2903040.0,2837160.0,2993760.0,2967000.0,2759000.0,2822000.0,3127000.0,3063000.0,3138000.0,3246000.0,3260023.0,3658967.0,4051500.0,3977500.0,19719.5,3999.0,2751.0,2401.0,3325.0,4299.4555,1095.36,206.5555,105.29400000000001,70001.0,9225.0,11182.0,11669.0,12751.0,13334.0,16014.0,135.587,120.2985,115.492,77.706,5.096,7200000.0,5131037.5,4419804.5,5283444.0,4826223.5,4388513.0,1350000.0,1791550.0,2973000.0,1632825.0,2800000.0,1950000.0,2106500.0,2404000.0,2100000.0,1750000.0,1329600.0,1480900.0,1100000.0,1311000.0,1314303.5,18478412.0,11987000.0,7584706.0,9548235.5,3499215.5,2236000.0,1456500.0,1739965.0,1970438.0,6219344.0,8541000.0,9995000.0,12806000.0,13231000.0,13073000.0,12657000.0,3574182.0,3440000.0,3492000.0,2782262.0,2395000.0,12585000.0,11300000.0,7584706.0,9481235.5,2824325.0,2236000.0,1400000.0,1524279.5,1848000.0,2111067.0,3766000.0,4046000.0,4748000.0,5428000.0,5372000.0,5440000.0,3505000.0,3500000.0,3500000.0,2782262.0,1973000.0
1.0,1328.29,4404000.0,3332960.0,3400000.0,3559760.0,3824840.0,3273000.0,3049000.0,2903040.0,2837160.0,2993760.0,2967000.0,2759000.0,2812320.0,3127000.0,3000000.0,3051520.0,3200000.0,3221563.0,3550000.0,3996900.0,3141000.0,4404000.0,3332960.0,3400000.0,3559760.0,3824840.0,3273000.0,3049000.0,2903040.0,2837160.0,2993760.0,2967000.0,2759000.0,2822000.0,3127000.0,3063000.0,3138000.0,3246000.0,3260023.0,3658967.0,4051500.0,3977500.0,19719.5,3999.0,2751.0,2401.0,3325.0,4299.4555,1095.36,206.5555,105.29400000000001,86.254,85.5465,114.0915,99.67949999999999,99.135,104.4385,136.871,0.979,3.634,4.514,4.831,5.739,7200000.0,5131037.5,4419804.5,5283444.0,4826223.5,4388513.0,1350000.0,1791550.0,2973000.0,1632825.0,2800000.0,1950000.0,2106500.0,2404000.0,2100000.0,1750000.0,1329600.0,1480900.0,1100000.0,1311000.0,1314303.5,18478412.0,11987000.0,7584706.0,9548235.5,3499215.5,2236000.0,1456500.0,1739965.0,1970438.0,2388000.0,2318266.0,2597000.0,2848500.0,2555147.5,3055758.0,3415000.0,949000.0,2305000.0,11906000.0,7423000.0,6399000.0,12585000.0,11300000.0,7584706.0,9481235.5,2824325.0,2236000.0,1400000.0,1524279.5,1848000.0,2250763.0,2318266.0,2597000.0,2848500.0,2516291.0,3055758.0,3525500.0,949000.0,2305000.0,2656000.0,2826000.0,2891000.0
1.0,55.48,4404000.0,3332960.0,3400000.0,3559760.0,3824840.0,3273000.0,100000.0,1200000.0,1100000.0,1000000.0,1500000.0,1200000.0,1400000.0,1500000.0,1600000.0,700000.0,1593000.0,1319000.0,1714000.0,1717000.0,1612000.0,4404000.0,3332960.0,3400000.0,3559760.0,3824840.0,3273000.0,100000.0,1200000.0,1100000.0,1000000.0,1500000.0,1200000.0,1400000.0,1500000.0,1600000.0,700000.0,1608000.0,1730000.0,1730000.0,1717000.0,1612000.0,19719.5,3999.0,2751.0,2401.0,3325.0,4299.4555,1095.36,206.5555,105.29400000000001,86.254,85.5465,114.0915,99.67949999999999,99.135,104.4385,136.871,135.587,120.2985,115.492,77.706,5.096,7200000.0,5131037.5,4419804.5,5283444.0,4826223.5,4388513.0,1350000.0,1791550.0,2973000.0,1632825.0,2800000.0,1950000.0,2106500.0,2404000.0,2100000.0,1750000.0,1329600.0,1480900.0,1100000.0,1311000.0,1314303.5,18478412.0,11987000.0,7584706.0,9548235.5,3499215.5,2236000.0,1456500.0,1739965.0,1970438.0,2388000.0,2318266.0,2597000.0,2848500.0,2555147.5,3055758.0,3415000.0,3574182.0,3440000.0,3492000.0,2782262.0,2395000.0,12585000.0,11300000.0,7584706.0,9481235.5,2824325.0,2236000.0,1400000.0,1524279.5,1848000.0,2250763.0,2318266.0,2597000.0,2848500.0,2516291.0,3055758.0,3525500.0,3505000.0,3500000.0,3500000.0,2782262.0,1973000.0
1.0,145.86,4404000.0,3332960.0,3400000.0,3559760.0,3824840.0,3273000.0,3049000.0,2903040.0,2837160.0,2993760.0,2967000.0,2759000.0,2812320.0,3127000.0,3000000.0,3051520.0,3200000.0,3221563.0,3550000.0,3996900.0,3141000.0,4404000.0,3332960.0,3400000.0,3559760.0,3824840.0,3273000.0,3049000.0,2903040.0,2837160.0,2993760.0,2967000.0,2759000.0,2822000.0,3127000.0,3063000.0,3138000.0,3246000.0,3260023.0,3658967.0,4051500.0,3977500.0,19719.5,3999.0,2751.0,2401.0,3325.0,4299.4555,1095.36,206.5555,105.29400000000001,86.254,85.5465,114.0915,27846.0,20640.0,19178.0,11948.0,135.587,36480.0,36960.0,47481.0,5.096,7200000.0,5131037.5,4419804.5,5283444.0,4826223.5,4388513.0,1350000.0,1791550.0,2973000.0,1632825.0,2800000.0,1950000.0,126000.0,96000.0,86000.0,58000.0,1329600.0,320000.0,352000.0,399000.0,1314303.5,18478412.0,11987000.0,7584706.0,9548235.5,3499215.5,2236000.0,1456500.0,1739965.0,1970438.0,2388000.0,2318266.0,2597000.0,311000.0,208000.0,278000.0,235000.0,366000.0,131000.0,233000.0,319000.0,2395000.0,12585000.0,11300000.0,7584706.0,9481235.5,2824325.0,2236000.0,1400000.0,1524279.5,1848000.0,2250763.0,2318266.0,2597000.0,311000.0,208000.0,278000.0,235000.0,366000.0,131000.0,233000.0,319000.0,1973000.0
1.0,36.19,4404000.0,3332960.0,3400000.0,3559760.0,3824840.0,3273000.0,3049000.0,2903040.0,2837160.0,2993760.0,2967000.0,2759000.0,2812320.0,3127000.0,3000000.0,3051520.0,3200000.0,3221563.0,3550000.0,3996900.0,3141000.0,4404000.0,3332960.0,3400000.0,3559760.0,3824840.0,3273000.0,3049000.0,2903040.0,2837160.0,2993760.0,2967000.0,2759000.0,2822000.0,3127000.0,3063000.0,3138000.0,3246000.0,3260023.0,3658967.0,4051500.0,3977500.0,19719.5,3999.0,2751.0,2401.0,3325.0,4299.4555,1095.36,206.5555,105.29400000000001,86.254,85.5465,114.0915,99.67949999999999,99.135,104.4385,136.871,135.587,120.2985,115.492,77.706,5.096,7200000.0,6502701.0,8026771.0,7112329.0,7925167.0,8026771.0,7010724.0,7315538.0,7721957.0,1632825.0,2800000.0,1950000.0,2106500.0,7620352.0,7721957.0,7721957.0,7721957.0,7823562.0,7823562.0,7823562.0,1314303.5,18478412.0,11987000.0,7584706.0,9548235.5,3499215.5,2236000.0,1456500.0,1739965.0,1970438.0,2388000.0,2318266.0,2597000.0,2848500.0,2555147.5,3055758.0,3415000.0,3574182.0,3440000.0,3492000.0,2782262.0,2395000.0,12585000.0,11300000.0,7584706.0,9481235.5,2824325.0,2236000.0,1400000.0,1524279.5,1848000.0,2250763.0,2318266.0,2597000.0,2848500.0,2516291.0,3055758.0,3525500.0,3505000.0,3500000.0,3500000.0,2782262.0,1973000.0
1.0,1292.59,4404000.0,3332960.0,3400000.0,3559760.0,3824840.0,3273000.0,3049000.0,2903040.0,2837160.0,2993760.0,2967000.0,2759000.0,2812320.0,3127000.0,3000000.0,3051520.0,3200000.0,3221563.0,3550000.0,3996900.0,3141000.0,4404000.0,3332960.0,3400000.0,3559760.0,3824840.0,3273000.0,3049000.0,2903040.0,2837160.0,2993760.0,2967000.0,2759000.0,2822000.0,3127000.0,3063000.0,3138000.0,3246000.0,3260023.0,3658967.0,4051500.0,3977500.0,19719.5,3999.0,2751.0,2401.0,3325.0,4299.4555,1095.36,206.5555,105.29400000000001,86.254,85.5465,114.0915,99.67949999999999,99.135,104.4385,136.871,135.587,5.194,115.492,77.706,5.096,7200000.0,5131037.5,4419804.5,5283444.0,4826223.5,4388513.0,1350000.0,1791550.0,2973000.0,1632825.0,2800000.0,1950000.0,2106500.0,2404000.0,2100000.0,1750000.0,1329600.0,1480900.0,1100000.0,1311000.0,1314303.5,18478412.0,11987000.0,7584706.0,9548235.5,3499215.5,2236000.0,1456500.0,1739965.0,1970438.0,2388000.0,2318266.0,2597000.0,2848500.0,2555147.5,3055758.0,3415000.0,3574182.0,1360000.0,3492000.0,1740267.0,2395000.0,12585000.0,11300000.0,7584706.0,9481235.5,2824325.0,2236000.0,1400000.0,1524279.5,1848000.0,2250763.0,2318266.0,2597000.0,2848500.0,2516291.0,3055758.0,3525500.0,3505000.0,1360000.0,3500000.0,1740267.0,1973000.0
1.0,43.21,4404000.0,2252000.0,2290000.0,2727000.0,2660000.0,2607000.0,2477000.0,2385000.0,1952000.0,1300000.0,2000000.0,1800000.0,1700000.0,1400000.0,900000.0,800000.0,800000.0,400000.0,400000.0,500000.0,500000.0,4404000.0,2252000.0,2290000.0,2727000.0,2660000.0,2607000.0,2477000.0,2385000.0,1952000.0,1300000.0,2000000.0,1800000.0,1700000.0,1400000.0,900000.0,800000.0,800000.0,400000.0,400000.0,500000.0,500000.0,19719.5,3999.0,2751.0,2401.0,3325.0,4299.4555,1095.36,206.5555,105.29400000000001,86.254,85.5465,114.0915,99.67949999999999,99.135,104.4385,136.871,135.587,120.2985,115.492,77.706,5.096,7200000.0,5131037.5,4419804.5,5283444.0,4826223.5,4388513.0,1350000.0,1791550.0,2973000.0,1632825.0,2800000.0,1950000.0,2106500.0,2404000.0,2100000.0,1750000.0,1329600.0,1480900.0,1100000.0,1311000.0,1314303.5,18478412.0,11987000.0,7584706.0,9548235.5,3499215.5,2236000.0,1456500.0,1739965.0,1970438.0,2388000.0,2318266.0,2597000.0,2848500.0,2555147.5,3055758.0,3415000.0,3574182.0,3440000.0,3492000.0,2782262.0,2395000.0,12585000.0,11300000.0,7584706.0,9481235.5,2824325.0,2236000.0,1400000.0,1524279.5,1848000.0,2250763.0,2318266.0,2597000.0,2848500.0,2516291.0,3055758.0,3525500.0,3505000.0,3500000.0,3500000.0,2782262.0,1973000.0
1.0,1808.23,4404000.0,3332960.0,3400000.0,3559760.0,3824840.0,3273000.0,3049000.0,2903040.0,2837160.0,2993760.0,2967000.0,2759000.0,2812320.0,3127000.0,3000000.0,3051520.0,3200000.0,3221563.0,3550000.0,3996900.0,3141000.0,4404000.0,3332960.0,3400000.0,3559760.0,3824840.0,3273000.0,3049000.0,2903040.0,2837160.0,2993760.0,2967000.0,2759000.0,2822000.0,3127000.0,3063000.0,3138000.0,3246000.0,3260023.0,3658967.0,4051500.0,3977500.0,19719.5,3999.0,2751.0,2401.0,3325.0,4299.4555,1095.36,206.5555,105.29400000000001,86.254,85.5465,114.0915,99.67949999999999,99.135,104.4385,136.871,135.587,120.2985,115.492,77.706,3.182,7200000.0,5131037.5,4419804.5,5283444.0,4826223.5,4388513.0,1350000.0,1791550.0,2973000.0,1632825.0,2800000.0,1950000.0,2106500.0,2404000.0,2100000.0,1750000.0,1329600.0,1480900.0,1100000.0,1311000.0,1314303.5,18478412.0,11987000.0,7584706.0,9548235.5,3499215.5,2236000.0,1456500.0,1739965.0,1970438.0,2388000.0,2318266.0,2597000.0,2848500.0,2555147.5,3055758.0,3415000.0,3574182.0,3440000.0,3492000.0,2782262.0,4388000.0,12585000.0,11300000.0,7584706.0,9481235.5,2824325.0,2236000.0,1400000.0,1524279.5,1848000.0,2250763.0,2318266.0,2597000.0,2848500.0,2516291.0,3055758.0,3525500.0,3505000.0,3500000.0,3500000.0,2782262.0,2457000.0
1.0,2279.37,4404000.0,3332960.0,3400000.0,3559760.0,3824840.0,3273000.0,3049000.0,2903040.0,2837160.0,2993760.0,2967000.0,2759000.0,2812320.0,3127000.0,3000000.0,3051520.0,3200000.0,3221563.0,3550000.0,3996900.0,3141000.0,4404000.0,3332960.0,3400000.0,3559760.0,3824840.0,3273000.0,3049000.0,2903040.0,2837160.0,2993760.0,2967000.0,2759000.0,2822000.0,3127000.0,3063000.0,3138000.0,3246000.0,3260023.0,3658967.0,4051500.0,3977500.0,12939.0,3999.0,1858.0,595.0,3325.0,19296.0,4.344,3.898,8372.0,24111.0,20847.0,23354.0,23374.0,22803.0,26185.0,30059.0,30122.0,23253.0,26576.0,26795.0,25004.0,7200000.0,5131037.5,4419804.5,5283444.0,4826223.5,4388513.0,91569.0,74445.0,33282.0,95026.0,81183.0,94483.0,93580.0,94520.0,109232.0,123367.0,125469.0,99567.0,118366.0,118576.0,121398.0,18478412.0,11987000.0,7584706.0,9548235.5,3499215.5,2236000.0,790940.0,680439.0,343606.0,932532.0,911539.0,1160476.0,1260656.0,1303552.0,1572728.0,1622829.0,1693951.0,1457406.0,1615855.0,1673066.0,1610504.0,12585000.0,11300000.0,7584706.0,9481235.5,2824325.0,2236000.0,823642.0,733638.0,406672.0,921116.0,906347.0,1163732.0,1254355.0,1267683.0,1568755.0,1641483.0,1700860.0,1467244.0,1592165.0,1669274.0,1640680.0
1.0,70.77,4404000.0,3332960.0,3400000.0,3559760.0,3824840.0,3273000.0,3049000.0,2903040.0,2837160.0,3258225.0,1946925.0,882039.0,2243705.0,2243705.0,1697885.0,553711.0,1048394.0,1086752.0,3550000.0,3996900.0,3141000.0,4404000.0,3332960.0,3400000.0,3559760.0,3824840.0,3273000.0,3049000.0,2903040.0,2837160.0,3258225.0,1946925.0,882039.0,2243705.0,2243705.0,1697885.0,553711.0,1048394.0,1086752.0,3658967.0,4051500.0,3977500.0,19719.5,3999.0,2751.0,2401.0,3325.0,4299.4555,1095.36,206.5555,105.29400000000001,86.254,85.5465,114.0915,99.67949999999999,99.135,104.4385,136.871,135.587,120.2985,115.492,77.706,5.096,7200000.0,5131037.5,4419804.5,5283444.0,4826223.5,4388513.0,1350000.0,1791550.0,2973000.0,1632825.0,2800000.0,1950000.0,2106500.0,2404000.0,2100000.0,1750000.0,1329600.0,1480900.0,1100000.0,1311000.0,1314303.5,18478412.0,11987000.0,7584706.0,9548235.5,3499215.5,2236000.0,1456500.0,1739965.0,1970438.0,2388000.0,2318266.0,2597000.0,2848500.0,2555147.5,3055758.0,3415000.0,3574182.0,3440000.0,3492000.0,2782262.0,2395000.0,12585000.0,11300000.0,7584706.0,9481235.5,2824325.0,2236000.0,1400000.0,1524279.5,1848000.0,2250763.0,2318266.0,2597000.0,2848500.0,2516291.0,3055758.0,3525500.0,3505000.0,3500000.0,3500000.0,2782262.0,1973000.0
1.0,1292.59,4404000.0,3332960.0,3400000.0,3559760.0,3824840.0,3273000.0,3049000.0,2903040.0,2837160.0,2993760.0,2967000.0,2759000.0,2812320.0,3127000.0,3000000.0,3051520.0,3200000.0,3221563.0,3550000.0,3996900.0,3141000.0,4404000.0,3332960.0,3400000.0,3559760.0,3824840.0,3273000.0,3049000.0,2903040.0,2837160.0,2993760.0,2967000.0,2759000.0,2822000.0,3127000.0,3063000.0,3138000.0,3246000.0,3260023.0,3658967.0,4051500.0,3977500.0,19719.5,3999.0,2751.0,2401.0,3325.0,4299.4555,1095.36,206.5555,105.29400000000001,86.254,85.5465,114.0915,99.67949999999999,99.135,104.4385,136.871,135.587,1.276,3.997,11.589,5.096,7200000.0,5131037.5,4419804.5,5283444.0,4826223.5,4388513.0,1350000.0,1791550.0,2973000.0,1632825.0,2800000.0,1950000.0,2106500.0,2404000.0,2100000.0,1750000.0,1329600.0,1480900.0,1100000.0,1311000.0,1314303.5,18478412.0,11987000.0,7584706.0,9548235.5,3499215.5,2236000.0,1456500.0,1739965.0,1970438.0,2388000.0,2318266.0,2597000.0,2848500.0,2555147.5,3055758.0,3415000.0,3574182.0,3313749.0,5296366.0,7400000.0,2395000.0,12585000.0,11300000.0,7584706.0,9481235.5,2824325.0,2236000.0,1400000.0,1524279.5,1848000.0,2250763.0,2318266.0,2597000.0,2848500.0,2516291.0,3055758.0,3525500.0,3505000.0,3149602.0,4940908.0,7400000.0,1973000.0
1.0,95.29,4404000.0,3332960.0,3400000.0,3559760.0,3824840.0,3273000.0,3049000.0,2903040.0,2837160.0,2993760.0,90720.0,272160.0,1814400.0,3356640.0,5715360.0,5080320.0,5987520.0,6168960.0,6168960.0,6713280.0,3141000.0,4404000.0,3332960.0,3400000.0,3559760.0,3824840.0,3273000.0,3049000.0,2903040.0,2837160.0,2993760.0,90720.0,272160.0,1814400.0,3356640.0,5715360.0,5080320.0,5987520.0,6168960.0,6168960.0,6713280.0,3977500.0,19719.5,3999.0,2751.0,2401.0,3325.0,4299.4555,1095.36,206.5555,105.29400000000001,86.254,85.5465,114.0915,99.67949999999999,99.135,104.4385,136.871,135.587,120.2985,115.492,77.706,5.096,7200000.0,5131037.5,4419804.5,5283444.0,4826223.5,4388513.0,1350000.0,1791550.0,2973000.0,1632825.0,2800000.0,1950000.0,2106500.0,2404000.0,2100000.0,1750000.0,1329600.0,1480900.0,1100000.0,1311000.0,1314303.5,18478412.0,11987000.0,7584706.0,9548235.5,3499215.5,2236000.0,1456500.0,1739965.0,1970438.0,2388000.0,2318266.0,2597000.0,2848500.0,2555147.5,3055758.0,3415000.0,3574182.0,3440000.0,3492000.0,2782262.0,2395000.0,12585000.0,11300000.0,7584706.0,9481235.5,2824325.0,2236000.0,1400000.0,1524279.5,1848000.0,2250763.0,2318266.0,2597000.0,2848500.0,2516291.0,3055758.0,3525500.0,3505000.0,3500000.0,3500000.0,2782262.0,1973000.0
1.0,95.29,4404000.0,3332960.0,3400000.0,3559760.0,3824840.0,3273000.0,3049000.0,2903040.0,2837160.0,2993760.0,816480.0,816480.0,637762.0,849139.0,1075032.0,610546.0,408240.0,191419.0,62597.0,3996900.0,3141000.0,4404000.0,3332960.0,3400000.0,3559760.0,3824840.0,3273000.0,3049000.0,2903040.0,2837160.0,2993760.0,816480.0,816480.0,637762.0,849139.0,1075032.0,610546.0,408240.0,191419.0,62597.0,4051500.0,3977500.0,19719.5,3999.0,2751.0,2401.0,3325.0,4299.4555,1095.36,206.5555,105.29400000000001,86.254,85.5465,114.0915,99.67949999999999,99.135,104.4385,136.871,135.587,120.2985,115.492,77.706,5.096,7200000.0,5131037.5,4419804.5,5283444.0,4826223.5,4388513.0,1350000.0,1791550.0,2973000.0,1632825.0,2800000.0,1950000.0,2106500.0,2404000.0,2100000.0,1750000.0,1329600.0,1480900.0,1100000.0,1311000.0,1314303.5,18478412.0,11987000.0,7584706.0,9548235.5,3499215.5,2236000.0,1456500.0,1739965.0,1970438.0,2388000.0,2318266.0,2597000.0,2848500.0,2555147.5,3055758.0,3415000.0,3574182.0,3440000.0,3492000.0,2782262.0,2395000.0,12585000.0,11300000.0,7584706.0,9481235.5,2824325.0,2236000.0,1400000.0,1524279.5,1848000.0,2250763.0,2318266.0,2597000.0,2848500.0,2516291.0,3055758.0,3525500.0,3505000.0,3500000.0,3500000.0,2782262.0,1973000.0
1.0,145.86,4404000.0,3332960.0,3400000.0,3559760.0,3824840.0,3273000.0,3049000.0,2903040.0,2837160.0,2993760.0,2967000.0,2759000.0,2812320.0,3127000.0,3000000.0,3051520.0,3200000.0,3221563.0,3550000.0,3996900.0,3141000.0,4404000.0,3332960.0,3400000.0,3559760.0,3824840.0,3273000.0,3049000.0,2903040.0,2837160.0,2993760.0,2967000.0,2759000.0,2822000.0,3127000.0,3063000.0,3138000.0,3246000.0,3260023.0,3658967.0,4051500.0,3977500.0,19719.5,3999.0,2751.0,2401.0,3325.0,4299.4555,1095.36,206.5555,105.29400000000001,86.254,85.5465,114.0915,99.67949999999999,99.135,104.4385,136.871,135.587,120.2985,115.492,77.706,5.096,7200000.0,5131037.5,4419804.5,5283444.0,4826223.5,4388513.0,1350000.0,1791550.0,2973000.0,1632825.0,2800000.0,1950000.0,2106500.0,2404000.0,2100000.0,1750000.0,1329600.0,1480900.0,1100000.0,1311000.0,1314303.5,18478412.0,11987000.0,7584706.0,9548235.5,3499215.5,2236000.0,1456500.0,1739965.0,1970438.0,2388000.0,2318266.0,2597000.0,2848500.0,2555147.5,3055758.0,3415000.0,3574182.0,3440000.0,3492000.0,2782262.0,2395000.0,12585000.0,11300000.0,7584706.0,9481235.5,2824325.0,2236000.0,1400000.0,1524279.5,1848000.0,2250763.0,2318266.0,2597000.0,2848500.0,2516291.0,3055758.0,3525500.0,3505000.0,3500000.0,3500000.0,2782262.0,1973000.0
1.0,145.86,4404000.0,3332960.0,3400000.0,3559760.0,3824840.0,3273000.0,3049000.0,2903040.0,2837160.0,2993760.0,2967000.0,2759000.0,2812320.0,3127000.0,3000000.0,3051520.0,3200000.0,3221563.0,3550000.0,3996900.0,3141000.0,4404000.0,3332960.0,3400000.0,3559760.0,3824840.0,3273000.0,3049000.0,2903040.0,2837160.0,2993760.0,2967000.0,2759000.0,2822000.0,3127000.0,3063000.0,3138000.0,3246000.0,3260023.0,3658967.0,4051500.0,3977500.0,19719.5,3999.0,2751.0,2401.0,3325.0,4299.4555,1095.36,0.034,0.037,0.046,0.054,0.056,0.07,0.064,0.07,0.071,0.076,0.076,0.072,0.066,5.096,7200000.0,5131037.5,4419804.5,5283444.0,4826223.5,4388513.0,1350000.0,1791550.0,2973000.0,1632825.0,2800000.0,1950000.0,2106500.0,2404000.0,160951.0,240411.0,283765.0,275189.0,229642.0,219566.0,1314303.5,18478412.0,11987000.0,7584706.0,9548235.5,3499215.5,2236000.0,1456500.0,2040000.0,2370000.0,2620000.0,2920000.0,2950000.0,3100000.0,3170000.0,3280000.0,3360000.0,3510000.0,3500000.0,3460000.0,3400000.0,2395000.0,12585000.0,11300000.0,7584706.0,9481235.5,2824325.0,2236000.0,1400000.0,2040000.0,2370000.0,2620000.0,2920000.0,2950000.0,3100000.0,3170000.0,3280000.0,3360000.0,3510000.0,3500000.0,3460000.0,3400000.0,1973000.0
1.0,64.58,4404000.0,3332960.0,3400000.0,3559760.0,3824840.0,3273000.0,3049000.0,2903040.0,2837160.0,2993760.0,2967000.0,2759000.0,2812320.0,3127000.0,3000000.0,3051520.0,3200000.0,3221563.0,3550000.0,3996900.0,333000.0,4404000.0,3332960.0,3400000.0,3559760.0,3824840.0,3273000.0,3049000.0,2903040.0,2837160.0,2993760.0,2967000.0,2759000.0,2822000.0,3127000.0,3063000.0,3138000.0,3246000.0,3260023.0,3658967.0,4051500.0,501000.0,19719.5,3999.0,2751.0,2401.0,3325.0,4299.4555,1095.36,206.5555,105.29400000000001,86.254,85.5465,114.0915,99.67949999999999,99.135,104.4385,136.871,135.587,120.2985,115.492,77.706,5.096,7200000.0,5131037.5,4419804.5,5283444.0,4826223.5,4388513.0,1350000.0,1791550.0,2973000.0,1632825.0,2800000.0,1950000.0,2106500.0,2404000.0,2100000.0,1750000.0,1329600.0,1480900.0,1100000.0,1311000.0,1314303.5,18478412.0,11987000.0,7584706.0,9548235.5,3499215.5,2236000.0,1456500.0,1739965.0,1970438.0,2388000.0,2318266.0,2597000.0,2848500.0,2555147.5,3055758.0,3415000.0,3574182.0,3440000.0,3492000.0,2782262.0,2395000.0,12585000.0,11300000.0,7584706.0,9481235.5,2824325.0,2236000.0,1400000.0,1524279.5,1848000.0,2250763.0,2318266.0,2597000.0,2848500.0,2516291.0,3055758.0,3525500.0,3505000.0,3500000.0,3500000.0,2782262.0,1973000.0
1.0,6.23,4404000.0,3332960.0,3400000.0,3559760.0,3824840.0,3273000.0,3049000.0,2903040.0,2837160.0,2993760.0,2967000.0,2759000.0,2812320.0,3127000.0,3000000.0,3051520.0,3200000.0,3221563.0,3550000.0,3996900.0,3141000.0,4404000.0,3332960.0,3400000.0,3559760.0,3824840.0,3273000.0,3049000.0,2903040.0,2837160.0,2993760.0,2967000.0,2759000.0,2822000.0,3127000.0,3063000.0,3138000.0,3246000.0,3260023.0,3658967.0,4051500.0,3977500.0,270.894,304.166,291.939,297.801,305.787,317.649,301.431,307.074,355.075,328.278,288.288,313.809,350.289,355.932,374.928,432.91,504.216,515.753,479.565,330.932,5.096,7200000.0,5131037.5,4419804.5,5283444.0,4826223.5,4388513.0,1350000.0,1791550.0,2973000.0,1632825.0,2800000.0,1950000.0,2106500.0,2404000.0,2100000.0,1750000.0,1329600.0,1480900.0,1100000.0,1311000.0,1314303.5,725775.0,743290.0,744690.0,747190.0,795036.0,813220.0,810280.0,850463.0,950430.0,1017117.0,1013395.0,1086124.0,1049302.0,1001102.0,1013633.0,1121474.0,1267752.0,1364478.0,1387775.0,1335018.0,2395000.0,725775.0,743290.0,744690.0,747190.0,795036.0,813220.0,810280.0,850463.0,950430.0,1017117.0,1013395.0,1086124.0,1049302.0,1001102.0,1013633.0,1121474.0,1267752.0,1364478.0,1387775.0,1335018.0,1973000.0
1.0,39.21,4404000.0,3332960.0,3400000.0,3559760.0,3824840.0,3273000.0,3049000.0,2903040.0,2837160.0,2993760.0,2967000.0,2759000.0,2812320.0,3127000.0,3000000.0,3051520.0,3200000.0,3221563.0,3550000.0,3996900.0,3141000.0,4404000.0,3332960.0,3400000.0,3559760.0,3824840.0,3273000.0,3049000.0,2903040.0,2837160.0,2993760.0,2967000.0,2759000.0,2822000.0,3127000.0,3063000.0,3138000.0,3246000.0,3260023.0,3658967.0,4051500.0,3977500.0,19719.5,3999.0,2751.0,2401.0,3325.0,4299.4555,1095.36,206.5555,105.29400000000001,86.254,85.5465,114.0915,99.67949999999999,99.135,104.4385,136.871,135.587,120.2985,115.492,77.706,5.096,7200000.0,4267397.0,4267397.0,1625675.0,4165793.0,4978630.0,4369002.0,5385049.0,5181840.0,1632825.0,2800000.0,1950000.0,2106500.0,5283444.0,4978630.0,3149746.0,1524070.0,4877026.0,5283444.0,5385049.0,1314303.5,18478412.0,11987000.0,7584706.0,9548235.5,3499215.5,2236000.0,1456500.0,1739965.0,1970438.0,2388000.0,2318266.0,2597000.0,2848500.0,2555147.5,3055758.0,3415000.0,3574182.0,3440000.0,3492000.0,2782262.0,2395000.0,12585000.0,11300000.0,7584706.0,9481235.5,2824325.0,2236000.0,1400000.0,1524279.5,1848000.0,2250763.0,2318266.0,2597000.0,2848500.0,2516291.0,3055758.0,3525500.0,3505000.0,3500000.0,3500000.0,2782262.0,1973000.0
1.0,43.21,4404000.0,993000.0,1617000.0,1871000.0,2236000.0,1573000.0,1880000.0,2077000.0,1130000.0,1300000.0,1300000.0,1400000.0,700000.0,1000000.0,700000.0,400000.0,800000.0,500000.0,600000.0,400000.0,400000.0,4404000.0,993000.0,1617000.0,1871000.0,2236000.0,1573000.0,1880000.0,2077000.0,1130000.0,1300000.0,1300000.0,1400000.0,700000.0,1000000.0,700000.0,400000.0,800000.0,500000.0,600000.0,400000.0,400000.0,19719.5,3999.0,2751.0,2401.0,3325.0,4299.4555,1095.36,206.5555,105.29400000000001,86.254,85.5465,114.0915,99.67949999999999,99.135,104.4385,136.871,135.587,120.2985,115.492,77.706,5.096,7200000.0,5131037.5,4419804.5,5283444.0,4826223.5,4388513.0,1350000.0,1791550.0,2973000.0,1632825.0,2800000.0,1950000.0,2106500.0,2404000.0,2100000.0,1750000.0,1329600.0,1480900.0,1100000.0,1311000.0,1314303.5,18478412.0,11987000.0,7584706.0,9548235.5,3499215.5,2236000.0,1456500.0,1739965.0,1970438.0,2388000.0,2318266.0,2597000.0,2848500.0,2555147.5,3055758.0,3415000.0,3574182.0,3440000.0,3492000.0,2782262.0,2395000.0,12585000.0,11300000.0,7584706.0,9481235.5,2824325.0,2236000.0,1400000.0,1524279.5,1848000.0,2250763.0,2318266.0,2597000.0,2848500.0,2516291.0,3055758.0,3525500.0,3505000.0,3500000.0,3500000.0,2782262.0,1973000.0
1.0,67.27,4404000.0,3332960.0,3400000.0,3559760.0,3824840.0,3273000.0,3049000.0,6453000.0,6167000.0,6033300.0,5936566.0,5416996.0,5889760.0,6168711.0,4904980.0,5675159.0,4146803.0,3280122.0,3374000.0,4671000.0,10261000.0,4404000.0,3332960.0,3400000.0,3559760.0,3824840.0,3273000.0,3049000.0,6453000.0,6167000.0,6033300.0,5936566.0,5416996.0,5889760.0,6168711.0,4904980.0,5675159.0,4146803.0,3280122.0,3374000.0,4671000.0,10261000.0,19719.5,3999.0,2751.0,2401.0,3325.0,4299.4555,1095.36,206.5555,105.29400000000001,86.254,85.5465,114.0915,99.67949999999999,99.135,104.4385,136.871,135.587,120.2985,115.492,77.706,5.096,7200000.0,5131037.5,4419804.5,5283444.0,4826223.5,4388513.0,1350000.0,1791550.0,2973000.0,1632825.0,2800000.0,1950000.0,2106500.0,2404000.0,2100000.0,1750000.0,1329600.0,1480900.0,1100000.0,1311000.0,1314303.5,18478412.0,11987000.0,7584706.0,9548235.5,3499215.5,2236000.0,1456500.0,1739965.0,1970438.0,2388000.0,2318266.0,2597000.0,2848500.0,2555147.5,3055758.0,3415000.0,3574182.0,3440000.0,3492000.0,2782262.0,2395000.0,12585000.0,11300000.0,7584706.0,9481235.5,2824325.0,2236000.0,1400000.0,1524279.5,1848000.0,2250763.0,2318266.0,2597000.0,2848500.0,2516291.0,3055758.0,3525500.0,3505000.0,3500000.0,3500000.0,2782262.0,1973000.0
1.0,33.2,1814400.0,2086560.0,1995840.0,1723680.0,1360800.0,1088640.0,272160.0,2903040.0,2837160.0,2993760.0,2967000.0,2759000.0,2812320.0,3127000.0,3000000.0,3051520.0,3200000.0,3221563.0,3550000.0,3996900.0,3141000.0,1814400.0,2086560.0,1995840.0,1723680.0,1360800.0,1088640.0,272160.0,2903040.0,2837160.0,2993760.0,2967000.0,2759000.0,2822000.0,3127000.0,3063000.0,3138000.0,3246000.0,3260023.0,3658967.0,4051500.0,3977500.0,19719.5,3999.0,2751.0,2401.0,3325.0,4299.4555,1095.36,206.5555,105.29400000000001,86.254,85.5465,114.0915,99.67949999999999,99.135,104.4385,136.871,135.587,120.2985,115.492,77.706,5.096,7200000.0,5131037.5,4419804.5,5283444.0,4826223.5,4388513.0,1350000.0,1791550.0,2973000.0,1632825.0,2800000.0,1950000.0,2106500.0,2404000.0,2100000.0,1750000.0,1329600.0,1480900.0,1100000.0,1311000.0,1314303.5,18478412.0,11987000.0,7584706.0,9548235.5,3499215.5,2236000.0,1456500.0,1739965.0,1970438.0,2388000.0,2318266.0,2597000.0,2848500.0,2555147.5,3055758.0,3415000.0,3574182.0,3440000.0,3492000.0,2782262.0,2395000.0,12585000.0,11300000.0,7584706.0,9481235.5,2824325.0,2236000.0,1400000.0,1524279.5,1848000.0,2250763.0,2318266.0,2597000.0,2848500.0,2516291.0,3055758.0,3525500.0,3505000.0,3500000.0,3500000.0,2782262.0,1973000.0
0.0,36.19,4404000.0,3332960.0,3400000.0,3559760.0,3824840.0,3273000.0,3049000.0,2903040.0,2837160.0,2993760.0,2967000.0,2759000.0,2812320.0,3127000.0,3000000.0,3051520.0,3200000.0,3221563.0,3550000.0,3996900.0,3141000.0,4404000.0,3332960.0,3400000.0,3559760.0,3824840.0,3273000.0,3049000.0,2903040.0,2837160.0,2993760.0,2967000.0,2759000.0,2822000.0,3127000.0,3063000.0,3138000.0,3246000.0,3260023.0,3658967.0,4051500.0,3977500.0,19719.5,3999.0,2751.0,2401.0,3325.0,4299.4555,1095.36,206.5555,105.29400000000001,86.254,85.5465,114.0915,99.67949999999999,99.135,104.4385,136.871,135.587,120.2985,115.492,77.706,5.096,5900000.0,4470607.0,4572212.0,5283444.0,3860979.0,4978630.0,4165793.0,4673816.0,4267397.0,1632825.0,2800000.0,1950000.0,2106500.0,2844932.0,304814.0,1750000.0,1329600.0,1480900.0,1100000.0,1311000.0,1314303.5,18478412.0,11987000.0,7584706.0,9548235.5,3499215.5,2236000.0,1456500.0,1739965.0,1970438.0,2388000.0,2318266.0,2597000.0,2848500.0,2555147.5,3055758.0,3415000.0,3574182.0,3440000.0,3492000.0,2782262.0,2395000.0,12585000.0,11300000.0,7584706.0,9481235.5,2824325.0,2236000.0,1400000.0,1524279.5,1848000.0,2250763.0,2318266.0,2597000.0,2848500.0,2516291.0,3055758.0,3525500.0,3505000.0,3500000.0,3500000.0,2782262.0,1973000.0
1.0,67.27,4404000.0,3332960.0,3400000.0,3559760.0,3824840.0,3273000.0,3049000.0,10000.0,770000.0,2890000.0,2600000.0,4300000.0,3800000.0,3200000.0,2100000.0,1800000.0,1100000.0,1100000.0,1100000.0,1500000.0,3141000.0,4404000.0,3332960.0,3400000.0,3559760.0,3824840.0,3273000.0,3049000.0,10000.0,770000.0,2890000.0,2600000.0,4300000.0,3800000.0,3200000.0,2100000.0,1800000.0,1100000.0,1100000.0,1100000.0,1500000.0,3977500.0,19719.5,3999.0,2751.0,2401.0,3325.0,4299.4555,1095.36,206.5555,105.29400000000001,86.254,85.5465,114.0915,99.67949999999999,99.135,104.4385,136.871,135.587,120.2985,115.492,77.706,5.096,7200000.0,5131037.5,4419804.5,5283444.0,4826223.5,4388513.0,1350000.0,1791550.0,2973000.0,1632825.0,2800000.0,1950000.0,2106500.0,2404000.0,2100000.0,1750000.0,1329600.0,1480900.0,1100000.0,1311000.0,1314303.5,18478412.0,11987000.0,7584706.0,9548235.5,3499215.5,2236000.0,1456500.0,1739965.0,1970438.0,2388000.0,2318266.0,2597000.0,2848500.0,2555147.5,3055758.0,3415000.0,3574182.0,3440000.0,3492000.0,2782262.0,2395000.0,12585000.0,11300000.0,7584706.0,9481235.5,2824325.0,2236000.0,1400000.0,1524279.5,1848000.0,2250763.0,2318266.0,2597000.0,2848500.0,2516291.0,3055758.0,3525500.0,3505000.0,3500000.0,3500000.0,2782262.0,1973000.0
1.0,672.01,4404000.0,3332960.0,3400000.0,3559760.0,3824840.0,3273000.0,3049000.0,2903040.0,2837160.0,2993760.0,2967000.0,2759000.0,2812320.0,3127000.0,3000000.0,3051520.0,3200000.0,3221563.0,3550000.0,3996900.0,3141000.0,4404000.0,3332960.0,3400000.0,3559760.0,3824840.0,3273000.0,3049000.0,2903040.0,2837160.0,2993760.0,2967000.0,2759000.0,2822000.0,3127000.0,3063000.0,3138000.0,3246000.0,3260023.0,3658967.0,4051500.0,3977500.0,19719.5,3999.0,2751.0,2401.0,3325.0,4299.4555,3.396,2.406,4.075,3.198,3.056,2.745,1.896,3.113,3.736,5.348,3.608,3.704,2.597,2.118,5.096,7200000.0,5131037.5,4419804.5,5283444.0,4826223.5,4388513.0,1350000.0,1791550.0,2973000.0,1632825.0,2800000.0,1950000.0,2106500.0,2404000.0,2100000.0,1750000.0,1329600.0,1480900.0,1100000.0,1311000.0,1314303.5,18478412.0,11987000.0,7584706.0,9548235.5,3499215.5,2236000.0,1456500.0,801058.0,877262.0,1274616.0,937138.0,322963.0,395539.0,689472.0,1010621.0,3415000.0,479000.0,474000.0,434000.0,433000.0,2395000.0,12585000.0,11300000.0,7584706.0,9481235.5,2824325.0,2236000.0,1400000.0,498960.0,967982.0,648648.0,932602.0,996106.0,408240.0,681307.0,1013342.0,3525500.0,489000.0,473000.0,429000.0,436000.0,1973000.0
1.0,107.05,4404000.0,3332960.0,3400000.0,3559760.0,3824840.0,3273000.0,3049000.0,2903040.0,2837160.0,2993760.0,2967000.0,2100000.0,4600000.0,4100000.0,4100000.0,1000000.0,3200000.0,3221563.0,3550000.0,3996900.0,3141000.0,4404000.0,3332960.0,3400000.0,3559760.0,3824840.0,3273000.0,3049000.0,2903040.0,2837160.0,2993760.0,2967000.0,2100000.0,4600000.0,4100000.0,4100000.0,1000000.0,3246000.0,3260023.0,3658967.0,4051500.0,3977500.0,19719.5,3999.0,2751.0,2401.0,3325.0,4299.4555,1095.36,206.5555,105.29400000000001,86.254,85.5465,114.0915,99.67949999999999,99.135,104.4385,136.871,135.587,120.2985,115.492,77.706,5.096,7200000.0,5131037.5,4419804.5,5283444.0,4826223.5,4388513.0,1350000.0,1791550.0,2973000.0,1632825.0,2800000.0,1950000.0,2106500.0,2404000.0,2100000.0,1750000.0,1329600.0,1480900.0,1100000.0,1311000.0,1314303.5,18478412.0,11987000.0,7584706.0,9548235.5,3499215.5,2236000.0,1456500.0,1739965.0,1970438.0,2388000.0,2318266.0,2597000.0,2848500.0,2555147.5,3055758.0,3415000.0,3574182.0,3440000.0,3492000.0,2782262.0,2395000.0,12585000.0,11300000.0,7584706.0,9481235.5,2824325.0,2236000.0,1400000.0,1524279.5,1848000.0,2250763.0,2318266.0,2597000.0,2848500.0,2516291.0,3055758.0,3525500.0,3505000.0,3500000.0,3500000.0,2782262.0,1973000.0
1.0,55.48,4404000.0,3332960.0,3400000.0,3559760.0,3824840.0,3273000.0,824000.0,1291000.0,784000.0,1107000.0,1280000.0,1722000.0,1343000.0,1547000.0,2310000.0,2309000.0,2150000.0,1635000.0,2091000.0,1647000.0,1413000.0,4404000.0,3332960.0,3400000.0,3559760.0,3824840.0,3273000.0,903000.0,1289000.0,774000.0,1123000.0,1283000.0,1809000.0,1274000.0,1677000.0,2356000.0,2242000.0,2110000.0,1809000.0,1960000.0,1682000.0,1401000.0,19719.5,3999.0,2751.0,2401.0,3325.0,4299.4555,1095.36,206.5555,105.29400000000001,86.254,85.5465,114.0915,99.67949999999999,99.135,104.4385,136.871,135.587,120.2985,115.492,77.706,5.096,7200000.0,5131037.5,4419804.5,5283444.0,4826223.5,4388513.0,1350000.0,1791550.0,2973000.0,1632825.0,2800000.0,1950000.0,2106500.0,2404000.0,2100000.0,1750000.0,1329600.0,1480900.0,1100000.0,1311000.0,1314303.5,18478412.0,11987000.0,7584706.0,9548235.5,3499215.5,2236000.0,1456500.0,1739965.0,1970438.0,2388000.0,2318266.0,2597000.0,2848500.0,2555147.5,3055758.0,3415000.0,3574182.0,3440000.0,3492000.0,2782262.0,2395000.0,12585000.0,11300000.0,7584706.0,9481235.5,2824325.0,2236000.0,1400000.0,1524279.5,1848000.0,2250763.0,2318266.0,2597000.0,2848500.0,2516291.0,3055758.0,3525500.0,3505000.0,3500000.0,3500000.0,2782262.0,1973000.0
0.0,55.48,4404000.0,3332960.0,3400000.0,3559760.0,3824840.0,3273000.0,780000.0,895000.0,751000.0,787000.0,802000.0,907000.0,97000.0,3127000.0,3000000.0,3051520.0,3200000.0,3221563.0,3550000.0,3996900.0,3141000.0,4404000.0,3332960.0,3400000.0,3559760.0,3824840.0,3273000.0,780000.0,895000.0,751000.0,787000.0,802000.0,907000.0,97000.0,3127000.0,3063000.0,3138000.0,3246000.0,3260023.0,3658967.0,4051500.0,3977500.0,19719.5,3999.0,2751.0,2401.0,3325.0,4299.4555,1095.36,206.5555,105.29400000000001,86.254,85.5465,114.0915,99.67949999999999,99.135,104.4385,136.871,135.587,120.2985,115.492,77.706,5.096,7200000.0,5131037.5,4419804.5,5283444.0,4826223.5,4388513.0,1350000.0,1791550.0,2973000.0,1632825.0,2800000.0,1950000.0,2106500.0,2404000.0,2100000.0,1750000.0,1329600.0,1480900.0,1100000.0,1311000.0,1314303.5,18478412.0,11987000.0,7584706.0,9548235.5,3499215.5,2236000.0,1456500.0,1739965.0,1970438.0,2388000.0,2318266.0,2597000.0,2848500.0,2555147.5,3055758.0,3415000.0,3574182.0,3440000.0,3492000.0,2782262.0,2395000.0,12585000.0,11300000.0,7584706.0,9481235.5,2824325.0,2236000.0,1400000.0,1524279.5,1848000.0,2250763.0,2318266.0,2597000.0,2848500.0,2516291.0,3055758.0,3525500.0,3505000.0,3500000.0,3500000.0,2782262.0,1973000.0
1.0,6410.56,4404000.0,3332960.0,3400000.0,3559760.0,3824840.0,3273000.0,3049000.0,2903040.0,2837160.0,2993760.0,2967000.0,2759000.0,2812320.0,3127000.0,3000000.0,3051520.0,3200000.0,3221563.0,3550000.0,3996900.0,3141000.0,4404000.0,3332960.0,3400000.0,3559760.0,3824840.0,3273000.0,3049000.0,2903040.0,2837160.0,2993760.0,2967000.0,2759000.0,2822000.0,3127000.0,3063000.0,3138000.0,3246000.0,3260023.0,3658967.0,4051500.0,3977500.0,19719.5,3999.0,2751.0,2401.0,3325.0,4299.4555,1095.36,206.5555,105.29400000000001,86.254,85.5465,114.0915,99.67949999999999,99.135,104.4385,136.871,135.587,120.2985,17071.0,16777.0,5.096,7200000.0,5131037.5,4419804.5,5283444.0,4826223.5,4388513.0,1350000.0,1791550.0,2973000.0,1632825.0,2800000.0,1950000.0,2106500.0,2404000.0,2100000.0,1750000.0,1329600.0,1480900.0,1100000.0,1311000.0,1314303.5,18478412.0,11987000.0,7584706.0,9548235.5,3499215.5,2236000.0,1456500.0,1739965.0,1970438.0,2388000.0,2318266.0,2597000.0,2848500.0,2555147.5,3055758.0,3415000.0,3574182.0,3440000.0,1587951.0,2782262.0,2395000.0,12585000.0,11300000.0,7584706.0,9481235.5,2824325.0,2236000.0,1400000.0,1524279.5,1848000.0,2250763.0,2318266.0,2597000.0,2848500.0,2516291.0,3055758.0,3525500.0,3505000.0,3500000.0,1715607.0,2782262.0,1973000.0
1.0,4194.84,4404000.0,3332960.0,3400000.0,3559760.0,3824840.0,3273000.0,3049000.0,2903040.0,2837160.0,2993760.0,2967000.0,2759000.0,2812320.0,3127000.0,3000000.0,3051520.0,3200000.0,3221563.0,3550000.0,3996900.0,3141000.0,4404000.0,3332960.0,3400000.0,3559760.0,3824840.0,3273000.0,3049000.0,2903040.0,2837160.0,2993760.0,2967000.0,2759000.0,2822000.0,3127000.0,3063000.0,3138000.0,3246000.0,3260023.0,3658967.0,4051500.0,3977500.0,19719.5,3999.0,2751.0,2401.0,3325.0,8746.0,14800.0,15339.0,6037.0,10089.0,1275.0,114.0915,99.67949999999999,99.135,104.4385,136.871,135.587,120.2985,115.492,77.706,5.096,7200000.0,5131037.5,4419804.5,5283444.0,4826223.5,4388513.0,1350000.0,1791550.0,2973000.0,1632825.0,2800000.0,1950000.0,2106500.0,2404000.0,2100000.0,1750000.0,1329600.0,1480900.0,1100000.0,1311000.0,1314303.5,18478412.0,11987000.0,7584706.0,9548235.5,3499215.5,2236000.0,1740594.0,2196680.0,1032329.0,2388000.0,2318266.0,2597000.0,2848500.0,2555147.5,3055758.0,3415000.0,3574182.0,3440000.0,3492000.0,2782262.0,2395000.0,12585000.0,11300000.0,7584706.0,9481235.5,2824325.0,2236000.0,1508176.0,1922201.0,733262.0,2250763.0,2318266.0,2597000.0,2848500.0,2516291.0,3055758.0,3525500.0,3505000.0,3500000.0,3500000.0,2782262.0,1973000.0
0.0,67.27,4404000.0,3332960.0,3400000.0,3559760.0,3824840.0,3273000.0,3049000.0,300000.0,1000000.0,900000.0,200000.0,2759000.0,2812320.0,3127000.0,3000000.0,3051520.0,3200000.0,3221563.0,3550000.0,3996900.0,3141000.0,4404000.0,3332960.0,3400000.0,3559760.0,3824840.0,3273000.0,3049000.0,300000.0,1000000.0,900000.0,200000.0,2759000.0,2822000.0,3127000.0,3063000.0,3138000.0,3246000.0,3260023.0,3658967.0,4051500.0,3977500.0,19719.5,3999.0,2751.0,2401.0,3325.0,4299.4555,1095.36,206.5555,105.29400000000001,86.254,85.5465,114.0915,99.67949999999999,99.135,104.4385,136.871,135.587,120.2985,115.492,77.706,5.096,7200000.0,5131037.5,4419804.5,5283444.0,4826223.5,4388513.0,1350000.0,1791550.0,2973000.0,1632825.0,2800000.0,1950000.0,2106500.0,2404000.0,2100000.0,1750000.0,1329600.0,1480900.0,1100000.0,1311000.0,1314303.5,18478412.0,11987000.0,7584706.0,9548235.5,3499215.5,2236000.0,1456500.0,1739965.0,1970438.0,2388000.0,2318266.0,2597000.0,2848500.0,2555147.5,3055758.0,3415000.0,3574182.0,3440000.0,3492000.0,2782262.0,2395000.0,12585000.0,11300000.0,7584706.0,9481235.5,2824325.0,2236000.0,1400000.0,1524279.5,1848000.0,2250763.0,2318266.0,2597000.0,2848500.0,2516291.0,3055758.0,3525500.0,3505000.0,3500000.0,3500000.0,2782262.0,1973000.0
1.0,55.48,4404000.0,3332960.0,3400000.0,3559760.0,3824840.0,3273000.0,272160.0,4626720.0,6804000.0,7620480.0,8709120.0,9888480.0,11067840.0,12065760.0,13063680.0,10886400.0,12700800.0,12156480.0,12791520.0,12791520.0,3141000.0,4404000.0,3332960.0,3400000.0,3559760.0,3824840.0,3273000.0,272160.0,4626720.0,6804000.0,7620480.0,8709120.0,9888480.0,11067840.0,12065760.0,13063680.0,10886400.0,12700800.0,12156480.0,12791520.0,12791520.0,3977500.0,19719.5,3999.0,2751.0,2401.0,3325.0,4299.4555,1095.36,206.5555,105.29400000000001,86.254,85.5465,114.0915,99.67949999999999,99.135,104.4385,136.871,135.587,120.2985,115.492,77.706,5.096,7200000.0,5131037.5,4419804.5,5283444.0,4826223.5,4388513.0,1350000.0,1791550.0,2973000.0,1632825.0,2800000.0,1950000.0,2106500.0,2404000.0,2100000.0,1750000.0,1329600.0,1480900.0,1100000.0,1311000.0,1314303.5,18478412.0,11987000.0,7584706.0,9548235.5,3499215.5,2236000.0,1456500.0,1739965.0,1970438.0,2388000.0,2318266.0,2597000.0,2848500.0,2555147.5,3055758.0,3415000.0,3574182.0,3440000.0,3492000.0,2782262.0,2395000.0,12585000.0,11300000.0,7584706.0,9481235.5,2824325.0,2236000.0,1400000.0,1524279.5,1848000.0,2250763.0,2318266.0,2597000.0,2848500.0,2516291.0,3055758.0,3525500.0,3505000.0,3500000.0,3500000.0,2782262.0,1973000.0
1.0,68.48,4404000.0,3332960.0,3400000.0,3559760.0,3824840.0,3273000.0,3049000.0,2903040.0,2837160.0,2993760.0,2967000.0,2759000.0,2812320.0,3127000.0,3000000.0,3051520.0,3200000.0,3221563.0,3550000.0,3996900.0,3141000.0,4404000.0,3332960.0,3400000.0,3559760.0,3824840.0,3273000.0,3049000.0,2903040.0,2837160.0,2993760.0,2967000.0,2759000.0,2822000.0,3127000.0,3063000.0,3138000.0,3246000.0,3260023.0,3658967.0,4051500.0,3977500.0,19719.5,3999.0,2751.0,2401.0,3325.0,4299.4555,1095.36,206.5555,105.29400000000001,86.254,85.5465,114.0915,99.67949999999999,99.135,104.4385,136.871,135.587,120.2985,115.492,77.706,5.096,7200000.0,5131037.5,4419804.5,5283444.0,4826223.5,4388513.0,1350000.0,1791550.0,2973000.0,1632825.0,2800000.0,1950000.0,2106500.0,2404000.0,2100000.0,1750000.0,1329600.0,1480900.0,1210000.0,1381000.0,1314303.5,18478412.0,11987000.0,7584706.0,9548235.5,3499215.5,2236000.0,1456500.0,1739965.0,1970438.0,2388000.0,2318266.0,2597000.0,2848500.0,2555147.5,3055758.0,3415000.0,3574182.0,3440000.0,3492000.0,2782262.0,2395000.0,12585000.0,11300000.0,7584706.0,9481235.5,2824325.0,2236000.0,1400000.0,1524279.5,1848000.0,2250763.0,2318266.0,2597000.0,2848500.0,2516291.0,3055758.0,3525500.0,3505000.0,3500000.0,3500000.0,2782262.0,1973000.0
1.0,36.19,4404000.0,3332960.0,3400000.0,3559760.0,3824840.0,3273000.0,3049000.0,2903040.0,2837160.0,2993760.0,2967000.0,2759000.0,2812320.0,3127000.0,3000000.0,3051520.0,3200000.0,3221563.0,3550000.0,3996900.0,3141000.0,4404000.0,3332960.0,3400000.0,3559760.0,3824840.0,3273000.0,3049000.0,2903040.0,2837160.0,2993760.0,2967000.0,2759000.0,2822000.0,3127000.0,3063000.0,3138000.0,3246000.0,3260023.0,3658967.0,4051500.0,3977500.0,19719.5,3999.0,2751.0,2401.0,3325.0,4299.4555,1095.36,206.5555,105.29400000000001,86.254,85.5465,114.0915,99.67949999999999,99.135,104.4385,136.871,135.587,120.2985,115.492,77.706,5.096,7200000.0,5131037.5,4419804.5,5283444.0,4826223.5,4388513.0,1350000.0,1791550.0,2973000.0,1632825.0,2800000.0,1950000.0,2106500.0,2404000.0,2100000.0,1750000.0,1329600.0,1480900.0,1100000.0,1311000.0,1314303.5,26609412.0,30762353.0,32065882.0,37397647.0,40187059.0,41954118.0,40230588.0,41821176.0,47383529.0,44491765.0,48701176.0,42894118.0,62983529.0,70651765.0,80609412.0,80648235.0,79264706.0,76888235.0,75350588.0,76702353.0,2395000.0,26609412.0,30762353.0,32065882.0,37397647.0,40187059.0,41954118.0,40230588.0,41821176.0,47383529.0,44491765.0,48701176.0,42894118.0,62983529.0,70651765.0,80609412.0,80648235.0,79264706.0,76888235.0,75350588.0,76702353.0,1973000.0
1.0,75.08,4404000.0,3332960.0,3400000.0,3559760.0,3824840.0,3273000.0,3049000.0,2903040.0,2837160.0,2993760.0,2967000.0,2759000.0,2812320.0,1100000.0,1000000.0,1600000.0,3200000.0,3221563.0,3550000.0,3996900.0,3141000.0,4404000.0,3332960.0,3400000.0,3559760.0,3824840.0,3273000.0,3049000.0,2903040.0,2837160.0,2993760.0,2967000.0,2759000.0,2822000.0,1100000.0,1000000.0,1600000.0,3246000.0,3260023.0,3658967.0,4051500.0,3977500.0,19719.5,3999.0,2751.0,2401.0,3325.0,4299.4555,1095.36,206.5555,105.29400000000001,86.254,85.5465,114.0915,99.67949999999999,99.135,104.4385,136.871,135.587,120.2985,115.492,77.706,5.096,7200000.0,5131037.5,4419804.5,5283444.0,4826223.5,4388513.0,1350000.0,1791550.0,2973000.0,1632825.0,2800000.0,1950000.0,2106500.0,2404000.0,2100000.0,1750000.0,1329600.0,1480900.0,1100000.0,1311000.0,1314303.5,18478412.0,11987000.0,7584706.0,9548235.5,3499215.5,2236000.0,1456500.0,1739965.0,1970438.0,2388000.0,2318266.0,2597000.0,2848500.0,2555147.5,3055758.0,3415000.0,3574182.0,3440000.0,3492000.0,2782262.0,2395000.0,12585000.0,11300000.0,7584706.0,9481235.5,2824325.0,2236000.0,1400000.0,1524279.5,1848000.0,2250763.0,2318266.0,2597000.0,2848500.0,2516291.0,3055758.0,3525500.0,3505000.0,3500000.0,3500000.0,2782262.0,1973000.0
1.0,70.77,4404000.0,3332960.0,3400000.0,3559760.0,3824840.0,3273000.0,3049000.0,2903040.0,2837160.0,40000.0,1600000.0,3000000.0,2700000.0,2900000.0,3000000.0,3200000.0,3233000.0,2368000.0,3247000.0,2725000.0,3282000.0,4404000.0,3332960.0,3400000.0,3559760.0,3824840.0,3273000.0,3049000.0,2903040.0,2837160.0,40000.0,1600000.0,3000000.0,2700000.0,2900000.0,3000000.0,3200000.0,3246000.0,2397000.0,3267000.0,2725000.0,3282000.0,19719.5,3999.0,2751.0,2401.0,3325.0,4299.4555,1095.36,206.5555,105.29400000000001,86.254,85.5465,114.0915,99.67949999999999,99.135,104.4385,136.871,135.587,120.2985,115.492,77.706,5.096,7200000.0,5131037.5,4419804.5,5283444.0,4826223.5,4388513.0,1350000.0,1791550.0,2973000.0,1632825.0,2800000.0,1950000.0,2106500.0,2404000.0,2100000.0,1750000.0,1329600.0,1480900.0,1100000.0,1311000.0,1314303.5,18478412.0,11987000.0,7584706.0,9548235.5,3499215.5,2236000.0,1456500.0,1739965.0,1970438.0,2388000.0,2318266.0,2597000.0,2848500.0,2555147.5,3055758.0,3415000.0,3574182.0,3440000.0,3492000.0,2782262.0,2395000.0,12585000.0,11300000.0,7584706.0,9481235.5,2824325.0,2236000.0,1400000.0,1524279.5,1848000.0,2250763.0,2318266.0,2597000.0,2848500.0,2516291.0,3055758.0,3525500.0,3505000.0,3500000.0,3500000.0,2782262.0,1973000.0
1.0,1156.66,4404000.0,3332960.0,3400000.0,3559760.0,3824840.0,3273000.0,3049000.0,2903040.0,2837160.0,2993760.0,2967000.0,2759000.0,2812320.0,3127000.0,3000000.0,3051520.0,3200000.0,3221563.0,3550000.0,3996900.0,3141000.0,4404000.0,3332960.0,3400000.0,3559760.0,3824840.0,3273000.0,3049000.0,2903040.0,2837160.0,2993760.0,2967000.0,2759000.0,2822000.0,3127000.0,3063000.0,3138000.0,3246000.0,3260023.0,3658967.0,4051500.0,3977500.0,19719.5,42.411,44.055,52.191,57.684,52.81,49.834,49.697,47.956,52.667,540.0,1768.0,3059.0,3460.0,3464.0,2044.0,1906.0,977.0,1386.0,2906.0,5.096,7200000.0,5131037.5,4419804.5,5283444.0,4826223.5,4388513.0,1350000.0,1791550.0,2973000.0,1632825.0,2800000.0,1950000.0,2106500.0,2404000.0,2100000.0,1750000.0,1329600.0,1480900.0,1100000.0,1311000.0,1314303.5,18478412.0,11987000.0,7584706.0,9548235.5,732812.0,803883.0,787889.0,860240.0,900387.0,990655.0,33640.0,103349.0,157000.0,214000.0,167000.0,137000.0,107000.0,92000.0,97000.0,182000.0,2395000.0,12585000.0,11300000.0,7584706.0,9481235.5,732812.0,803883.0,787003.0,875556.0,895024.0,1028234.0,27296.0,109666.0,145000.0,222000.0,167000.0,139000.0,107000.0,76000.0,111000.0,178000.0,1973000.0
